14:52:40.776  INFO    === watchdog.py — LIVE bus ===
14:52:40.784  INFO    listening on /tmp/motorwatchdog.sock
14:52:41.785  DEBUG   [poll]    -> read  st2mot    
14:52:41.789  DEBUG   [poll]    <- read  st2mot     ret=0  data=['0x00', '0x00']
14:52:41.789  DEBUG   [poll]    -> read  st0cur    
14:52:41.794  DEBUG   [poll]    <- read  st0cur     ret=0  data=['0x01', '0x02', '0x01', '0x02']
14:52:42.795  DEBUG   [poll]    -> read  st2mot    
14:52:42.799  DEBUG   [poll]    <- read  st2mot     ret=0  data=['0x00', '0x00']
14:52:42.799  DEBUG   [poll]    -> read  st0cur    
14:52:42.804  DEBUG   [poll]    <- read  st0cur     ret=0  data=['0x01', '0x02', '0x00', '0x02']
14:52:43.805  DEBUG   [poll]    -> read  st2mot    
14:52:43.809  DEBUG   [poll]    <- read  st2mot     ret=0  data=['0x00', '0x00']
14:52:43.809  DEBUG   [poll]    -> read  st0cur    
14:52:43.814  DEBUG   [poll]    <- read  st0cur     ret=0  data=['0x01', '0x02', '0x01', '0x02']
14:52:44.815  DEBUG   [poll]    -> read  st2mot    
14:52:44.819  DEBUG   [poll]    <- read  st2mot     ret=0  data=['0x00', '0x00']
14:52:44.819  DEBUG   [poll]    -> read  st0cur    
14:52:44.823  DEBUG   [poll]    <- read  st0cur     ret=0  data=['0x00', '0x02', '0x00', '0x02']
14:52:45.825  DEBUG   [poll]    -> read  st2mot    
14:52:45.834  DEBUG   [poll]    <- read  st2mot     ret=0  data=['0x00', '0x00']
14:52:45.834  DEBUG   [poll]    -> read  st0cur    
14:52:45.838  DEBUG   [poll]    <- read  st0cur     ret=0  data=['0x01', '0x02', '0x00', '0x02']
14:52:46.840  DEBUG   [poll]    -> read  st2mot    
14:52:46.843  DEBUG   [poll]    <- read  st2mot     ret=0  data=['0x00', '0x00']
14:52:46.844  DEBUG   [poll]    -> read  st0cur    
14:52:46.848  DEBUG   [poll]    <- read  st0cur     ret=0  data=['0x01', '0x02', '0x01', '0x02']
14:52:47.850  DEBUG   [poll]    -> read  st2mot    
14:52:47.853  DEBUG   [poll]    <- read  st2mot     ret=0  data=['0x00', '0x00']
14:52:47.853  DEBUG   [poll]    -> read  st0cur    
14:52:47.858  DEBUG   [poll]    <- read  st0cur     ret=0  data=['0x01', '0x02', '0x00', '0x02']
14:52:48.859  DEBUG   [poll]    -> read  st2mot    
14:52:48.862  DEBUG   [poll]    <- read  st2mot     ret=0  data=['0x00', '0x00']
14:52:48.863  DEBUG   [poll]    -> read  st0cur    
14:52:48.867  DEBUG   [poll]    <- read  st0cur     ret=0  data=['0x02', '0x02', '0x01', '0x02']
14:52:49.869  DEBUG   [poll]    -> read  st2mot    
14:52:49.872  DEBUG   [poll]    <- read  st2mot     ret=0  data=['0x00', '0x00']
14:52:49.872  DEBUG   [poll]    -> read  st0cur    
14:52:49.877  DEBUG   [poll]    <- read  st0cur     ret=0  data=['0x01', '0x02', '0x01', '0x02']
14:52:50.878  DEBUG   [poll]    -> read  st2mot    
14:52:50.885  DEBUG   [poll]    <- read  st2mot     ret=0  data=['0x00', '0x00']
14:52:50.886  DEBUG   [poll]    -> read  st0cur    
14:52:50.890  DEBUG   [poll]    <- read  st0cur     ret=0  data=['0x01', '0x02', '0x01', '0x02']
14:52:51.891  DEBUG   [poll]    -> read  st2mot    
14:52:51.895  DEBUG   [poll]    <- read  st2mot     ret=0  data=['0x00', '0x00']
14:52:51.895  DEBUG   [poll]    -> read  st0cur    
14:52:51.899  DEBUG   [poll]    <- read  st0cur     ret=0  data=['0x01', '0x02', '0x00', '0x02']
14:52:52.901  DEBUG   [poll]    -> read  st2mot    
14:52:52.904  DEBUG   [poll]    <- read  st2mot     ret=0  data=['0x00', '0x00']
14:52:52.905  DEBUG   [poll]    -> read  st0cur    
14:52:52.909  DEBUG   [poll]    <- read  st0cur     ret=0  data=['0x01', '0x02', '0x00', '0x02']
14:52:53.190  INFO    client connected
14:52:53.191  DEBUG   [client]  -> write cntl3mot   data=['0x00', '0x00']
14:52:53.195  DEBUG   [client]  -> write cntl3mot   data=['0x03', '0xe8']
14:52:53.198  DEBUG   [client]  -> read  st2mot    
14:52:53.201  DEBUG   [client]  <- read  st2mot     ret=0  data=['0x00', '0x00']
14:52:53.202  DEBUG   [client]  -> read  st0cur    
14:52:53.206  DEBUG   [client]  <- read  st0cur     ret=0  data=['0x01', '0x02', '0x00', '0x02']
14:52:53.399  DEBUG   [client]  -> read  st2mot    
14:52:53.402  DEBUG   [client]  <- read  st2mot     ret=0  data=['0xaf', '0x00']
14:52:53.599  DEBUG   [client]  -> read  st2mot    
14:52:53.602  DEBUG   [client]  <- read  st2mot     ret=0  data=['0x52', '0x03']
14:52:53.799  DEBUG   [client]  -> read  st2mot    
14:52:53.802  DEBUG   [client]  <- read  st2mot     ret=0  data=['0xa3', '0x02']
14:52:53.910  DEBUG   [poll]    -> read  st2mot    
14:52:53.914  DEBUG   [poll]    <- read  st2mot     ret=0  data=['0x39', '0x03']
14:52:53.914  DEBUG   [poll]    -> read  st0cur    
14:52:53.918  DEBUG   [poll]    <- read  st0cur     ret=0  data=['0xfc', '0x01', '0xfd', '0x01']
14:52:53.999  DEBUG   [client]  -> read  st2mot    
14:52:54.002  DEBUG   [client]  <- read  st2mot     ret=0  data=['0xb6', '0x03']
14:52:54.199  DEBUG   [client]  -> read  st2mot    
14:52:54.202  DEBUG   [client]  <- read  st2mot     ret=0  data=['0x84', '0x03']
14:52:54.204  DEBUG   [client]  -> read  st0cur    
14:52:54.208  DEBUG   [client]  <- read  st0cur     ret=0  data=['0xfc', '0x01', '0xfd', '0x01']
14:52:54.399  DEBUG   [client]  -> read  st2mot    
14:52:54.402  DEBUG   [client]  <- read  st2mot     ret=0  data=['0xb6', '0x03']
14:52:54.599  DEBUG   [client]  -> read  st2mot    
14:52:54.603  DEBUG   [client]  <- read  st2mot     ret=0  data=['0xcf', '0x03']
14:52:54.799  DEBUG   [client]  -> read  st2mot    
14:52:54.803  DEBUG   [client]  <- read  st2mot     ret=0  data=['0xcf', '0x03']
14:52:54.920  DEBUG   [poll]    -> read  st2mot    
14:52:54.923  DEBUG   [poll]    <- read  st2mot     ret=0  data=['0xcf', '0x03']
14:52:54.924  DEBUG   [poll]    -> read  st0cur    
14:52:54.928  DEBUG   [poll]    <- read  st0cur     ret=0  data=['0xf5', '0x01', '0xf6', '0x01']
14:52:54.999  DEBUG   [client]  -> read  st2mot    
14:52:55.002  DEBUG   [client]  <- read  st2mot     ret=0  data=['0xcf', '0x03']
14:52:55.199  DEBUG   [client]  -> read  st2mot    
14:52:55.203  DEBUG   [client]  <- read  st2mot     ret=0  data=['0xcf', '0x03']
14:52:55.204  DEBUG   [client]  -> read  st0cur    
14:52:55.209  DEBUG   [client]  <- read  st0cur     ret=0  data=['0xf5', '0x01', '0xf6', '0x01']
14:52:55.399  DEBUG   [client]  -> read  st2mot    
14:52:55.403  DEBUG   [client]  <- read  st2mot     ret=0  data=['0xe8', '0x03']
14:52:55.599  DEBUG   [client]  -> read  st2mot    
14:52:55.602  DEBUG   [client]  <- read  st2mot     ret=0  data=['0xe8', '0x03']
14:52:55.799  DEBUG   [client]  -> read  st2mot    
14:52:55.802  DEBUG   [client]  <- read  st2mot     ret=0  data=['0xe8', '0x03']
14:52:55.929  DEBUG   [poll]    -> read  st2mot    
14:52:55.933  DEBUG   [poll]    <- read  st2mot     ret=0  data=['0xe8', '0x03']
14:52:55.935  DEBUG   [poll]    -> read  st0cur    
14:52:55.939  DEBUG   [poll]    <- read  st0cur     ret=0  data=['0xf6', '0x01', '0xf6', '0x01']
14:52:55.999  DEBUG   [client]  -> read  st2mot    
14:52:56.002  DEBUG   [client]  <- read  st2mot     ret=0  data=['0xe8', '0x03']
14:52:56.199  DEBUG   [client]  -> read  st2mot    
14:52:56.203  DEBUG   [client]  <- read  st2mot     ret=0  data=['0xe8', '0x03']
14:52:56.204  DEBUG   [client]  -> read  st0cur    
14:52:56.209  DEBUG   [client]  <- read  st0cur     ret=0  data=['0xf6', '0x01', '0xf6', '0x01']
14:52:56.399  DEBUG   [client]  -> read  st2mot    
14:52:56.403  DEBUG   [client]  <- read  st2mot     ret=0  data=['0xe8', '0x03']
14:52:56.599  DEBUG   [client]  -> read  st2mot    
14:52:56.603  DEBUG   [client]  <- read  st2mot     ret=0  data=['0xe8', '0x03']
14:52:56.799  DEBUG   [client]  -> read  st2mot    
14:52:56.803  DEBUG   [client]  <- read  st2mot     ret=0  data=['0xe8', '0x03']
14:52:56.941  DEBUG   [poll]    -> read  st2mot    
14:52:56.944  DEBUG   [poll]    <- read  st2mot     ret=0  data=['0xe8', '0x03']
14:52:56.945  DEBUG   [poll]    -> read  st0cur    
14:52:56.949  DEBUG   [poll]    <- read  st0cur     ret=0  data=['0xf6', '0x01', '0xf7', '0x01']
14:52:56.999  DEBUG   [client]  -> read  st2mot    
14:52:57.002  DEBUG   [client]  <- read  st2mot     ret=0  data=['0xe8', '0x03']
14:52:57.199  DEBUG   [client]  -> read  st2mot    
14:52:57.202  DEBUG   [client]  <- read  st2mot     ret=0  data=['0x01', '0x04']
14:52:57.204  DEBUG   [client]  -> read  st0cur    
14:52:57.209  DEBUG   [client]  <- read  st0cur     ret=0  data=['0xf6', '0x01', '0xf7', '0x01']
14:52:57.399  DEBUG   [client]  -> read  st2mot    
14:52:57.402  DEBUG   [client]  <- read  st2mot     ret=0  data=['0xcf', '0x03']
14:52:57.599  DEBUG   [client]  -> read  st2mot    
14:52:57.602  DEBUG   [client]  <- read  st2mot     ret=0  data=['0xe8', '0x03']
14:52:57.799  DEBUG   [client]  -> read  st2mot    
14:52:57.802  DEBUG   [client]  <- read  st2mot     ret=0  data=['0xe8', '0x03']
14:52:57.950  DEBUG   [poll]    -> read  st2mot    
14:52:57.954  DEBUG   [poll]    <- read  st2mot     ret=0  data=['0xe8', '0x03']
14:52:57.954  DEBUG   [poll]    -> read  st0cur    
14:52:57.958  DEBUG   [poll]    <- read  st0cur     ret=0  data=['0xf6', '0x01', '0xf5', '0x01']
14:52:57.999  DEBUG   [client]  -> read  st2mot    
14:52:58.002  DEBUG   [client]  <- read  st2mot     ret=0  data=['0xe8', '0x03']
14:52:58.199  DEBUG   [client]  -> read  st2mot    
14:52:58.203  DEBUG   [client]  <- read  st2mot     ret=0  data=['0x01', '0x04']
14:52:58.204  DEBUG   [client]  -> read  st0cur    
14:52:58.209  DEBUG   [client]  <- read  st0cur     ret=0  data=['0xf6', '0x01', '0xf5', '0x01']
14:52:58.399  DEBUG   [client]  -> read  st2mot    
14:52:58.403  DEBUG   [client]  <- read  st2mot     ret=0  data=['0xcf', '0x03']
14:52:58.599  DEBUG   [client]  -> read  st2mot    
14:52:58.603  DEBUG   [client]  <- read  st2mot     ret=0  data=['0xe8', '0x03']
14:52:58.799  DEBUG   [client]  -> read  st2mot    
14:52:58.803  DEBUG   [client]  <- read  st2mot     ret=0  data=['0x01', '0x04']
14:52:58.960  DEBUG   [poll]    -> read  st2mot    
14:52:58.963  DEBUG   [poll]    <- read  st2mot     ret=0  data=['0x01', '0x04']
14:52:58.964  DEBUG   [poll]    -> read  st0cur    
14:52:58.968  DEBUG   [poll]    <- read  st0cur     ret=0  data=['0xf7', '0x01', '0xf6', '0x01']
14:52:58.999  DEBUG   [client]  -> read  st2mot    
14:52:59.002  DEBUG   [client]  <- read  st2mot     ret=0  data=['0xe8', '0x03']
14:52:59.199  DEBUG   [client]  -> read  st2mot    
14:52:59.202  DEBUG   [client]  <- read  st2mot     ret=0  data=['0xe8', '0x03']
14:52:59.204  DEBUG   [client]  -> read  st0cur    
14:52:59.209  DEBUG   [client]  <- read  st0cur     ret=0  data=['0xf7', '0x01', '0xf6', '0x01']
14:52:59.399  DEBUG   [client]  -> read  st2mot    
14:52:59.402  DEBUG   [client]  <- read  st2mot     ret=0  data=['0xcf', '0x03']
14:52:59.599  DEBUG   [client]  -> read  st2mot    
14:52:59.602  DEBUG   [client]  <- read  st2mot     ret=0  data=['0x01', '0x04']
14:52:59.799  DEBUG   [client]  -> read  st2mot    
14:52:59.802  DEBUG   [client]  <- read  st2mot     ret=0  data=['0xcf', '0x03']
14:52:59.969  DEBUG   [poll]    -> read  st2mot    
14:52:59.973  DEBUG   [poll]    <- read  st2mot     ret=0  data=['0xcf', '0x03']
14:52:59.973  DEBUG   [poll]    -> read  st0cur    
14:52:59.977  DEBUG   [poll]    <- read  st0cur     ret=0  data=['0xf7', '0x01', '0xf3', '0x01']
14:52:59.999  DEBUG   [client]  -> read  st2mot    
14:53:00.002  DEBUG   [client]  <- read  st2mot     ret=0  data=['0x01', '0x04']
14:53:00.004  DEBUG   [client]  -> write cntl3mot   data=['0x00', '0x00']
14:53:00.008  WARNING client disconnected — stopping motor
14:53:00.009  DEBUG   [client]  -> write cntl3mot   data=['0x00', '0x00']
14:53:00.013  INFO    client disconnected
14:53:00.979  DEBUG   [poll]    -> read  st2mot    
14:53:00.986  DEBUG   [poll]    <- read  st2mot     ret=0  data=['0x00', '0x00']
14:53:00.986  DEBUG   [poll]    -> read  st0cur    
14:53:00.991  DEBUG   [poll]    <- read  st0cur     ret=0  data=['0xfe', '0x01', '0xfd', '0x01']
14:53:01.992  DEBUG   [poll]    -> read  st2mot    
14:53:01.996  DEBUG   [poll]    <- read  st2mot     ret=0  data=['0x00', '0x00']
14:53:01.996  DEBUG   [poll]    -> read  st0cur    
14:53:02.000  DEBUG   [poll]    <- read  st0cur     ret=0  data=['0x01', '0x02', '0x00', '0x02']
14:53:03.002  DEBUG   [poll]    -> read  st2mot    
14:53:03.005  DEBUG   [poll]    <- read  st2mot     ret=0  data=['0x00', '0x00']
14:53:03.006  DEBUG   [poll]    -> read  st0cur    
14:53:03.010  DEBUG   [poll]    <- read  st0cur     ret=0  data=['0x01', '0x02', '0x00', '0x02']
14:53:04.012  DEBUG   [poll]    -> read  st2mot    
14:53:04.015  DEBUG   [poll]    <- read  st2mot     ret=0  data=['0x00', '0x00']
14:53:04.015  DEBUG   [poll]    -> read  st0cur    
14:53:04.020  DEBUG   [poll]    <- read  st0cur     ret=0  data=['0x01', '0x02', '0x01', '0x02']
14:53:05.021  DEBUG   [poll]    -> read  st2mot    
14:53:05.025  DEBUG   [poll]    <- read  st2mot     ret=0  data=['0x00', '0x00']
14:53:05.025  DEBUG   [poll]    -> read  st0cur    
14:53:05.029  DEBUG   [poll]    <- read  st0cur     ret=0  data=['0x01', '0x02', '0x00', '0x02']
14:53:06.031  DEBUG   [poll]    -> read  st2mot    
14:53:06.038  DEBUG   [poll]    <- read  st2mot     ret=0  data=['0x00', '0x00']
14:53:06.038  DEBUG   [poll]    -> read  st0cur    
14:53:06.042  DEBUG   [poll]    <- read  st0cur     ret=0  data=['0x01', '0x02', '0x00', '0x02']
14:53:07.044  DEBUG   [poll]    -> read  st2mot    
14:53:07.047  DEBUG   [poll]    <- read  st2mot     ret=0  data=['0x00', '0x00']
14:53:07.047  DEBUG   [poll]    -> read  st0cur    
14:53:07.052  DEBUG   [poll]    <- read  st0cur     ret=0  data=['0x01', '0x02', '0x01', '0x02']
14:53:08.053  DEBUG   [poll]    -> read  st2mot    
14:53:08.057  DEBUG   [poll]    <- read  st2mot     ret=0  data=['0x00', '0x00']
14:53:08.057  DEBUG   [poll]    -> read  st0cur    
14:53:08.061  DEBUG   [poll]    <- read  st0cur     ret=0  data=['0x01', '0x02', '0x00', '0x02']
14:53:09.063  DEBUG   [poll]    -> read  st2mot    
14:53:09.066  DEBUG   [poll]    <- read  st2mot     ret=0  data=['0x00', '0x00']
14:53:09.066  DEBUG   [poll]    -> read  st0cur    
14:53:09.071  DEBUG   [poll]    <- read  st0cur     ret=0  data=['0x01', '0x02', '0x01', '0x02']
14:53:10.072  DEBUG   [poll]    -> read  st2mot    
14:53:10.075  DEBUG   [poll]    <- read  st2mot     ret=0  data=['0x00', '0x00']
14:53:10.076  DEBUG   [poll]    -> read  st0cur    
14:53:10.080  DEBUG   [poll]    <- read  st0cur     ret=0  data=['0x01', '0x02', '0x00', '0x02']
14:53:11.081  DEBUG   [poll]    -> read  st2mot    
14:53:11.088  DEBUG   [poll]    <- read  st2mot     ret=0  data=['0x00', '0x00']
14:53:11.088  DEBUG   [poll]    -> read  st0cur    
14:53:11.093  DEBUG   [poll]    <- read  st0cur     ret=0  data=['0x01', '0x02', '0x00', '0x02']
14:53:12.094  DEBUG   [poll]    -> read  st2mot    
14:53:12.098  DEBUG   [poll]    <- read  st2mot     ret=0  data=['0x00', '0x00']
14:53:12.098  DEBUG   [poll]    -> read  st0cur    
14:53:12.102  DEBUG   [poll]    <- read  st0cur     ret=0  data=['0x01', '0x02', '0x00', '0x02']
14:53:13.104  DEBUG   [poll]    -> read  st2mot    
14:53:13.107  DEBUG   [poll]    <- read  st2mot     ret=0  data=['0x00', '0x00']
14:53:13.108  DEBUG   [poll]    -> read  st0cur    
14:53:13.112  DEBUG   [poll]    <- read  st0cur     ret=0  data=['0x01', '0x02', '0x00', '0x02']
14:53:14.114  DEBUG   [poll]    -> read  st2mot    
14:53:14.117  DEBUG   [poll]    <- read  st2mot     ret=0  data=['0x00', '0x00']
14:53:14.117  DEBUG   [poll]    -> read  st0cur    
14:53:14.122  DEBUG   [poll]    <- read  st0cur     ret=0  data=['0x01', '0x02', '0x01', '0x02']
14:53:15.123  DEBUG   [poll]    -> read  st2mot    
14:53:15.127  DEBUG   [poll]    <- read  st2mot     ret=0  data=['0x00', '0x00']
14:53:15.127  DEBUG   [poll]    -> read  st0cur    
14:53:15.131  DEBUG   [poll]    <- read  st0cur     ret=0  data=['0x01', '0x02', '0x01', '0x02']
14:53:16.133  DEBUG   [poll]    -> read  st2mot    
14:53:16.136  DEBUG   [poll]    <- read  st2mot     ret=0  data=['0x00', '0x00']
14:53:16.137  DEBUG   [poll]    -> read  st0cur    
14:53:16.142  DEBUG   [poll]    <- read  st0cur     ret=0  data=['0x01', '0x02', '0x00', '0x02']
14:53:17.143  DEBUG   [poll]    -> read  st2mot    
14:53:17.146  DEBUG   [poll]    <- read  st2mot     ret=0  data=['0x00', '0x00']
14:53:17.147  DEBUG   [poll]    -> read  st0cur    
14:53:17.151  DEBUG   [poll]    <- read  st0cur     ret=0  data=['0x01', '0x02', '0x00', '0x02']
14:53:18.153  DEBUG   [poll]    -> read  st2mot    
14:53:18.156  DEBUG   [poll]    <- read  st2mot     ret=0  data=['0x00', '0x00']
14:53:18.156  DEBUG   [poll]    -> read  st0cur    
14:53:18.161  DEBUG   [poll]    <- read  st0cur     ret=0  data=['0x01', '0x02', '0x01', '0x02']
14:53:19.162  DEBUG   [poll]    -> read  st2mot    
14:53:19.165  DEBUG   [poll]    <- read  st2mot     ret=0  data=['0x00', '0x00']
14:53:19.166  DEBUG   [poll]    -> read  st0cur    
14:53:19.170  DEBUG   [poll]    <- read  st0cur     ret=0  data=['0x01', '0x02', '0x00', '0x02']
14:53:20.171  DEBUG   [poll]    -> read  st2mot    
14:53:20.175  DEBUG   [poll]    <- read  st2mot     ret=0  data=['0x00', '0x00']
14:53:20.175  DEBUG   [poll]    -> read  st0cur    
14:53:20.179  DEBUG   [poll]    <- read  st0cur     ret=0  data=['0x01', '0x02', '0x00', '0x02']
14:53:21.181  DEBUG   [poll]    -> read  st2mot    
14:53:21.188  DEBUG   [poll]    <- read  st2mot     ret=0  data=['0x00', '0x00']
14:53:21.189  DEBUG   [poll]    -> read  st0cur    
14:53:21.193  DEBUG   [poll]    <- read  st0cur     ret=0  data=['0x01', '0x02', '0x01', '0x02']
14:53:22.194  DEBUG   [poll]    -> read  st2mot    
14:53:22.198  DEBUG   [poll]    <- read  st2mot     ret=0  data=['0x00', '0x00']
14:53:22.198  DEBUG   [poll]    -> read  st0cur    
14:53:22.202  DEBUG   [poll]    <- read  st0cur     ret=0  data=['0x01', '0x02', '0x00', '0x02']
14:53:23.204  DEBUG   [poll]    -> read  st2mot    
14:53:23.207  DEBUG   [poll]    <- read  st2mot     ret=0  data=['0x00', '0x00']
14:53:23.208  DEBUG   [poll]    -> read  st0cur    
14:53:23.212  DEBUG   [poll]    <- read  st0cur     ret=0  data=['0x01', '0x02', '0x01', '0x02']
14:53:24.213  DEBUG   [poll]    -> read  st2mot    
14:53:24.217  DEBUG   [poll]    <- read  st2mot     ret=0  data=['0x00', '0x00']
14:53:24.217  DEBUG   [poll]    -> read  st0cur    
14:53:24.221  DEBUG   [poll]    <- read  st0cur     ret=0  data=['0x01', '0x02', '0x01', '0x02']
14:53:25.223  DEBUG   [poll]    -> read  st2mot    
14:53:25.226  DEBUG   [poll]    <- read  st2mot     ret=0  data=['0x00', '0x00']
14:53:25.227  DEBUG   [poll]    -> read  st0cur    
14:53:25.231  DEBUG   [poll]    <- read  st0cur     ret=0  data=['0x01', '0x02', '0x00', '0x02']
14:53:26.232  DEBUG   [poll]    -> read  st2mot    
14:53:26.240  DEBUG   [poll]    <- read  st2mot     ret=0  data=['0x00', '0x00']
14:53:26.241  DEBUG   [poll]    -> read  st0cur    
14:53:26.245  DEBUG   [poll]    <- read  st0cur     ret=0  data=['0x01', '0x02', '0x00', '0x02']
14:53:27.246  DEBUG   [poll]    -> read  st2mot    
14:53:27.250  DEBUG   [poll]    <- read  st2mot     ret=0  data=['0x00', '0x00']
14:53:27.250  DEBUG   [poll]    -> read  st0cur    
14:53:27.254  DEBUG   [poll]    <- read  st0cur     ret=0  data=['0x01', '0x02', '0x00', '0x02']
14:53:28.256  DEBUG   [poll]    -> read  st2mot    
14:53:28.259  DEBUG   [poll]    <- read  st2mot     ret=0  data=['0x00', '0x00']
14:53:28.260  DEBUG   [poll]    -> read  st0cur    
14:53:28.264  DEBUG   [poll]    <- read  st0cur     ret=0  data=['0x01', '0x02', '0x01', '0x02']
14:53:29.265  DEBUG   [poll]    -> read  st2mot    
14:53:29.269  DEBUG   [poll]    <- read  st2mot     ret=0  data=['0x00', '0x00']
14:53:29.269  DEBUG   [poll]    -> read  st0cur    
14:53:29.273  DEBUG   [poll]    <- read  st0cur     ret=0  data=['0x01', '0x02', '0x01', '0x02']
14:53:30.275  DEBUG   [poll]    -> read  st2mot    
14:53:30.278  DEBUG   [poll]    <- read  st2mot     ret=0  data=['0x00', '0x00']
14:53:30.279  DEBUG   [poll]    -> read  st0cur    
14:53:30.283  DEBUG   [poll]    <- read  st0cur     ret=0  data=['0x01', '0x02', '0x00', '0x02']
14:53:31.284  DEBUG   [poll]    -> read  st2mot    
14:53:31.291  DEBUG   [poll]    <- read  st2mot     ret=0  data=['0x00', '0x00']
14:53:31.292  DEBUG   [poll]    -> read  st0cur    
14:53:31.296  DEBUG   [poll]    <- read  st0cur     ret=0  data=['0x01', '0x02', '0x00', '0x02']
14:53:32.297  DEBUG   [poll]    -> read  st2mot    
14:53:32.301  DEBUG   [poll]    <- read  st2mot     ret=0  data=['0x00', '0x00']
14:53:32.301  DEBUG   [poll]    -> read  st0cur    
14:53:32.305  DEBUG   [poll]    <- read  st0cur     ret=0  data=['0x01', '0x02', '0x01', '0x02']
14:53:33.307  DEBUG   [poll]    -> read  st2mot    
14:53:33.310  DEBUG   [poll]    <- read  st2mot     ret=0  data=['0x00', '0x00']
14:53:33.310  DEBUG   [poll]    -> read  st0cur    
14:53:33.315  DEBUG   [poll]    <- read  st0cur     ret=0  data=['0x01', '0x02', '0x01', '0x02']
14:53:34.316  DEBUG   [poll]    -> read  st2mot    
14:53:34.320  DEBUG   [poll]    <- read  st2mot     ret=0  data=['0x00', '0x00']
14:53:34.320  DEBUG   [poll]    -> read  st0cur    
14:53:34.324  DEBUG   [poll]    <- read  st0cur     ret=0  data=['0x01', '0x02', '0x00', '0x02']
14:53:35.326  DEBUG   [poll]    -> read  st2mot    
14:53:35.329  DEBUG   [poll]    <- read  st2mot     ret=0  data=['0x00', '0x00']
14:53:35.330  DEBUG   [poll]    -> read  st0cur    
14:53:35.334  DEBUG   [poll]    <- read  st0cur     ret=0  data=['0x01', '0x02', '0x00', '0x02']
14:53:36.335  DEBUG   [poll]    -> read  st2mot    
14:53:36.342  DEBUG   [poll]    <- read  st2mot     ret=0  data=['0x00', '0x00']
14:53:36.343  DEBUG   [poll]    -> read  st0cur    
14:53:36.347  DEBUG   [poll]    <- read  st0cur     ret=0  data=['0x01', '0x02', '0x00', '0x02']
14:53:37.349  DEBUG   [poll]    -> read  st2mot    
14:53:37.352  DEBUG   [poll]    <- read  st2mot     ret=0  data=['0x00', '0x00']
14:53:37.352  DEBUG   [poll]    -> read  st0cur    
14:53:37.356  DEBUG   [poll]    <- read  st0cur     ret=0  data=['0x01', '0x02', '0x00', '0x02']
14:53:38.358  DEBUG   [poll]    -> read  st2mot    
14:53:38.361  DEBUG   [poll]    <- read  st2mot     ret=0  data=['0x00', '0x00']
14:53:38.362  DEBUG   [poll]    -> read  st0cur    
14:53:38.366  DEBUG   [poll]    <- read  st0cur     ret=0  data=['0x01', '0x02', '0x00', '0x02']
14:53:39.367  DEBUG   [poll]    -> read  st2mot    
14:53:39.371  DEBUG   [poll]    <- read  st2mot     ret=0  data=['0x00', '0x00']
14:53:39.371  DEBUG   [poll]    -> read  st0cur    
14:53:39.375  DEBUG   [poll]    <- read  st0cur     ret=0  data=['0x01', '0x02', '0x00', '0x02']
14:53:40.377  DEBUG   [poll]    -> read  st2mot    
14:53:40.380  DEBUG   [poll]    <- read  st2mot     ret=0  data=['0x00', '0x00']
14:53:40.381  DEBUG   [poll]    -> read  st0cur    
14:53:40.385  DEBUG   [poll]    <- read  st0cur     ret=0  data=['0x01', '0x02', '0x00', '0x02']
14:53:41.386  DEBUG   [poll]    -> read  st2mot    
14:53:41.393  DEBUG   [poll]    <- read  st2mot     ret=0  data=['0x00', '0x00']
14:53:41.394  DEBUG   [poll]    -> read  st0cur    
14:53:41.398  DEBUG   [poll]    <- read  st0cur     ret=0  data=['0x01', '0x02', '0x00', '0x02']
14:53:42.399  DEBUG   [poll]    -> read  st2mot    
14:53:42.403  DEBUG   [poll]    <- read  st2mot     ret=0  data=['0x00', '0x00']
14:53:42.403  DEBUG   [poll]    -> read  st0cur    
14:53:42.407  DEBUG   [poll]    <- read  st0cur     ret=0  data=['0x01', '0x02', '0x01', '0x02']
14:53:43.409  DEBUG   [poll]    -> read  st2mot    
14:53:43.412  DEBUG   [poll]    <- read  st2mot     ret=0  data=['0x00', '0x00']
14:53:43.413  DEBUG   [poll]    -> read  st0cur    
14:53:43.417  DEBUG   [poll]    <- read  st0cur     ret=0  data=['0x00', '0x02', '0x00', '0x02']
14:53:44.418  DEBUG   [poll]    -> read  st2mot    
14:53:44.422  DEBUG   [poll]    <- read  st2mot     ret=0  data=['0x00', '0x00']
14:53:44.422  DEBUG   [poll]    -> read  st0cur    
14:53:44.426  DEBUG   [poll]    <- read  st0cur     ret=0  data=['0x01', '0x02', '0x00', '0x02']
14:53:45.428  DEBUG   [poll]    -> read  st2mot    
14:53:45.431  DEBUG   [poll]    <- read  st2mot     ret=0  data=['0x00', '0x00']
14:53:45.432  DEBUG   [poll]    -> read  st0cur    
14:53:45.436  DEBUG   [poll]    <- read  st0cur     ret=0  data=['0x01', '0x02', '0x00', '0x02']
14:53:46.437  DEBUG   [poll]    -> read  st2mot    
14:53:46.445  DEBUG   [poll]    <- read  st2mot     ret=0  data=['0x00', '0x00']
14:53:46.445  DEBUG   [poll]    -> read  st0cur    
14:53:46.449  DEBUG   [poll]    <- read  st0cur     ret=0  data=['0x01', '0x02', '0x00', '0x02']
14:53:47.451  DEBUG   [poll]    -> read  st2mot    
14:53:47.454  DEBUG   [poll]    <- read  st2mot     ret=0  data=['0x00', '0x00']
14:53:47.455  DEBUG   [poll]    -> read  st0cur    
14:53:47.459  DEBUG   [poll]    <- read  st0cur     ret=0  data=['0x01', '0x02', '0x00', '0x02']
14:53:48.460  DEBUG   [poll]    -> read  st2mot    
14:53:48.464  DEBUG   [poll]    <- read  st2mot     ret=0  data=['0x00', '0x00']
14:53:48.464  DEBUG   [poll]    -> read  st0cur    
14:53:48.468  DEBUG   [poll]    <- read  st0cur     ret=0  data=['0x00', '0x02', '0x00', '0x02']
14:53:49.470  DEBUG   [poll]    -> read  st2mot    
14:53:49.473  DEBUG   [poll]    <- read  st2mot     ret=0  data=['0x00', '0x00']
14:53:49.474  DEBUG   [poll]    -> read  st0cur    
14:53:49.478  DEBUG   [poll]    <- read  st0cur     ret=0  data=['0x01', '0x02', '0x00', '0x02']
14:53:50.480  DEBUG   [poll]    -> read  st2mot    
14:53:50.484  DEBUG   [poll]    <- read  st2mot     ret=0  data=['0x00', '0x00']
14:53:50.484  DEBUG   [poll]    -> read  st0cur    
14:53:50.488  DEBUG   [poll]    <- read  st0cur     ret=0  data=['0x01', '0x02', '0x00', '0x02']
14:53:51.490  DEBUG   [poll]    -> read  st2mot    
14:53:51.497  DEBUG   [poll]    <- read  st2mot     ret=0  data=['0x00', '0x00']
14:53:51.498  DEBUG   [poll]    -> read  st0cur    
14:53:51.502  DEBUG   [poll]    <- read  st0cur     ret=0  data=['0x01', '0x02', '0x00', '0x02']
14:53:52.504  DEBUG   [poll]    -> read  st2mot    
14:53:52.507  DEBUG   [poll]    <- read  st2mot     ret=0  data=['0x00', '0x00']
14:53:52.508  DEBUG   [poll]    -> read  st0cur    
14:53:52.512  DEBUG   [poll]    <- read  st0cur     ret=0  data=['0x01', '0x02', '0x00', '0x02']
14:53:53.513  DEBUG   [poll]    -> read  st2mot    
14:53:53.517  DEBUG   [poll]    <- read  st2mot     ret=0  data=['0x00', '0x00']
14:53:53.517  DEBUG   [poll]    -> read  st0cur    
14:53:53.521  DEBUG   [poll]    <- read  st0cur     ret=0  data=['0x01', '0x02', '0x00', '0x02']
14:53:54.523  DEBUG   [poll]    -> read  st2mot    
14:53:54.526  DEBUG   [poll]    <- read  st2mot     ret=0  data=['0x00', '0x00']
14:53:54.527  DEBUG   [poll]    -> read  st0cur    
14:53:54.531  DEBUG   [poll]    <- read  st0cur     ret=0  data=['0x01', '0x02', '0x00', '0x02']
14:53:55.532  DEBUG   [poll]    -> read  st2mot    
14:53:55.536  DEBUG   [poll]    <- read  st2mot     ret=0  data=['0x00', '0x00']
14:53:55.536  DEBUG   [poll]    -> read  st0cur    
14:53:55.540  DEBUG   [poll]    <- read  st0cur     ret=0  data=['0x01', '0x02', '0x01', '0x02']
14:53:56.542  DEBUG   [poll]    -> read  st2mot    
14:53:56.549  DEBUG   [poll]    <- read  st2mot     ret=0  data=['0x00', '0x00']
14:53:56.549  DEBUG   [poll]    -> read  st0cur    
14:53:56.553  DEBUG   [poll]    <- read  st0cur     ret=0  data=['0x01', '0x02', '0x01', '0x02']
14:53:57.555  DEBUG   [poll]    -> read  st2mot    
14:53:57.558  DEBUG   [poll]    <- read  st2mot     ret=0  data=['0x00', '0x00']
14:53:57.559  DEBUG   [poll]    -> read  st0cur    
14:53:57.563  DEBUG   [poll]    <- read  st0cur     ret=0  data=['0x01', '0x02', '0x00', '0x02']
14:53:58.564  DEBUG   [poll]    -> read  st2mot    
14:53:58.568  DEBUG   [poll]    <- read  st2mot     ret=0  data=['0x00', '0x00']
14:53:58.568  DEBUG   [poll]    -> read  st0cur    
14:53:58.572  DEBUG   [poll]    <- read  st0cur     ret=0  data=['0x01', '0x02', '0x00', '0x02']
14:53:59.574  DEBUG   [poll]    -> read  st2mot    
14:53:59.577  DEBUG   [poll]    <- read  st2mot     ret=0  data=['0x00', '0x00']
14:53:59.578  DEBUG   [poll]    -> read  st0cur    
14:53:59.582  DEBUG   [poll]    <- read  st0cur     ret=0  data=['0x01', '0x02', '0x01', '0x02']
14:54:00.583  DEBUG   [poll]    -> read  st2mot    
14:54:00.587  DEBUG   [poll]    <- read  st2mot     ret=0  data=['0x00', '0x00']
14:54:00.587  DEBUG   [poll]    -> read  st0cur    
14:54:00.591  DEBUG   [poll]    <- read  st0cur     ret=0  data=['0x01', '0x02', '0x01', '0x02']
14:54:01.593  DEBUG   [poll]    -> read  st2mot    
14:54:01.600  DEBUG   [poll]    <- read  st2mot     ret=0  data=['0x00', '0x00']
14:54:01.600  DEBUG   [poll]    -> read  st0cur    
14:54:01.604  DEBUG   [poll]    <- read  st0cur     ret=0  data=['0x01', '0x02', '0x00', '0x02']
14:54:02.606  DEBUG   [poll]    -> read  st2mot    
14:54:02.609  DEBUG   [poll]    <- read  st2mot     ret=0  data=['0x00', '0x00']
14:54:02.610  DEBUG   [poll]    -> read  st0cur    
14:54:02.614  DEBUG   [poll]    <- read  st0cur     ret=0  data=['0x01', '0x02', '0x00', '0x02']
14:54:03.615  DEBUG   [poll]    -> read  st2mot    
14:54:03.619  DEBUG   [poll]    <- read  st2mot     ret=0  data=['0x00', '0x00']
14:54:03.619  DEBUG   [poll]    -> read  st0cur    
14:54:03.623  DEBUG   [poll]    <- read  st0cur     ret=0  data=['0x01', '0x02', '0x01', '0x02']
14:54:04.625  DEBUG   [poll]    -> read  st2mot    
14:54:04.628  DEBUG   [poll]    <- read  st2mot     ret=0  data=['0x00', '0x00']
14:54:04.629  DEBUG   [poll]    -> read  st0cur    
14:54:04.633  DEBUG   [poll]    <- read  st0cur     ret=0  data=['0x01', '0x02', '0x01', '0x02']
14:54:05.634  DEBUG   [poll]    -> read  st2mot    
14:54:05.638  DEBUG   [poll]    <- read  st2mot     ret=0  data=['0x00', '0x00']
14:54:05.638  DEBUG   [poll]    -> read  st0cur    
14:54:05.643  DEBUG   [poll]    <- read  st0cur     ret=0  data=['0x01', '0x02', '0x00', '0x02']
14:54:06.644  DEBUG   [poll]    -> read  st2mot    
14:54:06.651  DEBUG   [poll]    <- read  st2mot     ret=0  data=['0x00', '0x00']
14:54:06.651  DEBUG   [poll]    -> read  st0cur    
14:54:06.656  DEBUG   [poll]    <- read  st0cur     ret=0  data=['0x01', '0x02', '0x01', '0x02']
14:54:07.657  DEBUG   [poll]    -> read  st2mot    
14:54:07.660  DEBUG   [poll]    <- read  st2mot     ret=0  data=['0x00', '0x00']
14:54:07.661  DEBUG   [poll]    -> read  st0cur    
14:54:07.665  DEBUG   [poll]    <- read  st0cur     ret=0  data=['0x01', '0x02', '0x01', '0x02']
14:54:08.666  DEBUG   [poll]    -> read  st2mot    
14:54:08.670  DEBUG   [poll]    <- read  st2mot     ret=0  data=['0x00', '0x00']
14:54:08.670  DEBUG   [poll]    -> read  st0cur    
14:54:08.674  DEBUG   [poll]    <- read  st0cur     ret=0  data=['0x01', '0x02', '0x01', '0x02']
14:54:09.676  DEBUG   [poll]    -> read  st2mot    
14:54:09.679  DEBUG   [poll]    <- read  st2mot     ret=0  data=['0x00', '0x00']
14:54:09.680  DEBUG   [poll]    -> read  st0cur    
14:54:09.684  DEBUG   [poll]    <- read  st0cur     ret=0  data=['0x01', '0x02', '0x01', '0x02']
14:54:10.685  DEBUG   [poll]    -> read  st2mot    
14:54:10.689  DEBUG   [poll]    <- read  st2mot     ret=0  data=['0x00', '0x00']
14:54:10.689  DEBUG   [poll]    -> read  st0cur    
14:54:10.693  DEBUG   [poll]    <- read  st0cur     ret=0  data=['0x01', '0x02', '0x01', '0x02']
14:54:11.695  DEBUG   [poll]    -> read  st2mot    
14:54:11.702  DEBUG   [poll]    <- read  st2mot     ret=0  data=['0x00', '0x00']
14:54:11.703  DEBUG   [poll]    -> read  st0cur    
14:54:11.707  DEBUG   [poll]    <- read  st0cur     ret=0  data=['0x01', '0x02', '0x01', '0x02']
14:54:12.708  DEBUG   [poll]    -> read  st2mot    
14:54:12.712  DEBUG   [poll]    <- read  st2mot     ret=0  data=['0x00', '0x00']
14:54:12.712  DEBUG   [poll]    -> read  st0cur    
14:54:12.717  DEBUG   [poll]    <- read  st0cur     ret=0  data=['0x01', '0x02', '0x01', '0x02']
14:54:13.718  DEBUG   [poll]    -> read  st2mot    
14:54:13.721  DEBUG   [poll]    <- read  st2mot     ret=0  data=['0x00', '0x00']
14:54:13.722  DEBUG   [poll]    -> read  st0cur    
14:54:13.726  DEBUG   [poll]    <- read  st0cur     ret=0  data=['0x01', '0x02', '0x01', '0x02']
14:54:14.728  DEBUG   [poll]    -> read  st2mot    
14:54:14.731  DEBUG   [poll]    <- read  st2mot     ret=0  data=['0x00', '0x00']
14:54:14.732  DEBUG   [poll]    -> read  st0cur    
14:54:14.736  DEBUG   [poll]    <- read  st0cur     ret=0  data=['0x01', '0x02', '0x00', '0x02']
14:54:15.737  DEBUG   [poll]    -> read  st2mot    
14:54:15.741  DEBUG   [poll]    <- read  st2mot     ret=0  data=['0x00', '0x00']
14:54:15.741  DEBUG   [poll]    -> read  st0cur    
14:54:15.745  DEBUG   [poll]    <- read  st0cur     ret=0  data=['0x01', '0x02', '0x01', '0x02']
14:54:16.747  DEBUG   [poll]    -> read  st2mot    
14:54:16.754  DEBUG   [poll]    <- read  st2mot     ret=0  data=['0x00', '0x00']
14:54:16.754  DEBUG   [poll]    -> read  st0cur    
14:54:16.759  DEBUG   [poll]    <- read  st0cur     ret=0  data=['0x01', '0x02', '0x00', '0x02']
14:54:17.760  DEBUG   [poll]    -> read  st2mot    
14:54:17.763  DEBUG   [poll]    <- read  st2mot     ret=0  data=['0x00', '0x00']
14:54:17.764  DEBUG   [poll]    -> read  st0cur    
14:54:17.768  DEBUG   [poll]    <- read  st0cur     ret=0  data=['0x01', '0x02', '0x00', '0x02']
14:54:18.770  DEBUG   [poll]    -> read  st2mot    
14:54:18.773  DEBUG   [poll]    <- read  st2mot     ret=0  data=['0x00', '0x00']
14:54:18.773  DEBUG   [poll]    -> read  st0cur    
14:54:18.778  DEBUG   [poll]    <- read  st0cur     ret=0  data=['0x01', '0x02', '0x00', '0x02']
14:54:19.779  DEBUG   [poll]    -> read  st2mot    
14:54:19.782  DEBUG   [poll]    <- read  st2mot     ret=0  data=['0x00', '0x00']
14:54:19.783  DEBUG   [poll]    -> read  st0cur    
14:54:19.787  DEBUG   [poll]    <- read  st0cur     ret=0  data=['0x01', '0x02', '0x01', '0x02']
14:54:20.788  DEBUG   [poll]    -> read  st2mot    
14:54:20.792  DEBUG   [poll]    <- read  st2mot     ret=0  data=['0x00', '0x00']
14:54:20.792  DEBUG   [poll]    -> read  st0cur    
14:54:20.796  DEBUG   [poll]    <- read  st0cur     ret=0  data=['0x01', '0x02', '0x00', '0x02']
14:54:21.798  DEBUG   [poll]    -> read  st2mot    
14:54:21.805  DEBUG   [poll]    <- read  st2mot     ret=0  data=['0x00', '0x00']
14:54:21.805  DEBUG   [poll]    -> read  st0cur    
14:54:21.809  DEBUG   [poll]    <- read  st0cur     ret=0  data=['0x01', '0x02', '0x00', '0x02']
14:54:22.811  DEBUG   [poll]    -> read  st2mot    
14:54:22.814  DEBUG   [poll]    <- read  st2mot     ret=0  data=['0x00', '0x00']
14:54:22.814  DEBUG   [poll]    -> read  st0cur    
14:54:22.819  DEBUG   [poll]    <- read  st0cur     ret=0  data=['0x01', '0x02', '0x01', '0x02']
14:54:23.820  DEBUG   [poll]    -> read  st2mot    
14:54:23.823  DEBUG   [poll]    <- read  st2mot     ret=0  data=['0x00', '0x00']
14:54:23.824  DEBUG   [poll]    -> read  st0cur    
14:54:23.828  DEBUG   [poll]    <- read  st0cur     ret=0  data=['0x01', '0x02', '0x01', '0x02']
14:54:24.830  DEBUG   [poll]    -> read  st2mot    
14:54:24.833  DEBUG   [poll]    <- read  st2mot     ret=0  data=['0x00', '0x00']
14:54:24.833  DEBUG   [poll]    -> read  st0cur    
14:54:24.837  DEBUG   [poll]    <- read  st0cur     ret=0  data=['0x01', '0x02', '0x00', '0x02']
14:54:25.839  DEBUG   [poll]    -> read  st2mot    
14:54:25.842  DEBUG   [poll]    <- read  st2mot     ret=0  data=['0x00', '0x00']
14:54:25.843  DEBUG   [poll]    -> read  st0cur    
14:54:25.847  DEBUG   [poll]    <- read  st0cur     ret=0  data=['0x01', '0x02', '0x00', '0x02']
14:54:26.848  DEBUG   [poll]    -> read  st2mot    
14:54:26.858  DEBUG   [poll]    <- read  st2mot     ret=0  data=['0x00', '0x00']
14:54:26.858  DEBUG   [poll]    -> read  st0cur    
14:54:26.862  DEBUG   [poll]    <- read  st0cur     ret=0  data=['0x01', '0x02', '0x00', '0x02']
14:54:27.864  DEBUG   [poll]    -> read  st2mot    
14:54:27.867  DEBUG   [poll]    <- read  st2mot     ret=0  data=['0x00', '0x00']
14:54:27.867  DEBUG   [poll]    -> read  st0cur    
14:54:27.872  DEBUG   [poll]    <- read  st0cur     ret=0  data=['0x01', '0x02', '0x00', '0x02']
14:54:28.873  DEBUG   [poll]    -> read  st2mot    
14:54:28.877  DEBUG   [poll]    <- read  st2mot     ret=0  data=['0x00', '0x00']
14:54:28.877  DEBUG   [poll]    -> read  st0cur    
14:54:28.881  DEBUG   [poll]    <- read  st0cur     ret=0  data=['0x01', '0x02', '0x01', '0x02']
14:54:29.883  DEBUG   [poll]    -> read  st2mot    
14:54:29.886  DEBUG   [poll]    <- read  st2mot     ret=0  data=['0x00', '0x00']
14:54:29.886  DEBUG   [poll]    -> read  st0cur    
14:54:29.891  DEBUG   [poll]    <- read  st0cur     ret=0  data=['0x01', '0x02', '0x00', '0x02']
14:54:30.892  DEBUG   [poll]    -> read  st2mot    
14:54:30.895  DEBUG   [poll]    <- read  st2mot     ret=0  data=['0x00', '0x00']
14:54:30.896  DEBUG   [poll]    -> read  st0cur    
14:54:30.900  DEBUG   [poll]    <- read  st0cur     ret=0  data=['0x01', '0x02', '0x01', '0x02']
14:54:31.902  DEBUG   [poll]    -> read  st2mot    
14:54:31.908  DEBUG   [poll]    <- read  st2mot     ret=0  data=['0x00', '0x00']
14:54:31.909  DEBUG   [poll]    -> read  st0cur    
14:54:31.913  DEBUG   [poll]    <- read  st0cur     ret=0  data=['0x01', '0x02', '0x01', '0x02']
14:54:32.914  DEBUG   [poll]    -> read  st2mot    
14:54:32.918  DEBUG   [poll]    <- read  st2mot     ret=0  data=['0x00', '0x00']
14:54:32.918  DEBUG   [poll]    -> read  st0cur    
14:54:32.922  DEBUG   [poll]    <- read  st0cur     ret=0  data=['0x01', '0x02', '0x00', '0x02']
14:54:33.924  DEBUG   [poll]    -> read  st2mot    
14:54:33.927  DEBUG   [poll]    <- read  st2mot     ret=0  data=['0x00', '0x00']
14:54:33.928  DEBUG   [poll]    -> read  st0cur    
14:54:33.932  DEBUG   [poll]    <- read  st0cur     ret=0  data=['0x01', '0x02', '0x00', '0x02']
14:54:34.933  DEBUG   [poll]    -> read  st2mot    
14:54:34.937  DEBUG   [poll]    <- read  st2mot     ret=0  data=['0x00', '0x00']
14:54:34.937  DEBUG   [poll]    -> read  st0cur    
14:54:34.941  DEBUG   [poll]    <- read  st0cur     ret=0  data=['0x01', '0x02', '0x01', '0x02']
14:54:35.943  DEBUG   [poll]    -> read  st2mot    
14:54:35.946  DEBUG   [poll]    <- read  st2mot     ret=0  data=['0x00', '0x00']
14:54:35.946  DEBUG   [poll]    -> read  st0cur    
14:54:35.951  DEBUG   [poll]    <- read  st0cur     ret=0  data=['0x01', '0x02', '0x00', '0x02']
14:54:36.952  DEBUG   [poll]    -> read  st2mot    
14:54:36.959  DEBUG   [poll]    <- read  st2mot     ret=0  data=['0x00', '0x00']
14:54:36.959  DEBUG   [poll]    -> read  st0cur    
14:54:36.964  DEBUG   [poll]    <- read  st0cur     ret=0  data=['0x01', '0x02', '0x01', '0x02']
14:54:37.965  DEBUG   [poll]    -> read  st2mot    
14:54:37.968  DEBUG   [poll]    <- read  st2mot     ret=0  data=['0x00', '0x00']
14:54:37.969  DEBUG   [poll]    -> read  st0cur    
14:54:37.973  DEBUG   [poll]    <- read  st0cur     ret=0  data=['0x01', '0x02', '0x00', '0x02']
14:54:38.974  DEBUG   [poll]    -> read  st2mot    
14:54:38.978  DEBUG   [poll]    <- read  st2mot     ret=0  data=['0x00', '0x00']
14:54:38.978  DEBUG   [poll]    -> read  st0cur    
14:54:38.982  DEBUG   [poll]    <- read  st0cur     ret=0  data=['0x01', '0x02', '0x00', '0x02']
14:54:39.984  DEBUG   [poll]    -> read  st2mot    
14:54:39.987  DEBUG   [poll]    <- read  st2mot     ret=0  data=['0x00', '0x00']
14:54:39.988  DEBUG   [poll]    -> read  st0cur    
14:54:39.992  DEBUG   [poll]    <- read  st0cur     ret=0  data=['0x01', '0x02', '0x00', '0x02']
14:54:40.993  DEBUG   [poll]    -> read  st2mot    
14:54:40.997  DEBUG   [poll]    <- read  st2mot     ret=0  data=['0x00', '0x00']
14:54:40.997  DEBUG   [poll]    -> read  st0cur    
14:54:41.001  DEBUG   [poll]    <- read  st0cur     ret=0  data=['0x01', '0x02', '0x00', '0x02']
14:54:42.003  DEBUG   [poll]    -> read  st2mot    
14:54:42.009  DEBUG   [poll]    <- read  st2mot     ret=0  data=['0x00', '0x00']
14:54:42.010  DEBUG   [poll]    -> read  st0cur    
14:54:42.014  DEBUG   [poll]    <- read  st0cur     ret=0  data=['0x01', '0x02', '0x00', '0x02']
14:54:43.015  DEBUG   [poll]    -> read  st2mot    
14:54:43.019  DEBUG   [poll]    <- read  st2mot     ret=0  data=['0x00', '0x00']
14:54:43.019  DEBUG   [poll]    -> read  st0cur    
14:54:43.023  DEBUG   [poll]    <- read  st0cur     ret=0  data=['0x01', '0x02', '0x01', '0x02']
14:54:44.025  DEBUG   [poll]    -> read  st2mot    
14:54:44.028  DEBUG   [poll]    <- read  st2mot     ret=0  data=['0x00', '0x00']
14:54:44.028  DEBUG   [poll]    -> read  st0cur    
14:54:44.033  DEBUG   [poll]    <- read  st0cur     ret=0  data=['0x01', '0x02', '0x00', '0x02']
14:54:45.034  DEBUG   [poll]    -> read  st2mot    
14:54:45.038  DEBUG   [poll]    <- read  st2mot     ret=0  data=['0x00', '0x00']
14:54:45.038  DEBUG   [poll]    -> read  st0cur    
14:54:45.042  DEBUG   [poll]    <- read  st0cur     ret=0  data=['0x01', '0x02', '0x01', '0x02']
14:54:46.044  DEBUG   [poll]    -> read  st2mot    
14:54:46.047  DEBUG   [poll]    <- read  st2mot     ret=0  data=['0x00', '0x00']
14:54:46.048  DEBUG   [poll]    -> read  st0cur    
14:54:46.052  DEBUG   [poll]    <- read  st0cur     ret=0  data=['0x01', '0x02', '0x00', '0x02']
14:54:47.053  DEBUG   [poll]    -> read  st2mot    
14:54:47.060  DEBUG   [poll]    <- read  st2mot     ret=0  data=['0x00', '0x00']
14:54:47.061  DEBUG   [poll]    -> read  st0cur    
14:54:47.065  DEBUG   [poll]    <- read  st0cur     ret=0  data=['0x01', '0x02', '0x00', '0x02']
14:54:48.066  DEBUG   [poll]    -> read  st2mot    
14:54:48.070  DEBUG   [poll]    <- read  st2mot     ret=0  data=['0x00', '0x00']
14:54:48.070  DEBUG   [poll]    -> read  st0cur    
14:54:48.074  DEBUG   [poll]    <- read  st0cur     ret=0  data=['0x01', '0x02', '0x00', '0x02']
14:54:49.076  DEBUG   [poll]    -> read  st2mot    
14:54:49.079  DEBUG   [poll]    <- read  st2mot     ret=0  data=['0x00', '0x00']
14:54:49.079  DEBUG   [poll]    -> read  st0cur    
14:54:49.084  DEBUG   [poll]    <- read  st0cur     ret=0  data=['0x01', '0x02', '0x01', '0x02']
14:54:50.085  DEBUG   [poll]    -> read  st2mot    
14:54:50.088  DEBUG   [poll]    <- read  st2mot     ret=0  data=['0x00', '0x00']
14:54:50.089  DEBUG   [poll]    -> read  st0cur    
14:54:50.093  DEBUG   [poll]    <- read  st0cur     ret=0  data=['0x01', '0x02', '0x00', '0x02']
14:54:51.094  DEBUG   [poll]    -> read  st2mot    
14:54:51.098  DEBUG   [poll]    <- read  st2mot     ret=0  data=['0x00', '0x00']
14:54:51.098  DEBUG   [poll]    -> read  st0cur    
14:54:51.102  DEBUG   [poll]    <- read  st0cur     ret=0  data=['0x01', '0x02', '0x01', '0x02']
14:54:52.104  DEBUG   [poll]    -> read  st2mot    
14:54:52.110  DEBUG   [poll]    <- read  st2mot     ret=0  data=['0x00', '0x00']
14:54:52.111  DEBUG   [poll]    -> read  st0cur    
14:54:52.115  DEBUG   [poll]    <- read  st0cur     ret=0  data=['0x01', '0x02', '0x00', '0x02']
14:54:53.117  DEBUG   [poll]    -> read  st2mot    
14:54:53.120  DEBUG   [poll]    <- read  st2mot     ret=0  data=['0x00', '0x00']
14:54:53.120  DEBUG   [poll]    -> read  st0cur    
14:54:53.125  DEBUG   [poll]    <- read  st0cur     ret=0  data=['0x01', '0x02', '0x01', '0x02']
14:54:54.126  DEBUG   [poll]    -> read  st2mot    
14:54:54.130  DEBUG   [poll]    <- read  st2mot     ret=0  data=['0x00', '0x00']
14:54:54.130  DEBUG   [poll]    -> read  st0cur    
14:54:54.134  DEBUG   [poll]    <- read  st0cur     ret=0  data=['0x01', '0x02', '0x00', '0x02']
14:54:55.136  DEBUG   [poll]    -> read  st2mot    
14:54:55.139  DEBUG   [poll]    <- read  st2mot     ret=0  data=['0x00', '0x00']
14:54:55.139  DEBUG   [poll]    -> read  st0cur    
14:54:55.144  DEBUG   [poll]    <- read  st0cur     ret=0  data=['0x01', '0x02', '0x01', '0x02']
14:54:56.145  DEBUG   [poll]    -> read  st2mot    
14:54:56.148  DEBUG   [poll]    <- read  st2mot     ret=0  data=['0x00', '0x00']
14:54:56.149  DEBUG   [poll]    -> read  st0cur    
14:54:56.153  DEBUG   [poll]    <- read  st0cur     ret=0  data=['0x01', '0x02', '0x00', '0x02']
14:54:57.155  DEBUG   [poll]    -> read  st2mot    
14:54:57.161  DEBUG   [poll]    <- read  st2mot     ret=0  data=['0x00', '0x00']
14:54:57.162  DEBUG   [poll]    -> read  st0cur    
14:54:57.166  DEBUG   [poll]    <- read  st0cur     ret=0  data=['0x01', '0x02', '0x00', '0x02']
14:54:58.167  DEBUG   [poll]    -> read  st2mot    
14:54:58.171  DEBUG   [poll]    <- read  st2mot     ret=0  data=['0x00', '0x00']
14:54:58.171  DEBUG   [poll]    -> read  st0cur    
14:54:58.176  DEBUG   [poll]    <- read  st0cur     ret=0  data=['0x01', '0x02', '0x00', '0x02']
14:54:59.177  DEBUG   [poll]    -> read  st2mot    
14:54:59.180  DEBUG   [poll]    <- read  st2mot     ret=0  data=['0x00', '0x00']
14:54:59.181  DEBUG   [poll]    -> read  st0cur    
14:54:59.185  DEBUG   [poll]    <- read  st0cur     ret=0  data=['0x01', '0x02', '0x01', '0x02']
14:55:00.186  DEBUG   [poll]    -> read  st2mot    
14:55:00.190  DEBUG   [poll]    <- read  st2mot     ret=0  data=['0x00', '0x00']
14:55:00.190  DEBUG   [poll]    -> read  st0cur    
14:55:00.194  DEBUG   [poll]    <- read  st0cur     ret=0  data=['0x01', '0x02', '0x00', '0x02']
14:55:01.196  DEBUG   [poll]    -> read  st2mot    
14:55:01.199  DEBUG   [poll]    <- read  st2mot     ret=0  data=['0x00', '0x00']
14:55:01.200  DEBUG   [poll]    -> read  st0cur    
14:55:01.204  DEBUG   [poll]    <- read  st0cur     ret=0  data=['0x01', '0x02', '0x00', '0x02']
14:55:02.205  DEBUG   [poll]    -> read  st2mot    
14:55:02.212  DEBUG   [poll]    <- read  st2mot     ret=0  data=['0x00', '0x00']
14:55:02.213  DEBUG   [poll]    -> read  st0cur    
14:55:02.217  DEBUG   [poll]    <- read  st0cur     ret=0  data=['0x01', '0x02', '0x00', '0x02']
14:55:03.218  DEBUG   [poll]    -> read  st2mot    
14:55:03.222  DEBUG   [poll]    <- read  st2mot     ret=0  data=['0x00', '0x00']
14:55:03.222  DEBUG   [poll]    -> read  st0cur    
14:55:03.226  DEBUG   [poll]    <- read  st0cur     ret=0  data=['0x01', '0x02', '0x00', '0x02']
14:55:04.228  DEBUG   [poll]    -> read  st2mot    
14:55:04.231  DEBUG   [poll]    <- read  st2mot     ret=0  data=['0x00', '0x00']
14:55:04.232  DEBUG   [poll]    -> read  st0cur    
14:55:04.236  DEBUG   [poll]    <- read  st0cur     ret=0  data=['0x01', '0x02', '0x00', '0x02']
14:55:05.237  DEBUG   [poll]    -> read  st2mot    
14:55:05.241  DEBUG   [poll]    <- read  st2mot     ret=0  data=['0x00', '0x00']
14:55:05.241  DEBUG   [poll]    -> read  st0cur    
14:55:05.245  DEBUG   [poll]    <- read  st0cur     ret=0  data=['0x01', '0x02', '0x00', '0x02']
14:55:06.247  DEBUG   [poll]    -> read  st2mot    
14:55:06.250  DEBUG   [poll]    <- read  st2mot     ret=0  data=['0x00', '0x00']
14:55:06.251  DEBUG   [poll]    -> read  st0cur    
14:55:06.255  DEBUG   [poll]    <- read  st0cur     ret=0  data=['0x01', '0x02', '0x00', '0x02']
14:55:07.256  DEBUG   [poll]    -> read  st2mot    
14:55:07.263  DEBUG   [poll]    <- read  st2mot     ret=0  data=['0x00', '0x00']
14:55:07.264  DEBUG   [poll]    -> read  st0cur    
14:55:07.268  DEBUG   [poll]    <- read  st0cur     ret=0  data=['0x01', '0x02', '0x01', '0x02']
14:55:08.269  DEBUG   [poll]    -> read  st2mot    
14:55:08.273  DEBUG   [poll]    <- read  st2mot     ret=0  data=['0x00', '0x00']
14:55:08.273  DEBUG   [poll]    -> read  st0cur    
14:55:08.277  DEBUG   [poll]    <- read  st0cur     ret=0  data=['0x01', '0x02', '0x01', '0x02']
14:55:09.279  DEBUG   [poll]    -> read  st2mot    
14:55:09.282  DEBUG   [poll]    <- read  st2mot     ret=0  data=['0x00', '0x00']
14:55:09.282  DEBUG   [poll]    -> read  st0cur    
14:55:09.287  DEBUG   [poll]    <- read  st0cur     ret=0  data=['0x01', '0x02', '0x00', '0x02']
14:55:10.288  DEBUG   [poll]    -> read  st2mot    
14:55:10.292  DEBUG   [poll]    <- read  st2mot     ret=0  data=['0x00', '0x00']
14:55:10.292  DEBUG   [poll]    -> read  st0cur    
14:55:10.296  DEBUG   [poll]    <- read  st0cur     ret=0  data=['0x01', '0x02', '0x01', '0x02']
14:55:11.298  DEBUG   [poll]    -> read  st2mot    
14:55:11.301  DEBUG   [poll]    <- read  st2mot     ret=0  data=['0x00', '0x00']
14:55:11.301  DEBUG   [poll]    -> read  st0cur    
14:55:11.306  DEBUG   [poll]    <- read  st0cur     ret=0  data=['0x01', '0x02', '0x01', '0x02']
14:55:12.307  DEBUG   [poll]    -> read  st2mot    
14:55:12.314  DEBUG   [poll]    <- read  st2mot     ret=0  data=['0x00', '0x00']
14:55:12.314  DEBUG   [poll]    -> read  st0cur    
14:55:12.318  DEBUG   [poll]    <- read  st0cur     ret=0  data=['0x01', '0x02', '0x00', '0x02']
14:55:13.320  DEBUG   [poll]    -> read  st2mot    
14:55:13.323  DEBUG   [poll]    <- read  st2mot     ret=0  data=['0x00', '0x00']
14:55:13.324  DEBUG   [poll]    -> read  st0cur    
14:55:13.328  DEBUG   [poll]    <- read  st0cur     ret=0  data=['0x01', '0x02', '0x00', '0x02']
14:55:14.330  DEBUG   [poll]    -> read  st2mot    
14:55:14.333  DEBUG   [poll]    <- read  st2mot     ret=0  data=['0x00', '0x00']
14:55:14.333  DEBUG   [poll]    -> read  st0cur    
14:55:14.338  DEBUG   [poll]    <- read  st0cur     ret=0  data=['0x01', '0x02', '0x01', '0x02']
14:55:15.339  DEBUG   [poll]    -> read  st2mot    
14:55:15.343  DEBUG   [poll]    <- read  st2mot     ret=0  data=['0x00', '0x00']
14:55:15.343  DEBUG   [poll]    -> read  st0cur    
14:55:15.347  DEBUG   [poll]    <- read  st0cur     ret=0  data=['0x01', '0x02', '0x01', '0x02']
14:55:16.349  DEBUG   [poll]    -> read  st2mot    
14:55:16.352  DEBUG   [poll]    <- read  st2mot     ret=0  data=['0x00', '0x00']
14:55:16.352  DEBUG   [poll]    -> read  st0cur    
14:55:16.357  DEBUG   [poll]    <- read  st0cur     ret=0  data=['0x01', '0x02', '0x00', '0x02']
14:55:17.358  DEBUG   [poll]    -> read  st2mot    
14:55:17.365  DEBUG   [poll]    <- read  st2mot     ret=0  data=['0x00', '0x00']
14:55:17.365  DEBUG   [poll]    -> read  st0cur    
14:55:17.370  DEBUG   [poll]    <- read  st0cur     ret=0  data=['0x01', '0x02', '0x00', '0x02']
14:55:18.371  DEBUG   [poll]    -> read  st2mot    
14:55:18.374  DEBUG   [poll]    <- read  st2mot     ret=0  data=['0x00', '0x00']
14:55:18.375  DEBUG   [poll]    -> read  st0cur    
14:55:18.379  DEBUG   [poll]    <- read  st0cur     ret=0  data=['0x01', '0x02', '0x01', '0x02']
14:55:19.380  DEBUG   [poll]    -> read  st2mot    
14:55:19.384  DEBUG   [poll]    <- read  st2mot     ret=0  data=['0x00', '0x00']
14:55:19.384  DEBUG   [poll]    -> read  st0cur    
14:55:19.388  DEBUG   [poll]    <- read  st0cur     ret=0  data=['0x01', '0x02', '0x01', '0x02']
14:55:20.390  DEBUG   [poll]    -> read  st2mot    
14:55:20.393  DEBUG   [poll]    <- read  st2mot     ret=0  data=['0x00', '0x00']
14:55:20.394  DEBUG   [poll]    -> read  st0cur    
14:55:20.398  DEBUG   [poll]    <- read  st0cur     ret=0  data=['0x01', '0x02', '0x00', '0x02']
14:55:21.399  DEBUG   [poll]    -> read  st2mot    
14:55:21.403  DEBUG   [poll]    <- read  st2mot     ret=0  data=['0x00', '0x00']
14:55:21.403  DEBUG   [poll]    -> read  st0cur    
14:55:21.407  DEBUG   [poll]    <- read  st0cur     ret=0  data=['0x01', '0x02', '0x00', '0x02']
14:55:22.409  DEBUG   [poll]    -> read  st2mot    
14:55:22.416  DEBUG   [poll]    <- read  st2mot     ret=0  data=['0x00', '0x00']
14:55:22.416  DEBUG   [poll]    -> read  st0cur    
14:55:22.420  DEBUG   [poll]    <- read  st0cur     ret=0  data=['0x01', '0x02', '0x00', '0x02']
14:55:23.422  DEBUG   [poll]    -> read  st2mot    
14:55:23.425  DEBUG   [poll]    <- read  st2mot     ret=0  data=['0x00', '0x00']
14:55:23.426  DEBUG   [poll]    -> read  st0cur    
14:55:23.430  DEBUG   [poll]    <- read  st0cur     ret=0  data=['0x01', '0x02', '0x00', '0x02']
14:55:24.431  DEBUG   [poll]    -> read  st2mot    
14:55:24.435  DEBUG   [poll]    <- read  st2mot     ret=0  data=['0x00', '0x00']
14:55:24.435  DEBUG   [poll]    -> read  st0cur    
14:55:24.439  DEBUG   [poll]    <- read  st0cur     ret=0  data=['0x01', '0x02', '0x01', '0x02']
14:55:25.441  DEBUG   [poll]    -> read  st2mot    
14:55:25.444  DEBUG   [poll]    <- read  st2mot     ret=0  data=['0x00', '0x00']
14:55:25.444  DEBUG   [poll]    -> read  st0cur    
14:55:25.448  DEBUG   [poll]    <- read  st0cur     ret=0  data=['0x01', '0x02', '0x00', '0x02']
14:55:26.450  DEBUG   [poll]    -> read  st2mot    
14:55:26.453  DEBUG   [poll]    <- read  st2mot     ret=0  data=['0x00', '0x00']
14:55:26.453  DEBUG   [poll]    -> read  st0cur    
14:55:26.458  DEBUG   [poll]    <- read  st0cur     ret=0  data=['0x01', '0x02', '0x00', '0x02']
14:55:27.459  DEBUG   [poll]    -> read  st2mot    
14:55:27.466  DEBUG   [poll]    <- read  st2mot     ret=0  data=['0x00', '0x00']
14:55:27.466  DEBUG   [poll]    -> read  st0cur    
14:55:27.470  DEBUG   [poll]    <- read  st0cur     ret=0  data=['0x01', '0x02', '0x00', '0x02']
14:55:28.472  DEBUG   [poll]    -> read  st2mot    
14:55:28.475  DEBUG   [poll]    <- read  st2mot     ret=0  data=['0x00', '0x00']
14:55:28.476  DEBUG   [poll]    -> read  st0cur    
14:55:28.480  DEBUG   [poll]    <- read  st0cur     ret=0  data=['0x01', '0x02', '0x00', '0x02']
14:55:29.481  DEBUG   [poll]    -> read  st2mot    
14:55:29.485  DEBUG   [poll]    <- read  st2mot     ret=0  data=['0x00', '0x00']
14:55:29.485  DEBUG   [poll]    -> read  st0cur    
14:55:29.489  DEBUG   [poll]    <- read  st0cur     ret=0  data=['0x01', '0x02', '0x00', '0x02']
14:55:30.491  DEBUG   [poll]    -> read  st2mot    
14:55:30.494  DEBUG   [poll]    <- read  st2mot     ret=0  data=['0x00', '0x00']
14:55:30.495  DEBUG   [poll]    -> read  st0cur    
14:55:30.499  DEBUG   [poll]    <- read  st0cur     ret=0  data=['0x01', '0x02', '0x01', '0x02']
14:55:31.500  DEBUG   [poll]    -> read  st2mot    
14:55:31.504  DEBUG   [poll]    <- read  st2mot     ret=0  data=['0x00', '0x00']
14:55:31.504  DEBUG   [poll]    -> read  st0cur    
14:55:31.508  DEBUG   [poll]    <- read  st0cur     ret=0  data=['0x01', '0x02', '0x00', '0x02']
14:55:32.510  DEBUG   [poll]    -> read  st2mot    
14:55:32.517  DEBUG   [poll]    <- read  st2mot     ret=0  data=['0x00', '0x00']
14:55:32.517  DEBUG   [poll]    -> read  st0cur    
14:55:32.522  DEBUG   [poll]    <- read  st0cur     ret=0  data=['0x01', '0x02', '0x01', '0x02']
14:55:33.523  DEBUG   [poll]    -> read  st2mot    
14:55:33.526  DEBUG   [poll]    <- read  st2mot     ret=0  data=['0x00', '0x00']
14:55:33.527  DEBUG   [poll]    -> read  st0cur    
14:55:33.531  DEBUG   [poll]    <- read  st0cur     ret=0  data=['0x01', '0x02', '0x00', '0x02']
14:55:34.533  DEBUG   [poll]    -> read  st2mot    
14:55:34.536  DEBUG   [poll]    <- read  st2mot     ret=0  data=['0x00', '0x00']
14:55:34.536  DEBUG   [poll]    -> read  st0cur    
14:55:34.541  DEBUG   [poll]    <- read  st0cur     ret=0  data=['0x01', '0x02', '0x00', '0x02']
14:55:35.542  DEBUG   [poll]    -> read  st2mot    
14:55:35.545  DEBUG   [poll]    <- read  st2mot     ret=0  data=['0x00', '0x00']
14:55:35.546  DEBUG   [poll]    -> read  st0cur    
14:55:35.550  DEBUG   [poll]    <- read  st0cur     ret=0  data=['0x01', '0x02', '0x01', '0x02']
14:55:36.551  DEBUG   [poll]    -> read  st2mot    
14:55:36.555  DEBUG   [poll]    <- read  st2mot     ret=0  data=['0x00', '0x00']
14:55:36.555  DEBUG   [poll]    -> read  st0cur    
14:55:36.559  DEBUG   [poll]    <- read  st0cur     ret=0  data=['0x01', '0x02', '0x01', '0x02']
14:55:37.561  DEBUG   [poll]    -> read  st2mot    
14:55:37.567  DEBUG   [poll]    <- read  st2mot     ret=0  data=['0x00', '0x00']
14:55:37.568  DEBUG   [poll]    -> read  st0cur    
14:55:37.572  DEBUG   [poll]    <- read  st0cur     ret=0  data=['0x01', '0x02', '0x00', '0x02']
14:55:38.574  DEBUG   [poll]    -> read  st2mot    
14:55:38.577  DEBUG   [poll]    <- read  st2mot     ret=0  data=['0x00', '0x00']
14:55:38.577  DEBUG   [poll]    -> read  st0cur    
14:55:38.582  DEBUG   [poll]    <- read  st0cur     ret=0  data=['0x01', '0x02', '0x00', '0x02']
14:55:39.583  DEBUG   [poll]    -> read  st2mot    
14:55:39.586  DEBUG   [poll]    <- read  st2mot     ret=0  data=['0x00', '0x00']
14:55:39.587  DEBUG   [poll]    -> read  st0cur    
14:55:39.591  DEBUG   [poll]    <- read  st0cur     ret=0  data=['0x01', '0x02', '0x01', '0x02']
14:55:40.592  DEBUG   [poll]    -> read  st2mot    
14:55:40.596  DEBUG   [poll]    <- read  st2mot     ret=0  data=['0x00', '0x00']
14:55:40.596  DEBUG   [poll]    -> read  st0cur    
14:55:40.600  DEBUG   [poll]    <- read  st0cur     ret=0  data=['0x01', '0x02', '0x00', '0x02']
14:55:41.602  DEBUG   [poll]    -> read  st2mot    
14:55:41.605  DEBUG   [poll]    <- read  st2mot     ret=0  data=['0x00', '0x00']
14:55:41.606  DEBUG   [poll]    -> read  st0cur    
14:55:41.610  DEBUG   [poll]    <- read  st0cur     ret=0  data=['0x01', '0x02', '0x00', '0x02']
14:55:42.611  DEBUG   [poll]    -> read  st2mot    
14:55:42.618  DEBUG   [poll]    <- read  st2mot     ret=0  data=['0x00', '0x00']
14:55:42.619  DEBUG   [poll]    -> read  st0cur    
14:55:42.623  DEBUG   [poll]    <- read  st0cur     ret=0  data=['0x01', '0x02', '0x00', '0x02']
14:55:43.624  DEBUG   [poll]    -> read  st2mot    
14:55:43.628  DEBUG   [poll]    <- read  st2mot     ret=0  data=['0x00', '0x00']
14:55:43.628  DEBUG   [poll]    -> read  st0cur    
14:55:43.632  DEBUG   [poll]    <- read  st0cur     ret=0  data=['0x01', '0x02', '0x01', '0x02']
14:55:44.634  DEBUG   [poll]    -> read  st2mot    
14:55:44.637  DEBUG   [poll]    <- read  st2mot     ret=0  data=['0x00', '0x00']
14:55:44.638  DEBUG   [poll]    -> read  st0cur    
14:55:44.642  DEBUG   [poll]    <- read  st0cur     ret=0  data=['0x01', '0x02', '0x00', '0x02']
14:55:45.643  DEBUG   [poll]    -> read  st2mot    
14:55:45.647  DEBUG   [poll]    <- read  st2mot     ret=0  data=['0x00', '0x00']
14:55:45.647  DEBUG   [poll]    -> read  st0cur    
14:55:45.652  DEBUG   [poll]    <- read  st0cur     ret=0  data=['0x01', '0x02', '0x01', '0x02']
14:55:46.653  DEBUG   [poll]    -> read  st2mot    
14:55:46.656  DEBUG   [poll]    <- read  st2mot     ret=0  data=['0x00', '0x00']
14:55:46.657  DEBUG   [poll]    -> read  st0cur    
14:55:46.661  DEBUG   [poll]    <- read  st0cur     ret=0  data=['0x01', '0x02', '0x01', '0x02']
14:55:47.662  DEBUG   [poll]    -> read  st2mot    
14:55:47.669  DEBUG   [poll]    <- read  st2mot     ret=0  data=['0x00', '0x00']
14:55:47.670  DEBUG   [poll]    -> read  st0cur    
14:55:47.674  DEBUG   [poll]    <- read  st0cur     ret=0  data=['0x01', '0x02', '0x00', '0x02']
14:55:48.675  DEBUG   [poll]    -> read  st2mot    
14:55:48.679  DEBUG   [poll]    <- read  st2mot     ret=0  data=['0x00', '0x00']
14:55:48.679  DEBUG   [poll]    -> read  st0cur    
14:55:48.683  DEBUG   [poll]    <- read  st0cur     ret=0  data=['0x01', '0x02', '0x00', '0x02']
14:55:49.685  DEBUG   [poll]    -> read  st2mot    
14:55:49.688  DEBUG   [poll]    <- read  st2mot     ret=0  data=['0x00', '0x00']
14:55:49.689  DEBUG   [poll]    -> read  st0cur    
14:55:49.693  DEBUG   [poll]    <- read  st0cur     ret=0  data=['0x01', '0x02', '0x01', '0x02']
14:55:50.694  DEBUG   [poll]    -> read  st2mot    
14:55:50.698  DEBUG   [poll]    <- read  st2mot     ret=0  data=['0x00', '0x00']
14:55:50.698  DEBUG   [poll]    -> read  st0cur    
14:55:50.702  DEBUG   [poll]    <- read  st0cur     ret=0  data=['0x01', '0x02', '0x00', '0x02']
14:55:51.704  DEBUG   [poll]    -> read  st2mot    
14:55:51.707  DEBUG   [poll]    <- read  st2mot     ret=0  data=['0x00', '0x00']
14:55:51.707  DEBUG   [poll]    -> read  st0cur    
14:55:51.712  DEBUG   [poll]    <- read  st0cur     ret=0  data=['0x01', '0x02', '0x00', '0x02']
14:55:52.713  DEBUG   [poll]    -> read  st2mot    
14:55:52.720  DEBUG   [poll]    <- read  st2mot     ret=0  data=['0x00', '0x00']
14:55:52.720  DEBUG   [poll]    -> read  st0cur    
14:55:52.725  DEBUG   [poll]    <- read  st0cur     ret=0  data=['0x01', '0x02', '0x01', '0x02']
14:55:53.726  DEBUG   [poll]    -> read  st2mot    
14:55:53.729  DEBUG   [poll]    <- read  st2mot     ret=0  data=['0x00', '0x00']
14:55:53.730  DEBUG   [poll]    -> read  st0cur    
14:55:53.734  DEBUG   [poll]    <- read  st0cur     ret=0  data=['0x01', '0x02', '0x00', '0x02']
14:55:54.735  DEBUG   [poll]    -> read  st2mot    
14:55:54.739  DEBUG   [poll]    <- read  st2mot     ret=0  data=['0x00', '0x00']
14:55:54.739  DEBUG   [poll]    -> read  st0cur    
14:55:54.743  DEBUG   [poll]    <- read  st0cur     ret=0  data=['0x01', '0x02', '0x01', '0x02']
14:55:55.745  DEBUG   [poll]    -> read  st2mot    
14:55:55.748  DEBUG   [poll]    <- read  st2mot     ret=0  data=['0x00', '0x00']
14:55:55.748  DEBUG   [poll]    -> read  st0cur    
14:55:55.752  DEBUG   [poll]    <- read  st0cur     ret=0  data=['0x01', '0x02', '0x01', '0x02']
14:55:56.753  DEBUG   [poll]    -> read  st2mot    
14:55:56.757  DEBUG   [poll]    <- read  st2mot     ret=0  data=['0x00', '0x00']
14:55:56.757  DEBUG   [poll]    -> read  st0cur    
14:55:56.761  DEBUG   [poll]    <- read  st0cur     ret=0  data=['0x01', '0x02', '0x00', '0x02']
14:55:57.763  DEBUG   [poll]    -> read  st2mot    
14:55:57.770  DEBUG   [poll]    <- read  st2mot     ret=0  data=['0x00', '0x00']
14:55:57.771  DEBUG   [poll]    -> read  st0cur    
14:55:57.775  DEBUG   [poll]    <- read  st0cur     ret=0  data=['0x01', '0x02', '0x00', '0x02']
14:55:58.776  DEBUG   [poll]    -> read  st2mot    
14:55:58.780  DEBUG   [poll]    <- read  st2mot     ret=0  data=['0x00', '0x00']
14:55:58.780  DEBUG   [poll]    -> read  st0cur    
14:55:58.784  DEBUG   [poll]    <- read  st0cur     ret=0  data=['0x01', '0x02', '0x01', '0x02']
14:55:59.786  DEBUG   [poll]    -> read  st2mot    
14:55:59.789  DEBUG   [poll]    <- read  st2mot     ret=0  data=['0x00', '0x00']
14:55:59.790  DEBUG   [poll]    -> read  st0cur    
14:55:59.794  DEBUG   [poll]    <- read  st0cur     ret=0  data=['0x01', '0x02', '0x00', '0x02']
14:56:00.795  DEBUG   [poll]    -> read  st2mot    
14:56:00.799  DEBUG   [poll]    <- read  st2mot     ret=0  data=['0x00', '0x00']
14:56:00.799  DEBUG   [poll]    -> read  st0cur    
14:56:00.803  DEBUG   [poll]    <- read  st0cur     ret=0  data=['0x01', '0x02', '0x00', '0x02']
14:56:01.805  DEBUG   [poll]    -> read  st2mot    
14:56:01.808  DEBUG   [poll]    <- read  st2mot     ret=0  data=['0x00', '0x00']
14:56:01.809  DEBUG   [poll]    -> read  st0cur    
14:56:01.813  DEBUG   [poll]    <- read  st0cur     ret=0  data=['0x01', '0x02', '0x01', '0x02']
14:56:02.814  DEBUG   [poll]    -> read  st2mot    
14:56:02.822  DEBUG   [poll]    <- read  st2mot     ret=0  data=['0x00', '0x00']
14:56:02.822  DEBUG   [poll]    -> read  st0cur    
14:56:02.826  DEBUG   [poll]    <- read  st0cur     ret=0  data=['0x01', '0x02', '0x01', '0x02']
14:56:03.828  DEBUG   [poll]    -> read  st2mot    
14:56:03.831  DEBUG   [poll]    <- read  st2mot     ret=0  data=['0x00', '0x00']
14:56:03.832  DEBUG   [poll]    -> read  st0cur    
14:56:03.836  DEBUG   [poll]    <- read  st0cur     ret=0  data=['0x01', '0x02', '0x00', '0x02']
14:56:04.837  DEBUG   [poll]    -> read  st2mot    
14:56:04.841  DEBUG   [poll]    <- read  st2mot     ret=0  data=['0x00', '0x00']
14:56:04.841  DEBUG   [poll]    -> read  st0cur    
14:56:04.845  DEBUG   [poll]    <- read  st0cur     ret=0  data=['0x01', '0x02', '0x00', '0x02']
14:56:05.847  DEBUG   [poll]    -> read  st2mot    
14:56:05.850  DEBUG   [poll]    <- read  st2mot     ret=0  data=['0x00', '0x00']
14:56:05.851  DEBUG   [poll]    -> read  st0cur    
14:56:05.855  DEBUG   [poll]    <- read  st0cur     ret=0  data=['0x01', '0x02', '0x00', '0x02']
14:56:06.856  DEBUG   [poll]    -> read  st2mot    
14:56:06.860  DEBUG   [poll]    <- read  st2mot     ret=0  data=['0x00', '0x00']
14:56:06.860  DEBUG   [poll]    -> read  st0cur    
14:56:06.864  DEBUG   [poll]    <- read  st0cur     ret=0  data=['0x01', '0x02', '0x00', '0x02']
14:56:07.866  DEBUG   [poll]    -> read  st2mot    
14:56:07.873  DEBUG   [poll]    <- read  st2mot     ret=0  data=['0x00', '0x00']
14:56:07.873  DEBUG   [poll]    -> read  st0cur    
14:56:07.877  DEBUG   [poll]    <- read  st0cur     ret=0  data=['0x01', '0x02', '0x01', '0x02']
14:56:08.879  DEBUG   [poll]    -> read  st2mot    
14:56:08.882  DEBUG   [poll]    <- read  st2mot     ret=0  data=['0x00', '0x00']
14:56:08.883  DEBUG   [poll]    -> read  st0cur    
14:56:08.887  DEBUG   [poll]    <- read  st0cur     ret=0  data=['0x01', '0x02', '0x00', '0x02']
14:56:09.888  DEBUG   [poll]    -> read  st2mot    
14:56:09.892  DEBUG   [poll]    <- read  st2mot     ret=0  data=['0x00', '0x00']
14:56:09.892  DEBUG   [poll]    -> read  st0cur    
14:56:09.896  DEBUG   [poll]    <- read  st0cur     ret=0  data=['0x01', '0x02', '0x01', '0x02']
14:56:10.898  DEBUG   [poll]    -> read  st2mot    
14:56:10.901  DEBUG   [poll]    <- read  st2mot     ret=0  data=['0x00', '0x00']
14:56:10.902  DEBUG   [poll]    -> read  st0cur    
14:56:10.906  DEBUG   [poll]    <- read  st0cur     ret=0  data=['0x01', '0x02', '0x00', '0x02']
14:56:11.907  DEBUG   [poll]    -> read  st2mot    
14:56:11.911  DEBUG   [poll]    <- read  st2mot     ret=0  data=['0x00', '0x00']
14:56:11.911  DEBUG   [poll]    -> read  st0cur    
14:56:11.915  DEBUG   [poll]    <- read  st0cur     ret=0  data=['0x01', '0x02', '0x01', '0x02']
14:56:12.917  DEBUG   [poll]    -> read  st2mot    
14:56:12.924  DEBUG   [poll]    <- read  st2mot     ret=0  data=['0x00', '0x00']
14:56:12.924  DEBUG   [poll]    -> read  st0cur    
14:56:12.928  DEBUG   [poll]    <- read  st0cur     ret=0  data=['0x01', '0x02', '0x01', '0x02']
14:56:13.930  DEBUG   [poll]    -> read  st2mot    
14:56:13.933  DEBUG   [poll]    <- read  st2mot     ret=0  data=['0x00', '0x00']
14:56:13.934  DEBUG   [poll]    -> read  st0cur    
14:56:13.938  DEBUG   [poll]    <- read  st0cur     ret=0  data=['0x01', '0x02', '0x00', '0x02']
14:56:14.940  DEBUG   [poll]    -> read  st2mot    
14:56:14.943  DEBUG   [poll]    <- read  st2mot     ret=0  data=['0x00', '0x00']
14:56:14.944  DEBUG   [poll]    -> read  st0cur    
14:56:14.948  DEBUG   [poll]    <- read  st0cur     ret=0  data=['0x01', '0x02', '0x00', '0x02']
14:56:15.949  DEBUG   [poll]    -> read  st2mot    
14:56:15.953  DEBUG   [poll]    <- read  st2mot     ret=0  data=['0x00', '0x00']
14:56:15.953  DEBUG   [poll]    -> read  st0cur    
14:56:15.957  DEBUG   [poll]    <- read  st0cur     ret=0  data=['0x01', '0x02', '0x01', '0x02']
14:56:16.959  DEBUG   [poll]    -> read  st2mot    
14:56:16.962  DEBUG   [poll]    <- read  st2mot     ret=0  data=['0x00', '0x00']
14:56:16.963  DEBUG   [poll]    -> read  st0cur    
14:56:16.967  DEBUG   [poll]    <- read  st0cur     ret=0  data=['0x01', '0x02', '0x00', '0x02']
14:56:17.968  DEBUG   [poll]    -> read  st2mot    
14:56:17.975  DEBUG   [poll]    <- read  st2mot     ret=0  data=['0x00', '0x00']
14:56:17.976  DEBUG   [poll]    -> read  st0cur    
14:56:17.980  DEBUG   [poll]    <- read  st0cur     ret=0  data=['0x01', '0x02', '0x00', '0x02']
14:56:18.981  DEBUG   [poll]    -> read  st2mot    
14:56:18.985  DEBUG   [poll]    <- read  st2mot     ret=0  data=['0x00', '0x00']
14:56:18.985  DEBUG   [poll]    -> read  st0cur    
14:56:18.989  DEBUG   [poll]    <- read  st0cur     ret=0  data=['0x01', '0x02', '0x00', '0x02']
14:56:19.991  DEBUG   [poll]    -> read  st2mot    
14:56:19.994  DEBUG   [poll]    <- read  st2mot     ret=0  data=['0x00', '0x00']
14:56:19.995  DEBUG   [poll]    -> read  st0cur    
14:56:19.999  DEBUG   [poll]    <- read  st0cur     ret=0  data=['0x01', '0x02', '0x00', '0x02']
14:56:21.000  DEBUG   [poll]    -> read  st2mot    
14:56:21.004  DEBUG   [poll]    <- read  st2mot     ret=0  data=['0x00', '0x00']
14:56:21.004  DEBUG   [poll]    -> read  st0cur    
14:56:21.008  DEBUG   [poll]    <- read  st0cur     ret=0  data=['0x01', '0x02', '0x01', '0x02']
14:56:22.010  DEBUG   [poll]    -> read  st2mot    
14:56:22.013  DEBUG   [poll]    <- read  st2mot     ret=0  data=['0x00', '0x00']
14:56:22.014  DEBUG   [poll]    -> read  st0cur    
14:56:22.018  DEBUG   [poll]    <- read  st0cur     ret=0  data=['0x01', '0x02', '0x00', '0x02']
14:56:23.019  DEBUG   [poll]    -> read  st2mot    
14:56:23.026  DEBUG   [poll]    <- read  st2mot     ret=0  data=['0x00', '0x00']
14:56:23.026  DEBUG   [poll]    -> read  st0cur    
14:56:23.031  DEBUG   [poll]    <- read  st0cur     ret=0  data=['0x01', '0x02', '0x00', '0x02']
14:56:24.032  DEBUG   [poll]    -> read  st2mot    
14:56:24.035  DEBUG   [poll]    <- read  st2mot     ret=0  data=['0x00', '0x00']
14:56:24.036  DEBUG   [poll]    -> read  st0cur    
14:56:24.040  DEBUG   [poll]    <- read  st0cur     ret=0  data=['0x01', '0x02', '0x01', '0x02']
14:56:25.042  DEBUG   [poll]    -> read  st2mot    
14:56:25.045  DEBUG   [poll]    <- read  st2mot     ret=0  data=['0x00', '0x00']
14:56:25.045  DEBUG   [poll]    -> read  st0cur    
14:56:25.050  DEBUG   [poll]    <- read  st0cur     ret=0  data=['0x01', '0x02', '0x00', '0x02']
14:56:26.051  DEBUG   [poll]    -> read  st2mot    
14:56:26.054  DEBUG   [poll]    <- read  st2mot     ret=0  data=['0x00', '0x00']
14:56:26.055  DEBUG   [poll]    -> read  st0cur    
14:56:26.059  DEBUG   [poll]    <- read  st0cur     ret=0  data=['0x01', '0x02', '0x01', '0x02']
14:56:27.061  DEBUG   [poll]    -> read  st2mot    
14:56:27.064  DEBUG   [poll]    <- read  st2mot     ret=0  data=['0x00', '0x00']
14:56:27.064  DEBUG   [poll]    -> read  st0cur    
14:56:27.069  DEBUG   [poll]    <- read  st0cur     ret=0  data=['0x01', '0x02', '0x00', '0x02']
14:56:28.070  DEBUG   [poll]    -> read  st2mot    
14:56:28.077  DEBUG   [poll]    <- read  st2mot     ret=0  data=['0x00', '0x00']
14:56:28.078  DEBUG   [poll]    -> read  st0cur    
14:56:28.082  DEBUG   [poll]    <- read  st0cur     ret=0  data=['0x01', '0x02', '0x01', '0x02']
14:56:29.084  DEBUG   [poll]    -> read  st2mot    
14:56:29.087  DEBUG   [poll]    <- read  st2mot     ret=0  data=['0x00', '0x00']
14:56:29.087  DEBUG   [poll]    -> read  st0cur    
14:56:29.092  DEBUG   [poll]    <- read  st0cur     ret=0  data=['0x01', '0x02', '0x00', '0x02']
14:56:30.093  DEBUG   [poll]    -> read  st2mot    
14:56:30.096  DEBUG   [poll]    <- read  st2mot     ret=0  data=['0x00', '0x00']
14:56:30.097  DEBUG   [poll]    -> read  st0cur    
14:56:30.101  DEBUG   [poll]    <- read  st0cur     ret=0  data=['0x01', '0x02', '0x00', '0x02']
14:56:31.102  DEBUG   [poll]    -> read  st2mot    
14:56:31.106  DEBUG   [poll]    <- read  st2mot     ret=0  data=['0x00', '0x00']
14:56:31.106  DEBUG   [poll]    -> read  st0cur    
14:56:31.110  DEBUG   [poll]    <- read  st0cur     ret=0  data=['0x01', '0x02', '0x01', '0x02']
14:56:32.112  DEBUG   [poll]    -> read  st2mot    
14:56:32.115  DEBUG   [poll]    <- read  st2mot     ret=0  data=['0x00', '0x00']
14:56:32.116  DEBUG   [poll]    -> read  st0cur    
14:56:32.120  DEBUG   [poll]    <- read  st0cur     ret=0  data=['0x01', '0x02', '0x00', '0x02']
14:56:33.121  DEBUG   [poll]    -> read  st2mot    
14:56:33.129  DEBUG   [poll]    <- read  st2mot     ret=0  data=['0x00', '0x00']
14:56:33.129  DEBUG   [poll]    -> read  st0cur    
14:56:33.133  DEBUG   [poll]    <- read  st0cur     ret=0  data=['0x01', '0x02', '0x00', '0x02']
14:56:34.135  DEBUG   [poll]    -> read  st2mot    
14:56:34.138  DEBUG   [poll]    <- read  st2mot     ret=0  data=['0x00', '0x00']
14:56:34.139  DEBUG   [poll]    -> read  st0cur    
14:56:34.143  DEBUG   [poll]    <- read  st0cur     ret=0  data=['0x01', '0x02', '0x01', '0x02']
14:56:35.144  DEBUG   [poll]    -> read  st2mot    
14:56:35.148  DEBUG   [poll]    <- read  st2mot     ret=0  data=['0x00', '0x00']
14:56:35.148  DEBUG   [poll]    -> read  st0cur    
14:56:35.152  DEBUG   [poll]    <- read  st0cur     ret=0  data=['0x01', '0x02', '0x01', '0x02']
14:56:36.154  DEBUG   [poll]    -> read  st2mot    
14:56:36.157  DEBUG   [poll]    <- read  st2mot     ret=0  data=['0x00', '0x00']
14:56:36.158  DEBUG   [poll]    -> read  st0cur    
14:56:36.162  DEBUG   [poll]    <- read  st0cur     ret=0  data=['0x01', '0x02', '0x00', '0x02']
14:56:37.163  DEBUG   [poll]    -> read  st2mot    
14:56:37.167  DEBUG   [poll]    <- read  st2mot     ret=0  data=['0x00', '0x00']
14:56:37.167  DEBUG   [poll]    -> read  st0cur    
14:56:37.171  DEBUG   [poll]    <- read  st0cur     ret=0  data=['0x01', '0x02', '0x00', '0x02']
14:56:38.173  DEBUG   [poll]    -> read  st2mot    
14:56:38.179  DEBUG   [poll]    <- read  st2mot     ret=0  data=['0x00', '0x00']
14:56:38.180  DEBUG   [poll]    -> read  st0cur    
14:56:38.184  DEBUG   [poll]    <- read  st0cur     ret=0  data=['0x01', '0x02', '0x01', '0x02']
14:56:39.185  DEBUG   [poll]    -> read  st2mot    
14:56:39.189  DEBUG   [poll]    <- read  st2mot     ret=0  data=['0x00', '0x00']
14:56:39.189  DEBUG   [poll]    -> read  st0cur    
14:56:39.194  DEBUG   [poll]    <- read  st0cur     ret=0  data=['0x01', '0x02', '0x01', '0x02']
14:56:40.195  DEBUG   [poll]    -> read  st2mot    
14:56:40.198  DEBUG   [poll]    <- read  st2mot     ret=0  data=['0x00', '0x00']
14:56:40.199  DEBUG   [poll]    -> read  st0cur    
14:56:40.203  DEBUG   [poll]    <- read  st0cur     ret=0  data=['0x01', '0x02', '0x01', '0x02']
14:56:41.204  DEBUG   [poll]    -> read  st2mot    
14:56:41.208  DEBUG   [poll]    <- read  st2mot     ret=0  data=['0x00', '0x00']
14:56:41.208  DEBUG   [poll]    -> read  st0cur    
14:56:41.212  DEBUG   [poll]    <- read  st0cur     ret=0  data=['0x01', '0x02', '0x01', '0x02']
14:56:42.214  DEBUG   [poll]    -> read  st2mot    
14:56:42.217  DEBUG   [poll]    <- read  st2mot     ret=0  data=['0x00', '0x00']
14:56:42.218  DEBUG   [poll]    -> read  st0cur    
14:56:42.222  DEBUG   [poll]    <- read  st0cur     ret=0  data=['0x01', '0x02', '0x01', '0x02']
14:56:43.223  DEBUG   [poll]    -> read  st2mot    
14:56:43.230  DEBUG   [poll]    <- read  st2mot     ret=0  data=['0x00', '0x00']
14:56:43.231  DEBUG   [poll]    -> read  st0cur    
14:56:43.235  DEBUG   [poll]    <- read  st0cur     ret=0  data=['0x01', '0x02', '0x00', '0x02']
14:56:44.236  DEBUG   [poll]    -> read  st2mot    
14:56:44.240  DEBUG   [poll]    <- read  st2mot     ret=0  data=['0x00', '0x00']
14:56:44.240  DEBUG   [poll]    -> read  st0cur    
14:56:44.244  DEBUG   [poll]    <- read  st0cur     ret=0  data=['0x01', '0x02', '0x01', '0x02']
14:56:45.246  DEBUG   [poll]    -> read  st2mot    
14:56:45.249  DEBUG   [poll]    <- read  st2mot     ret=0  data=['0x00', '0x00']
14:56:45.250  DEBUG   [poll]    -> read  st0cur    
14:56:45.254  DEBUG   [poll]    <- read  st0cur     ret=0  data=['0x01', '0x02', '0x00', '0x02']
14:56:46.255  DEBUG   [poll]    -> read  st2mot    
14:56:46.259  DEBUG   [poll]    <- read  st2mot     ret=0  data=['0x00', '0x00']
14:56:46.259  DEBUG   [poll]    -> read  st0cur    
14:56:46.263  DEBUG   [poll]    <- read  st0cur     ret=0  data=['0x01', '0x02', '0x00', '0x02']
14:56:47.265  DEBUG   [poll]    -> read  st2mot    
14:56:47.268  DEBUG   [poll]    <- read  st2mot     ret=0  data=['0x00', '0x00']
14:56:47.269  DEBUG   [poll]    -> read  st0cur    
14:56:47.273  DEBUG   [poll]    <- read  st0cur     ret=0  data=['0x01', '0x02', '0x01', '0x02']
14:56:48.274  DEBUG   [poll]    -> read  st2mot    
14:56:48.281  DEBUG   [poll]    <- read  st2mot     ret=0  data=['0x00', '0x00']
14:56:48.282  DEBUG   [poll]    -> read  st0cur    
14:56:48.286  DEBUG   [poll]    <- read  st0cur     ret=0  data=['0x01', '0x02', '0x00', '0x02']
14:56:49.287  DEBUG   [poll]    -> read  st2mot    
14:56:49.291  DEBUG   [poll]    <- read  st2mot     ret=0  data=['0x00', '0x00']
14:56:49.291  DEBUG   [poll]    -> read  st0cur    
14:56:49.295  DEBUG   [poll]    <- read  st0cur     ret=0  data=['0x01', '0x02', '0x00', '0x02']
14:56:50.297  DEBUG   [poll]    -> read  st2mot    
14:56:50.300  DEBUG   [poll]    <- read  st2mot     ret=0  data=['0x00', '0x00']
14:56:50.301  DEBUG   [poll]    -> read  st0cur    
14:56:50.305  DEBUG   [poll]    <- read  st0cur     ret=0  data=['0x01', '0x02', '0x00', '0x02']
14:56:51.306  DEBUG   [poll]    -> read  st2mot    
14:56:51.310  DEBUG   [poll]    <- read  st2mot     ret=0  data=['0x00', '0x00']
14:56:51.310  DEBUG   [poll]    -> read  st0cur    
14:56:51.314  DEBUG   [poll]    <- read  st0cur     ret=0  data=['0x01', '0x02', '0x01', '0x02']
14:56:52.316  DEBUG   [poll]    -> read  st2mot    
14:56:52.319  DEBUG   [poll]    <- read  st2mot     ret=0  data=['0x00', '0x00']
14:56:52.319  DEBUG   [poll]    -> read  st0cur    
14:56:52.324  DEBUG   [poll]    <- read  st0cur     ret=0  data=['0x01', '0x02', '0x00', '0x02']
14:56:53.325  DEBUG   [poll]    -> read  st2mot    
14:56:53.332  DEBUG   [poll]    <- read  st2mot     ret=0  data=['0x00', '0x00']
14:56:53.332  DEBUG   [poll]    -> read  st0cur    
14:56:53.337  DEBUG   [poll]    <- read  st0cur     ret=0  data=['0x01', '0x02', '0x00', '0x02']
14:56:54.338  DEBUG   [poll]    -> read  st2mot    
14:56:54.342  DEBUG   [poll]    <- read  st2mot     ret=0  data=['0x00', '0x00']
14:56:54.342  DEBUG   [poll]    -> read  st0cur    
14:56:54.346  DEBUG   [poll]    <- read  st0cur     ret=0  data=['0x01', '0x02', '0x00', '0x02']
14:56:55.348  DEBUG   [poll]    -> read  st2mot    
14:56:55.351  DEBUG   [poll]    <- read  st2mot     ret=0  data=['0x00', '0x00']
14:56:55.352  DEBUG   [poll]    -> read  st0cur    
14:56:55.356  DEBUG   [poll]    <- read  st0cur     ret=0  data=['0x01', '0x02', '0x01', '0x02']
14:56:56.357  DEBUG   [poll]    -> read  st2mot    
14:56:56.361  DEBUG   [poll]    <- read  st2mot     ret=0  data=['0x00', '0x00']
14:56:56.361  DEBUG   [poll]    -> read  st0cur    
14:56:56.365  DEBUG   [poll]    <- read  st0cur     ret=0  data=['0x01', '0x02', '0x00', '0x02']
14:56:57.367  DEBUG   [poll]    -> read  st2mot    
14:56:57.370  DEBUG   [poll]    <- read  st2mot     ret=0  data=['0x00', '0x00']
14:56:57.371  DEBUG   [poll]    -> read  st0cur    
14:56:57.375  DEBUG   [poll]    <- read  st0cur     ret=0  data=['0x01', '0x02', '0x00', '0x02']
14:56:58.376  DEBUG   [poll]    -> read  st2mot    
14:56:58.383  DEBUG   [poll]    <- read  st2mot     ret=0  data=['0x00', '0x00']
14:56:58.384  DEBUG   [poll]    -> read  st0cur    
14:56:58.388  DEBUG   [poll]    <- read  st0cur     ret=0  data=['0x01', '0x02', '0x01', '0x02']
14:56:59.389  DEBUG   [poll]    -> read  st2mot    
14:56:59.393  DEBUG   [poll]    <- read  st2mot     ret=0  data=['0x00', '0x00']
14:56:59.393  DEBUG   [poll]    -> read  st0cur    
14:56:59.397  DEBUG   [poll]    <- read  st0cur     ret=0  data=['0x01', '0x02', '0x00', '0x02']
14:57:00.399  DEBUG   [poll]    -> read  st2mot    
14:57:00.402  DEBUG   [poll]    <- read  st2mot     ret=0  data=['0x00', '0x00']
14:57:00.402  DEBUG   [poll]    -> read  st0cur    
14:57:00.407  DEBUG   [poll]    <- read  st0cur     ret=0  data=['0x01', '0x02', '0x01', '0x02']
14:57:01.408  DEBUG   [poll]    -> read  st2mot    
14:57:01.412  DEBUG   [poll]    <- read  st2mot     ret=0  data=['0x00', '0x00']
14:57:01.412  DEBUG   [poll]    -> read  st0cur    
14:57:01.416  DEBUG   [poll]    <- read  st0cur     ret=0  data=['0x01', '0x02', '0x00', '0x02']
14:57:02.418  DEBUG   [poll]    -> read  st2mot    
14:57:02.421  DEBUG   [poll]    <- read  st2mot     ret=0  data=['0x00', '0x00']
14:57:02.422  DEBUG   [poll]    -> read  st0cur    
14:57:02.426  DEBUG   [poll]    <- read  st0cur     ret=0  data=['0x01', '0x02', '0x01', '0x02']
14:57:03.427  DEBUG   [poll]    -> read  st2mot    
14:57:03.435  DEBUG   [poll]    <- read  st2mot     ret=0  data=['0x00', '0x00']
14:57:03.435  DEBUG   [poll]    -> read  st0cur    
14:57:03.439  DEBUG   [poll]    <- read  st0cur     ret=0  data=['0x01', '0x02', '0x00', '0x02']
14:57:04.441  DEBUG   [poll]    -> read  st2mot    
14:57:04.444  DEBUG   [poll]    <- read  st2mot     ret=0  data=['0x00', '0x00']
14:57:04.445  DEBUG   [poll]    -> read  st0cur    
14:57:04.449  DEBUG   [poll]    <- read  st0cur     ret=0  data=['0x01', '0x02', '0x00', '0x02']
14:57:05.450  DEBUG   [poll]    -> read  st2mot    
14:57:05.454  DEBUG   [poll]    <- read  st2mot     ret=0  data=['0x00', '0x00']
14:57:05.454  DEBUG   [poll]    -> read  st0cur    
14:57:05.458  DEBUG   [poll]    <- read  st0cur     ret=0  data=['0x01', '0x02', '0x00', '0x02']
14:57:06.460  DEBUG   [poll]    -> read  st2mot    
14:57:06.463  DEBUG   [poll]    <- read  st2mot     ret=0  data=['0x00', '0x00']
14:57:06.463  DEBUG   [poll]    -> read  st0cur    
14:57:06.468  DEBUG   [poll]    <- read  st0cur     ret=0  data=['0x01', '0x02', '0x00', '0x02']
14:57:07.469  DEBUG   [poll]    -> read  st2mot    
14:57:07.473  DEBUG   [poll]    <- read  st2mot     ret=0  data=['0x00', '0x00']
14:57:07.473  DEBUG   [poll]    -> read  st0cur    
14:57:07.477  DEBUG   [poll]    <- read  st0cur     ret=0  data=['0x01', '0x02', '0x00', '0x02']
14:57:08.479  DEBUG   [poll]    -> read  st2mot    
14:57:08.482  DEBUG   [poll]    <- read  st2mot     ret=0  data=['0x00', '0x00']
14:57:08.482  DEBUG   [poll]    -> read  st0cur    
14:57:08.487  DEBUG   [poll]    <- read  st0cur     ret=0  data=['0x01', '0x02', '0x00', '0x02']
14:57:09.488  DEBUG   [poll]    -> read  st2mot    
14:57:09.492  DEBUG   [poll]    <- read  st2mot     ret=0  data=['0x00', '0x00']
14:57:09.492  DEBUG   [poll]    -> read  st0cur    
14:57:09.496  DEBUG   [poll]    <- read  st0cur     ret=0  data=['0x01', '0x02', '0x00', '0x02']
14:57:10.498  DEBUG   [poll]    -> read  st2mot    
14:57:10.501  DEBUG   [poll]    <- read  st2mot     ret=0  data=['0x00', '0x00']
14:57:10.502  DEBUG   [poll]    -> read  st0cur    
14:57:10.506  DEBUG   [poll]    <- read  st0cur     ret=0  data=['0x01', '0x02', '0x01', '0x02']
14:57:11.507  DEBUG   [poll]    -> read  st2mot    
14:57:11.511  DEBUG   [poll]    <- read  st2mot     ret=0  data=['0x00', '0x00']
14:57:11.511  DEBUG   [poll]    -> read  st0cur    
14:57:11.515  DEBUG   [poll]    <- read  st0cur     ret=0  data=['0x01', '0x02', '0x01', '0x02']
14:57:12.517  DEBUG   [poll]    -> read  st2mot    
14:57:12.520  DEBUG   [poll]    <- read  st2mot     ret=0  data=['0x00', '0x00']
14:57:12.521  DEBUG   [poll]    -> read  st0cur    
14:57:12.525  DEBUG   [poll]    <- read  st0cur     ret=0  data=['0x01', '0x02', '0x00', '0x02']
14:57:13.526  DEBUG   [poll]    -> read  st2mot    
14:57:13.530  DEBUG   [poll]    <- read  st2mot     ret=0  data=['0x00', '0x00']
14:57:13.530  DEBUG   [poll]    -> read  st0cur    
14:57:13.535  DEBUG   [poll]    <- read  st0cur     ret=0  data=['0x01', '0x02', '0x00', '0x02']
14:57:14.049  INFO    client connected
14:57:14.050  DEBUG   [client]  -> write cntl0mot   data=['0xff', '0xff']
14:57:14.054  DEBUG   [client]  -> write cntl3mot   data=['0x00', '0x00']
14:57:14.057  DEBUG   [client]  -> write cntl3mot   data=['0x03', '0xe8']
14:57:14.061  DEBUG   [client]  -> read  st2mot    
14:57:14.065  DEBUG   [client]  <- read  st2mot     ret=0  data=['0x00', '0x00']
14:57:14.066  DEBUG   [client]  -> read  st0cur    
14:57:14.070  DEBUG   [client]  <- read  st0cur     ret=0  data=['0x01', '0x02', '0x00', '0x02']
14:57:14.262  DEBUG   [client]  -> read  st2mot    
14:57:14.265  DEBUG   [client]  <- read  st2mot     ret=0  data=['0x00', '0x00']
14:57:14.462  DEBUG   [client]  -> read  st2mot    
14:57:14.465  DEBUG   [client]  <- read  st2mot     ret=0  data=['0x58', '0x02']
14:57:14.536  DEBUG   [poll]    -> read  st2mot    
14:57:14.539  DEBUG   [poll]    <- read  st2mot     ret=0  data=['0xcf', '0x03']
14:57:14.539  DEBUG   [poll]    -> read  st0cur    
14:57:14.543  DEBUG   [poll]    <- read  st0cur     ret=0  data=['0x01', '0x02', '0x00', '0x02']
14:57:14.662  DEBUG   [client]  -> read  st2mot    
14:57:14.665  DEBUG   [client]  <- read  st2mot     ret=0  data=['0x52', '0x03']
14:57:14.862  DEBUG   [client]  -> read  st2mot    
14:57:14.866  DEBUG   [client]  <- read  st2mot     ret=0  data=['0xee', '0x02']
14:57:15.062  DEBUG   [client]  -> read  st2mot    
14:57:15.066  DEBUG   [client]  <- read  st2mot     ret=0  data=['0xe8', '0x03']
14:57:15.067  DEBUG   [client]  -> read  st0cur    
14:57:15.072  DEBUG   [client]  <- read  st0cur     ret=0  data=['0xfa', '0x01', '0xf9', '0x01']
14:57:15.262  DEBUG   [client]  -> read  st2mot    
14:57:15.266  DEBUG   [client]  <- read  st2mot     ret=0  data=['0x84', '0x03']
14:57:15.462  DEBUG   [client]  -> read  st2mot    
14:57:15.466  DEBUG   [client]  <- read  st2mot     ret=0  data=['0xe8', '0x03']
14:57:15.544  DEBUG   [poll]    -> read  st2mot    
14:57:15.548  DEBUG   [poll]    <- read  st2mot     ret=0  data=['0xcf', '0x03']
14:57:15.548  DEBUG   [poll]    -> read  st0cur    
14:57:15.553  DEBUG   [poll]    <- read  st0cur     ret=0  data=['0xfa', '0x01', '0xf9', '0x01']
14:57:15.662  DEBUG   [client]  -> read  st2mot    
14:57:15.665  DEBUG   [client]  <- read  st2mot     ret=0  data=['0xcf', '0x03']
14:57:15.862  DEBUG   [client]  -> read  st2mot    
14:57:15.865  DEBUG   [client]  <- read  st2mot     ret=0  data=['0xe8', '0x03']
14:57:16.062  DEBUG   [client]  -> read  st2mot    
14:57:16.066  DEBUG   [client]  <- read  st2mot     ret=0  data=['0xcf', '0x03']
14:57:16.067  DEBUG   [client]  -> read  st0cur    
14:57:16.072  DEBUG   [client]  <- read  st0cur     ret=0  data=['0xf6', '0x01', '0xf5', '0x01']
14:57:16.262  DEBUG   [client]  -> read  st2mot    
14:57:16.266  DEBUG   [client]  <- read  st2mot     ret=0  data=['0x01', '0x04']
14:57:16.462  DEBUG   [client]  -> read  st2mot    
14:57:16.466  DEBUG   [client]  <- read  st2mot     ret=0  data=['0xcf', '0x03']
14:57:16.554  DEBUG   [poll]    -> read  st2mot    
14:57:16.558  DEBUG   [poll]    <- read  st2mot     ret=0  data=['0xcf', '0x03']
14:57:16.558  DEBUG   [poll]    -> read  st0cur    
14:57:16.562  DEBUG   [poll]    <- read  st0cur     ret=0  data=['0xf6', '0x01', '0xf5', '0x01']
14:57:16.662  DEBUG   [client]  -> read  st2mot    
14:57:16.665  DEBUG   [client]  <- read  st2mot     ret=0  data=['0xe8', '0x03']
14:57:16.862  DEBUG   [client]  -> read  st2mot    
14:57:16.866  DEBUG   [client]  <- read  st2mot     ret=0  data=['0xe8', '0x03']
14:57:17.062  DEBUG   [client]  -> read  st2mot    
14:57:17.065  DEBUG   [client]  <- read  st2mot     ret=0  data=['0xe8', '0x03']
14:57:17.067  DEBUG   [client]  -> read  st0cur    
14:57:17.072  DEBUG   [client]  <- read  st0cur     ret=0  data=['0xf5', '0x01', '0xf6', '0x01']
14:57:17.262  DEBUG   [client]  -> read  st2mot    
14:57:17.265  DEBUG   [client]  <- read  st2mot     ret=0  data=['0xcf', '0x03']
14:57:17.462  DEBUG   [client]  -> read  st2mot    
14:57:17.466  DEBUG   [client]  <- read  st2mot     ret=0  data=['0x01', '0x04']
14:57:17.564  DEBUG   [poll]    -> read  st2mot    
14:57:17.567  DEBUG   [poll]    <- read  st2mot     ret=0  data=['0xcf', '0x03']
14:57:17.568  DEBUG   [poll]    -> read  st0cur    
14:57:17.572  DEBUG   [poll]    <- read  st0cur     ret=0  data=['0xf5', '0x01', '0xf6', '0x01']
14:57:17.662  DEBUG   [client]  -> read  st2mot    
14:57:17.665  DEBUG   [client]  <- read  st2mot     ret=0  data=['0xcf', '0x03']
14:57:17.862  DEBUG   [client]  -> read  st2mot    
14:57:17.866  DEBUG   [client]  <- read  st2mot     ret=0  data=['0xe8', '0x03']
14:57:18.062  DEBUG   [client]  -> read  st2mot    
14:57:18.066  DEBUG   [client]  <- read  st2mot     ret=0  data=['0xcf', '0x03']
14:57:18.067  DEBUG   [client]  -> read  st0cur    
14:57:18.072  DEBUG   [client]  <- read  st0cur     ret=0  data=['0xf6', '0x01', '0xf4', '0x01']
14:57:18.262  DEBUG   [client]  -> read  st2mot    
14:57:18.265  DEBUG   [client]  <- read  st2mot     ret=0  data=['0x01', '0x04']
14:57:18.462  DEBUG   [client]  -> read  st2mot    
14:57:18.466  DEBUG   [client]  <- read  st2mot     ret=0  data=['0xcf', '0x03']
14:57:18.574  DEBUG   [poll]    -> read  st2mot    
14:57:18.577  DEBUG   [poll]    <- read  st2mot     ret=0  data=['0x1a', '0x04']
14:57:18.579  DEBUG   [poll]    -> read  st0cur    
14:57:18.583  DEBUG   [poll]    <- read  st0cur     ret=0  data=['0xf6', '0x01', '0xf4', '0x01']
14:57:18.662  DEBUG   [client]  -> read  st2mot    
14:57:18.666  DEBUG   [client]  <- read  st2mot     ret=0  data=['0xcf', '0x03']
14:57:18.862  DEBUG   [client]  -> read  st2mot    
14:57:18.865  DEBUG   [client]  <- read  st2mot     ret=0  data=['0x01', '0x04']
14:57:19.062  DEBUG   [client]  -> read  st2mot    
14:57:19.065  DEBUG   [client]  <- read  st2mot     ret=0  data=['0xe8', '0x03']
14:57:19.067  DEBUG   [client]  -> read  st0cur    
14:57:19.072  DEBUG   [client]  <- read  st0cur     ret=0  data=['0xf6', '0x01', '0xf5', '0x01']
14:57:19.262  DEBUG   [client]  -> read  st2mot    
14:57:19.265  DEBUG   [client]  <- read  st2mot     ret=0  data=['0xb6', '0x03']
14:57:19.462  DEBUG   [client]  -> read  st2mot    
14:57:19.466  DEBUG   [client]  <- read  st2mot     ret=0  data=['0x01', '0x04']
14:57:19.585  DEBUG   [poll]    -> read  st2mot    
14:57:19.588  DEBUG   [poll]    <- read  st2mot     ret=0  data=['0xcf', '0x03']
14:57:19.589  DEBUG   [poll]    -> read  st0cur    
14:57:19.593  DEBUG   [poll]    <- read  st0cur     ret=0  data=['0xf5', '0x01', '0xf5', '0x01']
14:57:19.662  DEBUG   [client]  -> read  st2mot    
14:57:19.665  DEBUG   [client]  <- read  st2mot     ret=0  data=['0xcf', '0x03']
14:57:19.862  DEBUG   [client]  -> read  st2mot    
14:57:19.866  DEBUG   [client]  <- read  st2mot     ret=0  data=['0xe8', '0x03']
14:57:20.062  DEBUG   [client]  -> read  st2mot    
14:57:20.066  DEBUG   [client]  <- read  st2mot     ret=0  data=['0xcf', '0x03']
14:57:20.067  DEBUG   [client]  -> read  st0cur    
14:57:20.072  DEBUG   [client]  <- read  st0cur     ret=0  data=['0xf5', '0x01', '0xf5', '0x01']
14:57:20.262  DEBUG   [client]  -> read  st2mot    
14:57:20.266  DEBUG   [client]  <- read  st2mot     ret=0  data=['0x1a', '0x04']
14:57:20.462  DEBUG   [client]  -> read  st2mot    
14:57:20.466  DEBUG   [client]  <- read  st2mot     ret=0  data=['0xb6', '0x03']
14:57:20.595  DEBUG   [poll]    -> read  st2mot    
14:57:20.598  DEBUG   [poll]    <- read  st2mot     ret=0  data=['0x1a', '0x04']
14:57:20.599  DEBUG   [poll]    -> read  st0cur    
14:57:20.603  DEBUG   [poll]    <- read  st0cur     ret=0  data=['0xf4', '0x01', '0xf4', '0x01']
14:57:20.662  DEBUG   [client]  -> read  st2mot    
14:57:20.665  DEBUG   [client]  <- read  st2mot     ret=0  data=['0x1a', '0x04']
14:57:20.862  DEBUG   [client]  -> read  st2mot    
14:57:20.866  DEBUG   [client]  <- read  st2mot     ret=0  data=['0xcf', '0x03']
14:57:20.867  DEBUG   [client]  -> write cntl3mot   data=['0x00', '0x00']
14:57:20.872  WARNING client disconnected — stopping motor
14:57:20.872  DEBUG   [client]  -> write cntl3mot   data=['0x00', '0x00']
14:57:20.877  INFO    client disconnected
14:57:21.604  DEBUG   [poll]    -> read  st2mot    
14:57:21.607  DEBUG   [poll]    <- read  st2mot     ret=0  data=['0x00', '0x00']
14:57:21.608  DEBUG   [poll]    -> read  st0cur    
14:57:21.611  DEBUG   [poll]    <- read  st0cur     ret=0  data=['0xfd', '0x01', '0xfd', '0x01']
14:57:22.613  DEBUG   [poll]    -> read  st2mot    
14:57:22.616  DEBUG   [poll]    <- read  st2mot     ret=0  data=['0x00', '0x00']
14:57:22.617  DEBUG   [poll]    -> read  st0cur    
14:57:22.621  DEBUG   [poll]    <- read  st0cur     ret=0  data=['0x01', '0x02', '0x01', '0x02']
14:57:23.622  DEBUG   [poll]    -> read  st2mot    
14:57:23.626  DEBUG   [poll]    <- read  st2mot     ret=0  data=['0x00', '0x00']
14:57:23.627  DEBUG   [poll]    -> read  st0cur    
14:57:23.631  DEBUG   [poll]    <- read  st0cur     ret=0  data=['0x01', '0x02', '0x00', '0x02']
14:57:24.633  DEBUG   [poll]    -> read  st2mot    
14:57:24.636  DEBUG   [poll]    <- read  st2mot     ret=0  data=['0x00', '0x00']
14:57:24.636  DEBUG   [poll]    -> read  st0cur    
14:57:24.640  DEBUG   [poll]    <- read  st0cur     ret=0  data=['0x01', '0x02', '0x00', '0x02']
14:57:25.642  DEBUG   [poll]    -> read  st2mot    
14:57:25.645  DEBUG   [poll]    <- read  st2mot     ret=0  data=['0x00', '0x00']
14:57:25.646  DEBUG   [poll]    -> read  st0cur    
14:57:25.650  DEBUG   [poll]    <- read  st0cur     ret=0  data=['0x01', '0x02', '0x00', '0x02']
14:57:26.652  DEBUG   [poll]    -> read  st2mot    
14:57:26.655  DEBUG   [poll]    <- read  st2mot     ret=0  data=['0x00', '0x00']
14:57:26.655  DEBUG   [poll]    -> read  st0cur    
14:57:26.659  DEBUG   [poll]    <- read  st0cur     ret=0  data=['0x01', '0x02', '0x00', '0x02']
14:57:26.876  INFO    client connected
14:57:26.877  DEBUG   [client]  -> write cntl0mot   data=['0x00', '0xff']
14:57:26.880  DEBUG   [client]  -> write cntl3mot   data=['0x00', '0x00']
14:57:26.884  DEBUG   [client]  -> write cntl3mot   data=['0x03', '0xe8']
14:57:26.888  DEBUG   [client]  -> read  st2mot    
14:57:26.891  DEBUG   [client]  <- read  st2mot     ret=0  data=['0x00', '0x00']
14:57:26.892  DEBUG   [client]  -> read  st0cur    
14:57:26.898  DEBUG   [client]  <- read  st0cur     ret=0  data=['0x01', '0x02', '0x00', '0x02']
14:57:27.088  DEBUG   [client]  -> read  st2mot    
14:57:27.091  DEBUG   [client]  <- read  st2mot     ret=0  data=['0xa9', '0x01']
14:57:27.288  DEBUG   [client]  -> read  st2mot    
14:57:27.291  DEBUG   [client]  <- read  st2mot     ret=0  data=['0xbc', '0x02']
14:57:27.488  DEBUG   [client]  -> read  st2mot    
14:57:27.492  DEBUG   [client]  <- read  st2mot     ret=0  data=['0xbc', '0x02']
14:57:27.661  DEBUG   [poll]    -> read  st2mot    
14:57:27.664  DEBUG   [poll]    <- read  st2mot     ret=0  data=['0x52', '0x03']
14:57:27.665  DEBUG   [poll]    -> read  st0cur    
14:57:27.669  DEBUG   [poll]    <- read  st0cur     ret=0  data=['0xf8', '0x01', '0xf9', '0x01']
14:57:27.688  DEBUG   [client]  -> read  st2mot    
14:57:27.692  DEBUG   [client]  <- read  st2mot     ret=0  data=['0x84', '0x03']
14:57:27.888  DEBUG   [client]  -> read  st2mot    
14:57:27.892  DEBUG   [client]  <- read  st2mot     ret=0  data=['0x52', '0x03']
14:57:27.894  DEBUG   [client]  -> read  st0cur    
14:57:27.898  DEBUG   [client]  <- read  st0cur     ret=0  data=['0xf8', '0x01', '0xf9', '0x01']
14:57:28.089  DEBUG   [client]  -> read  st2mot    
14:57:28.092  DEBUG   [client]  <- read  st2mot     ret=0  data=['0xcf', '0x03']
14:57:28.289  DEBUG   [client]  -> read  st2mot    
14:57:28.292  DEBUG   [client]  <- read  st2mot     ret=0  data=['0xb6', '0x03']
14:57:28.488  DEBUG   [client]  -> read  st2mot    
14:57:28.492  DEBUG   [client]  <- read  st2mot     ret=0  data=['0xb6', '0x03']
14:57:28.671  DEBUG   [poll]    -> read  st2mot    
14:57:28.679  DEBUG   [poll]    <- read  st2mot     ret=0  data=['0xb6', '0x03']
14:57:28.679  DEBUG   [poll]    -> read  st0cur    
14:57:28.684  DEBUG   [poll]    <- read  st0cur     ret=0  data=['0xf5', '0x01', '0xf5', '0x01']
14:57:28.688  DEBUG   [client]  -> read  st2mot    
14:57:28.692  DEBUG   [client]  <- read  st2mot     ret=0  data=['0xb6', '0x03']
14:57:28.888  DEBUG   [client]  -> read  st2mot    
14:57:28.892  DEBUG   [client]  <- read  st2mot     ret=0  data=['0xe8', '0x03']
14:57:28.893  DEBUG   [client]  -> read  st0cur    
14:57:28.898  DEBUG   [client]  <- read  st0cur     ret=0  data=['0xf5', '0x01', '0xf5', '0x01']
14:57:29.088  DEBUG   [client]  -> read  st2mot    
14:57:29.092  DEBUG   [client]  <- read  st2mot     ret=0  data=['0xcf', '0x03']
14:57:29.288  DEBUG   [client]  -> read  st2mot    
14:57:29.292  DEBUG   [client]  <- read  st2mot     ret=0  data=['0xb6', '0x03']
14:57:29.488  DEBUG   [client]  -> read  st2mot    
14:57:29.492  DEBUG   [client]  <- read  st2mot     ret=0  data=['0x01', '0x04']
14:57:29.685  DEBUG   [poll]    -> read  st2mot    
14:57:29.689  DEBUG   [poll]    <- read  st2mot     ret=0  data=['0xcf', '0x03']
14:57:29.689  DEBUG   [poll]    -> read  st0cur    
14:57:29.694  DEBUG   [poll]    <- read  st0cur     ret=0  data=['0xf5', '0x01', '0xf5', '0x01']
14:57:29.694  DEBUG   [client]  -> read  st2mot    
14:57:29.698  DEBUG   [client]  <- read  st2mot     ret=0  data=['0xcf', '0x03']
14:57:29.888  DEBUG   [client]  -> read  st2mot    
14:57:29.892  DEBUG   [client]  <- read  st2mot     ret=0  data=['0x01', '0x04']
14:57:29.894  DEBUG   [client]  -> read  st0cur    
14:57:29.898  DEBUG   [client]  <- read  st0cur     ret=0  data=['0xf5', '0x01', '0xf5', '0x01']
14:57:30.088  DEBUG   [client]  -> read  st2mot    
14:57:30.092  DEBUG   [client]  <- read  st2mot     ret=0  data=['0xcf', '0x03']
14:57:30.288  DEBUG   [client]  -> read  st2mot    
14:57:30.292  DEBUG   [client]  <- read  st2mot     ret=0  data=['0x1a', '0x04']
14:57:30.488  DEBUG   [client]  -> read  st2mot    
14:57:30.492  DEBUG   [client]  <- read  st2mot     ret=0  data=['0xb6', '0x03']
14:57:30.688  DEBUG   [client]  -> read  st2mot    
14:57:30.692  DEBUG   [client]  <- read  st2mot     ret=0  data=['0x1a', '0x04']
14:57:30.695  DEBUG   [poll]    -> read  st2mot    
14:57:30.699  DEBUG   [poll]    <- read  st2mot     ret=0  data=['0x1a', '0x04']
14:57:30.699  DEBUG   [poll]    -> read  st0cur    
14:57:30.704  DEBUG   [poll]    <- read  st0cur     ret=0  data=['0xf6', '0x01', '0xf5', '0x01']
14:57:30.888  DEBUG   [client]  -> read  st2mot    
14:57:30.892  DEBUG   [client]  <- read  st2mot     ret=0  data=['0xcf', '0x03']
14:57:30.894  DEBUG   [client]  -> read  st0cur    
14:57:30.898  DEBUG   [client]  <- read  st0cur     ret=0  data=['0xf6', '0x01', '0xf5', '0x01']
14:57:31.088  DEBUG   [client]  -> read  st2mot    
14:57:31.092  DEBUG   [client]  <- read  st2mot     ret=0  data=['0x01', '0x04']
14:57:31.289  DEBUG   [client]  -> read  st2mot    
14:57:31.292  DEBUG   [client]  <- read  st2mot     ret=0  data=['0xe8', '0x03']
14:57:31.488  DEBUG   [client]  -> read  st2mot    
14:57:31.492  DEBUG   [client]  <- read  st2mot     ret=0  data=['0x01', '0x04']
14:57:31.688  DEBUG   [client]  -> read  st2mot    
14:57:31.692  DEBUG   [client]  <- read  st2mot     ret=0  data=['0xe8', '0x03']
14:57:31.705  DEBUG   [poll]    -> read  st2mot    
14:57:31.709  DEBUG   [poll]    <- read  st2mot     ret=0  data=['0xe8', '0x03']
14:57:31.709  DEBUG   [poll]    -> read  st0cur    
14:57:31.713  DEBUG   [poll]    <- read  st0cur     ret=0  data=['0xf6', '0x01', '0xf4', '0x01']
14:57:31.888  DEBUG   [client]  -> read  st2mot    
14:57:31.892  DEBUG   [client]  <- read  st2mot     ret=0  data=['0xe8', '0x03']
14:57:31.894  DEBUG   [client]  -> read  st0cur    
14:57:31.898  DEBUG   [client]  <- read  st0cur     ret=0  data=['0xf6', '0x01', '0xf4', '0x01']
14:57:32.088  DEBUG   [client]  -> read  st2mot    
14:57:32.092  DEBUG   [client]  <- read  st2mot     ret=0  data=['0xe8', '0x03']
14:57:32.288  DEBUG   [client]  -> read  st2mot    
14:57:32.292  DEBUG   [client]  <- read  st2mot     ret=0  data=['0xe8', '0x03']
14:57:32.489  DEBUG   [client]  -> read  st2mot    
14:57:32.492  DEBUG   [client]  <- read  st2mot     ret=0  data=['0xcf', '0x03']
14:57:32.689  DEBUG   [client]  -> read  st2mot    
14:57:32.692  DEBUG   [client]  <- read  st2mot     ret=0  data=['0x01', '0x04']
14:57:32.715  DEBUG   [poll]    -> read  st2mot    
14:57:32.720  DEBUG   [poll]    <- read  st2mot     ret=0  data=['0x01', '0x04']
14:57:32.720  DEBUG   [poll]    -> read  st0cur    
14:57:32.724  DEBUG   [poll]    <- read  st0cur     ret=0  data=['0xf5', '0x01', '0xf6', '0x01']
14:57:32.889  DEBUG   [client]  -> read  st2mot    
14:57:32.892  DEBUG   [client]  <- read  st2mot     ret=0  data=['0xe8', '0x03']
14:57:32.894  DEBUG   [client]  -> read  st0cur    
14:57:32.898  DEBUG   [client]  <- read  st0cur     ret=0  data=['0xf5', '0x01', '0xf6', '0x01']
14:57:33.089  DEBUG   [client]  -> read  st2mot    
14:57:33.092  DEBUG   [client]  <- read  st2mot     ret=0  data=['0x01', '0x04']
14:57:33.289  DEBUG   [client]  -> read  st2mot    
14:57:33.292  DEBUG   [client]  <- read  st2mot     ret=0  data=['0x01', '0x04']
14:57:33.489  DEBUG   [client]  -> read  st2mot    
14:57:33.492  DEBUG   [client]  <- read  st2mot     ret=0  data=['0xe8', '0x03']
14:57:33.726  DEBUG   [poll]    -> read  st2mot    
14:57:33.743  DEBUG   [poll]    <- read  st2mot     ret=0  data=['0x01', '0x04']
14:57:33.743  DEBUG   [poll]    -> read  st0cur    
14:57:33.747  DEBUG   [poll]    <- read  st0cur     ret=0  data=['0xf7', '0x01', '0xf5', '0x01']
14:57:33.748  DEBUG   [client]  -> read  st2mot    
14:57:33.752  DEBUG   [client]  <- read  st2mot     ret=0  data=['0x01', '0x04']
14:57:33.754  DEBUG   [client]  -> write cntl3mot   data=['0x00', '0x00']
14:57:33.758  WARNING client disconnected — stopping motor
14:57:33.760  DEBUG   [client]  -> write cntl3mot   data=['0x00', '0x00']
14:57:33.764  INFO    client disconnected
14:57:34.749  DEBUG   [poll]    -> read  st2mot    
14:57:34.752  DEBUG   [poll]    <- read  st2mot     ret=0  data=['0x00', '0x00']
14:57:34.753  DEBUG   [poll]    -> read  st0cur    
14:57:34.757  DEBUG   [poll]    <- read  st0cur     ret=0  data=['0x00', '0x02', '0xff', '0x01']
14:57:35.759  DEBUG   [poll]    -> read  st2mot    
14:57:35.762  DEBUG   [poll]    <- read  st2mot     ret=0  data=['0x00', '0x00']
14:57:35.763  DEBUG   [poll]    -> read  st0cur    
14:57:35.767  DEBUG   [poll]    <- read  st0cur     ret=0  data=['0x01', '0x02', '0x00', '0x02']
14:57:36.768  DEBUG   [poll]    -> read  st2mot    
14:57:36.772  DEBUG   [poll]    <- read  st2mot     ret=0  data=['0x00', '0x00']
14:57:36.772  DEBUG   [poll]    -> read  st0cur    
14:57:36.776  DEBUG   [poll]    <- read  st0cur     ret=0  data=['0x01', '0x02', '0x00', '0x02']
14:57:37.778  DEBUG   [poll]    -> read  st2mot    
14:57:37.781  DEBUG   [poll]    <- read  st2mot     ret=0  data=['0x00', '0x00']
14:57:37.782  DEBUG   [poll]    -> read  st0cur    
14:57:37.786  DEBUG   [poll]    <- read  st0cur     ret=0  data=['0x01', '0x02', '0x00', '0x02']
14:57:38.701  INFO    client connected
14:57:38.702  DEBUG   [client]  -> write cntl0mot   data=['0x01', '0xff']
14:57:38.706  DEBUG   [client]  -> write cntl3mot   data=['0x00', '0x00']
14:57:38.709  DEBUG   [client]  -> write cntl3mot   data=['0x03', '0xe8']
14:57:38.713  DEBUG   [client]  -> read  st2mot    
14:57:38.716  DEBUG   [client]  <- read  st2mot     ret=0  data=['0x00', '0x00']
14:57:38.717  DEBUG   [client]  -> read  st0cur    
14:57:38.721  DEBUG   [client]  <- read  st0cur     ret=0  data=['0x01', '0x02', '0x01', '0x02']
14:57:38.788  DEBUG   [poll]    -> read  st2mot    
14:57:38.791  DEBUG   [poll]    <- read  st2mot     ret=0  data=['0x19', '0x00']
14:57:38.791  DEBUG   [poll]    -> read  st0cur    
14:57:38.795  DEBUG   [poll]    <- read  st0cur     ret=0  data=['0x01', '0x02', '0x01', '0x02']
14:57:38.913  DEBUG   [client]  -> read  st2mot    
14:57:38.916  DEBUG   [client]  <- read  st2mot     ret=0  data=['0x5e', '0x01']
14:57:39.113  DEBUG   [client]  -> read  st2mot    
14:57:39.116  DEBUG   [client]  <- read  st2mot     ret=0  data=['0xbc', '0x02']
14:57:39.313  DEBUG   [client]  -> read  st2mot    
14:57:39.317  DEBUG   [client]  <- read  st2mot     ret=0  data=['0xa3', '0x02']
14:57:39.514  DEBUG   [client]  -> read  st2mot    
14:57:39.517  DEBUG   [client]  <- read  st2mot     ret=0  data=['0x84', '0x03']
14:57:39.714  DEBUG   [client]  -> read  st2mot    
14:57:39.717  DEBUG   [client]  <- read  st2mot     ret=0  data=['0x52', '0x03']
14:57:39.719  DEBUG   [client]  -> read  st0cur    
14:57:39.723  DEBUG   [client]  <- read  st0cur     ret=0  data=['0xf6', '0x01', '0xf6', '0x01']
14:57:39.796  DEBUG   [poll]    -> read  st2mot    
14:57:39.799  DEBUG   [poll]    <- read  st2mot     ret=0  data=['0x84', '0x03']
14:57:39.800  DEBUG   [poll]    -> read  st0cur    
14:57:39.804  DEBUG   [poll]    <- read  st0cur     ret=0  data=['0xf6', '0x01', '0xf6', '0x01']
14:57:39.914  DEBUG   [client]  -> read  st2mot    
14:57:39.917  DEBUG   [client]  <- read  st2mot     ret=0  data=['0x9d', '0x03']
14:57:40.114  DEBUG   [client]  -> read  st2mot    
14:57:40.117  DEBUG   [client]  <- read  st2mot     ret=0  data=['0xb6', '0x03']
14:57:40.314  DEBUG   [client]  -> read  st2mot    
14:57:40.317  DEBUG   [client]  <- read  st2mot     ret=0  data=['0xb6', '0x03']
14:57:40.514  DEBUG   [client]  -> read  st2mot    
14:57:40.517  DEBUG   [client]  <- read  st2mot     ret=0  data=['0xcf', '0x03']
14:57:40.714  DEBUG   [client]  -> read  st2mot    
14:57:40.717  DEBUG   [client]  <- read  st2mot     ret=0  data=['0xe8', '0x03']
14:57:40.719  DEBUG   [client]  -> read  st0cur    
14:57:40.723  DEBUG   [client]  <- read  st0cur     ret=0  data=['0xf6', '0x01', '0xf3', '0x01']
14:57:40.805  DEBUG   [poll]    -> read  st2mot    
14:57:40.809  DEBUG   [poll]    <- read  st2mot     ret=0  data=['0xe8', '0x03']
14:57:40.809  DEBUG   [poll]    -> read  st0cur    
14:57:40.813  DEBUG   [poll]    <- read  st0cur     ret=0  data=['0xf6', '0x01', '0xf3', '0x01']
14:57:40.914  DEBUG   [client]  -> read  st2mot    
14:57:40.917  DEBUG   [client]  <- read  st2mot     ret=0  data=['0xe8', '0x03']
14:57:41.114  DEBUG   [client]  -> read  st2mot    
14:57:41.117  DEBUG   [client]  <- read  st2mot     ret=0  data=['0xe8', '0x03']
14:57:41.314  DEBUG   [client]  -> read  st2mot    
14:57:41.317  DEBUG   [client]  <- read  st2mot     ret=0  data=['0xcf', '0x03']
14:57:41.514  DEBUG   [client]  -> read  st2mot    
14:57:41.517  DEBUG   [client]  <- read  st2mot     ret=0  data=['0x01', '0x04']
14:57:41.714  DEBUG   [client]  -> read  st2mot    
14:57:41.717  DEBUG   [client]  <- read  st2mot     ret=0  data=['0xcf', '0x03']
14:57:41.719  DEBUG   [client]  -> read  st0cur    
14:57:41.723  DEBUG   [client]  <- read  st0cur     ret=0  data=['0xf6', '0x01', '0xf5', '0x01']
14:57:41.815  DEBUG   [poll]    -> read  st2mot    
14:57:41.818  DEBUG   [poll]    <- read  st2mot     ret=0  data=['0xe8', '0x03']
14:57:41.819  DEBUG   [poll]    -> read  st0cur    
14:57:41.823  DEBUG   [poll]    <- read  st0cur     ret=0  data=['0xf6', '0x01', '0xf5', '0x01']
14:57:41.914  DEBUG   [client]  -> read  st2mot    
14:57:41.917  DEBUG   [client]  <- read  st2mot     ret=0  data=['0xe8', '0x03']
14:57:42.114  DEBUG   [client]  -> read  st2mot    
14:57:42.117  DEBUG   [client]  <- read  st2mot     ret=0  data=['0xe8', '0x03']
14:57:42.314  DEBUG   [client]  -> read  st2mot    
14:57:42.317  DEBUG   [client]  <- read  st2mot     ret=0  data=['0xe8', '0x03']
14:57:42.514  DEBUG   [client]  -> read  st2mot    
14:57:42.517  DEBUG   [client]  <- read  st2mot     ret=0  data=['0x01', '0x04']
14:57:42.714  DEBUG   [client]  -> read  st2mot    
14:57:42.717  DEBUG   [client]  <- read  st2mot     ret=0  data=['0xcf', '0x03']
14:57:42.719  DEBUG   [client]  -> read  st0cur    
14:57:42.723  DEBUG   [client]  <- read  st0cur     ret=0  data=['0xf5', '0x01', '0xf4', '0x01']
14:57:42.824  DEBUG   [poll]    -> read  st2mot    
14:57:42.827  DEBUG   [poll]    <- read  st2mot     ret=0  data=['0x01', '0x04']
14:57:42.828  DEBUG   [poll]    -> read  st0cur    
14:57:42.832  DEBUG   [poll]    <- read  st0cur     ret=0  data=['0xf5', '0x01', '0xf4', '0x01']
14:57:42.914  DEBUG   [client]  -> read  st2mot    
14:57:42.917  DEBUG   [client]  <- read  st2mot     ret=0  data=['0xe8', '0x03']
14:57:43.114  DEBUG   [client]  -> read  st2mot    
14:57:43.117  DEBUG   [client]  <- read  st2mot     ret=0  data=['0xcf', '0x03']
14:57:43.314  DEBUG   [client]  -> read  st2mot    
14:57:43.317  DEBUG   [client]  <- read  st2mot     ret=0  data=['0x1a', '0x04']
14:57:43.514  DEBUG   [client]  -> read  st2mot    
14:57:43.517  DEBUG   [client]  <- read  st2mot     ret=0  data=['0xcf', '0x03']
14:57:43.714  DEBUG   [client]  -> read  st2mot    
14:57:43.721  DEBUG   [client]  <- read  st2mot     ret=0  data=['0x1a', '0x04']
14:57:43.722  DEBUG   [client]  -> read  st0cur    
14:57:43.727  DEBUG   [client]  <- read  st0cur     ret=0  data=['0xf6', '0x01', '0xf6', '0x01']
14:57:43.833  DEBUG   [poll]    -> read  st2mot    
14:57:43.837  DEBUG   [poll]    <- read  st2mot     ret=0  data=['0xb6', '0x03']
14:57:43.837  DEBUG   [poll]    -> read  st0cur    
14:57:43.841  DEBUG   [poll]    <- read  st0cur     ret=0  data=['0xf6', '0x01', '0xf6', '0x01']
14:57:43.914  DEBUG   [client]  -> read  st2mot    
14:57:43.917  DEBUG   [client]  <- read  st2mot     ret=0  data=['0xe8', '0x03']
14:57:44.114  DEBUG   [client]  -> read  st2mot    
14:57:44.117  DEBUG   [client]  <- read  st2mot     ret=0  data=['0x01', '0x04']
14:57:44.314  DEBUG   [client]  -> read  st2mot    
14:57:44.317  DEBUG   [client]  <- read  st2mot     ret=0  data=['0xe8', '0x03']
14:57:44.514  DEBUG   [client]  -> read  st2mot    
14:57:44.517  DEBUG   [client]  <- read  st2mot     ret=0  data=['0x01', '0x04']
14:57:44.714  DEBUG   [client]  -> read  st2mot    
14:57:44.717  DEBUG   [client]  <- read  st2mot     ret=0  data=['0xe8', '0x03']
14:57:44.719  DEBUG   [client]  -> read  st0cur    
14:57:44.723  DEBUG   [client]  <- read  st0cur     ret=0  data=['0xf7', '0x01', '0xf4', '0x01']
14:57:44.843  DEBUG   [poll]    -> read  st2mot    
14:57:44.846  DEBUG   [poll]    <- read  st2mot     ret=0  data=['0xcf', '0x03']
14:57:44.847  DEBUG   [poll]    -> read  st0cur    
14:57:44.851  DEBUG   [poll]    <- read  st0cur     ret=0  data=['0xf7', '0x01', '0xf4', '0x01']
14:57:44.914  DEBUG   [client]  -> read  st2mot    
14:57:44.917  DEBUG   [client]  <- read  st2mot     ret=0  data=['0x01', '0x04']
14:57:45.114  DEBUG   [client]  -> read  st2mot    
14:57:45.117  DEBUG   [client]  <- read  st2mot     ret=0  data=['0xe8', '0x03']
14:57:45.314  DEBUG   [client]  -> read  st2mot    
14:57:45.317  DEBUG   [client]  <- read  st2mot     ret=0  data=['0x01', '0x04']
14:57:45.514  DEBUG   [client]  -> read  st2mot    
14:57:45.517  DEBUG   [client]  <- read  st2mot     ret=0  data=['0xe8', '0x03']
14:57:45.519  DEBUG   [client]  -> write cntl3mot   data=['0x00', '0x00']
14:57:45.523  WARNING client disconnected — stopping motor
14:57:45.524  DEBUG   [client]  -> write cntl3mot   data=['0x00', '0x00']
14:57:45.528  INFO    client disconnected
14:57:45.852  DEBUG   [poll]    -> read  st2mot    
14:57:45.855  DEBUG   [poll]    <- read  st2mot     ret=0  data=['0x32', '0x00']
14:57:45.855  DEBUG   [poll]    -> read  st0cur    
14:57:45.859  DEBUG   [poll]    <- read  st0cur     ret=0  data=['0xf6', '0x01', '0xf8', '0x01']
14:57:46.861  DEBUG   [poll]    -> read  st2mot    
14:57:46.864  DEBUG   [poll]    <- read  st2mot     ret=0  data=['0x00', '0x00']
14:57:46.864  DEBUG   [poll]    -> read  st0cur    
14:57:46.868  DEBUG   [poll]    <- read  st0cur     ret=0  data=['0x01', '0x02', '0x00', '0x02']
14:57:47.870  DEBUG   [poll]    -> read  st2mot    
14:57:47.873  DEBUG   [poll]    <- read  st2mot     ret=0  data=['0x00', '0x00']
14:57:47.874  DEBUG   [poll]    -> read  st0cur    
14:57:47.878  DEBUG   [poll]    <- read  st0cur     ret=0  data=['0x01', '0x02', '0x00', '0x02']
14:57:48.879  DEBUG   [poll]    -> read  st2mot    
14:57:48.888  DEBUG   [poll]    <- read  st2mot     ret=0  data=['0x00', '0x00']
14:57:48.888  DEBUG   [poll]    -> read  st0cur    
14:57:48.892  DEBUG   [poll]    <- read  st0cur     ret=0  data=['0x01', '0x02', '0x00', '0x02']
14:57:49.894  DEBUG   [poll]    -> read  st2mot    
14:57:49.897  DEBUG   [poll]    <- read  st2mot     ret=0  data=['0x00', '0x00']
14:57:49.898  DEBUG   [poll]    -> read  st0cur    
14:57:49.902  DEBUG   [poll]    <- read  st0cur     ret=0  data=['0x01', '0x02', '0x00', '0x02']
14:57:50.903  DEBUG   [poll]    -> read  st2mot    
14:57:50.907  DEBUG   [poll]    <- read  st2mot     ret=0  data=['0x00', '0x00']
14:57:50.907  DEBUG   [poll]    -> read  st0cur    
14:57:50.911  DEBUG   [poll]    <- read  st0cur     ret=0  data=['0x01', '0x02', '0x00', '0x02']
14:57:51.538  INFO    client connected
14:57:51.539  DEBUG   [client]  -> write cntl0mot   data=['0xff', '0x00']
14:57:51.543  DEBUG   [client]  -> write cntl3mot   data=['0x00', '0x00']
14:57:51.546  DEBUG   [client]  -> write cntl3mot   data=['0x03', '0xe8']
14:57:51.550  DEBUG   [client]  -> read  st2mot    
14:57:51.553  DEBUG   [client]  <- read  st2mot     ret=0  data=['0x00', '0x00']
14:57:51.554  DEBUG   [client]  -> read  st0cur    
14:57:51.558  DEBUG   [client]  <- read  st0cur     ret=0  data=['0x01', '0x02', '0x00', '0x02']
14:57:51.750  DEBUG   [client]  -> read  st2mot    
14:57:51.753  DEBUG   [client]  <- read  st2mot     ret=0  data=['0x00', '0x00']
14:57:51.913  DEBUG   [poll]    -> read  st2mot    
14:57:51.916  DEBUG   [poll]    <- read  st2mot     ret=0  data=['0xbc', '0x02']
14:57:51.916  DEBUG   [poll]    -> read  st0cur    
14:57:51.920  DEBUG   [poll]    <- read  st0cur     ret=0  data=['0xff', '0x01', '0xff', '0x01']
14:57:51.950  DEBUG   [client]  -> read  st2mot    
14:57:51.953  DEBUG   [client]  <- read  st2mot     ret=0  data=['0xbc', '0x02']
14:57:52.150  DEBUG   [client]  -> read  st2mot    
14:57:52.153  DEBUG   [client]  <- read  st2mot     ret=0  data=['0x20', '0x03']
14:57:52.351  DEBUG   [client]  -> read  st2mot    
14:57:52.354  DEBUG   [client]  <- read  st2mot     ret=0  data=['0x39', '0x03']
14:57:52.551  DEBUG   [client]  -> read  st2mot    
14:57:52.554  DEBUG   [client]  <- read  st2mot     ret=0  data=['0xb6', '0x03']
14:57:52.556  DEBUG   [client]  -> read  st0cur    
14:57:52.560  DEBUG   [client]  <- read  st0cur     ret=0  data=['0xff', '0x01', '0xff', '0x01']
14:57:52.751  DEBUG   [client]  -> read  st2mot    
14:57:52.754  DEBUG   [client]  <- read  st2mot     ret=0  data=['0x84', '0x03']
14:57:52.921  DEBUG   [poll]    -> read  st2mot    
14:57:52.925  DEBUG   [poll]    <- read  st2mot     ret=0  data=['0xe8', '0x03']
14:57:52.925  DEBUG   [poll]    -> read  st0cur    
14:57:52.930  DEBUG   [poll]    <- read  st0cur     ret=0  data=['0xf7', '0x01', '0xf3', '0x01']
14:57:52.951  DEBUG   [client]  -> read  st2mot    
14:57:52.954  DEBUG   [client]  <- read  st2mot     ret=0  data=['0xe8', '0x03']
14:57:53.151  DEBUG   [client]  -> read  st2mot    
14:57:53.154  DEBUG   [client]  <- read  st2mot     ret=0  data=['0xb6', '0x03']
14:57:53.351  DEBUG   [client]  -> read  st2mot    
14:57:53.354  DEBUG   [client]  <- read  st2mot     ret=0  data=['0xe8', '0x03']
14:57:53.551  DEBUG   [client]  -> read  st2mot    
14:57:53.554  DEBUG   [client]  <- read  st2mot     ret=0  data=['0xcf', '0x03']
14:57:53.556  DEBUG   [client]  -> read  st0cur    
14:57:53.561  DEBUG   [client]  <- read  st0cur     ret=0  data=['0xf7', '0x01', '0xf3', '0x01']
14:57:53.751  DEBUG   [client]  -> read  st2mot    
14:57:53.754  DEBUG   [client]  <- read  st2mot     ret=0  data=['0xe8', '0x03']
14:57:53.931  DEBUG   [poll]    -> read  st2mot    
14:57:53.939  DEBUG   [poll]    <- read  st2mot     ret=0  data=['0xe8', '0x03']
14:57:53.939  DEBUG   [poll]    -> read  st0cur    
14:57:53.944  DEBUG   [poll]    <- read  st0cur     ret=0  data=['0xf5', '0x01', '0xf4', '0x01']
14:57:53.951  DEBUG   [client]  -> read  st2mot    
14:57:53.954  DEBUG   [client]  <- read  st2mot     ret=0  data=['0xe8', '0x03']
14:57:54.151  DEBUG   [client]  -> read  st2mot    
14:57:54.154  DEBUG   [client]  <- read  st2mot     ret=0  data=['0xcf', '0x03']
14:57:54.351  DEBUG   [client]  -> read  st2mot    
14:57:54.354  DEBUG   [client]  <- read  st2mot     ret=0  data=['0xe8', '0x03']
14:57:54.551  DEBUG   [client]  -> read  st2mot    
14:57:54.554  DEBUG   [client]  <- read  st2mot     ret=0  data=['0xcf', '0x03']
14:57:54.556  DEBUG   [client]  -> read  st0cur    
14:57:54.560  DEBUG   [client]  <- read  st0cur     ret=0  data=['0xf5', '0x01', '0xf4', '0x01']
14:57:54.751  DEBUG   [client]  -> read  st2mot    
14:57:54.754  DEBUG   [client]  <- read  st2mot     ret=0  data=['0xe8', '0x03']
14:57:54.945  DEBUG   [poll]    -> read  st2mot    
14:57:54.949  DEBUG   [poll]    <- read  st2mot     ret=0  data=['0xe8', '0x03']
14:57:54.949  DEBUG   [poll]    -> read  st0cur    
14:57:54.953  DEBUG   [poll]    <- read  st0cur     ret=0  data=['0xf6', '0x01', '0xf5', '0x01']
14:57:54.954  DEBUG   [client]  -> read  st2mot    
14:57:54.957  DEBUG   [client]  <- read  st2mot     ret=0  data=['0xe8', '0x03']
14:57:55.151  DEBUG   [client]  -> read  st2mot    
14:57:55.154  DEBUG   [client]  <- read  st2mot     ret=0  data=['0xe8', '0x03']
14:57:55.351  DEBUG   [client]  -> read  st2mot    
14:57:55.354  DEBUG   [client]  <- read  st2mot     ret=0  data=['0x01', '0x04']
14:57:55.551  DEBUG   [client]  -> read  st2mot    
14:57:55.554  DEBUG   [client]  <- read  st2mot     ret=0  data=['0xe8', '0x03']
14:57:55.556  DEBUG   [client]  -> read  st0cur    
14:57:55.560  DEBUG   [client]  <- read  st0cur     ret=0  data=['0xf6', '0x01', '0xf5', '0x01']
14:57:55.751  DEBUG   [client]  -> read  st2mot    
14:57:55.754  DEBUG   [client]  <- read  st2mot     ret=0  data=['0x01', '0x04']
14:57:55.951  DEBUG   [client]  -> read  st2mot    
14:57:55.954  DEBUG   [client]  <- read  st2mot     ret=0  data=['0xcf', '0x03']
14:57:55.955  DEBUG   [poll]    -> read  st2mot    
14:57:55.958  DEBUG   [poll]    <- read  st2mot     ret=0  data=['0xcf', '0x03']
14:57:55.959  DEBUG   [poll]    -> read  st0cur    
14:57:55.963  DEBUG   [poll]    <- read  st0cur     ret=0  data=['0xf6', '0x01', '0xf4', '0x01']
14:57:56.151  DEBUG   [client]  -> read  st2mot    
14:57:56.154  DEBUG   [client]  <- read  st2mot     ret=0  data=['0x01', '0x04']
14:57:56.351  DEBUG   [client]  -> read  st2mot    
14:57:56.354  DEBUG   [client]  <- read  st2mot     ret=0  data=['0xcf', '0x03']
14:57:56.551  DEBUG   [client]  -> read  st2mot    
14:57:56.554  DEBUG   [client]  <- read  st2mot     ret=0  data=['0xe8', '0x03']
14:57:56.556  DEBUG   [client]  -> read  st0cur    
14:57:56.560  DEBUG   [client]  <- read  st0cur     ret=0  data=['0xf6', '0x01', '0xf4', '0x01']
14:57:56.751  DEBUG   [client]  -> read  st2mot    
14:57:56.754  DEBUG   [client]  <- read  st2mot     ret=0  data=['0xe8', '0x03']
14:57:56.951  DEBUG   [client]  -> read  st2mot    
14:57:56.954  DEBUG   [client]  <- read  st2mot     ret=0  data=['0x01', '0x04']
14:57:56.965  DEBUG   [poll]    -> read  st2mot    
14:57:56.968  DEBUG   [poll]    <- read  st2mot     ret=0  data=['0xe8', '0x03']
14:57:56.969  DEBUG   [poll]    -> read  st0cur    
14:57:56.973  DEBUG   [poll]    <- read  st0cur     ret=0  data=['0xf6', '0x01', '0xf4', '0x01']
14:57:57.151  DEBUG   [client]  -> read  st2mot    
14:57:57.154  DEBUG   [client]  <- read  st2mot     ret=0  data=['0xcf', '0x03']
14:57:57.351  DEBUG   [client]  -> read  st2mot    
14:57:57.354  DEBUG   [client]  <- read  st2mot     ret=0  data=['0x01', '0x04']
14:57:57.551  DEBUG   [client]  -> read  st2mot    
14:57:57.554  DEBUG   [client]  <- read  st2mot     ret=0  data=['0xcf', '0x03']
14:57:57.556  DEBUG   [client]  -> read  st0cur    
14:57:57.560  DEBUG   [client]  <- read  st0cur     ret=0  data=['0xf6', '0x01', '0xf4', '0x01']
14:57:57.751  DEBUG   [client]  -> read  st2mot    
14:57:57.754  DEBUG   [client]  <- read  st2mot     ret=0  data=['0xe8', '0x03']
14:57:57.951  DEBUG   [client]  -> read  st2mot    
14:57:57.954  DEBUG   [client]  <- read  st2mot     ret=0  data=['0xcf', '0x03']
14:57:57.974  DEBUG   [poll]    -> read  st2mot    
14:57:57.978  DEBUG   [poll]    <- read  st2mot     ret=0  data=['0x01', '0x04']
14:57:57.978  DEBUG   [poll]    -> read  st0cur    
14:57:57.983  DEBUG   [poll]    <- read  st0cur     ret=0  data=['0xf7', '0x01', '0xf7', '0x01']
14:57:58.151  DEBUG   [client]  -> read  st2mot    
14:57:58.154  DEBUG   [client]  <- read  st2mot     ret=0  data=['0xe8', '0x03']
14:57:58.351  DEBUG   [client]  -> read  st2mot    
14:57:58.354  DEBUG   [client]  <- read  st2mot     ret=0  data=['0xcf', '0x03']
14:57:58.356  DEBUG   [client]  -> write cntl3mot   data=['0x00', '0x00']
14:57:58.360  WARNING client disconnected — stopping motor
14:57:58.361  DEBUG   [client]  -> write cntl3mot   data=['0x00', '0x00']
14:57:58.365  INFO    client disconnected
14:57:58.984  DEBUG   [poll]    -> read  st2mot    
14:57:58.988  DEBUG   [poll]    <- read  st2mot     ret=0  data=['0x00', '0x00']
14:57:58.988  DEBUG   [poll]    -> read  st0cur    
14:57:58.992  DEBUG   [poll]    <- read  st0cur     ret=0  data=['0xfb', '0x01', '0xf9', '0x01']
14:57:58.992  WARNING *** OBSERVED STALL SIGNATURE (not acted on yet) — current=-0.24A while rpm=0 ***
14:57:59.994  DEBUG   [poll]    -> read  st2mot    
14:57:59.997  DEBUG   [poll]    <- read  st2mot     ret=0  data=['0x00', '0x00']
14:57:59.997  DEBUG   [poll]    -> read  st0cur    
14:58:00.001  DEBUG   [poll]    <- read  st0cur     ret=0  data=['0x01', '0x02', '0x00', '0x02']
14:58:01.008  DEBUG   [poll]    -> read  st2mot    
14:58:01.013  DEBUG   [poll]    <- read  st2mot     ret=0  data=['0x00', '0x00']
14:58:01.014  DEBUG   [poll]    -> read  st0cur    
14:58:01.019  DEBUG   [poll]    <- read  st0cur     ret=0  data=['0x01', '0x02', '0x00', '0x02']
14:58:02.020  DEBUG   [poll]    -> read  st2mot    
14:58:02.024  DEBUG   [poll]    <- read  st2mot     ret=0  data=['0x00', '0x00']
14:58:02.024  DEBUG   [poll]    -> read  st0cur    
14:58:02.028  DEBUG   [poll]    <- read  st0cur     ret=0  data=['0x01', '0x02', '0x00', '0x02']
14:58:03.030  DEBUG   [poll]    -> read  st2mot    
14:58:03.033  DEBUG   [poll]    <- read  st2mot     ret=0  data=['0x00', '0x00']
14:58:03.034  DEBUG   [poll]    -> read  st0cur    
14:58:03.038  DEBUG   [poll]    <- read  st0cur     ret=0  data=['0x01', '0x02', '0x00', '0x02']
14:58:04.039  DEBUG   [poll]    -> read  st2mot    
14:58:04.043  DEBUG   [poll]    <- read  st2mot     ret=0  data=['0x00', '0x00']
14:58:04.043  DEBUG   [poll]    -> read  st0cur    
14:58:04.047  DEBUG   [poll]    <- read  st0cur     ret=0  data=['0x01', '0x02', '0x00', '0x02']
14:58:04.360  INFO    client connected
14:58:04.360  DEBUG   [client]  -> write cntl0mot   data=['0x00', '0x00']
14:58:04.364  DEBUG   [client]  -> write cntl3mot   data=['0x00', '0x00']
14:58:04.368  DEBUG   [client]  -> write cntl3mot   data=['0x03', '0xe8']
14:58:04.371  DEBUG   [client]  -> read  st2mot    
14:58:04.374  DEBUG   [client]  <- read  st2mot     ret=0  data=['0x00', '0x00']
14:58:04.375  DEBUG   [client]  -> read  st0cur    
14:58:04.379  DEBUG   [client]  <- read  st0cur     ret=0  data=['0x01', '0x02', '0x00', '0x02']
14:58:04.572  DEBUG   [client]  -> read  st2mot    
14:58:04.575  DEBUG   [client]  <- read  st2mot     ret=0  data=['0x90', '0x01']
14:58:04.772  DEBUG   [client]  -> read  st2mot    
14:58:04.775  DEBUG   [client]  <- read  st2mot     ret=0  data=['0xa3', '0x02']
14:58:04.972  DEBUG   [client]  -> read  st2mot    
14:58:04.975  DEBUG   [client]  <- read  st2mot     ret=0  data=['0xee', '0x02']
14:58:05.049  DEBUG   [poll]    -> read  st2mot    
14:58:05.052  DEBUG   [poll]    <- read  st2mot     ret=0  data=['0xee', '0x02']
14:58:05.052  DEBUG   [poll]    -> read  st0cur    
14:58:05.056  DEBUG   [poll]    <- read  st0cur     ret=0  data=['0xfe', '0x01', '0xfc', '0x01']
14:58:05.172  DEBUG   [client]  -> read  st2mot    
14:58:05.175  DEBUG   [client]  <- read  st2mot     ret=0  data=['0x84', '0x03']
14:58:05.372  DEBUG   [client]  -> read  st2mot    
14:58:05.375  DEBUG   [client]  <- read  st2mot     ret=0  data=['0x6b', '0x03']
14:58:05.377  DEBUG   [client]  -> read  st0cur    
14:58:05.382  DEBUG   [client]  <- read  st0cur     ret=0  data=['0xfe', '0x01', '0xfc', '0x01']
14:58:05.572  DEBUG   [client]  -> read  st2mot    
14:58:05.575  DEBUG   [client]  <- read  st2mot     ret=0  data=['0x84', '0x03']
14:58:05.772  DEBUG   [client]  -> read  st2mot    
14:58:05.775  DEBUG   [client]  <- read  st2mot     ret=0  data=['0xcf', '0x03']
14:58:05.972  DEBUG   [client]  -> read  st2mot    
14:58:05.976  DEBUG   [client]  <- read  st2mot     ret=0  data=['0xcf', '0x03']
14:58:06.058  DEBUG   [poll]    -> read  st2mot    
14:58:06.061  DEBUG   [poll]    <- read  st2mot     ret=0  data=['0xb6', '0x03']
14:58:06.062  DEBUG   [poll]    -> read  st0cur    
14:58:06.066  DEBUG   [poll]    <- read  st0cur     ret=0  data=['0xf5', '0x01', '0xf4', '0x01']
14:58:06.172  DEBUG   [client]  -> read  st2mot    
14:58:06.175  DEBUG   [client]  <- read  st2mot     ret=0  data=['0xb6', '0x03']
14:58:06.372  DEBUG   [client]  -> read  st2mot    
14:58:06.375  DEBUG   [client]  <- read  st2mot     ret=0  data=['0xcf', '0x03']
14:58:06.377  DEBUG   [client]  -> read  st0cur    
14:58:06.382  DEBUG   [client]  <- read  st0cur     ret=0  data=['0xf5', '0x01', '0xf4', '0x01']
14:58:06.572  DEBUG   [client]  -> read  st2mot    
14:58:06.575  DEBUG   [client]  <- read  st2mot     ret=0  data=['0xcf', '0x03']
14:58:06.772  DEBUG   [client]  -> read  st2mot    
14:58:06.775  DEBUG   [client]  <- read  st2mot     ret=0  data=['0xe8', '0x03']
14:58:06.972  DEBUG   [client]  -> read  st2mot    
14:58:06.975  DEBUG   [client]  <- read  st2mot     ret=0  data=['0xcf', '0x03']
14:58:07.068  DEBUG   [poll]    -> read  st2mot    
14:58:07.071  DEBUG   [poll]    <- read  st2mot     ret=0  data=['0xe8', '0x03']
14:58:07.071  DEBUG   [poll]    -> read  st0cur    
14:58:07.076  DEBUG   [poll]    <- read  st0cur     ret=0  data=['0xf7', '0x01', '0xf7', '0x01']
14:58:07.172  DEBUG   [client]  -> read  st2mot    
14:58:07.175  DEBUG   [client]  <- read  st2mot     ret=0  data=['0xe8', '0x03']
14:58:07.372  DEBUG   [client]  -> read  st2mot    
14:58:07.375  DEBUG   [client]  <- read  st2mot     ret=0  data=['0xe8', '0x03']
14:58:07.377  DEBUG   [client]  -> read  st0cur    
14:58:07.382  DEBUG   [client]  <- read  st0cur     ret=0  data=['0xf7', '0x01', '0xf7', '0x01']
14:58:07.572  DEBUG   [client]  -> read  st2mot    
14:58:07.576  DEBUG   [client]  <- read  st2mot     ret=0  data=['0xe8', '0x03']
14:58:07.772  DEBUG   [client]  -> read  st2mot    
14:58:07.776  DEBUG   [client]  <- read  st2mot     ret=0  data=['0xe8', '0x03']
14:58:07.972  DEBUG   [client]  -> read  st2mot    
14:58:07.975  DEBUG   [client]  <- read  st2mot     ret=0  data=['0xcf', '0x03']
14:58:08.077  DEBUG   [poll]    -> read  st2mot    
14:58:08.081  DEBUG   [poll]    <- read  st2mot     ret=0  data=['0x01', '0x04']
14:58:08.081  DEBUG   [poll]    -> read  st0cur    
14:58:08.085  DEBUG   [poll]    <- read  st0cur     ret=0  data=['0xf8', '0x01', '0xf5', '0x01']
14:58:08.172  DEBUG   [client]  -> read  st2mot    
14:58:08.175  DEBUG   [client]  <- read  st2mot     ret=0  data=['0x01', '0x04']
14:58:08.372  DEBUG   [client]  -> read  st2mot    
14:58:08.375  DEBUG   [client]  <- read  st2mot     ret=0  data=['0xcf', '0x03']
14:58:08.377  DEBUG   [client]  -> read  st0cur    
14:58:08.382  DEBUG   [client]  <- read  st0cur     ret=0  data=['0xf8', '0x01', '0xf5', '0x01']
14:58:08.572  DEBUG   [client]  -> read  st2mot    
14:58:08.575  DEBUG   [client]  <- read  st2mot     ret=0  data=['0xe8', '0x03']
14:58:08.772  DEBUG   [client]  -> read  st2mot    
14:58:08.775  DEBUG   [client]  <- read  st2mot     ret=0  data=['0xcf', '0x03']
14:58:08.972  DEBUG   [client]  -> read  st2mot    
14:58:08.976  DEBUG   [client]  <- read  st2mot     ret=0  data=['0xe8', '0x03']
14:58:09.087  DEBUG   [poll]    -> read  st2mot    
14:58:09.095  DEBUG   [poll]    <- read  st2mot     ret=0  data=['0xe8', '0x03']
14:58:09.096  DEBUG   [poll]    -> read  st0cur    
14:58:09.100  DEBUG   [poll]    <- read  st0cur     ret=0  data=['0xf5', '0x01', '0xf7', '0x01']
14:58:09.172  DEBUG   [client]  -> read  st2mot    
14:58:09.175  DEBUG   [client]  <- read  st2mot     ret=0  data=['0xe8', '0x03']
14:58:09.372  DEBUG   [client]  -> read  st2mot    
14:58:09.376  DEBUG   [client]  <- read  st2mot     ret=0  data=['0xe8', '0x03']
14:58:09.377  DEBUG   [client]  -> read  st0cur    
14:58:09.382  DEBUG   [client]  <- read  st0cur     ret=0  data=['0xf5', '0x01', '0xf7', '0x01']
14:58:09.572  DEBUG   [client]  -> read  st2mot    
14:58:09.575  DEBUG   [client]  <- read  st2mot     ret=0  data=['0xe8', '0x03']
14:58:09.772  DEBUG   [client]  -> read  st2mot    
14:58:09.775  DEBUG   [client]  <- read  st2mot     ret=0  data=['0xe8', '0x03']
14:58:09.972  DEBUG   [client]  -> read  st2mot    
14:58:09.975  DEBUG   [client]  <- read  st2mot     ret=0  data=['0xe8', '0x03']
14:58:10.102  DEBUG   [poll]    -> read  st2mot    
14:58:10.105  DEBUG   [poll]    <- read  st2mot     ret=0  data=['0xcf', '0x03']
14:58:10.105  DEBUG   [poll]    -> read  st0cur    
14:58:10.110  DEBUG   [poll]    <- read  st0cur     ret=0  data=['0xf5', '0x01', '0xf5', '0x01']
14:58:10.172  DEBUG   [client]  -> read  st2mot    
14:58:10.175  DEBUG   [client]  <- read  st2mot     ret=0  data=['0xe8', '0x03']
14:58:10.372  DEBUG   [client]  -> read  st2mot    
14:58:10.376  DEBUG   [client]  <- read  st2mot     ret=0  data=['0xe8', '0x03']
14:58:10.377  DEBUG   [client]  -> read  st0cur    
14:58:10.382  DEBUG   [client]  <- read  st0cur     ret=0  data=['0xf5', '0x01', '0xf5', '0x01']
14:58:10.572  DEBUG   [client]  -> read  st2mot    
14:58:10.576  DEBUG   [client]  <- read  st2mot     ret=0  data=['0x01', '0x04']
14:58:10.772  DEBUG   [client]  -> read  st2mot    
14:58:10.775  DEBUG   [client]  <- read  st2mot     ret=0  data=['0xcf', '0x03']
14:58:10.972  DEBUG   [client]  -> read  st2mot    
14:58:10.976  DEBUG   [client]  <- read  st2mot     ret=0  data=['0xcf', '0x03']
14:58:11.111  DEBUG   [poll]    -> read  st2mot    
14:58:11.115  DEBUG   [poll]    <- read  st2mot     ret=0  data=['0xe8', '0x03']
14:58:11.115  DEBUG   [poll]    -> read  st0cur    
14:58:11.119  DEBUG   [poll]    <- read  st0cur     ret=0  data=['0xf5', '0x01', '0xf5', '0x01']
14:58:11.172  DEBUG   [client]  -> read  st2mot    
14:58:11.175  DEBUG   [client]  <- read  st2mot     ret=0  data=['0xe8', '0x03']
14:58:11.177  DEBUG   [client]  -> write cntl3mot   data=['0x00', '0x00']
14:58:11.181  WARNING client disconnected — stopping motor
14:58:11.183  DEBUG   [client]  -> write cntl3mot   data=['0x00', '0x00']
14:58:11.187  INFO    client disconnected
14:58:12.121  DEBUG   [poll]    -> read  st2mot    
14:58:12.124  DEBUG   [poll]    <- read  st2mot     ret=0  data=['0x00', '0x00']
14:58:12.125  DEBUG   [poll]    -> read  st0cur    
14:58:12.129  DEBUG   [poll]    <- read  st0cur     ret=0  data=['0xfd', '0x01', '0xfa', '0x01']
14:58:13.131  DEBUG   [poll]    -> read  st2mot    
14:58:13.134  DEBUG   [poll]    <- read  st2mot     ret=0  data=['0x00', '0x00']
14:58:13.134  DEBUG   [poll]    -> read  st0cur    
14:58:13.139  DEBUG   [poll]    <- read  st0cur     ret=0  data=['0x01', '0x02', '0x00', '0x02']
14:58:14.140  DEBUG   [poll]    -> read  st2mot    
14:58:14.148  DEBUG   [poll]    <- read  st2mot     ret=0  data=['0x00', '0x00']
14:58:14.149  DEBUG   [poll]    -> read  st0cur    
14:58:14.153  DEBUG   [poll]    <- read  st0cur     ret=0  data=['0x01', '0x02', '0x00', '0x02']
14:58:15.154  DEBUG   [poll]    -> read  st2mot    
14:58:15.158  DEBUG   [poll]    <- read  st2mot     ret=0  data=['0x00', '0x00']
14:58:15.158  DEBUG   [poll]    -> read  st0cur    
14:58:15.163  DEBUG   [poll]    <- read  st0cur     ret=0  data=['0x01', '0x02', '0x00', '0x02']
14:58:16.059  INFO    client connected
14:58:16.060  DEBUG   [client]  -> write cntl0mot   data=['0x01', '0x00']
14:58:16.063  DEBUG   [client]  -> write cntl3mot   data=['0x00', '0x00']
14:58:16.067  DEBUG   [client]  -> write cntl3mot   data=['0x03', '0xe8']
14:58:16.071  DEBUG   [client]  -> read  st2mot    
14:58:16.074  DEBUG   [client]  <- read  st2mot     ret=0  data=['0x00', '0x00']
14:58:16.075  DEBUG   [client]  -> read  st0cur    
14:58:16.080  DEBUG   [client]  <- read  st0cur     ret=0  data=['0x01', '0x02', '0x00', '0x02']
14:58:16.164  DEBUG   [poll]    -> read  st2mot    
14:58:16.167  DEBUG   [poll]    <- read  st2mot     ret=0  data=['0x4b', '0x00']
14:58:16.167  DEBUG   [poll]    -> read  st0cur    
14:58:16.171  DEBUG   [poll]    <- read  st0cur     ret=0  data=['0x01', '0x02', '0x00', '0x02']
14:58:16.271  DEBUG   [client]  -> read  st2mot    
14:58:16.274  DEBUG   [client]  <- read  st2mot     ret=0  data=['0xa9', '0x01']
14:58:16.471  DEBUG   [client]  -> read  st2mot    
14:58:16.474  DEBUG   [client]  <- read  st2mot     ret=0  data=['0xa3', '0x02']
14:58:16.671  DEBUG   [client]  -> read  st2mot    
14:58:16.674  DEBUG   [client]  <- read  st2mot     ret=0  data=['0xbc', '0x02']
14:58:16.871  DEBUG   [client]  -> read  st2mot    
14:58:16.875  DEBUG   [client]  <- read  st2mot     ret=0  data=['0x84', '0x03']
14:58:17.071  DEBUG   [client]  -> read  st2mot    
14:58:17.075  DEBUG   [client]  <- read  st2mot     ret=0  data=['0x39', '0x03']
14:58:17.076  DEBUG   [client]  -> read  st0cur    
14:58:17.081  DEBUG   [client]  <- read  st0cur     ret=0  data=['0xfb', '0x01', '0xf9', '0x01']
14:58:17.172  DEBUG   [poll]    -> read  st2mot    
14:58:17.176  DEBUG   [poll]    <- read  st2mot     ret=0  data=['0x9d', '0x03']
14:58:17.176  DEBUG   [poll]    -> read  st0cur    
14:58:17.181  DEBUG   [poll]    <- read  st0cur     ret=0  data=['0xfb', '0x01', '0xf9', '0x01']
14:58:17.271  DEBUG   [client]  -> read  st2mot    
14:58:17.275  DEBUG   [client]  <- read  st2mot     ret=0  data=['0xb6', '0x03']
14:58:17.471  DEBUG   [client]  -> read  st2mot    
14:58:17.475  DEBUG   [client]  <- read  st2mot     ret=0  data=['0x9d', '0x03']
14:58:17.671  DEBUG   [client]  -> read  st2mot    
14:58:17.675  DEBUG   [client]  <- read  st2mot     ret=0  data=['0xb6', '0x03']
14:58:17.871  DEBUG   [client]  -> read  st2mot    
14:58:17.875  DEBUG   [client]  <- read  st2mot     ret=0  data=['0xcf', '0x03']
14:58:18.071  DEBUG   [client]  -> read  st2mot    
14:58:18.075  DEBUG   [client]  <- read  st2mot     ret=0  data=['0xe8', '0x03']
14:58:18.076  DEBUG   [client]  -> read  st0cur    
14:58:18.081  DEBUG   [client]  <- read  st0cur     ret=0  data=['0xf6', '0x01', '0xf5', '0x01']
14:58:18.182  DEBUG   [poll]    -> read  st2mot    
14:58:18.186  DEBUG   [poll]    <- read  st2mot     ret=0  data=['0xcf', '0x03']
14:58:18.186  DEBUG   [poll]    -> read  st0cur    
14:58:18.190  DEBUG   [poll]    <- read  st0cur     ret=0  data=['0xf6', '0x01', '0xf5', '0x01']
14:58:18.271  DEBUG   [client]  -> read  st2mot    
14:58:18.275  DEBUG   [client]  <- read  st2mot     ret=0  data=['0xcf', '0x03']
14:58:18.471  DEBUG   [client]  -> read  st2mot    
14:58:18.475  DEBUG   [client]  <- read  st2mot     ret=0  data=['0xe8', '0x03']
14:58:18.671  DEBUG   [client]  -> read  st2mot    
14:58:18.675  DEBUG   [client]  <- read  st2mot     ret=0  data=['0xe8', '0x03']
14:58:18.871  DEBUG   [client]  -> read  st2mot    
14:58:18.875  DEBUG   [client]  <- read  st2mot     ret=0  data=['0xcf', '0x03']
14:58:19.071  DEBUG   [client]  -> read  st2mot    
14:58:19.075  DEBUG   [client]  <- read  st2mot     ret=0  data=['0xcf', '0x03']
14:58:19.076  DEBUG   [client]  -> read  st0cur    
14:58:19.081  DEBUG   [client]  <- read  st0cur     ret=0  data=['0xf6', '0x01', '0xf4', '0x01']
14:58:19.192  DEBUG   [poll]    -> read  st2mot    
14:58:19.200  DEBUG   [poll]    <- read  st2mot     ret=0  data=['0xe8', '0x03']
14:58:19.200  DEBUG   [poll]    -> read  st0cur    
14:58:19.204  DEBUG   [poll]    <- read  st0cur     ret=0  data=['0xf6', '0x01', '0xf4', '0x01']
14:58:19.271  DEBUG   [client]  -> read  st2mot    
14:58:19.275  DEBUG   [client]  <- read  st2mot     ret=0  data=['0xe8', '0x03']
14:58:19.471  DEBUG   [client]  -> read  st2mot    
14:58:19.475  DEBUG   [client]  <- read  st2mot     ret=0  data=['0xcf', '0x03']
14:58:19.671  DEBUG   [client]  -> read  st2mot    
14:58:19.675  DEBUG   [client]  <- read  st2mot     ret=0  data=['0xe8', '0x03']
14:58:19.871  DEBUG   [client]  -> read  st2mot    
14:58:19.875  DEBUG   [client]  <- read  st2mot     ret=0  data=['0xcf', '0x03']
14:58:20.071  DEBUG   [client]  -> read  st2mot    
14:58:20.075  DEBUG   [client]  <- read  st2mot     ret=0  data=['0xe8', '0x03']
14:58:20.076  DEBUG   [client]  -> read  st0cur    
14:58:20.081  DEBUG   [client]  <- read  st0cur     ret=0  data=['0xf5', '0x01', '0xf7', '0x01']
14:58:20.206  DEBUG   [poll]    -> read  st2mot    
14:58:20.210  DEBUG   [poll]    <- read  st2mot     ret=0  data=['0xe8', '0x03']
14:58:20.210  DEBUG   [poll]    -> read  st0cur    
14:58:20.214  DEBUG   [poll]    <- read  st0cur     ret=0  data=['0xf5', '0x01', '0xf7', '0x01']
14:58:20.271  DEBUG   [client]  -> read  st2mot    
14:58:20.275  DEBUG   [client]  <- read  st2mot     ret=0  data=['0xcf', '0x03']
14:58:20.471  DEBUG   [client]  -> read  st2mot    
14:58:20.475  DEBUG   [client]  <- read  st2mot     ret=0  data=['0xe8', '0x03']
14:58:20.671  DEBUG   [client]  -> read  st2mot    
14:58:20.675  DEBUG   [client]  <- read  st2mot     ret=0  data=['0xe8', '0x03']
14:58:20.871  DEBUG   [client]  -> read  st2mot    
14:58:20.875  DEBUG   [client]  <- read  st2mot     ret=0  data=['0xe8', '0x03']
14:58:21.071  DEBUG   [client]  -> read  st2mot    
14:58:21.075  DEBUG   [client]  <- read  st2mot     ret=0  data=['0xe8', '0x03']
14:58:21.076  DEBUG   [client]  -> read  st0cur    
14:58:21.081  DEBUG   [client]  <- read  st0cur     ret=0  data=['0xf6', '0x01', '0xf5', '0x01']
14:58:21.216  DEBUG   [poll]    -> read  st2mot    
14:58:21.219  DEBUG   [poll]    <- read  st2mot     ret=0  data=['0xe8', '0x03']
14:58:21.220  DEBUG   [poll]    -> read  st0cur    
14:58:21.224  DEBUG   [poll]    <- read  st0cur     ret=0  data=['0xf6', '0x01', '0xf5', '0x01']
14:58:21.271  DEBUG   [client]  -> read  st2mot    
14:58:21.275  DEBUG   [client]  <- read  st2mot     ret=0  data=['0xe8', '0x03']
14:58:21.471  DEBUG   [client]  -> read  st2mot    
14:58:21.475  DEBUG   [client]  <- read  st2mot     ret=0  data=['0xe8', '0x03']
14:58:21.671  DEBUG   [client]  -> read  st2mot    
14:58:21.675  DEBUG   [client]  <- read  st2mot     ret=0  data=['0xe8', '0x03']
14:58:21.871  DEBUG   [client]  -> read  st2mot    
14:58:21.875  DEBUG   [client]  <- read  st2mot     ret=0  data=['0xcf', '0x03']
14:58:22.071  DEBUG   [client]  -> read  st2mot    
14:58:22.075  DEBUG   [client]  <- read  st2mot     ret=0  data=['0xe8', '0x03']
14:58:22.076  DEBUG   [client]  -> read  st0cur    
14:58:22.081  DEBUG   [client]  <- read  st0cur     ret=0  data=['0xf7', '0x01', '0xf6', '0x01']
14:58:22.225  DEBUG   [poll]    -> read  st2mot    
14:58:22.229  DEBUG   [poll]    <- read  st2mot     ret=0  data=['0xe8', '0x03']
14:58:22.229  DEBUG   [poll]    -> read  st0cur    
14:58:22.234  DEBUG   [poll]    <- read  st0cur     ret=0  data=['0xf7', '0x01', '0xf6', '0x01']
14:58:22.271  DEBUG   [client]  -> read  st2mot    
14:58:22.275  DEBUG   [client]  <- read  st2mot     ret=0  data=['0xe8', '0x03']
14:58:22.471  DEBUG   [client]  -> read  st2mot    
14:58:22.475  DEBUG   [client]  <- read  st2mot     ret=0  data=['0xe8', '0x03']
14:58:22.671  DEBUG   [client]  -> read  st2mot    
14:58:22.675  DEBUG   [client]  <- read  st2mot     ret=0  data=['0xe8', '0x03']
14:58:22.871  DEBUG   [client]  -> read  st2mot    
14:58:22.875  DEBUG   [client]  <- read  st2mot     ret=0  data=['0xe8', '0x03']
14:58:22.876  DEBUG   [client]  -> write cntl3mot   data=['0x00', '0x00']
14:58:22.881  WARNING client disconnected — stopping motor
14:58:22.882  DEBUG   [client]  -> write cntl3mot   data=['0x00', '0x00']
14:58:22.886  INFO    client disconnected
14:58:23.235  DEBUG   [poll]    -> read  st2mot    
14:58:23.239  DEBUG   [poll]    <- read  st2mot     ret=0  data=['0x19', '0x00']
14:58:23.239  DEBUG   [poll]    -> read  st0cur    
14:58:23.243  DEBUG   [poll]    <- read  st0cur     ret=0  data=['0xf6', '0x01', '0xf6', '0x01']
14:58:24.245  DEBUG   [poll]    -> read  st2mot    
14:58:24.248  DEBUG   [poll]    <- read  st2mot     ret=0  data=['0x00', '0x00']
14:58:24.249  DEBUG   [poll]    -> read  st0cur    
14:58:24.253  DEBUG   [poll]    <- read  st0cur     ret=0  data=['0x00', '0x02', '0x00', '0x02']
14:58:25.254  DEBUG   [poll]    -> read  st2mot    
14:58:25.258  DEBUG   [poll]    <- read  st2mot     ret=0  data=['0x00', '0x00']
14:58:25.258  DEBUG   [poll]    -> read  st0cur    
14:58:25.263  DEBUG   [poll]    <- read  st0cur     ret=0  data=['0x01', '0x02', '0x00', '0x02']
14:58:26.264  DEBUG   [poll]    -> read  st2mot    
14:58:26.267  DEBUG   [poll]    <- read  st2mot     ret=0  data=['0x00', '0x00']
14:58:26.268  DEBUG   [poll]    -> read  st0cur    
14:58:26.272  DEBUG   [poll]    <- read  st0cur     ret=0  data=['0x01', '0x02', '0x00', '0x02']
14:58:27.274  DEBUG   [poll]    -> read  st2mot    
14:58:27.277  DEBUG   [poll]    <- read  st2mot     ret=0  data=['0x00', '0x00']
14:58:27.277  DEBUG   [poll]    -> read  st0cur    
14:58:27.282  DEBUG   [poll]    <- read  st0cur     ret=0  data=['0x01', '0x02', '0x01', '0x02']
14:58:28.283  DEBUG   [poll]    -> read  st2mot    
14:58:28.287  DEBUG   [poll]    <- read  st2mot     ret=0  data=['0x00', '0x00']
14:58:28.287  DEBUG   [poll]    -> read  st0cur    
14:58:28.291  DEBUG   [poll]    <- read  st0cur     ret=0  data=['0x01', '0x02', '0x01', '0x02']
14:58:28.987  INFO    client connected
14:58:28.988  DEBUG   [client]  -> write cntl0mot   data=['0xff', '0x01']
14:58:28.991  DEBUG   [client]  -> write cntl3mot   data=['0x00', '0x00']
14:58:28.995  DEBUG   [client]  -> write cntl3mot   data=['0x03', '0xe8']
14:58:28.999  DEBUG   [client]  -> read  st2mot    
14:58:29.002  DEBUG   [client]  <- read  st2mot     ret=0  data=['0x00', '0x00']
14:58:29.003  DEBUG   [client]  -> read  st0cur    
14:58:29.007  DEBUG   [client]  <- read  st0cur     ret=0  data=['0x01', '0x02', '0x01', '0x02']
14:58:29.199  DEBUG   [client]  -> read  st2mot    
14:58:29.205  DEBUG   [client]  <- read  st2mot     ret=0  data=['0x00', '0x00']
14:58:29.293  DEBUG   [poll]    -> read  st2mot    
14:58:29.296  DEBUG   [poll]    <- read  st2mot     ret=0  data=['0x00', '0x00']
14:58:29.296  DEBUG   [poll]    -> read  st0cur    
14:58:29.300  DEBUG   [poll]    <- read  st0cur     ret=0  data=['0x01', '0x02', '0x01', '0x02']
14:58:29.399  DEBUG   [client]  -> read  st2mot    
14:58:29.402  DEBUG   [client]  <- read  st2mot     ret=0  data=['0x00', '0x00']
14:58:29.599  DEBUG   [client]  -> read  st2mot    
14:58:29.602  DEBUG   [client]  <- read  st2mot     ret=0  data=['0x0d', '0x02']
14:58:29.799  DEBUG   [client]  -> read  st2mot    
14:58:29.803  DEBUG   [client]  <- read  st2mot     ret=0  data=['0x0e', '0x06']
14:58:29.999  DEBUG   [client]  -> read  st2mot    
14:58:30.003  DEBUG   [client]  <- read  st2mot     ret=0  data=['0x84', '0x03']
14:58:30.005  DEBUG   [client]  -> read  st0cur    
14:58:30.009  DEBUG   [client]  <- read  st0cur     ret=0  data=['0xf3', '0x01', '0xf3', '0x01']
14:58:30.199  DEBUG   [client]  -> read  st2mot    
14:58:30.203  DEBUG   [client]  <- read  st2mot     ret=0  data=['0x65', '0x04']
14:58:30.301  DEBUG   [poll]    -> read  st2mot    
14:58:30.305  DEBUG   [poll]    <- read  st2mot     ret=0  data=['0x33', '0x04']
14:58:30.305  DEBUG   [poll]    -> read  st0cur    
14:58:30.309  DEBUG   [poll]    <- read  st0cur     ret=0  data=['0xf3', '0x01', '0xf3', '0x01']
14:58:30.399  DEBUG   [client]  -> read  st2mot    
14:58:30.403  DEBUG   [client]  <- read  st2mot     ret=0  data=['0x01', '0x04']
14:58:30.599  DEBUG   [client]  -> read  st2mot    
14:58:30.603  DEBUG   [client]  <- read  st2mot     ret=0  data=['0x01', '0x04']
14:58:30.799  DEBUG   [client]  -> read  st2mot    
14:58:30.803  DEBUG   [client]  <- read  st2mot     ret=0  data=['0xe8', '0x03']
14:58:30.999  DEBUG   [client]  -> read  st2mot    
14:58:31.003  DEBUG   [client]  <- read  st2mot     ret=0  data=['0x1a', '0x04']
14:58:31.004  DEBUG   [client]  -> read  st0cur    
14:58:31.009  DEBUG   [client]  <- read  st0cur     ret=0  data=['0xf6', '0x01', '0xf6', '0x01']
14:58:31.199  DEBUG   [client]  -> read  st2mot    
14:58:31.203  DEBUG   [client]  <- read  st2mot     ret=0  data=['0xe8', '0x03']
14:58:31.311  DEBUG   [poll]    -> read  st2mot    
14:58:31.314  DEBUG   [poll]    <- read  st2mot     ret=0  data=['0xe8', '0x03']
14:58:31.315  DEBUG   [poll]    -> read  st0cur    
14:58:31.319  DEBUG   [poll]    <- read  st0cur     ret=0  data=['0xf6', '0x01', '0xf6', '0x01']
14:58:31.399  DEBUG   [client]  -> read  st2mot    
14:58:31.403  DEBUG   [client]  <- read  st2mot     ret=0  data=['0xe8', '0x03']
14:58:31.599  DEBUG   [client]  -> read  st2mot    
14:58:31.603  DEBUG   [client]  <- read  st2mot     ret=0  data=['0x01', '0x04']
14:58:31.799  DEBUG   [client]  -> read  st2mot    
14:58:31.803  DEBUG   [client]  <- read  st2mot     ret=0  data=['0xcf', '0x03']
14:58:31.999  DEBUG   [client]  -> read  st2mot    
14:58:32.003  DEBUG   [client]  <- read  st2mot     ret=0  data=['0x1a', '0x04']
14:58:32.004  DEBUG   [client]  -> read  st0cur    
14:58:32.009  DEBUG   [client]  <- read  st0cur     ret=0  data=['0xf5', '0x01', '0xf5', '0x01']
14:58:32.199  DEBUG   [client]  -> read  st2mot    
14:58:32.203  DEBUG   [client]  <- read  st2mot     ret=0  data=['0xe8', '0x03']
14:58:32.320  DEBUG   [poll]    -> read  st2mot    
14:58:32.324  DEBUG   [poll]    <- read  st2mot     ret=0  data=['0x1a', '0x04']
14:58:32.324  DEBUG   [poll]    -> read  st0cur    
14:58:32.329  DEBUG   [poll]    <- read  st0cur     ret=0  data=['0xf5', '0x01', '0xf5', '0x01']
14:58:32.399  DEBUG   [client]  -> read  st2mot    
14:58:32.403  DEBUG   [client]  <- read  st2mot     ret=0  data=['0xcf', '0x03']
14:58:32.599  DEBUG   [client]  -> read  st2mot    
14:58:32.603  DEBUG   [client]  <- read  st2mot     ret=0  data=['0x01', '0x04']
14:58:32.799  DEBUG   [client]  -> read  st2mot    
14:58:32.803  DEBUG   [client]  <- read  st2mot     ret=0  data=['0xe8', '0x03']
14:58:32.999  DEBUG   [client]  -> read  st2mot    
14:58:33.003  DEBUG   [client]  <- read  st2mot     ret=0  data=['0xcf', '0x03']
14:58:33.004  DEBUG   [client]  -> read  st0cur    
14:58:33.009  DEBUG   [client]  <- read  st0cur     ret=0  data=['0xf6', '0x01', '0xf6', '0x01']
14:58:33.199  DEBUG   [client]  -> read  st2mot    
14:58:33.203  DEBUG   [client]  <- read  st2mot     ret=0  data=['0xe8', '0x03']
14:58:33.330  DEBUG   [poll]    -> read  st2mot    
14:58:33.334  DEBUG   [poll]    <- read  st2mot     ret=0  data=['0xe8', '0x03']
14:58:33.334  DEBUG   [poll]    -> read  st0cur    
14:58:33.338  DEBUG   [poll]    <- read  st0cur     ret=0  data=['0xf6', '0x01', '0xf6', '0x01']
14:58:33.399  DEBUG   [client]  -> read  st2mot    
14:58:33.403  DEBUG   [client]  <- read  st2mot     ret=0  data=['0xe8', '0x03']
14:58:33.599  DEBUG   [client]  -> read  st2mot    
14:58:33.603  DEBUG   [client]  <- read  st2mot     ret=0  data=['0x01', '0x04']
14:58:33.799  DEBUG   [client]  -> read  st2mot    
14:58:33.803  DEBUG   [client]  <- read  st2mot     ret=0  data=['0xb6', '0x03']
14:58:33.999  DEBUG   [client]  -> read  st2mot    
14:58:34.003  DEBUG   [client]  <- read  st2mot     ret=0  data=['0x1a', '0x04']
14:58:34.004  DEBUG   [client]  -> read  st0cur    
14:58:34.009  DEBUG   [client]  <- read  st0cur     ret=0  data=['0xf5', '0x01', '0xf5', '0x01']
14:58:34.199  DEBUG   [client]  -> read  st2mot    
14:58:34.205  DEBUG   [client]  <- read  st2mot     ret=0  data=['0xb6', '0x03']
14:58:34.340  DEBUG   [poll]    -> read  st2mot    
14:58:34.343  DEBUG   [poll]    <- read  st2mot     ret=0  data=['0x01', '0x04']
14:58:34.344  DEBUG   [poll]    -> read  st0cur    
14:58:34.348  DEBUG   [poll]    <- read  st0cur     ret=0  data=['0xf5', '0x01', '0xf5', '0x01']
14:58:34.399  DEBUG   [client]  -> read  st2mot    
14:58:34.403  DEBUG   [client]  <- read  st2mot     ret=0  data=['0x01', '0x04']
14:58:34.599  DEBUG   [client]  -> read  st2mot    
14:58:34.603  DEBUG   [client]  <- read  st2mot     ret=0  data=['0xe8', '0x03']
14:58:34.799  DEBUG   [client]  -> read  st2mot    
14:58:34.803  DEBUG   [client]  <- read  st2mot     ret=0  data=['0xe8', '0x03']
14:58:34.999  DEBUG   [client]  -> read  st2mot    
14:58:35.003  DEBUG   [client]  <- read  st2mot     ret=0  data=['0xcf', '0x03']
14:58:35.004  DEBUG   [client]  -> read  st0cur    
14:58:35.009  DEBUG   [client]  <- read  st0cur     ret=0  data=['0xf6', '0x01', '0xf4', '0x01']
14:58:35.199  DEBUG   [client]  -> read  st2mot    
14:58:35.203  DEBUG   [client]  <- read  st2mot     ret=0  data=['0x01', '0x04']
14:58:35.350  DEBUG   [poll]    -> read  st2mot    
14:58:35.353  DEBUG   [poll]    <- read  st2mot     ret=0  data=['0xe8', '0x03']
14:58:35.353  DEBUG   [poll]    -> read  st0cur    
14:58:35.358  DEBUG   [poll]    <- read  st0cur     ret=0  data=['0xf6', '0x01', '0xf4', '0x01']
14:58:35.399  DEBUG   [client]  -> read  st2mot    
14:58:35.403  DEBUG   [client]  <- read  st2mot     ret=0  data=['0xe8', '0x03']
14:58:35.599  DEBUG   [client]  -> read  st2mot    
14:58:35.603  DEBUG   [client]  <- read  st2mot     ret=0  data=['0x01', '0x04']
14:58:35.799  DEBUG   [client]  -> read  st2mot    
14:58:35.803  DEBUG   [client]  <- read  st2mot     ret=0  data=['0xcf', '0x03']
14:58:35.804  DEBUG   [client]  -> write cntl3mot   data=['0x00', '0x00']
14:58:35.809  WARNING client disconnected — stopping motor
14:58:35.810  DEBUG   [client]  -> write cntl3mot   data=['0x00', '0x00']
14:58:35.814  INFO    client disconnected
14:58:36.359  DEBUG   [poll]    -> read  st2mot    
14:58:36.362  DEBUG   [poll]    <- read  st2mot     ret=0  data=['0x00', '0x00']
14:58:36.362  DEBUG   [poll]    -> read  st0cur    
14:58:36.366  DEBUG   [poll]    <- read  st0cur     ret=0  data=['0xf8', '0x01', '0xf5', '0x01']
14:58:36.366  WARNING *** OBSERVED STALL SIGNATURE (not acted on yet) — current=-0.39A while rpm=0 ***
14:58:37.368  DEBUG   [poll]    -> read  st2mot    
14:58:37.371  DEBUG   [poll]    <- read  st2mot     ret=0  data=['0x00', '0x00']
14:58:37.371  DEBUG   [poll]    -> read  st0cur    
14:58:37.376  DEBUG   [poll]    <- read  st0cur     ret=0  data=['0x01', '0x02', '0x00', '0x02']
14:58:38.377  DEBUG   [poll]    -> read  st2mot    
14:58:38.381  DEBUG   [poll]    <- read  st2mot     ret=0  data=['0x00', '0x00']
14:58:38.381  DEBUG   [poll]    -> read  st0cur    
14:58:38.385  DEBUG   [poll]    <- read  st0cur     ret=0  data=['0x01', '0x02', '0x01', '0x02']
14:58:39.387  DEBUG   [poll]    -> read  st2mot    
14:58:39.394  DEBUG   [poll]    <- read  st2mot     ret=0  data=['0x00', '0x00']
14:58:39.395  DEBUG   [poll]    -> read  st0cur    
14:58:39.399  DEBUG   [poll]    <- read  st0cur     ret=0  data=['0x01', '0x02', '0x00', '0x02']
14:58:40.400  DEBUG   [poll]    -> read  st2mot    
14:58:40.404  DEBUG   [poll]    <- read  st2mot     ret=0  data=['0x00', '0x00']
14:58:40.404  DEBUG   [poll]    -> read  st0cur    
14:58:40.408  DEBUG   [poll]    <- read  st0cur     ret=0  data=['0x01', '0x02', '0x00', '0x02']
14:58:41.410  DEBUG   [poll]    -> read  st2mot    
14:58:41.413  DEBUG   [poll]    <- read  st2mot     ret=0  data=['0x00', '0x00']
14:58:41.414  DEBUG   [poll]    -> read  st0cur    
14:58:41.418  DEBUG   [poll]    <- read  st0cur     ret=0  data=['0x01', '0x02', '0x00', '0x02']
14:58:42.420  DEBUG   [poll]    -> read  st2mot    
14:58:42.423  DEBUG   [poll]    <- read  st2mot     ret=0  data=['0x00', '0x00']
14:58:42.423  DEBUG   [poll]    -> read  st0cur    
14:58:42.427  DEBUG   [poll]    <- read  st0cur     ret=0  data=['0x01', '0x02', '0x00', '0x02']
14:58:42.821  INFO    client connected
14:58:42.822  DEBUG   [client]  -> write cntl0mot   data=['0x00', '0x01']
14:58:42.826  DEBUG   [client]  -> write cntl3mot   data=['0x00', '0x00']
14:58:42.829  DEBUG   [client]  -> write cntl3mot   data=['0x03', '0xe8']
14:58:42.833  DEBUG   [client]  -> read  st2mot    
14:58:42.836  DEBUG   [client]  <- read  st2mot     ret=0  data=['0x00', '0x00']
14:58:42.837  DEBUG   [client]  -> read  st0cur    
14:58:42.841  DEBUG   [client]  <- read  st0cur     ret=0  data=['0x01', '0x02', '0x00', '0x02']
14:58:43.033  DEBUG   [client]  -> read  st2mot    
14:58:43.036  DEBUG   [client]  <- read  st2mot     ret=0  data=['0x19', '0x00']
14:58:43.233  DEBUG   [client]  -> read  st2mot    
14:58:43.236  DEBUG   [client]  <- read  st2mot     ret=0  data=['0x39', '0x03']
14:58:43.428  DEBUG   [poll]    -> read  st2mot    
14:58:43.432  DEBUG   [poll]    <- read  st2mot     ret=0  data=['0x8a', '0x02']
14:58:43.432  DEBUG   [poll]    -> read  st0cur    
14:58:43.436  DEBUG   [poll]    <- read  st0cur     ret=0  data=['0x01', '0x02', '0x01', '0x02']
14:58:43.437  DEBUG   [client]  -> read  st2mot    
14:58:43.440  DEBUG   [client]  <- read  st2mot     ret=0  data=['0x8a', '0x02']
14:58:43.634  DEBUG   [client]  -> read  st2mot    
14:58:43.637  DEBUG   [client]  <- read  st2mot     ret=0  data=['0x84', '0x03']
14:58:43.834  DEBUG   [client]  -> read  st2mot    
14:58:43.837  DEBUG   [client]  <- read  st2mot     ret=0  data=['0x6b', '0x03']
14:58:43.839  DEBUG   [client]  -> read  st0cur    
14:58:43.843  DEBUG   [client]  <- read  st0cur     ret=0  data=['0x01', '0x02', '0x01', '0x02']
14:58:44.034  DEBUG   [client]  -> read  st2mot    
14:58:44.037  DEBUG   [client]  <- read  st2mot     ret=0  data=['0xcf', '0x03']
14:58:44.234  DEBUG   [client]  -> read  st2mot    
14:58:44.237  DEBUG   [client]  <- read  st2mot     ret=0  data=['0x9d', '0x03']
14:58:44.434  DEBUG   [client]  -> read  st2mot    
14:58:44.441  DEBUG   [client]  <- read  st2mot     ret=0  data=['0xcf', '0x03']
14:58:44.441  DEBUG   [poll]    -> read  st2mot    
14:58:44.445  DEBUG   [poll]    <- read  st2mot     ret=0  data=['0xcf', '0x03']
14:58:44.445  DEBUG   [poll]    -> read  st0cur    
14:58:44.449  DEBUG   [poll]    <- read  st0cur     ret=0  data=['0xf7', '0x01', '0xf5', '0x01']
14:58:44.634  DEBUG   [client]  -> read  st2mot    
14:58:44.637  DEBUG   [client]  <- read  st2mot     ret=0  data=['0xe8', '0x03']
14:58:44.834  DEBUG   [client]  -> read  st2mot    
14:58:44.837  DEBUG   [client]  <- read  st2mot     ret=0  data=['0xe8', '0x03']
14:58:44.839  DEBUG   [client]  -> read  st0cur    
14:58:44.843  DEBUG   [client]  <- read  st0cur     ret=0  data=['0xf7', '0x01', '0xf5', '0x01']
14:58:45.034  DEBUG   [client]  -> read  st2mot    
14:58:45.037  DEBUG   [client]  <- read  st2mot     ret=0  data=['0xe8', '0x03']
14:58:45.234  DEBUG   [client]  -> read  st2mot    
14:58:45.237  DEBUG   [client]  <- read  st2mot     ret=0  data=['0xb6', '0x03']
14:58:45.434  DEBUG   [client]  -> read  st2mot    
14:58:45.437  DEBUG   [client]  <- read  st2mot     ret=0  data=['0x01', '0x04']
14:58:45.451  DEBUG   [poll]    -> read  st2mot    
14:58:45.454  DEBUG   [poll]    <- read  st2mot     ret=0  data=['0x01', '0x04']
14:58:45.455  DEBUG   [poll]    -> read  st0cur    
14:58:45.459  DEBUG   [poll]    <- read  st0cur     ret=0  data=['0xf6', '0x01', '0xf4', '0x01']
14:58:45.634  DEBUG   [client]  -> read  st2mot    
14:58:45.637  DEBUG   [client]  <- read  st2mot     ret=0  data=['0xe8', '0x03']
14:58:45.834  DEBUG   [client]  -> read  st2mot    
14:58:45.837  DEBUG   [client]  <- read  st2mot     ret=0  data=['0xe8', '0x03']
14:58:45.839  DEBUG   [client]  -> read  st0cur    
14:58:45.843  DEBUG   [client]  <- read  st0cur     ret=0  data=['0xf6', '0x01', '0xf4', '0x01']
14:58:46.034  DEBUG   [client]  -> read  st2mot    
14:58:46.037  DEBUG   [client]  <- read  st2mot     ret=0  data=['0x01', '0x04']
14:58:46.234  DEBUG   [client]  -> read  st2mot    
14:58:46.237  DEBUG   [client]  <- read  st2mot     ret=0  data=['0xcf', '0x03']
14:58:46.434  DEBUG   [client]  -> read  st2mot    
14:58:46.437  DEBUG   [client]  <- read  st2mot     ret=0  data=['0xe8', '0x03']
14:58:46.460  DEBUG   [poll]    -> read  st2mot    
14:58:46.463  DEBUG   [poll]    <- read  st2mot     ret=0  data=['0xe8', '0x03']
14:58:46.464  DEBUG   [poll]    -> read  st0cur    
14:58:46.468  DEBUG   [poll]    <- read  st0cur     ret=0  data=['0xf6', '0x01', '0xf6', '0x01']
14:58:46.634  DEBUG   [client]  -> read  st2mot    
14:58:46.637  DEBUG   [client]  <- read  st2mot     ret=0  data=['0xcf', '0x03']
14:58:46.834  DEBUG   [client]  -> read  st2mot    
14:58:46.837  DEBUG   [client]  <- read  st2mot     ret=0  data=['0xe8', '0x03']
14:58:46.839  DEBUG   [client]  -> read  st0cur    
14:58:46.843  DEBUG   [client]  <- read  st0cur     ret=0  data=['0xf6', '0x01', '0xf6', '0x01']
14:58:47.034  DEBUG   [client]  -> read  st2mot    
14:58:47.037  DEBUG   [client]  <- read  st2mot     ret=0  data=['0xe8', '0x03']
14:58:47.234  DEBUG   [client]  -> read  st2mot    
14:58:47.237  DEBUG   [client]  <- read  st2mot     ret=0  data=['0xe8', '0x03']
14:58:47.434  DEBUG   [client]  -> read  st2mot    
14:58:47.437  DEBUG   [client]  <- read  st2mot     ret=0  data=['0xe8', '0x03']
14:58:47.470  DEBUG   [poll]    -> read  st2mot    
14:58:47.473  DEBUG   [poll]    <- read  st2mot     ret=0  data=['0xe8', '0x03']
14:58:47.474  DEBUG   [poll]    -> read  st0cur    
14:58:47.478  DEBUG   [poll]    <- read  st0cur     ret=0  data=['0xf4', '0x01', '0xf5', '0x01']
14:58:47.634  DEBUG   [client]  -> read  st2mot    
14:58:47.637  DEBUG   [client]  <- read  st2mot     ret=0  data=['0xe8', '0x03']
14:58:47.834  DEBUG   [client]  -> read  st2mot    
14:58:47.837  DEBUG   [client]  <- read  st2mot     ret=0  data=['0x1a', '0x04']
14:58:47.839  DEBUG   [client]  -> read  st0cur    
14:58:47.843  DEBUG   [client]  <- read  st0cur     ret=0  data=['0xf4', '0x01', '0xf5', '0x01']
14:58:48.034  DEBUG   [client]  -> read  st2mot    
14:58:48.037  DEBUG   [client]  <- read  st2mot     ret=0  data=['0xcf', '0x03']
14:58:48.234  DEBUG   [client]  -> read  st2mot    
14:58:48.237  DEBUG   [client]  <- read  st2mot     ret=0  data=['0x01', '0x04']
14:58:48.434  DEBUG   [client]  -> read  st2mot    
14:58:48.437  DEBUG   [client]  <- read  st2mot     ret=0  data=['0xcf', '0x03']
14:58:48.480  DEBUG   [poll]    -> read  st2mot    
14:58:48.483  DEBUG   [poll]    <- read  st2mot     ret=0  data=['0xe8', '0x03']
14:58:48.484  DEBUG   [poll]    -> read  st0cur    
14:58:48.488  DEBUG   [poll]    <- read  st0cur     ret=0  data=['0xf6', '0x01', '0xf3', '0x01']
14:58:48.634  DEBUG   [client]  -> read  st2mot    
14:58:48.637  DEBUG   [client]  <- read  st2mot     ret=0  data=['0xe8', '0x03']
14:58:48.834  DEBUG   [client]  -> read  st2mot    
14:58:48.837  DEBUG   [client]  <- read  st2mot     ret=0  data=['0xe8', '0x03']
14:58:48.839  DEBUG   [client]  -> read  st0cur    
14:58:48.843  DEBUG   [client]  <- read  st0cur     ret=0  data=['0xf6', '0x01', '0xf3', '0x01']
14:58:49.034  DEBUG   [client]  -> read  st2mot    
14:58:49.037  DEBUG   [client]  <- read  st2mot     ret=0  data=['0xe8', '0x03']
14:58:49.234  DEBUG   [client]  -> read  st2mot    
14:58:49.237  DEBUG   [client]  <- read  st2mot     ret=0  data=['0xe8', '0x03']
14:58:49.434  DEBUG   [client]  -> read  st2mot    
14:58:49.440  DEBUG   [client]  <- read  st2mot     ret=0  data=['0x01', '0x04']
14:58:49.489  DEBUG   [poll]    -> read  st2mot    
14:58:49.493  DEBUG   [poll]    <- read  st2mot     ret=0  data=['0x01', '0x04']
14:58:49.493  DEBUG   [poll]    -> read  st0cur    
14:58:49.498  DEBUG   [poll]    <- read  st0cur     ret=0  data=['0xf4', '0x01', '0xf4', '0x01']
14:58:49.634  DEBUG   [client]  -> read  st2mot    
14:58:49.637  DEBUG   [client]  <- read  st2mot     ret=0  data=['0xcf', '0x03']
14:58:49.639  DEBUG   [client]  -> write cntl3mot   data=['0x00', '0x00']
14:58:49.643  WARNING client disconnected — stopping motor
14:58:49.645  DEBUG   [client]  -> write cntl3mot   data=['0x00', '0x00']
14:58:49.649  INFO    client disconnected
14:58:50.499  DEBUG   [poll]    -> read  st2mot    
14:58:50.503  DEBUG   [poll]    <- read  st2mot     ret=0  data=['0x00', '0x00']
14:58:50.503  DEBUG   [poll]    -> read  st0cur    
14:58:50.507  DEBUG   [poll]    <- read  st0cur     ret=0  data=['0xf9', '0x01', '0xf9', '0x01']
14:58:50.507  WARNING *** OBSERVED STALL SIGNATURE (not acted on yet) — current=-0.34A while rpm=0 ***
14:58:51.509  DEBUG   [poll]    -> read  st2mot    
14:58:51.513  DEBUG   [poll]    <- read  st2mot     ret=0  data=['0x00', '0x00']
14:58:51.513  DEBUG   [poll]    -> read  st0cur    
14:58:51.517  DEBUG   [poll]    <- read  st0cur     ret=0  data=['0x01', '0x02', '0x00', '0x02']
14:58:52.519  DEBUG   [poll]    -> read  st2mot    
14:58:52.522  DEBUG   [poll]    <- read  st2mot     ret=0  data=['0x00', '0x00']
14:58:52.523  DEBUG   [poll]    -> read  st0cur    
14:58:52.527  DEBUG   [poll]    <- read  st0cur     ret=0  data=['0x01', '0x02', '0x00', '0x02']
14:58:53.528  DEBUG   [poll]    -> read  st2mot    
14:58:53.532  DEBUG   [poll]    <- read  st2mot     ret=0  data=['0x00', '0x00']
14:58:53.532  DEBUG   [poll]    -> read  st0cur    
14:58:53.536  DEBUG   [poll]    <- read  st0cur     ret=0  data=['0x01', '0x02', '0x00', '0x02']
14:58:54.538  DEBUG   [poll]    -> read  st2mot    
14:58:54.545  DEBUG   [poll]    <- read  st2mot     ret=0  data=['0x00', '0x00']
14:58:54.546  DEBUG   [poll]    -> read  st0cur    
14:58:54.550  DEBUG   [poll]    <- read  st0cur     ret=0  data=['0x01', '0x02', '0x00', '0x02']
14:58:55.552  DEBUG   [poll]    -> read  st2mot    
14:58:55.555  DEBUG   [poll]    <- read  st2mot     ret=0  data=['0x00', '0x00']
14:58:55.555  DEBUG   [poll]    -> read  st0cur    
14:58:55.559  DEBUG   [poll]    <- read  st0cur     ret=0  data=['0x01', '0x02', '0x01', '0x02']
14:58:55.752  INFO    client connected
14:58:55.753  DEBUG   [client]  -> write cntl0mot   data=['0x01', '0x01']
14:58:55.756  DEBUG   [client]  -> write cntl3mot   data=['0x00', '0x00']
14:58:55.760  DEBUG   [client]  -> write cntl3mot   data=['0x03', '0xe8']
14:58:55.763  DEBUG   [client]  -> read  st2mot    
14:58:55.766  DEBUG   [client]  <- read  st2mot     ret=0  data=['0x00', '0x00']
14:58:55.767  DEBUG   [client]  -> read  st0cur    
14:58:55.771  DEBUG   [client]  <- read  st0cur     ret=0  data=['0x01', '0x02', '0x01', '0x02']
14:58:55.964  DEBUG   [client]  -> read  st2mot    
14:58:55.967  DEBUG   [client]  <- read  st2mot     ret=0  data=['0xf4', '0x01']
14:58:56.164  DEBUG   [client]  -> read  st2mot    
14:58:56.167  DEBUG   [client]  <- read  st2mot     ret=0  data=['0xbc', '0x02']
14:58:56.364  DEBUG   [client]  -> read  st2mot    
14:58:56.367  DEBUG   [client]  <- read  st2mot     ret=0  data=['0x07', '0x03']
14:58:56.560  DEBUG   [poll]    -> read  st2mot    
14:58:56.564  DEBUG   [poll]    <- read  st2mot     ret=0  data=['0x6b', '0x03']
14:58:56.564  DEBUG   [poll]    -> read  st0cur    
14:58:56.569  DEBUG   [poll]    <- read  st0cur     ret=0  data=['0x00', '0x02', '0xff', '0x01']
14:58:56.569  DEBUG   [client]  -> read  st2mot    
14:58:56.572  DEBUG   [client]  <- read  st2mot     ret=0  data=['0x6b', '0x03']
14:58:56.764  DEBUG   [client]  -> read  st2mot    
14:58:56.768  DEBUG   [client]  <- read  st2mot     ret=0  data=['0x84', '0x03']
14:58:56.769  DEBUG   [client]  -> read  st0cur    
14:58:56.774  DEBUG   [client]  <- read  st0cur     ret=0  data=['0x00', '0x02', '0xff', '0x01']
14:58:56.964  DEBUG   [client]  -> read  st2mot    
14:58:56.968  DEBUG   [client]  <- read  st2mot     ret=0  data=['0xcf', '0x03']
14:58:57.164  DEBUG   [client]  -> read  st2mot    
14:58:57.168  DEBUG   [client]  <- read  st2mot     ret=0  data=['0xb6', '0x03']
14:58:57.364  DEBUG   [client]  -> read  st2mot    
14:58:57.368  DEBUG   [client]  <- read  st2mot     ret=0  data=['0xb6', '0x03']
14:58:57.564  DEBUG   [client]  -> read  st2mot    
14:58:57.568  DEBUG   [client]  <- read  st2mot     ret=0  data=['0xe8', '0x03']
14:58:57.570  DEBUG   [poll]    -> read  st2mot    
14:58:57.574  DEBUG   [poll]    <- read  st2mot     ret=0  data=['0xe8', '0x03']
14:58:57.574  DEBUG   [poll]    -> read  st0cur    
14:58:57.578  DEBUG   [poll]    <- read  st0cur     ret=0  data=['0xf7', '0x01', '0xf6', '0x01']
14:58:57.764  DEBUG   [client]  -> read  st2mot    
14:58:57.768  DEBUG   [client]  <- read  st2mot     ret=0  data=['0xb6', '0x03']
14:58:57.769  DEBUG   [client]  -> read  st0cur    
14:58:57.774  DEBUG   [client]  <- read  st0cur     ret=0  data=['0xf7', '0x01', '0xf6', '0x01']
14:58:57.964  DEBUG   [client]  -> read  st2mot    
14:58:57.968  DEBUG   [client]  <- read  st2mot     ret=0  data=['0xe8', '0x03']
14:58:58.164  DEBUG   [client]  -> read  st2mot    
14:58:58.168  DEBUG   [client]  <- read  st2mot     ret=0  data=['0xe8', '0x03']
14:58:58.364  DEBUG   [client]  -> read  st2mot    
14:58:58.368  DEBUG   [client]  <- read  st2mot     ret=0  data=['0xe8', '0x03']
14:58:58.564  DEBUG   [client]  -> read  st2mot    
14:58:58.568  DEBUG   [client]  <- read  st2mot     ret=0  data=['0xe8', '0x03']
14:58:58.580  DEBUG   [poll]    -> read  st2mot    
14:58:58.583  DEBUG   [poll]    <- read  st2mot     ret=0  data=['0xe8', '0x03']
14:58:58.584  DEBUG   [poll]    -> read  st0cur    
14:58:58.588  DEBUG   [poll]    <- read  st0cur     ret=0  data=['0xf5', '0x01', '0xf6', '0x01']
14:58:58.764  DEBUG   [client]  -> read  st2mot    
14:58:58.768  DEBUG   [client]  <- read  st2mot     ret=0  data=['0x01', '0x04']
14:58:58.769  DEBUG   [client]  -> read  st0cur    
14:58:58.774  DEBUG   [client]  <- read  st0cur     ret=0  data=['0xf5', '0x01', '0xf6', '0x01']
14:58:58.964  DEBUG   [client]  -> read  st2mot    
14:58:58.968  DEBUG   [client]  <- read  st2mot     ret=0  data=['0xcf', '0x03']
14:58:59.164  DEBUG   [client]  -> read  st2mot    
14:58:59.168  DEBUG   [client]  <- read  st2mot     ret=0  data=['0xe8', '0x03']
14:58:59.364  DEBUG   [client]  -> read  st2mot    
14:58:59.368  DEBUG   [client]  <- read  st2mot     ret=0  data=['0xe8', '0x03']
14:58:59.564  DEBUG   [client]  -> read  st2mot    
14:58:59.571  DEBUG   [client]  <- read  st2mot     ret=0  data=['0xe8', '0x03']
14:58:59.590  DEBUG   [poll]    -> read  st2mot    
14:58:59.594  DEBUG   [poll]    <- read  st2mot     ret=0  data=['0xe8', '0x03']
14:58:59.594  DEBUG   [poll]    -> read  st0cur    
14:58:59.599  DEBUG   [poll]    <- read  st0cur     ret=0  data=['0xf7', '0x01', '0xf6', '0x01']
14:58:59.764  DEBUG   [client]  -> read  st2mot    
14:58:59.768  DEBUG   [client]  <- read  st2mot     ret=0  data=['0xe8', '0x03']
14:58:59.769  DEBUG   [client]  -> read  st0cur    
14:58:59.774  DEBUG   [client]  <- read  st0cur     ret=0  data=['0xf7', '0x01', '0xf6', '0x01']
14:58:59.964  DEBUG   [client]  -> read  st2mot    
14:58:59.968  DEBUG   [client]  <- read  st2mot     ret=0  data=['0xe8', '0x03']
14:59:00.164  DEBUG   [client]  -> read  st2mot    
14:59:00.168  DEBUG   [client]  <- read  st2mot     ret=0  data=['0x01', '0x04']
14:59:00.364  DEBUG   [client]  -> read  st2mot    
14:59:00.368  DEBUG   [client]  <- read  st2mot     ret=0  data=['0xe8', '0x03']
14:59:00.564  DEBUG   [client]  -> read  st2mot    
14:59:00.568  DEBUG   [client]  <- read  st2mot     ret=0  data=['0xe8', '0x03']
14:59:00.601  DEBUG   [poll]    -> read  st2mot    
14:59:00.604  DEBUG   [poll]    <- read  st2mot     ret=0  data=['0xe8', '0x03']
14:59:00.605  DEBUG   [poll]    -> read  st0cur    
14:59:00.609  DEBUG   [poll]    <- read  st0cur     ret=0  data=['0xf7', '0x01', '0xf4', '0x01']
14:59:00.764  DEBUG   [client]  -> read  st2mot    
14:59:00.768  DEBUG   [client]  <- read  st2mot     ret=0  data=['0x01', '0x04']
14:59:00.769  DEBUG   [client]  -> read  st0cur    
14:59:00.774  DEBUG   [client]  <- read  st0cur     ret=0  data=['0xf7', '0x01', '0xf4', '0x01']
14:59:00.964  DEBUG   [client]  -> read  st2mot    
14:59:00.968  DEBUG   [client]  <- read  st2mot     ret=0  data=['0xe8', '0x03']
14:59:01.164  DEBUG   [client]  -> read  st2mot    
14:59:01.168  DEBUG   [client]  <- read  st2mot     ret=0  data=['0xe8', '0x03']
14:59:01.364  DEBUG   [client]  -> read  st2mot    
14:59:01.368  DEBUG   [client]  <- read  st2mot     ret=0  data=['0xe8', '0x03']
14:59:01.564  DEBUG   [client]  -> read  st2mot    
14:59:01.568  DEBUG   [client]  <- read  st2mot     ret=0  data=['0x01', '0x04']
14:59:01.611  DEBUG   [poll]    -> read  st2mot    
14:59:01.614  DEBUG   [poll]    <- read  st2mot     ret=0  data=['0x01', '0x04']
14:59:01.614  DEBUG   [poll]    -> read  st0cur    
14:59:01.619  DEBUG   [poll]    <- read  st0cur     ret=0  data=['0xf6', '0x01', '0xf5', '0x01']
14:59:01.764  DEBUG   [client]  -> read  st2mot    
14:59:01.768  DEBUG   [client]  <- read  st2mot     ret=0  data=['0xe8', '0x03']
14:59:01.769  DEBUG   [client]  -> read  st0cur    
14:59:01.774  DEBUG   [client]  <- read  st0cur     ret=0  data=['0xf6', '0x01', '0xf5', '0x01']
14:59:01.964  DEBUG   [client]  -> read  st2mot    
14:59:01.968  DEBUG   [client]  <- read  st2mot     ret=0  data=['0x01', '0x04']
14:59:02.164  DEBUG   [client]  -> read  st2mot    
14:59:02.168  DEBUG   [client]  <- read  st2mot     ret=0  data=['0xe8', '0x03']
14:59:02.364  DEBUG   [client]  -> read  st2mot    
14:59:02.368  DEBUG   [client]  <- read  st2mot     ret=0  data=['0xcf', '0x03']
14:59:02.564  DEBUG   [client]  -> read  st2mot    
14:59:02.568  DEBUG   [client]  <- read  st2mot     ret=0  data=['0xe8', '0x03']
14:59:02.569  DEBUG   [client]  -> write cntl3mot   data=['0x00', '0x00']
14:59:02.574  WARNING client disconnected — stopping motor
14:59:02.575  DEBUG   [client]  -> write cntl3mot   data=['0x00', '0x00']
14:59:02.579  INFO    client disconnected
14:59:02.620  DEBUG   [poll]    -> read  st2mot    
14:59:02.624  DEBUG   [poll]    <- read  st2mot     ret=0  data=['0xe8', '0x03']
14:59:02.625  DEBUG   [poll]    -> read  st0cur    
14:59:02.629  DEBUG   [poll]    <- read  st0cur     ret=0  data=['0xf5', '0x01', '0xf5', '0x01']
14:59:03.631  DEBUG   [poll]    -> read  st2mot    
14:59:03.634  DEBUG   [poll]    <- read  st2mot     ret=0  data=['0x00', '0x00']
14:59:03.635  DEBUG   [poll]    -> read  st0cur    
14:59:03.639  DEBUG   [poll]    <- read  st0cur     ret=0  data=['0xfa', '0x01', '0xfa', '0x01']
14:59:03.639  WARNING *** OBSERVED STALL SIGNATURE (not acted on yet) — current=-0.29A while rpm=0 ***
14:59:04.641  DEBUG   [poll]    -> read  st2mot    
14:59:04.644  DEBUG   [poll]    <- read  st2mot     ret=0  data=['0x00', '0x00']
14:59:04.645  DEBUG   [poll]    -> read  st0cur    
14:59:04.649  DEBUG   [poll]    <- read  st0cur     ret=0  data=['0x01', '0x02', '0x00', '0x02']
14:59:05.651  DEBUG   [poll]    -> read  st2mot    
14:59:05.654  DEBUG   [poll]    <- read  st2mot     ret=0  data=['0x00', '0x00']
14:59:05.654  DEBUG   [poll]    -> read  st0cur    
14:59:05.658  DEBUG   [poll]    <- read  st0cur     ret=0  data=['0x01', '0x02', '0x01', '0x02']
14:59:06.659  DEBUG   [poll]    -> read  st2mot    
14:59:06.662  DEBUG   [poll]    <- read  st2mot     ret=0  data=['0x00', '0x00']
14:59:06.663  DEBUG   [poll]    -> read  st0cur    
14:59:06.667  DEBUG   [poll]    <- read  st0cur     ret=0  data=['0x01', '0x02', '0x00', '0x02']
14:59:07.668  DEBUG   [poll]    -> read  st2mot    
14:59:07.672  DEBUG   [poll]    <- read  st2mot     ret=0  data=['0x00', '0x00']
14:59:07.672  DEBUG   [poll]    -> read  st0cur    
14:59:07.676  DEBUG   [poll]    <- read  st0cur     ret=0  data=['0x01', '0x02', '0x00', '0x02']
14:59:08.678  DEBUG   [poll]    -> read  st2mot    
14:59:08.681  DEBUG   [poll]    <- read  st2mot     ret=0  data=['0x00', '0x00']
14:59:08.682  DEBUG   [poll]    -> read  st0cur    
14:59:08.686  DEBUG   [poll]    <- read  st0cur     ret=0  data=['0x01', '0x02', '0x01', '0x02']
14:59:09.687  DEBUG   [poll]    -> read  st2mot    
14:59:09.695  DEBUG   [poll]    <- read  st2mot     ret=0  data=['0x00', '0x00']
14:59:09.695  DEBUG   [poll]    -> read  st0cur    
14:59:09.700  DEBUG   [poll]    <- read  st0cur     ret=0  data=['0x01', '0x02', '0x00', '0x02']
14:59:10.701  DEBUG   [poll]    -> read  st2mot    
14:59:10.704  DEBUG   [poll]    <- read  st2mot     ret=0  data=['0x00', '0x00']
14:59:10.705  DEBUG   [poll]    -> read  st0cur    
14:59:10.709  DEBUG   [poll]    <- read  st0cur     ret=0  data=['0x01', '0x02', '0x00', '0x02']
14:59:11.711  DEBUG   [poll]    -> read  st2mot    
14:59:11.714  DEBUG   [poll]    <- read  st2mot     ret=0  data=['0x00', '0x00']
14:59:11.714  DEBUG   [poll]    -> read  st0cur    
14:59:11.718  DEBUG   [poll]    <- read  st0cur     ret=0  data=['0x01', '0x02', '0x00', '0x02']
14:59:12.720  DEBUG   [poll]    -> read  st2mot    
14:59:12.723  DEBUG   [poll]    <- read  st2mot     ret=0  data=['0x00', '0x00']
14:59:12.724  DEBUG   [poll]    -> read  st0cur    
14:59:12.728  DEBUG   [poll]    <- read  st0cur     ret=0  data=['0x01', '0x02', '0x00', '0x02']
14:59:13.729  DEBUG   [poll]    -> read  st2mot    
14:59:13.733  DEBUG   [poll]    <- read  st2mot     ret=0  data=['0x00', '0x00']
14:59:13.733  DEBUG   [poll]    -> read  st0cur    
14:59:13.737  DEBUG   [poll]    <- read  st0cur     ret=0  data=['0x01', '0x02', '0x01', '0x02']
14:59:14.739  DEBUG   [poll]    -> read  st2mot    
14:59:14.742  DEBUG   [poll]    <- read  st2mot     ret=0  data=['0x00', '0x00']
14:59:14.743  DEBUG   [poll]    -> read  st0cur    
14:59:14.748  DEBUG   [poll]    <- read  st0cur     ret=0  data=['0x01', '0x02', '0x00', '0x02']
14:59:15.749  DEBUG   [poll]    -> read  st2mot    
14:59:15.753  DEBUG   [poll]    <- read  st2mot     ret=0  data=['0x00', '0x00']
14:59:15.753  DEBUG   [poll]    -> read  st0cur    
14:59:15.757  DEBUG   [poll]    <- read  st0cur     ret=0  data=['0x01', '0x02', '0x01', '0x02']
14:59:16.759  DEBUG   [poll]    -> read  st2mot    
14:59:16.762  DEBUG   [poll]    <- read  st2mot     ret=0  data=['0x00', '0x00']
14:59:16.762  DEBUG   [poll]    -> read  st0cur    
14:59:16.767  DEBUG   [poll]    <- read  st0cur     ret=0  data=['0x01', '0x02', '0x01', '0x02']
14:59:17.768  DEBUG   [poll]    -> read  st2mot    
14:59:17.772  DEBUG   [poll]    <- read  st2mot     ret=0  data=['0x00', '0x00']
14:59:17.772  DEBUG   [poll]    -> read  st0cur    
14:59:17.776  DEBUG   [poll]    <- read  st0cur     ret=0  data=['0x01', '0x02', '0x01', '0x02']
14:59:18.778  DEBUG   [poll]    -> read  st2mot    
14:59:18.781  DEBUG   [poll]    <- read  st2mot     ret=0  data=['0x00', '0x00']
14:59:18.782  DEBUG   [poll]    -> read  st0cur    
14:59:18.786  DEBUG   [poll]    <- read  st0cur     ret=0  data=['0x01', '0x02', '0x01', '0x02']
14:59:19.787  DEBUG   [poll]    -> read  st2mot    
14:59:19.795  DEBUG   [poll]    <- read  st2mot     ret=0  data=['0x00', '0x00']
14:59:19.795  DEBUG   [poll]    -> read  st0cur    
14:59:19.799  DEBUG   [poll]    <- read  st0cur     ret=0  data=['0x01', '0x02', '0x01', '0x02']
14:59:20.801  DEBUG   [poll]    -> read  st2mot    
14:59:20.804  DEBUG   [poll]    <- read  st2mot     ret=0  data=['0x00', '0x00']
14:59:20.805  DEBUG   [poll]    -> read  st0cur    
14:59:20.809  DEBUG   [poll]    <- read  st0cur     ret=0  data=['0x01', '0x02', '0x00', '0x02']
14:59:21.810  DEBUG   [poll]    -> read  st2mot    
14:59:21.814  DEBUG   [poll]    <- read  st2mot     ret=0  data=['0x00', '0x00']
14:59:21.814  DEBUG   [poll]    -> read  st0cur    
14:59:21.818  DEBUG   [poll]    <- read  st0cur     ret=0  data=['0x01', '0x02', '0x01', '0x02']
14:59:22.820  DEBUG   [poll]    -> read  st2mot    
14:59:22.823  DEBUG   [poll]    <- read  st2mot     ret=0  data=['0x00', '0x00']
14:59:22.823  DEBUG   [poll]    -> read  st0cur    
14:59:22.828  DEBUG   [poll]    <- read  st0cur     ret=0  data=['0x01', '0x02', '0x01', '0x02']
14:59:23.828  DEBUG   [poll]    -> read  st2mot    
14:59:23.832  DEBUG   [poll]    <- read  st2mot     ret=0  data=['0x00', '0x00']
14:59:23.832  DEBUG   [poll]    -> read  st0cur    
14:59:23.836  DEBUG   [poll]    <- read  st0cur     ret=0  data=['0x01', '0x02', '0x00', '0x02']
14:59:24.838  DEBUG   [poll]    -> read  st2mot    
14:59:24.845  DEBUG   [poll]    <- read  st2mot     ret=0  data=['0x00', '0x00']
14:59:24.845  DEBUG   [poll]    -> read  st0cur    
14:59:24.850  DEBUG   [poll]    <- read  st0cur     ret=0  data=['0x01', '0x02', '0x00', '0x02']
14:59:25.851  DEBUG   [poll]    -> read  st2mot    
14:59:25.855  DEBUG   [poll]    <- read  st2mot     ret=0  data=['0x00', '0x00']
14:59:25.855  DEBUG   [poll]    -> read  st0cur    
14:59:25.859  DEBUG   [poll]    <- read  st0cur     ret=0  data=['0x01', '0x02', '0x01', '0x02']
14:59:26.861  DEBUG   [poll]    -> read  st2mot    
14:59:26.864  DEBUG   [poll]    <- read  st2mot     ret=0  data=['0x00', '0x00']
14:59:26.864  DEBUG   [poll]    -> read  st0cur    
14:59:26.869  DEBUG   [poll]    <- read  st0cur     ret=0  data=['0x01', '0x02', '0x00', '0x02']
14:59:27.870  DEBUG   [poll]    -> read  st2mot    
14:59:27.873  DEBUG   [poll]    <- read  st2mot     ret=0  data=['0x00', '0x00']
14:59:27.874  DEBUG   [poll]    -> read  st0cur    
14:59:27.878  DEBUG   [poll]    <- read  st0cur     ret=0  data=['0x01', '0x02', '0x00', '0x02']
14:59:28.880  DEBUG   [poll]    -> read  st2mot    
14:59:28.883  DEBUG   [poll]    <- read  st2mot     ret=0  data=['0x00', '0x00']
14:59:28.884  DEBUG   [poll]    -> read  st0cur    
14:59:28.888  DEBUG   [poll]    <- read  st0cur     ret=0  data=['0x01', '0x02', '0x01', '0x02']
14:59:29.889  DEBUG   [poll]    -> read  st2mot    
14:59:29.897  DEBUG   [poll]    <- read  st2mot     ret=0  data=['0x00', '0x00']
14:59:29.897  DEBUG   [poll]    -> read  st0cur    
14:59:29.901  DEBUG   [poll]    <- read  st0cur     ret=0  data=['0x01', '0x02', '0x00', '0x02']
14:59:30.903  DEBUG   [poll]    -> read  st2mot    
14:59:30.906  DEBUG   [poll]    <- read  st2mot     ret=0  data=['0x00', '0x00']
14:59:30.907  DEBUG   [poll]    -> read  st0cur    
14:59:30.911  DEBUG   [poll]    <- read  st0cur     ret=0  data=['0x01', '0x02', '0x01', '0x02']
14:59:31.912  DEBUG   [poll]    -> read  st2mot    
14:59:31.916  DEBUG   [poll]    <- read  st2mot     ret=0  data=['0x00', '0x00']
14:59:31.916  DEBUG   [poll]    -> read  st0cur    
14:59:31.920  DEBUG   [poll]    <- read  st0cur     ret=0  data=['0x01', '0x02', '0x00', '0x02']
14:59:32.922  DEBUG   [poll]    -> read  st2mot    
14:59:32.925  DEBUG   [poll]    <- read  st2mot     ret=0  data=['0x00', '0x00']
14:59:32.925  DEBUG   [poll]    -> read  st0cur    
14:59:32.930  DEBUG   [poll]    <- read  st0cur     ret=0  data=['0x01', '0x02', '0x00', '0x02']
14:59:33.931  DEBUG   [poll]    -> read  st2mot    
14:59:33.934  DEBUG   [poll]    <- read  st2mot     ret=0  data=['0x00', '0x00']
14:59:33.935  DEBUG   [poll]    -> read  st0cur    
14:59:33.939  DEBUG   [poll]    <- read  st0cur     ret=0  data=['0x01', '0x02', '0x01', '0x02']
14:59:34.941  DEBUG   [poll]    -> read  st2mot    
14:59:34.947  DEBUG   [poll]    <- read  st2mot     ret=0  data=['0x00', '0x00']
14:59:34.948  DEBUG   [poll]    -> read  st0cur    
14:59:34.952  DEBUG   [poll]    <- read  st0cur     ret=0  data=['0x01', '0x02', '0x00', '0x02']
14:59:35.953  DEBUG   [poll]    -> read  st2mot    
14:59:35.957  DEBUG   [poll]    <- read  st2mot     ret=0  data=['0x00', '0x00']
14:59:35.957  DEBUG   [poll]    -> read  st0cur    
14:59:35.962  DEBUG   [poll]    <- read  st0cur     ret=0  data=['0x01', '0x02', '0x01', '0x02']
14:59:36.963  DEBUG   [poll]    -> read  st2mot    
14:59:36.966  DEBUG   [poll]    <- read  st2mot     ret=0  data=['0x00', '0x00']
14:59:36.967  DEBUG   [poll]    -> read  st0cur    
14:59:36.971  DEBUG   [poll]    <- read  st0cur     ret=0  data=['0x01', '0x02', '0x00', '0x02']
14:59:37.972  DEBUG   [poll]    -> read  st2mot    
14:59:37.976  DEBUG   [poll]    <- read  st2mot     ret=0  data=['0x00', '0x00']
14:59:37.976  DEBUG   [poll]    -> read  st0cur    
14:59:37.980  DEBUG   [poll]    <- read  st0cur     ret=0  data=['0x01', '0x02', '0x00', '0x02']
14:59:38.982  DEBUG   [poll]    -> read  st2mot    
14:59:38.985  DEBUG   [poll]    <- read  st2mot     ret=0  data=['0x00', '0x00']
14:59:38.986  DEBUG   [poll]    -> read  st0cur    
14:59:38.990  DEBUG   [poll]    <- read  st0cur     ret=0  data=['0x01', '0x02', '0x00', '0x02']
14:59:39.991  DEBUG   [poll]    -> read  st2mot    
14:59:39.998  DEBUG   [poll]    <- read  st2mot     ret=0  data=['0x00', '0x00']
14:59:39.998  DEBUG   [poll]    -> read  st0cur    
14:59:40.003  DEBUG   [poll]    <- read  st0cur     ret=0  data=['0x01', '0x02', '0x00', '0x02']
14:59:41.004  DEBUG   [poll]    -> read  st2mot    
14:59:41.007  DEBUG   [poll]    <- read  st2mot     ret=0  data=['0x00', '0x00']
14:59:41.008  DEBUG   [poll]    -> read  st0cur    
14:59:41.012  DEBUG   [poll]    <- read  st0cur     ret=0  data=['0x01', '0x02', '0x00', '0x02']
14:59:42.014  DEBUG   [poll]    -> read  st2mot    
14:59:42.017  DEBUG   [poll]    <- read  st2mot     ret=0  data=['0x00', '0x00']
14:59:42.017  DEBUG   [poll]    -> read  st0cur    
14:59:42.022  DEBUG   [poll]    <- read  st0cur     ret=0  data=['0x01', '0x02', '0x01', '0x02']
14:59:43.023  DEBUG   [poll]    -> read  st2mot    
14:59:43.026  DEBUG   [poll]    <- read  st2mot     ret=0  data=['0x00', '0x00']
14:59:43.027  DEBUG   [poll]    -> read  st0cur    
14:59:43.031  DEBUG   [poll]    <- read  st0cur     ret=0  data=['0x01', '0x02', '0x00', '0x02']
14:59:44.033  DEBUG   [poll]    -> read  st2mot    
14:59:44.036  DEBUG   [poll]    <- read  st2mot     ret=0  data=['0x00', '0x00']
14:59:44.036  DEBUG   [poll]    -> read  st0cur    
14:59:44.041  DEBUG   [poll]    <- read  st0cur     ret=0  data=['0x01', '0x02', '0x00', '0x02']
14:59:45.042  DEBUG   [poll]    -> read  st2mot    
14:59:45.049  DEBUG   [poll]    <- read  st2mot     ret=0  data=['0x00', '0x00']
14:59:45.049  DEBUG   [poll]    -> read  st0cur    
14:59:45.054  DEBUG   [poll]    <- read  st0cur     ret=0  data=['0x01', '0x02', '0x00', '0x02']
14:59:46.055  DEBUG   [poll]    -> read  st2mot    
14:59:46.059  DEBUG   [poll]    <- read  st2mot     ret=0  data=['0x00', '0x00']
14:59:46.059  DEBUG   [poll]    -> read  st0cur    
14:59:46.063  DEBUG   [poll]    <- read  st0cur     ret=0  data=['0x01', '0x02', '0x01', '0x02']
14:59:47.065  DEBUG   [poll]    -> read  st2mot    
14:59:47.068  DEBUG   [poll]    <- read  st2mot     ret=0  data=['0x00', '0x00']
14:59:47.068  DEBUG   [poll]    -> read  st0cur    
14:59:47.073  DEBUG   [poll]    <- read  st0cur     ret=0  data=['0x01', '0x02', '0x00', '0x02']
14:59:48.074  DEBUG   [poll]    -> read  st2mot    
14:59:48.078  DEBUG   [poll]    <- read  st2mot     ret=0  data=['0x00', '0x00']
14:59:48.078  DEBUG   [poll]    -> read  st0cur    
14:59:48.082  DEBUG   [poll]    <- read  st0cur     ret=0  data=['0x01', '0x02', '0x01', '0x02']
14:59:49.084  DEBUG   [poll]    -> read  st2mot    
14:59:49.087  DEBUG   [poll]    <- read  st2mot     ret=0  data=['0x00', '0x00']
14:59:49.088  DEBUG   [poll]    -> read  st0cur    
14:59:49.092  DEBUG   [poll]    <- read  st0cur     ret=0  data=['0x01', '0x02', '0x00', '0x02']
14:59:50.093  DEBUG   [poll]    -> read  st2mot    
14:59:50.101  DEBUG   [poll]    <- read  st2mot     ret=0  data=['0x00', '0x00']
14:59:50.101  DEBUG   [poll]    -> read  st0cur    
14:59:50.105  DEBUG   [poll]    <- read  st0cur     ret=0  data=['0x01', '0x02', '0x00', '0x02']
14:59:51.107  DEBUG   [poll]    -> read  st2mot    
14:59:51.110  DEBUG   [poll]    <- read  st2mot     ret=0  data=['0x00', '0x00']
14:59:51.111  DEBUG   [poll]    -> read  st0cur    
14:59:51.115  DEBUG   [poll]    <- read  st0cur     ret=0  data=['0x01', '0x02', '0x01', '0x02']
14:59:52.116  DEBUG   [poll]    -> read  st2mot    
14:59:52.120  DEBUG   [poll]    <- read  st2mot     ret=0  data=['0x00', '0x00']
14:59:52.120  DEBUG   [poll]    -> read  st0cur    
14:59:52.124  DEBUG   [poll]    <- read  st0cur     ret=0  data=['0x01', '0x02', '0x00', '0x02']
14:59:53.126  DEBUG   [poll]    -> read  st2mot    
14:59:53.129  DEBUG   [poll]    <- read  st2mot     ret=0  data=['0x00', '0x00']
14:59:53.129  DEBUG   [poll]    -> read  st0cur    
14:59:53.134  DEBUG   [poll]    <- read  st0cur     ret=0  data=['0x01', '0x02', '0x00', '0x02']
14:59:54.135  DEBUG   [poll]    -> read  st2mot    
14:59:54.138  DEBUG   [poll]    <- read  st2mot     ret=0  data=['0x00', '0x00']
14:59:54.139  DEBUG   [poll]    -> read  st0cur    
14:59:54.143  DEBUG   [poll]    <- read  st0cur     ret=0  data=['0x01', '0x02', '0x01', '0x02']
14:59:55.145  DEBUG   [poll]    -> read  st2mot    
14:59:55.151  DEBUG   [poll]    <- read  st2mot     ret=0  data=['0x00', '0x00']
14:59:55.152  DEBUG   [poll]    -> read  st0cur    
14:59:55.156  DEBUG   [poll]    <- read  st0cur     ret=0  data=['0x01', '0x02', '0x00', '0x02']
14:59:56.158  DEBUG   [poll]    -> read  st2mot    
14:59:56.161  DEBUG   [poll]    <- read  st2mot     ret=0  data=['0x00', '0x00']
14:59:56.161  DEBUG   [poll]    -> read  st0cur    
14:59:56.166  DEBUG   [poll]    <- read  st0cur     ret=0  data=['0x01', '0x02', '0x01', '0x02']
14:59:57.167  DEBUG   [poll]    -> read  st2mot    
14:59:57.170  DEBUG   [poll]    <- read  st2mot     ret=0  data=['0x00', '0x00']
14:59:57.171  DEBUG   [poll]    -> read  st0cur    
14:59:57.175  DEBUG   [poll]    <- read  st0cur     ret=0  data=['0x01', '0x02', '0x01', '0x02']
14:59:58.177  DEBUG   [poll]    -> read  st2mot    
14:59:58.180  DEBUG   [poll]    <- read  st2mot     ret=0  data=['0x00', '0x00']
14:59:58.180  DEBUG   [poll]    -> read  st0cur    
14:59:58.185  DEBUG   [poll]    <- read  st0cur     ret=0  data=['0x01', '0x02', '0x01', '0x02']
14:59:59.186  DEBUG   [poll]    -> read  st2mot    
14:59:59.189  DEBUG   [poll]    <- read  st2mot     ret=0  data=['0x00', '0x00']
14:59:59.190  DEBUG   [poll]    -> read  st0cur    
14:59:59.194  DEBUG   [poll]    <- read  st0cur     ret=0  data=['0x01', '0x02', '0x00', '0x02']
15:00:00.195  DEBUG   [poll]    -> read  st2mot    
15:00:00.202  DEBUG   [poll]    <- read  st2mot     ret=0  data=['0x00', '0x00']
15:00:00.203  DEBUG   [poll]    -> read  st0cur    
15:00:00.207  DEBUG   [poll]    <- read  st0cur     ret=0  data=['0x01', '0x02', '0x01', '0x02']
15:00:01.209  DEBUG   [poll]    -> read  st2mot    
15:00:01.212  DEBUG   [poll]    <- read  st2mot     ret=0  data=['0x00', '0x00']
15:00:01.212  DEBUG   [poll]    -> read  st0cur    
15:00:01.217  DEBUG   [poll]    <- read  st0cur     ret=0  data=['0x01', '0x02', '0x00', '0x02']
15:00:02.218  DEBUG   [poll]    -> read  st2mot    
15:00:02.222  DEBUG   [poll]    <- read  st2mot     ret=0  data=['0x00', '0x00']
15:00:02.222  DEBUG   [poll]    -> read  st0cur    
15:00:02.226  DEBUG   [poll]    <- read  st0cur     ret=0  data=['0x01', '0x02', '0x01', '0x02']
15:00:03.228  DEBUG   [poll]    -> read  st2mot    
15:00:03.231  DEBUG   [poll]    <- read  st2mot     ret=0  data=['0x00', '0x00']
15:00:03.231  DEBUG   [poll]    -> read  st0cur    
15:00:03.236  DEBUG   [poll]    <- read  st0cur     ret=0  data=['0x01', '0x02', '0x01', '0x02']
15:00:04.237  DEBUG   [poll]    -> read  st2mot    
15:00:04.241  DEBUG   [poll]    <- read  st2mot     ret=0  data=['0x00', '0x00']
15:00:04.241  DEBUG   [poll]    -> read  st0cur    
15:00:04.245  DEBUG   [poll]    <- read  st0cur     ret=0  data=['0x01', '0x02', '0x00', '0x02']
15:00:05.247  DEBUG   [poll]    -> read  st2mot    
15:00:05.254  DEBUG   [poll]    <- read  st2mot     ret=0  data=['0x00', '0x00']
15:00:05.254  DEBUG   [poll]    -> read  st0cur    
15:00:05.258  DEBUG   [poll]    <- read  st0cur     ret=0  data=['0x01', '0x02', '0x00', '0x02']
15:00:06.260  DEBUG   [poll]    -> read  st2mot    
15:00:06.263  DEBUG   [poll]    <- read  st2mot     ret=0  data=['0x00', '0x00']
15:00:06.264  DEBUG   [poll]    -> read  st0cur    
15:00:06.268  DEBUG   [poll]    <- read  st0cur     ret=0  data=['0x01', '0x02', '0x01', '0x02']
15:00:07.269  DEBUG   [poll]    -> read  st2mot    
15:00:07.273  DEBUG   [poll]    <- read  st2mot     ret=0  data=['0x00', '0x00']
15:00:07.273  DEBUG   [poll]    -> read  st0cur    
15:00:07.277  DEBUG   [poll]    <- read  st0cur     ret=0  data=['0x01', '0x02', '0x01', '0x02']
15:00:08.279  DEBUG   [poll]    -> read  st2mot    
15:00:08.282  DEBUG   [poll]    <- read  st2mot     ret=0  data=['0x00', '0x00']
15:00:08.283  DEBUG   [poll]    -> read  st0cur    
15:00:08.287  DEBUG   [poll]    <- read  st0cur     ret=0  data=['0x01', '0x02', '0x00', '0x02']
15:00:09.288  DEBUG   [poll]    -> read  st2mot    
15:00:09.292  DEBUG   [poll]    <- read  st2mot     ret=0  data=['0x00', '0x00']
15:00:09.292  DEBUG   [poll]    -> read  st0cur    
15:00:09.297  DEBUG   [poll]    <- read  st0cur     ret=0  data=['0x01', '0x02', '0x00', '0x02']
15:00:10.298  DEBUG   [poll]    -> read  st2mot    
15:00:10.305  DEBUG   [poll]    <- read  st2mot     ret=0  data=['0x00', '0x00']
15:00:10.305  DEBUG   [poll]    -> read  st0cur    
15:00:10.309  DEBUG   [poll]    <- read  st0cur     ret=0  data=['0x01', '0x02', '0x01', '0x02']
15:00:11.311  DEBUG   [poll]    -> read  st2mot    
15:00:11.314  DEBUG   [poll]    <- read  st2mot     ret=0  data=['0x00', '0x00']
15:00:11.315  DEBUG   [poll]    -> read  st0cur    
15:00:11.319  DEBUG   [poll]    <- read  st0cur     ret=0  data=['0x01', '0x02', '0x00', '0x02']
15:00:12.320  DEBUG   [poll]    -> read  st2mot    
15:00:12.324  DEBUG   [poll]    <- read  st2mot     ret=0  data=['0x00', '0x00']
15:00:12.324  DEBUG   [poll]    -> read  st0cur    
15:00:12.329  DEBUG   [poll]    <- read  st0cur     ret=0  data=['0x01', '0x02', '0x00', '0x02']
15:00:13.330  DEBUG   [poll]    -> read  st2mot    
15:00:13.333  DEBUG   [poll]    <- read  st2mot     ret=0  data=['0x00', '0x00']
15:00:13.334  DEBUG   [poll]    -> read  st0cur    
15:00:13.338  DEBUG   [poll]    <- read  st0cur     ret=0  data=['0x01', '0x02', '0x00', '0x02']
15:00:14.340  DEBUG   [poll]    -> read  st2mot    
15:00:14.343  DEBUG   [poll]    <- read  st2mot     ret=0  data=['0x00', '0x00']
15:00:14.344  DEBUG   [poll]    -> read  st0cur    
15:00:14.348  DEBUG   [poll]    <- read  st0cur     ret=0  data=['0x01', '0x02', '0x01', '0x02']
15:00:15.349  DEBUG   [poll]    -> read  st2mot    
15:00:15.356  DEBUG   [poll]    <- read  st2mot     ret=0  data=['0x00', '0x00']
15:00:15.357  DEBUG   [poll]    -> read  st0cur    
15:00:15.361  DEBUG   [poll]    <- read  st0cur     ret=0  data=['0x01', '0x02', '0x00', '0x02']
15:00:16.362  DEBUG   [poll]    -> read  st2mot    
15:00:16.366  DEBUG   [poll]    <- read  st2mot     ret=0  data=['0x00', '0x00']
15:00:16.366  DEBUG   [poll]    -> read  st0cur    
15:00:16.370  DEBUG   [poll]    <- read  st0cur     ret=0  data=['0x01', '0x02', '0x01', '0x02']
15:00:17.372  DEBUG   [poll]    -> read  st2mot    
15:00:17.375  DEBUG   [poll]    <- read  st2mot     ret=0  data=['0x00', '0x00']
15:00:17.375  DEBUG   [poll]    -> read  st0cur    
15:00:17.380  DEBUG   [poll]    <- read  st0cur     ret=0  data=['0x01', '0x02', '0x00', '0x02']
15:00:18.381  DEBUG   [poll]    -> read  st2mot    
15:00:18.385  DEBUG   [poll]    <- read  st2mot     ret=0  data=['0x00', '0x00']
15:00:18.385  DEBUG   [poll]    -> read  st0cur    
15:00:18.389  DEBUG   [poll]    <- read  st0cur     ret=0  data=['0x01', '0x02', '0x01', '0x02']
15:00:19.391  DEBUG   [poll]    -> read  st2mot    
15:00:19.394  DEBUG   [poll]    <- read  st2mot     ret=0  data=['0x00', '0x00']
15:00:19.394  DEBUG   [poll]    -> read  st0cur    
15:00:19.399  DEBUG   [poll]    <- read  st0cur     ret=0  data=['0x01', '0x02', '0x01', '0x02']
15:00:20.400  DEBUG   [poll]    -> read  st2mot    
15:00:20.407  DEBUG   [poll]    <- read  st2mot     ret=0  data=['0x00', '0x00']
15:00:20.408  DEBUG   [poll]    -> read  st0cur    
15:00:20.412  DEBUG   [poll]    <- read  st0cur     ret=0  data=['0x01', '0x02', '0x00', '0x02']
15:00:21.414  DEBUG   [poll]    -> read  st2mot    
15:00:21.417  DEBUG   [poll]    <- read  st2mot     ret=0  data=['0x00', '0x00']
15:00:21.417  DEBUG   [poll]    -> read  st0cur    
15:00:21.422  DEBUG   [poll]    <- read  st0cur     ret=0  data=['0x01', '0x02', '0x00', '0x02']
15:00:22.423  DEBUG   [poll]    -> read  st2mot    
15:00:22.426  DEBUG   [poll]    <- read  st2mot     ret=0  data=['0x00', '0x00']
15:00:22.427  DEBUG   [poll]    -> read  st0cur    
15:00:22.431  DEBUG   [poll]    <- read  st0cur     ret=0  data=['0x01', '0x02', '0x00', '0x02']
15:00:23.432  DEBUG   [poll]    -> read  st2mot    
15:00:23.436  DEBUG   [poll]    <- read  st2mot     ret=0  data=['0x00', '0x00']
15:00:23.436  DEBUG   [poll]    -> read  st0cur    
15:00:23.440  DEBUG   [poll]    <- read  st0cur     ret=0  data=['0x01', '0x02', '0x00', '0x02']
15:00:24.442  DEBUG   [poll]    -> read  st2mot    
15:00:24.445  DEBUG   [poll]    <- read  st2mot     ret=0  data=['0x00', '0x00']
15:00:24.446  DEBUG   [poll]    -> read  st0cur    
15:00:24.450  DEBUG   [poll]    <- read  st0cur     ret=0  data=['0x01', '0x02', '0x00', '0x02']
15:00:25.451  DEBUG   [poll]    -> read  st2mot    
15:00:25.458  DEBUG   [poll]    <- read  st2mot     ret=0  data=['0x00', '0x00']
15:00:25.459  DEBUG   [poll]    -> read  st0cur    
15:00:25.463  DEBUG   [poll]    <- read  st0cur     ret=0  data=['0x01', '0x02', '0x00', '0x02']
15:00:26.464  DEBUG   [poll]    -> read  st2mot    
15:00:26.468  DEBUG   [poll]    <- read  st2mot     ret=0  data=['0x00', '0x00']
15:00:26.468  DEBUG   [poll]    -> read  st0cur    
15:00:26.473  DEBUG   [poll]    <- read  st0cur     ret=0  data=['0x01', '0x02', '0x00', '0x02']
15:00:27.474  DEBUG   [poll]    -> read  st2mot    
15:00:27.478  DEBUG   [poll]    <- read  st2mot     ret=0  data=['0x00', '0x00']
15:00:27.478  DEBUG   [poll]    -> read  st0cur    
15:00:27.482  DEBUG   [poll]    <- read  st0cur     ret=0  data=['0x01', '0x02', '0x00', '0x02']
15:00:28.484  DEBUG   [poll]    -> read  st2mot    
15:00:28.487  DEBUG   [poll]    <- read  st2mot     ret=0  data=['0x00', '0x00']
15:00:28.487  DEBUG   [poll]    -> read  st0cur    
15:00:28.492  DEBUG   [poll]    <- read  st0cur     ret=0  data=['0x01', '0x02', '0x01', '0x02']
15:00:29.493  DEBUG   [poll]    -> read  st2mot    
15:00:29.496  DEBUG   [poll]    <- read  st2mot     ret=0  data=['0x00', '0x00']
15:00:29.497  DEBUG   [poll]    -> read  st0cur    
15:00:29.501  DEBUG   [poll]    <- read  st0cur     ret=0  data=['0x01', '0x02', '0x00', '0x02']
15:00:30.503  DEBUG   [poll]    -> read  st2mot    
15:00:30.509  DEBUG   [poll]    <- read  st2mot     ret=0  data=['0x00', '0x00']
15:00:30.510  DEBUG   [poll]    -> read  st0cur    
15:00:30.514  DEBUG   [poll]    <- read  st0cur     ret=0  data=['0x01', '0x02', '0x00', '0x02']
15:00:31.515  DEBUG   [poll]    -> read  st2mot    
15:00:31.519  DEBUG   [poll]    <- read  st2mot     ret=0  data=['0x00', '0x00']
15:00:31.519  DEBUG   [poll]    -> read  st0cur    
15:00:31.523  DEBUG   [poll]    <- read  st0cur     ret=0  data=['0x01', '0x02', '0x00', '0x02']
15:00:32.525  DEBUG   [poll]    -> read  st2mot    
15:00:32.528  DEBUG   [poll]    <- read  st2mot     ret=0  data=['0x00', '0x00']
15:00:32.529  DEBUG   [poll]    -> read  st0cur    
15:00:32.533  DEBUG   [poll]    <- read  st0cur     ret=0  data=['0x01', '0x02', '0x00', '0x02']
15:00:33.534  DEBUG   [poll]    -> read  st2mot    
15:00:33.538  DEBUG   [poll]    <- read  st2mot     ret=0  data=['0x00', '0x00']
15:00:33.538  DEBUG   [poll]    -> read  st0cur    
15:00:33.542  DEBUG   [poll]    <- read  st0cur     ret=0  data=['0x01', '0x02', '0x00', '0x02']
15:00:34.544  DEBUG   [poll]    -> read  st2mot    
15:00:34.547  DEBUG   [poll]    <- read  st2mot     ret=0  data=['0x00', '0x00']
15:00:34.547  DEBUG   [poll]    -> read  st0cur    
15:00:34.552  DEBUG   [poll]    <- read  st0cur     ret=0  data=['0x01', '0x02', '0x01', '0x02']
15:00:35.553  DEBUG   [poll]    -> read  st2mot    
15:00:35.560  DEBUG   [poll]    <- read  st2mot     ret=0  data=['0x00', '0x00']
15:00:35.561  DEBUG   [poll]    -> read  st0cur    
15:00:35.565  DEBUG   [poll]    <- read  st0cur     ret=0  data=['0x01', '0x02', '0x01', '0x02']
15:00:36.566  DEBUG   [poll]    -> read  st2mot    
15:00:36.570  DEBUG   [poll]    <- read  st2mot     ret=0  data=['0x00', '0x00']
15:00:36.570  DEBUG   [poll]    -> read  st0cur    
15:00:36.574  DEBUG   [poll]    <- read  st0cur     ret=0  data=['0x01', '0x02', '0x00', '0x02']
15:00:37.576  DEBUG   [poll]    -> read  st2mot    
15:00:37.579  DEBUG   [poll]    <- read  st2mot     ret=0  data=['0x00', '0x00']
15:00:37.580  DEBUG   [poll]    -> read  st0cur    
15:00:37.584  DEBUG   [poll]    <- read  st0cur     ret=0  data=['0x01', '0x02', '0x01', '0x02']
15:00:38.585  DEBUG   [poll]    -> read  st2mot    
15:00:38.589  DEBUG   [poll]    <- read  st2mot     ret=0  data=['0x00', '0x00']
15:00:38.589  DEBUG   [poll]    -> read  st0cur    
15:00:38.593  DEBUG   [poll]    <- read  st0cur     ret=0  data=['0x01', '0x02', '0x01', '0x02']
15:00:39.595  DEBUG   [poll]    -> read  st2mot    
15:00:39.598  DEBUG   [poll]    <- read  st2mot     ret=0  data=['0x00', '0x00']
15:00:39.599  DEBUG   [poll]    -> read  st0cur    
15:00:39.603  DEBUG   [poll]    <- read  st0cur     ret=0  data=['0x01', '0x02', '0x01', '0x02']
15:00:40.604  DEBUG   [poll]    -> read  st2mot    
15:00:40.611  DEBUG   [poll]    <- read  st2mot     ret=0  data=['0x00', '0x00']
15:00:40.611  DEBUG   [poll]    -> read  st0cur    
15:00:40.615  DEBUG   [poll]    <- read  st0cur     ret=0  data=['0x01', '0x02', '0x00', '0x02']
15:00:41.617  DEBUG   [poll]    -> read  st2mot    
15:00:41.620  DEBUG   [poll]    <- read  st2mot     ret=0  data=['0x00', '0x00']
15:00:41.621  DEBUG   [poll]    -> read  st0cur    
15:00:41.625  DEBUG   [poll]    <- read  st0cur     ret=0  data=['0x01', '0x02', '0x01', '0x02']
15:00:42.626  DEBUG   [poll]    -> read  st2mot    
15:00:42.630  DEBUG   [poll]    <- read  st2mot     ret=0  data=['0x00', '0x00']
15:00:42.630  DEBUG   [poll]    -> read  st0cur    
15:00:42.634  DEBUG   [poll]    <- read  st0cur     ret=0  data=['0x01', '0x02', '0x01', '0x02']
15:00:43.636  DEBUG   [poll]    -> read  st2mot    
15:00:43.639  DEBUG   [poll]    <- read  st2mot     ret=0  data=['0x00', '0x00']
15:00:43.640  DEBUG   [poll]    -> read  st0cur    
15:00:43.644  DEBUG   [poll]    <- read  st0cur     ret=0  data=['0x01', '0x02', '0x00', '0x02']
15:00:44.645  DEBUG   [poll]    -> read  st2mot    
15:00:44.649  DEBUG   [poll]    <- read  st2mot     ret=0  data=['0x00', '0x00']
15:00:44.649  DEBUG   [poll]    -> read  st0cur    
15:00:44.653  DEBUG   [poll]    <- read  st0cur     ret=0  data=['0x01', '0x02', '0x00', '0x02']
15:00:45.655  DEBUG   [poll]    -> read  st2mot    
15:00:45.662  DEBUG   [poll]    <- read  st2mot     ret=0  data=['0x00', '0x00']
15:00:45.662  DEBUG   [poll]    -> read  st0cur    
15:00:45.666  DEBUG   [poll]    <- read  st0cur     ret=0  data=['0x01', '0x02', '0x01', '0x02']
15:00:46.668  DEBUG   [poll]    -> read  st2mot    
15:00:46.671  DEBUG   [poll]    <- read  st2mot     ret=0  data=['0x00', '0x00']
15:00:46.672  DEBUG   [poll]    -> read  st0cur    
15:00:46.676  DEBUG   [poll]    <- read  st0cur     ret=0  data=['0x01', '0x02', '0x01', '0x02']
15:00:47.677  DEBUG   [poll]    -> read  st2mot    
15:00:47.681  DEBUG   [poll]    <- read  st2mot     ret=0  data=['0x00', '0x00']
15:00:47.681  DEBUG   [poll]    -> read  st0cur    
15:00:47.685  DEBUG   [poll]    <- read  st0cur     ret=0  data=['0x01', '0x02', '0x01', '0x02']
15:00:48.687  DEBUG   [poll]    -> read  st2mot    
15:00:48.690  DEBUG   [poll]    <- read  st2mot     ret=0  data=['0x00', '0x00']
15:00:48.691  DEBUG   [poll]    -> read  st0cur    
15:00:48.695  DEBUG   [poll]    <- read  st0cur     ret=0  data=['0x01', '0x02', '0x01', '0x02']
15:00:49.696  DEBUG   [poll]    -> read  st2mot    
15:00:49.700  DEBUG   [poll]    <- read  st2mot     ret=0  data=['0x00', '0x00']
15:00:49.700  DEBUG   [poll]    -> read  st0cur    
15:00:49.704  DEBUG   [poll]    <- read  st0cur     ret=0  data=['0x01', '0x02', '0x01', '0x02']
15:00:50.706  DEBUG   [poll]    -> read  st2mot    
15:00:50.715  DEBUG   [poll]    <- read  st2mot     ret=0  data=['0x00', '0x00']
15:00:50.716  DEBUG   [poll]    -> read  st0cur    
15:00:50.720  DEBUG   [poll]    <- read  st0cur     ret=0  data=['0x01', '0x02', '0x00', '0x02']
15:00:51.722  DEBUG   [poll]    -> read  st2mot    
15:00:51.725  DEBUG   [poll]    <- read  st2mot     ret=0  data=['0x00', '0x00']
15:00:51.725  DEBUG   [poll]    -> read  st0cur    
15:00:51.729  DEBUG   [poll]    <- read  st0cur     ret=0  data=['0x01', '0x02', '0x00', '0x02']
15:00:52.731  DEBUG   [poll]    -> read  st2mot    
15:00:52.734  DEBUG   [poll]    <- read  st2mot     ret=0  data=['0x00', '0x00']
15:00:52.735  DEBUG   [poll]    -> read  st0cur    
15:00:52.739  DEBUG   [poll]    <- read  st0cur     ret=0  data=['0x01', '0x02', '0x00', '0x02']
15:00:53.740  DEBUG   [poll]    -> read  st2mot    
15:00:53.744  DEBUG   [poll]    <- read  st2mot     ret=0  data=['0x00', '0x00']
15:00:53.744  DEBUG   [poll]    -> read  st0cur    
15:00:53.748  DEBUG   [poll]    <- read  st0cur     ret=0  data=['0x01', '0x02', '0x01', '0x02']
15:00:54.750  DEBUG   [poll]    -> read  st2mot    
15:00:54.753  DEBUG   [poll]    <- read  st2mot     ret=0  data=['0x00', '0x00']
15:00:54.754  DEBUG   [poll]    -> read  st0cur    
15:00:54.758  DEBUG   [poll]    <- read  st0cur     ret=0  data=['0x01', '0x02', '0x01', '0x02']
15:00:55.760  DEBUG   [poll]    -> read  st2mot    
15:00:55.766  DEBUG   [poll]    <- read  st2mot     ret=0  data=['0x00', '0x00']
15:00:55.767  DEBUG   [poll]    -> read  st0cur    
15:00:55.771  DEBUG   [poll]    <- read  st0cur     ret=0  data=['0x01', '0x02', '0x00', '0x02']
15:00:56.773  DEBUG   [poll]    -> read  st2mot    
15:00:56.776  DEBUG   [poll]    <- read  st2mot     ret=0  data=['0x00', '0x00']
15:00:56.776  DEBUG   [poll]    -> read  st0cur    
15:00:56.780  DEBUG   [poll]    <- read  st0cur     ret=0  data=['0x01', '0x02', '0x00', '0x02']
15:00:57.782  DEBUG   [poll]    -> read  st2mot    
15:00:57.785  DEBUG   [poll]    <- read  st2mot     ret=0  data=['0x00', '0x00']
15:00:57.786  DEBUG   [poll]    -> read  st0cur    
15:00:57.790  DEBUG   [poll]    <- read  st0cur     ret=0  data=['0x01', '0x02', '0x00', '0x02']
15:00:58.791  DEBUG   [poll]    -> read  st2mot    
15:00:58.795  DEBUG   [poll]    <- read  st2mot     ret=0  data=['0x00', '0x00']
15:00:58.795  DEBUG   [poll]    -> read  st0cur    
15:00:58.799  DEBUG   [poll]    <- read  st0cur     ret=0  data=['0x01', '0x02', '0x01', '0x02']
15:00:59.801  DEBUG   [poll]    -> read  st2mot    
15:00:59.804  DEBUG   [poll]    <- read  st2mot     ret=0  data=['0x00', '0x00']
15:00:59.805  DEBUG   [poll]    -> read  st0cur    
15:00:59.809  DEBUG   [poll]    <- read  st0cur     ret=0  data=['0x01', '0x02', '0x00', '0x02']
15:01:00.810  DEBUG   [poll]    -> read  st2mot    
15:01:00.817  DEBUG   [poll]    <- read  st2mot     ret=0  data=['0x00', '0x00']
15:01:00.818  DEBUG   [poll]    -> read  st0cur    
15:01:00.822  DEBUG   [poll]    <- read  st0cur     ret=0  data=['0x01', '0x02', '0x01', '0x02']
15:01:01.823  DEBUG   [poll]    -> read  st2mot    
15:01:01.827  DEBUG   [poll]    <- read  st2mot     ret=0  data=['0x00', '0x00']
15:01:01.827  DEBUG   [poll]    -> read  st0cur    
15:01:01.832  DEBUG   [poll]    <- read  st0cur     ret=0  data=['0x01', '0x02', '0x01', '0x02']
15:01:02.833  DEBUG   [poll]    -> read  st2mot    
15:01:02.836  DEBUG   [poll]    <- read  st2mot     ret=0  data=['0x00', '0x00']
15:01:02.837  DEBUG   [poll]    -> read  st0cur    
15:01:02.841  DEBUG   [poll]    <- read  st0cur     ret=0  data=['0x01', '0x02', '0x01', '0x02']
15:01:03.843  DEBUG   [poll]    -> read  st2mot    
15:01:03.846  DEBUG   [poll]    <- read  st2mot     ret=0  data=['0x00', '0x00']
15:01:03.846  DEBUG   [poll]    -> read  st0cur    
15:01:03.850  DEBUG   [poll]    <- read  st0cur     ret=0  data=['0x01', '0x02', '0x00', '0x02']
15:01:04.852  DEBUG   [poll]    -> read  st2mot    
15:01:04.855  DEBUG   [poll]    <- read  st2mot     ret=0  data=['0x00', '0x00']
15:01:04.856  DEBUG   [poll]    -> read  st0cur    
15:01:04.860  DEBUG   [poll]    <- read  st0cur     ret=0  data=['0x01', '0x02', '0x00', '0x02']
15:01:05.862  DEBUG   [poll]    -> read  st2mot    
15:01:05.868  DEBUG   [poll]    <- read  st2mot     ret=0  data=['0x00', '0x00']
15:01:05.869  DEBUG   [poll]    -> read  st0cur    
15:01:05.873  DEBUG   [poll]    <- read  st0cur     ret=0  data=['0x01', '0x02', '0x00', '0x02']
15:01:06.874  DEBUG   [poll]    -> read  st2mot    
15:01:06.878  DEBUG   [poll]    <- read  st2mot     ret=0  data=['0x00', '0x00']
15:01:06.878  DEBUG   [poll]    -> read  st0cur    
15:01:06.882  DEBUG   [poll]    <- read  st0cur     ret=0  data=['0x01', '0x02', '0x00', '0x02']
15:01:07.884  DEBUG   [poll]    -> read  st2mot    
15:01:07.887  DEBUG   [poll]    <- read  st2mot     ret=0  data=['0x00', '0x00']
15:01:07.888  DEBUG   [poll]    -> read  st0cur    
15:01:07.892  DEBUG   [poll]    <- read  st0cur     ret=0  data=['0x01', '0x02', '0x00', '0x02']
15:01:08.893  DEBUG   [poll]    -> read  st2mot    
15:01:08.897  DEBUG   [poll]    <- read  st2mot     ret=0  data=['0x00', '0x00']
15:01:08.897  DEBUG   [poll]    -> read  st0cur    
15:01:08.901  DEBUG   [poll]    <- read  st0cur     ret=0  data=['0x01', '0x02', '0x01', '0x02']
15:01:09.903  DEBUG   [poll]    -> read  st2mot    
15:01:09.906  DEBUG   [poll]    <- read  st2mot     ret=0  data=['0x00', '0x00']
15:01:09.906  DEBUG   [poll]    -> read  st0cur    
15:01:09.911  DEBUG   [poll]    <- read  st0cur     ret=0  data=['0x01', '0x02', '0x01', '0x02']
15:01:10.912  DEBUG   [poll]    -> read  st2mot    
15:01:10.919  DEBUG   [poll]    <- read  st2mot     ret=0  data=['0x00', '0x00']
15:01:10.919  DEBUG   [poll]    -> read  st0cur    
15:01:10.924  DEBUG   [poll]    <- read  st0cur     ret=0  data=['0x01', '0x02', '0x00', '0x02']
15:01:11.925  DEBUG   [poll]    -> read  st2mot    
15:01:11.929  DEBUG   [poll]    <- read  st2mot     ret=0  data=['0x00', '0x00']
15:01:11.929  DEBUG   [poll]    -> read  st0cur    
15:01:11.933  DEBUG   [poll]    <- read  st0cur     ret=0  data=['0x01', '0x02', '0x00', '0x02']
15:01:12.935  DEBUG   [poll]    -> read  st2mot    
15:01:12.938  DEBUG   [poll]    <- read  st2mot     ret=0  data=['0x00', '0x00']
15:01:12.939  DEBUG   [poll]    -> read  st0cur    
15:01:12.943  DEBUG   [poll]    <- read  st0cur     ret=0  data=['0x01', '0x02', '0x00', '0x02']
15:01:13.944  DEBUG   [poll]    -> read  st2mot    
15:01:13.948  DEBUG   [poll]    <- read  st2mot     ret=0  data=['0x00', '0x00']
15:01:13.948  DEBUG   [poll]    -> read  st0cur    
15:01:13.953  DEBUG   [poll]    <- read  st0cur     ret=0  data=['0x01', '0x02', '0x00', '0x02']
15:01:14.954  DEBUG   [poll]    -> read  st2mot    
15:01:14.957  DEBUG   [poll]    <- read  st2mot     ret=0  data=['0x00', '0x00']
15:01:14.958  DEBUG   [poll]    -> read  st0cur    
15:01:14.962  DEBUG   [poll]    <- read  st0cur     ret=0  data=['0x01', '0x02', '0x00', '0x02']
15:01:15.964  DEBUG   [poll]    -> read  st2mot    
15:01:15.971  DEBUG   [poll]    <- read  st2mot     ret=0  data=['0x00', '0x00']
15:01:15.971  DEBUG   [poll]    -> read  st0cur    
15:01:15.975  DEBUG   [poll]    <- read  st0cur     ret=0  data=['0x01', '0x02', '0x01', '0x02']
15:01:16.977  DEBUG   [poll]    -> read  st2mot    
15:01:16.980  DEBUG   [poll]    <- read  st2mot     ret=0  data=['0x00', '0x00']
15:01:16.981  DEBUG   [poll]    -> read  st0cur    
15:01:16.985  DEBUG   [poll]    <- read  st0cur     ret=0  data=['0x01', '0x02', '0x01', '0x02']
15:01:17.986  DEBUG   [poll]    -> read  st2mot    
15:01:17.990  DEBUG   [poll]    <- read  st2mot     ret=0  data=['0x00', '0x00']
15:01:17.990  DEBUG   [poll]    -> read  st0cur    
15:01:17.994  DEBUG   [poll]    <- read  st0cur     ret=0  data=['0x01', '0x02', '0x00', '0x02']
15:01:18.996  DEBUG   [poll]    -> read  st2mot    
15:01:18.999  DEBUG   [poll]    <- read  st2mot     ret=0  data=['0x00', '0x00']
15:01:18.999  DEBUG   [poll]    -> read  st0cur    
15:01:19.004  DEBUG   [poll]    <- read  st0cur     ret=0  data=['0x01', '0x02', '0x00', '0x02']
15:01:20.005  DEBUG   [poll]    -> read  st2mot    
15:01:20.009  DEBUG   [poll]    <- read  st2mot     ret=0  data=['0x00', '0x00']
15:01:20.009  DEBUG   [poll]    -> read  st0cur    
15:01:20.013  DEBUG   [poll]    <- read  st0cur     ret=0  data=['0x01', '0x02', '0x01', '0x02']
15:01:21.015  DEBUG   [poll]    -> read  st2mot    
15:01:21.022  DEBUG   [poll]    <- read  st2mot     ret=0  data=['0x00', '0x00']
15:01:21.023  DEBUG   [poll]    -> read  st0cur    
15:01:21.027  DEBUG   [poll]    <- read  st0cur     ret=0  data=['0x01', '0x02', '0x00', '0x02']
15:01:22.028  DEBUG   [poll]    -> read  st2mot    
15:01:22.032  DEBUG   [poll]    <- read  st2mot     ret=0  data=['0x00', '0x00']
15:01:22.032  DEBUG   [poll]    -> read  st0cur    
15:01:22.036  DEBUG   [poll]    <- read  st0cur     ret=0  data=['0x01', '0x02', '0x01', '0x02']
15:01:23.038  DEBUG   [poll]    -> read  st2mot    
15:01:23.041  DEBUG   [poll]    <- read  st2mot     ret=0  data=['0x00', '0x00']
15:01:23.041  DEBUG   [poll]    -> read  st0cur    
15:01:23.046  DEBUG   [poll]    <- read  st0cur     ret=0  data=['0x01', '0x02', '0x01', '0x02']
15:01:24.047  DEBUG   [poll]    -> read  st2mot    
15:01:24.051  DEBUG   [poll]    <- read  st2mot     ret=0  data=['0x00', '0x00']
15:01:24.051  DEBUG   [poll]    -> read  st0cur    
15:01:24.055  DEBUG   [poll]    <- read  st0cur     ret=0  data=['0x01', '0x02', '0x01', '0x02']
15:01:25.057  DEBUG   [poll]    -> read  st2mot    
15:01:25.060  DEBUG   [poll]    <- read  st2mot     ret=0  data=['0x00', '0x00']
15:01:25.060  DEBUG   [poll]    -> read  st0cur    
15:01:25.065  DEBUG   [poll]    <- read  st0cur     ret=0  data=['0x01', '0x02', '0x01', '0x02']
15:01:26.066  DEBUG   [poll]    -> read  st2mot    
15:01:26.073  DEBUG   [poll]    <- read  st2mot     ret=0  data=['0x00', '0x00']
15:01:26.074  DEBUG   [poll]    -> read  st0cur    
15:01:26.078  DEBUG   [poll]    <- read  st0cur     ret=0  data=['0x01', '0x02', '0x00', '0x02']
15:01:27.079  DEBUG   [poll]    -> read  st2mot    
15:01:27.083  DEBUG   [poll]    <- read  st2mot     ret=0  data=['0x00', '0x00']
15:01:27.083  DEBUG   [poll]    -> read  st0cur    
15:01:27.087  DEBUG   [poll]    <- read  st0cur     ret=0  data=['0x01', '0x02', '0x01', '0x02']
15:01:28.089  DEBUG   [poll]    -> read  st2mot    
15:01:28.092  DEBUG   [poll]    <- read  st2mot     ret=0  data=['0x00', '0x00']
15:01:28.092  DEBUG   [poll]    -> read  st0cur    
15:01:28.097  DEBUG   [poll]    <- read  st0cur     ret=0  data=['0x01', '0x02', '0x00', '0x02']
15:01:29.098  DEBUG   [poll]    -> read  st2mot    
15:01:29.101  DEBUG   [poll]    <- read  st2mot     ret=0  data=['0x00', '0x00']
15:01:29.102  DEBUG   [poll]    -> read  st0cur    
15:01:29.106  DEBUG   [poll]    <- read  st0cur     ret=0  data=['0x01', '0x02', '0x00', '0x02']
15:01:30.108  DEBUG   [poll]    -> read  st2mot    
15:01:30.111  DEBUG   [poll]    <- read  st2mot     ret=0  data=['0x00', '0x00']
15:01:30.111  DEBUG   [poll]    -> read  st0cur    
15:01:30.115  DEBUG   [poll]    <- read  st0cur     ret=0  data=['0x01', '0x02', '0x00', '0x02']
15:01:31.117  DEBUG   [poll]    -> read  st2mot    
15:01:31.124  DEBUG   [poll]    <- read  st2mot     ret=0  data=['0x00', '0x00']
15:01:31.124  DEBUG   [poll]    -> read  st0cur    
15:01:31.128  DEBUG   [poll]    <- read  st0cur     ret=0  data=['0x01', '0x02', '0x00', '0x02']
15:01:32.130  DEBUG   [poll]    -> read  st2mot    
15:01:32.133  DEBUG   [poll]    <- read  st2mot     ret=0  data=['0x00', '0x00']
15:01:32.134  DEBUG   [poll]    -> read  st0cur    
15:01:32.138  DEBUG   [poll]    <- read  st0cur     ret=0  data=['0x01', '0x02', '0x01', '0x02']
15:01:33.139  DEBUG   [poll]    -> read  st2mot    
15:01:33.143  DEBUG   [poll]    <- read  st2mot     ret=0  data=['0x00', '0x00']
15:01:33.143  DEBUG   [poll]    -> read  st0cur    
15:01:33.147  DEBUG   [poll]    <- read  st0cur     ret=0  data=['0x01', '0x02', '0x00', '0x02']
15:01:34.149  DEBUG   [poll]    -> read  st2mot    
15:01:34.152  DEBUG   [poll]    <- read  st2mot     ret=0  data=['0x00', '0x00']
15:01:34.153  DEBUG   [poll]    -> read  st0cur    
15:01:34.157  DEBUG   [poll]    <- read  st0cur     ret=0  data=['0x01', '0x02', '0x01', '0x02']
15:01:35.158  DEBUG   [poll]    -> read  st2mot    
15:01:35.162  DEBUG   [poll]    <- read  st2mot     ret=0  data=['0x00', '0x00']
15:01:35.162  DEBUG   [poll]    -> read  st0cur    
15:01:35.166  DEBUG   [poll]    <- read  st0cur     ret=0  data=['0x01', '0x02', '0x00', '0x02']
15:01:36.168  DEBUG   [poll]    -> read  st2mot    
15:01:36.174  DEBUG   [poll]    <- read  st2mot     ret=0  data=['0x00', '0x00']
15:01:36.175  DEBUG   [poll]    -> read  st0cur    
15:01:36.179  DEBUG   [poll]    <- read  st0cur     ret=0  data=['0x01', '0x02', '0x01', '0x02']
15:01:37.181  DEBUG   [poll]    -> read  st2mot    
15:01:37.184  DEBUG   [poll]    <- read  st2mot     ret=0  data=['0x00', '0x00']
15:01:37.184  DEBUG   [poll]    -> read  st0cur    
15:01:37.189  DEBUG   [poll]    <- read  st0cur     ret=0  data=['0x01', '0x02', '0x00', '0x02']
15:01:38.190  DEBUG   [poll]    -> read  st2mot    
15:01:38.193  DEBUG   [poll]    <- read  st2mot     ret=0  data=['0x00', '0x00']
15:01:38.194  DEBUG   [poll]    -> read  st0cur    
15:01:38.198  DEBUG   [poll]    <- read  st0cur     ret=0  data=['0x01', '0x02', '0x01', '0x02']
15:01:39.199  DEBUG   [poll]    -> read  st2mot    
15:01:39.203  DEBUG   [poll]    <- read  st2mot     ret=0  data=['0x00', '0x00']
15:01:39.203  DEBUG   [poll]    -> read  st0cur    
15:01:39.207  DEBUG   [poll]    <- read  st0cur     ret=0  data=['0x01', '0x02', '0x01', '0x02']
15:01:40.209  DEBUG   [poll]    -> read  st2mot    
15:01:40.212  DEBUG   [poll]    <- read  st2mot     ret=0  data=['0x00', '0x00']
15:01:40.213  DEBUG   [poll]    -> read  st0cur    
15:01:40.217  DEBUG   [poll]    <- read  st0cur     ret=0  data=['0x01', '0x02', '0x00', '0x02']
15:01:41.218  DEBUG   [poll]    -> read  st2mot    
15:01:41.225  DEBUG   [poll]    <- read  st2mot     ret=0  data=['0x00', '0x00']
15:01:41.226  DEBUG   [poll]    -> read  st0cur    
15:01:41.230  DEBUG   [poll]    <- read  st0cur     ret=0  data=['0x01', '0x02', '0x01', '0x02']
15:01:42.231  DEBUG   [poll]    -> read  st2mot    
15:01:42.235  DEBUG   [poll]    <- read  st2mot     ret=0  data=['0x00', '0x00']
15:01:42.235  DEBUG   [poll]    -> read  st0cur    
15:01:42.239  DEBUG   [poll]    <- read  st0cur     ret=0  data=['0x01', '0x02', '0x00', '0x02']
15:01:43.241  DEBUG   [poll]    -> read  st2mot    
15:01:43.244  DEBUG   [poll]    <- read  st2mot     ret=0  data=['0x00', '0x00']
15:01:43.245  DEBUG   [poll]    -> read  st0cur    
15:01:43.249  DEBUG   [poll]    <- read  st0cur     ret=0  data=['0x01', '0x02', '0x01', '0x02']
15:01:44.250  DEBUG   [poll]    -> read  st2mot    
15:01:44.254  DEBUG   [poll]    <- read  st2mot     ret=0  data=['0x00', '0x00']
15:01:44.254  DEBUG   [poll]    -> read  st0cur    
15:01:44.258  DEBUG   [poll]    <- read  st0cur     ret=0  data=['0x01', '0x02', '0x00', '0x02']
15:01:45.260  DEBUG   [poll]    -> read  st2mot    
15:01:45.263  DEBUG   [poll]    <- read  st2mot     ret=0  data=['0x00', '0x00']
15:01:45.264  DEBUG   [poll]    -> read  st0cur    
15:01:45.268  DEBUG   [poll]    <- read  st0cur     ret=0  data=['0x01', '0x02', '0x00', '0x02']
15:01:46.269  DEBUG   [poll]    -> read  st2mot    
15:01:46.276  DEBUG   [poll]    <- read  st2mot     ret=0  data=['0x00', '0x00']
15:01:46.277  DEBUG   [poll]    -> read  st0cur    
15:01:46.281  DEBUG   [poll]    <- read  st0cur     ret=0  data=['0x01', '0x02', '0x00', '0x02']
15:01:47.283  DEBUG   [poll]    -> read  st2mot    
15:01:47.286  DEBUG   [poll]    <- read  st2mot     ret=0  data=['0x00', '0x00']
15:01:47.286  DEBUG   [poll]    -> read  st0cur    
15:01:47.290  DEBUG   [poll]    <- read  st0cur     ret=0  data=['0x01', '0x02', '0x00', '0x02']
15:01:48.292  DEBUG   [poll]    -> read  st2mot    
15:01:48.295  DEBUG   [poll]    <- read  st2mot     ret=0  data=['0x00', '0x00']
15:01:48.296  DEBUG   [poll]    -> read  st0cur    
15:01:48.300  DEBUG   [poll]    <- read  st0cur     ret=0  data=['0x01', '0x02', '0x01', '0x02']
15:01:49.301  DEBUG   [poll]    -> read  st2mot    
15:01:49.305  DEBUG   [poll]    <- read  st2mot     ret=0  data=['0x00', '0x00']
15:01:49.305  DEBUG   [poll]    -> read  st0cur    
15:01:49.309  DEBUG   [poll]    <- read  st0cur     ret=0  data=['0x01', '0x02', '0x01', '0x02']
15:01:50.311  DEBUG   [poll]    -> read  st2mot    
15:01:50.314  DEBUG   [poll]    <- read  st2mot     ret=0  data=['0x00', '0x00']
15:01:50.314  DEBUG   [poll]    -> read  st0cur    
15:01:50.319  DEBUG   [poll]    <- read  st0cur     ret=0  data=['0x01', '0x02', '0x01', '0x02']
15:01:51.320  DEBUG   [poll]    -> read  st2mot    
15:01:51.328  DEBUG   [poll]    <- read  st2mot     ret=0  data=['0x00', '0x00']
15:01:51.328  DEBUG   [poll]    -> read  st0cur    
15:01:51.332  DEBUG   [poll]    <- read  st0cur     ret=0  data=['0x01', '0x02', '0x00', '0x02']
15:01:52.334  DEBUG   [poll]    -> read  st2mot    
15:01:52.337  DEBUG   [poll]    <- read  st2mot     ret=0  data=['0x00', '0x00']
15:01:52.338  DEBUG   [poll]    -> read  st0cur    
15:01:52.342  DEBUG   [poll]    <- read  st0cur     ret=0  data=['0x01', '0x02', '0x01', '0x02']
15:01:53.343  DEBUG   [poll]    -> read  st2mot    
15:01:53.347  DEBUG   [poll]    <- read  st2mot     ret=0  data=['0x00', '0x00']
15:01:53.347  DEBUG   [poll]    -> read  st0cur    
15:01:53.351  DEBUG   [poll]    <- read  st0cur     ret=0  data=['0x01', '0x02', '0x00', '0x02']
15:01:54.353  DEBUG   [poll]    -> read  st2mot    
15:01:54.356  DEBUG   [poll]    <- read  st2mot     ret=0  data=['0x00', '0x00']
15:01:54.357  DEBUG   [poll]    -> read  st0cur    
15:01:54.361  DEBUG   [poll]    <- read  st0cur     ret=0  data=['0x01', '0x02', '0x01', '0x02']
15:01:55.362  DEBUG   [poll]    -> read  st2mot    
15:01:55.366  DEBUG   [poll]    <- read  st2mot     ret=0  data=['0x00', '0x00']
15:01:55.366  DEBUG   [poll]    -> read  st0cur    
15:01:55.370  DEBUG   [poll]    <- read  st0cur     ret=0  data=['0x01', '0x02', '0x01', '0x02']
15:01:56.371  DEBUG   [poll]    -> read  st2mot    
15:01:56.378  DEBUG   [poll]    <- read  st2mot     ret=0  data=['0x00', '0x00']
15:01:56.379  DEBUG   [poll]    -> read  st0cur    
15:01:56.383  DEBUG   [poll]    <- read  st0cur     ret=0  data=['0x01', '0x02', '0x01', '0x02']
15:01:57.384  DEBUG   [poll]    -> read  st2mot    
15:01:57.388  DEBUG   [poll]    <- read  st2mot     ret=0  data=['0x00', '0x00']
15:01:57.388  DEBUG   [poll]    -> read  st0cur    
15:01:57.392  DEBUG   [poll]    <- read  st0cur     ret=0  data=['0x01', '0x02', '0x00', '0x02']
15:01:58.394  DEBUG   [poll]    -> read  st2mot    
15:01:58.397  DEBUG   [poll]    <- read  st2mot     ret=0  data=['0x00', '0x00']
15:01:58.398  DEBUG   [poll]    -> read  st0cur    
15:01:58.402  DEBUG   [poll]    <- read  st0cur     ret=0  data=['0x01', '0x02', '0x01', '0x02']
15:01:59.403  DEBUG   [poll]    -> read  st2mot    
15:01:59.407  DEBUG   [poll]    <- read  st2mot     ret=0  data=['0x00', '0x00']
15:01:59.407  DEBUG   [poll]    -> read  st0cur    
15:01:59.411  DEBUG   [poll]    <- read  st0cur     ret=0  data=['0x01', '0x02', '0x00', '0x02']
15:02:00.413  DEBUG   [poll]    -> read  st2mot    
15:02:00.416  DEBUG   [poll]    <- read  st2mot     ret=0  data=['0x00', '0x00']
15:02:00.417  DEBUG   [poll]    -> read  st0cur    
15:02:00.421  DEBUG   [poll]    <- read  st0cur     ret=0  data=['0x01', '0x02', '0x01', '0x02']
15:02:01.422  DEBUG   [poll]    -> read  st2mot    
15:02:01.429  DEBUG   [poll]    <- read  st2mot     ret=0  data=['0x00', '0x00']
15:02:01.430  DEBUG   [poll]    -> read  st0cur    
15:02:01.434  DEBUG   [poll]    <- read  st0cur     ret=0  data=['0x01', '0x02', '0x01', '0x02']
15:02:02.435  DEBUG   [poll]    -> read  st2mot    
15:02:02.439  DEBUG   [poll]    <- read  st2mot     ret=0  data=['0x00', '0x00']
15:02:02.439  DEBUG   [poll]    -> read  st0cur    
15:02:02.443  DEBUG   [poll]    <- read  st0cur     ret=0  data=['0x01', '0x02', '0x01', '0x02']
15:02:03.445  DEBUG   [poll]    -> read  st2mot    
15:02:03.448  DEBUG   [poll]    <- read  st2mot     ret=0  data=['0x00', '0x00']
15:02:03.449  DEBUG   [poll]    -> read  st0cur    
15:02:03.453  DEBUG   [poll]    <- read  st0cur     ret=0  data=['0x01', '0x02', '0x01', '0x02']
15:02:04.454  DEBUG   [poll]    -> read  st2mot    
15:02:04.458  DEBUG   [poll]    <- read  st2mot     ret=0  data=['0x00', '0x00']
15:02:04.458  DEBUG   [poll]    -> read  st0cur    
15:02:04.462  DEBUG   [poll]    <- read  st0cur     ret=0  data=['0x01', '0x02', '0x00', '0x02']
15:02:05.464  DEBUG   [poll]    -> read  st2mot    
15:02:05.467  DEBUG   [poll]    <- read  st2mot     ret=0  data=['0x00', '0x00']
15:02:05.468  DEBUG   [poll]    -> read  st0cur    
15:02:05.472  DEBUG   [poll]    <- read  st0cur     ret=0  data=['0x01', '0x02', '0x00', '0x02']
15:02:06.473  DEBUG   [poll]    -> read  st2mot    
15:02:06.477  DEBUG   [poll]    <- read  st2mot     ret=0  data=['0x00', '0x00']
15:02:06.477  DEBUG   [poll]    -> read  st0cur    
15:02:06.481  DEBUG   [poll]    <- read  st0cur     ret=0  data=['0x01', '0x02', '0x00', '0x02']
15:02:07.483  DEBUG   [poll]    -> read  st2mot    
15:02:07.486  DEBUG   [poll]    <- read  st2mot     ret=0  data=['0x00', '0x00']
15:02:07.487  DEBUG   [poll]    -> read  st0cur    
15:02:07.491  DEBUG   [poll]    <- read  st0cur     ret=0  data=['0x01', '0x02', '0x01', '0x02']
15:02:08.492  DEBUG   [poll]    -> read  st2mot    
15:02:08.496  DEBUG   [poll]    <- read  st2mot     ret=0  data=['0x00', '0x00']
15:02:08.496  DEBUG   [poll]    -> read  st0cur    
15:02:08.500  DEBUG   [poll]    <- read  st0cur     ret=0  data=['0x01', '0x02', '0x01', '0x02']
15:02:09.502  DEBUG   [poll]    -> read  st2mot    
15:02:09.505  DEBUG   [poll]    <- read  st2mot     ret=0  data=['0x00', '0x00']
15:02:09.506  DEBUG   [poll]    -> read  st0cur    
15:02:09.510  DEBUG   [poll]    <- read  st0cur     ret=0  data=['0x01', '0x02', '0x01', '0x02']
15:02:10.511  DEBUG   [poll]    -> read  st2mot    
15:02:10.515  DEBUG   [poll]    <- read  st2mot     ret=0  data=['0x00', '0x00']
15:02:10.515  DEBUG   [poll]    -> read  st0cur    
15:02:10.519  DEBUG   [poll]    <- read  st0cur     ret=0  data=['0x01', '0x02', '0x00', '0x02']
15:02:11.521  DEBUG   [poll]    -> read  st2mot    
15:02:11.528  DEBUG   [poll]    <- read  st2mot     ret=0  data=['0x00', '0x00']
15:02:11.528  DEBUG   [poll]    -> read  st0cur    
15:02:11.532  DEBUG   [poll]    <- read  st0cur     ret=0  data=['0x01', '0x02', '0x00', '0x02']
15:02:12.534  DEBUG   [poll]    -> read  st2mot    
15:02:12.537  DEBUG   [poll]    <- read  st2mot     ret=0  data=['0x00', '0x00']
15:02:12.538  DEBUG   [poll]    -> read  st0cur    
15:02:12.542  DEBUG   [poll]    <- read  st0cur     ret=0  data=['0x01', '0x02', '0x00', '0x02']
15:02:13.544  DEBUG   [poll]    -> read  st2mot    
15:02:13.547  DEBUG   [poll]    <- read  st2mot     ret=0  data=['0x00', '0x00']
15:02:13.548  DEBUG   [poll]    -> read  st0cur    
15:02:13.552  DEBUG   [poll]    <- read  st0cur     ret=0  data=['0x01', '0x02', '0x00', '0x02']
15:02:14.553  DEBUG   [poll]    -> read  st2mot    
15:02:14.557  DEBUG   [poll]    <- read  st2mot     ret=0  data=['0x00', '0x00']
15:02:14.557  DEBUG   [poll]    -> read  st0cur    
15:02:14.561  DEBUG   [poll]    <- read  st0cur     ret=0  data=['0x01', '0x02', '0x01', '0x02']
15:02:15.563  DEBUG   [poll]    -> read  st2mot    
15:02:15.566  DEBUG   [poll]    <- read  st2mot     ret=0  data=['0x00', '0x00']
15:02:15.567  DEBUG   [poll]    -> read  st0cur    
15:02:15.571  DEBUG   [poll]    <- read  st0cur     ret=0  data=['0x01', '0x02', '0x01', '0x02']
15:02:16.573  DEBUG   [poll]    -> read  st2mot    
15:02:16.580  DEBUG   [poll]    <- read  st2mot     ret=0  data=['0x00', '0x00']
15:02:16.580  DEBUG   [poll]    -> read  st0cur    
15:02:16.584  DEBUG   [poll]    <- read  st0cur     ret=0  data=['0x01', '0x02', '0x00', '0x02']
15:02:17.586  DEBUG   [poll]    -> read  st2mot    
15:02:17.589  DEBUG   [poll]    <- read  st2mot     ret=0  data=['0x00', '0x00']
15:02:17.589  DEBUG   [poll]    -> read  st0cur    
15:02:17.594  DEBUG   [poll]    <- read  st0cur     ret=0  data=['0x01', '0x02', '0x01', '0x02']
15:02:18.595  DEBUG   [poll]    -> read  st2mot    
15:02:18.598  DEBUG   [poll]    <- read  st2mot     ret=0  data=['0x00', '0x00']
15:02:18.599  DEBUG   [poll]    -> read  st0cur    
15:02:18.603  DEBUG   [poll]    <- read  st0cur     ret=0  data=['0x01', '0x02', '0x01', '0x02']
15:02:19.605  DEBUG   [poll]    -> read  st2mot    
15:02:19.608  DEBUG   [poll]    <- read  st2mot     ret=0  data=['0x00', '0x00']
15:02:19.608  DEBUG   [poll]    -> read  st0cur    
15:02:19.613  DEBUG   [poll]    <- read  st0cur     ret=0  data=['0x01', '0x02', '0x00', '0x02']
15:02:20.614  DEBUG   [poll]    -> read  st2mot    
15:02:20.617  DEBUG   [poll]    <- read  st2mot     ret=0  data=['0x00', '0x00']
15:02:20.618  DEBUG   [poll]    -> read  st0cur    
15:02:20.622  DEBUG   [poll]    <- read  st0cur     ret=0  data=['0x01', '0x02', '0x00', '0x02']
15:02:21.624  DEBUG   [poll]    -> read  st2mot    
15:02:21.631  DEBUG   [poll]    <- read  st2mot     ret=0  data=['0x00', '0x00']
15:02:21.632  DEBUG   [poll]    -> read  st0cur    
15:02:21.636  DEBUG   [poll]    <- read  st0cur     ret=0  data=['0x01', '0x02', '0x00', '0x02']
15:02:22.638  DEBUG   [poll]    -> read  st2mot    
15:02:22.641  DEBUG   [poll]    <- read  st2mot     ret=0  data=['0x00', '0x00']
15:02:22.641  DEBUG   [poll]    -> read  st0cur    
15:02:22.645  DEBUG   [poll]    <- read  st0cur     ret=0  data=['0x01', '0x02', '0x01', '0x02']
15:02:23.647  DEBUG   [poll]    -> read  st2mot    
15:02:23.650  DEBUG   [poll]    <- read  st2mot     ret=0  data=['0x00', '0x00']
15:02:23.651  DEBUG   [poll]    -> read  st0cur    
15:02:23.655  DEBUG   [poll]    <- read  st0cur     ret=0  data=['0x01', '0x02', '0x00', '0x02']
15:02:24.656  DEBUG   [poll]    -> read  st2mot    
15:02:24.660  DEBUG   [poll]    <- read  st2mot     ret=0  data=['0x00', '0x00']
15:02:24.660  DEBUG   [poll]    -> read  st0cur    
15:02:24.664  DEBUG   [poll]    <- read  st0cur     ret=0  data=['0x01', '0x02', '0x00', '0x02']
15:02:25.666  DEBUG   [poll]    -> read  st2mot    
15:02:25.669  DEBUG   [poll]    <- read  st2mot     ret=0  data=['0x00', '0x00']
15:02:25.670  DEBUG   [poll]    -> read  st0cur    
15:02:25.674  DEBUG   [poll]    <- read  st0cur     ret=0  data=['0x01', '0x02', '0x00', '0x02']
15:02:26.675  DEBUG   [poll]    -> read  st2mot    
15:02:26.683  DEBUG   [poll]    <- read  st2mot     ret=0  data=['0x00', '0x00']
15:02:26.683  DEBUG   [poll]    -> read  st0cur    
15:02:26.687  DEBUG   [poll]    <- read  st0cur     ret=0  data=['0x01', '0x02', '0x00', '0x02']
15:02:27.689  DEBUG   [poll]    -> read  st2mot    
15:02:27.692  DEBUG   [poll]    <- read  st2mot     ret=0  data=['0x00', '0x00']
15:02:27.692  DEBUG   [poll]    -> read  st0cur    
15:02:27.697  DEBUG   [poll]    <- read  st0cur     ret=0  data=['0x01', '0x02', '0x01', '0x02']
15:02:28.698  DEBUG   [poll]    -> read  st2mot    
15:02:28.702  DEBUG   [poll]    <- read  st2mot     ret=0  data=['0x00', '0x00']
15:02:28.702  DEBUG   [poll]    -> read  st0cur    
15:02:28.706  DEBUG   [poll]    <- read  st0cur     ret=0  data=['0x01', '0x02', '0x00', '0x02']
15:02:29.708  DEBUG   [poll]    -> read  st2mot    
15:02:29.711  DEBUG   [poll]    <- read  st2mot     ret=0  data=['0x00', '0x00']
15:02:29.711  DEBUG   [poll]    -> read  st0cur    
15:02:29.716  DEBUG   [poll]    <- read  st0cur     ret=0  data=['0x01', '0x02', '0x00', '0x02']
15:02:30.717  DEBUG   [poll]    -> read  st2mot    
15:02:30.721  DEBUG   [poll]    <- read  st2mot     ret=0  data=['0x00', '0x00']
15:02:30.721  DEBUG   [poll]    -> read  st0cur    
15:02:30.725  DEBUG   [poll]    <- read  st0cur     ret=0  data=['0x01', '0x02', '0x00', '0x02']
15:02:31.727  DEBUG   [poll]    -> read  st2mot    
15:02:31.730  DEBUG   [poll]    <- read  st2mot     ret=0  data=['0x00', '0x00']
15:02:31.731  DEBUG   [poll]    -> read  st0cur    
15:02:31.735  DEBUG   [poll]    <- read  st0cur     ret=0  data=['0x01', '0x02', '0x00', '0x02']
15:02:32.736  DEBUG   [poll]    -> read  st2mot    
15:02:32.740  DEBUG   [poll]    <- read  st2mot     ret=0  data=['0x00', '0x00']
15:02:32.740  DEBUG   [poll]    -> read  st0cur    
15:02:32.744  DEBUG   [poll]    <- read  st0cur     ret=0  data=['0x01', '0x02', '0x01', '0x02']
15:02:33.746  DEBUG   [poll]    -> read  st2mot    
15:02:33.749  DEBUG   [poll]    <- read  st2mot     ret=0  data=['0x00', '0x00']
15:02:33.750  DEBUG   [poll]    -> read  st0cur    
15:02:33.754  DEBUG   [poll]    <- read  st0cur     ret=0  data=['0x01', '0x02', '0x00', '0x02']
15:02:34.755  DEBUG   [poll]    -> read  st2mot    
15:02:34.759  DEBUG   [poll]    <- read  st2mot     ret=0  data=['0x00', '0x00']
15:02:34.759  DEBUG   [poll]    -> read  st0cur    
15:02:34.763  DEBUG   [poll]    <- read  st0cur     ret=0  data=['0x01', '0x02', '0x01', '0x02']
15:02:35.765  DEBUG   [poll]    -> read  st2mot    
15:02:35.768  DEBUG   [poll]    <- read  st2mot     ret=0  data=['0x00', '0x00']
15:02:35.769  DEBUG   [poll]    -> read  st0cur    
15:02:35.773  DEBUG   [poll]    <- read  st0cur     ret=0  data=['0x01', '0x02', '0x00', '0x02']
15:02:36.774  DEBUG   [poll]    -> read  st2mot    
15:02:36.781  DEBUG   [poll]    <- read  st2mot     ret=0  data=['0x00', '0x00']
15:02:36.782  DEBUG   [poll]    -> read  st0cur    
15:02:36.786  DEBUG   [poll]    <- read  st0cur     ret=0  data=['0x01', '0x02', '0x00', '0x02']
15:02:37.787  DEBUG   [poll]    -> read  st2mot    
15:02:37.791  DEBUG   [poll]    <- read  st2mot     ret=0  data=['0x00', '0x00']
15:02:37.791  DEBUG   [poll]    -> read  st0cur    
15:02:37.795  DEBUG   [poll]    <- read  st0cur     ret=0  data=['0x01', '0x02', '0x00', '0x02']
15:02:38.797  DEBUG   [poll]    -> read  st2mot    
15:02:38.800  DEBUG   [poll]    <- read  st2mot     ret=0  data=['0x00', '0x00']
15:02:38.800  DEBUG   [poll]    -> read  st0cur    
15:02:38.805  DEBUG   [poll]    <- read  st0cur     ret=0  data=['0x01', '0x02', '0x01', '0x02']
15:02:39.806  DEBUG   [poll]    -> read  st2mot    
15:02:39.809  DEBUG   [poll]    <- read  st2mot     ret=0  data=['0x00', '0x00']
15:02:39.810  DEBUG   [poll]    -> read  st0cur    
15:02:39.814  DEBUG   [poll]    <- read  st0cur     ret=0  data=['0x01', '0x02', '0x00', '0x02']
15:02:40.816  DEBUG   [poll]    -> read  st2mot    
15:02:40.819  DEBUG   [poll]    <- read  st2mot     ret=0  data=['0x00', '0x00']
15:02:40.819  DEBUG   [poll]    -> read  st0cur    
15:02:40.823  DEBUG   [poll]    <- read  st0cur     ret=0  data=['0x01', '0x02', '0x01', '0x02']
15:02:41.825  DEBUG   [poll]    -> read  st2mot    
15:02:41.832  DEBUG   [poll]    <- read  st2mot     ret=0  data=['0x00', '0x00']
15:02:41.832  DEBUG   [poll]    -> read  st0cur    
15:02:41.836  DEBUG   [poll]    <- read  st0cur     ret=0  data=['0x01', '0x02', '0x00', '0x02']
15:02:42.838  DEBUG   [poll]    -> read  st2mot    
15:02:42.841  DEBUG   [poll]    <- read  st2mot     ret=0  data=['0x00', '0x00']
15:02:42.842  DEBUG   [poll]    -> read  st0cur    
15:02:42.846  DEBUG   [poll]    <- read  st0cur     ret=0  data=['0x01', '0x02', '0x00', '0x02']
15:02:43.847  DEBUG   [poll]    -> read  st2mot    
15:02:43.851  DEBUG   [poll]    <- read  st2mot     ret=0  data=['0x00', '0x00']
15:02:43.851  DEBUG   [poll]    -> read  st0cur    
15:02:43.855  DEBUG   [poll]    <- read  st0cur     ret=0  data=['0x01', '0x02', '0x00', '0x02']
15:02:44.857  DEBUG   [poll]    -> read  st2mot    
15:02:44.860  DEBUG   [poll]    <- read  st2mot     ret=0  data=['0x00', '0x00']
15:02:44.860  DEBUG   [poll]    -> read  st0cur    
15:02:44.865  DEBUG   [poll]    <- read  st0cur     ret=0  data=['0x01', '0x02', '0x01', '0x02']
15:02:45.866  DEBUG   [poll]    -> read  st2mot    
15:02:45.870  DEBUG   [poll]    <- read  st2mot     ret=0  data=['0x00', '0x00']
15:02:45.870  DEBUG   [poll]    -> read  st0cur    
15:02:45.874  DEBUG   [poll]    <- read  st0cur     ret=0  data=['0x01', '0x02', '0x01', '0x02']
15:02:46.876  DEBUG   [poll]    -> read  st2mot    
15:02:46.883  DEBUG   [poll]    <- read  st2mot     ret=0  data=['0x00', '0x00']
15:02:46.883  DEBUG   [poll]    -> read  st0cur    
15:02:46.887  DEBUG   [poll]    <- read  st0cur     ret=0  data=['0x01', '0x02', '0x01', '0x02']
15:02:47.889  DEBUG   [poll]    -> read  st2mot    
15:02:47.892  DEBUG   [poll]    <- read  st2mot     ret=0  data=['0x00', '0x00']
15:02:47.892  DEBUG   [poll]    -> read  st0cur    
15:02:47.897  DEBUG   [poll]    <- read  st0cur     ret=0  data=['0x01', '0x02', '0x00', '0x02']
15:02:48.898  DEBUG   [poll]    -> read  st2mot    
15:02:48.901  DEBUG   [poll]    <- read  st2mot     ret=0  data=['0x00', '0x00']
15:02:48.902  DEBUG   [poll]    -> read  st0cur    
15:02:48.906  DEBUG   [poll]    <- read  st0cur     ret=0  data=['0x01', '0x02', '0x00', '0x02']
15:02:49.907  DEBUG   [poll]    -> read  st2mot    
15:02:49.911  DEBUG   [poll]    <- read  st2mot     ret=0  data=['0x00', '0x00']
15:02:49.912  DEBUG   [poll]    -> read  st0cur    
15:02:49.916  DEBUG   [poll]    <- read  st0cur     ret=0  data=['0x01', '0x02', '0x01', '0x02']
15:02:50.918  DEBUG   [poll]    -> read  st2mot    
15:02:50.921  DEBUG   [poll]    <- read  st2mot     ret=0  data=['0x00', '0x00']
15:02:50.921  DEBUG   [poll]    -> read  st0cur    
15:02:50.926  DEBUG   [poll]    <- read  st0cur     ret=0  data=['0x01', '0x02', '0x00', '0x02']
15:02:51.927  DEBUG   [poll]    -> read  st2mot    
15:02:51.935  DEBUG   [poll]    <- read  st2mot     ret=0  data=['0x00', '0x00']
15:02:51.935  DEBUG   [poll]    -> read  st0cur    
15:02:51.939  DEBUG   [poll]    <- read  st0cur     ret=0  data=['0x01', '0x02', '0x01', '0x02']
15:02:52.941  DEBUG   [poll]    -> read  st2mot    
15:02:52.944  DEBUG   [poll]    <- read  st2mot     ret=0  data=['0x00', '0x00']
15:02:52.944  DEBUG   [poll]    -> read  st0cur    
15:02:52.949  DEBUG   [poll]    <- read  st0cur     ret=0  data=['0x01', '0x02', '0x01', '0x02']
15:02:53.950  DEBUG   [poll]    -> read  st2mot    
15:02:53.954  DEBUG   [poll]    <- read  st2mot     ret=0  data=['0x00', '0x00']
15:02:53.954  DEBUG   [poll]    -> read  st0cur    
15:02:53.958  DEBUG   [poll]    <- read  st0cur     ret=0  data=['0x01', '0x02', '0x00', '0x02']
15:02:54.960  DEBUG   [poll]    -> read  st2mot    
15:02:54.963  DEBUG   [poll]    <- read  st2mot     ret=0  data=['0x00', '0x00']
15:02:54.963  DEBUG   [poll]    -> read  st0cur    
15:02:54.968  DEBUG   [poll]    <- read  st0cur     ret=0  data=['0x01', '0x02', '0x01', '0x02']
15:02:55.969  DEBUG   [poll]    -> read  st2mot    
15:02:55.973  DEBUG   [poll]    <- read  st2mot     ret=0  data=['0x00', '0x00']
15:02:55.973  DEBUG   [poll]    -> read  st0cur    
15:02:55.977  DEBUG   [poll]    <- read  st0cur     ret=0  data=['0x01', '0x02', '0x00', '0x02']
15:02:56.979  DEBUG   [poll]    -> read  st2mot    
15:02:56.985  DEBUG   [poll]    <- read  st2mot     ret=0  data=['0x00', '0x00']
15:02:56.986  DEBUG   [poll]    -> read  st0cur    
15:02:56.990  DEBUG   [poll]    <- read  st0cur     ret=0  data=['0x01', '0x02', '0x01', '0x02']
15:02:57.991  DEBUG   [poll]    -> read  st2mot    
15:02:57.995  DEBUG   [poll]    <- read  st2mot     ret=0  data=['0x00', '0x00']
15:02:57.995  DEBUG   [poll]    -> read  st0cur    
15:02:57.999  DEBUG   [poll]    <- read  st0cur     ret=0  data=['0x01', '0x02', '0x01', '0x02']
15:02:59.001  DEBUG   [poll]    -> read  st2mot    
15:02:59.004  DEBUG   [poll]    <- read  st2mot     ret=0  data=['0x00', '0x00']
15:02:59.005  DEBUG   [poll]    -> read  st0cur    
15:02:59.009  DEBUG   [poll]    <- read  st0cur     ret=0  data=['0x01', '0x02', '0x00', '0x02']
15:03:00.010  DEBUG   [poll]    -> read  st2mot    
15:03:00.014  DEBUG   [poll]    <- read  st2mot     ret=0  data=['0x00', '0x00']
15:03:00.014  DEBUG   [poll]    -> read  st0cur    
15:03:00.018  DEBUG   [poll]    <- read  st0cur     ret=0  data=['0x01', '0x02', '0x00', '0x02']
15:03:01.021  DEBUG   [poll]    -> read  st2mot    
15:03:01.025  DEBUG   [poll]    <- read  st2mot     ret=0  data=['0x00', '0x00']
15:03:01.025  DEBUG   [poll]    -> read  st0cur    
15:03:01.030  DEBUG   [poll]    <- read  st0cur     ret=0  data=['0x01', '0x02', '0x00', '0x02']
15:03:02.031  DEBUG   [poll]    -> read  st2mot    
15:03:02.035  DEBUG   [poll]    <- read  st2mot     ret=0  data=['0x00', '0x00']
15:03:02.035  DEBUG   [poll]    -> read  st0cur    
15:03:02.039  DEBUG   [poll]    <- read  st0cur     ret=0  data=['0x01', '0x02', '0x00', '0x02']
15:03:03.041  DEBUG   [poll]    -> read  st2mot    
15:03:03.044  DEBUG   [poll]    <- read  st2mot     ret=0  data=['0x00', '0x00']
15:03:03.045  DEBUG   [poll]    -> read  st0cur    
15:03:03.049  DEBUG   [poll]    <- read  st0cur     ret=0  data=['0x01', '0x02', '0x01', '0x02']
15:03:04.050  DEBUG   [poll]    -> read  st2mot    
15:03:04.054  DEBUG   [poll]    <- read  st2mot     ret=0  data=['0x00', '0x00']
15:03:04.054  DEBUG   [poll]    -> read  st0cur    
15:03:04.058  DEBUG   [poll]    <- read  st0cur     ret=0  data=['0x01', '0x02', '0x00', '0x02']
15:03:05.060  DEBUG   [poll]    -> read  st2mot    
15:03:05.063  DEBUG   [poll]    <- read  st2mot     ret=0  data=['0x00', '0x00']
15:03:05.064  DEBUG   [poll]    -> read  st0cur    
15:03:05.068  DEBUG   [poll]    <- read  st0cur     ret=0  data=['0x01', '0x02', '0x01', '0x02']
15:03:06.070  DEBUG   [poll]    -> read  st2mot    
15:03:06.073  DEBUG   [poll]    <- read  st2mot     ret=0  data=['0x00', '0x00']
15:03:06.073  DEBUG   [poll]    -> read  st0cur    
15:03:06.078  DEBUG   [poll]    <- read  st0cur     ret=0  data=['0x01', '0x02', '0x01', '0x02']
15:03:07.079  DEBUG   [poll]    -> read  st2mot    
15:03:07.083  DEBUG   [poll]    <- read  st2mot     ret=0  data=['0x00', '0x00']
15:03:07.083  DEBUG   [poll]    -> read  st0cur    
15:03:07.087  DEBUG   [poll]    <- read  st0cur     ret=0  data=['0x01', '0x02', '0x00', '0x02']
15:03:08.089  DEBUG   [poll]    -> read  st2mot    
15:03:08.092  DEBUG   [poll]    <- read  st2mot     ret=0  data=['0x00', '0x00']
15:03:08.093  DEBUG   [poll]    -> read  st0cur    
15:03:08.097  DEBUG   [poll]    <- read  st0cur     ret=0  data=['0x01', '0x02', '0x00', '0x02']
15:03:09.098  DEBUG   [poll]    -> read  st2mot    
15:03:09.102  DEBUG   [poll]    <- read  st2mot     ret=0  data=['0x00', '0x00']
15:03:09.102  DEBUG   [poll]    -> read  st0cur    
15:03:09.106  DEBUG   [poll]    <- read  st0cur     ret=0  data=['0x01', '0x02', '0x00', '0x02']
15:03:10.108  DEBUG   [poll]    -> read  st2mot    
15:03:10.111  DEBUG   [poll]    <- read  st2mot     ret=0  data=['0x00', '0x00']
15:03:10.112  DEBUG   [poll]    -> read  st0cur    
15:03:10.116  DEBUG   [poll]    <- read  st0cur     ret=0  data=['0x01', '0x02', '0x00', '0x02']
15:03:11.118  DEBUG   [poll]    -> read  st2mot    
15:03:11.121  DEBUG   [poll]    <- read  st2mot     ret=0  data=['0x00', '0x00']
15:03:11.121  DEBUG   [poll]    -> read  st0cur    
15:03:11.125  DEBUG   [poll]    <- read  st0cur     ret=0  data=['0x01', '0x02', '0x01', '0x02']
15:03:12.127  DEBUG   [poll]    -> read  st2mot    
15:03:12.130  DEBUG   [poll]    <- read  st2mot     ret=0  data=['0x00', '0x00']
15:03:12.131  DEBUG   [poll]    -> read  st0cur    
15:03:12.135  DEBUG   [poll]    <- read  st0cur     ret=0  data=['0x01', '0x02', '0x01', '0x02']
15:03:13.137  DEBUG   [poll]    -> read  st2mot    
15:03:13.140  DEBUG   [poll]    <- read  st2mot     ret=0  data=['0x00', '0x00']
15:03:13.141  DEBUG   [poll]    -> read  st0cur    
15:03:13.145  DEBUG   [poll]    <- read  st0cur     ret=0  data=['0x01', '0x02', '0x01', '0x02']
15:03:14.146  DEBUG   [poll]    -> read  st2mot    
15:03:14.150  DEBUG   [poll]    <- read  st2mot     ret=0  data=['0x00', '0x00']
15:03:14.150  DEBUG   [poll]    -> read  st0cur    
15:03:14.155  DEBUG   [poll]    <- read  st0cur     ret=0  data=['0x01', '0x02', '0x00', '0x02']
15:03:15.156  DEBUG   [poll]    -> read  st2mot    
15:03:15.159  DEBUG   [poll]    <- read  st2mot     ret=0  data=['0x00', '0x00']
15:03:15.160  DEBUG   [poll]    -> read  st0cur    
15:03:15.164  DEBUG   [poll]    <- read  st0cur     ret=0  data=['0x01', '0x02', '0x01', '0x02']
15:03:16.165  DEBUG   [poll]    -> read  st2mot    
15:03:16.169  DEBUG   [poll]    <- read  st2mot     ret=0  data=['0x00', '0x00']
15:03:16.169  DEBUG   [poll]    -> read  st0cur    
15:03:16.173  DEBUG   [poll]    <- read  st0cur     ret=0  data=['0x01', '0x02', '0x01', '0x02']
15:03:17.175  DEBUG   [poll]    -> read  st2mot    
15:03:17.178  DEBUG   [poll]    <- read  st2mot     ret=0  data=['0x00', '0x00']
15:03:17.179  DEBUG   [poll]    -> read  st0cur    
15:03:17.183  DEBUG   [poll]    <- read  st0cur     ret=0  data=['0x01', '0x02', '0x01', '0x02']
15:03:18.185  DEBUG   [poll]    -> read  st2mot    
15:03:18.188  DEBUG   [poll]    <- read  st2mot     ret=0  data=['0x00', '0x00']
15:03:18.188  DEBUG   [poll]    -> read  st0cur    
15:03:18.193  DEBUG   [poll]    <- read  st0cur     ret=0  data=['0x01', '0x02', '0x00', '0x02']
15:03:19.194  DEBUG   [poll]    -> read  st2mot    
15:03:19.198  DEBUG   [poll]    <- read  st2mot     ret=0  data=['0x00', '0x00']
15:03:19.198  DEBUG   [poll]    -> read  st0cur    
15:03:19.202  DEBUG   [poll]    <- read  st0cur     ret=0  data=['0x01', '0x02', '0x01', '0x02']
15:03:20.204  DEBUG   [poll]    -> read  st2mot    
15:03:20.207  DEBUG   [poll]    <- read  st2mot     ret=0  data=['0x00', '0x00']
15:03:20.207  DEBUG   [poll]    -> read  st0cur    
15:03:20.212  DEBUG   [poll]    <- read  st0cur     ret=0  data=['0x01', '0x02', '0x01', '0x02']
15:03:21.213  DEBUG   [poll]    -> read  st2mot    
15:03:21.216  DEBUG   [poll]    <- read  st2mot     ret=0  data=['0x00', '0x00']
15:03:21.217  DEBUG   [poll]    -> read  st0cur    
15:03:21.221  DEBUG   [poll]    <- read  st0cur     ret=0  data=['0x01', '0x02', '0x00', '0x02']
15:03:22.222  DEBUG   [poll]    -> read  st2mot    
15:03:22.226  DEBUG   [poll]    <- read  st2mot     ret=0  data=['0x00', '0x00']
15:03:22.229  DEBUG   [poll]    -> read  st0cur    
15:03:22.233  DEBUG   [poll]    <- read  st0cur     ret=0  data=['0x01', '0x02', '0x01', '0x02']
15:03:23.235  DEBUG   [poll]    -> read  st2mot    
15:03:23.238  DEBUG   [poll]    <- read  st2mot     ret=0  data=['0x00', '0x00']
15:03:23.239  DEBUG   [poll]    -> read  st0cur    
15:03:23.243  DEBUG   [poll]    <- read  st0cur     ret=0  data=['0x01', '0x02', '0x01', '0x02']
15:03:24.244  DEBUG   [poll]    -> read  st2mot    
15:03:24.248  DEBUG   [poll]    <- read  st2mot     ret=0  data=['0x00', '0x00']
15:03:24.248  DEBUG   [poll]    -> read  st0cur    
15:03:24.252  DEBUG   [poll]    <- read  st0cur     ret=0  data=['0x01', '0x02', '0x00', '0x02']
15:03:25.254  DEBUG   [poll]    -> read  st2mot    
15:03:25.257  DEBUG   [poll]    <- read  st2mot     ret=0  data=['0x00', '0x00']
15:03:25.258  DEBUG   [poll]    -> read  st0cur    
15:03:25.262  DEBUG   [poll]    <- read  st0cur     ret=0  data=['0x01', '0x02', '0x01', '0x02']
15:03:26.263  DEBUG   [poll]    -> read  st2mot    
15:03:26.267  DEBUG   [poll]    <- read  st2mot     ret=0  data=['0x00', '0x00']
15:03:26.267  DEBUG   [poll]    -> read  st0cur    
15:03:26.271  DEBUG   [poll]    <- read  st0cur     ret=0  data=['0x01', '0x02', '0x01', '0x02']
15:03:27.273  DEBUG   [poll]    -> read  st2mot    
15:03:27.276  DEBUG   [poll]    <- read  st2mot     ret=0  data=['0x00', '0x00']
15:03:27.277  DEBUG   [poll]    -> read  st0cur    
15:03:27.281  DEBUG   [poll]    <- read  st0cur     ret=0  data=['0x01', '0x02', '0x01', '0x02']
15:03:28.283  DEBUG   [poll]    -> read  st2mot    
15:03:28.286  DEBUG   [poll]    <- read  st2mot     ret=0  data=['0x00', '0x00']
15:03:28.286  DEBUG   [poll]    -> read  st0cur    
15:03:28.291  DEBUG   [poll]    <- read  st0cur     ret=0  data=['0x01', '0x02', '0x00', '0x02']
15:03:29.292  DEBUG   [poll]    -> read  st2mot    
15:03:29.295  DEBUG   [poll]    <- read  st2mot     ret=0  data=['0x00', '0x00']
15:03:29.296  DEBUG   [poll]    -> read  st0cur    
15:03:29.300  DEBUG   [poll]    <- read  st0cur     ret=0  data=['0x01', '0x02', '0x00', '0x02']
15:03:30.301  DEBUG   [poll]    -> read  st2mot    
15:03:30.305  DEBUG   [poll]    <- read  st2mot     ret=0  data=['0x00', '0x00']
15:03:30.305  DEBUG   [poll]    -> read  st0cur    
15:03:30.309  DEBUG   [poll]    <- read  st0cur     ret=0  data=['0x01', '0x02', '0x00', '0x02']
15:03:31.311  DEBUG   [poll]    -> read  st2mot    
15:03:31.314  DEBUG   [poll]    <- read  st2mot     ret=0  data=['0x00', '0x00']
15:03:31.315  DEBUG   [poll]    -> read  st0cur    
15:03:31.319  DEBUG   [poll]    <- read  st0cur     ret=0  data=['0x01', '0x02', '0x01', '0x02']
15:03:32.320  DEBUG   [poll]    -> read  st2mot    
15:03:32.324  DEBUG   [poll]    <- read  st2mot     ret=0  data=['0x00', '0x00']
15:03:32.324  DEBUG   [poll]    -> read  st0cur    
15:03:32.329  DEBUG   [poll]    <- read  st0cur     ret=0  data=['0x01', '0x02', '0x00', '0x02']
15:03:33.330  DEBUG   [poll]    -> read  st2mot    
15:03:33.333  DEBUG   [poll]    <- read  st2mot     ret=0  data=['0x00', '0x00']
15:03:33.334  DEBUG   [poll]    -> read  st0cur    
15:03:33.338  DEBUG   [poll]    <- read  st0cur     ret=0  data=['0x01', '0x02', '0x01', '0x02']
15:03:34.340  DEBUG   [poll]    -> read  st2mot    
15:03:34.343  DEBUG   [poll]    <- read  st2mot     ret=0  data=['0x00', '0x00']
15:03:34.343  DEBUG   [poll]    -> read  st0cur    
15:03:34.348  DEBUG   [poll]    <- read  st0cur     ret=0  data=['0x01', '0x02', '0x00', '0x02']
15:03:35.349  DEBUG   [poll]    -> read  st2mot    
15:03:35.352  DEBUG   [poll]    <- read  st2mot     ret=0  data=['0x00', '0x00']
15:03:35.353  DEBUG   [poll]    -> read  st0cur    
15:03:35.357  DEBUG   [poll]    <- read  st0cur     ret=0  data=['0x01', '0x02', '0x01', '0x02']
15:03:36.359  DEBUG   [poll]    -> read  st2mot    
15:03:36.362  DEBUG   [poll]    <- read  st2mot     ret=0  data=['0x00', '0x00']
15:03:36.362  DEBUG   [poll]    -> read  st0cur    
15:03:36.367  DEBUG   [poll]    <- read  st0cur     ret=0  data=['0x01', '0x02', '0x00', '0x02']
15:03:37.368  DEBUG   [poll]    -> read  st2mot    
15:03:37.371  DEBUG   [poll]    <- read  st2mot     ret=0  data=['0x00', '0x00']
15:03:37.372  DEBUG   [poll]    -> read  st0cur    
15:03:37.376  DEBUG   [poll]    <- read  st0cur     ret=0  data=['0x01', '0x02', '0x00', '0x02']
15:03:38.378  DEBUG   [poll]    -> read  st2mot    
15:03:38.381  DEBUG   [poll]    <- read  st2mot     ret=0  data=['0x00', '0x00']
15:03:38.382  DEBUG   [poll]    -> read  st0cur    
15:03:38.386  DEBUG   [poll]    <- read  st0cur     ret=0  data=['0x01', '0x02', '0x00', '0x02']
15:03:39.387  DEBUG   [poll]    -> read  st2mot    
15:03:39.391  DEBUG   [poll]    <- read  st2mot     ret=0  data=['0x00', '0x00']
15:03:39.391  DEBUG   [poll]    -> read  st0cur    
15:03:39.395  DEBUG   [poll]    <- read  st0cur     ret=0  data=['0x01', '0x02', '0x01', '0x02']
15:03:40.397  DEBUG   [poll]    -> read  st2mot    
15:03:40.400  DEBUG   [poll]    <- read  st2mot     ret=0  data=['0x00', '0x00']
15:03:40.400  DEBUG   [poll]    -> read  st0cur    
15:03:40.405  DEBUG   [poll]    <- read  st0cur     ret=0  data=['0x00', '0x02', '0x00', '0x02']
15:03:41.406  DEBUG   [poll]    -> read  st2mot    
15:03:41.409  DEBUG   [poll]    <- read  st2mot     ret=0  data=['0x00', '0x00']
15:03:41.410  DEBUG   [poll]    -> read  st0cur    
15:03:41.414  DEBUG   [poll]    <- read  st0cur     ret=0  data=['0x01', '0x02', '0x00', '0x02']
15:03:42.415  DEBUG   [poll]    -> read  st2mot    
15:03:42.419  DEBUG   [poll]    <- read  st2mot     ret=0  data=['0x00', '0x00']
15:03:42.419  DEBUG   [poll]    -> read  st0cur    
15:03:42.424  DEBUG   [poll]    <- read  st0cur     ret=0  data=['0x01', '0x02', '0x00', '0x02']
15:03:43.425  DEBUG   [poll]    -> read  st2mot    
15:03:43.428  DEBUG   [poll]    <- read  st2mot     ret=0  data=['0x00', '0x00']
15:03:43.429  DEBUG   [poll]    -> read  st0cur    
15:03:43.433  DEBUG   [poll]    <- read  st0cur     ret=0  data=['0x01', '0x02', '0x00', '0x02']
15:03:44.434  DEBUG   [poll]    -> read  st2mot    
15:03:44.438  DEBUG   [poll]    <- read  st2mot     ret=0  data=['0x00', '0x00']
15:03:44.438  DEBUG   [poll]    -> read  st0cur    
15:03:44.442  DEBUG   [poll]    <- read  st0cur     ret=0  data=['0x01', '0x02', '0x00', '0x02']
15:03:45.444  DEBUG   [poll]    -> read  st2mot    
15:03:45.447  DEBUG   [poll]    <- read  st2mot     ret=0  data=['0x00', '0x00']
15:03:45.448  DEBUG   [poll]    -> read  st0cur    
15:03:45.452  DEBUG   [poll]    <- read  st0cur     ret=0  data=['0x01', '0x02', '0x00', '0x02']
15:03:46.454  DEBUG   [poll]    -> read  st2mot    
15:03:46.457  DEBUG   [poll]    <- read  st2mot     ret=0  data=['0x00', '0x00']
15:03:46.457  DEBUG   [poll]    -> read  st0cur    
15:03:46.461  DEBUG   [poll]    <- read  st0cur     ret=0  data=['0x01', '0x02', '0x01', '0x02']
15:03:47.463  DEBUG   [poll]    -> read  st2mot    
15:03:47.466  DEBUG   [poll]    <- read  st2mot     ret=0  data=['0x00', '0x00']
15:03:47.467  DEBUG   [poll]    -> read  st0cur    
15:03:47.471  DEBUG   [poll]    <- read  st0cur     ret=0  data=['0x01', '0x02', '0x01', '0x02']
15:03:48.473  DEBUG   [poll]    -> read  st2mot    
15:03:48.476  DEBUG   [poll]    <- read  st2mot     ret=0  data=['0x00', '0x00']
15:03:48.476  DEBUG   [poll]    -> read  st0cur    
15:03:48.480  DEBUG   [poll]    <- read  st0cur     ret=0  data=['0x01', '0x02', '0x00', '0x02']
15:03:49.482  DEBUG   [poll]    -> read  st2mot    
15:03:49.485  DEBUG   [poll]    <- read  st2mot     ret=0  data=['0x00', '0x00']
15:03:49.486  DEBUG   [poll]    -> read  st0cur    
15:03:49.490  DEBUG   [poll]    <- read  st0cur     ret=0  data=['0x01', '0x02', '0x00', '0x02']
15:03:50.491  DEBUG   [poll]    -> read  st2mot    
15:03:50.495  DEBUG   [poll]    <- read  st2mot     ret=0  data=['0x00', '0x00']
15:03:50.495  DEBUG   [poll]    -> read  st0cur    
15:03:50.499  DEBUG   [poll]    <- read  st0cur     ret=0  data=['0x01', '0x02', '0x01', '0x02']
15:03:51.501  DEBUG   [poll]    -> read  st2mot    
15:03:51.504  DEBUG   [poll]    <- read  st2mot     ret=0  data=['0x00', '0x00']
15:03:51.505  DEBUG   [poll]    -> read  st0cur    
15:03:51.509  DEBUG   [poll]    <- read  st0cur     ret=0  data=['0x01', '0x02', '0x00', '0x02']
15:03:52.510  DEBUG   [poll]    -> read  st2mot    
15:03:52.514  DEBUG   [poll]    <- read  st2mot     ret=0  data=['0x00', '0x00']
15:03:52.514  DEBUG   [poll]    -> read  st0cur    
15:03:52.519  DEBUG   [poll]    <- read  st0cur     ret=0  data=['0x01', '0x02', '0x01', '0x02']
15:03:53.520  DEBUG   [poll]    -> read  st2mot    
15:03:53.524  DEBUG   [poll]    <- read  st2mot     ret=0  data=['0x00', '0x00']
15:03:53.524  DEBUG   [poll]    -> read  st0cur    
15:03:53.528  DEBUG   [poll]    <- read  st0cur     ret=0  data=['0x01', '0x02', '0x00', '0x02']
15:03:54.530  DEBUG   [poll]    -> read  st2mot    
15:03:54.533  DEBUG   [poll]    <- read  st2mot     ret=0  data=['0x00', '0x00']
15:03:54.534  DEBUG   [poll]    -> read  st0cur    
15:03:54.538  DEBUG   [poll]    <- read  st0cur     ret=0  data=['0x01', '0x02', '0x00', '0x02']
15:03:55.539  DEBUG   [poll]    -> read  st2mot    
15:03:55.543  DEBUG   [poll]    <- read  st2mot     ret=0  data=['0x00', '0x00']
15:03:55.543  DEBUG   [poll]    -> read  st0cur    
15:03:55.547  DEBUG   [poll]    <- read  st0cur     ret=0  data=['0x01', '0x02', '0x01', '0x02']
15:03:56.549  DEBUG   [poll]    -> read  st2mot    
15:03:56.552  DEBUG   [poll]    <- read  st2mot     ret=0  data=['0x00', '0x00']
15:03:56.553  DEBUG   [poll]    -> read  st0cur    
15:03:56.557  DEBUG   [poll]    <- read  st0cur     ret=0  data=['0x01', '0x02', '0x01', '0x02']
15:03:57.558  DEBUG   [poll]    -> read  st2mot    
15:03:57.562  DEBUG   [poll]    <- read  st2mot     ret=0  data=['0x00', '0x00']
15:03:57.562  DEBUG   [poll]    -> read  st0cur    
15:03:57.567  DEBUG   [poll]    <- read  st0cur     ret=0  data=['0x01', '0x02', '0x00', '0x02']
15:03:58.568  DEBUG   [poll]    -> read  st2mot    
15:03:58.571  DEBUG   [poll]    <- read  st2mot     ret=0  data=['0x00', '0x00']
15:03:58.572  DEBUG   [poll]    -> read  st0cur    
15:03:58.576  DEBUG   [poll]    <- read  st0cur     ret=0  data=['0x01', '0x02', '0x01', '0x02']
15:03:59.578  DEBUG   [poll]    -> read  st2mot    
15:03:59.581  DEBUG   [poll]    <- read  st2mot     ret=0  data=['0x00', '0x00']
15:03:59.581  DEBUG   [poll]    -> read  st0cur    
15:03:59.585  DEBUG   [poll]    <- read  st0cur     ret=0  data=['0x01', '0x02', '0x00', '0x02']
15:04:00.587  DEBUG   [poll]    -> read  st2mot    
15:04:00.590  DEBUG   [poll]    <- read  st2mot     ret=0  data=['0x00', '0x00']
15:04:00.591  DEBUG   [poll]    -> read  st0cur    
15:04:00.595  DEBUG   [poll]    <- read  st0cur     ret=0  data=['0x01', '0x02', '0x00', '0x02']
15:04:01.596  DEBUG   [poll]    -> read  st2mot    
15:04:01.600  DEBUG   [poll]    <- read  st2mot     ret=0  data=['0x00', '0x00']
15:04:01.600  DEBUG   [poll]    -> read  st0cur    
15:04:01.605  DEBUG   [poll]    <- read  st0cur     ret=0  data=['0x01', '0x02', '0x01', '0x02']
15:04:02.606  DEBUG   [poll]    -> read  st2mot    
15:04:02.610  DEBUG   [poll]    <- read  st2mot     ret=0  data=['0x00', '0x00']
15:04:02.610  DEBUG   [poll]    -> read  st0cur    
15:04:02.614  DEBUG   [poll]    <- read  st0cur     ret=0  data=['0x01', '0x02', '0x00', '0x02']
15:04:03.616  DEBUG   [poll]    -> read  st2mot    
15:04:03.619  DEBUG   [poll]    <- read  st2mot     ret=0  data=['0x00', '0x00']
15:04:03.619  DEBUG   [poll]    -> read  st0cur    
15:04:03.624  DEBUG   [poll]    <- read  st0cur     ret=0  data=['0x01', '0x02', '0x01', '0x02']
15:04:04.625  DEBUG   [poll]    -> read  st2mot    
15:04:04.629  DEBUG   [poll]    <- read  st2mot     ret=0  data=['0x00', '0x00']
15:04:04.629  DEBUG   [poll]    -> read  st0cur    
15:04:04.633  DEBUG   [poll]    <- read  st0cur     ret=0  data=['0x01', '0x02', '0x00', '0x02']
15:04:05.635  DEBUG   [poll]    -> read  st2mot    
15:04:05.638  DEBUG   [poll]    <- read  st2mot     ret=0  data=['0x00', '0x00']
15:04:05.639  DEBUG   [poll]    -> read  st0cur    
15:04:05.643  DEBUG   [poll]    <- read  st0cur     ret=0  data=['0x01', '0x02', '0x00', '0x02']
15:04:06.644  DEBUG   [poll]    -> read  st2mot    
15:04:06.648  DEBUG   [poll]    <- read  st2mot     ret=0  data=['0x00', '0x00']
15:04:06.648  DEBUG   [poll]    -> read  st0cur    
15:04:06.652  DEBUG   [poll]    <- read  st0cur     ret=0  data=['0x01', '0x02', '0x00', '0x02']
15:04:07.654  DEBUG   [poll]    -> read  st2mot    
15:04:07.657  DEBUG   [poll]    <- read  st2mot     ret=0  data=['0x00', '0x00']
15:04:07.658  DEBUG   [poll]    -> read  st0cur    
15:04:07.662  DEBUG   [poll]    <- read  st0cur     ret=0  data=['0x01', '0x02', '0x00', '0x02']
15:04:08.664  DEBUG   [poll]    -> read  st2mot    
15:04:08.667  DEBUG   [poll]    <- read  st2mot     ret=0  data=['0x00', '0x00']
15:04:08.667  DEBUG   [poll]    -> read  st0cur    
15:04:08.672  DEBUG   [poll]    <- read  st0cur     ret=0  data=['0x01', '0x02', '0x00', '0x02']
15:04:09.673  DEBUG   [poll]    -> read  st2mot    
15:04:09.677  DEBUG   [poll]    <- read  st2mot     ret=0  data=['0x00', '0x00']
15:04:09.677  DEBUG   [poll]    -> read  st0cur    
15:04:09.681  DEBUG   [poll]    <- read  st0cur     ret=0  data=['0x01', '0x02', '0x00', '0x02']
15:04:10.683  DEBUG   [poll]    -> read  st2mot    
15:04:10.686  DEBUG   [poll]    <- read  st2mot     ret=0  data=['0x00', '0x00']
15:04:10.686  DEBUG   [poll]    -> read  st0cur    
15:04:10.691  DEBUG   [poll]    <- read  st0cur     ret=0  data=['0x01', '0x02', '0x00', '0x02']
15:04:11.692  DEBUG   [poll]    -> read  st2mot    
15:04:11.696  DEBUG   [poll]    <- read  st2mot     ret=0  data=['0x00', '0x00']
15:04:11.696  DEBUG   [poll]    -> read  st0cur    
15:04:11.700  DEBUG   [poll]    <- read  st0cur     ret=0  data=['0x01', '0x02', '0x01', '0x02']
15:04:12.702  DEBUG   [poll]    -> read  st2mot    
15:04:12.705  DEBUG   [poll]    <- read  st2mot     ret=0  data=['0x00', '0x00']
15:04:12.706  DEBUG   [poll]    -> read  st0cur    
15:04:12.710  DEBUG   [poll]    <- read  st0cur     ret=0  data=['0x01', '0x02', '0x00', '0x02']
15:04:13.711  DEBUG   [poll]    -> read  st2mot    
15:04:13.715  DEBUG   [poll]    <- read  st2mot     ret=0  data=['0x00', '0x00']
15:04:13.715  DEBUG   [poll]    -> read  st0cur    
15:04:13.720  DEBUG   [poll]    <- read  st0cur     ret=0  data=['0x01', '0x02', '0x01', '0x02']
15:04:14.721  DEBUG   [poll]    -> read  st2mot    
15:04:14.725  DEBUG   [poll]    <- read  st2mot     ret=0  data=['0x00', '0x00']
15:04:14.725  DEBUG   [poll]    -> read  st0cur    
15:04:14.729  DEBUG   [poll]    <- read  st0cur     ret=0  data=['0x01', '0x02', '0x00', '0x02']
15:04:15.731  DEBUG   [poll]    -> read  st2mot    
15:04:15.734  DEBUG   [poll]    <- read  st2mot     ret=0  data=['0x00', '0x00']
15:04:15.735  DEBUG   [poll]    -> read  st0cur    
15:04:15.739  DEBUG   [poll]    <- read  st0cur     ret=0  data=['0x01', '0x02', '0x01', '0x02']
15:04:16.740  DEBUG   [poll]    -> read  st2mot    
15:04:16.744  DEBUG   [poll]    <- read  st2mot     ret=0  data=['0x00', '0x00']
15:04:16.744  DEBUG   [poll]    -> read  st0cur    
15:04:16.748  DEBUG   [poll]    <- read  st0cur     ret=0  data=['0x01', '0x02', '0x01', '0x02']
15:04:17.750  DEBUG   [poll]    -> read  st2mot    
15:04:17.753  DEBUG   [poll]    <- read  st2mot     ret=0  data=['0x00', '0x00']
15:04:17.754  DEBUG   [poll]    -> read  st0cur    
15:04:17.758  DEBUG   [poll]    <- read  st0cur     ret=0  data=['0x01', '0x02', '0x00', '0x02']
15:04:18.760  DEBUG   [poll]    -> read  st2mot    
15:04:18.763  DEBUG   [poll]    <- read  st2mot     ret=0  data=['0x00', '0x00']
15:04:18.763  DEBUG   [poll]    -> read  st0cur    
15:04:18.767  DEBUG   [poll]    <- read  st0cur     ret=0  data=['0x01', '0x02', '0x01', '0x02']
15:04:19.769  DEBUG   [poll]    -> read  st2mot    
15:04:19.772  DEBUG   [poll]    <- read  st2mot     ret=0  data=['0x00', '0x00']
15:04:19.773  DEBUG   [poll]    -> read  st0cur    
15:04:19.777  DEBUG   [poll]    <- read  st0cur     ret=0  data=['0x01', '0x02', '0x00', '0x02']
15:04:20.778  DEBUG   [poll]    -> read  st2mot    
15:04:20.782  DEBUG   [poll]    <- read  st2mot     ret=0  data=['0x00', '0x00']
15:04:20.782  DEBUG   [poll]    -> read  st0cur    
15:04:20.786  DEBUG   [poll]    <- read  st0cur     ret=0  data=['0x01', '0x02', '0x01', '0x02']
15:04:21.788  DEBUG   [poll]    -> read  st2mot    
15:04:21.791  DEBUG   [poll]    <- read  st2mot     ret=0  data=['0x00', '0x00']
15:04:21.792  DEBUG   [poll]    -> read  st0cur    
15:04:21.796  DEBUG   [poll]    <- read  st0cur     ret=0  data=['0x01', '0x02', '0x01', '0x02']
15:04:22.798  DEBUG   [poll]    -> read  st2mot    
15:04:22.801  DEBUG   [poll]    <- read  st2mot     ret=0  data=['0x00', '0x00']
15:04:22.802  DEBUG   [poll]    -> read  st0cur    
15:04:22.806  DEBUG   [poll]    <- read  st0cur     ret=0  data=['0x01', '0x02', '0x01', '0x02']
15:04:23.807  DEBUG   [poll]    -> read  st2mot    
15:04:23.811  DEBUG   [poll]    <- read  st2mot     ret=0  data=['0x00', '0x00']
15:04:23.811  DEBUG   [poll]    -> read  st0cur    
15:04:23.815  DEBUG   [poll]    <- read  st0cur     ret=0  data=['0x01', '0x02', '0x00', '0x02']
15:04:24.817  DEBUG   [poll]    -> read  st2mot    
15:04:24.820  DEBUG   [poll]    <- read  st2mot     ret=0  data=['0x00', '0x00']
15:04:24.821  DEBUG   [poll]    -> read  st0cur    
15:04:24.825  DEBUG   [poll]    <- read  st0cur     ret=0  data=['0x01', '0x02', '0x00', '0x02']
15:04:25.826  DEBUG   [poll]    -> read  st2mot    
15:04:25.830  DEBUG   [poll]    <- read  st2mot     ret=0  data=['0x00', '0x00']
15:04:25.830  DEBUG   [poll]    -> read  st0cur    
15:04:25.834  DEBUG   [poll]    <- read  st0cur     ret=0  data=['0x01', '0x02', '0x00', '0x02']
15:04:26.836  DEBUG   [poll]    -> read  st2mot    
15:04:26.839  DEBUG   [poll]    <- read  st2mot     ret=0  data=['0x00', '0x00']
15:04:26.840  DEBUG   [poll]    -> read  st0cur    
15:04:26.844  DEBUG   [poll]    <- read  st0cur     ret=0  data=['0x01', '0x02', '0x00', '0x02']
15:04:27.845  DEBUG   [poll]    -> read  st2mot    
15:04:27.849  DEBUG   [poll]    <- read  st2mot     ret=0  data=['0x00', '0x00']
15:04:27.849  DEBUG   [poll]    -> read  st0cur    
15:04:27.854  DEBUG   [poll]    <- read  st0cur     ret=0  data=['0x01', '0x02', '0x00', '0x02']
15:04:28.855  DEBUG   [poll]    -> read  st2mot    
15:04:28.859  DEBUG   [poll]    <- read  st2mot     ret=0  data=['0x00', '0x00']
15:04:28.859  DEBUG   [poll]    -> read  st0cur    
15:04:28.863  DEBUG   [poll]    <- read  st0cur     ret=0  data=['0x01', '0x02', '0x00', '0x02']
15:04:29.865  DEBUG   [poll]    -> read  st2mot    
15:04:29.868  DEBUG   [poll]    <- read  st2mot     ret=0  data=['0x00', '0x00']
15:04:29.869  DEBUG   [poll]    -> read  st0cur    
15:04:29.873  DEBUG   [poll]    <- read  st0cur     ret=0  data=['0x01', '0x02', '0x01', '0x02']
15:04:30.874  DEBUG   [poll]    -> read  st2mot    
15:04:30.878  DEBUG   [poll]    <- read  st2mot     ret=0  data=['0x00', '0x00']
15:04:30.878  DEBUG   [poll]    -> read  st0cur    
15:04:30.882  DEBUG   [poll]    <- read  st0cur     ret=0  data=['0x01', '0x02', '0x00', '0x02']
15:04:31.884  DEBUG   [poll]    -> read  st2mot    
15:04:31.887  DEBUG   [poll]    <- read  st2mot     ret=0  data=['0x00', '0x00']
15:04:31.888  DEBUG   [poll]    -> read  st0cur    
15:04:31.892  DEBUG   [poll]    <- read  st0cur     ret=0  data=['0x01', '0x02', '0x01', '0x02']
15:04:32.893  DEBUG   [poll]    -> read  st2mot    
15:04:32.897  DEBUG   [poll]    <- read  st2mot     ret=0  data=['0x00', '0x00']
15:04:32.897  DEBUG   [poll]    -> read  st0cur    
15:04:32.901  DEBUG   [poll]    <- read  st0cur     ret=0  data=['0x01', '0x02', '0x01', '0x02']
15:04:33.903  DEBUG   [poll]    -> read  st2mot    
15:04:33.906  DEBUG   [poll]    <- read  st2mot     ret=0  data=['0x00', '0x00']
15:04:33.907  DEBUG   [poll]    -> read  st0cur    
15:04:33.911  DEBUG   [poll]    <- read  st0cur     ret=0  data=['0x01', '0x02', '0x01', '0x02']
15:04:34.912  DEBUG   [poll]    -> read  st2mot    
15:04:34.916  DEBUG   [poll]    <- read  st2mot     ret=0  data=['0x00', '0x00']
15:04:34.916  DEBUG   [poll]    -> read  st0cur    
15:04:34.920  DEBUG   [poll]    <- read  st0cur     ret=0  data=['0x00', '0x02', '0x00', '0x02']
15:04:35.922  DEBUG   [poll]    -> read  st2mot    
15:04:35.925  DEBUG   [poll]    <- read  st2mot     ret=0  data=['0x00', '0x00']
15:04:35.926  DEBUG   [poll]    -> read  st0cur    
15:04:35.930  DEBUG   [poll]    <- read  st0cur     ret=0  data=['0x01', '0x02', '0x01', '0x02']
15:04:36.931  DEBUG   [poll]    -> read  st2mot    
15:04:36.935  DEBUG   [poll]    <- read  st2mot     ret=0  data=['0x00', '0x00']
15:04:36.935  DEBUG   [poll]    -> read  st0cur    
15:04:36.939  DEBUG   [poll]    <- read  st0cur     ret=0  data=['0x01', '0x02', '0x00', '0x02']
15:04:37.941  DEBUG   [poll]    -> read  st2mot    
15:04:37.944  DEBUG   [poll]    <- read  st2mot     ret=0  data=['0x00', '0x00']
15:04:37.945  DEBUG   [poll]    -> read  st0cur    
15:04:37.949  DEBUG   [poll]    <- read  st0cur     ret=0  data=['0x01', '0x02', '0x00', '0x02']
15:04:38.951  DEBUG   [poll]    -> read  st2mot    
15:04:38.954  DEBUG   [poll]    <- read  st2mot     ret=0  data=['0x00', '0x00']
15:04:38.954  DEBUG   [poll]    -> read  st0cur    
15:04:38.959  DEBUG   [poll]    <- read  st0cur     ret=0  data=['0x01', '0x02', '0x00', '0x02']
15:04:39.960  DEBUG   [poll]    -> read  st2mot    
15:04:39.963  DEBUG   [poll]    <- read  st2mot     ret=0  data=['0x00', '0x00']
15:04:39.964  DEBUG   [poll]    -> read  st0cur    
15:04:39.968  DEBUG   [poll]    <- read  st0cur     ret=0  data=['0x01', '0x02', '0x00', '0x02']
15:04:40.970  DEBUG   [poll]    -> read  st2mot    
15:04:40.973  DEBUG   [poll]    <- read  st2mot     ret=0  data=['0x00', '0x00']
15:04:40.973  DEBUG   [poll]    -> read  st0cur    
15:04:40.978  DEBUG   [poll]    <- read  st0cur     ret=0  data=['0x01', '0x02', '0x00', '0x02']
15:04:41.979  DEBUG   [poll]    -> read  st2mot    
15:04:41.982  DEBUG   [poll]    <- read  st2mot     ret=0  data=['0x00', '0x00']
15:04:41.983  DEBUG   [poll]    -> read  st0cur    
15:04:41.987  DEBUG   [poll]    <- read  st0cur     ret=0  data=['0x01', '0x02', '0x00', '0x02']
15:04:42.988  DEBUG   [poll]    -> read  st2mot    
15:04:42.992  DEBUG   [poll]    <- read  st2mot     ret=0  data=['0x00', '0x00']
15:04:42.992  DEBUG   [poll]    -> read  st0cur    
15:04:42.997  DEBUG   [poll]    <- read  st0cur     ret=0  data=['0x01', '0x02', '0x01', '0x02']
15:04:43.998  DEBUG   [poll]    -> read  st2mot    
15:04:44.001  DEBUG   [poll]    <- read  st2mot     ret=0  data=['0x00', '0x00']
15:04:44.002  DEBUG   [poll]    -> read  st0cur    
15:04:44.006  DEBUG   [poll]    <- read  st0cur     ret=0  data=['0x01', '0x02', '0x01', '0x02']
15:04:45.008  DEBUG   [poll]    -> read  st2mot    
15:04:45.011  DEBUG   [poll]    <- read  st2mot     ret=0  data=['0x00', '0x00']
15:04:45.011  DEBUG   [poll]    -> read  st0cur    
15:04:45.016  DEBUG   [poll]    <- read  st0cur     ret=0  data=['0x01', '0x02', '0x00', '0x02']
15:04:46.017  DEBUG   [poll]    -> read  st2mot    
15:04:46.021  DEBUG   [poll]    <- read  st2mot     ret=0  data=['0x00', '0x00']
15:04:46.021  DEBUG   [poll]    -> read  st0cur    
15:04:46.025  DEBUG   [poll]    <- read  st0cur     ret=0  data=['0x01', '0x02', '0x01', '0x02']
15:04:47.027  DEBUG   [poll]    -> read  st2mot    
15:04:47.030  DEBUG   [poll]    <- read  st2mot     ret=0  data=['0x00', '0x00']
15:04:47.030  DEBUG   [poll]    -> read  st0cur    
15:04:47.035  DEBUG   [poll]    <- read  st0cur     ret=0  data=['0x01', '0x02', '0x01', '0x02']
15:04:48.036  DEBUG   [poll]    -> read  st2mot    
15:04:48.039  DEBUG   [poll]    <- read  st2mot     ret=0  data=['0x00', '0x00']
15:04:48.040  DEBUG   [poll]    -> read  st0cur    
15:04:48.044  DEBUG   [poll]    <- read  st0cur     ret=0  data=['0x01', '0x02', '0x00', '0x02']
15:04:49.046  DEBUG   [poll]    -> read  st2mot    
15:04:49.049  DEBUG   [poll]    <- read  st2mot     ret=0  data=['0x00', '0x00']
15:04:49.049  DEBUG   [poll]    -> read  st0cur    
15:04:49.054  DEBUG   [poll]    <- read  st0cur     ret=0  data=['0x01', '0x02', '0x01', '0x02']
15:04:50.055  DEBUG   [poll]    -> read  st2mot    
15:04:50.059  DEBUG   [poll]    <- read  st2mot     ret=0  data=['0x00', '0x00']
15:04:50.059  DEBUG   [poll]    -> read  st0cur    
15:04:50.063  DEBUG   [poll]    <- read  st0cur     ret=0  data=['0x01', '0x02', '0x01', '0x02']
15:04:51.065  DEBUG   [poll]    -> read  st2mot    
15:04:51.068  DEBUG   [poll]    <- read  st2mot     ret=0  data=['0x00', '0x00']
15:04:51.069  DEBUG   [poll]    -> read  st0cur    
15:04:51.073  DEBUG   [poll]    <- read  st0cur     ret=0  data=['0x01', '0x02', '0x00', '0x02']
15:04:52.074  DEBUG   [poll]    -> read  st2mot    
15:04:52.078  DEBUG   [poll]    <- read  st2mot     ret=0  data=['0x00', '0x00']
15:04:52.078  DEBUG   [poll]    -> read  st0cur    
15:04:52.082  DEBUG   [poll]    <- read  st0cur     ret=0  data=['0x01', '0x02', '0x01', '0x02']
15:04:53.084  DEBUG   [poll]    -> read  st2mot    
15:04:53.087  DEBUG   [poll]    <- read  st2mot     ret=0  data=['0x00', '0x00']
15:04:53.088  DEBUG   [poll]    -> read  st0cur    
15:04:53.093  DEBUG   [poll]    <- read  st0cur     ret=0  data=['0x01', '0x02', '0x00', '0x02']
15:04:54.094  DEBUG   [poll]    -> read  st2mot    
15:04:54.098  DEBUG   [poll]    <- read  st2mot     ret=0  data=['0x00', '0x00']
15:04:54.098  DEBUG   [poll]    -> read  st0cur    
15:04:54.102  DEBUG   [poll]    <- read  st0cur     ret=0  data=['0x01', '0x02', '0x01', '0x02']
15:04:55.104  DEBUG   [poll]    -> read  st2mot    
15:04:55.107  DEBUG   [poll]    <- read  st2mot     ret=0  data=['0x00', '0x00']
15:04:55.108  DEBUG   [poll]    -> read  st0cur    
15:04:55.112  DEBUG   [poll]    <- read  st0cur     ret=0  data=['0x01', '0x02', '0x01', '0x02']
15:04:56.113  DEBUG   [poll]    -> read  st2mot    
15:04:56.117  DEBUG   [poll]    <- read  st2mot     ret=0  data=['0x00', '0x00']
15:04:56.117  DEBUG   [poll]    -> read  st0cur    
15:04:56.121  DEBUG   [poll]    <- read  st0cur     ret=0  data=['0x01', '0x02', '0x01', '0x02']
15:04:57.123  DEBUG   [poll]    -> read  st2mot    
15:04:57.126  DEBUG   [poll]    <- read  st2mot     ret=0  data=['0x00', '0x00']
15:04:57.126  DEBUG   [poll]    -> read  st0cur    
15:04:57.131  DEBUG   [poll]    <- read  st0cur     ret=0  data=['0x01', '0x02', '0x00', '0x02']
15:04:58.132  DEBUG   [poll]    -> read  st2mot    
15:04:58.136  DEBUG   [poll]    <- read  st2mot     ret=0  data=['0x00', '0x00']
15:04:58.136  DEBUG   [poll]    -> read  st0cur    
15:04:58.141  DEBUG   [poll]    <- read  st0cur     ret=0  data=['0x01', '0x02', '0x01', '0x02']
15:04:59.142  DEBUG   [poll]    -> read  st2mot    
15:04:59.145  DEBUG   [poll]    <- read  st2mot     ret=0  data=['0x00', '0x00']
15:04:59.146  DEBUG   [poll]    -> read  st0cur    
15:04:59.150  DEBUG   [poll]    <- read  st0cur     ret=0  data=['0x01', '0x02', '0x00', '0x02']
15:05:00.152  DEBUG   [poll]    -> read  st2mot    
15:05:00.155  DEBUG   [poll]    <- read  st2mot     ret=0  data=['0x00', '0x00']
15:05:00.155  DEBUG   [poll]    -> read  st0cur    
15:05:00.159  DEBUG   [poll]    <- read  st0cur     ret=0  data=['0x01', '0x02', '0x01', '0x02']
15:05:01.161  DEBUG   [poll]    -> read  st2mot    
15:05:01.164  DEBUG   [poll]    <- read  st2mot     ret=0  data=['0x00', '0x00']
15:05:01.165  DEBUG   [poll]    -> read  st0cur    
15:05:01.169  DEBUG   [poll]    <- read  st0cur     ret=0  data=['0x01', '0x02', '0x00', '0x02']
15:05:02.170  DEBUG   [poll]    -> read  st2mot    
15:05:02.174  DEBUG   [poll]    <- read  st2mot     ret=0  data=['0x00', '0x00']
15:05:02.174  DEBUG   [poll]    -> read  st0cur    
15:05:02.178  DEBUG   [poll]    <- read  st0cur     ret=0  data=['0x01', '0x02', '0x01', '0x02']
15:05:03.180  DEBUG   [poll]    -> read  st2mot    
15:05:03.183  DEBUG   [poll]    <- read  st2mot     ret=0  data=['0x00', '0x00']
15:05:03.184  DEBUG   [poll]    -> read  st0cur    
15:05:03.188  DEBUG   [poll]    <- read  st0cur     ret=0  data=['0x01', '0x02', '0x00', '0x02']
15:05:04.190  DEBUG   [poll]    -> read  st2mot    
15:05:04.193  DEBUG   [poll]    <- read  st2mot     ret=0  data=['0x00', '0x00']
15:05:04.193  DEBUG   [poll]    -> read  st0cur    
15:05:04.198  DEBUG   [poll]    <- read  st0cur     ret=0  data=['0x01', '0x02', '0x01', '0x02']
15:05:05.199  DEBUG   [poll]    -> read  st2mot    
15:05:05.202  DEBUG   [poll]    <- read  st2mot     ret=0  data=['0x00', '0x00']
15:05:05.203  DEBUG   [poll]    -> read  st0cur    
15:05:05.207  DEBUG   [poll]    <- read  st0cur     ret=0  data=['0x01', '0x02', '0x00', '0x02']
15:05:06.209  DEBUG   [poll]    -> read  st2mot    
15:05:06.212  DEBUG   [poll]    <- read  st2mot     ret=0  data=['0x00', '0x00']
15:05:06.212  DEBUG   [poll]    -> read  st0cur    
15:05:06.217  DEBUG   [poll]    <- read  st0cur     ret=0  data=['0x01', '0x02', '0x00', '0x02']
15:05:07.218  DEBUG   [poll]    -> read  st2mot    
15:05:07.222  DEBUG   [poll]    <- read  st2mot     ret=0  data=['0x00', '0x00']
15:05:07.222  DEBUG   [poll]    -> read  st0cur    
15:05:07.226  DEBUG   [poll]    <- read  st0cur     ret=0  data=['0x01', '0x02', '0x00', '0x02']
15:05:08.228  DEBUG   [poll]    -> read  st2mot    
15:05:08.231  DEBUG   [poll]    <- read  st2mot     ret=0  data=['0x00', '0x00']
15:05:08.232  DEBUG   [poll]    -> read  st0cur    
15:05:08.236  DEBUG   [poll]    <- read  st0cur     ret=0  data=['0x01', '0x02', '0x00', '0x02']
15:05:09.238  DEBUG   [poll]    -> read  st2mot    
15:05:09.241  DEBUG   [poll]    <- read  st2mot     ret=0  data=['0x00', '0x00']
15:05:09.241  DEBUG   [poll]    -> read  st0cur    
15:05:09.246  DEBUG   [poll]    <- read  st0cur     ret=0  data=['0x01', '0x02', '0x01', '0x02']
15:05:10.247  DEBUG   [poll]    -> read  st2mot    
15:05:10.250  DEBUG   [poll]    <- read  st2mot     ret=0  data=['0x00', '0x00']
15:05:10.251  DEBUG   [poll]    -> read  st0cur    
15:05:10.255  DEBUG   [poll]    <- read  st0cur     ret=0  data=['0x01', '0x02', '0x00', '0x02']
15:05:11.256  DEBUG   [poll]    -> read  st2mot    
15:05:11.260  DEBUG   [poll]    <- read  st2mot     ret=0  data=['0x00', '0x00']
15:05:11.260  DEBUG   [poll]    -> read  st0cur    
15:05:11.264  DEBUG   [poll]    <- read  st0cur     ret=0  data=['0x01', '0x02', '0x00', '0x02']
15:05:12.266  DEBUG   [poll]    -> read  st2mot    
15:05:12.269  DEBUG   [poll]    <- read  st2mot     ret=0  data=['0x00', '0x00']
15:05:12.270  DEBUG   [poll]    -> read  st0cur    
15:05:12.274  DEBUG   [poll]    <- read  st0cur     ret=0  data=['0x01', '0x02', '0x01', '0x02']
15:05:13.276  DEBUG   [poll]    -> read  st2mot    
15:05:13.279  DEBUG   [poll]    <- read  st2mot     ret=0  data=['0x00', '0x00']
15:05:13.280  DEBUG   [poll]    -> read  st0cur    
15:05:13.284  DEBUG   [poll]    <- read  st0cur     ret=0  data=['0x01', '0x02', '0x00', '0x02']
15:05:14.286  DEBUG   [poll]    -> read  st2mot    
15:05:14.289  DEBUG   [poll]    <- read  st2mot     ret=0  data=['0x00', '0x00']
15:05:14.289  DEBUG   [poll]    -> read  st0cur    
15:05:14.294  DEBUG   [poll]    <- read  st0cur     ret=0  data=['0x01', '0x02', '0x00', '0x02']
15:05:15.295  DEBUG   [poll]    -> read  st2mot    
15:05:15.298  DEBUG   [poll]    <- read  st2mot     ret=0  data=['0x00', '0x00']
15:05:15.299  DEBUG   [poll]    -> read  st0cur    
15:05:15.303  DEBUG   [poll]    <- read  st0cur     ret=0  data=['0x01', '0x02', '0x01', '0x02']
15:05:16.305  DEBUG   [poll]    -> read  st2mot    
15:05:16.308  DEBUG   [poll]    <- read  st2mot     ret=0  data=['0x00', '0x00']
15:05:16.308  DEBUG   [poll]    -> read  st0cur    
15:05:16.313  DEBUG   [poll]    <- read  st0cur     ret=0  data=['0x01', '0x02', '0x01', '0x02']
15:05:17.314  DEBUG   [poll]    -> read  st2mot    
15:05:17.318  DEBUG   [poll]    <- read  st2mot     ret=0  data=['0x00', '0x00']
15:05:17.318  DEBUG   [poll]    -> read  st0cur    
15:05:17.322  DEBUG   [poll]    <- read  st0cur     ret=0  data=['0x01', '0x02', '0x00', '0x02']
15:05:18.324  DEBUG   [poll]    -> read  st2mot    
15:05:18.327  DEBUG   [poll]    <- read  st2mot     ret=0  data=['0x00', '0x00']
15:05:18.328  DEBUG   [poll]    -> read  st0cur    
15:05:18.332  DEBUG   [poll]    <- read  st0cur     ret=0  data=['0x01', '0x02', '0x00', '0x02']
15:05:19.333  DEBUG   [poll]    -> read  st2mot    
15:05:19.337  DEBUG   [poll]    <- read  st2mot     ret=0  data=['0x00', '0x00']
15:05:19.337  DEBUG   [poll]    -> read  st0cur    
15:05:19.341  DEBUG   [poll]    <- read  st0cur     ret=0  data=['0x01', '0x02', '0x00', '0x02']
15:05:20.343  DEBUG   [poll]    -> read  st2mot    
15:05:20.346  DEBUG   [poll]    <- read  st2mot     ret=0  data=['0x00', '0x00']
15:05:20.347  DEBUG   [poll]    -> read  st0cur    
15:05:20.351  DEBUG   [poll]    <- read  st0cur     ret=0  data=['0x01', '0x02', '0x00', '0x02']
15:05:21.353  DEBUG   [poll]    -> read  st2mot    
15:05:21.356  DEBUG   [poll]    <- read  st2mot     ret=0  data=['0x00', '0x00']
15:05:21.356  DEBUG   [poll]    -> read  st0cur    
15:05:21.361  DEBUG   [poll]    <- read  st0cur     ret=0  data=['0x01', '0x02', '0x01', '0x02']
15:05:22.362  DEBUG   [poll]    -> read  st2mot    
15:05:22.365  DEBUG   [poll]    <- read  st2mot     ret=0  data=['0x00', '0x00']
15:05:22.366  DEBUG   [poll]    -> read  st0cur    
15:05:22.370  DEBUG   [poll]    <- read  st0cur     ret=0  data=['0x01', '0x02', '0x01', '0x02']
15:05:23.372  DEBUG   [poll]    -> read  st2mot    
15:05:23.375  DEBUG   [poll]    <- read  st2mot     ret=0  data=['0x00', '0x00']
15:05:23.376  DEBUG   [poll]    -> read  st0cur    
15:05:23.380  DEBUG   [poll]    <- read  st0cur     ret=0  data=['0x01', '0x02', '0x00', '0x02']
15:05:24.382  DEBUG   [poll]    -> read  st2mot    
15:05:24.385  DEBUG   [poll]    <- read  st2mot     ret=0  data=['0x00', '0x00']
15:05:24.385  DEBUG   [poll]    -> read  st0cur    
15:05:24.390  DEBUG   [poll]    <- read  st0cur     ret=0  data=['0x01', '0x02', '0x01', '0x02']
15:05:25.391  DEBUG   [poll]    -> read  st2mot    
15:05:25.395  DEBUG   [poll]    <- read  st2mot     ret=0  data=['0x00', '0x00']
15:05:25.395  DEBUG   [poll]    -> read  st0cur    
15:05:25.399  DEBUG   [poll]    <- read  st0cur     ret=0  data=['0x01', '0x02', '0x01', '0x02']
15:05:26.401  DEBUG   [poll]    -> read  st2mot    
15:05:26.404  DEBUG   [poll]    <- read  st2mot     ret=0  data=['0x00', '0x00']
15:05:26.404  DEBUG   [poll]    -> read  st0cur    
15:05:26.409  DEBUG   [poll]    <- read  st0cur     ret=0  data=['0x01', '0x02', '0x01', '0x02']
15:05:27.410  DEBUG   [poll]    -> read  st2mot    
15:05:27.414  DEBUG   [poll]    <- read  st2mot     ret=0  data=['0x00', '0x00']
15:05:27.414  DEBUG   [poll]    -> read  st0cur    
15:05:27.418  DEBUG   [poll]    <- read  st0cur     ret=0  data=['0x01', '0x02', '0x01', '0x02']
15:05:28.420  DEBUG   [poll]    -> read  st2mot    
15:05:28.423  DEBUG   [poll]    <- read  st2mot     ret=0  data=['0x00', '0x00']
15:05:28.424  DEBUG   [poll]    -> read  st0cur    
15:05:28.428  DEBUG   [poll]    <- read  st0cur     ret=0  data=['0x01', '0x02', '0x00', '0x02']
15:05:29.429  DEBUG   [poll]    -> read  st2mot    
15:05:29.433  DEBUG   [poll]    <- read  st2mot     ret=0  data=['0x00', '0x00']
15:05:29.433  DEBUG   [poll]    -> read  st0cur    
15:05:29.437  DEBUG   [poll]    <- read  st0cur     ret=0  data=['0x01', '0x02', '0x01', '0x02']
15:05:30.439  DEBUG   [poll]    -> read  st2mot    
15:05:30.442  DEBUG   [poll]    <- read  st2mot     ret=0  data=['0x00', '0x00']
15:05:30.443  DEBUG   [poll]    -> read  st0cur    
15:05:30.447  DEBUG   [poll]    <- read  st0cur     ret=0  data=['0x01', '0x02', '0x00', '0x02']
15:05:31.448  DEBUG   [poll]    -> read  st2mot    
15:05:31.452  DEBUG   [poll]    <- read  st2mot     ret=0  data=['0x00', '0x00']
15:05:31.452  DEBUG   [poll]    -> read  st0cur    
15:05:31.456  DEBUG   [poll]    <- read  st0cur     ret=0  data=['0x01', '0x02', '0x00', '0x02']
15:05:32.458  DEBUG   [poll]    -> read  st2mot    
15:05:32.461  DEBUG   [poll]    <- read  st2mot     ret=0  data=['0x00', '0x00']
15:05:32.462  DEBUG   [poll]    -> read  st0cur    
15:05:32.466  DEBUG   [poll]    <- read  st0cur     ret=0  data=['0x01', '0x02', '0x00', '0x02']
15:05:33.467  DEBUG   [poll]    -> read  st2mot    
15:05:33.471  DEBUG   [poll]    <- read  st2mot     ret=0  data=['0x00', '0x00']
15:05:33.471  DEBUG   [poll]    -> read  st0cur    
15:05:33.476  DEBUG   [poll]    <- read  st0cur     ret=0  data=['0x01', '0x02', '0x01', '0x02']
15:05:34.477  DEBUG   [poll]    -> read  st2mot    
15:05:34.481  DEBUG   [poll]    <- read  st2mot     ret=0  data=['0x00', '0x00']
15:05:34.481  DEBUG   [poll]    -> read  st0cur    
15:05:34.485  DEBUG   [poll]    <- read  st0cur     ret=0  data=['0x01', '0x02', '0x01', '0x02']
15:05:35.487  DEBUG   [poll]    -> read  st2mot    
15:05:35.490  DEBUG   [poll]    <- read  st2mot     ret=0  data=['0x00', '0x00']
15:05:35.491  DEBUG   [poll]    -> read  st0cur    
15:05:35.495  DEBUG   [poll]    <- read  st0cur     ret=0  data=['0x01', '0x02', '0x00', '0x02']
15:05:36.496  DEBUG   [poll]    -> read  st2mot    
15:05:36.500  DEBUG   [poll]    <- read  st2mot     ret=0  data=['0x00', '0x00']
15:05:36.500  DEBUG   [poll]    -> read  st0cur    
15:05:36.504  DEBUG   [poll]    <- read  st0cur     ret=0  data=['0x01', '0x02', '0x00', '0x02']
15:05:37.506  DEBUG   [poll]    -> read  st2mot    
15:05:37.509  DEBUG   [poll]    <- read  st2mot     ret=0  data=['0x00', '0x00']
15:05:37.509  DEBUG   [poll]    -> read  st0cur    
15:05:37.514  DEBUG   [poll]    <- read  st0cur     ret=0  data=['0x01', '0x02', '0x00', '0x02']
15:05:38.515  DEBUG   [poll]    -> read  st2mot    
15:05:38.519  DEBUG   [poll]    <- read  st2mot     ret=0  data=['0x00', '0x00']
15:05:38.519  DEBUG   [poll]    -> read  st0cur    
15:05:38.523  DEBUG   [poll]    <- read  st0cur     ret=0  data=['0x01', '0x02', '0x00', '0x02']
15:05:39.525  DEBUG   [poll]    -> read  st2mot    
15:05:39.528  DEBUG   [poll]    <- read  st2mot     ret=0  data=['0x00', '0x00']
15:05:39.529  DEBUG   [poll]    -> read  st0cur    
15:05:39.533  DEBUG   [poll]    <- read  st0cur     ret=0  data=['0x01', '0x02', '0x00', '0x02']
15:05:40.534  DEBUG   [poll]    -> read  st2mot    
15:05:40.538  DEBUG   [poll]    <- read  st2mot     ret=0  data=['0x00', '0x00']
15:05:40.538  DEBUG   [poll]    -> read  st0cur    
15:05:40.542  DEBUG   [poll]    <- read  st0cur     ret=0  data=['0x01', '0x02', '0x01', '0x02']
15:05:41.544  DEBUG   [poll]    -> read  st2mot    
15:05:41.547  DEBUG   [poll]    <- read  st2mot     ret=0  data=['0x00', '0x00']
15:05:41.548  DEBUG   [poll]    -> read  st0cur    
15:05:41.552  DEBUG   [poll]    <- read  st0cur     ret=0  data=['0x01', '0x02', '0x00', '0x02']
15:05:42.553  DEBUG   [poll]    -> read  st2mot    
15:05:42.557  DEBUG   [poll]    <- read  st2mot     ret=0  data=['0x00', '0x00']
15:05:42.557  DEBUG   [poll]    -> read  st0cur    
15:05:42.561  DEBUG   [poll]    <- read  st0cur     ret=0  data=['0x01', '0x02', '0x00', '0x02']
15:05:43.563  DEBUG   [poll]    -> read  st2mot    
15:05:43.566  DEBUG   [poll]    <- read  st2mot     ret=0  data=['0x00', '0x00']
15:05:43.567  DEBUG   [poll]    -> read  st0cur    
15:05:43.571  DEBUG   [poll]    <- read  st0cur     ret=0  data=['0x01', '0x02', '0x01', '0x02']
15:05:44.573  DEBUG   [poll]    -> read  st2mot    
15:05:44.576  DEBUG   [poll]    <- read  st2mot     ret=0  data=['0x00', '0x00']
15:05:44.576  DEBUG   [poll]    -> read  st0cur    
15:05:44.581  DEBUG   [poll]    <- read  st0cur     ret=0  data=['0x01', '0x02', '0x00', '0x02']
15:05:45.582  DEBUG   [poll]    -> read  st2mot    
15:05:45.586  DEBUG   [poll]    <- read  st2mot     ret=0  data=['0x00', '0x00']
15:05:45.586  DEBUG   [poll]    -> read  st0cur    
15:05:45.590  DEBUG   [poll]    <- read  st0cur     ret=0  data=['0x01', '0x02', '0x00', '0x02']
15:05:46.592  DEBUG   [poll]    -> read  st2mot    
15:05:46.595  DEBUG   [poll]    <- read  st2mot     ret=0  data=['0x00', '0x00']
15:05:46.596  DEBUG   [poll]    -> read  st0cur    
15:05:46.600  DEBUG   [poll]    <- read  st0cur     ret=0  data=['0x01', '0x02', '0x00', '0x02']
15:05:47.601  DEBUG   [poll]    -> read  st2mot    
15:05:47.605  DEBUG   [poll]    <- read  st2mot     ret=0  data=['0x00', '0x00']
15:05:47.605  DEBUG   [poll]    -> read  st0cur    
15:05:47.609  DEBUG   [poll]    <- read  st0cur     ret=0  data=['0x01', '0x02', '0x00', '0x02']
15:05:48.611  DEBUG   [poll]    -> read  st2mot    
15:05:48.614  DEBUG   [poll]    <- read  st2mot     ret=0  data=['0x00', '0x00']
15:05:48.615  DEBUG   [poll]    -> read  st0cur    
15:05:48.619  DEBUG   [poll]    <- read  st0cur     ret=0  data=['0x01', '0x02', '0x01', '0x02']
15:05:49.620  DEBUG   [poll]    -> read  st2mot    
15:05:49.624  DEBUG   [poll]    <- read  st2mot     ret=0  data=['0x00', '0x00']
15:05:49.624  DEBUG   [poll]    -> read  st0cur    
15:05:49.628  DEBUG   [poll]    <- read  st0cur     ret=0  data=['0x01', '0x02', '0x00', '0x02']
15:05:50.630  DEBUG   [poll]    -> read  st2mot    
15:05:50.633  DEBUG   [poll]    <- read  st2mot     ret=0  data=['0x00', '0x00']
15:05:50.634  DEBUG   [poll]    -> read  st0cur    
15:05:50.638  DEBUG   [poll]    <- read  st0cur     ret=0  data=['0x01', '0x02', '0x00', '0x02']
15:05:51.639  DEBUG   [poll]    -> read  st2mot    
15:05:51.643  DEBUG   [poll]    <- read  st2mot     ret=0  data=['0x00', '0x00']
15:05:51.643  DEBUG   [poll]    -> read  st0cur    
15:05:51.647  DEBUG   [poll]    <- read  st0cur     ret=0  data=['0x01', '0x02', '0x01', '0x02']
15:05:52.649  DEBUG   [poll]    -> read  st2mot    
15:05:52.652  DEBUG   [poll]    <- read  st2mot     ret=0  data=['0x00', '0x00']
15:05:52.653  DEBUG   [poll]    -> read  st0cur    
15:05:52.657  DEBUG   [poll]    <- read  st0cur     ret=0  data=['0x01', '0x02', '0x00', '0x02']
15:05:53.658  DEBUG   [poll]    -> read  st2mot    
15:05:53.662  DEBUG   [poll]    <- read  st2mot     ret=0  data=['0x00', '0x00']
15:05:53.662  DEBUG   [poll]    -> read  st0cur    
15:05:53.667  DEBUG   [poll]    <- read  st0cur     ret=0  data=['0x01', '0x02', '0x01', '0x02']
15:05:54.668  DEBUG   [poll]    -> read  st2mot    
15:05:54.672  DEBUG   [poll]    <- read  st2mot     ret=0  data=['0x00', '0x00']
15:05:54.672  DEBUG   [poll]    -> read  st0cur    
15:05:54.676  DEBUG   [poll]    <- read  st0cur     ret=0  data=['0x01', '0x02', '0x00', '0x02']
15:05:55.678  DEBUG   [poll]    -> read  st2mot    
15:05:55.681  DEBUG   [poll]    <- read  st2mot     ret=0  data=['0x00', '0x00']
15:05:55.682  DEBUG   [poll]    -> read  st0cur    
15:05:55.686  DEBUG   [poll]    <- read  st0cur     ret=0  data=['0x01', '0x02', '0x00', '0x02']
15:05:56.687  DEBUG   [poll]    -> read  st2mot    
15:05:56.691  DEBUG   [poll]    <- read  st2mot     ret=0  data=['0x00', '0x00']
15:05:56.691  DEBUG   [poll]    -> read  st0cur    
15:05:56.695  DEBUG   [poll]    <- read  st0cur     ret=0  data=['0x01', '0x02', '0x00', '0x02']
15:05:57.697  DEBUG   [poll]    -> read  st2mot    
15:05:57.700  DEBUG   [poll]    <- read  st2mot     ret=0  data=['0x00', '0x00']
15:05:57.701  DEBUG   [poll]    -> read  st0cur    
15:05:57.705  DEBUG   [poll]    <- read  st0cur     ret=0  data=['0x01', '0x02', '0x00', '0x02']
15:05:58.706  DEBUG   [poll]    -> read  st2mot    
15:05:58.710  DEBUG   [poll]    <- read  st2mot     ret=0  data=['0x00', '0x00']
15:05:58.710  DEBUG   [poll]    -> read  st0cur    
15:05:58.715  DEBUG   [poll]    <- read  st0cur     ret=0  data=['0x01', '0x02', '0x00', '0x02']
15:05:59.716  DEBUG   [poll]    -> read  st2mot    
15:05:59.719  DEBUG   [poll]    <- read  st2mot     ret=0  data=['0x00', '0x00']
15:05:59.720  DEBUG   [poll]    -> read  st0cur    
15:05:59.724  DEBUG   [poll]    <- read  st0cur     ret=0  data=['0x01', '0x02', '0x01', '0x02']
15:06:00.725  DEBUG   [poll]    -> read  st2mot    
15:06:00.729  DEBUG   [poll]    <- read  st2mot     ret=0  data=['0x00', '0x00']
15:06:00.729  DEBUG   [poll]    -> read  st0cur    
15:06:00.733  DEBUG   [poll]    <- read  st0cur     ret=0  data=['0x01', '0x02', '0x00', '0x02']
15:06:01.735  DEBUG   [poll]    -> read  st2mot    
15:06:01.739  DEBUG   [poll]    <- read  st2mot     ret=0  data=['0x00', '0x00']
15:06:01.739  DEBUG   [poll]    -> read  st0cur    
15:06:01.743  DEBUG   [poll]    <- read  st0cur     ret=0  data=['0x01', '0x02', '0x00', '0x02']
15:06:02.745  DEBUG   [poll]    -> read  st2mot    
15:06:02.748  DEBUG   [poll]    <- read  st2mot     ret=0  data=['0x00', '0x00']
15:06:02.749  DEBUG   [poll]    -> read  st0cur    
15:06:02.753  DEBUG   [poll]    <- read  st0cur     ret=0  data=['0x01', '0x02', '0x00', '0x02']
15:06:03.754  DEBUG   [poll]    -> read  st2mot    
15:06:03.758  DEBUG   [poll]    <- read  st2mot     ret=0  data=['0x00', '0x00']
15:06:03.759  DEBUG   [poll]    -> read  st0cur    
15:06:03.763  DEBUG   [poll]    <- read  st0cur     ret=0  data=['0x01', '0x02', '0x00', '0x02']
15:06:04.765  DEBUG   [poll]    -> read  st2mot    
15:06:04.768  DEBUG   [poll]    <- read  st2mot     ret=0  data=['0x00', '0x00']
15:06:04.768  DEBUG   [poll]    -> read  st0cur    
15:06:04.773  DEBUG   [poll]    <- read  st0cur     ret=0  data=['0x01', '0x02', '0x00', '0x02']
15:06:05.774  DEBUG   [poll]    -> read  st2mot    
15:06:05.778  DEBUG   [poll]    <- read  st2mot     ret=0  data=['0x00', '0x00']
15:06:05.778  DEBUG   [poll]    -> read  st0cur    
15:06:05.782  DEBUG   [poll]    <- read  st0cur     ret=0  data=['0x01', '0x02', '0x01', '0x02']
15:06:06.784  DEBUG   [poll]    -> read  st2mot    
15:06:06.787  DEBUG   [poll]    <- read  st2mot     ret=0  data=['0x00', '0x00']
15:06:06.788  DEBUG   [poll]    -> read  st0cur    
15:06:06.792  DEBUG   [poll]    <- read  st0cur     ret=0  data=['0x01', '0x02', '0x01', '0x02']
15:06:07.794  DEBUG   [poll]    -> read  st2mot    
15:06:07.797  DEBUG   [poll]    <- read  st2mot     ret=0  data=['0x00', '0x00']
15:06:07.797  DEBUG   [poll]    -> read  st0cur    
15:06:07.802  DEBUG   [poll]    <- read  st0cur     ret=0  data=['0x01', '0x02', '0x01', '0x02']
15:06:08.803  DEBUG   [poll]    -> read  st2mot    
15:06:08.807  DEBUG   [poll]    <- read  st2mot     ret=0  data=['0x00', '0x00']
15:06:08.807  DEBUG   [poll]    -> read  st0cur    
15:06:08.811  DEBUG   [poll]    <- read  st0cur     ret=0  data=['0x01', '0x02', '0x01', '0x02']
15:06:09.813  DEBUG   [poll]    -> read  st2mot    
15:06:09.816  DEBUG   [poll]    <- read  st2mot     ret=0  data=['0x00', '0x00']
15:06:09.817  DEBUG   [poll]    -> read  st0cur    
15:06:09.822  DEBUG   [poll]    <- read  st0cur     ret=0  data=['0x01', '0x02', '0x01', '0x02']
15:06:10.823  DEBUG   [poll]    -> read  st2mot    
15:06:10.827  DEBUG   [poll]    <- read  st2mot     ret=0  data=['0x00', '0x00']
15:06:10.827  DEBUG   [poll]    -> read  st0cur    
15:06:10.831  DEBUG   [poll]    <- read  st0cur     ret=0  data=['0x01', '0x02', '0x00', '0x02']
15:06:11.833  DEBUG   [poll]    -> read  st2mot    
15:06:11.836  DEBUG   [poll]    <- read  st2mot     ret=0  data=['0x00', '0x00']
15:06:11.837  DEBUG   [poll]    -> read  st0cur    
15:06:11.841  DEBUG   [poll]    <- read  st0cur     ret=0  data=['0x01', '0x02', '0x00', '0x02']
15:06:12.842  DEBUG   [poll]    -> read  st2mot    
15:06:12.846  DEBUG   [poll]    <- read  st2mot     ret=0  data=['0x00', '0x00']
15:06:12.846  DEBUG   [poll]    -> read  st0cur    
15:06:12.851  DEBUG   [poll]    <- read  st0cur     ret=0  data=['0x01', '0x02', '0x00', '0x02']
15:06:13.852  DEBUG   [poll]    -> read  st2mot    
15:06:13.856  DEBUG   [poll]    <- read  st2mot     ret=0  data=['0x00', '0x00']
15:06:13.857  DEBUG   [poll]    -> read  st0cur    
15:06:13.861  DEBUG   [poll]    <- read  st0cur     ret=0  data=['0x01', '0x02', '0x00', '0x02']
15:06:14.862  DEBUG   [poll]    -> read  st2mot    
15:06:14.866  DEBUG   [poll]    <- read  st2mot     ret=0  data=['0x00', '0x00']
15:06:14.866  DEBUG   [poll]    -> read  st0cur    
15:06:14.871  DEBUG   [poll]    <- read  st0cur     ret=0  data=['0x01', '0x02', '0x00', '0x02']
15:06:15.872  DEBUG   [poll]    -> read  st2mot    
15:06:15.875  DEBUG   [poll]    <- read  st2mot     ret=0  data=['0x00', '0x00']
15:06:15.876  DEBUG   [poll]    -> read  st0cur    
15:06:15.880  DEBUG   [poll]    <- read  st0cur     ret=0  data=['0x01', '0x02', '0x01', '0x02']
15:06:16.882  DEBUG   [poll]    -> read  st2mot    
15:06:16.885  DEBUG   [poll]    <- read  st2mot     ret=0  data=['0x00', '0x00']
15:06:16.885  DEBUG   [poll]    -> read  st0cur    
15:06:16.890  DEBUG   [poll]    <- read  st0cur     ret=0  data=['0x01', '0x02', '0x01', '0x02']
15:06:17.891  DEBUG   [poll]    -> read  st2mot    
15:06:17.894  DEBUG   [poll]    <- read  st2mot     ret=0  data=['0x00', '0x00']
15:06:17.895  DEBUG   [poll]    -> read  st0cur    
15:06:17.899  DEBUG   [poll]    <- read  st0cur     ret=0  data=['0x01', '0x02', '0x01', '0x02']
15:06:18.900  DEBUG   [poll]    -> read  st2mot    
15:06:18.904  DEBUG   [poll]    <- read  st2mot     ret=0  data=['0x00', '0x00']
15:06:18.904  DEBUG   [poll]    -> read  st0cur    
15:06:18.909  DEBUG   [poll]    <- read  st0cur     ret=0  data=['0x01', '0x02', '0x00', '0x02']
15:06:19.910  DEBUG   [poll]    -> read  st2mot    
15:06:19.913  DEBUG   [poll]    <- read  st2mot     ret=0  data=['0x00', '0x00']
15:06:19.914  DEBUG   [poll]    -> read  st0cur    
15:06:19.918  DEBUG   [poll]    <- read  st0cur     ret=0  data=['0x01', '0x02', '0x00', '0x02']
15:06:20.920  DEBUG   [poll]    -> read  st2mot    
15:06:20.923  DEBUG   [poll]    <- read  st2mot     ret=0  data=['0x00', '0x00']
15:06:20.923  DEBUG   [poll]    -> read  st0cur    
15:06:20.928  DEBUG   [poll]    <- read  st0cur     ret=0  data=['0x01', '0x02', '0x01', '0x02']
15:06:21.929  DEBUG   [poll]    -> read  st2mot    
15:06:21.933  DEBUG   [poll]    <- read  st2mot     ret=0  data=['0x00', '0x00']
15:06:21.933  DEBUG   [poll]    -> read  st0cur    
15:06:21.937  DEBUG   [poll]    <- read  st0cur     ret=0  data=['0x01', '0x02', '0x00', '0x02']
15:06:22.939  DEBUG   [poll]    -> read  st2mot    
15:06:22.942  DEBUG   [poll]    <- read  st2mot     ret=0  data=['0x00', '0x00']
15:06:22.942  DEBUG   [poll]    -> read  st0cur    
15:06:22.947  DEBUG   [poll]    <- read  st0cur     ret=0  data=['0x01', '0x02', '0x00', '0x02']
15:06:23.948  DEBUG   [poll]    -> read  st2mot    
15:06:23.951  DEBUG   [poll]    <- read  st2mot     ret=0  data=['0x00', '0x00']
15:06:23.952  DEBUG   [poll]    -> read  st0cur    
15:06:23.956  DEBUG   [poll]    <- read  st0cur     ret=0  data=['0x01', '0x02', '0x00', '0x02']
15:06:24.958  DEBUG   [poll]    -> read  st2mot    
15:06:24.961  DEBUG   [poll]    <- read  st2mot     ret=0  data=['0x00', '0x00']
15:06:24.962  DEBUG   [poll]    -> read  st0cur    
15:06:24.966  DEBUG   [poll]    <- read  st0cur     ret=0  data=['0x01', '0x02', '0x00', '0x02']
15:06:25.967  DEBUG   [poll]    -> read  st2mot    
15:06:25.971  DEBUG   [poll]    <- read  st2mot     ret=0  data=['0x00', '0x00']
15:06:25.971  DEBUG   [poll]    -> read  st0cur    
15:06:25.975  DEBUG   [poll]    <- read  st0cur     ret=0  data=['0x01', '0x02', '0x00', '0x02']
15:06:26.977  DEBUG   [poll]    -> read  st2mot    
15:06:26.980  DEBUG   [poll]    <- read  st2mot     ret=0  data=['0x00', '0x00']
15:06:26.981  DEBUG   [poll]    -> read  st0cur    
15:06:26.985  DEBUG   [poll]    <- read  st0cur     ret=0  data=['0x01', '0x02', '0x00', '0x02']
15:06:27.986  DEBUG   [poll]    -> read  st2mot    
15:06:27.990  DEBUG   [poll]    <- read  st2mot     ret=0  data=['0x00', '0x00']
15:06:27.990  DEBUG   [poll]    -> read  st0cur    
15:06:27.994  DEBUG   [poll]    <- read  st0cur     ret=0  data=['0x01', '0x02', '0x00', '0x02']
15:06:28.996  DEBUG   [poll]    -> read  st2mot    
15:06:28.999  DEBUG   [poll]    <- read  st2mot     ret=0  data=['0x00', '0x00']
15:06:28.999  DEBUG   [poll]    -> read  st0cur    
15:06:29.004  DEBUG   [poll]    <- read  st0cur     ret=0  data=['0x01', '0x02', '0x00', '0x02']
15:06:30.005  DEBUG   [poll]    -> read  st2mot    
15:06:30.009  DEBUG   [poll]    <- read  st2mot     ret=0  data=['0x00', '0x00']
15:06:30.009  DEBUG   [poll]    -> read  st0cur    
15:06:30.013  DEBUG   [poll]    <- read  st0cur     ret=0  data=['0x01', '0x02', '0x00', '0x02']
15:06:31.015  DEBUG   [poll]    -> read  st2mot    
15:06:31.018  DEBUG   [poll]    <- read  st2mot     ret=0  data=['0x00', '0x00']
15:06:31.019  DEBUG   [poll]    -> read  st0cur    
15:06:31.023  DEBUG   [poll]    <- read  st0cur     ret=0  data=['0x01', '0x02', '0x00', '0x02']
15:06:32.024  DEBUG   [poll]    -> read  st2mot    
15:06:32.028  DEBUG   [poll]    <- read  st2mot     ret=0  data=['0x00', '0x00']
15:06:32.028  DEBUG   [poll]    -> read  st0cur    
15:06:32.032  DEBUG   [poll]    <- read  st0cur     ret=0  data=['0x01', '0x02', '0x00', '0x02']
15:06:33.034  DEBUG   [poll]    -> read  st2mot    
15:06:33.037  DEBUG   [poll]    <- read  st2mot     ret=0  data=['0x00', '0x00']
15:06:33.038  DEBUG   [poll]    -> read  st0cur    
15:06:33.042  DEBUG   [poll]    <- read  st0cur     ret=0  data=['0x01', '0x02', '0x01', '0x02']
15:06:34.043  DEBUG   [poll]    -> read  st2mot    
15:06:34.047  DEBUG   [poll]    <- read  st2mot     ret=0  data=['0x00', '0x00']
15:06:34.047  DEBUG   [poll]    -> read  st0cur    
15:06:34.051  DEBUG   [poll]    <- read  st0cur     ret=0  data=['0x01', '0x02', '0x01', '0x02']
15:06:35.053  DEBUG   [poll]    -> read  st2mot    
15:06:35.056  DEBUG   [poll]    <- read  st2mot     ret=0  data=['0x00', '0x00']
15:06:35.057  DEBUG   [poll]    -> read  st0cur    
15:06:35.061  DEBUG   [poll]    <- read  st0cur     ret=0  data=['0x01', '0x02', '0x00', '0x02']
15:06:36.062  DEBUG   [poll]    -> read  st2mot    
15:06:36.066  DEBUG   [poll]    <- read  st2mot     ret=0  data=['0x00', '0x00']
15:06:36.066  DEBUG   [poll]    -> read  st0cur    
15:06:36.070  DEBUG   [poll]    <- read  st0cur     ret=0  data=['0x01', '0x02', '0x00', '0x02']
15:06:37.072  DEBUG   [poll]    -> read  st2mot    
15:06:37.075  DEBUG   [poll]    <- read  st2mot     ret=0  data=['0x00', '0x00']
15:06:37.076  DEBUG   [poll]    -> read  st0cur    
15:06:37.080  DEBUG   [poll]    <- read  st0cur     ret=0  data=['0x01', '0x02', '0x00', '0x02']
15:06:38.081  DEBUG   [poll]    -> read  st2mot    
15:06:38.085  DEBUG   [poll]    <- read  st2mot     ret=0  data=['0x00', '0x00']
15:06:38.085  DEBUG   [poll]    -> read  st0cur    
15:06:38.089  DEBUG   [poll]    <- read  st0cur     ret=0  data=['0x01', '0x02', '0x00', '0x02']
15:06:39.091  DEBUG   [poll]    -> read  st2mot    
15:06:39.094  DEBUG   [poll]    <- read  st2mot     ret=0  data=['0x00', '0x00']
15:06:39.094  DEBUG   [poll]    -> read  st0cur    
15:06:39.099  DEBUG   [poll]    <- read  st0cur     ret=0  data=['0x01', '0x02', '0x00', '0x02']
15:06:40.100  DEBUG   [poll]    -> read  st2mot    
15:06:40.104  DEBUG   [poll]    <- read  st2mot     ret=0  data=['0x00', '0x00']
15:06:40.104  DEBUG   [poll]    -> read  st0cur    
15:06:40.108  DEBUG   [poll]    <- read  st0cur     ret=0  data=['0x01', '0x02', '0x00', '0x02']
15:06:41.110  DEBUG   [poll]    -> read  st2mot    
15:06:41.113  DEBUG   [poll]    <- read  st2mot     ret=0  data=['0x00', '0x00']
15:06:41.114  DEBUG   [poll]    -> read  st0cur    
15:06:41.118  DEBUG   [poll]    <- read  st0cur     ret=0  data=['0x01', '0x02', '0x01', '0x02']
15:06:42.119  DEBUG   [poll]    -> read  st2mot    
15:06:42.123  DEBUG   [poll]    <- read  st2mot     ret=0  data=['0x00', '0x00']
15:06:42.123  DEBUG   [poll]    -> read  st0cur    
15:06:42.127  DEBUG   [poll]    <- read  st0cur     ret=0  data=['0x01', '0x02', '0x01', '0x02']
15:06:43.129  DEBUG   [poll]    -> read  st2mot    
15:06:43.132  DEBUG   [poll]    <- read  st2mot     ret=0  data=['0x00', '0x00']
15:06:43.133  DEBUG   [poll]    -> read  st0cur    
15:06:43.137  DEBUG   [poll]    <- read  st0cur     ret=0  data=['0x01', '0x02', '0x00', '0x02']
15:06:44.138  DEBUG   [poll]    -> read  st2mot    
15:06:44.142  DEBUG   [poll]    <- read  st2mot     ret=0  data=['0x00', '0x00']
15:06:44.142  DEBUG   [poll]    -> read  st0cur    
15:06:44.146  DEBUG   [poll]    <- read  st0cur     ret=0  data=['0x01', '0x02', '0x00', '0x02']
15:06:45.148  DEBUG   [poll]    -> read  st2mot    
15:06:45.151  DEBUG   [poll]    <- read  st2mot     ret=0  data=['0x00', '0x00']
15:06:45.152  DEBUG   [poll]    -> read  st0cur    
15:06:45.156  DEBUG   [poll]    <- read  st0cur     ret=0  data=['0x01', '0x02', '0x00', '0x02']
15:06:46.158  DEBUG   [poll]    -> read  st2mot    
15:06:46.161  DEBUG   [poll]    <- read  st2mot     ret=0  data=['0x00', '0x00']
15:06:46.161  DEBUG   [poll]    -> read  st0cur    
15:06:46.166  DEBUG   [poll]    <- read  st0cur     ret=0  data=['0x01', '0x02', '0x01', '0x02']
15:06:47.167  DEBUG   [poll]    -> read  st2mot    
15:06:47.171  DEBUG   [poll]    <- read  st2mot     ret=0  data=['0x00', '0x00']
15:06:47.171  DEBUG   [poll]    -> read  st0cur    
15:06:47.175  DEBUG   [poll]    <- read  st0cur     ret=0  data=['0x01', '0x02', '0x01', '0x02']
15:06:48.177  DEBUG   [poll]    -> read  st2mot    
15:06:48.180  DEBUG   [poll]    <- read  st2mot     ret=0  data=['0x00', '0x00']
15:06:48.180  DEBUG   [poll]    -> read  st0cur    
15:06:48.185  DEBUG   [poll]    <- read  st0cur     ret=0  data=['0x01', '0x02', '0x00', '0x02']
15:06:49.186  DEBUG   [poll]    -> read  st2mot    
15:06:49.189  DEBUG   [poll]    <- read  st2mot     ret=0  data=['0x00', '0x00']
15:06:49.190  DEBUG   [poll]    -> read  st0cur    
15:06:49.194  DEBUG   [poll]    <- read  st0cur     ret=0  data=['0x01', '0x02', '0x01', '0x02']
15:06:50.195  DEBUG   [poll]    -> read  st2mot    
15:06:50.199  DEBUG   [poll]    <- read  st2mot     ret=0  data=['0x00', '0x00']
15:06:50.199  DEBUG   [poll]    -> read  st0cur    
15:06:50.204  DEBUG   [poll]    <- read  st0cur     ret=0  data=['0x01', '0x02', '0x01', '0x02']
15:06:51.205  DEBUG   [poll]    -> read  st2mot    
15:06:51.209  DEBUG   [poll]    <- read  st2mot     ret=0  data=['0x00', '0x00']
15:06:51.209  DEBUG   [poll]    -> read  st0cur    
15:06:51.213  DEBUG   [poll]    <- read  st0cur     ret=0  data=['0x01', '0x02', '0x00', '0x02']
15:06:52.215  DEBUG   [poll]    -> read  st2mot    
15:06:52.218  DEBUG   [poll]    <- read  st2mot     ret=0  data=['0x00', '0x00']
15:06:52.218  DEBUG   [poll]    -> read  st0cur    
15:06:52.223  DEBUG   [poll]    <- read  st0cur     ret=0  data=['0x01', '0x02', '0x00', '0x02']
15:06:53.224  DEBUG   [poll]    -> read  st2mot    
15:06:53.228  DEBUG   [poll]    <- read  st2mot     ret=0  data=['0x00', '0x00']
15:06:53.228  DEBUG   [poll]    -> read  st0cur    
15:06:53.232  DEBUG   [poll]    <- read  st0cur     ret=0  data=['0x01', '0x02', '0x00', '0x02']
15:06:54.234  DEBUG   [poll]    -> read  st2mot    
15:06:54.237  DEBUG   [poll]    <- read  st2mot     ret=0  data=['0x00', '0x00']
15:06:54.237  DEBUG   [poll]    -> read  st0cur    
15:06:54.242  DEBUG   [poll]    <- read  st0cur     ret=0  data=['0x01', '0x02', '0x00', '0x02']
15:06:55.243  DEBUG   [poll]    -> read  st2mot    
15:06:55.247  DEBUG   [poll]    <- read  st2mot     ret=0  data=['0x00', '0x00']
15:06:55.247  DEBUG   [poll]    -> read  st0cur    
15:06:55.251  DEBUG   [poll]    <- read  st0cur     ret=0  data=['0x01', '0x02', '0x00', '0x02']
15:06:56.253  DEBUG   [poll]    -> read  st2mot    
15:06:56.256  DEBUG   [poll]    <- read  st2mot     ret=0  data=['0x00', '0x00']
15:06:56.257  DEBUG   [poll]    -> read  st0cur    
15:06:56.261  DEBUG   [poll]    <- read  st0cur     ret=0  data=['0x01', '0x02', '0x01', '0x02']
15:06:57.262  DEBUG   [poll]    -> read  st2mot    
15:06:57.266  DEBUG   [poll]    <- read  st2mot     ret=0  data=['0x00', '0x00']
15:06:57.266  DEBUG   [poll]    -> read  st0cur    
15:06:57.270  DEBUG   [poll]    <- read  st0cur     ret=0  data=['0x01', '0x02', '0x00', '0x02']
15:06:58.272  DEBUG   [poll]    -> read  st2mot    
15:06:58.275  DEBUG   [poll]    <- read  st2mot     ret=0  data=['0x00', '0x00']
15:06:58.276  DEBUG   [poll]    -> read  st0cur    
15:06:58.280  DEBUG   [poll]    <- read  st0cur     ret=0  data=['0x01', '0x02', '0x01', '0x02']
15:06:59.281  DEBUG   [poll]    -> read  st2mot    
15:06:59.285  DEBUG   [poll]    <- read  st2mot     ret=0  data=['0x00', '0x00']
15:06:59.285  DEBUG   [poll]    -> read  st0cur    
15:06:59.289  DEBUG   [poll]    <- read  st0cur     ret=0  data=['0x01', '0x02', '0x01', '0x02']
15:07:00.291  DEBUG   [poll]    -> read  st2mot    
15:07:00.294  DEBUG   [poll]    <- read  st2mot     ret=0  data=['0x00', '0x00']
15:07:00.295  DEBUG   [poll]    -> read  st0cur    
15:07:00.299  DEBUG   [poll]    <- read  st0cur     ret=0  data=['0x01', '0x02', '0x00', '0x02']
15:07:01.301  DEBUG   [poll]    -> read  st2mot    
15:07:01.304  DEBUG   [poll]    <- read  st2mot     ret=0  data=['0x00', '0x00']
15:07:01.305  DEBUG   [poll]    -> read  st0cur    
15:07:01.309  DEBUG   [poll]    <- read  st0cur     ret=0  data=['0x01', '0x02', '0x01', '0x02']
15:07:02.310  DEBUG   [poll]    -> read  st2mot    
15:07:02.314  DEBUG   [poll]    <- read  st2mot     ret=0  data=['0x00', '0x00']
15:07:02.314  DEBUG   [poll]    -> read  st0cur    
15:07:02.318  DEBUG   [poll]    <- read  st0cur     ret=0  data=['0x01', '0x02', '0x01', '0x02']
15:07:03.320  DEBUG   [poll]    -> read  st2mot    
15:07:03.323  DEBUG   [poll]    <- read  st2mot     ret=0  data=['0x00', '0x00']
15:07:03.324  DEBUG   [poll]    -> read  st0cur    
15:07:03.328  DEBUG   [poll]    <- read  st0cur     ret=0  data=['0x01', '0x02', '0x00', '0x02']
15:07:04.330  DEBUG   [poll]    -> read  st2mot    
15:07:04.333  DEBUG   [poll]    <- read  st2mot     ret=0  data=['0x00', '0x00']
15:07:04.333  DEBUG   [poll]    -> read  st0cur    
15:07:04.338  DEBUG   [poll]    <- read  st0cur     ret=0  data=['0x01', '0x02', '0x01', '0x02']
15:07:05.339  DEBUG   [poll]    -> read  st2mot    
15:07:05.343  DEBUG   [poll]    <- read  st2mot     ret=0  data=['0x00', '0x00']
15:07:05.343  DEBUG   [poll]    -> read  st0cur    
15:07:05.347  DEBUG   [poll]    <- read  st0cur     ret=0  data=['0x01', '0x02', '0x00', '0x02']
15:07:06.349  DEBUG   [poll]    -> read  st2mot    
15:07:06.352  DEBUG   [poll]    <- read  st2mot     ret=0  data=['0x00', '0x00']
15:07:06.353  DEBUG   [poll]    -> read  st0cur    
15:07:06.357  DEBUG   [poll]    <- read  st0cur     ret=0  data=['0x01', '0x02', '0x00', '0x02']
15:07:07.358  DEBUG   [poll]    -> read  st2mot    
15:07:07.362  DEBUG   [poll]    <- read  st2mot     ret=0  data=['0x00', '0x00']
15:07:07.362  DEBUG   [poll]    -> read  st0cur    
15:07:07.366  DEBUG   [poll]    <- read  st0cur     ret=0  data=['0x01', '0x02', '0x01', '0x02']
15:07:08.368  DEBUG   [poll]    -> read  st2mot    
15:07:08.371  DEBUG   [poll]    <- read  st2mot     ret=0  data=['0x00', '0x00']
15:07:08.371  DEBUG   [poll]    -> read  st0cur    
15:07:08.376  DEBUG   [poll]    <- read  st0cur     ret=0  data=['0x01', '0x02', '0x01', '0x02']
15:07:09.377  DEBUG   [poll]    -> read  st2mot    
15:07:09.381  DEBUG   [poll]    <- read  st2mot     ret=0  data=['0x00', '0x00']
15:07:09.381  DEBUG   [poll]    -> read  st0cur    
15:07:09.385  DEBUG   [poll]    <- read  st0cur     ret=0  data=['0x01', '0x02', '0x00', '0x02']
15:07:10.387  DEBUG   [poll]    -> read  st2mot    
15:07:10.390  DEBUG   [poll]    <- read  st2mot     ret=0  data=['0x00', '0x00']
15:07:10.391  DEBUG   [poll]    -> read  st0cur    
15:07:10.395  DEBUG   [poll]    <- read  st0cur     ret=0  data=['0x01', '0x02', '0x00', '0x02']
15:07:11.396  DEBUG   [poll]    -> read  st2mot    
15:07:11.400  DEBUG   [poll]    <- read  st2mot     ret=0  data=['0x00', '0x00']
15:07:11.400  DEBUG   [poll]    -> read  st0cur    
15:07:11.404  DEBUG   [poll]    <- read  st0cur     ret=0  data=['0x01', '0x02', '0x00', '0x02']
15:07:12.406  DEBUG   [poll]    -> read  st2mot    
15:07:12.409  DEBUG   [poll]    <- read  st2mot     ret=0  data=['0x00', '0x00']
15:07:12.410  DEBUG   [poll]    -> read  st0cur    
15:07:12.414  DEBUG   [poll]    <- read  st0cur     ret=0  data=['0x01', '0x02', '0x00', '0x02']
15:07:13.415  DEBUG   [poll]    -> read  st2mot    
15:07:13.419  DEBUG   [poll]    <- read  st2mot     ret=0  data=['0x00', '0x00']
15:07:13.419  DEBUG   [poll]    -> read  st0cur    
15:07:13.423  DEBUG   [poll]    <- read  st0cur     ret=0  data=['0x01', '0x02', '0x01', '0x02']
15:07:14.425  DEBUG   [poll]    -> read  st2mot    
15:07:14.428  DEBUG   [poll]    <- read  st2mot     ret=0  data=['0x00', '0x00']
15:07:14.429  DEBUG   [poll]    -> read  st0cur    
15:07:14.433  DEBUG   [poll]    <- read  st0cur     ret=0  data=['0x01', '0x02', '0x00', '0x02']
15:07:15.435  DEBUG   [poll]    -> read  st2mot    
15:07:15.438  DEBUG   [poll]    <- read  st2mot     ret=0  data=['0x00', '0x00']
15:07:15.439  DEBUG   [poll]    -> read  st0cur    
15:07:15.443  DEBUG   [poll]    <- read  st0cur     ret=0  data=['0x01', '0x02', '0x01', '0x02']
15:07:16.444  DEBUG   [poll]    -> read  st2mot    
15:07:16.448  DEBUG   [poll]    <- read  st2mot     ret=0  data=['0x00', '0x00']
15:07:16.448  DEBUG   [poll]    -> read  st0cur    
15:07:16.453  DEBUG   [poll]    <- read  st0cur     ret=0  data=['0x01', '0x02', '0x00', '0x02']
15:07:17.454  DEBUG   [poll]    -> read  st2mot    
15:07:17.457  DEBUG   [poll]    <- read  st2mot     ret=0  data=['0x00', '0x00']
15:07:17.458  DEBUG   [poll]    -> read  st0cur    
15:07:17.462  DEBUG   [poll]    <- read  st0cur     ret=0  data=['0x01', '0x02', '0x01', '0x02']
15:07:18.463  DEBUG   [poll]    -> read  st2mot    
15:07:18.467  DEBUG   [poll]    <- read  st2mot     ret=0  data=['0x00', '0x00']
15:07:18.467  DEBUG   [poll]    -> read  st0cur    
15:07:18.471  DEBUG   [poll]    <- read  st0cur     ret=0  data=['0x01', '0x02', '0x01', '0x02']
15:07:19.473  DEBUG   [poll]    -> read  st2mot    
15:07:19.476  DEBUG   [poll]    <- read  st2mot     ret=0  data=['0x00', '0x00']
15:07:19.477  DEBUG   [poll]    -> read  st0cur    
15:07:19.481  DEBUG   [poll]    <- read  st0cur     ret=0  data=['0x01', '0x02', '0x01', '0x02']
15:07:20.482  DEBUG   [poll]    -> read  st2mot    
15:07:20.486  DEBUG   [poll]    <- read  st2mot     ret=0  data=['0x00', '0x00']
15:07:20.486  DEBUG   [poll]    -> read  st0cur    
15:07:20.491  DEBUG   [poll]    <- read  st0cur     ret=0  data=['0x01', '0x02', '0x00', '0x02']
15:07:21.492  DEBUG   [poll]    -> read  st2mot    
15:07:21.495  DEBUG   [poll]    <- read  st2mot     ret=0  data=['0x00', '0x00']
15:07:21.496  DEBUG   [poll]    -> read  st0cur    
15:07:21.500  DEBUG   [poll]    <- read  st0cur     ret=0  data=['0x01', '0x02', '0x01', '0x02']
15:07:22.501  DEBUG   [poll]    -> read  st2mot    
15:07:22.505  DEBUG   [poll]    <- read  st2mot     ret=0  data=['0x00', '0x00']
15:07:22.505  DEBUG   [poll]    -> read  st0cur    
15:07:22.509  DEBUG   [poll]    <- read  st0cur     ret=0  data=['0x01', '0x02', '0x00', '0x02']
15:07:23.511  DEBUG   [poll]    -> read  st2mot    
15:07:23.514  DEBUG   [poll]    <- read  st2mot     ret=0  data=['0x00', '0x00']
15:07:23.515  DEBUG   [poll]    -> read  st0cur    
15:07:23.519  DEBUG   [poll]    <- read  st0cur     ret=0  data=['0x01', '0x02', '0x01', '0x02']
15:07:24.520  DEBUG   [poll]    -> read  st2mot    
15:07:24.524  DEBUG   [poll]    <- read  st2mot     ret=0  data=['0x00', '0x00']
15:07:24.524  DEBUG   [poll]    -> read  st0cur    
15:07:24.528  DEBUG   [poll]    <- read  st0cur     ret=0  data=['0x01', '0x02', '0x00', '0x02']
15:07:25.530  DEBUG   [poll]    -> read  st2mot    
15:07:25.533  DEBUG   [poll]    <- read  st2mot     ret=0  data=['0x00', '0x00']
15:07:25.534  DEBUG   [poll]    -> read  st0cur    
15:07:25.538  DEBUG   [poll]    <- read  st0cur     ret=0  data=['0x01', '0x02', '0x01', '0x02']
15:07:26.540  DEBUG   [poll]    -> read  st2mot    
15:07:26.543  DEBUG   [poll]    <- read  st2mot     ret=0  data=['0x00', '0x00']
15:07:26.543  DEBUG   [poll]    -> read  st0cur    
15:07:26.548  DEBUG   [poll]    <- read  st0cur     ret=0  data=['0x01', '0x02', '0x00', '0x02']
15:07:27.549  DEBUG   [poll]    -> read  st2mot    
15:07:27.553  DEBUG   [poll]    <- read  st2mot     ret=0  data=['0x00', '0x00']
15:07:27.553  DEBUG   [poll]    -> read  st0cur    
15:07:27.557  DEBUG   [poll]    <- read  st0cur     ret=0  data=['0x01', '0x02', '0x01', '0x02']
15:07:28.559  DEBUG   [poll]    -> read  st2mot    
15:07:28.562  DEBUG   [poll]    <- read  st2mot     ret=0  data=['0x00', '0x00']
15:07:28.562  DEBUG   [poll]    -> read  st0cur    
15:07:28.567  DEBUG   [poll]    <- read  st0cur     ret=0  data=['0x01', '0x02', '0x00', '0x02']
15:07:29.568  DEBUG   [poll]    -> read  st2mot    
15:07:29.571  DEBUG   [poll]    <- read  st2mot     ret=0  data=['0x00', '0x00']
15:07:29.572  DEBUG   [poll]    -> read  st0cur    
15:07:29.576  DEBUG   [poll]    <- read  st0cur     ret=0  data=['0x01', '0x02', '0x00', '0x02']
15:07:30.577  DEBUG   [poll]    -> read  st2mot    
15:07:30.581  DEBUG   [poll]    <- read  st2mot     ret=0  data=['0x00', '0x00']
15:07:30.581  DEBUG   [poll]    -> read  st0cur    
15:07:30.586  DEBUG   [poll]    <- read  st0cur     ret=0  data=['0x01', '0x02', '0x00', '0x02']
15:07:31.587  DEBUG   [poll]    -> read  st2mot    
15:07:31.591  DEBUG   [poll]    <- read  st2mot     ret=0  data=['0x00', '0x00']
15:07:31.591  DEBUG   [poll]    -> read  st0cur    
15:07:31.595  DEBUG   [poll]    <- read  st0cur     ret=0  data=['0x01', '0x02', '0x01', '0x02']
15:07:32.597  DEBUG   [poll]    -> read  st2mot    
15:07:32.600  DEBUG   [poll]    <- read  st2mot     ret=0  data=['0x00', '0x00']
15:07:32.601  DEBUG   [poll]    -> read  st0cur    
15:07:32.605  DEBUG   [poll]    <- read  st0cur     ret=0  data=['0x01', '0x02', '0x01', '0x02']
15:07:33.606  DEBUG   [poll]    -> read  st2mot    
15:07:33.610  DEBUG   [poll]    <- read  st2mot     ret=0  data=['0x00', '0x00']
15:07:33.610  DEBUG   [poll]    -> read  st0cur    
15:07:33.614  DEBUG   [poll]    <- read  st0cur     ret=0  data=['0x01', '0x02', '0x01', '0x02']
15:07:34.616  DEBUG   [poll]    -> read  st2mot    
15:07:34.619  DEBUG   [poll]    <- read  st2mot     ret=0  data=['0x00', '0x00']
15:07:34.620  DEBUG   [poll]    -> read  st0cur    
15:07:34.624  DEBUG   [poll]    <- read  st0cur     ret=0  data=['0x01', '0x02', '0x01', '0x02']
15:07:35.625  DEBUG   [poll]    -> read  st2mot    
15:07:35.629  DEBUG   [poll]    <- read  st2mot     ret=0  data=['0x00', '0x00']
15:07:35.629  DEBUG   [poll]    -> read  st0cur    
15:07:35.633  DEBUG   [poll]    <- read  st0cur     ret=0  data=['0x01', '0x02', '0x01', '0x02']
15:07:36.635  DEBUG   [poll]    -> read  st2mot    
15:07:36.638  DEBUG   [poll]    <- read  st2mot     ret=0  data=['0x00', '0x00']
15:07:36.639  DEBUG   [poll]    -> read  st0cur    
15:07:36.643  DEBUG   [poll]    <- read  st0cur     ret=0  data=['0x01', '0x02', '0x01', '0x02']
15:07:37.644  DEBUG   [poll]    -> read  st2mot    
15:07:37.648  DEBUG   [poll]    <- read  st2mot     ret=0  data=['0x00', '0x00']
15:07:37.648  DEBUG   [poll]    -> read  st0cur    
15:07:37.652  DEBUG   [poll]    <- read  st0cur     ret=0  data=['0x01', '0x02', '0x01', '0x02']
15:07:38.654  DEBUG   [poll]    -> read  st2mot    
15:07:38.657  DEBUG   [poll]    <- read  st2mot     ret=0  data=['0x00', '0x00']
15:07:38.657  DEBUG   [poll]    -> read  st0cur    
15:07:38.662  DEBUG   [poll]    <- read  st0cur     ret=0  data=['0x01', '0x02', '0x01', '0x02']
15:07:39.663  DEBUG   [poll]    -> read  st2mot    
15:07:39.666  DEBUG   [poll]    <- read  st2mot     ret=0  data=['0x00', '0x00']
15:07:39.667  DEBUG   [poll]    -> read  st0cur    
15:07:39.671  DEBUG   [poll]    <- read  st0cur     ret=0  data=['0x01', '0x02', '0x00', '0x02']
15:07:40.672  DEBUG   [poll]    -> read  st2mot    
15:07:40.676  DEBUG   [poll]    <- read  st2mot     ret=0  data=['0x00', '0x00']
15:07:40.676  DEBUG   [poll]    -> read  st0cur    
15:07:40.681  DEBUG   [poll]    <- read  st0cur     ret=0  data=['0x01', '0x02', '0x00', '0x02']
15:07:41.682  DEBUG   [poll]    -> read  st2mot    
15:07:41.686  DEBUG   [poll]    <- read  st2mot     ret=0  data=['0x00', '0x00']
15:07:41.686  DEBUG   [poll]    -> read  st0cur    
15:07:41.690  DEBUG   [poll]    <- read  st0cur     ret=0  data=['0x01', '0x02', '0x00', '0x02']
15:07:42.692  DEBUG   [poll]    -> read  st2mot    
15:07:42.695  DEBUG   [poll]    <- read  st2mot     ret=0  data=['0x00', '0x00']
15:07:42.695  DEBUG   [poll]    -> read  st0cur    
15:07:42.700  DEBUG   [poll]    <- read  st0cur     ret=0  data=['0x01', '0x02', '0x00', '0x02']
15:07:43.701  DEBUG   [poll]    -> read  st2mot    
15:07:43.704  DEBUG   [poll]    <- read  st2mot     ret=0  data=['0x00', '0x00']
15:07:43.705  DEBUG   [poll]    -> read  st0cur    
15:07:43.709  DEBUG   [poll]    <- read  st0cur     ret=0  data=['0x01', '0x02', '0x01', '0x02']
15:07:44.710  DEBUG   [poll]    -> read  st2mot    
15:07:44.714  DEBUG   [poll]    <- read  st2mot     ret=0  data=['0x00', '0x00']
15:07:44.714  DEBUG   [poll]    -> read  st0cur    
15:07:44.718  DEBUG   [poll]    <- read  st0cur     ret=0  data=['0x01', '0x02', '0x01', '0x02']
15:07:45.720  DEBUG   [poll]    -> read  st2mot    
15:07:45.723  DEBUG   [poll]    <- read  st2mot     ret=0  data=['0x00', '0x00']
15:07:45.724  DEBUG   [poll]    -> read  st0cur    
15:07:45.728  DEBUG   [poll]    <- read  st0cur     ret=0  data=['0x01', '0x02', '0x00', '0x02']
15:07:46.730  DEBUG   [poll]    -> read  st2mot    
15:07:46.733  DEBUG   [poll]    <- read  st2mot     ret=0  data=['0x00', '0x00']
15:07:46.733  DEBUG   [poll]    -> read  st0cur    
15:07:46.738  DEBUG   [poll]    <- read  st0cur     ret=0  data=['0x01', '0x02', '0x01', '0x02']
15:07:47.739  DEBUG   [poll]    -> read  st2mot    
15:07:47.742  DEBUG   [poll]    <- read  st2mot     ret=0  data=['0x00', '0x00']
15:07:47.743  DEBUG   [poll]    -> read  st0cur    
15:07:47.747  DEBUG   [poll]    <- read  st0cur     ret=0  data=['0x01', '0x02', '0x00', '0x02']
15:07:48.748  DEBUG   [poll]    -> read  st2mot    
15:07:48.752  DEBUG   [poll]    <- read  st2mot     ret=0  data=['0x00', '0x00']
15:07:48.752  DEBUG   [poll]    -> read  st0cur    
15:07:48.756  DEBUG   [poll]    <- read  st0cur     ret=0  data=['0x01', '0x02', '0x00', '0x02']
15:07:49.758  DEBUG   [poll]    -> read  st2mot    
15:07:49.761  DEBUG   [poll]    <- read  st2mot     ret=0  data=['0x00', '0x00']
15:07:49.761  DEBUG   [poll]    -> read  st0cur    
15:07:49.766  DEBUG   [poll]    <- read  st0cur     ret=0  data=['0x01', '0x02', '0x01', '0x02']
15:07:50.767  DEBUG   [poll]    -> read  st2mot    
15:07:50.771  DEBUG   [poll]    <- read  st2mot     ret=0  data=['0x00', '0x00']
15:07:50.771  DEBUG   [poll]    -> read  st0cur    
15:07:50.775  DEBUG   [poll]    <- read  st0cur     ret=0  data=['0x01', '0x02', '0x00', '0x02']
15:07:51.777  DEBUG   [poll]    -> read  st2mot    
15:07:51.780  DEBUG   [poll]    <- read  st2mot     ret=0  data=['0x00', '0x00']
15:07:51.781  DEBUG   [poll]    -> read  st0cur    
15:07:51.785  DEBUG   [poll]    <- read  st0cur     ret=0  data=['0x01', '0x02', '0x00', '0x02']
15:07:52.786  DEBUG   [poll]    -> read  st2mot    
15:07:52.790  DEBUG   [poll]    <- read  st2mot     ret=0  data=['0x00', '0x00']
15:07:52.790  DEBUG   [poll]    -> read  st0cur    
15:07:52.794  DEBUG   [poll]    <- read  st0cur     ret=0  data=['0x01', '0x02', '0x00', '0x02']
15:07:53.796  DEBUG   [poll]    -> read  st2mot    
15:07:53.799  DEBUG   [poll]    <- read  st2mot     ret=0  data=['0x00', '0x00']
15:07:53.799  DEBUG   [poll]    -> read  st0cur    
15:07:53.804  DEBUG   [poll]    <- read  st0cur     ret=0  data=['0x01', '0x02', '0x00', '0x02']
15:07:54.805  DEBUG   [poll]    -> read  st2mot    
15:07:54.809  DEBUG   [poll]    <- read  st2mot     ret=0  data=['0x00', '0x00']
15:07:54.809  DEBUG   [poll]    -> read  st0cur    
15:07:54.813  DEBUG   [poll]    <- read  st0cur     ret=0  data=['0x01', '0x02', '0x01', '0x02']
15:07:55.815  DEBUG   [poll]    -> read  st2mot    
15:07:55.818  DEBUG   [poll]    <- read  st2mot     ret=0  data=['0x00', '0x00']
15:07:55.819  DEBUG   [poll]    -> read  st0cur    
15:07:55.823  DEBUG   [poll]    <- read  st0cur     ret=0  data=['0x01', '0x02', '0x00', '0x02']
15:07:56.824  DEBUG   [poll]    -> read  st2mot    
15:07:56.828  DEBUG   [poll]    <- read  st2mot     ret=0  data=['0x00', '0x00']
15:07:56.828  DEBUG   [poll]    -> read  st0cur    
15:07:56.832  DEBUG   [poll]    <- read  st0cur     ret=0  data=['0x01', '0x02', '0x00', '0x02']
15:07:57.834  DEBUG   [poll]    -> read  st2mot    
15:07:57.837  DEBUG   [poll]    <- read  st2mot     ret=0  data=['0x00', '0x00']
15:07:57.838  DEBUG   [poll]    -> read  st0cur    
15:07:57.842  DEBUG   [poll]    <- read  st0cur     ret=0  data=['0x01', '0x02', '0x00', '0x02']
15:07:58.843  DEBUG   [poll]    -> read  st2mot    
15:07:58.847  DEBUG   [poll]    <- read  st2mot     ret=0  data=['0x00', '0x00']
15:07:58.847  DEBUG   [poll]    -> read  st0cur    
15:07:58.851  DEBUG   [poll]    <- read  st0cur     ret=0  data=['0x01', '0x02', '0x00', '0x02']
15:07:59.853  DEBUG   [poll]    -> read  st2mot    
15:07:59.856  DEBUG   [poll]    <- read  st2mot     ret=0  data=['0x00', '0x00']
15:07:59.856  DEBUG   [poll]    -> read  st0cur    
15:07:59.861  DEBUG   [poll]    <- read  st0cur     ret=0  data=['0x01', '0x02', '0x01', '0x02']
15:08:00.862  DEBUG   [poll]    -> read  st2mot    
15:08:00.866  DEBUG   [poll]    <- read  st2mot     ret=0  data=['0x00', '0x00']
15:08:00.866  DEBUG   [poll]    -> read  st0cur    
15:08:00.870  DEBUG   [poll]    <- read  st0cur     ret=0  data=['0x01', '0x02', '0x01', '0x02']
15:08:01.872  DEBUG   [poll]    -> read  st2mot    
15:08:01.875  DEBUG   [poll]    <- read  st2mot     ret=0  data=['0x00', '0x00']
15:08:01.876  DEBUG   [poll]    -> read  st0cur    
15:08:01.880  DEBUG   [poll]    <- read  st0cur     ret=0  data=['0x01', '0x02', '0x01', '0x02']
15:08:02.881  DEBUG   [poll]    -> read  st2mot    
15:08:02.885  DEBUG   [poll]    <- read  st2mot     ret=0  data=['0x00', '0x00']
15:08:02.885  DEBUG   [poll]    -> read  st0cur    
15:08:02.889  DEBUG   [poll]    <- read  st0cur     ret=0  data=['0x01', '0x02', '0x01', '0x02']
15:08:03.891  DEBUG   [poll]    -> read  st2mot    
15:08:03.894  DEBUG   [poll]    <- read  st2mot     ret=0  data=['0x00', '0x00']
15:08:03.894  DEBUG   [poll]    -> read  st0cur    
15:08:03.899  DEBUG   [poll]    <- read  st0cur     ret=0  data=['0x01', '0x02', '0x00', '0x02']
15:08:04.900  DEBUG   [poll]    -> read  st2mot    
15:08:04.903  DEBUG   [poll]    <- read  st2mot     ret=0  data=['0x00', '0x00']
15:08:04.904  DEBUG   [poll]    -> read  st0cur    
15:08:04.908  DEBUG   [poll]    <- read  st0cur     ret=0  data=['0x01', '0x02', '0x01', '0x02']
15:08:05.910  DEBUG   [poll]    -> read  st2mot    
15:08:05.913  DEBUG   [poll]    <- read  st2mot     ret=0  data=['0x00', '0x00']
15:08:05.914  DEBUG   [poll]    -> read  st0cur    
15:08:05.918  DEBUG   [poll]    <- read  st0cur     ret=0  data=['0x01', '0x02', '0x01', '0x02']
15:08:06.919  DEBUG   [poll]    -> read  st2mot    
15:08:06.923  DEBUG   [poll]    <- read  st2mot     ret=0  data=['0x00', '0x00']
15:08:06.923  DEBUG   [poll]    -> read  st0cur    
15:08:06.927  DEBUG   [poll]    <- read  st0cur     ret=0  data=['0x01', '0x02', '0x01', '0x02']
15:08:07.929  DEBUG   [poll]    -> read  st2mot    
15:08:07.932  DEBUG   [poll]    <- read  st2mot     ret=0  data=['0x00', '0x00']
15:08:07.932  DEBUG   [poll]    -> read  st0cur    
15:08:07.937  DEBUG   [poll]    <- read  st0cur     ret=0  data=['0x01', '0x02', '0x00', '0x02']
15:08:08.938  DEBUG   [poll]    -> read  st2mot    
15:08:08.942  DEBUG   [poll]    <- read  st2mot     ret=0  data=['0x00', '0x00']
15:08:08.942  DEBUG   [poll]    -> read  st0cur    
15:08:08.946  DEBUG   [poll]    <- read  st0cur     ret=0  data=['0x01', '0x02', '0x00', '0x02']
15:08:09.948  DEBUG   [poll]    -> read  st2mot    
15:08:09.951  DEBUG   [poll]    <- read  st2mot     ret=0  data=['0x00', '0x00']
15:08:09.951  DEBUG   [poll]    -> read  st0cur    
15:08:09.956  DEBUG   [poll]    <- read  st0cur     ret=0  data=['0x01', '0x02', '0x00', '0x02']
15:08:10.957  DEBUG   [poll]    -> read  st2mot    
15:08:10.961  DEBUG   [poll]    <- read  st2mot     ret=0  data=['0x00', '0x00']
15:08:10.961  DEBUG   [poll]    -> read  st0cur    
15:08:10.965  DEBUG   [poll]    <- read  st0cur     ret=0  data=['0x01', '0x02', '0x00', '0x02']
15:08:11.967  DEBUG   [poll]    -> read  st2mot    
15:08:11.970  DEBUG   [poll]    <- read  st2mot     ret=0  data=['0x00', '0x00']
15:08:11.971  DEBUG   [poll]    -> read  st0cur    
15:08:11.975  DEBUG   [poll]    <- read  st0cur     ret=0  data=['0x00', '0x02', '0x00', '0x02']
15:08:12.976  DEBUG   [poll]    -> read  st2mot    
15:08:12.980  DEBUG   [poll]    <- read  st2mot     ret=0  data=['0x00', '0x00']
15:08:12.980  DEBUG   [poll]    -> read  st0cur    
15:08:12.984  DEBUG   [poll]    <- read  st0cur     ret=0  data=['0x01', '0x02', '0x01', '0x02']
15:08:13.986  DEBUG   [poll]    -> read  st2mot    
15:08:13.989  DEBUG   [poll]    <- read  st2mot     ret=0  data=['0x00', '0x00']
15:08:13.990  DEBUG   [poll]    -> read  st0cur    
15:08:13.994  DEBUG   [poll]    <- read  st0cur     ret=0  data=['0x01', '0x02', '0x00', '0x02']
15:08:14.995  DEBUG   [poll]    -> read  st2mot    
15:08:14.999  DEBUG   [poll]    <- read  st2mot     ret=0  data=['0x00', '0x00']
15:08:14.999  DEBUG   [poll]    -> read  st0cur    
15:08:15.003  DEBUG   [poll]    <- read  st0cur     ret=0  data=['0x01', '0x02', '0x00', '0x02']
15:08:16.005  DEBUG   [poll]    -> read  st2mot    
15:08:16.009  DEBUG   [poll]    <- read  st2mot     ret=0  data=['0x00', '0x00']
15:08:16.009  DEBUG   [poll]    -> read  st0cur    
15:08:16.013  DEBUG   [poll]    <- read  st0cur     ret=0  data=['0x01', '0x02', '0x01', '0x02']
15:08:17.015  DEBUG   [poll]    -> read  st2mot    
15:08:17.018  DEBUG   [poll]    <- read  st2mot     ret=0  data=['0x00', '0x00']
15:08:17.019  DEBUG   [poll]    -> read  st0cur    
15:08:17.023  DEBUG   [poll]    <- read  st0cur     ret=0  data=['0x01', '0x02', '0x00', '0x02']
15:08:18.024  DEBUG   [poll]    -> read  st2mot    
15:08:18.028  DEBUG   [poll]    <- read  st2mot     ret=0  data=['0x00', '0x00']
15:08:18.028  DEBUG   [poll]    -> read  st0cur    
15:08:18.032  DEBUG   [poll]    <- read  st0cur     ret=0  data=['0x01', '0x02', '0x00', '0x02']
15:08:19.034  DEBUG   [poll]    -> read  st2mot    
15:08:19.037  DEBUG   [poll]    <- read  st2mot     ret=0  data=['0x00', '0x00']
15:08:19.038  DEBUG   [poll]    -> read  st0cur    
15:08:19.042  DEBUG   [poll]    <- read  st0cur     ret=0  data=['0x01', '0x02', '0x00', '0x02']
15:08:20.043  DEBUG   [poll]    -> read  st2mot    
15:08:20.047  DEBUG   [poll]    <- read  st2mot     ret=0  data=['0x00', '0x00']
15:08:20.047  DEBUG   [poll]    -> read  st0cur    
15:08:20.051  DEBUG   [poll]    <- read  st0cur     ret=0  data=['0x01', '0x02', '0x00', '0x02']
15:08:21.053  DEBUG   [poll]    -> read  st2mot    
15:08:21.056  DEBUG   [poll]    <- read  st2mot     ret=0  data=['0x00', '0x00']
15:08:21.057  DEBUG   [poll]    -> read  st0cur    
15:08:21.061  DEBUG   [poll]    <- read  st0cur     ret=0  data=['0x00', '0x02', '0x00', '0x02']
15:08:22.062  DEBUG   [poll]    -> read  st2mot    
15:08:22.066  DEBUG   [poll]    <- read  st2mot     ret=0  data=['0x00', '0x00']
15:08:22.066  DEBUG   [poll]    -> read  st0cur    
15:08:22.070  DEBUG   [poll]    <- read  st0cur     ret=0  data=['0x01', '0x02', '0x01', '0x02']
15:08:23.072  DEBUG   [poll]    -> read  st2mot    
15:08:23.075  DEBUG   [poll]    <- read  st2mot     ret=0  data=['0x00', '0x00']
15:08:23.076  DEBUG   [poll]    -> read  st0cur    
15:08:23.080  DEBUG   [poll]    <- read  st0cur     ret=0  data=['0x01', '0x02', '0x00', '0x02']
15:08:24.081  DEBUG   [poll]    -> read  st2mot    
15:08:24.085  DEBUG   [poll]    <- read  st2mot     ret=0  data=['0x00', '0x00']
15:08:24.085  DEBUG   [poll]    -> read  st0cur    
15:08:24.089  DEBUG   [poll]    <- read  st0cur     ret=0  data=['0x01', '0x02', '0x00', '0x02']
15:08:25.091  DEBUG   [poll]    -> read  st2mot    
15:08:25.094  DEBUG   [poll]    <- read  st2mot     ret=0  data=['0x00', '0x00']
15:08:25.094  DEBUG   [poll]    -> read  st0cur    
15:08:25.099  DEBUG   [poll]    <- read  st0cur     ret=0  data=['0x01', '0x02', '0x01', '0x02']
15:08:26.100  DEBUG   [poll]    -> read  st2mot    
15:08:26.104  DEBUG   [poll]    <- read  st2mot     ret=0  data=['0x00', '0x00']
15:08:26.104  DEBUG   [poll]    -> read  st0cur    
15:08:26.108  DEBUG   [poll]    <- read  st0cur     ret=0  data=['0x01', '0x02', '0x00', '0x02']
15:08:27.110  DEBUG   [poll]    -> read  st2mot    
15:08:27.113  DEBUG   [poll]    <- read  st2mot     ret=0  data=['0x00', '0x00']
15:08:27.114  DEBUG   [poll]    -> read  st0cur    
15:08:27.118  DEBUG   [poll]    <- read  st0cur     ret=0  data=['0x01', '0x02', '0x00', '0x02']
15:08:28.120  DEBUG   [poll]    -> read  st2mot    
15:08:28.123  DEBUG   [poll]    <- read  st2mot     ret=0  data=['0x00', '0x00']
15:08:28.123  DEBUG   [poll]    -> read  st0cur    
15:08:28.128  DEBUG   [poll]    <- read  st0cur     ret=0  data=['0x01', '0x02', '0x00', '0x02']
15:08:29.129  DEBUG   [poll]    -> read  st2mot    
15:08:29.132  DEBUG   [poll]    <- read  st2mot     ret=0  data=['0x00', '0x00']
15:08:29.133  DEBUG   [poll]    -> read  st0cur    
15:08:29.137  DEBUG   [poll]    <- read  st0cur     ret=0  data=['0x01', '0x02', '0x00', '0x02']
15:08:30.138  DEBUG   [poll]    -> read  st2mot    
15:08:30.142  DEBUG   [poll]    <- read  st2mot     ret=0  data=['0x00', '0x00']
15:08:30.142  DEBUG   [poll]    -> read  st0cur    
15:08:30.146  DEBUG   [poll]    <- read  st0cur     ret=0  data=['0x01', '0x02', '0x01', '0x02']
15:08:31.148  DEBUG   [poll]    -> read  st2mot    
15:08:31.154  DEBUG   [poll]    <- read  st2mot     ret=0  data=['0x00', '0x00']
15:08:31.155  DEBUG   [poll]    -> read  st0cur    
15:08:31.159  DEBUG   [poll]    <- read  st0cur     ret=0  data=['0x01', '0x02', '0x00', '0x02']
15:08:32.160  DEBUG   [poll]    -> read  st2mot    
15:08:32.164  DEBUG   [poll]    <- read  st2mot     ret=0  data=['0x00', '0x00']
15:08:32.164  DEBUG   [poll]    -> read  st0cur    
15:08:32.168  DEBUG   [poll]    <- read  st0cur     ret=0  data=['0x01', '0x02', '0x00', '0x02']
15:08:33.170  DEBUG   [poll]    -> read  st2mot    
15:08:33.173  DEBUG   [poll]    <- read  st2mot     ret=0  data=['0x00', '0x00']
15:08:33.173  DEBUG   [poll]    -> read  st0cur    
15:08:33.178  DEBUG   [poll]    <- read  st0cur     ret=0  data=['0x01', '0x02', '0x01', '0x02']
15:08:34.179  DEBUG   [poll]    -> read  st2mot    
15:08:34.182  DEBUG   [poll]    <- read  st2mot     ret=0  data=['0x00', '0x00']
15:08:34.183  DEBUG   [poll]    -> read  st0cur    
15:08:34.187  DEBUG   [poll]    <- read  st0cur     ret=0  data=['0x01', '0x02', '0x00', '0x02']
15:08:35.189  DEBUG   [poll]    -> read  st2mot    
15:08:35.192  DEBUG   [poll]    <- read  st2mot     ret=0  data=['0x00', '0x00']
15:08:35.192  DEBUG   [poll]    -> read  st0cur    
15:08:35.196  DEBUG   [poll]    <- read  st0cur     ret=0  data=['0x01', '0x02', '0x00', '0x02']
15:08:36.198  DEBUG   [poll]    -> read  st2mot    
15:08:36.201  DEBUG   [poll]    <- read  st2mot     ret=0  data=['0x00', '0x00']
15:08:36.202  DEBUG   [poll]    -> read  st0cur    
15:08:36.206  DEBUG   [poll]    <- read  st0cur     ret=0  data=['0x01', '0x02', '0x00', '0x02']
15:08:37.208  DEBUG   [poll]    -> read  st2mot    
15:08:37.211  DEBUG   [poll]    <- read  st2mot     ret=0  data=['0x00', '0x00']
15:08:37.211  DEBUG   [poll]    -> read  st0cur    
15:08:37.216  DEBUG   [poll]    <- read  st0cur     ret=0  data=['0x01', '0x02', '0x01', '0x02']
15:08:38.217  DEBUG   [poll]    -> read  st2mot    
15:08:38.221  DEBUG   [poll]    <- read  st2mot     ret=0  data=['0x00', '0x00']
15:08:38.221  DEBUG   [poll]    -> read  st0cur    
15:08:38.225  DEBUG   [poll]    <- read  st0cur     ret=0  data=['0x01', '0x02', '0x01', '0x02']
15:08:39.227  DEBUG   [poll]    -> read  st2mot    
15:08:39.230  DEBUG   [poll]    <- read  st2mot     ret=0  data=['0x00', '0x00']
15:08:39.230  DEBUG   [poll]    -> read  st0cur    
15:08:39.235  DEBUG   [poll]    <- read  st0cur     ret=0  data=['0x01', '0x02', '0x00', '0x02']
15:08:40.236  DEBUG   [poll]    -> read  st2mot    
15:08:40.239  DEBUG   [poll]    <- read  st2mot     ret=0  data=['0x00', '0x00']
15:08:40.240  DEBUG   [poll]    -> read  st0cur    
15:08:40.244  DEBUG   [poll]    <- read  st0cur     ret=0  data=['0x01', '0x02', '0x01', '0x02']
15:08:41.245  DEBUG   [poll]    -> read  st2mot    
15:08:41.249  DEBUG   [poll]    <- read  st2mot     ret=0  data=['0x00', '0x00']
15:08:41.249  DEBUG   [poll]    -> read  st0cur    
15:08:41.253  DEBUG   [poll]    <- read  st0cur     ret=0  data=['0x01', '0x02', '0x01', '0x02']
15:08:42.255  DEBUG   [poll]    -> read  st2mot    
15:08:42.258  DEBUG   [poll]    <- read  st2mot     ret=0  data=['0x00', '0x00']
15:08:42.259  DEBUG   [poll]    -> read  st0cur    
15:08:42.263  DEBUG   [poll]    <- read  st0cur     ret=0  data=['0x02', '0x02', '0x01', '0x02']
15:08:43.264  DEBUG   [poll]    -> read  st2mot    
15:08:43.268  DEBUG   [poll]    <- read  st2mot     ret=0  data=['0x00', '0x00']
15:08:43.268  DEBUG   [poll]    -> read  st0cur    
15:08:43.272  DEBUG   [poll]    <- read  st0cur     ret=0  data=['0x01', '0x02', '0x01', '0x02']
15:08:44.274  DEBUG   [poll]    -> read  st2mot    
15:08:44.277  DEBUG   [poll]    <- read  st2mot     ret=0  data=['0x00', '0x00']
15:08:44.277  DEBUG   [poll]    -> read  st0cur    
15:08:44.282  DEBUG   [poll]    <- read  st0cur     ret=0  data=['0x01', '0x02', '0x01', '0x02']
15:08:45.283  DEBUG   [poll]    -> read  st2mot    
15:08:45.286  DEBUG   [poll]    <- read  st2mot     ret=0  data=['0x00', '0x00']
15:08:45.287  DEBUG   [poll]    -> read  st0cur    
15:08:45.291  DEBUG   [poll]    <- read  st0cur     ret=0  data=['0x01', '0x02', '0x01', '0x02']
15:08:46.293  DEBUG   [poll]    -> read  st2mot    
15:08:46.296  DEBUG   [poll]    <- read  st2mot     ret=0  data=['0x00', '0x00']
15:08:46.297  DEBUG   [poll]    -> read  st0cur    
15:08:46.301  DEBUG   [poll]    <- read  st0cur     ret=0  data=['0x01', '0x02', '0x01', '0x02']
15:08:47.302  DEBUG   [poll]    -> read  st2mot    
15:08:47.306  DEBUG   [poll]    <- read  st2mot     ret=0  data=['0x00', '0x00']
15:08:47.306  DEBUG   [poll]    -> read  st0cur    
15:08:47.310  DEBUG   [poll]    <- read  st0cur     ret=0  data=['0x01', '0x02', '0x01', '0x02']
15:08:48.312  DEBUG   [poll]    -> read  st2mot    
15:08:48.315  DEBUG   [poll]    <- read  st2mot     ret=0  data=['0x00', '0x00']
15:08:48.315  DEBUG   [poll]    -> read  st0cur    
15:08:48.320  DEBUG   [poll]    <- read  st0cur     ret=0  data=['0x01', '0x02', '0x00', '0x02']
15:08:49.321  DEBUG   [poll]    -> read  st2mot    
15:08:49.325  DEBUG   [poll]    <- read  st2mot     ret=0  data=['0x00', '0x00']
15:08:49.325  DEBUG   [poll]    -> read  st0cur    
15:08:49.329  DEBUG   [poll]    <- read  st0cur     ret=0  data=['0x01', '0x02', '0x00', '0x02']
15:08:50.331  DEBUG   [poll]    -> read  st2mot    
15:08:50.334  DEBUG   [poll]    <- read  st2mot     ret=0  data=['0x00', '0x00']
15:08:50.334  DEBUG   [poll]    -> read  st0cur    
15:08:50.339  DEBUG   [poll]    <- read  st0cur     ret=0  data=['0x01', '0x02', '0x00', '0x02']
15:08:51.340  DEBUG   [poll]    -> read  st2mot    
15:08:51.343  DEBUG   [poll]    <- read  st2mot     ret=0  data=['0x00', '0x00']
15:08:51.344  DEBUG   [poll]    -> read  st0cur    
15:08:51.348  DEBUG   [poll]    <- read  st0cur     ret=0  data=['0x01', '0x02', '0x01', '0x02']
15:08:52.350  DEBUG   [poll]    -> read  st2mot    
15:08:52.353  DEBUG   [poll]    <- read  st2mot     ret=0  data=['0x00', '0x00']
15:08:52.353  DEBUG   [poll]    -> read  st0cur    
15:08:52.358  DEBUG   [poll]    <- read  st0cur     ret=0  data=['0x01', '0x02', '0x01', '0x02']
15:08:53.359  DEBUG   [poll]    -> read  st2mot    
15:08:53.362  DEBUG   [poll]    <- read  st2mot     ret=0  data=['0x00', '0x00']
15:08:53.363  DEBUG   [poll]    -> read  st0cur    
15:08:53.367  DEBUG   [poll]    <- read  st0cur     ret=0  data=['0x01', '0x02', '0x01', '0x02']
15:08:54.368  DEBUG   [poll]    -> read  st2mot    
15:08:54.372  DEBUG   [poll]    <- read  st2mot     ret=0  data=['0x00', '0x00']
15:08:54.372  DEBUG   [poll]    -> read  st0cur    
15:08:54.376  DEBUG   [poll]    <- read  st0cur     ret=0  data=['0x01', '0x02', '0x00', '0x02']
15:08:55.378  DEBUG   [poll]    -> read  st2mot    
15:08:55.381  DEBUG   [poll]    <- read  st2mot     ret=0  data=['0x00', '0x00']
15:08:55.382  DEBUG   [poll]    -> read  st0cur    
15:08:55.386  DEBUG   [poll]    <- read  st0cur     ret=0  data=['0x01', '0x02', '0x01', '0x02']
15:08:56.387  DEBUG   [poll]    -> read  st2mot    
15:08:56.391  DEBUG   [poll]    <- read  st2mot     ret=0  data=['0x00', '0x00']
15:08:56.392  DEBUG   [poll]    -> read  st0cur    
15:08:56.396  DEBUG   [poll]    <- read  st0cur     ret=0  data=['0x01', '0x02', '0x01', '0x02']
15:08:57.398  DEBUG   [poll]    -> read  st2mot    
15:08:57.401  DEBUG   [poll]    <- read  st2mot     ret=0  data=['0x00', '0x00']
15:08:57.402  DEBUG   [poll]    -> read  st0cur    
15:08:57.406  DEBUG   [poll]    <- read  st0cur     ret=0  data=['0x01', '0x02', '0x00', '0x02']
15:08:58.407  DEBUG   [poll]    -> read  st2mot    
15:08:58.411  DEBUG   [poll]    <- read  st2mot     ret=0  data=['0x00', '0x00']
15:08:58.411  DEBUG   [poll]    -> read  st0cur    
15:08:58.415  DEBUG   [poll]    <- read  st0cur     ret=0  data=['0x01', '0x02', '0x01', '0x02']
15:08:59.417  DEBUG   [poll]    -> read  st2mot    
15:08:59.420  DEBUG   [poll]    <- read  st2mot     ret=0  data=['0x00', '0x00']
15:08:59.420  DEBUG   [poll]    -> read  st0cur    
15:08:59.425  DEBUG   [poll]    <- read  st0cur     ret=0  data=['0x01', '0x02', '0x00', '0x02']
15:09:00.426  DEBUG   [poll]    -> read  st2mot    
15:09:00.429  DEBUG   [poll]    <- read  st2mot     ret=0  data=['0x00', '0x00']
15:09:00.430  DEBUG   [poll]    -> read  st0cur    
15:09:00.434  DEBUG   [poll]    <- read  st0cur     ret=0  data=['0x01', '0x02', '0x00', '0x02']
15:09:01.436  DEBUG   [poll]    -> read  st2mot    
15:09:01.439  DEBUG   [poll]    <- read  st2mot     ret=0  data=['0x00', '0x00']
15:09:01.440  DEBUG   [poll]    -> read  st0cur    
15:09:01.444  DEBUG   [poll]    <- read  st0cur     ret=0  data=['0x01', '0x02', '0x01', '0x02']
15:09:02.445  DEBUG   [poll]    -> read  st2mot    
15:09:02.449  DEBUG   [poll]    <- read  st2mot     ret=0  data=['0x00', '0x00']
15:09:02.449  DEBUG   [poll]    -> read  st0cur    
15:09:02.453  DEBUG   [poll]    <- read  st0cur     ret=0  data=['0x01', '0x02', '0x01', '0x02']
15:09:03.455  DEBUG   [poll]    -> read  st2mot    
15:09:03.458  DEBUG   [poll]    <- read  st2mot     ret=0  data=['0x00', '0x00']
15:09:03.459  DEBUG   [poll]    -> read  st0cur    
15:09:03.463  DEBUG   [poll]    <- read  st0cur     ret=0  data=['0x01', '0x02', '0x01', '0x02']
15:09:04.464  DEBUG   [poll]    -> read  st2mot    
15:09:04.468  DEBUG   [poll]    <- read  st2mot     ret=0  data=['0x00', '0x00']
15:09:04.468  DEBUG   [poll]    -> read  st0cur    
15:09:04.472  DEBUG   [poll]    <- read  st0cur     ret=0  data=['0x01', '0x02', '0x00', '0x02']
15:09:05.474  DEBUG   [poll]    -> read  st2mot    
15:09:05.477  DEBUG   [poll]    <- read  st2mot     ret=0  data=['0x00', '0x00']
15:09:05.478  DEBUG   [poll]    -> read  st0cur    
15:09:05.482  DEBUG   [poll]    <- read  st0cur     ret=0  data=['0x01', '0x02', '0x01', '0x02']
15:09:06.483  DEBUG   [poll]    -> read  st2mot    
15:09:06.487  DEBUG   [poll]    <- read  st2mot     ret=0  data=['0x00', '0x00']
15:09:06.487  DEBUG   [poll]    -> read  st0cur    
15:09:06.491  DEBUG   [poll]    <- read  st0cur     ret=0  data=['0x01', '0x02', '0x00', '0x02']
15:09:07.493  DEBUG   [poll]    -> read  st2mot    
15:09:07.496  DEBUG   [poll]    <- read  st2mot     ret=0  data=['0x00', '0x00']
15:09:07.497  DEBUG   [poll]    -> read  st0cur    
15:09:07.501  DEBUG   [poll]    <- read  st0cur     ret=0  data=['0x02', '0x02', '0x01', '0x02']
15:09:08.502  DEBUG   [poll]    -> read  st2mot    
15:09:08.506  DEBUG   [poll]    <- read  st2mot     ret=0  data=['0x00', '0x00']
15:09:08.506  DEBUG   [poll]    -> read  st0cur    
15:09:08.510  DEBUG   [poll]    <- read  st0cur     ret=0  data=['0x01', '0x02', '0x01', '0x02']
15:09:09.512  DEBUG   [poll]    -> read  st2mot    
15:09:09.515  DEBUG   [poll]    <- read  st2mot     ret=0  data=['0x00', '0x00']
15:09:09.516  DEBUG   [poll]    -> read  st0cur    
15:09:09.520  DEBUG   [poll]    <- read  st0cur     ret=0  data=['0x01', '0x02', '0x01', '0x02']
15:09:10.521  DEBUG   [poll]    -> read  st2mot    
15:09:10.525  DEBUG   [poll]    <- read  st2mot     ret=0  data=['0x00', '0x00']
15:09:10.525  DEBUG   [poll]    -> read  st0cur    
15:09:10.529  DEBUG   [poll]    <- read  st0cur     ret=0  data=['0x01', '0x02', '0x01', '0x02']
15:09:11.531  DEBUG   [poll]    -> read  st2mot    
15:09:11.534  DEBUG   [poll]    <- read  st2mot     ret=0  data=['0x00', '0x00']
15:09:11.535  DEBUG   [poll]    -> read  st0cur    
15:09:11.539  DEBUG   [poll]    <- read  st0cur     ret=0  data=['0x01', '0x02', '0x01', '0x02']
15:09:12.541  DEBUG   [poll]    -> read  st2mot    
15:09:12.544  DEBUG   [poll]    <- read  st2mot     ret=0  data=['0x00', '0x00']
15:09:12.544  DEBUG   [poll]    -> read  st0cur    
15:09:12.549  DEBUG   [poll]    <- read  st0cur     ret=0  data=['0x01', '0x02', '0x00', '0x02']
15:09:13.550  DEBUG   [poll]    -> read  st2mot    
15:09:13.554  DEBUG   [poll]    <- read  st2mot     ret=0  data=['0x00', '0x00']
15:09:13.554  DEBUG   [poll]    -> read  st0cur    
15:09:13.558  DEBUG   [poll]    <- read  st0cur     ret=0  data=['0x01', '0x02', '0x00', '0x02']
15:09:14.560  DEBUG   [poll]    -> read  st2mot    
15:09:14.563  DEBUG   [poll]    <- read  st2mot     ret=0  data=['0x00', '0x00']
15:09:14.564  DEBUG   [poll]    -> read  st0cur    
15:09:14.568  DEBUG   [poll]    <- read  st0cur     ret=0  data=['0x01', '0x02', '0x00', '0x02']
15:09:15.570  DEBUG   [poll]    -> read  st2mot    
15:09:15.573  DEBUG   [poll]    <- read  st2mot     ret=0  data=['0x00', '0x00']
15:09:15.573  DEBUG   [poll]    -> read  st0cur    
15:09:15.578  DEBUG   [poll]    <- read  st0cur     ret=0  data=['0x01', '0x02', '0x00', '0x02']
15:09:16.579  DEBUG   [poll]    -> read  st2mot    
15:09:16.582  DEBUG   [poll]    <- read  st2mot     ret=0  data=['0x00', '0x00']
15:09:16.583  DEBUG   [poll]    -> read  st0cur    
15:09:16.587  DEBUG   [poll]    <- read  st0cur     ret=0  data=['0x01', '0x02', '0x01', '0x02']
15:09:17.589  DEBUG   [poll]    -> read  st2mot    
15:09:17.592  DEBUG   [poll]    <- read  st2mot     ret=0  data=['0x00', '0x00']
15:09:17.592  DEBUG   [poll]    -> read  st0cur    
15:09:17.597  DEBUG   [poll]    <- read  st0cur     ret=0  data=['0x01', '0x02', '0x00', '0x02']
15:09:18.598  DEBUG   [poll]    -> read  st2mot    
15:09:18.602  DEBUG   [poll]    <- read  st2mot     ret=0  data=['0x00', '0x00']
15:09:18.602  DEBUG   [poll]    -> read  st0cur    
15:09:18.606  DEBUG   [poll]    <- read  st0cur     ret=0  data=['0x01', '0x02', '0x00', '0x02']
15:09:19.608  DEBUG   [poll]    -> read  st2mot    
15:09:19.611  DEBUG   [poll]    <- read  st2mot     ret=0  data=['0x00', '0x00']
15:09:19.611  DEBUG   [poll]    -> read  st0cur    
15:09:19.616  DEBUG   [poll]    <- read  st0cur     ret=0  data=['0x01', '0x02', '0x00', '0x02']
15:09:20.617  DEBUG   [poll]    -> read  st2mot    
15:09:20.620  DEBUG   [poll]    <- read  st2mot     ret=0  data=['0x00', '0x00']
15:09:20.621  DEBUG   [poll]    -> read  st0cur    
15:09:20.625  DEBUG   [poll]    <- read  st0cur     ret=0  data=['0x01', '0x02', '0x00', '0x02']
15:09:21.626  DEBUG   [poll]    -> read  st2mot    
15:09:21.630  DEBUG   [poll]    <- read  st2mot     ret=0  data=['0x00', '0x00']
15:09:21.630  DEBUG   [poll]    -> read  st0cur    
15:09:21.634  DEBUG   [poll]    <- read  st0cur     ret=0  data=['0x01', '0x02', '0x00', '0x02']
15:09:22.636  DEBUG   [poll]    -> read  st2mot    
15:09:22.639  DEBUG   [poll]    <- read  st2mot     ret=0  data=['0x00', '0x00']
15:09:22.640  DEBUG   [poll]    -> read  st0cur    
15:09:22.644  DEBUG   [poll]    <- read  st0cur     ret=0  data=['0x01', '0x02', '0x00', '0x02']
15:09:23.645  DEBUG   [poll]    -> read  st2mot    
15:09:23.649  DEBUG   [poll]    <- read  st2mot     ret=0  data=['0x00', '0x00']
15:09:23.649  DEBUG   [poll]    -> read  st0cur    
15:09:23.653  DEBUG   [poll]    <- read  st0cur     ret=0  data=['0x01', '0x02', '0x00', '0x02']
15:09:24.655  DEBUG   [poll]    -> read  st2mot    
15:09:24.658  DEBUG   [poll]    <- read  st2mot     ret=0  data=['0x00', '0x00']
15:09:24.658  DEBUG   [poll]    -> read  st0cur    
15:09:24.663  DEBUG   [poll]    <- read  st0cur     ret=0  data=['0x01', '0x02', '0x00', '0x02']
15:09:25.664  DEBUG   [poll]    -> read  st2mot    
15:09:25.668  DEBUG   [poll]    <- read  st2mot     ret=0  data=['0x00', '0x00']
15:09:25.668  DEBUG   [poll]    -> read  st0cur    
15:09:25.672  DEBUG   [poll]    <- read  st0cur     ret=0  data=['0x01', '0x02', '0x00', '0x02']
15:09:26.674  DEBUG   [poll]    -> read  st2mot    
15:09:26.677  DEBUG   [poll]    <- read  st2mot     ret=0  data=['0x00', '0x00']
15:09:26.678  DEBUG   [poll]    -> read  st0cur    
15:09:26.682  DEBUG   [poll]    <- read  st0cur     ret=0  data=['0x01', '0x02', '0x01', '0x02']
15:09:27.684  DEBUG   [poll]    -> read  st2mot    
15:09:27.687  DEBUG   [poll]    <- read  st2mot     ret=0  data=['0x00', '0x00']
15:09:27.687  DEBUG   [poll]    -> read  st0cur    
15:09:27.692  DEBUG   [poll]    <- read  st0cur     ret=0  data=['0x01', '0x02', '0x01', '0x02']
15:09:28.693  DEBUG   [poll]    -> read  st2mot    
15:09:28.697  DEBUG   [poll]    <- read  st2mot     ret=0  data=['0x00', '0x00']
15:09:28.697  DEBUG   [poll]    -> read  st0cur    
15:09:28.701  DEBUG   [poll]    <- read  st0cur     ret=0  data=['0x01', '0x02', '0x00', '0x02']
15:09:29.703  DEBUG   [poll]    -> read  st2mot    
15:09:29.706  DEBUG   [poll]    <- read  st2mot     ret=0  data=['0x00', '0x00']
15:09:29.706  DEBUG   [poll]    -> read  st0cur    
15:09:29.711  DEBUG   [poll]    <- read  st0cur     ret=0  data=['0x01', '0x02', '0x01', '0x02']
15:09:30.712  DEBUG   [poll]    -> read  st2mot    
15:09:30.715  DEBUG   [poll]    <- read  st2mot     ret=0  data=['0x00', '0x00']
15:09:30.716  DEBUG   [poll]    -> read  st0cur    
15:09:30.720  DEBUG   [poll]    <- read  st0cur     ret=0  data=['0x00', '0x02', '0x00', '0x02']
15:09:31.721  DEBUG   [poll]    -> read  st2mot    
15:09:31.725  DEBUG   [poll]    <- read  st2mot     ret=0  data=['0x00', '0x00']
15:09:31.725  DEBUG   [poll]    -> read  st0cur    
15:09:31.730  DEBUG   [poll]    <- read  st0cur     ret=0  data=['0x01', '0x02', '0x01', '0x02']
15:09:32.731  DEBUG   [poll]    -> read  st2mot    
15:09:32.735  DEBUG   [poll]    <- read  st2mot     ret=0  data=['0x00', '0x00']
15:09:32.735  DEBUG   [poll]    -> read  st0cur    
15:09:32.739  DEBUG   [poll]    <- read  st0cur     ret=0  data=['0x01', '0x02', '0x00', '0x02']
15:09:33.741  DEBUG   [poll]    -> read  st2mot    
15:09:33.744  DEBUG   [poll]    <- read  st2mot     ret=0  data=['0x00', '0x00']
15:09:33.744  DEBUG   [poll]    -> read  st0cur    
15:09:33.749  DEBUG   [poll]    <- read  st0cur     ret=0  data=['0x01', '0x02', '0x01', '0x02']
15:09:34.750  DEBUG   [poll]    -> read  st2mot    
15:09:34.753  DEBUG   [poll]    <- read  st2mot     ret=0  data=['0x00', '0x00']
15:09:34.754  DEBUG   [poll]    -> read  st0cur    
15:09:34.758  DEBUG   [poll]    <- read  st0cur     ret=0  data=['0x01', '0x02', '0x00', '0x02']
15:09:35.760  DEBUG   [poll]    -> read  st2mot    
15:09:35.763  DEBUG   [poll]    <- read  st2mot     ret=0  data=['0x00', '0x00']
15:09:35.763  DEBUG   [poll]    -> read  st0cur    
15:09:35.768  DEBUG   [poll]    <- read  st0cur     ret=0  data=['0x01', '0x02', '0x00', '0x02']
15:09:36.769  DEBUG   [poll]    -> read  st2mot    
15:09:36.772  DEBUG   [poll]    <- read  st2mot     ret=0  data=['0x00', '0x00']
15:09:36.773  DEBUG   [poll]    -> read  st0cur    
15:09:36.777  DEBUG   [poll]    <- read  st0cur     ret=0  data=['0x01', '0x02', '0x01', '0x02']
15:09:37.779  DEBUG   [poll]    -> read  st2mot    
15:09:37.782  DEBUG   [poll]    <- read  st2mot     ret=0  data=['0x00', '0x00']
15:09:37.782  DEBUG   [poll]    -> read  st0cur    
15:09:37.787  DEBUG   [poll]    <- read  st0cur     ret=0  data=['0x01', '0x02', '0x00', '0x02']
15:09:38.788  DEBUG   [poll]    -> read  st2mot    
15:09:38.792  DEBUG   [poll]    <- read  st2mot     ret=0  data=['0x00', '0x00']
15:09:38.792  DEBUG   [poll]    -> read  st0cur    
15:09:38.796  DEBUG   [poll]    <- read  st0cur     ret=0  data=['0x01', '0x02', '0x00', '0x02']
15:09:39.798  DEBUG   [poll]    -> read  st2mot    
15:09:39.801  DEBUG   [poll]    <- read  st2mot     ret=0  data=['0x00', '0x00']
15:09:39.801  DEBUG   [poll]    -> read  st0cur    
15:09:39.806  DEBUG   [poll]    <- read  st0cur     ret=0  data=['0x01', '0x02', '0x01', '0x02']
15:09:40.807  DEBUG   [poll]    -> read  st2mot    
15:09:40.810  DEBUG   [poll]    <- read  st2mot     ret=0  data=['0x00', '0x00']
15:09:40.811  DEBUG   [poll]    -> read  st0cur    
15:09:40.815  DEBUG   [poll]    <- read  st0cur     ret=0  data=['0x01', '0x02', '0x01', '0x02']
15:09:41.817  DEBUG   [poll]    -> read  st2mot    
15:09:41.820  DEBUG   [poll]    <- read  st2mot     ret=0  data=['0x00', '0x00']
15:09:41.821  DEBUG   [poll]    -> read  st0cur    
15:09:41.825  DEBUG   [poll]    <- read  st0cur     ret=0  data=['0x01', '0x02', '0x00', '0x02']
15:09:42.826  DEBUG   [poll]    -> read  st2mot    
15:09:42.830  DEBUG   [poll]    <- read  st2mot     ret=0  data=['0x00', '0x00']
15:09:42.830  DEBUG   [poll]    -> read  st0cur    
15:09:42.834  DEBUG   [poll]    <- read  st0cur     ret=0  data=['0x01', '0x02', '0x00', '0x02']
15:09:43.836  DEBUG   [poll]    -> read  st2mot    
15:09:43.839  DEBUG   [poll]    <- read  st2mot     ret=0  data=['0x00', '0x00']
15:09:43.839  DEBUG   [poll]    -> read  st0cur    
15:09:43.844  DEBUG   [poll]    <- read  st0cur     ret=0  data=['0x01', '0x02', '0x00', '0x02']
15:09:44.845  DEBUG   [poll]    -> read  st2mot    
15:09:44.849  DEBUG   [poll]    <- read  st2mot     ret=0  data=['0x00', '0x00']
15:09:44.849  DEBUG   [poll]    -> read  st0cur    
15:09:44.853  DEBUG   [poll]    <- read  st0cur     ret=0  data=['0x01', '0x02', '0x01', '0x02']
15:09:45.855  DEBUG   [poll]    -> read  st2mot    
15:09:45.858  DEBUG   [poll]    <- read  st2mot     ret=0  data=['0x00', '0x00']
15:09:45.858  DEBUG   [poll]    -> read  st0cur    
15:09:45.863  DEBUG   [poll]    <- read  st0cur     ret=0  data=['0x01', '0x02', '0x01', '0x02']
15:09:46.864  DEBUG   [poll]    -> read  st2mot    
15:09:46.868  DEBUG   [poll]    <- read  st2mot     ret=0  data=['0x00', '0x00']
15:09:46.868  DEBUG   [poll]    -> read  st0cur    
15:09:46.872  DEBUG   [poll]    <- read  st0cur     ret=0  data=['0x01', '0x02', '0x00', '0x02']
15:09:47.874  DEBUG   [poll]    -> read  st2mot    
15:09:47.877  DEBUG   [poll]    <- read  st2mot     ret=0  data=['0x00', '0x00']
15:09:47.877  DEBUG   [poll]    -> read  st0cur    
15:09:47.882  DEBUG   [poll]    <- read  st0cur     ret=0  data=['0x01', '0x02', '0x00', '0x02']
15:09:48.883  DEBUG   [poll]    -> read  st2mot    
15:09:48.887  DEBUG   [poll]    <- read  st2mot     ret=0  data=['0x00', '0x00']
15:09:48.887  DEBUG   [poll]    -> read  st0cur    
15:09:48.891  DEBUG   [poll]    <- read  st0cur     ret=0  data=['0x01', '0x02', '0x01', '0x02']
15:09:49.893  DEBUG   [poll]    -> read  st2mot    
15:09:49.896  DEBUG   [poll]    <- read  st2mot     ret=0  data=['0x00', '0x00']
15:09:49.896  DEBUG   [poll]    -> read  st0cur    
15:09:49.901  DEBUG   [poll]    <- read  st0cur     ret=0  data=['0x01', '0x02', '0x00', '0x02']
15:09:50.902  DEBUG   [poll]    -> read  st2mot    
15:09:50.905  DEBUG   [poll]    <- read  st2mot     ret=0  data=['0x00', '0x00']
15:09:50.906  DEBUG   [poll]    -> read  st0cur    
15:09:50.910  DEBUG   [poll]    <- read  st0cur     ret=0  data=['0x01', '0x02', '0x00', '0x02']
15:09:51.911  DEBUG   [poll]    -> read  st2mot    
15:09:51.915  DEBUG   [poll]    <- read  st2mot     ret=0  data=['0x00', '0x00']
15:09:51.915  DEBUG   [poll]    -> read  st0cur    
15:09:51.920  DEBUG   [poll]    <- read  st0cur     ret=0  data=['0x01', '0x02', '0x00', '0x02']
15:09:52.921  DEBUG   [poll]    -> read  st2mot    
15:09:52.925  DEBUG   [poll]    <- read  st2mot     ret=0  data=['0x00', '0x00']
15:09:52.925  DEBUG   [poll]    -> read  st0cur    
15:09:52.929  DEBUG   [poll]    <- read  st0cur     ret=0  data=['0x01', '0x02', '0x00', '0x02']
15:09:53.931  DEBUG   [poll]    -> read  st2mot    
15:09:53.934  DEBUG   [poll]    <- read  st2mot     ret=0  data=['0x00', '0x00']
15:09:53.934  DEBUG   [poll]    -> read  st0cur    
15:09:53.939  DEBUG   [poll]    <- read  st0cur     ret=0  data=['0x01', '0x02', '0x00', '0x02']
15:09:54.940  DEBUG   [poll]    -> read  st2mot    
15:09:54.943  DEBUG   [poll]    <- read  st2mot     ret=0  data=['0x00', '0x00']
15:09:54.944  DEBUG   [poll]    -> read  st0cur    
15:09:54.948  DEBUG   [poll]    <- read  st0cur     ret=0  data=['0x01', '0x02', '0x00', '0x02']
15:09:55.950  DEBUG   [poll]    -> read  st2mot    
15:09:55.953  DEBUG   [poll]    <- read  st2mot     ret=0  data=['0x00', '0x00']
15:09:55.953  DEBUG   [poll]    -> read  st0cur    
15:09:55.958  DEBUG   [poll]    <- read  st0cur     ret=0  data=['0x01', '0x02', '0x00', '0x02']
15:09:56.959  DEBUG   [poll]    -> read  st2mot    
15:09:56.962  DEBUG   [poll]    <- read  st2mot     ret=0  data=['0x00', '0x00']
15:09:56.963  DEBUG   [poll]    -> read  st0cur    
15:09:56.967  DEBUG   [poll]    <- read  st0cur     ret=0  data=['0x01', '0x02', '0x00', '0x02']
15:09:57.969  DEBUG   [poll]    -> read  st2mot    
15:09:57.972  DEBUG   [poll]    <- read  st2mot     ret=0  data=['0x00', '0x00']
15:09:57.973  DEBUG   [poll]    -> read  st0cur    
15:09:57.977  DEBUG   [poll]    <- read  st0cur     ret=0  data=['0x01', '0x02', '0x00', '0x02']
15:09:58.978  DEBUG   [poll]    -> read  st2mot    
15:09:58.982  DEBUG   [poll]    <- read  st2mot     ret=0  data=['0x00', '0x00']
15:09:58.982  DEBUG   [poll]    -> read  st0cur    
15:09:58.986  DEBUG   [poll]    <- read  st0cur     ret=0  data=['0x01', '0x02', '0x01', '0x02']
15:09:59.988  DEBUG   [poll]    -> read  st2mot    
15:09:59.991  DEBUG   [poll]    <- read  st2mot     ret=0  data=['0x00', '0x00']
15:09:59.992  DEBUG   [poll]    -> read  st0cur    
15:09:59.996  DEBUG   [poll]    <- read  st0cur     ret=0  data=['0x01', '0x02', '0x01', '0x02']
15:10:00.997  DEBUG   [poll]    -> read  st2mot    
15:10:01.001  DEBUG   [poll]    <- read  st2mot     ret=0  data=['0x00', '0x00']
15:10:01.001  DEBUG   [poll]    -> read  st0cur    
15:10:01.005  DEBUG   [poll]    <- read  st0cur     ret=0  data=['0x01', '0x02', '0x01', '0x02']
15:10:02.007  DEBUG   [poll]    -> read  st2mot    
15:10:02.010  DEBUG   [poll]    <- read  st2mot     ret=0  data=['0x00', '0x00']
15:10:02.011  DEBUG   [poll]    -> read  st0cur    
15:10:02.015  DEBUG   [poll]    <- read  st0cur     ret=0  data=['0x01', '0x02', '0x00', '0x02']
15:10:03.017  DEBUG   [poll]    -> read  st2mot    
15:10:03.020  DEBUG   [poll]    <- read  st2mot     ret=0  data=['0x00', '0x00']
15:10:03.020  DEBUG   [poll]    -> read  st0cur    
15:10:03.025  DEBUG   [poll]    <- read  st0cur     ret=0  data=['0x01', '0x02', '0x00', '0x02']
15:10:04.026  DEBUG   [poll]    -> read  st2mot    
15:10:04.029  DEBUG   [poll]    <- read  st2mot     ret=0  data=['0x00', '0x00']
15:10:04.030  DEBUG   [poll]    -> read  st0cur    
15:10:04.034  DEBUG   [poll]    <- read  st0cur     ret=0  data=['0x01', '0x02', '0x00', '0x02']
15:10:05.035  DEBUG   [poll]    -> read  st2mot    
15:10:05.039  DEBUG   [poll]    <- read  st2mot     ret=0  data=['0x00', '0x00']
15:10:05.039  DEBUG   [poll]    -> read  st0cur    
15:10:05.044  DEBUG   [poll]    <- read  st0cur     ret=0  data=['0x01', '0x02', '0x00', '0x02']
15:10:06.045  DEBUG   [poll]    -> read  st2mot    
15:10:06.048  DEBUG   [poll]    <- read  st2mot     ret=0  data=['0x00', '0x00']
15:10:06.049  DEBUG   [poll]    -> read  st0cur    
15:10:06.053  DEBUG   [poll]    <- read  st0cur     ret=0  data=['0x01', '0x02', '0x00', '0x02']
15:10:07.054  DEBUG   [poll]    -> read  st2mot    
15:10:07.058  DEBUG   [poll]    <- read  st2mot     ret=0  data=['0x00', '0x00']
15:10:07.058  DEBUG   [poll]    -> read  st0cur    
15:10:07.063  DEBUG   [poll]    <- read  st0cur     ret=0  data=['0x01', '0x02', '0x01', '0x02']
15:10:08.064  DEBUG   [poll]    -> read  st2mot    
15:10:08.068  DEBUG   [poll]    <- read  st2mot     ret=0  data=['0x00', '0x00']
15:10:08.068  DEBUG   [poll]    -> read  st0cur    
15:10:08.072  DEBUG   [poll]    <- read  st0cur     ret=0  data=['0x01', '0x02', '0x01', '0x02']
15:10:09.074  DEBUG   [poll]    -> read  st2mot    
15:10:09.077  DEBUG   [poll]    <- read  st2mot     ret=0  data=['0x00', '0x00']
15:10:09.078  DEBUG   [poll]    -> read  st0cur    
15:10:09.082  DEBUG   [poll]    <- read  st0cur     ret=0  data=['0x01', '0x02', '0x00', '0x02']
15:10:10.083  DEBUG   [poll]    -> read  st2mot    
15:10:10.086  DEBUG   [poll]    <- read  st2mot     ret=0  data=['0x00', '0x00']
15:10:10.087  DEBUG   [poll]    -> read  st0cur    
15:10:10.091  DEBUG   [poll]    <- read  st0cur     ret=0  data=['0x01', '0x02', '0x00', '0x02']
15:10:11.093  DEBUG   [poll]    -> read  st2mot    
15:10:11.096  DEBUG   [poll]    <- read  st2mot     ret=0  data=['0x00', '0x00']
15:10:11.096  DEBUG   [poll]    -> read  st0cur    
15:10:11.100  DEBUG   [poll]    <- read  st0cur     ret=0  data=['0x01', '0x02', '0x01', '0x02']
15:10:12.102  DEBUG   [poll]    -> read  st2mot    
15:10:12.106  DEBUG   [poll]    <- read  st2mot     ret=0  data=['0x00', '0x00']
15:10:12.106  DEBUG   [poll]    -> read  st0cur    
15:10:12.110  DEBUG   [poll]    <- read  st0cur     ret=0  data=['0x01', '0x02', '0x00', '0x02']
15:10:13.112  DEBUG   [poll]    -> read  st2mot    
15:10:13.115  DEBUG   [poll]    <- read  st2mot     ret=0  data=['0x00', '0x00']
15:10:13.116  DEBUG   [poll]    -> read  st0cur    
15:10:13.120  DEBUG   [poll]    <- read  st0cur     ret=0  data=['0x01', '0x02', '0x00', '0x02']
15:10:14.121  DEBUG   [poll]    -> read  st2mot    
15:10:14.125  DEBUG   [poll]    <- read  st2mot     ret=0  data=['0x00', '0x00']
15:10:14.125  DEBUG   [poll]    -> read  st0cur    
15:10:14.129  DEBUG   [poll]    <- read  st0cur     ret=0  data=['0x01', '0x02', '0x01', '0x02']
15:10:15.131  DEBUG   [poll]    -> read  st2mot    
15:10:15.134  DEBUG   [poll]    <- read  st2mot     ret=0  data=['0x00', '0x00']
15:10:15.135  DEBUG   [poll]    -> read  st0cur    
15:10:15.139  DEBUG   [poll]    <- read  st0cur     ret=0  data=['0x01', '0x02', '0x00', '0x02']
15:10:16.140  DEBUG   [poll]    -> read  st2mot    
15:10:16.144  DEBUG   [poll]    <- read  st2mot     ret=0  data=['0x00', '0x00']
15:10:16.144  DEBUG   [poll]    -> read  st0cur    
15:10:16.148  DEBUG   [poll]    <- read  st0cur     ret=0  data=['0x01', '0x02', '0x01', '0x02']
15:10:17.150  DEBUG   [poll]    -> read  st2mot    
15:10:17.153  DEBUG   [poll]    <- read  st2mot     ret=0  data=['0x00', '0x00']
15:10:17.154  DEBUG   [poll]    -> read  st0cur    
15:10:17.158  DEBUG   [poll]    <- read  st0cur     ret=0  data=['0x01', '0x02', '0x01', '0x02']
15:10:18.160  DEBUG   [poll]    -> read  st2mot    
15:10:18.163  DEBUG   [poll]    <- read  st2mot     ret=0  data=['0x00', '0x00']
15:10:18.163  DEBUG   [poll]    -> read  st0cur    
15:10:18.168  DEBUG   [poll]    <- read  st0cur     ret=0  data=['0x01', '0x02', '0x00', '0x02']
15:10:19.169  DEBUG   [poll]    -> read  st2mot    
15:10:19.173  DEBUG   [poll]    <- read  st2mot     ret=0  data=['0x00', '0x00']
15:10:19.173  DEBUG   [poll]    -> read  st0cur    
15:10:19.177  DEBUG   [poll]    <- read  st0cur     ret=0  data=['0x01', '0x02', '0x00', '0x02']
15:10:20.179  DEBUG   [poll]    -> read  st2mot    
15:10:20.182  DEBUG   [poll]    <- read  st2mot     ret=0  data=['0x00', '0x00']
15:10:20.182  DEBUG   [poll]    -> read  st0cur    
15:10:20.186  DEBUG   [poll]    <- read  st0cur     ret=0  data=['0x01', '0x02', '0x00', '0x02']
15:10:21.188  DEBUG   [poll]    -> read  st2mot    
15:10:21.191  DEBUG   [poll]    <- read  st2mot     ret=0  data=['0x00', '0x00']
15:10:21.192  DEBUG   [poll]    -> read  st0cur    
15:10:21.196  DEBUG   [poll]    <- read  st0cur     ret=0  data=['0x01', '0x02', '0x01', '0x02']
15:10:22.197  DEBUG   [poll]    -> read  st2mot    
15:10:22.201  DEBUG   [poll]    <- read  st2mot     ret=0  data=['0x00', '0x00']
15:10:22.201  DEBUG   [poll]    -> read  st0cur    
15:10:22.206  DEBUG   [poll]    <- read  st0cur     ret=0  data=['0x01', '0x02', '0x00', '0x02']
15:10:23.207  DEBUG   [poll]    -> read  st2mot    
15:10:23.210  DEBUG   [poll]    <- read  st2mot     ret=0  data=['0x00', '0x00']
15:10:23.211  DEBUG   [poll]    -> read  st0cur    
15:10:23.215  DEBUG   [poll]    <- read  st0cur     ret=0  data=['0x01', '0x02', '0x00', '0x02']
15:10:24.217  DEBUG   [poll]    -> read  st2mot    
15:10:24.220  DEBUG   [poll]    <- read  st2mot     ret=0  data=['0x00', '0x00']
15:10:24.220  DEBUG   [poll]    -> read  st0cur    
15:10:24.225  DEBUG   [poll]    <- read  st0cur     ret=0  data=['0x01', '0x02', '0x00', '0x02']
15:10:25.226  DEBUG   [poll]    -> read  st2mot    
15:10:25.229  DEBUG   [poll]    <- read  st2mot     ret=0  data=['0x00', '0x00']
15:10:25.230  DEBUG   [poll]    -> read  st0cur    
15:10:25.234  DEBUG   [poll]    <- read  st0cur     ret=0  data=['0x01', '0x02', '0x01', '0x02']
15:10:26.235  DEBUG   [poll]    -> read  st2mot    
15:10:26.239  DEBUG   [poll]    <- read  st2mot     ret=0  data=['0x00', '0x00']
15:10:26.239  DEBUG   [poll]    -> read  st0cur    
15:10:26.243  DEBUG   [poll]    <- read  st0cur     ret=0  data=['0x01', '0x02', '0x00', '0x02']
15:10:27.245  DEBUG   [poll]    -> read  st2mot    
15:10:27.248  DEBUG   [poll]    <- read  st2mot     ret=0  data=['0x00', '0x00']
15:10:27.249  DEBUG   [poll]    -> read  st0cur    
15:10:27.254  DEBUG   [poll]    <- read  st0cur     ret=0  data=['0x01', '0x02', '0x01', '0x02']
15:10:28.255  DEBUG   [poll]    -> read  st2mot    
15:10:28.259  DEBUG   [poll]    <- read  st2mot     ret=0  data=['0x00', '0x00']
15:10:28.259  DEBUG   [poll]    -> read  st0cur    
15:10:28.263  DEBUG   [poll]    <- read  st0cur     ret=0  data=['0x01', '0x02', '0x00', '0x02']
15:10:29.265  DEBUG   [poll]    -> read  st2mot    
15:10:29.268  DEBUG   [poll]    <- read  st2mot     ret=0  data=['0x00', '0x00']
15:10:29.269  DEBUG   [poll]    -> read  st0cur    
15:10:29.273  DEBUG   [poll]    <- read  st0cur     ret=0  data=['0x01', '0x02', '0x00', '0x02']
15:10:30.274  DEBUG   [poll]    -> read  st2mot    
15:10:30.278  DEBUG   [poll]    <- read  st2mot     ret=0  data=['0x00', '0x00']
15:10:30.278  DEBUG   [poll]    -> read  st0cur    
15:10:30.282  DEBUG   [poll]    <- read  st0cur     ret=0  data=['0x01', '0x02', '0x00', '0x02']
15:10:31.284  DEBUG   [poll]    -> read  st2mot    
15:10:31.287  DEBUG   [poll]    <- read  st2mot     ret=0  data=['0x00', '0x00']
15:10:31.288  DEBUG   [poll]    -> read  st0cur    
15:10:31.292  DEBUG   [poll]    <- read  st0cur     ret=0  data=['0x01', '0x02', '0x00', '0x02']
15:10:32.293  DEBUG   [poll]    -> read  st2mot    
15:10:32.297  DEBUG   [poll]    <- read  st2mot     ret=0  data=['0x00', '0x00']
15:10:32.297  DEBUG   [poll]    -> read  st0cur    
15:10:32.301  DEBUG   [poll]    <- read  st0cur     ret=0  data=['0x01', '0x02', '0x01', '0x02']
15:10:33.303  DEBUG   [poll]    -> read  st2mot    
15:10:33.306  DEBUG   [poll]    <- read  st2mot     ret=0  data=['0x00', '0x00']
15:10:33.307  DEBUG   [poll]    -> read  st0cur    
15:10:33.311  DEBUG   [poll]    <- read  st0cur     ret=0  data=['0x01', '0x02', '0x00', '0x02']
15:10:34.312  DEBUG   [poll]    -> read  st2mot    
15:10:34.316  DEBUG   [poll]    <- read  st2mot     ret=0  data=['0x00', '0x00']
15:10:34.316  DEBUG   [poll]    -> read  st0cur    
15:10:34.320  DEBUG   [poll]    <- read  st0cur     ret=0  data=['0x01', '0x02', '0x00', '0x02']
15:10:35.322  DEBUG   [poll]    -> read  st2mot    
15:10:35.325  DEBUG   [poll]    <- read  st2mot     ret=0  data=['0x00', '0x00']
15:10:35.325  DEBUG   [poll]    -> read  st0cur    
15:10:35.330  DEBUG   [poll]    <- read  st0cur     ret=0  data=['0x01', '0x02', '0x00', '0x02']
15:10:36.331  DEBUG   [poll]    -> read  st2mot    
15:10:36.334  DEBUG   [poll]    <- read  st2mot     ret=0  data=['0x00', '0x00']
15:10:36.335  DEBUG   [poll]    -> read  st0cur    
15:10:36.339  DEBUG   [poll]    <- read  st0cur     ret=0  data=['0x01', '0x02', '0x00', '0x02']
15:10:37.341  DEBUG   [poll]    -> read  st2mot    
15:10:37.344  DEBUG   [poll]    <- read  st2mot     ret=0  data=['0x00', '0x00']
15:10:37.345  DEBUG   [poll]    -> read  st0cur    
15:10:37.349  DEBUG   [poll]    <- read  st0cur     ret=0  data=['0x01', '0x02', '0x00', '0x02']
15:10:38.350  DEBUG   [poll]    -> read  st2mot    
15:10:38.354  DEBUG   [poll]    <- read  st2mot     ret=0  data=['0x00', '0x00']
15:10:38.354  DEBUG   [poll]    -> read  st0cur    
15:10:38.358  DEBUG   [poll]    <- read  st0cur     ret=0  data=['0x01', '0x02', '0x01', '0x02']
15:10:39.360  DEBUG   [poll]    -> read  st2mot    
15:10:39.363  DEBUG   [poll]    <- read  st2mot     ret=0  data=['0x00', '0x00']
15:10:39.363  DEBUG   [poll]    -> read  st0cur    
15:10:39.368  DEBUG   [poll]    <- read  st0cur     ret=0  data=['0x01', '0x02', '0x00', '0x02']
15:10:40.369  DEBUG   [poll]    -> read  st2mot    
15:10:40.372  DEBUG   [poll]    <- read  st2mot     ret=0  data=['0x00', '0x00']
15:10:40.373  DEBUG   [poll]    -> read  st0cur    
15:10:40.377  DEBUG   [poll]    <- read  st0cur     ret=0  data=['0x01', '0x02', '0x00', '0x02']
15:10:41.378  DEBUG   [poll]    -> read  st2mot    
15:10:41.382  DEBUG   [poll]    <- read  st2mot     ret=0  data=['0x00', '0x00']
15:10:41.382  DEBUG   [poll]    -> read  st0cur    
15:10:41.386  DEBUG   [poll]    <- read  st0cur     ret=0  data=['0x01', '0x02', '0x01', '0x02']
15:10:42.388  DEBUG   [poll]    -> read  st2mot    
15:10:42.391  DEBUG   [poll]    <- read  st2mot     ret=0  data=['0x00', '0x00']
15:10:42.392  DEBUG   [poll]    -> read  st0cur    
15:10:42.396  DEBUG   [poll]    <- read  st0cur     ret=0  data=['0x01', '0x02', '0x00', '0x02']
15:10:43.397  DEBUG   [poll]    -> read  st2mot    
15:10:43.401  DEBUG   [poll]    <- read  st2mot     ret=0  data=['0x00', '0x00']
15:10:43.401  DEBUG   [poll]    -> read  st0cur    
15:10:43.405  DEBUG   [poll]    <- read  st0cur     ret=0  data=['0x01', '0x02', '0x01', '0x02']
15:10:44.407  DEBUG   [poll]    -> read  st2mot    
15:10:44.410  DEBUG   [poll]    <- read  st2mot     ret=0  data=['0x00', '0x00']
15:10:44.411  DEBUG   [poll]    -> read  st0cur    
15:10:44.415  DEBUG   [poll]    <- read  st0cur     ret=0  data=['0x01', '0x02', '0x01', '0x02']
15:10:45.416  DEBUG   [poll]    -> read  st2mot    
15:10:45.420  DEBUG   [poll]    <- read  st2mot     ret=0  data=['0x00', '0x00']
15:10:45.420  DEBUG   [poll]    -> read  st0cur    
15:10:45.424  DEBUG   [poll]    <- read  st0cur     ret=0  data=['0x01', '0x02', '0x00', '0x02']
15:10:46.426  DEBUG   [poll]    -> read  st2mot    
15:10:46.429  DEBUG   [poll]    <- read  st2mot     ret=0  data=['0x00', '0x00']
15:10:46.429  DEBUG   [poll]    -> read  st0cur    
15:10:46.434  DEBUG   [poll]    <- read  st0cur     ret=0  data=['0x01', '0x02', '0x00', '0x02']
15:10:47.435  DEBUG   [poll]    -> read  st2mot    
15:10:47.439  DEBUG   [poll]    <- read  st2mot     ret=0  data=['0x00', '0x00']
15:10:47.439  DEBUG   [poll]    -> read  st0cur    
15:10:47.443  DEBUG   [poll]    <- read  st0cur     ret=0  data=['0x01', '0x02', '0x00', '0x02']
15:10:48.445  DEBUG   [poll]    -> read  st2mot    
15:10:48.448  DEBUG   [poll]    <- read  st2mot     ret=0  data=['0x00', '0x00']
15:10:48.449  DEBUG   [poll]    -> read  st0cur    
15:10:48.453  DEBUG   [poll]    <- read  st0cur     ret=0  data=['0x01', '0x02', '0x00', '0x02']
15:10:49.454  DEBUG   [poll]    -> read  st2mot    
15:10:49.458  DEBUG   [poll]    <- read  st2mot     ret=0  data=['0x00', '0x00']
15:10:49.458  DEBUG   [poll]    -> read  st0cur    
15:10:49.462  DEBUG   [poll]    <- read  st0cur     ret=0  data=['0x01', '0x02', '0x00', '0x02']
15:10:50.464  DEBUG   [poll]    -> read  st2mot    
15:10:50.467  DEBUG   [poll]    <- read  st2mot     ret=0  data=['0x00', '0x00']
15:10:50.467  DEBUG   [poll]    -> read  st0cur    
15:10:50.472  DEBUG   [poll]    <- read  st0cur     ret=0  data=['0x01', '0x02', '0x01', '0x02']
15:10:51.473  DEBUG   [poll]    -> read  st2mot    
15:10:51.477  DEBUG   [poll]    <- read  st2mot     ret=0  data=['0x00', '0x00']
15:10:51.477  DEBUG   [poll]    -> read  st0cur    
15:10:51.481  DEBUG   [poll]    <- read  st0cur     ret=0  data=['0x01', '0x02', '0x01', '0x02']
15:10:52.483  DEBUG   [poll]    -> read  st2mot    
15:10:52.486  DEBUG   [poll]    <- read  st2mot     ret=0  data=['0x00', '0x00']
15:10:52.486  DEBUG   [poll]    -> read  st0cur    
15:10:52.491  DEBUG   [poll]    <- read  st0cur     ret=0  data=['0x01', '0x02', '0x00', '0x02']
15:10:53.492  DEBUG   [poll]    -> read  st2mot    
15:10:53.496  DEBUG   [poll]    <- read  st2mot     ret=0  data=['0x00', '0x00']
15:10:53.496  DEBUG   [poll]    -> read  st0cur    
15:10:53.500  DEBUG   [poll]    <- read  st0cur     ret=0  data=['0x01', '0x02', '0x01', '0x02']
15:10:54.502  DEBUG   [poll]    -> read  st2mot    
15:10:54.505  DEBUG   [poll]    <- read  st2mot     ret=0  data=['0x00', '0x00']
15:10:54.506  DEBUG   [poll]    -> read  st0cur    
15:10:54.510  DEBUG   [poll]    <- read  st0cur     ret=0  data=['0x01', '0x02', '0x01', '0x02']
15:10:55.511  DEBUG   [poll]    -> read  st2mot    
15:10:55.515  DEBUG   [poll]    <- read  st2mot     ret=0  data=['0x00', '0x00']
15:10:55.515  DEBUG   [poll]    -> read  st0cur    
15:10:55.519  DEBUG   [poll]    <- read  st0cur     ret=0  data=['0x01', '0x02', '0x00', '0x02']
15:10:56.521  DEBUG   [poll]    -> read  st2mot    
15:10:56.524  DEBUG   [poll]    <- read  st2mot     ret=0  data=['0x00', '0x00']
15:10:56.524  DEBUG   [poll]    -> read  st0cur    
15:10:56.529  DEBUG   [poll]    <- read  st0cur     ret=0  data=['0x01', '0x02', '0x00', '0x02']
15:10:57.530  DEBUG   [poll]    -> read  st2mot    
15:10:57.534  DEBUG   [poll]    <- read  st2mot     ret=0  data=['0x00', '0x00']
15:10:57.534  DEBUG   [poll]    -> read  st0cur    
15:10:57.538  DEBUG   [poll]    <- read  st0cur     ret=0  data=['0x01', '0x02', '0x00', '0x02']
15:10:58.540  DEBUG   [poll]    -> read  st2mot    
15:10:58.543  DEBUG   [poll]    <- read  st2mot     ret=0  data=['0x00', '0x00']
15:10:58.544  DEBUG   [poll]    -> read  st0cur    
15:10:58.548  DEBUG   [poll]    <- read  st0cur     ret=0  data=['0x01', '0x02', '0x00', '0x02']
15:10:59.549  DEBUG   [poll]    -> read  st2mot    
15:10:59.553  DEBUG   [poll]    <- read  st2mot     ret=0  data=['0x00', '0x00']
15:10:59.553  DEBUG   [poll]    -> read  st0cur    
15:10:59.557  DEBUG   [poll]    <- read  st0cur     ret=0  data=['0x01', '0x02', '0x00', '0x02']
15:11:00.559  DEBUG   [poll]    -> read  st2mot    
15:11:00.562  DEBUG   [poll]    <- read  st2mot     ret=0  data=['0x00', '0x00']
15:11:00.562  DEBUG   [poll]    -> read  st0cur    
15:11:00.567  DEBUG   [poll]    <- read  st0cur     ret=0  data=['0x01', '0x02', '0x00', '0x02']
15:11:01.568  DEBUG   [poll]    -> read  st2mot    
15:11:01.572  DEBUG   [poll]    <- read  st2mot     ret=0  data=['0x00', '0x00']
15:11:01.572  DEBUG   [poll]    -> read  st0cur    
15:11:01.576  DEBUG   [poll]    <- read  st0cur     ret=0  data=['0x01', '0x02', '0x01', '0x02']
15:11:02.578  DEBUG   [poll]    -> read  st2mot    
15:11:02.581  DEBUG   [poll]    <- read  st2mot     ret=0  data=['0x00', '0x00']
15:11:02.582  DEBUG   [poll]    -> read  st0cur    
15:11:02.586  DEBUG   [poll]    <- read  st0cur     ret=0  data=['0x01', '0x02', '0x01', '0x02']
15:11:03.588  DEBUG   [poll]    -> read  st2mot    
15:11:03.591  DEBUG   [poll]    <- read  st2mot     ret=0  data=['0x00', '0x00']
15:11:03.592  DEBUG   [poll]    -> read  st0cur    
15:11:03.596  DEBUG   [poll]    <- read  st0cur     ret=0  data=['0x01', '0x02', '0x01', '0x02']
15:11:04.597  DEBUG   [poll]    -> read  st2mot    
15:11:04.601  DEBUG   [poll]    <- read  st2mot     ret=0  data=['0x00', '0x00']
15:11:04.601  DEBUG   [poll]    -> read  st0cur    
15:11:04.605  DEBUG   [poll]    <- read  st0cur     ret=0  data=['0x01', '0x02', '0x00', '0x02']
15:11:05.607  DEBUG   [poll]    -> read  st2mot    
15:11:05.610  DEBUG   [poll]    <- read  st2mot     ret=0  data=['0x00', '0x00']
15:11:05.610  DEBUG   [poll]    -> read  st0cur    
15:11:05.615  DEBUG   [poll]    <- read  st0cur     ret=0  data=['0x01', '0x02', '0x00', '0x02']
15:11:06.616  DEBUG   [poll]    -> read  st2mot    
15:11:06.620  DEBUG   [poll]    <- read  st2mot     ret=0  data=['0x00', '0x00']
15:11:06.620  DEBUG   [poll]    -> read  st0cur    
15:11:06.624  DEBUG   [poll]    <- read  st0cur     ret=0  data=['0x01', '0x02', '0x01', '0x02']
15:11:07.626  DEBUG   [poll]    -> read  st2mot    
15:11:07.629  DEBUG   [poll]    <- read  st2mot     ret=0  data=['0x00', '0x00']
15:11:07.630  DEBUG   [poll]    -> read  st0cur    
15:11:07.634  DEBUG   [poll]    <- read  st0cur     ret=0  data=['0x01', '0x02', '0x00', '0x02']
15:11:08.635  DEBUG   [poll]    -> read  st2mot    
15:11:08.639  DEBUG   [poll]    <- read  st2mot     ret=0  data=['0x00', '0x00']
15:11:08.639  DEBUG   [poll]    -> read  st0cur    
15:11:08.643  DEBUG   [poll]    <- read  st0cur     ret=0  data=['0x01', '0x02', '0x01', '0x02']
15:11:09.645  DEBUG   [poll]    -> read  st2mot    
15:11:09.648  DEBUG   [poll]    <- read  st2mot     ret=0  data=['0x00', '0x00']
15:11:09.649  DEBUG   [poll]    -> read  st0cur    
15:11:09.653  DEBUG   [poll]    <- read  st0cur     ret=0  data=['0x01', '0x02', '0x00', '0x02']
15:11:10.654  DEBUG   [poll]    -> read  st2mot    
15:11:10.658  DEBUG   [poll]    <- read  st2mot     ret=0  data=['0x00', '0x00']
15:11:10.658  DEBUG   [poll]    -> read  st0cur    
15:11:10.662  DEBUG   [poll]    <- read  st0cur     ret=0  data=['0x01', '0x02', '0x00', '0x02']
15:11:11.664  DEBUG   [poll]    -> read  st2mot    
15:11:11.667  DEBUG   [poll]    <- read  st2mot     ret=0  data=['0x00', '0x00']
15:11:11.668  DEBUG   [poll]    -> read  st0cur    
15:11:11.672  DEBUG   [poll]    <- read  st0cur     ret=0  data=['0x01', '0x02', '0x00', '0x02']
15:11:12.673  DEBUG   [poll]    -> read  st2mot    
15:11:12.677  DEBUG   [poll]    <- read  st2mot     ret=0  data=['0x00', '0x00']
15:11:12.677  DEBUG   [poll]    -> read  st0cur    
15:11:12.682  DEBUG   [poll]    <- read  st0cur     ret=0  data=['0x01', '0x02', '0x00', '0x02']
15:11:13.683  DEBUG   [poll]    -> read  st2mot    
15:11:13.686  DEBUG   [poll]    <- read  st2mot     ret=0  data=['0x00', '0x00']
15:11:13.687  DEBUG   [poll]    -> read  st0cur    
15:11:13.691  DEBUG   [poll]    <- read  st0cur     ret=0  data=['0x01', '0x02', '0x00', '0x02']
15:11:14.693  DEBUG   [poll]    -> read  st2mot    
15:11:14.696  DEBUG   [poll]    <- read  st2mot     ret=0  data=['0x00', '0x00']
15:11:14.696  DEBUG   [poll]    -> read  st0cur    
15:11:14.701  DEBUG   [poll]    <- read  st0cur     ret=0  data=['0x01', '0x02', '0x00', '0x02']
15:11:15.702  DEBUG   [poll]    -> read  st2mot    
15:11:15.706  DEBUG   [poll]    <- read  st2mot     ret=0  data=['0x00', '0x00']
15:11:15.706  DEBUG   [poll]    -> read  st0cur    
15:11:15.710  DEBUG   [poll]    <- read  st0cur     ret=0  data=['0x01', '0x02', '0x01', '0x02']
15:11:16.712  DEBUG   [poll]    -> read  st2mot    
15:11:16.715  DEBUG   [poll]    <- read  st2mot     ret=0  data=['0x00', '0x00']
15:11:16.715  DEBUG   [poll]    -> read  st0cur    
15:11:16.720  DEBUG   [poll]    <- read  st0cur     ret=0  data=['0x01', '0x02', '0x01', '0x02']
15:11:17.721  DEBUG   [poll]    -> read  st2mot    
15:11:17.724  DEBUG   [poll]    <- read  st2mot     ret=0  data=['0x00', '0x00']
15:11:17.725  DEBUG   [poll]    -> read  st0cur    
15:11:17.729  DEBUG   [poll]    <- read  st0cur     ret=0  data=['0x01', '0x02', '0x00', '0x02']
15:11:18.731  DEBUG   [poll]    -> read  st2mot    
15:11:18.734  DEBUG   [poll]    <- read  st2mot     ret=0  data=['0x00', '0x00']
15:11:18.734  DEBUG   [poll]    -> read  st0cur    
15:11:18.739  DEBUG   [poll]    <- read  st0cur     ret=0  data=['0x01', '0x02', '0x00', '0x02']
15:11:19.740  DEBUG   [poll]    -> read  st2mot    
15:11:19.743  DEBUG   [poll]    <- read  st2mot     ret=0  data=['0x00', '0x00']
15:11:19.744  DEBUG   [poll]    -> read  st0cur    
15:11:19.748  DEBUG   [poll]    <- read  st0cur     ret=0  data=['0x01', '0x02', '0x00', '0x02']
15:11:20.749  DEBUG   [poll]    -> read  st2mot    
15:11:20.753  DEBUG   [poll]    <- read  st2mot     ret=0  data=['0x00', '0x00']
15:11:20.753  DEBUG   [poll]    -> read  st0cur    
15:11:20.757  DEBUG   [poll]    <- read  st0cur     ret=0  data=['0x01', '0x02', '0x01', '0x02']
15:11:21.759  DEBUG   [poll]    -> read  st2mot    
15:11:21.762  DEBUG   [poll]    <- read  st2mot     ret=0  data=['0x00', '0x00']
15:11:21.762  DEBUG   [poll]    -> read  st0cur    
15:11:21.767  DEBUG   [poll]    <- read  st0cur     ret=0  data=['0x01', '0x02', '0x00', '0x02']
15:11:22.768  DEBUG   [poll]    -> read  st2mot    
15:11:22.772  DEBUG   [poll]    <- read  st2mot     ret=0  data=['0x00', '0x00']
15:11:22.772  DEBUG   [poll]    -> read  st0cur    
15:11:22.776  DEBUG   [poll]    <- read  st0cur     ret=0  data=['0x01', '0x02', '0x01', '0x02']
15:11:23.778  DEBUG   [poll]    -> read  st2mot    
15:11:23.781  DEBUG   [poll]    <- read  st2mot     ret=0  data=['0x00', '0x00']
15:11:23.782  DEBUG   [poll]    -> read  st0cur    
15:11:23.786  DEBUG   [poll]    <- read  st0cur     ret=0  data=['0x01', '0x02', '0x01', '0x02']
15:11:24.787  DEBUG   [poll]    -> read  st2mot    
15:11:24.791  DEBUG   [poll]    <- read  st2mot     ret=0  data=['0x00', '0x00']
15:11:24.791  DEBUG   [poll]    -> read  st0cur    
15:11:24.795  DEBUG   [poll]    <- read  st0cur     ret=0  data=['0x01', '0x02', '0x00', '0x02']
15:11:25.797  DEBUG   [poll]    -> read  st2mot    
15:11:25.800  DEBUG   [poll]    <- read  st2mot     ret=0  data=['0x00', '0x00']
15:11:25.801  DEBUG   [poll]    -> read  st0cur    
15:11:25.805  DEBUG   [poll]    <- read  st0cur     ret=0  data=['0x01', '0x02', '0x00', '0x02']
15:11:26.806  DEBUG   [poll]    -> read  st2mot    
15:11:26.810  DEBUG   [poll]    <- read  st2mot     ret=0  data=['0x00', '0x00']
15:11:26.810  DEBUG   [poll]    -> read  st0cur    
15:11:26.814  DEBUG   [poll]    <- read  st0cur     ret=0  data=['0x01', '0x02', '0x00', '0x02']
15:11:27.816  DEBUG   [poll]    -> read  st2mot    
15:11:27.819  DEBUG   [poll]    <- read  st2mot     ret=0  data=['0x00', '0x00']
15:11:27.820  DEBUG   [poll]    -> read  st0cur    
15:11:27.824  DEBUG   [poll]    <- read  st0cur     ret=0  data=['0x01', '0x02', '0x00', '0x02']
15:11:28.825  DEBUG   [poll]    -> read  st2mot    
15:11:28.829  DEBUG   [poll]    <- read  st2mot     ret=0  data=['0x00', '0x00']
15:11:28.829  DEBUG   [poll]    -> read  st0cur    
15:11:28.833  DEBUG   [poll]    <- read  st0cur     ret=0  data=['0x01', '0x02', '0x00', '0x02']
15:11:29.835  DEBUG   [poll]    -> read  st2mot    
15:11:29.838  DEBUG   [poll]    <- read  st2mot     ret=0  data=['0x00', '0x00']
15:11:29.839  DEBUG   [poll]    -> read  st0cur    
15:11:29.843  DEBUG   [poll]    <- read  st0cur     ret=0  data=['0x01', '0x02', '0x01', '0x02']
15:11:30.844  DEBUG   [poll]    -> read  st2mot    
15:11:30.848  DEBUG   [poll]    <- read  st2mot     ret=0  data=['0x00', '0x00']
15:11:30.848  DEBUG   [poll]    -> read  st0cur    
15:11:30.852  DEBUG   [poll]    <- read  st0cur     ret=0  data=['0x01', '0x02', '0x00', '0x02']
15:11:31.854  DEBUG   [poll]    -> read  st2mot    
15:11:31.857  DEBUG   [poll]    <- read  st2mot     ret=0  data=['0x00', '0x00']
15:11:31.857  DEBUG   [poll]    -> read  st0cur    
15:11:31.862  DEBUG   [poll]    <- read  st0cur     ret=0  data=['0x01', '0x02', '0x00', '0x02']
15:11:32.863  DEBUG   [poll]    -> read  st2mot    
15:11:32.866  DEBUG   [poll]    <- read  st2mot     ret=0  data=['0x00', '0x00']
15:11:32.867  DEBUG   [poll]    -> read  st0cur    
15:11:32.871  DEBUG   [poll]    <- read  st0cur     ret=0  data=['0x01', '0x02', '0x01', '0x02']
15:11:33.873  DEBUG   [poll]    -> read  st2mot    
15:11:33.876  DEBUG   [poll]    <- read  st2mot     ret=0  data=['0x00', '0x00']
15:11:33.876  DEBUG   [poll]    -> read  st0cur    
15:11:33.881  DEBUG   [poll]    <- read  st0cur     ret=0  data=['0x01', '0x02', '0x01', '0x02']
15:11:34.882  DEBUG   [poll]    -> read  st2mot    
15:11:34.885  DEBUG   [poll]    <- read  st2mot     ret=0  data=['0x00', '0x00']
15:11:34.886  DEBUG   [poll]    -> read  st0cur    
15:11:34.890  DEBUG   [poll]    <- read  st0cur     ret=0  data=['0x01', '0x02', '0x01', '0x02']
15:11:35.892  DEBUG   [poll]    -> read  st2mot    
15:11:35.895  DEBUG   [poll]    <- read  st2mot     ret=0  data=['0x00', '0x00']
15:11:35.895  DEBUG   [poll]    -> read  st0cur    
15:11:35.899  DEBUG   [poll]    <- read  st0cur     ret=0  data=['0x01', '0x02', '0x01', '0x02']
15:11:36.901  DEBUG   [poll]    -> read  st2mot    
15:11:36.904  DEBUG   [poll]    <- read  st2mot     ret=0  data=['0x00', '0x00']
15:11:36.905  DEBUG   [poll]    -> read  st0cur    
15:11:36.909  DEBUG   [poll]    <- read  st0cur     ret=0  data=['0x01', '0x02', '0x00', '0x02']
15:11:37.910  DEBUG   [poll]    -> read  st2mot    
15:11:37.914  DEBUG   [poll]    <- read  st2mot     ret=0  data=['0x00', '0x00']
15:11:37.914  DEBUG   [poll]    -> read  st0cur    
15:11:37.919  DEBUG   [poll]    <- read  st0cur     ret=0  data=['0x01', '0x02', '0x00', '0x02']
15:11:38.920  DEBUG   [poll]    -> read  st2mot    
15:11:38.923  DEBUG   [poll]    <- read  st2mot     ret=0  data=['0x00', '0x00']
15:11:38.924  DEBUG   [poll]    -> read  st0cur    
15:11:38.928  DEBUG   [poll]    <- read  st0cur     ret=0  data=['0x01', '0x02', '0x01', '0x02']
15:11:39.929  DEBUG   [poll]    -> read  st2mot    
15:11:39.933  DEBUG   [poll]    <- read  st2mot     ret=0  data=['0x00', '0x00']
15:11:39.933  DEBUG   [poll]    -> read  st0cur    
15:11:39.937  DEBUG   [poll]    <- read  st0cur     ret=0  data=['0x01', '0x02', '0x00', '0x02']
15:11:40.939  DEBUG   [poll]    -> read  st2mot    
15:11:40.942  DEBUG   [poll]    <- read  st2mot     ret=0  data=['0x00', '0x00']
15:11:40.942  DEBUG   [poll]    -> read  st0cur    
15:11:40.947  DEBUG   [poll]    <- read  st0cur     ret=0  data=['0x01', '0x02', '0x00', '0x02']
15:11:41.948  DEBUG   [poll]    -> read  st2mot    
15:11:41.952  DEBUG   [poll]    <- read  st2mot     ret=0  data=['0x00', '0x00']
15:11:41.952  DEBUG   [poll]    -> read  st0cur    
15:11:41.956  DEBUG   [poll]    <- read  st0cur     ret=0  data=['0x01', '0x02', '0x01', '0x02']
15:11:42.958  DEBUG   [poll]    -> read  st2mot    
15:11:42.961  DEBUG   [poll]    <- read  st2mot     ret=0  data=['0x00', '0x00']
15:11:42.962  DEBUG   [poll]    -> read  st0cur    
15:11:42.966  DEBUG   [poll]    <- read  st0cur     ret=0  data=['0x01', '0x02', '0x01', '0x02']
15:11:43.967  DEBUG   [poll]    -> read  st2mot    
15:11:43.971  DEBUG   [poll]    <- read  st2mot     ret=0  data=['0x00', '0x00']
15:11:43.971  DEBUG   [poll]    -> read  st0cur    
15:11:43.975  DEBUG   [poll]    <- read  st0cur     ret=0  data=['0x01', '0x02', '0x01', '0x02']
15:11:44.977  DEBUG   [poll]    -> read  st2mot    
15:11:44.980  DEBUG   [poll]    <- read  st2mot     ret=0  data=['0x00', '0x00']
15:11:44.980  DEBUG   [poll]    -> read  st0cur    
15:11:44.985  DEBUG   [poll]    <- read  st0cur     ret=0  data=['0x01', '0x02', '0x00', '0x02']
15:11:45.986  DEBUG   [poll]    -> read  st2mot    
15:11:45.989  DEBUG   [poll]    <- read  st2mot     ret=0  data=['0x00', '0x00']
15:11:45.990  DEBUG   [poll]    -> read  st0cur    
15:11:45.994  DEBUG   [poll]    <- read  st0cur     ret=0  data=['0x01', '0x02', '0x01', '0x02']
15:11:46.995  DEBUG   [poll]    -> read  st2mot    
15:11:46.999  DEBUG   [poll]    <- read  st2mot     ret=0  data=['0x00', '0x00']
15:11:46.999  DEBUG   [poll]    -> read  st0cur    
15:11:47.003  DEBUG   [poll]    <- read  st0cur     ret=0  data=['0x01', '0x02', '0x01', '0x02']
15:11:48.005  DEBUG   [poll]    -> read  st2mot    
15:11:48.008  DEBUG   [poll]    <- read  st2mot     ret=0  data=['0x00', '0x00']
15:11:48.009  DEBUG   [poll]    -> read  st0cur    
15:11:48.013  DEBUG   [poll]    <- read  st0cur     ret=0  data=['0x01', '0x02', '0x00', '0x02']
15:11:49.015  DEBUG   [poll]    -> read  st2mot    
15:11:49.018  DEBUG   [poll]    <- read  st2mot     ret=0  data=['0x00', '0x00']
15:11:49.018  DEBUG   [poll]    -> read  st0cur    
15:11:49.023  DEBUG   [poll]    <- read  st0cur     ret=0  data=['0x01', '0x02', '0x00', '0x02']
15:11:50.024  DEBUG   [poll]    -> read  st2mot    
15:11:50.027  DEBUG   [poll]    <- read  st2mot     ret=0  data=['0x00', '0x00']
15:11:50.028  DEBUG   [poll]    -> read  st0cur    
15:11:50.032  DEBUG   [poll]    <- read  st0cur     ret=0  data=['0x01', '0x02', '0x00', '0x02']
15:11:51.034  DEBUG   [poll]    -> read  st2mot    
15:11:51.037  DEBUG   [poll]    <- read  st2mot     ret=0  data=['0x00', '0x00']
15:11:51.037  DEBUG   [poll]    -> read  st0cur    
15:11:51.042  DEBUG   [poll]    <- read  st0cur     ret=0  data=['0x01', '0x02', '0x01', '0x02']
15:11:52.043  DEBUG   [poll]    -> read  st2mot    
15:11:52.046  DEBUG   [poll]    <- read  st2mot     ret=0  data=['0x00', '0x00']
15:11:52.047  DEBUG   [poll]    -> read  st0cur    
15:11:52.051  DEBUG   [poll]    <- read  st0cur     ret=0  data=['0x01', '0x02', '0x00', '0x02']
15:11:53.052  DEBUG   [poll]    -> read  st2mot    
15:11:53.056  DEBUG   [poll]    <- read  st2mot     ret=0  data=['0x00', '0x00']
15:11:53.056  DEBUG   [poll]    -> read  st0cur    
15:11:53.061  DEBUG   [poll]    <- read  st0cur     ret=0  data=['0x01', '0x02', '0x01', '0x02']
15:11:54.062  DEBUG   [poll]    -> read  st2mot    
15:11:54.065  DEBUG   [poll]    <- read  st2mot     ret=0  data=['0x00', '0x00']
15:11:54.066  DEBUG   [poll]    -> read  st0cur    
15:11:54.070  DEBUG   [poll]    <- read  st0cur     ret=0  data=['0x01', '0x02', '0x00', '0x02']
15:11:55.071  DEBUG   [poll]    -> read  st2mot    
15:11:55.075  DEBUG   [poll]    <- read  st2mot     ret=0  data=['0x00', '0x00']
15:11:55.075  DEBUG   [poll]    -> read  st0cur    
15:11:55.079  DEBUG   [poll]    <- read  st0cur     ret=0  data=['0x01', '0x02', '0x01', '0x02']
15:11:56.081  DEBUG   [poll]    -> read  st2mot    
15:11:56.084  DEBUG   [poll]    <- read  st2mot     ret=0  data=['0x00', '0x00']
15:11:56.085  DEBUG   [poll]    -> read  st0cur    
15:11:56.089  DEBUG   [poll]    <- read  st0cur     ret=0  data=['0x01', '0x02', '0x00', '0x02']
15:11:57.090  DEBUG   [poll]    -> read  st2mot    
15:11:57.094  DEBUG   [poll]    <- read  st2mot     ret=0  data=['0x00', '0x00']
15:11:57.094  DEBUG   [poll]    -> read  st0cur    
15:11:57.098  DEBUG   [poll]    <- read  st0cur     ret=0  data=['0x01', '0x02', '0x01', '0x02']
15:11:58.100  DEBUG   [poll]    -> read  st2mot    
15:11:58.103  DEBUG   [poll]    <- read  st2mot     ret=0  data=['0x00', '0x00']
15:11:58.104  DEBUG   [poll]    -> read  st0cur    
15:11:58.108  DEBUG   [poll]    <- read  st0cur     ret=0  data=['0x01', '0x02', '0x01', '0x02']
15:11:59.110  DEBUG   [poll]    -> read  st2mot    
15:11:59.113  DEBUG   [poll]    <- read  st2mot     ret=0  data=['0x00', '0x00']
15:11:59.114  DEBUG   [poll]    -> read  st0cur    
15:11:59.118  DEBUG   [poll]    <- read  st0cur     ret=0  data=['0x01', '0x02', '0x00', '0x02']
15:12:00.119  DEBUG   [poll]    -> read  st2mot    
15:12:00.123  DEBUG   [poll]    <- read  st2mot     ret=0  data=['0x00', '0x00']
15:12:00.123  DEBUG   [poll]    -> read  st0cur    
15:12:00.127  DEBUG   [poll]    <- read  st0cur     ret=0  data=['0x01', '0x02', '0x00', '0x02']
15:12:01.129  DEBUG   [poll]    -> read  st2mot    
15:12:01.132  DEBUG   [poll]    <- read  st2mot     ret=0  data=['0x00', '0x00']
15:12:01.132  DEBUG   [poll]    -> read  st0cur    
15:12:01.137  DEBUG   [poll]    <- read  st0cur     ret=0  data=['0x01', '0x02', '0x00', '0x02']
15:12:02.138  DEBUG   [poll]    -> read  st2mot    
15:12:02.142  DEBUG   [poll]    <- read  st2mot     ret=0  data=['0x00', '0x00']
15:12:02.142  DEBUG   [poll]    -> read  st0cur    
15:12:02.146  DEBUG   [poll]    <- read  st0cur     ret=0  data=['0x01', '0x02', '0x01', '0x02']
15:12:03.148  DEBUG   [poll]    -> read  st2mot    
15:12:03.151  DEBUG   [poll]    <- read  st2mot     ret=0  data=['0x00', '0x00']
15:12:03.152  DEBUG   [poll]    -> read  st0cur    
15:12:03.156  DEBUG   [poll]    <- read  st0cur     ret=0  data=['0x01', '0x02', '0x01', '0x02']
15:12:04.157  DEBUG   [poll]    -> read  st2mot    
15:12:04.161  DEBUG   [poll]    <- read  st2mot     ret=0  data=['0x00', '0x00']
15:12:04.161  DEBUG   [poll]    -> read  st0cur    
15:12:04.165  DEBUG   [poll]    <- read  st0cur     ret=0  data=['0x01', '0x02', '0x01', '0x02']
15:12:05.167  DEBUG   [poll]    -> read  st2mot    
15:12:05.170  DEBUG   [poll]    <- read  st2mot     ret=0  data=['0x00', '0x00']
15:12:05.171  DEBUG   [poll]    -> read  st0cur    
15:12:05.175  DEBUG   [poll]    <- read  st0cur     ret=0  data=['0x01', '0x02', '0x01', '0x02']
15:12:06.176  DEBUG   [poll]    -> read  st2mot    
15:12:06.180  DEBUG   [poll]    <- read  st2mot     ret=0  data=['0x00', '0x00']
15:12:06.180  DEBUG   [poll]    -> read  st0cur    
15:12:06.184  DEBUG   [poll]    <- read  st0cur     ret=0  data=['0x01', '0x02', '0x01', '0x02']
15:12:07.186  DEBUG   [poll]    -> read  st2mot    
15:12:07.189  DEBUG   [poll]    <- read  st2mot     ret=0  data=['0x00', '0x00']
15:12:07.189  DEBUG   [poll]    -> read  st0cur    
15:12:07.194  DEBUG   [poll]    <- read  st0cur     ret=0  data=['0x01', '0x02', '0x01', '0x02']
15:12:08.195  DEBUG   [poll]    -> read  st2mot    
15:12:08.198  DEBUG   [poll]    <- read  st2mot     ret=0  data=['0x00', '0x00']
15:12:08.199  DEBUG   [poll]    -> read  st0cur    
15:12:08.203  DEBUG   [poll]    <- read  st0cur     ret=0  data=['0x01', '0x02', '0x00', '0x02']
15:12:09.205  DEBUG   [poll]    -> read  st2mot    
15:12:09.208  DEBUG   [poll]    <- read  st2mot     ret=0  data=['0x00', '0x00']
15:12:09.209  DEBUG   [poll]    -> read  st0cur    
15:12:09.213  DEBUG   [poll]    <- read  st0cur     ret=0  data=['0x01', '0x02', '0x01', '0x02']
15:12:10.214  DEBUG   [poll]    -> read  st2mot    
15:12:10.218  DEBUG   [poll]    <- read  st2mot     ret=0  data=['0x00', '0x00']
15:12:10.218  DEBUG   [poll]    -> read  st0cur    
15:12:10.222  DEBUG   [poll]    <- read  st0cur     ret=0  data=['0x01', '0x02', '0x01', '0x02']
15:12:11.224  DEBUG   [poll]    -> read  st2mot    
15:12:11.227  DEBUG   [poll]    <- read  st2mot     ret=0  data=['0x00', '0x00']
15:12:11.228  DEBUG   [poll]    -> read  st0cur    
15:12:11.232  DEBUG   [poll]    <- read  st0cur     ret=0  data=['0x01', '0x02', '0x01', '0x02']
15:12:12.233  DEBUG   [poll]    -> read  st2mot    
15:12:12.237  DEBUG   [poll]    <- read  st2mot     ret=0  data=['0x00', '0x00']
15:12:12.237  DEBUG   [poll]    -> read  st0cur    
15:12:12.242  DEBUG   [poll]    <- read  st0cur     ret=0  data=['0x01', '0x02', '0x01', '0x02']
15:12:13.243  DEBUG   [poll]    -> read  st2mot    
15:12:13.247  DEBUG   [poll]    <- read  st2mot     ret=0  data=['0x00', '0x00']
15:12:13.247  DEBUG   [poll]    -> read  st0cur    
15:12:13.251  DEBUG   [poll]    <- read  st0cur     ret=0  data=['0x01', '0x02', '0x01', '0x02']
15:12:14.253  DEBUG   [poll]    -> read  st2mot    
15:12:14.256  DEBUG   [poll]    <- read  st2mot     ret=0  data=['0x00', '0x00']
15:12:14.257  DEBUG   [poll]    -> read  st0cur    
15:12:14.261  DEBUG   [poll]    <- read  st0cur     ret=0  data=['0x01', '0x02', '0x01', '0x02']
15:12:15.263  DEBUG   [poll]    -> read  st2mot    
15:12:15.266  DEBUG   [poll]    <- read  st2mot     ret=0  data=['0x00', '0x00']
15:12:15.266  DEBUG   [poll]    -> read  st0cur    
15:12:15.270  DEBUG   [poll]    <- read  st0cur     ret=0  data=['0x01', '0x02', '0x01', '0x02']
15:12:16.272  DEBUG   [poll]    -> read  st2mot    
15:12:16.275  DEBUG   [poll]    <- read  st2mot     ret=0  data=['0x00', '0x00']
15:12:16.276  DEBUG   [poll]    -> read  st0cur    
15:12:16.280  DEBUG   [poll]    <- read  st0cur     ret=0  data=['0x01', '0x02', '0x01', '0x02']
15:12:17.282  DEBUG   [poll]    -> read  st2mot    
15:12:17.285  DEBUG   [poll]    <- read  st2mot     ret=0  data=['0x00', '0x00']
15:12:17.285  DEBUG   [poll]    -> read  st0cur    
15:12:17.290  DEBUG   [poll]    <- read  st0cur     ret=0  data=['0x01', '0x02', '0x00', '0x02']
15:12:18.291  DEBUG   [poll]    -> read  st2mot    
15:12:18.295  DEBUG   [poll]    <- read  st2mot     ret=0  data=['0x00', '0x00']
15:12:18.295  DEBUG   [poll]    -> read  st0cur    
15:12:18.299  DEBUG   [poll]    <- read  st0cur     ret=0  data=['0x01', '0x02', '0x01', '0x02']
15:12:19.301  DEBUG   [poll]    -> read  st2mot    
15:12:19.304  DEBUG   [poll]    <- read  st2mot     ret=0  data=['0x00', '0x00']
15:12:19.305  DEBUG   [poll]    -> read  st0cur    
15:12:19.309  DEBUG   [poll]    <- read  st0cur     ret=0  data=['0x01', '0x02', '0x01', '0x02']
15:12:20.310  DEBUG   [poll]    -> read  st2mot    
15:12:20.314  DEBUG   [poll]    <- read  st2mot     ret=0  data=['0x00', '0x00']
15:12:20.314  DEBUG   [poll]    -> read  st0cur    
15:12:20.318  DEBUG   [poll]    <- read  st0cur     ret=0  data=['0x01', '0x02', '0x01', '0x02']
15:12:21.320  DEBUG   [poll]    -> read  st2mot    
15:12:21.323  DEBUG   [poll]    <- read  st2mot     ret=0  data=['0x00', '0x00']
15:12:21.323  DEBUG   [poll]    -> read  st0cur    
15:12:21.328  DEBUG   [poll]    <- read  st0cur     ret=0  data=['0x01', '0x02', '0x01', '0x02']
15:12:22.329  DEBUG   [poll]    -> read  st2mot    
15:12:22.332  DEBUG   [poll]    <- read  st2mot     ret=0  data=['0x00', '0x00']
15:12:22.333  DEBUG   [poll]    -> read  st0cur    
15:12:22.337  DEBUG   [poll]    <- read  st0cur     ret=0  data=['0x01', '0x02', '0x00', '0x02']
15:12:23.338  DEBUG   [poll]    -> read  st2mot    
15:12:23.342  DEBUG   [poll]    <- read  st2mot     ret=0  data=['0x00', '0x00']
15:12:23.342  DEBUG   [poll]    -> read  st0cur    
15:12:23.347  DEBUG   [poll]    <- read  st0cur     ret=0  data=['0x01', '0x02', '0x00', '0x02']
15:12:24.348  DEBUG   [poll]    -> read  st2mot    
15:12:24.352  DEBUG   [poll]    <- read  st2mot     ret=0  data=['0x00', '0x00']
15:12:24.352  DEBUG   [poll]    -> read  st0cur    
15:12:24.356  DEBUG   [poll]    <- read  st0cur     ret=0  data=['0x01', '0x02', '0x01', '0x02']
15:12:25.358  DEBUG   [poll]    -> read  st2mot    
15:12:25.361  DEBUG   [poll]    <- read  st2mot     ret=0  data=['0x00', '0x00']
15:12:25.361  DEBUG   [poll]    -> read  st0cur    
15:12:25.366  DEBUG   [poll]    <- read  st0cur     ret=0  data=['0x01', '0x02', '0x00', '0x02']
15:12:26.367  DEBUG   [poll]    -> read  st2mot    
15:12:26.371  DEBUG   [poll]    <- read  st2mot     ret=0  data=['0x00', '0x00']
15:12:26.371  DEBUG   [poll]    -> read  st0cur    
15:12:26.375  DEBUG   [poll]    <- read  st0cur     ret=0  data=['0x01', '0x02', '0x01', '0x02']
15:12:27.377  DEBUG   [poll]    -> read  st2mot    
15:12:27.380  DEBUG   [poll]    <- read  st2mot     ret=0  data=['0x00', '0x00']
15:12:27.381  DEBUG   [poll]    -> read  st0cur    
15:12:27.385  DEBUG   [poll]    <- read  st0cur     ret=0  data=['0x01', '0x02', '0x01', '0x02']
15:12:28.386  DEBUG   [poll]    -> read  st2mot    
15:12:28.390  DEBUG   [poll]    <- read  st2mot     ret=0  data=['0x00', '0x00']
15:12:28.391  DEBUG   [poll]    -> read  st0cur    
15:12:28.395  DEBUG   [poll]    <- read  st0cur     ret=0  data=['0x01', '0x02', '0x00', '0x02']
15:12:29.397  DEBUG   [poll]    -> read  st2mot    
15:12:29.400  DEBUG   [poll]    <- read  st2mot     ret=0  data=['0x00', '0x00']
15:12:29.401  DEBUG   [poll]    -> read  st0cur    
15:12:29.405  DEBUG   [poll]    <- read  st0cur     ret=0  data=['0x01', '0x02', '0x01', '0x02']
15:12:30.406  DEBUG   [poll]    -> read  st2mot    
15:12:30.410  DEBUG   [poll]    <- read  st2mot     ret=0  data=['0x00', '0x00']
15:12:30.410  DEBUG   [poll]    -> read  st0cur    
15:12:30.414  DEBUG   [poll]    <- read  st0cur     ret=0  data=['0x01', '0x02', '0x01', '0x02']
15:12:31.416  DEBUG   [poll]    -> read  st2mot    
15:12:31.419  DEBUG   [poll]    <- read  st2mot     ret=0  data=['0x00', '0x00']
15:12:31.419  DEBUG   [poll]    -> read  st0cur    
15:12:31.424  DEBUG   [poll]    <- read  st0cur     ret=0  data=['0x01', '0x02', '0x00', '0x02']
15:12:32.425  DEBUG   [poll]    -> read  st2mot    
15:12:32.429  DEBUG   [poll]    <- read  st2mot     ret=0  data=['0x00', '0x00']
15:12:32.429  DEBUG   [poll]    -> read  st0cur    
15:12:32.433  DEBUG   [poll]    <- read  st0cur     ret=0  data=['0x01', '0x02', '0x00', '0x02']
15:12:33.435  DEBUG   [poll]    -> read  st2mot    
15:12:33.438  DEBUG   [poll]    <- read  st2mot     ret=0  data=['0x00', '0x00']
15:12:33.439  DEBUG   [poll]    -> read  st0cur    
15:12:33.443  DEBUG   [poll]    <- read  st0cur     ret=0  data=['0x01', '0x02', '0x01', '0x02']
15:12:34.444  DEBUG   [poll]    -> read  st2mot    
15:12:34.448  DEBUG   [poll]    <- read  st2mot     ret=0  data=['0x00', '0x00']
15:12:34.448  DEBUG   [poll]    -> read  st0cur    
15:12:34.452  DEBUG   [poll]    <- read  st0cur     ret=0  data=['0x01', '0x02', '0x01', '0x02']
15:12:35.454  DEBUG   [poll]    -> read  st2mot    
15:12:35.457  DEBUG   [poll]    <- read  st2mot     ret=0  data=['0x00', '0x00']
15:12:35.457  DEBUG   [poll]    -> read  st0cur    
15:12:35.461  DEBUG   [poll]    <- read  st0cur     ret=0  data=['0x01', '0x02', '0x01', '0x02']
15:12:36.463  DEBUG   [poll]    -> read  st2mot    
15:12:36.466  DEBUG   [poll]    <- read  st2mot     ret=0  data=['0x00', '0x00']
15:12:36.467  DEBUG   [poll]    -> read  st0cur    
15:12:36.471  DEBUG   [poll]    <- read  st0cur     ret=0  data=['0x01', '0x02', '0x01', '0x02']
15:12:37.472  DEBUG   [poll]    -> read  st2mot    
15:12:37.476  DEBUG   [poll]    <- read  st2mot     ret=0  data=['0x00', '0x00']
15:12:37.476  DEBUG   [poll]    -> read  st0cur    
15:12:37.480  DEBUG   [poll]    <- read  st0cur     ret=0  data=['0x01', '0x02', '0x01', '0x02']
15:12:38.482  DEBUG   [poll]    -> read  st2mot    
15:12:38.485  DEBUG   [poll]    <- read  st2mot     ret=0  data=['0x00', '0x00']
15:12:38.486  DEBUG   [poll]    -> read  st0cur    
15:12:38.490  DEBUG   [poll]    <- read  st0cur     ret=0  data=['0x01', '0x02', '0x00', '0x02']
15:12:39.492  DEBUG   [poll]    -> read  st2mot    
15:12:39.495  DEBUG   [poll]    <- read  st2mot     ret=0  data=['0x00', '0x00']
15:12:39.495  DEBUG   [poll]    -> read  st0cur    
15:12:39.500  DEBUG   [poll]    <- read  st0cur     ret=0  data=['0x01', '0x02', '0x00', '0x02']
15:12:40.501  DEBUG   [poll]    -> read  st2mot    
15:12:40.504  DEBUG   [poll]    <- read  st2mot     ret=0  data=['0x00', '0x00']
15:12:40.505  DEBUG   [poll]    -> read  st0cur    
15:12:40.509  DEBUG   [poll]    <- read  st0cur     ret=0  data=['0x01', '0x02', '0x01', '0x02']
15:12:41.510  DEBUG   [poll]    -> read  st2mot    
15:12:41.514  DEBUG   [poll]    <- read  st2mot     ret=0  data=['0x00', '0x00']
15:12:41.514  DEBUG   [poll]    -> read  st0cur    
15:12:41.518  DEBUG   [poll]    <- read  st0cur     ret=0  data=['0x01', '0x02', '0x00', '0x02']
15:12:42.520  DEBUG   [poll]    -> read  st2mot    
15:12:42.523  DEBUG   [poll]    <- read  st2mot     ret=0  data=['0x00', '0x00']
15:12:42.524  DEBUG   [poll]    -> read  st0cur    
15:12:42.528  DEBUG   [poll]    <- read  st0cur     ret=0  data=['0x01', '0x02', '0x01', '0x02']
15:12:43.529  DEBUG   [poll]    -> read  st2mot    
15:12:43.533  DEBUG   [poll]    <- read  st2mot     ret=0  data=['0x00', '0x00']
15:12:43.533  DEBUG   [poll]    -> read  st0cur    
15:12:43.538  DEBUG   [poll]    <- read  st0cur     ret=0  data=['0x01', '0x02', '0x00', '0x02']
15:12:44.539  DEBUG   [poll]    -> read  st2mot    
15:12:44.543  DEBUG   [poll]    <- read  st2mot     ret=0  data=['0x00', '0x00']
15:12:44.543  DEBUG   [poll]    -> read  st0cur    
15:12:44.547  DEBUG   [poll]    <- read  st0cur     ret=0  data=['0x01', '0x02', '0x01', '0x02']
15:12:45.549  DEBUG   [poll]    -> read  st2mot    
15:12:45.552  DEBUG   [poll]    <- read  st2mot     ret=0  data=['0x00', '0x00']
15:12:45.552  DEBUG   [poll]    -> read  st0cur    
15:12:45.557  DEBUG   [poll]    <- read  st0cur     ret=0  data=['0x01', '0x02', '0x01', '0x02']
15:12:46.558  DEBUG   [poll]    -> read  st2mot    
15:12:46.562  DEBUG   [poll]    <- read  st2mot     ret=0  data=['0x00', '0x00']
15:12:46.562  DEBUG   [poll]    -> read  st0cur    
15:12:46.566  DEBUG   [poll]    <- read  st0cur     ret=0  data=['0x01', '0x02', '0x00', '0x02']
15:12:47.568  DEBUG   [poll]    -> read  st2mot    
15:12:47.571  DEBUG   [poll]    <- read  st2mot     ret=0  data=['0x00', '0x00']
15:12:47.572  DEBUG   [poll]    -> read  st0cur    
15:12:47.576  DEBUG   [poll]    <- read  st0cur     ret=0  data=['0x01', '0x02', '0x01', '0x02']
15:12:48.577  DEBUG   [poll]    -> read  st2mot    
15:12:48.581  DEBUG   [poll]    <- read  st2mot     ret=0  data=['0x00', '0x00']
15:12:48.581  DEBUG   [poll]    -> read  st0cur    
15:12:48.585  DEBUG   [poll]    <- read  st0cur     ret=0  data=['0x01', '0x02', '0x00', '0x02']
15:12:49.587  DEBUG   [poll]    -> read  st2mot    
15:12:49.590  DEBUG   [poll]    <- read  st2mot     ret=0  data=['0x00', '0x00']
15:12:49.591  DEBUG   [poll]    -> read  st0cur    
15:12:49.595  DEBUG   [poll]    <- read  st0cur     ret=0  data=['0x01', '0x02', '0x00', '0x02']
15:12:50.596  DEBUG   [poll]    -> read  st2mot    
15:12:50.600  DEBUG   [poll]    <- read  st2mot     ret=0  data=['0x00', '0x00']
15:12:50.600  DEBUG   [poll]    -> read  st0cur    
15:12:50.604  DEBUG   [poll]    <- read  st0cur     ret=0  data=['0x01', '0x02', '0x01', '0x02']
15:12:51.606  DEBUG   [poll]    -> read  st2mot    
15:12:51.609  DEBUG   [poll]    <- read  st2mot     ret=0  data=['0x00', '0x00']
15:12:51.609  DEBUG   [poll]    -> read  st0cur    
15:12:51.614  DEBUG   [poll]    <- read  st0cur     ret=0  data=['0x01', '0x02', '0x01', '0x02']
15:12:52.615  DEBUG   [poll]    -> read  st2mot    
15:12:52.618  DEBUG   [poll]    <- read  st2mot     ret=0  data=['0x00', '0x00']
15:12:52.619  DEBUG   [poll]    -> read  st0cur    
15:12:52.623  DEBUG   [poll]    <- read  st0cur     ret=0  data=['0x01', '0x02', '0x01', '0x02']
15:12:53.624  DEBUG   [poll]    -> read  st2mot    
15:12:53.628  DEBUG   [poll]    <- read  st2mot     ret=0  data=['0x00', '0x00']
15:12:53.628  DEBUG   [poll]    -> read  st0cur    
15:12:53.633  DEBUG   [poll]    <- read  st0cur     ret=0  data=['0x01', '0x02', '0x00', '0x02']
15:12:54.634  DEBUG   [poll]    -> read  st2mot    
15:12:54.638  DEBUG   [poll]    <- read  st2mot     ret=0  data=['0x00', '0x00']
15:12:54.638  DEBUG   [poll]    -> read  st0cur    
15:12:54.642  DEBUG   [poll]    <- read  st0cur     ret=0  data=['0x01', '0x02', '0x00', '0x02']
15:12:55.644  DEBUG   [poll]    -> read  st2mot    
15:12:55.647  DEBUG   [poll]    <- read  st2mot     ret=0  data=['0x00', '0x00']
15:12:55.648  DEBUG   [poll]    -> read  st0cur    
15:12:55.652  DEBUG   [poll]    <- read  st0cur     ret=0  data=['0x01', '0x02', '0x00', '0x02']
15:12:56.653  DEBUG   [poll]    -> read  st2mot    
15:12:56.657  DEBUG   [poll]    <- read  st2mot     ret=0  data=['0x00', '0x00']
15:12:56.657  DEBUG   [poll]    -> read  st0cur    
15:12:56.661  DEBUG   [poll]    <- read  st0cur     ret=0  data=['0x01', '0x02', '0x00', '0x02']
15:12:57.663  DEBUG   [poll]    -> read  st2mot    
15:12:57.666  DEBUG   [poll]    <- read  st2mot     ret=0  data=['0x00', '0x00']
15:12:57.667  DEBUG   [poll]    -> read  st0cur    
15:12:57.671  DEBUG   [poll]    <- read  st0cur     ret=0  data=['0x01', '0x02', '0x01', '0x02']
15:12:58.672  DEBUG   [poll]    -> read  st2mot    
15:12:58.676  DEBUG   [poll]    <- read  st2mot     ret=0  data=['0x00', '0x00']
15:12:58.676  DEBUG   [poll]    -> read  st0cur    
15:12:58.681  DEBUG   [poll]    <- read  st0cur     ret=0  data=['0x01', '0x02', '0x00', '0x02']
15:12:59.682  DEBUG   [poll]    -> read  st2mot    
15:12:59.686  DEBUG   [poll]    <- read  st2mot     ret=0  data=['0x00', '0x00']
15:12:59.686  DEBUG   [poll]    -> read  st0cur    
15:12:59.690  DEBUG   [poll]    <- read  st0cur     ret=0  data=['0x01', '0x02', '0x00', '0x02']
15:13:00.692  DEBUG   [poll]    -> read  st2mot    
15:13:00.695  DEBUG   [poll]    <- read  st2mot     ret=0  data=['0x00', '0x00']
15:13:00.695  DEBUG   [poll]    -> read  st0cur    
15:13:00.700  DEBUG   [poll]    <- read  st0cur     ret=0  data=['0x01', '0x02', '0x00', '0x02']
15:13:01.701  DEBUG   [poll]    -> read  st2mot    
15:13:01.705  DEBUG   [poll]    <- read  st2mot     ret=0  data=['0x00', '0x00']
15:13:01.705  DEBUG   [poll]    -> read  st0cur    
15:13:01.709  DEBUG   [poll]    <- read  st0cur     ret=0  data=['0x01', '0x02', '0x00', '0x02']
15:13:02.711  DEBUG   [poll]    -> read  st2mot    
15:13:02.714  DEBUG   [poll]    <- read  st2mot     ret=0  data=['0x00', '0x00']
15:13:02.715  DEBUG   [poll]    -> read  st0cur    
15:13:02.719  DEBUG   [poll]    <- read  st0cur     ret=0  data=['0x01', '0x02', '0x01', '0x02']
15:13:03.720  DEBUG   [poll]    -> read  st2mot    
15:13:03.724  DEBUG   [poll]    <- read  st2mot     ret=0  data=['0x00', '0x00']
15:13:03.724  DEBUG   [poll]    -> read  st0cur    
15:13:03.729  DEBUG   [poll]    <- read  st0cur     ret=0  data=['0x01', '0x02', '0x00', '0x02']
15:13:04.730  DEBUG   [poll]    -> read  st2mot    
15:13:04.734  DEBUG   [poll]    <- read  st2mot     ret=0  data=['0x00', '0x00']
15:13:04.734  DEBUG   [poll]    -> read  st0cur    
15:13:04.738  DEBUG   [poll]    <- read  st0cur     ret=0  data=['0x01', '0x02', '0x01', '0x02']
15:13:05.740  DEBUG   [poll]    -> read  st2mot    
15:13:05.743  DEBUG   [poll]    <- read  st2mot     ret=0  data=['0x00', '0x00']
15:13:05.743  DEBUG   [poll]    -> read  st0cur    
15:13:05.748  DEBUG   [poll]    <- read  st0cur     ret=0  data=['0x01', '0x02', '0x00', '0x02']
15:13:06.749  DEBUG   [poll]    -> read  st2mot    
15:13:06.753  DEBUG   [poll]    <- read  st2mot     ret=0  data=['0x00', '0x00']
15:13:06.753  DEBUG   [poll]    -> read  st0cur    
15:13:06.757  DEBUG   [poll]    <- read  st0cur     ret=0  data=['0x01', '0x02', '0x00', '0x02']
15:13:07.759  DEBUG   [poll]    -> read  st2mot    
15:13:07.762  DEBUG   [poll]    <- read  st2mot     ret=0  data=['0x00', '0x00']
15:13:07.762  DEBUG   [poll]    -> read  st0cur    
15:13:07.767  DEBUG   [poll]    <- read  st0cur     ret=0  data=['0x01', '0x02', '0x00', '0x02']
15:13:08.768  DEBUG   [poll]    -> read  st2mot    
15:13:08.772  DEBUG   [poll]    <- read  st2mot     ret=0  data=['0x00', '0x00']
15:13:08.772  DEBUG   [poll]    -> read  st0cur    
15:13:08.776  DEBUG   [poll]    <- read  st0cur     ret=0  data=['0x01', '0x02', '0x00', '0x02']
15:13:09.778  DEBUG   [poll]    -> read  st2mot    
15:13:09.781  DEBUG   [poll]    <- read  st2mot     ret=0  data=['0x00', '0x00']
15:13:09.782  DEBUG   [poll]    -> read  st0cur    
15:13:09.786  DEBUG   [poll]    <- read  st0cur     ret=0  data=['0x01', '0x02', '0x01', '0x02']
15:13:10.787  DEBUG   [poll]    -> read  st2mot    
15:13:10.791  DEBUG   [poll]    <- read  st2mot     ret=0  data=['0x00', '0x00']
15:13:10.791  DEBUG   [poll]    -> read  st0cur    
15:13:10.795  DEBUG   [poll]    <- read  st0cur     ret=0  data=['0x01', '0x02', '0x00', '0x02']
15:13:11.797  DEBUG   [poll]    -> read  st2mot    
15:13:11.800  DEBUG   [poll]    <- read  st2mot     ret=0  data=['0x00', '0x00']
15:13:11.801  DEBUG   [poll]    -> read  st0cur    
15:13:11.805  DEBUG   [poll]    <- read  st0cur     ret=0  data=['0x01', '0x02', '0x01', '0x02']
15:13:12.807  DEBUG   [poll]    -> read  st2mot    
15:13:12.810  DEBUG   [poll]    <- read  st2mot     ret=0  data=['0x00', '0x00']
15:13:12.810  DEBUG   [poll]    -> read  st0cur    
15:13:12.815  DEBUG   [poll]    <- read  st0cur     ret=0  data=['0x01', '0x02', '0x00', '0x02']
15:13:13.816  DEBUG   [poll]    -> read  st2mot    
15:13:13.820  DEBUG   [poll]    <- read  st2mot     ret=0  data=['0x00', '0x00']
15:13:13.820  DEBUG   [poll]    -> read  st0cur    
15:13:13.825  DEBUG   [poll]    <- read  st0cur     ret=0  data=['0x01', '0x02', '0x01', '0x02']
15:13:14.826  DEBUG   [poll]    -> read  st2mot    
15:13:14.830  DEBUG   [poll]    <- read  st2mot     ret=0  data=['0x00', '0x00']
15:13:14.830  DEBUG   [poll]    -> read  st0cur    
15:13:14.834  DEBUG   [poll]    <- read  st0cur     ret=0  data=['0x01', '0x02', '0x01', '0x02']
15:13:15.836  DEBUG   [poll]    -> read  st2mot    
15:13:15.839  DEBUG   [poll]    <- read  st2mot     ret=0  data=['0x00', '0x00']
15:13:15.840  DEBUG   [poll]    -> read  st0cur    
15:13:15.844  DEBUG   [poll]    <- read  st0cur     ret=0  data=['0x01', '0x02', '0x01', '0x02']
15:13:16.845  DEBUG   [poll]    -> read  st2mot    
15:13:16.849  DEBUG   [poll]    <- read  st2mot     ret=0  data=['0x00', '0x00']
15:13:16.849  DEBUG   [poll]    -> read  st0cur    
15:13:16.853  DEBUG   [poll]    <- read  st0cur     ret=0  data=['0x01', '0x02', '0x00', '0x02']
15:13:17.855  DEBUG   [poll]    -> read  st2mot    
15:13:17.858  DEBUG   [poll]    <- read  st2mot     ret=0  data=['0x00', '0x00']
15:13:17.858  DEBUG   [poll]    -> read  st0cur    
15:13:17.863  DEBUG   [poll]    <- read  st0cur     ret=0  data=['0x01', '0x02', '0x01', '0x02']
15:13:18.864  DEBUG   [poll]    -> read  st2mot    
15:13:18.868  DEBUG   [poll]    <- read  st2mot     ret=0  data=['0x00', '0x00']
15:13:18.868  DEBUG   [poll]    -> read  st0cur    
15:13:18.872  DEBUG   [poll]    <- read  st0cur     ret=0  data=['0x01', '0x02', '0x00', '0x02']
15:13:19.874  DEBUG   [poll]    -> read  st2mot    
15:13:19.877  DEBUG   [poll]    <- read  st2mot     ret=0  data=['0x00', '0x00']
15:13:19.878  DEBUG   [poll]    -> read  st0cur    
15:13:19.882  DEBUG   [poll]    <- read  st0cur     ret=0  data=['0x01', '0x02', '0x00', '0x02']
15:13:20.883  DEBUG   [poll]    -> read  st2mot    
15:13:20.887  DEBUG   [poll]    <- read  st2mot     ret=0  data=['0x00', '0x00']
15:13:20.887  DEBUG   [poll]    -> read  st0cur    
15:13:20.891  DEBUG   [poll]    <- read  st0cur     ret=0  data=['0x01', '0x02', '0x01', '0x02']
15:13:21.893  DEBUG   [poll]    -> read  st2mot    
15:13:21.896  DEBUG   [poll]    <- read  st2mot     ret=0  data=['0x00', '0x00']
15:13:21.897  DEBUG   [poll]    -> read  st0cur    
15:13:21.901  DEBUG   [poll]    <- read  st0cur     ret=0  data=['0x01', '0x02', '0x01', '0x02']
15:13:22.902  DEBUG   [poll]    -> read  st2mot    
15:13:22.906  DEBUG   [poll]    <- read  st2mot     ret=0  data=['0x00', '0x00']
15:13:22.906  DEBUG   [poll]    -> read  st0cur    
15:13:22.910  DEBUG   [poll]    <- read  st0cur     ret=0  data=['0x01', '0x02', '0x00', '0x02']
15:13:23.912  DEBUG   [poll]    -> read  st2mot    
15:13:23.915  DEBUG   [poll]    <- read  st2mot     ret=0  data=['0x00', '0x00']
15:13:23.916  DEBUG   [poll]    -> read  st0cur    
15:13:23.920  DEBUG   [poll]    <- read  st0cur     ret=0  data=['0x01', '0x02', '0x00', '0x02']
15:13:24.921  DEBUG   [poll]    -> read  st2mot    
15:13:24.925  DEBUG   [poll]    <- read  st2mot     ret=0  data=['0x00', '0x00']
15:13:24.925  DEBUG   [poll]    -> read  st0cur    
15:13:24.929  DEBUG   [poll]    <- read  st0cur     ret=0  data=['0x01', '0x02', '0x01', '0x02']
15:13:25.931  DEBUG   [poll]    -> read  st2mot    
15:13:25.934  DEBUG   [poll]    <- read  st2mot     ret=0  data=['0x00', '0x00']
15:13:25.935  DEBUG   [poll]    -> read  st0cur    
15:13:25.939  DEBUG   [poll]    <- read  st0cur     ret=0  data=['0x01', '0x02', '0x00', '0x02']
15:13:26.940  DEBUG   [poll]    -> read  st2mot    
15:13:26.944  DEBUG   [poll]    <- read  st2mot     ret=0  data=['0x00', '0x00']
15:13:26.944  DEBUG   [poll]    -> read  st0cur    
15:13:26.948  DEBUG   [poll]    <- read  st0cur     ret=0  data=['0x01', '0x02', '0x01', '0x02']
15:13:27.950  DEBUG   [poll]    -> read  st2mot    
15:13:27.953  DEBUG   [poll]    <- read  st2mot     ret=0  data=['0x00', '0x00']
15:13:27.954  DEBUG   [poll]    -> read  st0cur    
15:13:27.958  DEBUG   [poll]    <- read  st0cur     ret=0  data=['0x01', '0x02', '0x00', '0x02']
15:13:28.959  DEBUG   [poll]    -> read  st2mot    
15:13:28.963  DEBUG   [poll]    <- read  st2mot     ret=0  data=['0x00', '0x00']
15:13:28.963  DEBUG   [poll]    -> read  st0cur    
15:13:28.968  DEBUG   [poll]    <- read  st0cur     ret=0  data=['0x01', '0x02', '0x01', '0x02']
15:13:29.969  DEBUG   [poll]    -> read  st2mot    
15:13:29.972  DEBUG   [poll]    <- read  st2mot     ret=0  data=['0x00', '0x00']
15:13:29.973  DEBUG   [poll]    -> read  st0cur    
15:13:29.977  DEBUG   [poll]    <- read  st0cur     ret=0  data=['0x01', '0x02', '0x00', '0x02']
15:13:30.978  DEBUG   [poll]    -> read  st2mot    
15:13:30.982  DEBUG   [poll]    <- read  st2mot     ret=0  data=['0x00', '0x00']
15:13:30.982  DEBUG   [poll]    -> read  st0cur    
15:13:30.986  DEBUG   [poll]    <- read  st0cur     ret=0  data=['0x02', '0x02', '0x01', '0x02']
15:13:31.988  DEBUG   [poll]    -> read  st2mot    
15:13:31.991  DEBUG   [poll]    <- read  st2mot     ret=0  data=['0x00', '0x00']
15:13:31.992  DEBUG   [poll]    -> read  st0cur    
15:13:31.996  DEBUG   [poll]    <- read  st0cur     ret=0  data=['0x01', '0x02', '0x00', '0x02']
15:13:32.997  DEBUG   [poll]    -> read  st2mot    
15:13:33.001  DEBUG   [poll]    <- read  st2mot     ret=0  data=['0x00', '0x00']
15:13:33.001  DEBUG   [poll]    -> read  st0cur    
15:13:33.005  DEBUG   [poll]    <- read  st0cur     ret=0  data=['0x01', '0x02', '0x01', '0x02']
15:13:34.007  DEBUG   [poll]    -> read  st2mot    
15:13:34.010  DEBUG   [poll]    <- read  st2mot     ret=0  data=['0x00', '0x00']
15:13:34.011  DEBUG   [poll]    -> read  st0cur    
15:13:34.015  DEBUG   [poll]    <- read  st0cur     ret=0  data=['0x01', '0x02', '0x00', '0x02']
15:13:35.016  DEBUG   [poll]    -> read  st2mot    
15:13:35.020  DEBUG   [poll]    <- read  st2mot     ret=0  data=['0x00', '0x00']
15:13:35.020  DEBUG   [poll]    -> read  st0cur    
15:13:35.024  DEBUG   [poll]    <- read  st0cur     ret=0  data=['0x01', '0x02', '0x01', '0x02']
15:13:36.026  DEBUG   [poll]    -> read  st2mot    
15:13:36.029  DEBUG   [poll]    <- read  st2mot     ret=0  data=['0x00', '0x00']
15:13:36.030  DEBUG   [poll]    -> read  st0cur    
15:13:36.034  DEBUG   [poll]    <- read  st0cur     ret=0  data=['0x01', '0x02', '0x01', '0x02']
15:13:37.035  DEBUG   [poll]    -> read  st2mot    
15:13:37.039  DEBUG   [poll]    <- read  st2mot     ret=0  data=['0x00', '0x00']
15:13:37.039  DEBUG   [poll]    -> read  st0cur    
15:13:37.043  DEBUG   [poll]    <- read  st0cur     ret=0  data=['0x01', '0x02', '0x01', '0x02']
15:13:38.045  DEBUG   [poll]    -> read  st2mot    
15:13:38.048  DEBUG   [poll]    <- read  st2mot     ret=0  data=['0x00', '0x00']
15:13:38.048  DEBUG   [poll]    -> read  st0cur    
15:13:38.053  DEBUG   [poll]    <- read  st0cur     ret=0  data=['0x01', '0x02', '0x00', '0x02']
15:13:39.054  DEBUG   [poll]    -> read  st2mot    
15:13:39.061  DEBUG   [poll]    <- read  st2mot     ret=0  data=['0x00', '0x00']
15:13:39.061  DEBUG   [poll]    -> read  st0cur    
15:13:39.065  DEBUG   [poll]    <- read  st0cur     ret=0  data=['0x01', '0x02', '0x00', '0x02']
15:13:40.067  DEBUG   [poll]    -> read  st2mot    
15:13:40.070  DEBUG   [poll]    <- read  st2mot     ret=0  data=['0x00', '0x00']
15:13:40.070  DEBUG   [poll]    -> read  st0cur    
15:13:40.075  DEBUG   [poll]    <- read  st0cur     ret=0  data=['0x01', '0x02', '0x00', '0x02']
15:13:41.076  DEBUG   [poll]    -> read  st2mot    
15:13:41.079  DEBUG   [poll]    <- read  st2mot     ret=0  data=['0x00', '0x00']
15:13:41.080  DEBUG   [poll]    -> read  st0cur    
15:13:41.084  DEBUG   [poll]    <- read  st0cur     ret=0  data=['0x01', '0x02', '0x00', '0x02']
15:13:42.085  DEBUG   [poll]    -> read  st2mot    
15:13:42.089  DEBUG   [poll]    <- read  st2mot     ret=0  data=['0x00', '0x00']
15:13:42.089  DEBUG   [poll]    -> read  st0cur    
15:13:42.093  DEBUG   [poll]    <- read  st0cur     ret=0  data=['0x01', '0x02', '0x00', '0x02']
15:13:43.095  DEBUG   [poll]    -> read  st2mot    
15:13:43.098  DEBUG   [poll]    <- read  st2mot     ret=0  data=['0x00', '0x00']
15:13:43.099  DEBUG   [poll]    -> read  st0cur    
15:13:43.103  DEBUG   [poll]    <- read  st0cur     ret=0  data=['0x01', '0x02', '0x01', '0x02']
15:13:44.104  DEBUG   [poll]    -> read  st2mot    
15:13:44.108  DEBUG   [poll]    <- read  st2mot     ret=0  data=['0x00', '0x00']
15:13:44.108  DEBUG   [poll]    -> read  st0cur    
15:13:44.112  DEBUG   [poll]    <- read  st0cur     ret=0  data=['0x01', '0x02', '0x01', '0x02']
15:13:45.114  DEBUG   [poll]    -> read  st2mot    
15:13:45.117  DEBUG   [poll]    <- read  st2mot     ret=0  data=['0x00', '0x00']
15:13:45.118  DEBUG   [poll]    -> read  st0cur    
15:13:45.122  DEBUG   [poll]    <- read  st0cur     ret=0  data=['0x01', '0x02', '0x00', '0x02']
15:13:46.123  DEBUG   [poll]    -> read  st2mot    
15:13:46.127  DEBUG   [poll]    <- read  st2mot     ret=0  data=['0x00', '0x00']
15:13:46.127  DEBUG   [poll]    -> read  st0cur    
15:13:46.131  DEBUG   [poll]    <- read  st0cur     ret=0  data=['0x01', '0x02', '0x01', '0x02']
15:13:47.133  DEBUG   [poll]    -> read  st2mot    
15:13:47.136  DEBUG   [poll]    <- read  st2mot     ret=0  data=['0x00', '0x00']
15:13:47.137  DEBUG   [poll]    -> read  st0cur    
15:13:47.141  DEBUG   [poll]    <- read  st0cur     ret=0  data=['0x01', '0x02', '0x01', '0x02']
15:13:48.142  DEBUG   [poll]    -> read  st2mot    
15:13:48.146  DEBUG   [poll]    <- read  st2mot     ret=0  data=['0x00', '0x00']
15:13:48.146  DEBUG   [poll]    -> read  st0cur    
15:13:48.150  DEBUG   [poll]    <- read  st0cur     ret=0  data=['0x01', '0x02', '0x01', '0x02']
15:13:49.152  DEBUG   [poll]    -> read  st2mot    
15:13:49.155  DEBUG   [poll]    <- read  st2mot     ret=0  data=['0x00', '0x00']
15:13:49.156  DEBUG   [poll]    -> read  st0cur    
15:13:49.160  DEBUG   [poll]    <- read  st0cur     ret=0  data=['0x01', '0x02', '0x00', '0x02']
15:13:50.161  DEBUG   [poll]    -> read  st2mot    
15:13:50.165  DEBUG   [poll]    <- read  st2mot     ret=0  data=['0x00', '0x00']
15:13:50.165  DEBUG   [poll]    -> read  st0cur    
15:13:50.169  DEBUG   [poll]    <- read  st0cur     ret=0  data=['0x01', '0x02', '0x00', '0x02']
15:13:51.171  DEBUG   [poll]    -> read  st2mot    
15:13:51.174  DEBUG   [poll]    <- read  st2mot     ret=0  data=['0x00', '0x00']
15:13:51.175  DEBUG   [poll]    -> read  st0cur    
15:13:51.179  DEBUG   [poll]    <- read  st0cur     ret=0  data=['0x00', '0x02', '0x00', '0x02']
15:13:52.180  DEBUG   [poll]    -> read  st2mot    
15:13:52.184  DEBUG   [poll]    <- read  st2mot     ret=0  data=['0x00', '0x00']
15:13:52.184  DEBUG   [poll]    -> read  st0cur    
15:13:52.188  DEBUG   [poll]    <- read  st0cur     ret=0  data=['0x01', '0x02', '0x01', '0x02']
15:13:53.190  DEBUG   [poll]    -> read  st2mot    
15:13:53.193  DEBUG   [poll]    <- read  st2mot     ret=0  data=['0x00', '0x00']
15:13:53.193  DEBUG   [poll]    -> read  st0cur    
15:13:53.198  DEBUG   [poll]    <- read  st0cur     ret=0  data=['0x01', '0x02', '0x00', '0x02']
15:13:54.199  DEBUG   [poll]    -> read  st2mot    
15:13:54.203  DEBUG   [poll]    <- read  st2mot     ret=0  data=['0x00', '0x00']
15:13:54.203  DEBUG   [poll]    -> read  st0cur    
15:13:54.207  DEBUG   [poll]    <- read  st0cur     ret=0  data=['0x01', '0x02', '0x00', '0x02']
15:13:55.209  DEBUG   [poll]    -> read  st2mot    
15:13:55.212  DEBUG   [poll]    <- read  st2mot     ret=0  data=['0x00', '0x00']
15:13:55.213  DEBUG   [poll]    -> read  st0cur    
15:13:55.217  DEBUG   [poll]    <- read  st0cur     ret=0  data=['0x01', '0x02', '0x00', '0x02']
15:13:56.218  DEBUG   [poll]    -> read  st2mot    
15:13:56.222  DEBUG   [poll]    <- read  st2mot     ret=0  data=['0x00', '0x00']
15:13:56.222  DEBUG   [poll]    -> read  st0cur    
15:13:56.226  DEBUG   [poll]    <- read  st0cur     ret=0  data=['0x01', '0x02', '0x01', '0x02']
15:13:57.228  DEBUG   [poll]    -> read  st2mot    
15:13:57.231  DEBUG   [poll]    <- read  st2mot     ret=0  data=['0x00', '0x00']
15:13:57.231  DEBUG   [poll]    -> read  st0cur    
15:13:57.236  DEBUG   [poll]    <- read  st0cur     ret=0  data=['0x01', '0x02', '0x00', '0x02']
15:13:58.237  DEBUG   [poll]    -> read  st2mot    
15:13:58.241  DEBUG   [poll]    <- read  st2mot     ret=0  data=['0x00', '0x00']
15:13:58.241  DEBUG   [poll]    -> read  st0cur    
15:13:58.245  DEBUG   [poll]    <- read  st0cur     ret=0  data=['0x01', '0x02', '0x01', '0x02']
15:13:59.247  DEBUG   [poll]    -> read  st2mot    
15:13:59.250  DEBUG   [poll]    <- read  st2mot     ret=0  data=['0x00', '0x00']
15:13:59.251  DEBUG   [poll]    -> read  st0cur    
15:13:59.255  DEBUG   [poll]    <- read  st0cur     ret=0  data=['0x01', '0x02', '0x01', '0x02']
15:14:00.257  DEBUG   [poll]    -> read  st2mot    
15:14:00.260  DEBUG   [poll]    <- read  st2mot     ret=0  data=['0x00', '0x00']
15:14:00.260  DEBUG   [poll]    -> read  st0cur    
15:14:00.264  DEBUG   [poll]    <- read  st0cur     ret=0  data=['0x01', '0x02', '0x00', '0x02']
15:14:01.266  DEBUG   [poll]    -> read  st2mot    
15:14:01.269  DEBUG   [poll]    <- read  st2mot     ret=0  data=['0x00', '0x00']
15:14:01.270  DEBUG   [poll]    -> read  st0cur    
15:14:01.274  DEBUG   [poll]    <- read  st0cur     ret=0  data=['0x01', '0x02', '0x01', '0x02']
15:14:02.276  DEBUG   [poll]    -> read  st2mot    
15:14:02.279  DEBUG   [poll]    <- read  st2mot     ret=0  data=['0x00', '0x00']
15:14:02.279  DEBUG   [poll]    -> read  st0cur    
15:14:02.284  DEBUG   [poll]    <- read  st0cur     ret=0  data=['0x01', '0x02', '0x00', '0x02']
15:14:03.285  DEBUG   [poll]    -> read  st2mot    
15:14:03.288  DEBUG   [poll]    <- read  st2mot     ret=0  data=['0x00', '0x00']
15:14:03.289  DEBUG   [poll]    -> read  st0cur    
15:14:03.293  DEBUG   [poll]    <- read  st0cur     ret=0  data=['0x01', '0x02', '0x00', '0x02']
15:14:04.295  DEBUG   [poll]    -> read  st2mot    
15:14:04.298  DEBUG   [poll]    <- read  st2mot     ret=0  data=['0x00', '0x00']
15:14:04.299  DEBUG   [poll]    -> read  st0cur    
15:14:04.303  DEBUG   [poll]    <- read  st0cur     ret=0  data=['0x01', '0x02', '0x00', '0x02']
15:14:05.304  DEBUG   [poll]    -> read  st2mot    
15:14:05.308  DEBUG   [poll]    <- read  st2mot     ret=0  data=['0x00', '0x00']
15:14:05.308  DEBUG   [poll]    -> read  st0cur    
15:14:05.312  DEBUG   [poll]    <- read  st0cur     ret=0  data=['0x01', '0x02', '0x01', '0x02']
15:14:06.314  DEBUG   [poll]    -> read  st2mot    
15:14:06.317  DEBUG   [poll]    <- read  st2mot     ret=0  data=['0x00', '0x00']
15:14:06.318  DEBUG   [poll]    -> read  st0cur    
15:14:06.322  DEBUG   [poll]    <- read  st0cur     ret=0  data=['0x01', '0x02', '0x00', '0x02']
15:14:07.323  DEBUG   [poll]    -> read  st2mot    
15:14:07.327  DEBUG   [poll]    <- read  st2mot     ret=0  data=['0x00', '0x00']
15:14:07.327  DEBUG   [poll]    -> read  st0cur    
15:14:07.331  DEBUG   [poll]    <- read  st0cur     ret=0  data=['0x01', '0x02', '0x01', '0x02']
15:14:08.333  DEBUG   [poll]    -> read  st2mot    
15:14:08.336  DEBUG   [poll]    <- read  st2mot     ret=0  data=['0x00', '0x00']
15:14:08.336  DEBUG   [poll]    -> read  st0cur    
15:14:08.341  DEBUG   [poll]    <- read  st0cur     ret=0  data=['0x01', '0x02', '0x01', '0x02']
15:14:09.342  DEBUG   [poll]    -> read  st2mot    
15:14:09.346  DEBUG   [poll]    <- read  st2mot     ret=0  data=['0x00', '0x00']
15:14:09.346  DEBUG   [poll]    -> read  st0cur    
15:14:09.350  DEBUG   [poll]    <- read  st0cur     ret=0  data=['0x01', '0x02', '0x00', '0x02']
15:14:10.352  DEBUG   [poll]    -> read  st2mot    
15:14:10.355  DEBUG   [poll]    <- read  st2mot     ret=0  data=['0x00', '0x00']
15:14:10.356  DEBUG   [poll]    -> read  st0cur    
15:14:10.360  DEBUG   [poll]    <- read  st0cur     ret=0  data=['0x01', '0x02', '0x01', '0x02']
15:14:11.361  DEBUG   [poll]    -> read  st2mot    
15:14:11.365  DEBUG   [poll]    <- read  st2mot     ret=0  data=['0x00', '0x00']
15:14:11.365  DEBUG   [poll]    -> read  st0cur    
15:14:11.369  DEBUG   [poll]    <- read  st0cur     ret=0  data=['0x01', '0x02', '0x01', '0x02']
15:14:12.371  DEBUG   [poll]    -> read  st2mot    
15:14:12.374  DEBUG   [poll]    <- read  st2mot     ret=0  data=['0x00', '0x00']
15:14:12.375  DEBUG   [poll]    -> read  st0cur    
15:14:12.379  DEBUG   [poll]    <- read  st0cur     ret=0  data=['0x01', '0x02', '0x01', '0x02']
15:14:13.380  DEBUG   [poll]    -> read  st2mot    
15:14:13.384  DEBUG   [poll]    <- read  st2mot     ret=0  data=['0x00', '0x00']
15:14:13.384  DEBUG   [poll]    -> read  st0cur    
15:14:13.388  DEBUG   [poll]    <- read  st0cur     ret=0  data=['0x02', '0x02', '0x00', '0x02']
15:14:14.390  DEBUG   [poll]    -> read  st2mot    
15:14:14.393  DEBUG   [poll]    <- read  st2mot     ret=0  data=['0x00', '0x00']
15:14:14.394  DEBUG   [poll]    -> read  st0cur    
15:14:14.398  DEBUG   [poll]    <- read  st0cur     ret=0  data=['0x01', '0x02', '0x00', '0x02']
15:14:15.400  DEBUG   [poll]    -> read  st2mot    
15:14:15.403  DEBUG   [poll]    <- read  st2mot     ret=0  data=['0x00', '0x00']
15:14:15.403  DEBUG   [poll]    -> read  st0cur    
15:14:15.408  DEBUG   [poll]    <- read  st0cur     ret=0  data=['0x01', '0x02', '0x01', '0x02']
15:14:16.409  DEBUG   [poll]    -> read  st2mot    
15:14:16.412  DEBUG   [poll]    <- read  st2mot     ret=0  data=['0x00', '0x00']
15:14:16.413  DEBUG   [poll]    -> read  st0cur    
15:14:16.417  DEBUG   [poll]    <- read  st0cur     ret=0  data=['0x01', '0x02', '0x00', '0x02']
15:14:17.419  DEBUG   [poll]    -> read  st2mot    
15:14:17.422  DEBUG   [poll]    <- read  st2mot     ret=0  data=['0x00', '0x00']
15:14:17.422  DEBUG   [poll]    -> read  st0cur    
15:14:17.426  DEBUG   [poll]    <- read  st0cur     ret=0  data=['0x01', '0x02', '0x00', '0x02']
15:14:18.428  DEBUG   [poll]    -> read  st2mot    
15:14:18.431  DEBUG   [poll]    <- read  st2mot     ret=0  data=['0x00', '0x00']
15:14:18.432  DEBUG   [poll]    -> read  st0cur    
15:14:18.436  DEBUG   [poll]    <- read  st0cur     ret=0  data=['0x01', '0x02', '0x00', '0x02']
15:14:19.438  DEBUG   [poll]    -> read  st2mot    
15:14:19.441  DEBUG   [poll]    <- read  st2mot     ret=0  data=['0x00', '0x00']
15:14:19.441  DEBUG   [poll]    -> read  st0cur    
15:14:19.446  DEBUG   [poll]    <- read  st0cur     ret=0  data=['0x01', '0x02', '0x00', '0x02']
15:14:20.447  DEBUG   [poll]    -> read  st2mot    
15:14:20.451  DEBUG   [poll]    <- read  st2mot     ret=0  data=['0x00', '0x00']
15:14:20.451  DEBUG   [poll]    -> read  st0cur    
15:14:20.455  DEBUG   [poll]    <- read  st0cur     ret=0  data=['0x01', '0x02', '0x01', '0x02']
15:14:21.457  DEBUG   [poll]    -> read  st2mot    
15:14:21.460  DEBUG   [poll]    <- read  st2mot     ret=0  data=['0x00', '0x00']
15:14:21.460  DEBUG   [poll]    -> read  st0cur    
15:14:21.465  DEBUG   [poll]    <- read  st0cur     ret=0  data=['0x01', '0x02', '0x00', '0x02']
15:14:22.466  DEBUG   [poll]    -> read  st2mot    
15:14:22.469  DEBUG   [poll]    <- read  st2mot     ret=0  data=['0x00', '0x00']
15:14:22.470  DEBUG   [poll]    -> read  st0cur    
15:14:22.474  DEBUG   [poll]    <- read  st0cur     ret=0  data=['0x01', '0x02', '0x00', '0x02']
15:14:23.475  DEBUG   [poll]    -> read  st2mot    
15:14:23.479  DEBUG   [poll]    <- read  st2mot     ret=0  data=['0x00', '0x00']
15:14:23.479  DEBUG   [poll]    -> read  st0cur    
15:14:23.483  DEBUG   [poll]    <- read  st0cur     ret=0  data=['0x01', '0x02', '0x01', '0x02']
15:14:24.485  DEBUG   [poll]    -> read  st2mot    
15:14:24.488  DEBUG   [poll]    <- read  st2mot     ret=0  data=['0x00', '0x00']
15:14:24.489  DEBUG   [poll]    -> read  st0cur    
15:14:24.493  DEBUG   [poll]    <- read  st0cur     ret=0  data=['0x01', '0x02', '0x01', '0x02']
15:14:25.494  DEBUG   [poll]    -> read  st2mot    
15:14:25.498  DEBUG   [poll]    <- read  st2mot     ret=0  data=['0x00', '0x00']
15:14:25.498  DEBUG   [poll]    -> read  st0cur    
15:14:25.502  DEBUG   [poll]    <- read  st0cur     ret=0  data=['0x01', '0x02', '0x01', '0x02']
15:14:26.504  DEBUG   [poll]    -> read  st2mot    
15:14:26.507  DEBUG   [poll]    <- read  st2mot     ret=0  data=['0x00', '0x00']
15:14:26.508  DEBUG   [poll]    -> read  st0cur    
15:14:26.512  DEBUG   [poll]    <- read  st0cur     ret=0  data=['0x01', '0x02', '0x01', '0x02']
15:14:27.513  DEBUG   [poll]    -> read  st2mot    
15:14:27.517  DEBUG   [poll]    <- read  st2mot     ret=0  data=['0x00', '0x00']
15:14:27.517  DEBUG   [poll]    -> read  st0cur    
15:14:27.522  DEBUG   [poll]    <- read  st0cur     ret=0  data=['0x01', '0x02', '0x00', '0x02']
15:14:28.523  DEBUG   [poll]    -> read  st2mot    
15:14:28.526  DEBUG   [poll]    <- read  st2mot     ret=0  data=['0x00', '0x00']
15:14:28.527  DEBUG   [poll]    -> read  st0cur    
15:14:28.531  DEBUG   [poll]    <- read  st0cur     ret=0  data=['0x01', '0x02', '0x00', '0x02']
15:14:29.532  DEBUG   [poll]    -> read  st2mot    
15:14:29.536  DEBUG   [poll]    <- read  st2mot     ret=0  data=['0x00', '0x00']
15:14:29.536  DEBUG   [poll]    -> read  st0cur    
15:14:29.541  DEBUG   [poll]    <- read  st0cur     ret=0  data=['0x01', '0x02', '0x00', '0x02']
15:14:30.542  DEBUG   [poll]    -> read  st2mot    
15:14:30.546  DEBUG   [poll]    <- read  st2mot     ret=0  data=['0x00', '0x00']
15:14:30.546  DEBUG   [poll]    -> read  st0cur    
15:14:30.550  DEBUG   [poll]    <- read  st0cur     ret=0  data=['0x01', '0x02', '0x01', '0x02']
15:14:31.552  DEBUG   [poll]    -> read  st2mot    
15:14:31.555  DEBUG   [poll]    <- read  st2mot     ret=0  data=['0x00', '0x00']
15:14:31.556  DEBUG   [poll]    -> read  st0cur    
15:14:31.560  DEBUG   [poll]    <- read  st0cur     ret=0  data=['0x01', '0x02', '0x00', '0x02']
15:14:32.561  DEBUG   [poll]    -> read  st2mot    
15:14:32.564  DEBUG   [poll]    <- read  st2mot     ret=0  data=['0x00', '0x00']
15:14:32.565  DEBUG   [poll]    -> read  st0cur    
15:14:32.569  DEBUG   [poll]    <- read  st0cur     ret=0  data=['0x01', '0x02', '0x01', '0x02']
15:14:33.571  DEBUG   [poll]    -> read  st2mot    
15:14:33.574  DEBUG   [poll]    <- read  st2mot     ret=0  data=['0x00', '0x00']
15:14:33.574  DEBUG   [poll]    -> read  st0cur    
15:14:33.578  DEBUG   [poll]    <- read  st0cur     ret=0  data=['0x01', '0x02', '0x01', '0x02']
15:14:34.580  DEBUG   [poll]    -> read  st2mot    
15:14:34.583  DEBUG   [poll]    <- read  st2mot     ret=0  data=['0x00', '0x00']
15:14:34.584  DEBUG   [poll]    -> read  st0cur    
15:14:34.588  DEBUG   [poll]    <- read  st0cur     ret=0  data=['0x01', '0x02', '0x00', '0x02']
15:14:35.590  DEBUG   [poll]    -> read  st2mot    
15:14:35.593  DEBUG   [poll]    <- read  st2mot     ret=0  data=['0x00', '0x00']
15:14:35.593  DEBUG   [poll]    -> read  st0cur    
15:14:35.598  DEBUG   [poll]    <- read  st0cur     ret=0  data=['0x01', '0x02', '0x00', '0x02']
15:14:36.598  DEBUG   [poll]    -> read  st2mot    
15:14:36.602  DEBUG   [poll]    <- read  st2mot     ret=0  data=['0x00', '0x00']
15:14:36.602  DEBUG   [poll]    -> read  st0cur    
15:14:36.606  DEBUG   [poll]    <- read  st0cur     ret=0  data=['0x01', '0x02', '0x01', '0x02']
15:14:37.608  DEBUG   [poll]    -> read  st2mot    
15:14:37.611  DEBUG   [poll]    <- read  st2mot     ret=0  data=['0x00', '0x00']
15:14:37.611  DEBUG   [poll]    -> read  st0cur    
15:14:37.616  DEBUG   [poll]    <- read  st0cur     ret=0  data=['0x01', '0x02', '0x00', '0x02']
15:14:38.617  DEBUG   [poll]    -> read  st2mot    
15:14:38.621  DEBUG   [poll]    <- read  st2mot     ret=0  data=['0x00', '0x00']
15:14:38.621  DEBUG   [poll]    -> read  st0cur    
15:14:38.625  DEBUG   [poll]    <- read  st0cur     ret=0  data=['0x01', '0x02', '0x00', '0x02']
15:14:39.627  DEBUG   [poll]    -> read  st2mot    
15:14:39.630  DEBUG   [poll]    <- read  st2mot     ret=0  data=['0x00', '0x00']
15:14:39.631  DEBUG   [poll]    -> read  st0cur    
15:14:39.635  DEBUG   [poll]    <- read  st0cur     ret=0  data=['0x01', '0x02', '0x00', '0x02']
15:14:40.636  DEBUG   [poll]    -> read  st2mot    
15:14:40.640  DEBUG   [poll]    <- read  st2mot     ret=0  data=['0x00', '0x00']
15:14:40.640  DEBUG   [poll]    -> read  st0cur    
15:14:40.644  DEBUG   [poll]    <- read  st0cur     ret=0  data=['0x01', '0x02', '0x00', '0x02']
15:14:41.646  DEBUG   [poll]    -> read  st2mot    
15:14:41.649  DEBUG   [poll]    <- read  st2mot     ret=0  data=['0x00', '0x00']
15:14:41.649  DEBUG   [poll]    -> read  st0cur    
15:14:41.654  DEBUG   [poll]    <- read  st0cur     ret=0  data=['0x01', '0x02', '0x01', '0x02']
15:14:42.655  DEBUG   [poll]    -> read  st2mot    
15:14:42.658  DEBUG   [poll]    <- read  st2mot     ret=0  data=['0x00', '0x00']
15:14:42.659  DEBUG   [poll]    -> read  st0cur    
15:14:42.663  DEBUG   [poll]    <- read  st0cur     ret=0  data=['0x01', '0x02', '0x01', '0x02']
15:14:43.664  DEBUG   [poll]    -> read  st2mot    
15:14:43.668  DEBUG   [poll]    <- read  st2mot     ret=0  data=['0x00', '0x00']
15:14:43.668  DEBUG   [poll]    -> read  st0cur    
15:14:43.672  DEBUG   [poll]    <- read  st0cur     ret=0  data=['0x01', '0x02', '0x01', '0x02']
15:14:44.674  DEBUG   [poll]    -> read  st2mot    
15:14:44.677  DEBUG   [poll]    <- read  st2mot     ret=0  data=['0x00', '0x00']
15:14:44.678  DEBUG   [poll]    -> read  st0cur    
15:14:44.682  DEBUG   [poll]    <- read  st0cur     ret=0  data=['0x01', '0x02', '0x01', '0x02']
15:14:45.684  DEBUG   [poll]    -> read  st2mot    
15:14:45.687  DEBUG   [poll]    <- read  st2mot     ret=0  data=['0x00', '0x00']
15:14:45.688  DEBUG   [poll]    -> read  st0cur    
15:14:45.692  DEBUG   [poll]    <- read  st0cur     ret=0  data=['0x01', '0x02', '0x01', '0x02']
15:14:46.693  DEBUG   [poll]    -> read  st2mot    
15:14:46.697  DEBUG   [poll]    <- read  st2mot     ret=0  data=['0x00', '0x00']
15:14:46.697  DEBUG   [poll]    -> read  st0cur    
15:14:46.701  DEBUG   [poll]    <- read  st0cur     ret=0  data=['0x01', '0x02', '0x00', '0x02']
15:14:47.703  DEBUG   [poll]    -> read  st2mot    
15:14:47.706  DEBUG   [poll]    <- read  st2mot     ret=0  data=['0x00', '0x00']
15:14:47.706  DEBUG   [poll]    -> read  st0cur    
15:14:47.711  DEBUG   [poll]    <- read  st0cur     ret=0  data=['0x01', '0x02', '0x01', '0x02']
15:14:48.712  DEBUG   [poll]    -> read  st2mot    
15:14:48.716  DEBUG   [poll]    <- read  st2mot     ret=0  data=['0x00', '0x00']
15:14:48.716  DEBUG   [poll]    -> read  st0cur    
15:14:48.720  DEBUG   [poll]    <- read  st0cur     ret=0  data=['0x01', '0x02', '0x01', '0x02']
15:14:49.722  DEBUG   [poll]    -> read  st2mot    
15:14:49.725  DEBUG   [poll]    <- read  st2mot     ret=0  data=['0x00', '0x00']
15:14:49.725  DEBUG   [poll]    -> read  st0cur    
15:14:49.730  DEBUG   [poll]    <- read  st0cur     ret=0  data=['0x01', '0x02', '0x01', '0x02']
15:14:50.731  DEBUG   [poll]    -> read  st2mot    
15:14:50.735  DEBUG   [poll]    <- read  st2mot     ret=0  data=['0x00', '0x00']
15:14:50.735  DEBUG   [poll]    -> read  st0cur    
15:14:50.739  DEBUG   [poll]    <- read  st0cur     ret=0  data=['0x01', '0x02', '0x00', '0x02']
15:14:51.741  DEBUG   [poll]    -> read  st2mot    
15:14:51.744  DEBUG   [poll]    <- read  st2mot     ret=0  data=['0x00', '0x00']
15:14:51.744  DEBUG   [poll]    -> read  st0cur    
15:14:51.749  DEBUG   [poll]    <- read  st0cur     ret=0  data=['0x01', '0x02', '0x01', '0x02']
15:14:52.750  DEBUG   [poll]    -> read  st2mot    
15:14:52.753  DEBUG   [poll]    <- read  st2mot     ret=0  data=['0x00', '0x00']
15:14:52.754  DEBUG   [poll]    -> read  st0cur    
15:14:52.758  DEBUG   [poll]    <- read  st0cur     ret=0  data=['0x01', '0x02', '0x00', '0x02']
15:14:53.760  DEBUG   [poll]    -> read  st2mot    
15:14:53.763  DEBUG   [poll]    <- read  st2mot     ret=0  data=['0x00', '0x00']
15:14:53.763  DEBUG   [poll]    -> read  st0cur    
15:14:53.768  DEBUG   [poll]    <- read  st0cur     ret=0  data=['0x01', '0x02', '0x00', '0x02']
15:14:54.769  DEBUG   [poll]    -> read  st2mot    
15:14:54.772  DEBUG   [poll]    <- read  st2mot     ret=0  data=['0x00', '0x00']
15:14:54.773  DEBUG   [poll]    -> read  st0cur    
15:14:54.777  DEBUG   [poll]    <- read  st0cur     ret=0  data=['0x01', '0x02', '0x01', '0x02']
15:14:55.779  DEBUG   [poll]    -> read  st2mot    
15:14:55.782  DEBUG   [poll]    <- read  st2mot     ret=0  data=['0x00', '0x00']
15:14:55.782  DEBUG   [poll]    -> read  st0cur    
15:14:55.787  DEBUG   [poll]    <- read  st0cur     ret=0  data=['0x01', '0x02', '0x00', '0x02']
15:14:56.788  DEBUG   [poll]    -> read  st2mot    
15:14:56.792  DEBUG   [poll]    <- read  st2mot     ret=0  data=['0x00', '0x00']
15:14:56.792  DEBUG   [poll]    -> read  st0cur    
15:14:56.796  DEBUG   [poll]    <- read  st0cur     ret=0  data=['0x01', '0x02', '0x01', '0x02']
15:14:57.798  DEBUG   [poll]    -> read  st2mot    
15:14:57.801  DEBUG   [poll]    <- read  st2mot     ret=0  data=['0x00', '0x00']
15:14:57.801  DEBUG   [poll]    -> read  st0cur    
15:14:57.806  DEBUG   [poll]    <- read  st0cur     ret=0  data=['0x01', '0x02', '0x01', '0x02']
15:14:58.807  DEBUG   [poll]    -> read  st2mot    
15:14:58.811  DEBUG   [poll]    <- read  st2mot     ret=0  data=['0x00', '0x00']
15:14:58.811  DEBUG   [poll]    -> read  st0cur    
15:14:58.815  DEBUG   [poll]    <- read  st0cur     ret=0  data=['0x01', '0x02', '0x00', '0x02']
15:14:59.817  DEBUG   [poll]    -> read  st2mot    
15:14:59.820  DEBUG   [poll]    <- read  st2mot     ret=0  data=['0x00', '0x00']
15:14:59.820  DEBUG   [poll]    -> read  st0cur    
15:14:59.825  DEBUG   [poll]    <- read  st0cur     ret=0  data=['0x01', '0x02', '0x00', '0x02']
15:15:00.826  DEBUG   [poll]    -> read  st2mot    
15:15:00.829  DEBUG   [poll]    <- read  st2mot     ret=0  data=['0x00', '0x00']
15:15:00.830  DEBUG   [poll]    -> read  st0cur    
15:15:00.834  DEBUG   [poll]    <- read  st0cur     ret=0  data=['0x01', '0x02', '0x00', '0x02']
15:15:01.836  DEBUG   [poll]    -> read  st2mot    
15:15:01.839  DEBUG   [poll]    <- read  st2mot     ret=0  data=['0x00', '0x00']
15:15:01.839  DEBUG   [poll]    -> read  st0cur    
15:15:01.844  DEBUG   [poll]    <- read  st0cur     ret=0  data=['0x01', '0x02', '0x00', '0x02']
15:15:02.845  DEBUG   [poll]    -> read  st2mot    
15:15:02.848  DEBUG   [poll]    <- read  st2mot     ret=0  data=['0x00', '0x00']
15:15:02.849  DEBUG   [poll]    -> read  st0cur    
15:15:02.853  DEBUG   [poll]    <- read  st0cur     ret=0  data=['0x01', '0x02', '0x01', '0x02']
15:15:03.855  DEBUG   [poll]    -> read  st2mot    
15:15:03.858  DEBUG   [poll]    <- read  st2mot     ret=0  data=['0x00', '0x00']
15:15:03.858  DEBUG   [poll]    -> read  st0cur    
15:15:03.863  DEBUG   [poll]    <- read  st0cur     ret=0  data=['0x01', '0x02', '0x01', '0x02']
15:15:04.864  DEBUG   [poll]    -> read  st2mot    
15:15:04.868  DEBUG   [poll]    <- read  st2mot     ret=0  data=['0x00', '0x00']
15:15:04.868  DEBUG   [poll]    -> read  st0cur    
15:15:04.873  DEBUG   [poll]    <- read  st0cur     ret=0  data=['0x01', '0x02', '0x00', '0x02']
15:15:05.874  DEBUG   [poll]    -> read  st2mot    
15:15:05.877  DEBUG   [poll]    <- read  st2mot     ret=0  data=['0x00', '0x00']
15:15:05.878  DEBUG   [poll]    -> read  st0cur    
15:15:05.882  DEBUG   [poll]    <- read  st0cur     ret=0  data=['0x01', '0x02', '0x00', '0x02']
15:15:06.884  DEBUG   [poll]    -> read  st2mot    
15:15:06.887  DEBUG   [poll]    <- read  st2mot     ret=0  data=['0x00', '0x00']
15:15:06.887  DEBUG   [poll]    -> read  st0cur    
15:15:06.892  DEBUG   [poll]    <- read  st0cur     ret=0  data=['0x01', '0x02', '0x01', '0x02']
15:15:07.893  DEBUG   [poll]    -> read  st2mot    
15:15:07.896  DEBUG   [poll]    <- read  st2mot     ret=0  data=['0x00', '0x00']
15:15:07.897  DEBUG   [poll]    -> read  st0cur    
15:15:07.901  DEBUG   [poll]    <- read  st0cur     ret=0  data=['0x01', '0x02', '0x01', '0x02']
15:15:08.903  DEBUG   [poll]    -> read  st2mot    
15:15:08.906  DEBUG   [poll]    <- read  st2mot     ret=0  data=['0x00', '0x00']
15:15:08.906  DEBUG   [poll]    -> read  st0cur    
15:15:08.911  DEBUG   [poll]    <- read  st0cur     ret=0  data=['0x01', '0x02', '0x01', '0x02']
15:15:09.912  DEBUG   [poll]    -> read  st2mot    
15:15:09.916  DEBUG   [poll]    <- read  st2mot     ret=0  data=['0x00', '0x00']
15:15:09.916  DEBUG   [poll]    -> read  st0cur    
15:15:09.920  DEBUG   [poll]    <- read  st0cur     ret=0  data=['0x01', '0x02', '0x00', '0x02']
15:15:10.922  DEBUG   [poll]    -> read  st2mot    
15:15:10.925  DEBUG   [poll]    <- read  st2mot     ret=0  data=['0x00', '0x00']
15:15:10.925  DEBUG   [poll]    -> read  st0cur    
15:15:10.930  DEBUG   [poll]    <- read  st0cur     ret=0  data=['0x01', '0x02', '0x01', '0x02']
15:15:11.931  DEBUG   [poll]    -> read  st2mot    
15:15:11.934  DEBUG   [poll]    <- read  st2mot     ret=0  data=['0x00', '0x00']
15:15:11.935  DEBUG   [poll]    -> read  st0cur    
15:15:11.939  DEBUG   [poll]    <- read  st0cur     ret=0  data=['0x01', '0x02', '0x00', '0x02']
15:15:12.940  DEBUG   [poll]    -> read  st2mot    
15:15:12.944  DEBUG   [poll]    <- read  st2mot     ret=0  data=['0x00', '0x00']
15:15:12.944  DEBUG   [poll]    -> read  st0cur    
15:15:12.948  DEBUG   [poll]    <- read  st0cur     ret=0  data=['0x01', '0x02', '0x01', '0x02']
15:15:13.950  DEBUG   [poll]    -> read  st2mot    
15:15:13.954  DEBUG   [poll]    <- read  st2mot     ret=0  data=['0x00', '0x00']
15:15:13.954  DEBUG   [poll]    -> read  st0cur    
15:15:13.958  DEBUG   [poll]    <- read  st0cur     ret=0  data=['0x01', '0x02', '0x01', '0x02']
15:15:14.960  DEBUG   [poll]    -> read  st2mot    
15:15:14.963  DEBUG   [poll]    <- read  st2mot     ret=0  data=['0x00', '0x00']
15:15:14.964  DEBUG   [poll]    -> read  st0cur    
15:15:14.968  DEBUG   [poll]    <- read  st0cur     ret=0  data=['0x01', '0x02', '0x01', '0x02']
15:15:15.970  DEBUG   [poll]    -> read  st2mot    
15:15:15.973  DEBUG   [poll]    <- read  st2mot     ret=0  data=['0x00', '0x00']
15:15:15.973  DEBUG   [poll]    -> read  st0cur    
15:15:15.978  DEBUG   [poll]    <- read  st0cur     ret=0  data=['0x01', '0x02', '0x00', '0x02']
15:15:16.979  DEBUG   [poll]    -> read  st2mot    
15:15:16.982  DEBUG   [poll]    <- read  st2mot     ret=0  data=['0x00', '0x00']
15:15:16.983  DEBUG   [poll]    -> read  st0cur    
15:15:16.987  DEBUG   [poll]    <- read  st0cur     ret=0  data=['0x01', '0x02', '0x00', '0x02']
15:15:17.989  DEBUG   [poll]    -> read  st2mot    
15:15:17.992  DEBUG   [poll]    <- read  st2mot     ret=0  data=['0x00', '0x00']
15:15:17.992  DEBUG   [poll]    -> read  st0cur    
15:15:17.997  DEBUG   [poll]    <- read  st0cur     ret=0  data=['0x01', '0x02', '0x01', '0x02']
15:15:18.998  DEBUG   [poll]    -> read  st2mot    
15:15:19.001  DEBUG   [poll]    <- read  st2mot     ret=0  data=['0x00', '0x00']
15:15:19.002  DEBUG   [poll]    -> read  st0cur    
15:15:19.006  DEBUG   [poll]    <- read  st0cur     ret=0  data=['0x01', '0x02', '0x00', '0x02']
15:15:20.007  DEBUG   [poll]    -> read  st2mot    
15:15:20.011  DEBUG   [poll]    <- read  st2mot     ret=0  data=['0x00', '0x00']
15:15:20.011  DEBUG   [poll]    -> read  st0cur    
15:15:20.016  DEBUG   [poll]    <- read  st0cur     ret=0  data=['0x01', '0x02', '0x00', '0x02']
15:15:21.017  DEBUG   [poll]    -> read  st2mot    
15:15:21.021  DEBUG   [poll]    <- read  st2mot     ret=0  data=['0x00', '0x00']
15:15:21.021  DEBUG   [poll]    -> read  st0cur    
15:15:21.025  DEBUG   [poll]    <- read  st0cur     ret=0  data=['0x01', '0x02', '0x01', '0x02']
15:15:22.027  DEBUG   [poll]    -> read  st2mot    
15:15:22.030  DEBUG   [poll]    <- read  st2mot     ret=0  data=['0x00', '0x00']
15:15:22.030  DEBUG   [poll]    -> read  st0cur    
15:15:22.035  DEBUG   [poll]    <- read  st0cur     ret=0  data=['0x01', '0x02', '0x01', '0x02']
15:15:23.036  DEBUG   [poll]    -> read  st2mot    
15:15:23.039  DEBUG   [poll]    <- read  st2mot     ret=0  data=['0x00', '0x00']
15:15:23.040  DEBUG   [poll]    -> read  st0cur    
15:15:23.044  DEBUG   [poll]    <- read  st0cur     ret=0  data=['0x01', '0x02', '0x01', '0x02']
15:15:24.046  DEBUG   [poll]    -> read  st2mot    
15:15:24.049  DEBUG   [poll]    <- read  st2mot     ret=0  data=['0x00', '0x00']
15:15:24.049  DEBUG   [poll]    -> read  st0cur    
15:15:24.053  DEBUG   [poll]    <- read  st0cur     ret=0  data=['0x01', '0x02', '0x01', '0x02']
15:15:25.055  DEBUG   [poll]    -> read  st2mot    
15:15:25.058  DEBUG   [poll]    <- read  st2mot     ret=0  data=['0x00', '0x00']
15:15:25.059  DEBUG   [poll]    -> read  st0cur    
15:15:25.063  DEBUG   [poll]    <- read  st0cur     ret=0  data=['0x01', '0x02', '0x00', '0x02']
15:15:26.065  DEBUG   [poll]    -> read  st2mot    
15:15:26.068  DEBUG   [poll]    <- read  st2mot     ret=0  data=['0x00', '0x00']
15:15:26.068  DEBUG   [poll]    -> read  st0cur    
15:15:26.073  DEBUG   [poll]    <- read  st0cur     ret=0  data=['0x01', '0x02', '0x01', '0x02']
15:15:27.074  DEBUG   [poll]    -> read  st2mot    
15:15:27.078  DEBUG   [poll]    <- read  st2mot     ret=0  data=['0x00', '0x00']
15:15:27.078  DEBUG   [poll]    -> read  st0cur    
15:15:27.082  DEBUG   [poll]    <- read  st0cur     ret=0  data=['0x01', '0x02', '0x00', '0x02']
15:15:28.084  DEBUG   [poll]    -> read  st2mot    
15:15:28.087  DEBUG   [poll]    <- read  st2mot     ret=0  data=['0x00', '0x00']
15:15:28.087  DEBUG   [poll]    -> read  st0cur    
15:15:28.092  DEBUG   [poll]    <- read  st0cur     ret=0  data=['0x01', '0x02', '0x00', '0x02']
15:15:29.093  DEBUG   [poll]    -> read  st2mot    
15:15:29.096  DEBUG   [poll]    <- read  st2mot     ret=0  data=['0x00', '0x00']
15:15:29.097  DEBUG   [poll]    -> read  st0cur    
15:15:29.101  DEBUG   [poll]    <- read  st0cur     ret=0  data=['0x01', '0x02', '0x00', '0x02']
15:15:30.103  DEBUG   [poll]    -> read  st2mot    
15:15:30.106  DEBUG   [poll]    <- read  st2mot     ret=0  data=['0x00', '0x00']
15:15:30.107  DEBUG   [poll]    -> read  st0cur    
15:15:30.111  DEBUG   [poll]    <- read  st0cur     ret=0  data=['0x01', '0x02', '0x00', '0x02']
15:15:31.113  DEBUG   [poll]    -> read  st2mot    
15:15:31.116  DEBUG   [poll]    <- read  st2mot     ret=0  data=['0x00', '0x00']
15:15:31.116  DEBUG   [poll]    -> read  st0cur    
15:15:31.120  DEBUG   [poll]    <- read  st0cur     ret=0  data=['0x01', '0x02', '0x00', '0x02']
15:15:32.122  DEBUG   [poll]    -> read  st2mot    
15:15:32.125  DEBUG   [poll]    <- read  st2mot     ret=0  data=['0x00', '0x00']
15:15:32.126  DEBUG   [poll]    -> read  st0cur    
15:15:32.130  DEBUG   [poll]    <- read  st0cur     ret=0  data=['0x01', '0x02', '0x00', '0x02']
15:15:33.131  DEBUG   [poll]    -> read  st2mot    
15:15:33.135  DEBUG   [poll]    <- read  st2mot     ret=0  data=['0x00', '0x00']
15:15:33.135  DEBUG   [poll]    -> read  st0cur    
15:15:33.139  DEBUG   [poll]    <- read  st0cur     ret=0  data=['0x01', '0x02', '0x00', '0x02']
15:15:34.141  DEBUG   [poll]    -> read  st2mot    
15:15:34.144  DEBUG   [poll]    <- read  st2mot     ret=0  data=['0x00', '0x00']
15:15:34.145  DEBUG   [poll]    -> read  st0cur    
15:15:34.149  DEBUG   [poll]    <- read  st0cur     ret=0  data=['0x01', '0x02', '0x01', '0x02']
15:15:35.150  DEBUG   [poll]    -> read  st2mot    
15:15:35.154  DEBUG   [poll]    <- read  st2mot     ret=0  data=['0x00', '0x00']
15:15:35.154  DEBUG   [poll]    -> read  st0cur    
15:15:35.158  DEBUG   [poll]    <- read  st0cur     ret=0  data=['0x01', '0x02', '0x01', '0x02']
15:15:36.160  DEBUG   [poll]    -> read  st2mot    
15:15:36.163  DEBUG   [poll]    <- read  st2mot     ret=0  data=['0x00', '0x00']
15:15:36.164  DEBUG   [poll]    -> read  st0cur    
15:15:36.168  DEBUG   [poll]    <- read  st0cur     ret=0  data=['0x01', '0x02', '0x01', '0x02']
15:15:37.169  DEBUG   [poll]    -> read  st2mot    
15:15:37.172  DEBUG   [poll]    <- read  st2mot     ret=0  data=['0x00', '0x00']
15:15:37.172  DEBUG   [poll]    -> read  st0cur    
15:15:37.177  DEBUG   [poll]    <- read  st0cur     ret=0  data=['0x01', '0x02', '0x00', '0x02']
15:15:38.178  DEBUG   [poll]    -> read  st2mot    
15:15:38.181  DEBUG   [poll]    <- read  st2mot     ret=0  data=['0x00', '0x00']
15:15:38.182  DEBUG   [poll]    -> read  st0cur    
15:15:38.186  DEBUG   [poll]    <- read  st0cur     ret=0  data=['0x01', '0x02', '0x00', '0x02']
15:15:39.188  DEBUG   [poll]    -> read  st2mot    
15:15:39.191  DEBUG   [poll]    <- read  st2mot     ret=0  data=['0x00', '0x00']
15:15:39.191  DEBUG   [poll]    -> read  st0cur    
15:15:39.195  DEBUG   [poll]    <- read  st0cur     ret=0  data=['0x01', '0x02', '0x00', '0x02']
15:15:40.197  DEBUG   [poll]    -> read  st2mot    
15:15:40.200  DEBUG   [poll]    <- read  st2mot     ret=0  data=['0x00', '0x00']
15:15:40.201  DEBUG   [poll]    -> read  st0cur    
15:15:40.205  DEBUG   [poll]    <- read  st0cur     ret=0  data=['0x01', '0x02', '0x01', '0x02']
15:15:41.207  DEBUG   [poll]    -> read  st2mot    
15:15:41.210  DEBUG   [poll]    <- read  st2mot     ret=0  data=['0x00', '0x00']
15:15:41.210  DEBUG   [poll]    -> read  st0cur    
15:15:41.214  DEBUG   [poll]    <- read  st0cur     ret=0  data=['0x01', '0x02', '0x01', '0x02']
15:15:42.216  DEBUG   [poll]    -> read  st2mot    
15:15:42.219  DEBUG   [poll]    <- read  st2mot     ret=0  data=['0x00', '0x00']
15:15:42.220  DEBUG   [poll]    -> read  st0cur    
15:15:42.224  DEBUG   [poll]    <- read  st0cur     ret=0  data=['0x01', '0x02', '0x00', '0x02']
15:15:43.225  DEBUG   [poll]    -> read  st2mot    
15:15:43.229  DEBUG   [poll]    <- read  st2mot     ret=0  data=['0x00', '0x00']
15:15:43.229  DEBUG   [poll]    -> read  st0cur    
15:15:43.233  DEBUG   [poll]    <- read  st0cur     ret=0  data=['0x01', '0x02', '0x00', '0x02']
15:15:44.235  DEBUG   [poll]    -> read  st2mot    
15:15:44.238  DEBUG   [poll]    <- read  st2mot     ret=0  data=['0x00', '0x00']
15:15:44.239  DEBUG   [poll]    -> read  st0cur    
15:15:44.243  DEBUG   [poll]    <- read  st0cur     ret=0  data=['0x01', '0x02', '0x00', '0x02']
15:15:45.244  DEBUG   [poll]    -> read  st2mot    
15:15:45.248  DEBUG   [poll]    <- read  st2mot     ret=0  data=['0x00', '0x00']
15:15:45.248  DEBUG   [poll]    -> read  st0cur    
15:15:45.253  DEBUG   [poll]    <- read  st0cur     ret=0  data=['0x01', '0x02', '0x00', '0x02']
15:15:46.254  DEBUG   [poll]    -> read  st2mot    
15:15:46.258  DEBUG   [poll]    <- read  st2mot     ret=0  data=['0x00', '0x00']
15:15:46.258  DEBUG   [poll]    -> read  st0cur    
15:15:46.262  DEBUG   [poll]    <- read  st0cur     ret=0  data=['0x01', '0x02', '0x00', '0x02']
15:15:47.264  DEBUG   [poll]    -> read  st2mot    
15:15:47.267  DEBUG   [poll]    <- read  st2mot     ret=0  data=['0x00', '0x00']
15:15:47.267  DEBUG   [poll]    -> read  st0cur    
15:15:47.272  DEBUG   [poll]    <- read  st0cur     ret=0  data=['0x01', '0x02', '0x01', '0x02']
15:15:48.273  DEBUG   [poll]    -> read  st2mot    
15:15:48.276  DEBUG   [poll]    <- read  st2mot     ret=0  data=['0x00', '0x00']
15:15:48.277  DEBUG   [poll]    -> read  st0cur    
15:15:48.281  DEBUG   [poll]    <- read  st0cur     ret=0  data=['0x01', '0x02', '0x01', '0x02']
15:15:49.283  DEBUG   [poll]    -> read  st2mot    
15:15:49.286  DEBUG   [poll]    <- read  st2mot     ret=0  data=['0x00', '0x00']
15:15:49.286  DEBUG   [poll]    -> read  st0cur    
15:15:49.290  DEBUG   [poll]    <- read  st0cur     ret=0  data=['0x01', '0x02', '0x00', '0x02']
15:15:50.292  DEBUG   [poll]    -> read  st2mot    
15:15:50.295  DEBUG   [poll]    <- read  st2mot     ret=0  data=['0x00', '0x00']
15:15:50.296  DEBUG   [poll]    -> read  st0cur    
15:15:50.300  DEBUG   [poll]    <- read  st0cur     ret=0  data=['0x01', '0x02', '0x00', '0x02']
15:15:51.302  DEBUG   [poll]    -> read  st2mot    
15:15:51.305  DEBUG   [poll]    <- read  st2mot     ret=0  data=['0x00', '0x00']
15:15:51.305  DEBUG   [poll]    -> read  st0cur    
15:15:51.309  DEBUG   [poll]    <- read  st0cur     ret=0  data=['0x01', '0x02', '0x00', '0x02']
15:15:52.311  DEBUG   [poll]    -> read  st2mot    
15:15:52.314  DEBUG   [poll]    <- read  st2mot     ret=0  data=['0x00', '0x00']
15:15:52.315  DEBUG   [poll]    -> read  st0cur    
15:15:52.319  DEBUG   [poll]    <- read  st0cur     ret=0  data=['0x01', '0x02', '0x00', '0x02']
15:15:53.320  DEBUG   [poll]    -> read  st2mot    
15:15:53.324  DEBUG   [poll]    <- read  st2mot     ret=0  data=['0x00', '0x00']
15:15:53.324  DEBUG   [poll]    -> read  st0cur    
15:15:53.328  DEBUG   [poll]    <- read  st0cur     ret=0  data=['0x01', '0x02', '0x00', '0x02']
15:15:54.330  DEBUG   [poll]    -> read  st2mot    
15:15:54.333  DEBUG   [poll]    <- read  st2mot     ret=0  data=['0x00', '0x00']
15:15:54.334  DEBUG   [poll]    -> read  st0cur    
15:15:54.338  DEBUG   [poll]    <- read  st0cur     ret=0  data=['0x01', '0x02', '0x00', '0x02']
15:15:55.339  DEBUG   [poll]    -> read  st2mot    
15:15:55.343  DEBUG   [poll]    <- read  st2mot     ret=0  data=['0x00', '0x00']
15:15:55.343  DEBUG   [poll]    -> read  st0cur    
15:15:55.348  DEBUG   [poll]    <- read  st0cur     ret=0  data=['0x01', '0x02', '0x00', '0x02']
15:15:56.349  DEBUG   [poll]    -> read  st2mot    
15:15:56.352  DEBUG   [poll]    <- read  st2mot     ret=0  data=['0x00', '0x00']
15:15:56.353  DEBUG   [poll]    -> read  st0cur    
15:15:56.357  DEBUG   [poll]    <- read  st0cur     ret=0  data=['0x01', '0x02', '0x00', '0x02']
15:15:57.358  DEBUG   [poll]    -> read  st2mot    
15:15:57.362  DEBUG   [poll]    <- read  st2mot     ret=0  data=['0x00', '0x00']
15:15:57.362  DEBUG   [poll]    -> read  st0cur    
15:15:57.367  DEBUG   [poll]    <- read  st0cur     ret=0  data=['0x01', '0x02', '0x00', '0x02']
15:15:58.368  DEBUG   [poll]    -> read  st2mot    
15:15:58.371  DEBUG   [poll]    <- read  st2mot     ret=0  data=['0x00', '0x00']
15:15:58.372  DEBUG   [poll]    -> read  st0cur    
15:15:58.376  DEBUG   [poll]    <- read  st0cur     ret=0  data=['0x01', '0x02', '0x01', '0x02']
15:15:59.377  DEBUG   [poll]    -> read  st2mot    
15:15:59.381  DEBUG   [poll]    <- read  st2mot     ret=0  data=['0x00', '0x00']
15:15:59.381  DEBUG   [poll]    -> read  st0cur    
15:15:59.385  DEBUG   [poll]    <- read  st0cur     ret=0  data=['0x01', '0x02', '0x00', '0x02']
15:16:00.387  DEBUG   [poll]    -> read  st2mot    
15:16:00.390  DEBUG   [poll]    <- read  st2mot     ret=0  data=['0x00', '0x00']
15:16:00.391  DEBUG   [poll]    -> read  st0cur    
15:16:00.395  DEBUG   [poll]    <- read  st0cur     ret=0  data=['0x01', '0x02', '0x00', '0x02']
15:16:01.397  DEBUG   [poll]    -> read  st2mot    
15:16:01.401  DEBUG   [poll]    <- read  st2mot     ret=0  data=['0x00', '0x00']
15:16:01.401  DEBUG   [poll]    -> read  st0cur    
15:16:01.405  DEBUG   [poll]    <- read  st0cur     ret=0  data=['0x01', '0x02', '0x00', '0x02']
15:16:02.407  DEBUG   [poll]    -> read  st2mot    
15:16:02.410  DEBUG   [poll]    <- read  st2mot     ret=0  data=['0x00', '0x00']
15:16:02.410  DEBUG   [poll]    -> read  st0cur    
15:16:02.415  DEBUG   [poll]    <- read  st0cur     ret=0  data=['0x01', '0x02', '0x00', '0x02']
15:16:03.416  DEBUG   [poll]    -> read  st2mot    
15:16:03.419  DEBUG   [poll]    <- read  st2mot     ret=0  data=['0x00', '0x00']
15:16:03.420  DEBUG   [poll]    -> read  st0cur    
15:16:03.424  DEBUG   [poll]    <- read  st0cur     ret=0  data=['0x01', '0x02', '0x01', '0x02']
15:16:04.426  DEBUG   [poll]    -> read  st2mot    
15:16:04.429  DEBUG   [poll]    <- read  st2mot     ret=0  data=['0x00', '0x00']
15:16:04.429  DEBUG   [poll]    -> read  st0cur    
15:16:04.434  DEBUG   [poll]    <- read  st0cur     ret=0  data=['0x01', '0x02', '0x00', '0x02']
15:16:05.435  DEBUG   [poll]    -> read  st2mot    
15:16:05.439  DEBUG   [poll]    <- read  st2mot     ret=0  data=['0x00', '0x00']
15:16:05.439  DEBUG   [poll]    -> read  st0cur    
15:16:05.443  DEBUG   [poll]    <- read  st0cur     ret=0  data=['0x01', '0x02', '0x00', '0x02']
15:16:06.445  DEBUG   [poll]    -> read  st2mot    
15:16:06.448  DEBUG   [poll]    <- read  st2mot     ret=0  data=['0x00', '0x00']
15:16:06.449  DEBUG   [poll]    -> read  st0cur    
15:16:06.453  DEBUG   [poll]    <- read  st0cur     ret=0  data=['0x01', '0x02', '0x00', '0x02']
15:16:07.454  DEBUG   [poll]    -> read  st2mot    
15:16:07.458  DEBUG   [poll]    <- read  st2mot     ret=0  data=['0x00', '0x00']
15:16:07.458  DEBUG   [poll]    -> read  st0cur    
15:16:07.462  DEBUG   [poll]    <- read  st0cur     ret=0  data=['0x01', '0x02', '0x00', '0x02']
15:16:08.464  DEBUG   [poll]    -> read  st2mot    
15:16:08.467  DEBUG   [poll]    <- read  st2mot     ret=0  data=['0x00', '0x00']
15:16:08.467  DEBUG   [poll]    -> read  st0cur    
15:16:08.472  DEBUG   [poll]    <- read  st0cur     ret=0  data=['0x01', '0x02', '0x01', '0x02']
15:16:09.473  DEBUG   [poll]    -> read  st2mot    
15:16:09.477  DEBUG   [poll]    <- read  st2mot     ret=0  data=['0x00', '0x00']
15:16:09.477  DEBUG   [poll]    -> read  st0cur    
15:16:09.481  DEBUG   [poll]    <- read  st0cur     ret=0  data=['0x01', '0x02', '0x01', '0x02']
15:16:10.483  DEBUG   [poll]    -> read  st2mot    
15:16:10.486  DEBUG   [poll]    <- read  st2mot     ret=0  data=['0x00', '0x00']
15:16:10.487  DEBUG   [poll]    -> read  st0cur    
15:16:10.491  DEBUG   [poll]    <- read  st0cur     ret=0  data=['0x01', '0x02', '0x00', '0x02']
15:16:11.492  DEBUG   [poll]    -> read  st2mot    
15:16:11.496  DEBUG   [poll]    <- read  st2mot     ret=0  data=['0x00', '0x00']
15:16:11.496  DEBUG   [poll]    -> read  st0cur    
15:16:11.500  DEBUG   [poll]    <- read  st0cur     ret=0  data=['0x01', '0x02', '0x01', '0x02']
15:16:12.502  DEBUG   [poll]    -> read  st2mot    
15:16:12.505  DEBUG   [poll]    <- read  st2mot     ret=0  data=['0x00', '0x00']
15:16:12.506  DEBUG   [poll]    -> read  st0cur    
15:16:12.510  DEBUG   [poll]    <- read  st0cur     ret=0  data=['0x01', '0x02', '0x00', '0x02']
15:16:13.512  DEBUG   [poll]    -> read  st2mot    
15:16:13.515  DEBUG   [poll]    <- read  st2mot     ret=0  data=['0x00', '0x00']
15:16:13.515  DEBUG   [poll]    -> read  st0cur    
15:16:13.520  DEBUG   [poll]    <- read  st0cur     ret=0  data=['0x01', '0x02', '0x01', '0x02']
15:16:14.521  DEBUG   [poll]    -> read  st2mot    
15:16:14.525  DEBUG   [poll]    <- read  st2mot     ret=0  data=['0x00', '0x00']
15:16:14.525  DEBUG   [poll]    -> read  st0cur    
15:16:14.529  DEBUG   [poll]    <- read  st0cur     ret=0  data=['0x01', '0x02', '0x00', '0x02']
15:16:15.531  DEBUG   [poll]    -> read  st2mot    
15:16:15.534  DEBUG   [poll]    <- read  st2mot     ret=0  data=['0x00', '0x00']
15:16:15.535  DEBUG   [poll]    -> read  st0cur    
15:16:15.539  DEBUG   [poll]    <- read  st0cur     ret=0  data=['0x01', '0x02', '0x00', '0x02']
15:16:16.541  DEBUG   [poll]    -> read  st2mot    
15:16:16.544  DEBUG   [poll]    <- read  st2mot     ret=0  data=['0x00', '0x00']
15:16:16.544  DEBUG   [poll]    -> read  st0cur    
15:16:16.548  DEBUG   [poll]    <- read  st0cur     ret=0  data=['0x01', '0x02', '0x01', '0x02']
15:16:17.550  DEBUG   [poll]    -> read  st2mot    
15:16:17.553  DEBUG   [poll]    <- read  st2mot     ret=0  data=['0x00', '0x00']
15:16:17.554  DEBUG   [poll]    -> read  st0cur    
15:16:17.558  DEBUG   [poll]    <- read  st0cur     ret=0  data=['0x01', '0x02', '0x00', '0x02']
15:16:18.560  DEBUG   [poll]    -> read  st2mot    
15:16:18.563  DEBUG   [poll]    <- read  st2mot     ret=0  data=['0x00', '0x00']
15:16:18.563  DEBUG   [poll]    -> read  st0cur    
15:16:18.567  DEBUG   [poll]    <- read  st0cur     ret=0  data=['0x01', '0x02', '0x00', '0x02']
15:16:19.569  DEBUG   [poll]    -> read  st2mot    
15:16:19.572  DEBUG   [poll]    <- read  st2mot     ret=0  data=['0x00', '0x00']
15:16:19.573  DEBUG   [poll]    -> read  st0cur    
15:16:19.577  DEBUG   [poll]    <- read  st0cur     ret=0  data=['0x01', '0x02', '0x00', '0x02']
15:16:20.579  DEBUG   [poll]    -> read  st2mot    
15:16:20.582  DEBUG   [poll]    <- read  st2mot     ret=0  data=['0x00', '0x00']
15:16:20.582  DEBUG   [poll]    -> read  st0cur    
15:16:20.587  DEBUG   [poll]    <- read  st0cur     ret=0  data=['0x01', '0x02', '0x00', '0x02']
15:16:21.588  DEBUG   [poll]    -> read  st2mot    
15:16:21.591  DEBUG   [poll]    <- read  st2mot     ret=0  data=['0x00', '0x00']
15:16:21.591  DEBUG   [poll]    -> read  st0cur    
15:16:21.595  DEBUG   [poll]    <- read  st0cur     ret=0  data=['0x01', '0x02', '0x01', '0x02']
15:16:22.596  DEBUG   [poll]    -> read  st2mot    
15:16:22.600  DEBUG   [poll]    <- read  st2mot     ret=0  data=['0x00', '0x00']
15:16:22.600  DEBUG   [poll]    -> read  st0cur    
15:16:22.604  DEBUG   [poll]    <- read  st0cur     ret=0  data=['0x01', '0x02', '0x00', '0x02']
15:16:23.606  DEBUG   [poll]    -> read  st2mot    
15:16:23.609  DEBUG   [poll]    <- read  st2mot     ret=0  data=['0x00', '0x00']
15:16:23.610  DEBUG   [poll]    -> read  st0cur    
15:16:23.614  DEBUG   [poll]    <- read  st0cur     ret=0  data=['0x01', '0x02', '0x00', '0x02']
15:16:24.615  DEBUG   [poll]    -> read  st2mot    
15:16:24.619  DEBUG   [poll]    <- read  st2mot     ret=0  data=['0x00', '0x00']
15:16:24.619  DEBUG   [poll]    -> read  st0cur    
15:16:24.623  DEBUG   [poll]    <- read  st0cur     ret=0  data=['0x01', '0x02', '0x01', '0x02']
15:16:25.625  DEBUG   [poll]    -> read  st2mot    
15:16:25.628  DEBUG   [poll]    <- read  st2mot     ret=0  data=['0x00', '0x00']
15:16:25.629  DEBUG   [poll]    -> read  st0cur    
15:16:25.633  DEBUG   [poll]    <- read  st0cur     ret=0  data=['0x01', '0x02', '0x01', '0x02']
15:16:26.635  DEBUG   [poll]    -> read  st2mot    
15:16:26.638  DEBUG   [poll]    <- read  st2mot     ret=0  data=['0x00', '0x00']
15:16:26.639  DEBUG   [poll]    -> read  st0cur    
15:16:26.643  DEBUG   [poll]    <- read  st0cur     ret=0  data=['0x01', '0x02', '0x00', '0x02']
15:16:27.644  DEBUG   [poll]    -> read  st2mot    
15:16:27.648  DEBUG   [poll]    <- read  st2mot     ret=0  data=['0x00', '0x00']
15:16:27.648  DEBUG   [poll]    -> read  st0cur    
15:16:27.652  DEBUG   [poll]    <- read  st0cur     ret=0  data=['0x01', '0x02', '0x00', '0x02']
15:16:28.654  DEBUG   [poll]    -> read  st2mot    
15:16:28.657  DEBUG   [poll]    <- read  st2mot     ret=0  data=['0x00', '0x00']
15:16:28.658  DEBUG   [poll]    -> read  st0cur    
15:16:28.662  DEBUG   [poll]    <- read  st0cur     ret=0  data=['0x01', '0x02', '0x00', '0x02']
15:16:29.663  DEBUG   [poll]    -> read  st2mot    
15:16:29.667  DEBUG   [poll]    <- read  st2mot     ret=0  data=['0x00', '0x00']
15:16:29.667  DEBUG   [poll]    -> read  st0cur    
15:16:29.671  DEBUG   [poll]    <- read  st0cur     ret=0  data=['0x01', '0x02', '0x00', '0x02']
15:16:30.673  DEBUG   [poll]    -> read  st2mot    
15:16:30.676  DEBUG   [poll]    <- read  st2mot     ret=0  data=['0x00', '0x00']
15:16:30.677  DEBUG   [poll]    -> read  st0cur    
15:16:30.681  DEBUG   [poll]    <- read  st0cur     ret=0  data=['0x01', '0x02', '0x00', '0x02']
15:16:31.682  DEBUG   [poll]    -> read  st2mot    
15:16:31.686  DEBUG   [poll]    <- read  st2mot     ret=0  data=['0x00', '0x00']
15:16:31.686  DEBUG   [poll]    -> read  st0cur    
15:16:31.690  DEBUG   [poll]    <- read  st0cur     ret=0  data=['0x01', '0x02', '0x00', '0x02']
15:16:32.692  DEBUG   [poll]    -> read  st2mot    
15:16:32.695  DEBUG   [poll]    <- read  st2mot     ret=0  data=['0x00', '0x00']
15:16:32.695  DEBUG   [poll]    -> read  st0cur    
15:16:32.700  DEBUG   [poll]    <- read  st0cur     ret=0  data=['0x01', '0x02', '0x01', '0x02']
15:16:33.701  DEBUG   [poll]    -> read  st2mot    
15:16:33.705  DEBUG   [poll]    <- read  st2mot     ret=0  data=['0x00', '0x00']
15:16:33.705  DEBUG   [poll]    -> read  st0cur    
15:16:33.709  DEBUG   [poll]    <- read  st0cur     ret=0  data=['0x01', '0x02', '0x01', '0x02']
15:16:34.711  DEBUG   [poll]    -> read  st2mot    
15:16:34.714  DEBUG   [poll]    <- read  st2mot     ret=0  data=['0x00', '0x00']
15:16:34.714  DEBUG   [poll]    -> read  st0cur    
15:16:34.719  DEBUG   [poll]    <- read  st0cur     ret=0  data=['0x01', '0x02', '0x00', '0x02']
15:16:35.720  DEBUG   [poll]    -> read  st2mot    
15:16:35.724  DEBUG   [poll]    <- read  st2mot     ret=0  data=['0x00', '0x00']
15:16:35.724  DEBUG   [poll]    -> read  st0cur    
15:16:35.728  DEBUG   [poll]    <- read  st0cur     ret=0  data=['0x01', '0x02', '0x00', '0x02']
15:16:36.730  DEBUG   [poll]    -> read  st2mot    
15:16:36.733  DEBUG   [poll]    <- read  st2mot     ret=0  data=['0x00', '0x00']
15:16:36.734  DEBUG   [poll]    -> read  st0cur    
15:16:36.738  DEBUG   [poll]    <- read  st0cur     ret=0  data=['0x01', '0x02', '0x00', '0x02']
15:16:37.739  DEBUG   [poll]    -> read  st2mot    
15:16:37.743  DEBUG   [poll]    <- read  st2mot     ret=0  data=['0x00', '0x00']
15:16:37.743  DEBUG   [poll]    -> read  st0cur    
15:16:37.747  DEBUG   [poll]    <- read  st0cur     ret=0  data=['0x01', '0x02', '0x00', '0x02']
15:16:38.749  DEBUG   [poll]    -> read  st2mot    
15:16:38.752  DEBUG   [poll]    <- read  st2mot     ret=0  data=['0x00', '0x00']
15:16:38.753  DEBUG   [poll]    -> read  st0cur    
15:16:38.757  DEBUG   [poll]    <- read  st0cur     ret=0  data=['0x01', '0x02', '0x01', '0x02']
15:16:39.758  DEBUG   [poll]    -> read  st2mot    
15:16:39.762  DEBUG   [poll]    <- read  st2mot     ret=0  data=['0x00', '0x00']
15:16:39.762  DEBUG   [poll]    -> read  st0cur    
15:16:39.766  DEBUG   [poll]    <- read  st0cur     ret=0  data=['0x01', '0x02', '0x01', '0x02']
15:16:40.768  DEBUG   [poll]    -> read  st2mot    
15:16:40.771  DEBUG   [poll]    <- read  st2mot     ret=0  data=['0x00', '0x00']
15:16:40.774  DEBUG   [poll]    -> read  st0cur    
15:16:40.778  DEBUG   [poll]    <- read  st0cur     ret=0  data=['0x01', '0x02', '0x00', '0x02']
15:16:41.780  DEBUG   [poll]    -> read  st2mot    
15:16:41.783  DEBUG   [poll]    <- read  st2mot     ret=0  data=['0x00', '0x00']
15:16:41.784  DEBUG   [poll]    -> read  st0cur    
15:16:41.788  DEBUG   [poll]    <- read  st0cur     ret=0  data=['0x01', '0x02', '0x01', '0x02']
15:16:42.788  DEBUG   [poll]    -> read  st2mot    
15:16:42.792  DEBUG   [poll]    <- read  st2mot     ret=0  data=['0x00', '0x00']
15:16:42.792  DEBUG   [poll]    -> read  st0cur    
15:16:42.796  DEBUG   [poll]    <- read  st0cur     ret=0  data=['0x01', '0x02', '0x00', '0x02']
15:16:43.798  DEBUG   [poll]    -> read  st2mot    
15:16:43.801  DEBUG   [poll]    <- read  st2mot     ret=0  data=['0x00', '0x00']
15:16:43.802  DEBUG   [poll]    -> read  st0cur    
15:16:43.806  DEBUG   [poll]    <- read  st0cur     ret=0  data=['0x01', '0x02', '0x01', '0x02']
15:16:44.807  DEBUG   [poll]    -> read  st2mot    
15:16:44.811  DEBUG   [poll]    <- read  st2mot     ret=0  data=['0x00', '0x00']
15:16:44.811  DEBUG   [poll]    -> read  st0cur    
15:16:44.815  DEBUG   [poll]    <- read  st0cur     ret=0  data=['0x01', '0x02', '0x00', '0x02']
15:16:45.817  DEBUG   [poll]    -> read  st2mot    
15:16:45.820  DEBUG   [poll]    <- read  st2mot     ret=0  data=['0x00', '0x00']
15:16:45.821  DEBUG   [poll]    -> read  st0cur    
15:16:45.825  DEBUG   [poll]    <- read  st0cur     ret=0  data=['0x01', '0x02', '0x00', '0x02']
15:16:46.826  DEBUG   [poll]    -> read  st2mot    
15:16:46.830  DEBUG   [poll]    <- read  st2mot     ret=0  data=['0x00', '0x00']
15:16:46.830  DEBUG   [poll]    -> read  st0cur    
15:16:46.834  DEBUG   [poll]    <- read  st0cur     ret=0  data=['0x01', '0x02', '0x01', '0x02']
15:16:47.836  DEBUG   [poll]    -> read  st2mot    
15:16:47.839  DEBUG   [poll]    <- read  st2mot     ret=0  data=['0x00', '0x00']
15:16:47.839  DEBUG   [poll]    -> read  st0cur    
15:16:47.844  DEBUG   [poll]    <- read  st0cur     ret=0  data=['0x01', '0x02', '0x01', '0x02']
15:16:48.845  DEBUG   [poll]    -> read  st2mot    
15:16:48.848  DEBUG   [poll]    <- read  st2mot     ret=0  data=['0x00', '0x00']
15:16:48.849  DEBUG   [poll]    -> read  st0cur    
15:16:48.853  DEBUG   [poll]    <- read  st0cur     ret=0  data=['0x01', '0x02', '0x00', '0x02']
15:16:49.855  DEBUG   [poll]    -> read  st2mot    
15:16:49.858  DEBUG   [poll]    <- read  st2mot     ret=0  data=['0x00', '0x00']
15:16:49.858  DEBUG   [poll]    -> read  st0cur    
15:16:49.863  DEBUG   [poll]    <- read  st0cur     ret=0  data=['0x01', '0x02', '0x00', '0x02']
15:16:50.864  DEBUG   [poll]    -> read  st2mot    
15:16:50.867  DEBUG   [poll]    <- read  st2mot     ret=0  data=['0x00', '0x00']
15:16:50.868  DEBUG   [poll]    -> read  st0cur    
15:16:50.872  DEBUG   [poll]    <- read  st0cur     ret=0  data=['0x01', '0x02', '0x01', '0x02']
15:16:51.874  DEBUG   [poll]    -> read  st2mot    
15:16:51.877  DEBUG   [poll]    <- read  st2mot     ret=0  data=['0x00', '0x00']
15:16:51.877  DEBUG   [poll]    -> read  st0cur    
15:16:51.882  DEBUG   [poll]    <- read  st0cur     ret=0  data=['0x01', '0x02', '0x00', '0x02']
15:16:52.883  DEBUG   [poll]    -> read  st2mot    
15:16:52.887  DEBUG   [poll]    <- read  st2mot     ret=0  data=['0x00', '0x00']
15:16:52.887  DEBUG   [poll]    -> read  st0cur    
15:16:52.891  DEBUG   [poll]    <- read  st0cur     ret=0  data=['0x01', '0x02', '0x00', '0x02']
15:16:53.893  DEBUG   [poll]    -> read  st2mot    
15:16:53.896  DEBUG   [poll]    <- read  st2mot     ret=0  data=['0x00', '0x00']
15:16:53.896  DEBUG   [poll]    -> read  st0cur    
15:16:53.901  DEBUG   [poll]    <- read  st0cur     ret=0  data=['0x01', '0x02', '0x01', '0x02']
15:16:54.902  DEBUG   [poll]    -> read  st2mot    
15:16:54.905  DEBUG   [poll]    <- read  st2mot     ret=0  data=['0x00', '0x00']
15:16:54.906  DEBUG   [poll]    -> read  st0cur    
15:16:54.910  DEBUG   [poll]    <- read  st0cur     ret=0  data=['0x01', '0x02', '0x00', '0x02']
15:16:55.912  DEBUG   [poll]    -> read  st2mot    
15:16:55.915  DEBUG   [poll]    <- read  st2mot     ret=0  data=['0x00', '0x00']
15:16:55.916  DEBUG   [poll]    -> read  st0cur    
15:16:55.920  DEBUG   [poll]    <- read  st0cur     ret=0  data=['0x01', '0x02', '0x01', '0x02']
15:16:56.922  DEBUG   [poll]    -> read  st2mot    
15:16:56.925  DEBUG   [poll]    <- read  st2mot     ret=0  data=['0x00', '0x00']
15:16:56.926  DEBUG   [poll]    -> read  st0cur    
15:16:56.930  DEBUG   [poll]    <- read  st0cur     ret=0  data=['0x01', '0x02', '0x01', '0x02']
15:16:57.931  DEBUG   [poll]    -> read  st2mot    
15:16:57.935  DEBUG   [poll]    <- read  st2mot     ret=0  data=['0x00', '0x00']
15:16:57.935  DEBUG   [poll]    -> read  st0cur    
15:16:57.939  DEBUG   [poll]    <- read  st0cur     ret=0  data=['0x01', '0x02', '0x00', '0x02']
15:16:58.941  DEBUG   [poll]    -> read  st2mot    
15:16:58.944  DEBUG   [poll]    <- read  st2mot     ret=0  data=['0x00', '0x00']
15:16:58.944  DEBUG   [poll]    -> read  st0cur    
15:16:58.948  DEBUG   [poll]    <- read  st0cur     ret=0  data=['0x01', '0x02', '0x01', '0x02']
15:16:59.094  INFO    client connected
15:16:59.095  DEBUG   [client]  -> write cntl0mot   data=['0xff', '0xff']
15:16:59.099  DEBUG   [client]  -> write cntl3mot   data=['0x00', '0x00']
15:16:59.102  DEBUG   [client]  -> write cntl3mot   data=['0x03', '0xe8']
15:16:59.106  DEBUG   [client]  -> read  st2mot    
15:16:59.109  DEBUG   [client]  <- read  st2mot     ret=0  data=['0x00', '0x00']
15:16:59.110  DEBUG   [client]  -> read  st0cur    
15:16:59.114  DEBUG   [client]  <- read  st0cur     ret=0  data=['0x01', '0x02', '0x01', '0x02']
15:16:59.306  DEBUG   [client]  -> read  st2mot    
15:16:59.309  DEBUG   [client]  <- read  st2mot     ret=0  data=['0x00', '0x00']
15:16:59.506  DEBUG   [client]  -> read  st2mot    
15:16:59.509  DEBUG   [client]  <- read  st2mot     ret=0  data=['0xd5', '0x02']
15:16:59.707  DEBUG   [client]  -> read  st2mot    
15:16:59.710  DEBUG   [client]  <- read  st2mot     ret=0  data=['0xee', '0x02']
15:16:59.907  DEBUG   [client]  -> read  st2mot    
15:16:59.910  DEBUG   [client]  <- read  st2mot     ret=0  data=['0x39', '0x03']
15:16:59.950  DEBUG   [poll]    -> read  st2mot    
15:16:59.953  DEBUG   [poll]    <- read  st2mot     ret=0  data=['0x01', '0x04']
15:16:59.954  DEBUG   [poll]    -> read  st0cur    
15:16:59.958  DEBUG   [poll]    <- read  st0cur     ret=0  data=['0xff', '0x01', '0xfd', '0x01']
15:17:00.106  DEBUG   [client]  -> read  st2mot    
15:17:00.110  DEBUG   [client]  <- read  st2mot     ret=0  data=['0x9d', '0x03']
15:17:00.111  DEBUG   [client]  -> read  st0cur    
15:17:00.115  DEBUG   [client]  <- read  st0cur     ret=0  data=['0xff', '0x01', '0xfd', '0x01']
15:17:00.307  DEBUG   [client]  -> read  st2mot    
15:17:00.310  DEBUG   [client]  <- read  st2mot     ret=0  data=['0x84', '0x03']
15:17:00.507  DEBUG   [client]  -> read  st2mot    
15:17:00.510  DEBUG   [client]  <- read  st2mot     ret=0  data=['0xe8', '0x03']
15:17:00.707  DEBUG   [client]  -> read  st2mot    
15:17:00.710  DEBUG   [client]  <- read  st2mot     ret=0  data=['0xb6', '0x03']
15:17:00.907  DEBUG   [client]  -> read  st2mot    
15:17:00.910  DEBUG   [client]  <- read  st2mot     ret=0  data=['0xcf', '0x03']
15:17:00.959  DEBUG   [poll]    -> read  st2mot    
15:17:00.963  DEBUG   [poll]    <- read  st2mot     ret=0  data=['0xe8', '0x03']
15:17:00.963  DEBUG   [poll]    -> read  st0cur    
15:17:00.968  DEBUG   [poll]    <- read  st0cur     ret=0  data=['0xf7', '0x01', '0xf5', '0x01']
15:17:01.107  DEBUG   [client]  -> read  st2mot    
15:17:01.110  DEBUG   [client]  <- read  st2mot     ret=0  data=['0xe8', '0x03']
15:17:01.111  DEBUG   [client]  -> read  st0cur    
15:17:01.116  DEBUG   [client]  <- read  st0cur     ret=0  data=['0xf7', '0x01', '0xf5', '0x01']
15:17:01.306  DEBUG   [client]  -> read  st2mot    
15:17:01.310  DEBUG   [client]  <- read  st2mot     ret=0  data=['0xcf', '0x03']
15:17:01.507  DEBUG   [client]  -> read  st2mot    
15:17:01.510  DEBUG   [client]  <- read  st2mot     ret=0  data=['0xe8', '0x03']
15:17:01.707  DEBUG   [client]  -> read  st2mot    
15:17:01.710  DEBUG   [client]  <- read  st2mot     ret=0  data=['0x01', '0x04']
15:17:01.907  DEBUG   [client]  -> read  st2mot    
15:17:01.910  DEBUG   [client]  <- read  st2mot     ret=0  data=['0xcf', '0x03']
15:17:01.969  DEBUG   [poll]    -> read  st2mot    
15:17:01.973  DEBUG   [poll]    <- read  st2mot     ret=0  data=['0xcf', '0x03']
15:17:01.973  DEBUG   [poll]    -> read  st0cur    
15:17:01.977  DEBUG   [poll]    <- read  st0cur     ret=0  data=['0xf7', '0x01', '0xf6', '0x01']
15:17:02.106  DEBUG   [client]  -> read  st2mot    
15:17:02.110  DEBUG   [client]  <- read  st2mot     ret=0  data=['0xe8', '0x03']
15:17:02.112  DEBUG   [client]  -> read  st0cur    
15:17:02.116  DEBUG   [client]  <- read  st0cur     ret=0  data=['0xf7', '0x01', '0xf6', '0x01']
15:17:02.307  DEBUG   [client]  -> read  st2mot    
15:17:02.310  DEBUG   [client]  <- read  st2mot     ret=0  data=['0x01', '0x04']
15:17:02.507  DEBUG   [client]  -> read  st2mot    
15:17:02.510  DEBUG   [client]  <- read  st2mot     ret=0  data=['0xe8', '0x03']
15:17:02.707  DEBUG   [client]  -> read  st2mot    
15:17:02.710  DEBUG   [client]  <- read  st2mot     ret=0  data=['0xe8', '0x03']
15:17:02.907  DEBUG   [client]  -> read  st2mot    
15:17:02.910  DEBUG   [client]  <- read  st2mot     ret=0  data=['0xcf', '0x03']
15:17:02.979  DEBUG   [poll]    -> read  st2mot    
15:17:02.982  DEBUG   [poll]    <- read  st2mot     ret=0  data=['0xcf', '0x03']
15:17:02.983  DEBUG   [poll]    -> read  st0cur    
15:17:02.987  DEBUG   [poll]    <- read  st0cur     ret=0  data=['0xf6', '0x01', '0xf4', '0x01']
15:17:03.107  DEBUG   [client]  -> read  st2mot    
15:17:03.110  DEBUG   [client]  <- read  st2mot     ret=0  data=['0x01', '0x04']
15:17:03.112  DEBUG   [client]  -> read  st0cur    
15:17:03.116  DEBUG   [client]  <- read  st0cur     ret=0  data=['0xf6', '0x01', '0xf4', '0x01']
15:17:03.307  DEBUG   [client]  -> read  st2mot    
15:17:03.310  DEBUG   [client]  <- read  st2mot     ret=0  data=['0xe8', '0x03']
15:17:03.507  DEBUG   [client]  -> read  st2mot    
15:17:03.510  DEBUG   [client]  <- read  st2mot     ret=0  data=['0xcf', '0x03']
15:17:03.707  DEBUG   [client]  -> read  st2mot    
15:17:03.710  DEBUG   [client]  <- read  st2mot     ret=0  data=['0x1a', '0x04']
15:17:03.907  DEBUG   [client]  -> read  st2mot    
15:17:03.910  DEBUG   [client]  <- read  st2mot     ret=0  data=['0xcf', '0x03']
15:17:03.988  DEBUG   [poll]    -> read  st2mot    
15:17:03.992  DEBUG   [poll]    <- read  st2mot     ret=0  data=['0x01', '0x04']
15:17:03.992  DEBUG   [poll]    -> read  st0cur    
15:17:03.996  DEBUG   [poll]    <- read  st0cur     ret=0  data=['0xf5', '0x01', '0xf6', '0x01']
15:17:04.106  DEBUG   [client]  -> read  st2mot    
15:17:04.110  DEBUG   [client]  <- read  st2mot     ret=0  data=['0x01', '0x04']
15:17:04.112  DEBUG   [client]  -> read  st0cur    
15:17:04.116  DEBUG   [client]  <- read  st0cur     ret=0  data=['0xf5', '0x01', '0xf6', '0x01']
15:17:04.307  DEBUG   [client]  -> read  st2mot    
15:17:04.310  DEBUG   [client]  <- read  st2mot     ret=0  data=['0xcf', '0x03']
15:17:04.507  DEBUG   [client]  -> read  st2mot    
15:17:04.510  DEBUG   [client]  <- read  st2mot     ret=0  data=['0xcf', '0x03']
15:17:04.707  DEBUG   [client]  -> read  st2mot    
15:17:04.710  DEBUG   [client]  <- read  st2mot     ret=0  data=['0xe8', '0x03']
15:17:04.907  DEBUG   [client]  -> read  st2mot    
15:17:04.910  DEBUG   [client]  <- read  st2mot     ret=0  data=['0x01', '0x04']
15:17:04.998  DEBUG   [poll]    -> read  st2mot    
15:17:05.001  DEBUG   [poll]    <- read  st2mot     ret=0  data=['0xb6', '0x03']
15:17:05.002  DEBUG   [poll]    -> read  st0cur    
15:17:05.006  DEBUG   [poll]    <- read  st0cur     ret=0  data=['0xf5', '0x01', '0xf7', '0x01']
15:17:05.106  DEBUG   [client]  -> read  st2mot    
15:17:05.110  DEBUG   [client]  <- read  st2mot     ret=0  data=['0xe8', '0x03']
15:17:05.112  DEBUG   [client]  -> read  st0cur    
15:17:05.116  DEBUG   [client]  <- read  st0cur     ret=0  data=['0xf5', '0x01', '0xf7', '0x01']
15:17:05.307  DEBUG   [client]  -> read  st2mot    
15:17:05.310  DEBUG   [client]  <- read  st2mot     ret=0  data=['0xe8', '0x03']
15:17:05.507  DEBUG   [client]  -> read  st2mot    
15:17:05.510  DEBUG   [client]  <- read  st2mot     ret=0  data=['0xe8', '0x03']
15:17:05.707  DEBUG   [client]  -> read  st2mot    
15:17:05.710  DEBUG   [client]  <- read  st2mot     ret=0  data=['0xcf', '0x03']
15:17:05.907  DEBUG   [client]  -> read  st2mot    
15:17:05.910  DEBUG   [client]  <- read  st2mot     ret=0  data=['0xe8', '0x03']
15:17:05.915  DEBUG   [client]  -> write cntl3mot   data=['0x00', '0x00']
15:17:05.920  WARNING client disconnected — stopping motor
15:17:05.921  DEBUG   [client]  -> write cntl3mot   data=['0x00', '0x00']
15:17:05.925  INFO    client disconnected
15:17:06.007  DEBUG   [poll]    -> read  st2mot    
15:17:06.011  DEBUG   [poll]    <- read  st2mot     ret=0  data=['0xe8', '0x03']
15:17:06.011  DEBUG   [poll]    -> read  st0cur    
15:17:06.015  DEBUG   [poll]    <- read  st0cur     ret=0  data=['0xf6', '0x01', '0xf3', '0x01']
15:17:07.016  DEBUG   [poll]    -> read  st2mot    
15:17:07.019  DEBUG   [poll]    <- read  st2mot     ret=0  data=['0x00', '0x00']
15:17:07.020  DEBUG   [poll]    -> read  st0cur    
15:17:07.024  DEBUG   [poll]    <- read  st0cur     ret=0  data=['0xfc', '0x01', '0xfb', '0x01']
15:17:07.024  WARNING *** OBSERVED STALL SIGNATURE (not acted on yet) — current=-0.20A while rpm=0 ***
15:17:08.026  DEBUG   [poll]    -> read  st2mot    
15:17:08.029  DEBUG   [poll]    <- read  st2mot     ret=0  data=['0x00', '0x00']
15:17:08.030  DEBUG   [poll]    -> read  st0cur    
15:17:08.034  DEBUG   [poll]    <- read  st0cur     ret=0  data=['0x01', '0x02', '0x01', '0x02']
15:17:09.035  DEBUG   [poll]    -> read  st2mot    
15:17:09.039  DEBUG   [poll]    <- read  st2mot     ret=0  data=['0x00', '0x00']
15:17:09.039  DEBUG   [poll]    -> read  st0cur    
15:17:09.043  DEBUG   [poll]    <- read  st0cur     ret=0  data=['0x01', '0x02', '0x01', '0x02']
15:17:10.044  DEBUG   [poll]    -> read  st2mot    
15:17:10.047  DEBUG   [poll]    <- read  st2mot     ret=0  data=['0x00', '0x00']
15:17:10.048  DEBUG   [poll]    -> read  st0cur    
15:17:10.052  DEBUG   [poll]    <- read  st0cur     ret=0  data=['0x01', '0x02', '0x01', '0x02']
15:17:11.053  DEBUG   [poll]    -> read  st2mot    
15:17:11.061  DEBUG   [poll]    <- read  st2mot     ret=0  data=['0x00', '0x00']
15:17:11.062  DEBUG   [poll]    -> read  st0cur    
15:17:11.066  DEBUG   [poll]    <- read  st0cur     ret=0  data=['0x01', '0x02', '0x00', '0x02']
15:17:12.067  DEBUG   [poll]    -> read  st2mot    
15:17:12.071  DEBUG   [poll]    <- read  st2mot     ret=0  data=['0x00', '0x00']
15:17:12.071  DEBUG   [poll]    -> read  st0cur    
15:17:12.075  DEBUG   [poll]    <- read  st0cur     ret=0  data=['0x01', '0x02', '0x00', '0x02']
15:17:13.077  DEBUG   [poll]    -> read  st2mot    
15:17:13.080  DEBUG   [poll]    <- read  st2mot     ret=0  data=['0x00', '0x00']
15:17:13.080  DEBUG   [poll]    -> read  st0cur    
15:17:13.084  DEBUG   [poll]    <- read  st0cur     ret=0  data=['0x01', '0x02', '0x00', '0x02']
15:17:13.089  INFO    client connected
15:17:13.090  DEBUG   [client]  -> write cntl0mot   data=['0x00', '0xff']
15:17:13.094  DEBUG   [client]  -> write cntl3mot   data=['0x00', '0x00']
15:17:13.098  DEBUG   [client]  -> write cntl3mot   data=['0x03', '0xe8']
15:17:13.101  DEBUG   [client]  -> read  st2mot    
15:17:13.104  DEBUG   [client]  <- read  st2mot     ret=0  data=['0x00', '0x00']
15:17:13.105  DEBUG   [client]  -> read  st0cur    
15:17:13.109  DEBUG   [client]  <- read  st0cur     ret=0  data=['0x01', '0x02', '0x00', '0x02']
15:17:13.302  DEBUG   [client]  -> read  st2mot    
15:17:13.305  DEBUG   [client]  <- read  st2mot     ret=0  data=['0xe1', '0x00']
15:17:13.502  DEBUG   [client]  -> read  st2mot    
15:17:13.505  DEBUG   [client]  <- read  st2mot     ret=0  data=['0xee', '0x02']
15:17:13.702  DEBUG   [client]  -> read  st2mot    
15:17:13.705  DEBUG   [client]  <- read  st2mot     ret=0  data=['0x8a', '0x02']
15:17:13.902  DEBUG   [client]  -> read  st2mot    
15:17:13.905  DEBUG   [client]  <- read  st2mot     ret=0  data=['0x52', '0x03']
15:17:14.086  DEBUG   [poll]    -> read  st2mot    
15:17:14.089  DEBUG   [poll]    <- read  st2mot     ret=0  data=['0x84', '0x03']
15:17:14.090  DEBUG   [poll]    -> read  st0cur    
15:17:14.094  DEBUG   [poll]    <- read  st0cur     ret=0  data=['0xfc', '0x01', '0xfd', '0x01']
15:17:14.102  DEBUG   [client]  -> read  st2mot    
15:17:14.105  DEBUG   [client]  <- read  st2mot     ret=0  data=['0x84', '0x03']
15:17:14.107  DEBUG   [client]  -> read  st0cur    
15:17:14.111  DEBUG   [client]  <- read  st0cur     ret=0  data=['0xfc', '0x01', '0xfd', '0x01']
15:17:14.302  DEBUG   [client]  -> read  st2mot    
15:17:14.305  DEBUG   [client]  <- read  st2mot     ret=0  data=['0x84', '0x03']
15:17:14.502  DEBUG   [client]  -> read  st2mot    
15:17:14.505  DEBUG   [client]  <- read  st2mot     ret=0  data=['0xcf', '0x03']
15:17:14.702  DEBUG   [client]  -> read  st2mot    
15:17:14.705  DEBUG   [client]  <- read  st2mot     ret=0  data=['0xb6', '0x03']
15:17:14.902  DEBUG   [client]  -> read  st2mot    
15:17:14.905  DEBUG   [client]  <- read  st2mot     ret=0  data=['0xe8', '0x03']
15:17:15.096  DEBUG   [poll]    -> read  st2mot    
15:17:15.099  DEBUG   [poll]    <- read  st2mot     ret=0  data=['0xcf', '0x03']
15:17:15.099  DEBUG   [poll]    -> read  st0cur    
15:17:15.104  DEBUG   [poll]    <- read  st0cur     ret=0  data=['0xf6', '0x01', '0xf6', '0x01']
15:17:15.104  DEBUG   [client]  -> read  st2mot    
15:17:15.108  DEBUG   [client]  <- read  st2mot     ret=0  data=['0xcf', '0x03']
15:17:15.109  DEBUG   [client]  -> read  st0cur    
15:17:15.114  DEBUG   [client]  <- read  st0cur     ret=0  data=['0xf6', '0x01', '0xf6', '0x01']
15:17:15.302  DEBUG   [client]  -> read  st2mot    
15:17:15.305  DEBUG   [client]  <- read  st2mot     ret=0  data=['0xe8', '0x03']
15:17:15.502  DEBUG   [client]  -> read  st2mot    
15:17:15.505  DEBUG   [client]  <- read  st2mot     ret=0  data=['0xe8', '0x03']
15:17:15.702  DEBUG   [client]  -> read  st2mot    
15:17:15.705  DEBUG   [client]  <- read  st2mot     ret=0  data=['0xcf', '0x03']
15:17:15.902  DEBUG   [client]  -> read  st2mot    
15:17:15.905  DEBUG   [client]  <- read  st2mot     ret=0  data=['0xe8', '0x03']
15:17:16.102  DEBUG   [client]  -> read  st2mot    
15:17:16.109  DEBUG   [client]  <- read  st2mot     ret=0  data=['0xb6', '0x03']
15:17:16.110  DEBUG   [poll]    -> read  st2mot    
15:17:16.113  DEBUG   [poll]    <- read  st2mot     ret=0  data=['0xb6', '0x03']
15:17:16.114  DEBUG   [poll]    -> read  st0cur    
15:17:16.118  DEBUG   [poll]    <- read  st0cur     ret=0  data=['0xf6', '0x01', '0xf6', '0x01']
15:17:16.119  DEBUG   [client]  -> read  st0cur    
15:17:16.123  DEBUG   [client]  <- read  st0cur     ret=0  data=['0xf6', '0x01', '0xf6', '0x01']
15:17:16.302  DEBUG   [client]  -> read  st2mot    
15:17:16.305  DEBUG   [client]  <- read  st2mot     ret=0  data=['0x01', '0x04']
15:17:16.502  DEBUG   [client]  -> read  st2mot    
15:17:16.505  DEBUG   [client]  <- read  st2mot     ret=0  data=['0xcf', '0x03']
15:17:16.702  DEBUG   [client]  -> read  st2mot    
15:17:16.706  DEBUG   [client]  <- read  st2mot     ret=0  data=['0xe8', '0x03']
15:17:16.902  DEBUG   [client]  -> read  st2mot    
15:17:16.906  DEBUG   [client]  <- read  st2mot     ret=0  data=['0xcf', '0x03']
15:17:17.102  DEBUG   [client]  -> read  st2mot    
15:17:17.105  DEBUG   [client]  <- read  st2mot     ret=0  data=['0xcf', '0x03']
15:17:17.107  DEBUG   [client]  -> read  st0cur    
15:17:17.112  DEBUG   [client]  <- read  st0cur     ret=0  data=['0xf5', '0x01', '0xf6', '0x01']
15:17:17.120  DEBUG   [poll]    -> read  st2mot    
15:17:17.123  DEBUG   [poll]    <- read  st2mot     ret=0  data=['0xe8', '0x03']
15:17:17.124  DEBUG   [poll]    -> read  st0cur    
15:17:17.128  DEBUG   [poll]    <- read  st0cur     ret=0  data=['0xf5', '0x01', '0xf6', '0x01']
15:17:17.302  DEBUG   [client]  -> read  st2mot    
15:17:17.305  DEBUG   [client]  <- read  st2mot     ret=0  data=['0x01', '0x04']
15:17:17.502  DEBUG   [client]  -> read  st2mot    
15:17:17.505  DEBUG   [client]  <- read  st2mot     ret=0  data=['0xe8', '0x03']
15:17:17.702  DEBUG   [client]  -> read  st2mot    
15:17:17.705  DEBUG   [client]  <- read  st2mot     ret=0  data=['0xe8', '0x03']
15:17:17.902  DEBUG   [client]  -> read  st2mot    
15:17:17.905  DEBUG   [client]  <- read  st2mot     ret=0  data=['0xe8', '0x03']
15:17:18.102  DEBUG   [client]  -> read  st2mot    
15:17:18.105  DEBUG   [client]  <- read  st2mot     ret=0  data=['0x01', '0x04']
15:17:18.107  DEBUG   [client]  -> read  st0cur    
15:17:18.112  DEBUG   [client]  <- read  st0cur     ret=0  data=['0xf7', '0x01', '0xf6', '0x01']
15:17:18.129  DEBUG   [poll]    -> read  st2mot    
15:17:18.132  DEBUG   [poll]    <- read  st2mot     ret=0  data=['0x01', '0x04']
15:17:18.133  DEBUG   [poll]    -> read  st0cur    
15:17:18.137  DEBUG   [poll]    <- read  st0cur     ret=0  data=['0xf7', '0x01', '0xf6', '0x01']
15:17:18.302  DEBUG   [client]  -> read  st2mot    
15:17:18.305  DEBUG   [client]  <- read  st2mot     ret=0  data=['0xe8', '0x03']
15:17:18.502  DEBUG   [client]  -> read  st2mot    
15:17:18.505  DEBUG   [client]  <- read  st2mot     ret=0  data=['0xe8', '0x03']
15:17:18.702  DEBUG   [client]  -> read  st2mot    
15:17:18.706  DEBUG   [client]  <- read  st2mot     ret=0  data=['0xcf', '0x03']
15:17:18.902  DEBUG   [client]  -> read  st2mot    
15:17:18.905  DEBUG   [client]  <- read  st2mot     ret=0  data=['0x01', '0x04']
15:17:19.102  DEBUG   [client]  -> read  st2mot    
15:17:19.105  DEBUG   [client]  <- read  st2mot     ret=0  data=['0xe8', '0x03']
15:17:19.107  DEBUG   [client]  -> read  st0cur    
15:17:19.112  DEBUG   [client]  <- read  st0cur     ret=0  data=['0xf6', '0x01', '0xf5', '0x01']
15:17:19.138  DEBUG   [poll]    -> read  st2mot    
15:17:19.142  DEBUG   [poll]    <- read  st2mot     ret=0  data=['0xe8', '0x03']
15:17:19.142  DEBUG   [poll]    -> read  st0cur    
15:17:19.146  DEBUG   [poll]    <- read  st0cur     ret=0  data=['0xf6', '0x01', '0xf5', '0x01']
15:17:19.302  DEBUG   [client]  -> read  st2mot    
15:17:19.305  DEBUG   [client]  <- read  st2mot     ret=0  data=['0xe8', '0x03']
15:17:19.502  DEBUG   [client]  -> read  st2mot    
15:17:19.505  DEBUG   [client]  <- read  st2mot     ret=0  data=['0xe8', '0x03']
15:17:19.702  DEBUG   [client]  -> read  st2mot    
15:17:19.705  DEBUG   [client]  <- read  st2mot     ret=0  data=['0xe8', '0x03']
15:17:19.902  DEBUG   [client]  -> read  st2mot    
15:17:19.905  DEBUG   [client]  <- read  st2mot     ret=0  data=['0x01', '0x04']
15:17:19.907  DEBUG   [client]  -> write cntl3mot   data=['0x00', '0x00']
15:17:19.912  WARNING client disconnected — stopping motor
15:17:19.912  DEBUG   [client]  -> write cntl3mot   data=['0x00', '0x00']
15:17:19.916  INFO    client disconnected
15:17:20.148  DEBUG   [poll]    -> read  st2mot    
15:17:20.151  DEBUG   [poll]    <- read  st2mot     ret=0  data=['0xa9', '0x01']
15:17:20.151  DEBUG   [poll]    -> read  st0cur    
15:17:20.155  DEBUG   [poll]    <- read  st0cur     ret=0  data=['0xf5', '0x01', '0xf6', '0x01']
15:17:21.157  DEBUG   [poll]    -> read  st2mot    
15:17:21.160  DEBUG   [poll]    <- read  st2mot     ret=0  data=['0x00', '0x00']
15:17:21.161  DEBUG   [poll]    -> read  st0cur    
15:17:21.165  DEBUG   [poll]    <- read  st0cur     ret=0  data=['0xfd', '0x01', '0xfc', '0x01']
15:17:22.167  DEBUG   [poll]    -> read  st2mot    
15:17:22.170  DEBUG   [poll]    <- read  st2mot     ret=0  data=['0x00', '0x00']
15:17:22.170  DEBUG   [poll]    -> read  st0cur    
15:17:22.175  DEBUG   [poll]    <- read  st0cur     ret=0  data=['0x01', '0x02', '0x00', '0x02']
15:17:23.176  DEBUG   [poll]    -> read  st2mot    
15:17:23.179  DEBUG   [poll]    <- read  st2mot     ret=0  data=['0x00', '0x00']
15:17:23.180  DEBUG   [poll]    -> read  st0cur    
15:17:23.184  DEBUG   [poll]    <- read  st0cur     ret=0  data=['0x01', '0x02', '0x01', '0x02']
15:17:24.186  DEBUG   [poll]    -> read  st2mot    
15:17:24.189  DEBUG   [poll]    <- read  st2mot     ret=0  data=['0x00', '0x00']
15:17:24.189  DEBUG   [poll]    -> read  st0cur    
15:17:24.194  DEBUG   [poll]    <- read  st0cur     ret=0  data=['0x01', '0x02', '0x00', '0x02']
15:17:25.195  DEBUG   [poll]    -> read  st2mot    
15:17:25.199  DEBUG   [poll]    <- read  st2mot     ret=0  data=['0x00', '0x00']
15:17:25.199  DEBUG   [poll]    -> read  st0cur    
15:17:25.203  DEBUG   [poll]    <- read  st0cur     ret=0  data=['0x01', '0x02', '0x00', '0x02']
15:17:26.205  DEBUG   [poll]    -> read  st2mot    
15:17:26.211  DEBUG   [poll]    <- read  st2mot     ret=0  data=['0x00', '0x00']
15:17:26.212  DEBUG   [poll]    -> read  st0cur    
15:17:26.216  DEBUG   [poll]    <- read  st0cur     ret=0  data=['0x01', '0x02', '0x01', '0x02']
15:17:27.110  INFO    client connected
15:17:27.110  DEBUG   [client]  -> write cntl0mot   data=['0x01', '0xff']
15:17:27.114  DEBUG   [client]  -> write cntl3mot   data=['0x00', '0x00']
15:17:27.118  DEBUG   [client]  -> write cntl3mot   data=['0x03', '0xe8']
15:17:27.121  DEBUG   [client]  -> read  st2mot    
15:17:27.124  DEBUG   [client]  <- read  st2mot     ret=0  data=['0x00', '0x00']
15:17:27.129  DEBUG   [client]  -> read  st0cur    
15:17:27.133  DEBUG   [client]  <- read  st0cur     ret=0  data=['0x01', '0x02', '0x01', '0x02']
15:17:27.217  DEBUG   [poll]    -> read  st2mot    
15:17:27.220  DEBUG   [poll]    <- read  st2mot     ret=0  data=['0xe7', '0xff']
15:17:27.221  DEBUG   [poll]    -> read  st0cur    
15:17:27.225  DEBUG   [poll]    <- read  st0cur     ret=0  data=['0x01', '0x02', '0x01', '0x02']
15:17:27.321  DEBUG   [client]  -> read  st2mot    
15:17:27.324  DEBUG   [client]  <- read  st2mot     ret=0  data=['0xe1', '0x00']
15:17:27.521  DEBUG   [client]  -> read  st2mot    
15:17:27.524  DEBUG   [client]  <- read  st2mot     ret=0  data=['0x20', '0x03']
15:17:27.721  DEBUG   [client]  -> read  st2mot    
15:17:27.724  DEBUG   [client]  <- read  st2mot     ret=0  data=['0x8a', '0x02']
15:17:27.922  DEBUG   [client]  -> read  st2mot    
15:17:27.925  DEBUG   [client]  <- read  st2mot     ret=0  data=['0x9d', '0x03']
15:17:28.122  DEBUG   [client]  -> read  st2mot    
15:17:28.125  DEBUG   [client]  <- read  st2mot     ret=0  data=['0x39', '0x03']
15:17:28.127  DEBUG   [client]  -> read  st0cur    
15:17:28.132  DEBUG   [client]  <- read  st0cur     ret=0  data=['0xfe', '0x01', '0xfd', '0x01']
15:17:28.226  DEBUG   [poll]    -> read  st2mot    
15:17:28.229  DEBUG   [poll]    <- read  st2mot     ret=0  data=['0x6b', '0x03']
15:17:28.230  DEBUG   [poll]    -> read  st0cur    
15:17:28.234  DEBUG   [poll]    <- read  st0cur     ret=0  data=['0xfe', '0x01', '0xfd', '0x01']
15:17:28.322  DEBUG   [client]  -> read  st2mot    
15:17:28.325  DEBUG   [client]  <- read  st2mot     ret=0  data=['0xb6', '0x03']
15:17:28.522  DEBUG   [client]  -> read  st2mot    
15:17:28.525  DEBUG   [client]  <- read  st2mot     ret=0  data=['0xb6', '0x03']
15:17:28.722  DEBUG   [client]  -> read  st2mot    
15:17:28.725  DEBUG   [client]  <- read  st2mot     ret=0  data=['0xcf', '0x03']
15:17:28.922  DEBUG   [client]  -> read  st2mot    
15:17:28.925  DEBUG   [client]  <- read  st2mot     ret=0  data=['0xb6', '0x03']
15:17:29.122  DEBUG   [client]  -> read  st2mot    
15:17:29.125  DEBUG   [client]  <- read  st2mot     ret=0  data=['0x01', '0x04']
15:17:29.127  DEBUG   [client]  -> read  st0cur    
15:17:29.132  DEBUG   [client]  <- read  st0cur     ret=0  data=['0xf7', '0x01', '0xf5', '0x01']
15:17:29.235  DEBUG   [poll]    -> read  st2mot    
15:17:29.238  DEBUG   [poll]    <- read  st2mot     ret=0  data=['0xcf', '0x03']
15:17:29.239  DEBUG   [poll]    -> read  st0cur    
15:17:29.243  DEBUG   [poll]    <- read  st0cur     ret=0  data=['0xf7', '0x01', '0xf5', '0x01']
15:17:29.322  DEBUG   [client]  -> read  st2mot    
15:17:29.325  DEBUG   [client]  <- read  st2mot     ret=0  data=['0xb6', '0x03']
15:17:29.522  DEBUG   [client]  -> read  st2mot    
15:17:29.526  DEBUG   [client]  <- read  st2mot     ret=0  data=['0x01', '0x04']
15:17:29.722  DEBUG   [client]  -> read  st2mot    
15:17:29.725  DEBUG   [client]  <- read  st2mot     ret=0  data=['0xcf', '0x03']
15:17:29.922  DEBUG   [client]  -> read  st2mot    
15:17:29.926  DEBUG   [client]  <- read  st2mot     ret=0  data=['0x01', '0x04']
15:17:30.122  DEBUG   [client]  -> read  st2mot    
15:17:30.126  DEBUG   [client]  <- read  st2mot     ret=0  data=['0xcf', '0x03']
15:17:30.128  DEBUG   [client]  -> read  st0cur    
15:17:30.132  DEBUG   [client]  <- read  st0cur     ret=0  data=['0xf7', '0x01', '0xf5', '0x01']
15:17:30.244  DEBUG   [poll]    -> read  st2mot    
15:17:30.248  DEBUG   [poll]    <- read  st2mot     ret=0  data=['0x01', '0x04']
15:17:30.248  DEBUG   [poll]    -> read  st0cur    
15:17:30.252  DEBUG   [poll]    <- read  st0cur     ret=0  data=['0xf7', '0x01', '0xf5', '0x01']
15:17:30.322  DEBUG   [client]  -> read  st2mot    
15:17:30.325  DEBUG   [client]  <- read  st2mot     ret=0  data=['0xe8', '0x03']
15:17:30.522  DEBUG   [client]  -> read  st2mot    
15:17:30.525  DEBUG   [client]  <- read  st2mot     ret=0  data=['0xe8', '0x03']
15:17:30.722  DEBUG   [client]  -> read  st2mot    
15:17:30.725  DEBUG   [client]  <- read  st2mot     ret=0  data=['0x01', '0x04']
15:17:30.922  DEBUG   [client]  -> read  st2mot    
15:17:30.925  DEBUG   [client]  <- read  st2mot     ret=0  data=['0x01', '0x04']
15:17:31.122  DEBUG   [client]  -> read  st2mot    
15:17:31.125  DEBUG   [client]  <- read  st2mot     ret=0  data=['0xcf', '0x03']
15:17:31.127  DEBUG   [client]  -> read  st0cur    
15:17:31.132  DEBUG   [client]  <- read  st0cur     ret=0  data=['0xf5', '0x01', '0xf4', '0x01']
15:17:31.254  DEBUG   [poll]    -> read  st2mot    
15:17:31.257  DEBUG   [poll]    <- read  st2mot     ret=0  data=['0xe8', '0x03']
15:17:31.259  DEBUG   [poll]    -> read  st0cur    
15:17:31.263  DEBUG   [poll]    <- read  st0cur     ret=0  data=['0xf5', '0x01', '0xf4', '0x01']
15:17:31.322  DEBUG   [client]  -> read  st2mot    
15:17:31.325  DEBUG   [client]  <- read  st2mot     ret=0  data=['0xe8', '0x03']
15:17:31.522  DEBUG   [client]  -> read  st2mot    
15:17:31.525  DEBUG   [client]  <- read  st2mot     ret=0  data=['0xcf', '0x03']
15:17:31.722  DEBUG   [client]  -> read  st2mot    
15:17:31.725  DEBUG   [client]  <- read  st2mot     ret=0  data=['0xe8', '0x03']
15:17:31.922  DEBUG   [client]  -> read  st2mot    
15:17:31.925  DEBUG   [client]  <- read  st2mot     ret=0  data=['0xcf', '0x03']
15:17:32.122  DEBUG   [client]  -> read  st2mot    
15:17:32.125  DEBUG   [client]  <- read  st2mot     ret=0  data=['0x01', '0x04']
15:17:32.127  DEBUG   [client]  -> read  st0cur    
15:17:32.131  DEBUG   [client]  <- read  st0cur     ret=0  data=['0xf7', '0x01', '0xf5', '0x01']
15:17:32.264  DEBUG   [poll]    -> read  st2mot    
15:17:32.268  DEBUG   [poll]    <- read  st2mot     ret=0  data=['0xcf', '0x03']
15:17:32.268  DEBUG   [poll]    -> read  st0cur    
15:17:32.273  DEBUG   [poll]    <- read  st0cur     ret=0  data=['0xf7', '0x01', '0xf5', '0x01']
15:17:32.322  DEBUG   [client]  -> read  st2mot    
15:17:32.325  DEBUG   [client]  <- read  st2mot     ret=0  data=['0xcf', '0x03']
15:17:32.522  DEBUG   [client]  -> read  st2mot    
15:17:32.525  DEBUG   [client]  <- read  st2mot     ret=0  data=['0x01', '0x04']
15:17:32.722  DEBUG   [client]  -> read  st2mot    
15:17:32.725  DEBUG   [client]  <- read  st2mot     ret=0  data=['0xcf', '0x03']
15:17:32.922  DEBUG   [client]  -> read  st2mot    
15:17:32.925  DEBUG   [client]  <- read  st2mot     ret=0  data=['0xe8', '0x03']
15:17:33.122  DEBUG   [client]  -> read  st2mot    
15:17:33.125  DEBUG   [client]  <- read  st2mot     ret=0  data=['0xe8', '0x03']
15:17:33.127  DEBUG   [client]  -> read  st0cur    
15:17:33.132  DEBUG   [client]  <- read  st0cur     ret=0  data=['0xf4', '0x01', '0xf5', '0x01']
15:17:33.274  DEBUG   [poll]    -> read  st2mot    
15:17:33.278  DEBUG   [poll]    <- read  st2mot     ret=0  data=['0x01', '0x04']
15:17:33.278  DEBUG   [poll]    -> read  st0cur    
15:17:33.282  DEBUG   [poll]    <- read  st0cur     ret=0  data=['0xf4', '0x01', '0xf5', '0x01']
15:17:33.322  DEBUG   [client]  -> read  st2mot    
15:17:33.325  DEBUG   [client]  <- read  st2mot     ret=0  data=['0x01', '0x04']
15:17:33.522  DEBUG   [client]  -> read  st2mot    
15:17:33.525  DEBUG   [client]  <- read  st2mot     ret=0  data=['0xe8', '0x03']
15:17:33.722  DEBUG   [client]  -> read  st2mot    
15:17:33.725  DEBUG   [client]  <- read  st2mot     ret=0  data=['0xe8', '0x03']
15:17:33.922  DEBUG   [client]  -> read  st2mot    
15:17:33.925  DEBUG   [client]  <- read  st2mot     ret=0  data=['0x01', '0x04']
15:17:33.927  DEBUG   [client]  -> write cntl3mot   data=['0x00', '0x00']
15:17:33.931  WARNING client disconnected — stopping motor
15:17:33.932  DEBUG   [client]  -> write cntl3mot   data=['0x00', '0x00']
15:17:33.936  INFO    client disconnected
15:17:34.284  DEBUG   [poll]    -> read  st2mot    
15:17:34.287  DEBUG   [poll]    <- read  st2mot     ret=0  data=['0x32', '0x00']
15:17:34.287  DEBUG   [poll]    -> read  st0cur    
15:17:34.291  DEBUG   [poll]    <- read  st0cur     ret=0  data=['0xf5', '0x01', '0xf6', '0x01']
15:17:35.292  DEBUG   [poll]    -> read  st2mot    
15:17:35.296  DEBUG   [poll]    <- read  st2mot     ret=0  data=['0x00', '0x00']
15:17:35.296  DEBUG   [poll]    -> read  st0cur    
15:17:35.300  DEBUG   [poll]    <- read  st0cur     ret=0  data=['0xfd', '0x01', '0xfb', '0x01']
15:17:36.302  DEBUG   [poll]    -> read  st2mot    
15:17:36.305  DEBUG   [poll]    <- read  st2mot     ret=0  data=['0x00', '0x00']
15:17:36.306  DEBUG   [poll]    -> read  st0cur    
15:17:36.310  DEBUG   [poll]    <- read  st0cur     ret=0  data=['0x01', '0x02', '0x01', '0x02']
15:17:37.312  DEBUG   [poll]    -> read  st2mot    
15:17:37.315  DEBUG   [poll]    <- read  st2mot     ret=0  data=['0x00', '0x00']
15:17:37.315  DEBUG   [poll]    -> read  st0cur    
15:17:37.320  DEBUG   [poll]    <- read  st0cur     ret=0  data=['0x01', '0x02', '0x01', '0x02']
15:17:38.321  DEBUG   [poll]    -> read  st2mot    
15:17:38.325  DEBUG   [poll]    <- read  st2mot     ret=0  data=['0x00', '0x00']
15:17:38.325  DEBUG   [poll]    -> read  st0cur    
15:17:38.329  DEBUG   [poll]    <- read  st0cur     ret=0  data=['0x01', '0x02', '0x01', '0x02']
15:17:39.331  DEBUG   [poll]    -> read  st2mot    
15:17:39.334  DEBUG   [poll]    <- read  st2mot     ret=0  data=['0x00', '0x00']
15:17:39.334  DEBUG   [poll]    -> read  st0cur    
15:17:39.339  DEBUG   [poll]    <- read  st0cur     ret=0  data=['0x01', '0x02', '0x00', '0x02']
15:17:40.340  DEBUG   [poll]    -> read  st2mot    
15:17:40.344  DEBUG   [poll]    <- read  st2mot     ret=0  data=['0x00', '0x00']
15:17:40.344  DEBUG   [poll]    -> read  st0cur    
15:17:40.348  DEBUG   [poll]    <- read  st0cur     ret=0  data=['0x01', '0x02', '0x00', '0x02']
15:17:41.206  INFO    client connected
15:17:41.207  DEBUG   [client]  -> write cntl0mot   data=['0xff', '0x00']
15:17:41.211  DEBUG   [client]  -> write cntl3mot   data=['0x00', '0x00']
15:17:41.215  DEBUG   [client]  -> write cntl3mot   data=['0x03', '0xe8']
15:17:41.218  DEBUG   [client]  -> read  st2mot    
15:17:41.222  DEBUG   [client]  <- read  st2mot     ret=0  data=['0x00', '0x00']
15:17:41.226  DEBUG   [client]  -> read  st0cur    
15:17:41.230  DEBUG   [client]  <- read  st0cur     ret=0  data=['0x01', '0x02', '0x01', '0x02']
15:17:41.350  DEBUG   [poll]    -> read  st2mot    
15:17:41.355  DEBUG   [poll]    <- read  st2mot     ret=0  data=['0x00', '0x00']
15:17:41.356  DEBUG   [poll]    -> read  st0cur    
15:17:41.359  DEBUG   [poll]    <- read  st0cur     ret=0  data=['0x01', '0x02', '0x01', '0x02']
15:17:41.419  DEBUG   [client]  -> read  st2mot    
15:17:41.422  DEBUG   [client]  <- read  st2mot     ret=0  data=['0x19', '0x00']
15:17:41.619  DEBUG   [client]  -> read  st2mot    
15:17:41.622  DEBUG   [client]  <- read  st2mot     ret=0  data=['0x6b', '0x03']
15:17:41.819  DEBUG   [client]  -> read  st2mot    
15:17:41.822  DEBUG   [client]  <- read  st2mot     ret=0  data=['0xd5', '0x02']
15:17:42.019  DEBUG   [client]  -> read  st2mot    
15:17:42.023  DEBUG   [client]  <- read  st2mot     ret=0  data=['0x84', '0x03']
15:17:42.219  DEBUG   [client]  -> read  st2mot    
15:17:42.223  DEBUG   [client]  <- read  st2mot     ret=0  data=['0x9d', '0x03']
15:17:42.225  DEBUG   [client]  -> read  st0cur    
15:17:42.229  DEBUG   [client]  <- read  st0cur     ret=0  data=['0xfc', '0x01', '0xfa', '0x01']
15:17:42.360  DEBUG   [poll]    -> read  st2mot    
15:17:42.363  DEBUG   [poll]    <- read  st2mot     ret=0  data=['0x84', '0x03']
15:17:42.363  DEBUG   [poll]    -> read  st0cur    
15:17:42.368  DEBUG   [poll]    <- read  st0cur     ret=0  data=['0xfc', '0x01', '0xfa', '0x01']
15:17:42.419  DEBUG   [client]  -> read  st2mot    
15:17:42.423  DEBUG   [client]  <- read  st2mot     ret=0  data=['0x9d', '0x03']
15:17:42.619  DEBUG   [client]  -> read  st2mot    
15:17:42.623  DEBUG   [client]  <- read  st2mot     ret=0  data=['0xb6', '0x03']
15:17:42.820  DEBUG   [client]  -> read  st2mot    
15:17:42.823  DEBUG   [client]  <- read  st2mot     ret=0  data=['0xe8', '0x03']
15:17:43.020  DEBUG   [client]  -> read  st2mot    
15:17:43.023  DEBUG   [client]  <- read  st2mot     ret=0  data=['0xe8', '0x03']
15:17:43.220  DEBUG   [client]  -> read  st2mot    
15:17:43.223  DEBUG   [client]  <- read  st2mot     ret=0  data=['0xb6', '0x03']
15:17:43.225  DEBUG   [client]  -> read  st0cur    
15:17:43.229  DEBUG   [client]  <- read  st0cur     ret=0  data=['0xf8', '0x01', '0xf5', '0x01']
15:17:43.369  DEBUG   [poll]    -> read  st2mot    
15:17:43.373  DEBUG   [poll]    <- read  st2mot     ret=0  data=['0xe8', '0x03']
15:17:43.373  DEBUG   [poll]    -> read  st0cur    
15:17:43.377  DEBUG   [poll]    <- read  st0cur     ret=0  data=['0xf8', '0x01', '0xf5', '0x01']
15:17:43.419  DEBUG   [client]  -> read  st2mot    
15:17:43.423  DEBUG   [client]  <- read  st2mot     ret=0  data=['0x01', '0x04']
15:17:43.620  DEBUG   [client]  -> read  st2mot    
15:17:43.623  DEBUG   [client]  <- read  st2mot     ret=0  data=['0xe8', '0x03']
15:17:43.820  DEBUG   [client]  -> read  st2mot    
15:17:43.823  DEBUG   [client]  <- read  st2mot     ret=0  data=['0xe8', '0x03']
15:17:44.020  DEBUG   [client]  -> read  st2mot    
15:17:44.023  DEBUG   [client]  <- read  st2mot     ret=0  data=['0xcf', '0x03']
15:17:44.220  DEBUG   [client]  -> read  st2mot    
15:17:44.223  DEBUG   [client]  <- read  st2mot     ret=0  data=['0x01', '0x04']
15:17:44.225  DEBUG   [client]  -> read  st0cur    
15:17:44.229  DEBUG   [client]  <- read  st0cur     ret=0  data=['0xf7', '0x01', '0xf4', '0x01']
15:17:44.379  DEBUG   [poll]    -> read  st2mot    
15:17:44.382  DEBUG   [poll]    <- read  st2mot     ret=0  data=['0xe8', '0x03']
15:17:44.383  DEBUG   [poll]    -> read  st0cur    
15:17:44.387  DEBUG   [poll]    <- read  st0cur     ret=0  data=['0xf7', '0x01', '0xf4', '0x01']
15:17:44.419  DEBUG   [client]  -> read  st2mot    
15:17:44.423  DEBUG   [client]  <- read  st2mot     ret=0  data=['0xe8', '0x03']
15:17:44.619  DEBUG   [client]  -> read  st2mot    
15:17:44.623  DEBUG   [client]  <- read  st2mot     ret=0  data=['0x01', '0x04']
15:17:44.819  DEBUG   [client]  -> read  st2mot    
15:17:44.823  DEBUG   [client]  <- read  st2mot     ret=0  data=['0xe8', '0x03']
15:17:45.020  DEBUG   [client]  -> read  st2mot    
15:17:45.023  DEBUG   [client]  <- read  st2mot     ret=0  data=['0xe8', '0x03']
15:17:45.220  DEBUG   [client]  -> read  st2mot    
15:17:45.223  DEBUG   [client]  <- read  st2mot     ret=0  data=['0xcf', '0x03']
15:17:45.225  DEBUG   [client]  -> read  st0cur    
15:17:45.229  DEBUG   [client]  <- read  st0cur     ret=0  data=['0xf6', '0x01', '0xf4', '0x01']
15:17:45.388  DEBUG   [poll]    -> read  st2mot    
15:17:45.392  DEBUG   [poll]    <- read  st2mot     ret=0  data=['0xe8', '0x03']
15:17:45.392  DEBUG   [poll]    -> read  st0cur    
15:17:45.396  DEBUG   [poll]    <- read  st0cur     ret=0  data=['0xf6', '0x01', '0xf4', '0x01']
15:17:45.419  DEBUG   [client]  -> read  st2mot    
15:17:45.423  DEBUG   [client]  <- read  st2mot     ret=0  data=['0xe8', '0x03']
15:17:45.620  DEBUG   [client]  -> read  st2mot    
15:17:45.623  DEBUG   [client]  <- read  st2mot     ret=0  data=['0x01', '0x04']
15:17:45.820  DEBUG   [client]  -> read  st2mot    
15:17:45.823  DEBUG   [client]  <- read  st2mot     ret=0  data=['0xcf', '0x03']
15:17:46.020  DEBUG   [client]  -> read  st2mot    
15:17:46.023  DEBUG   [client]  <- read  st2mot     ret=0  data=['0xe8', '0x03']
15:17:46.220  DEBUG   [client]  -> read  st2mot    
15:17:46.223  DEBUG   [client]  <- read  st2mot     ret=0  data=['0x01', '0x04']
15:17:46.225  DEBUG   [client]  -> read  st0cur    
15:17:46.229  DEBUG   [client]  <- read  st0cur     ret=0  data=['0xf7', '0x01', '0xf4', '0x01']
15:17:46.398  DEBUG   [poll]    -> read  st2mot    
15:17:46.401  DEBUG   [poll]    <- read  st2mot     ret=0  data=['0xb6', '0x03']
15:17:46.402  DEBUG   [poll]    -> read  st0cur    
15:17:46.406  DEBUG   [poll]    <- read  st0cur     ret=0  data=['0xf7', '0x01', '0xf4', '0x01']
15:17:46.419  DEBUG   [client]  -> read  st2mot    
15:17:46.423  DEBUG   [client]  <- read  st2mot     ret=0  data=['0xb6', '0x03']
15:17:46.620  DEBUG   [client]  -> read  st2mot    
15:17:46.623  DEBUG   [client]  <- read  st2mot     ret=0  data=['0x01', '0x04']
15:17:46.820  DEBUG   [client]  -> read  st2mot    
15:17:46.823  DEBUG   [client]  <- read  st2mot     ret=0  data=['0xe8', '0x03']
15:17:47.020  DEBUG   [client]  -> read  st2mot    
15:17:47.023  DEBUG   [client]  <- read  st2mot     ret=0  data=['0x01', '0x04']
15:17:47.220  DEBUG   [client]  -> read  st2mot    
15:17:47.223  DEBUG   [client]  <- read  st2mot     ret=0  data=['0xe8', '0x03']
15:17:47.225  DEBUG   [client]  -> read  st0cur    
15:17:47.229  DEBUG   [client]  <- read  st0cur     ret=0  data=['0xf6', '0x01', '0xf4', '0x01']
15:17:47.408  DEBUG   [poll]    -> read  st2mot    
15:17:47.411  DEBUG   [poll]    <- read  st2mot     ret=0  data=['0xe8', '0x03']
15:17:47.412  DEBUG   [poll]    -> read  st0cur    
15:17:47.416  DEBUG   [poll]    <- read  st0cur     ret=0  data=['0xf6', '0x01', '0xf4', '0x01']
15:17:47.419  DEBUG   [client]  -> read  st2mot    
15:17:47.423  DEBUG   [client]  <- read  st2mot     ret=0  data=['0xe8', '0x03']
15:17:47.620  DEBUG   [client]  -> read  st2mot    
15:17:47.623  DEBUG   [client]  <- read  st2mot     ret=0  data=['0xe8', '0x03']
15:17:47.820  DEBUG   [client]  -> read  st2mot    
15:17:47.823  DEBUG   [client]  <- read  st2mot     ret=0  data=['0xe8', '0x03']
15:17:48.020  DEBUG   [client]  -> read  st2mot    
15:17:48.023  DEBUG   [client]  <- read  st2mot     ret=0  data=['0xe8', '0x03']
15:17:48.025  DEBUG   [client]  -> write cntl3mot   data=['0x00', '0x00']
15:17:48.030  WARNING client disconnected — stopping motor
15:17:48.031  DEBUG   [client]  -> write cntl3mot   data=['0x00', '0x00']
15:17:48.039  INFO    client disconnected
15:17:48.417  DEBUG   [poll]    -> read  st2mot    
15:17:48.421  DEBUG   [poll]    <- read  st2mot     ret=0  data=['0x00', '0x00']
15:17:48.421  DEBUG   [poll]    -> read  st0cur    
15:17:48.425  DEBUG   [poll]    <- read  st0cur     ret=0  data=['0xf6', '0x01', '0xf6', '0x01']
15:17:48.425  WARNING *** OBSERVED STALL SIGNATURE (not acted on yet) — current=-0.49A while rpm=0 ***
15:17:49.427  DEBUG   [poll]    -> read  st2mot    
15:17:49.431  DEBUG   [poll]    <- read  st2mot     ret=0  data=['0x00', '0x00']
15:17:49.431  DEBUG   [poll]    -> read  st0cur    
15:17:49.435  DEBUG   [poll]    <- read  st0cur     ret=0  data=['0xfd', '0x01', '0xfc', '0x01']
15:17:50.437  DEBUG   [poll]    -> read  st2mot    
15:17:50.440  DEBUG   [poll]    <- read  st2mot     ret=0  data=['0x00', '0x00']
15:17:50.440  DEBUG   [poll]    -> read  st0cur    
15:17:50.445  DEBUG   [poll]    <- read  st0cur     ret=0  data=['0x01', '0x02', '0x00', '0x02']
15:17:51.446  DEBUG   [poll]    -> read  st2mot    
15:17:51.449  DEBUG   [poll]    <- read  st2mot     ret=0  data=['0x00', '0x00']
15:17:51.450  DEBUG   [poll]    -> read  st0cur    
15:17:51.455  DEBUG   [poll]    <- read  st0cur     ret=0  data=['0x01', '0x02', '0x00', '0x02']
15:17:52.456  DEBUG   [poll]    -> read  st2mot    
15:17:52.459  DEBUG   [poll]    <- read  st2mot     ret=0  data=['0x00', '0x00']
15:17:52.460  DEBUG   [poll]    -> read  st0cur    
15:17:52.464  DEBUG   [poll]    <- read  st0cur     ret=0  data=['0x01', '0x02', '0x01', '0x02']
15:17:53.466  DEBUG   [poll]    -> read  st2mot    
15:17:53.469  DEBUG   [poll]    <- read  st2mot     ret=0  data=['0x00', '0x00']
15:17:53.469  DEBUG   [poll]    -> read  st0cur    
15:17:53.474  DEBUG   [poll]    <- read  st0cur     ret=0  data=['0x01', '0x02', '0x00', '0x02']
15:17:54.475  DEBUG   [poll]    -> read  st2mot    
15:17:54.478  DEBUG   [poll]    <- read  st2mot     ret=0  data=['0x00', '0x00']
15:17:54.479  DEBUG   [poll]    -> read  st0cur    
15:17:54.483  DEBUG   [poll]    <- read  st0cur     ret=0  data=['0x01', '0x02', '0x01', '0x02']
15:17:55.196  INFO    client connected
15:17:55.197  DEBUG   [client]  -> write cntl0mot   data=['0x00', '0x00']
15:17:55.200  DEBUG   [client]  -> write cntl3mot   data=['0x00', '0x00']
15:17:55.204  DEBUG   [client]  -> write cntl3mot   data=['0x03', '0xe8']
15:17:55.207  DEBUG   [client]  -> read  st2mot    
15:17:55.210  DEBUG   [client]  <- read  st2mot     ret=0  data=['0x00', '0x00']
15:17:55.211  DEBUG   [client]  -> read  st0cur    
15:17:55.215  DEBUG   [client]  <- read  st0cur     ret=0  data=['0x01', '0x02', '0x00', '0x02']
15:17:55.408  DEBUG   [client]  -> read  st2mot    
15:17:55.411  DEBUG   [client]  <- read  st2mot     ret=0  data=['0x4b', '0x00']
15:17:55.485  DEBUG   [poll]    -> read  st2mot    
15:17:55.488  DEBUG   [poll]    <- read  st2mot     ret=0  data=['0x71', '0x02']
15:17:55.488  DEBUG   [poll]    -> read  st0cur    
15:17:55.492  DEBUG   [poll]    <- read  st0cur     ret=0  data=['0x01', '0x02', '0x00', '0x02']
15:17:55.608  DEBUG   [client]  -> read  st2mot    
15:17:55.611  DEBUG   [client]  <- read  st2mot     ret=0  data=['0x9d', '0x03']
15:17:55.808  DEBUG   [client]  -> read  st2mot    
15:17:55.812  DEBUG   [client]  <- read  st2mot     ret=0  data=['0xa3', '0x02']
15:17:56.008  DEBUG   [client]  -> read  st2mot    
15:17:56.012  DEBUG   [client]  <- read  st2mot     ret=0  data=['0xb6', '0x03']
15:17:56.208  DEBUG   [client]  -> read  st2mot    
15:17:56.212  DEBUG   [client]  <- read  st2mot     ret=0  data=['0x84', '0x03']
15:17:56.213  DEBUG   [client]  -> read  st0cur    
15:17:56.218  DEBUG   [client]  <- read  st0cur     ret=0  data=['0xfa', '0x01', '0xfd', '0x01']
15:17:56.408  DEBUG   [client]  -> read  st2mot    
15:17:56.412  DEBUG   [client]  <- read  st2mot     ret=0  data=['0xb6', '0x03']
15:17:56.493  DEBUG   [poll]    -> read  st2mot    
15:17:56.496  DEBUG   [poll]    <- read  st2mot     ret=0  data=['0xb6', '0x03']
15:17:56.498  DEBUG   [poll]    -> read  st0cur    
15:17:56.503  DEBUG   [poll]    <- read  st0cur     ret=0  data=['0xfa', '0x01', '0xfd', '0x01']
15:17:56.608  DEBUG   [client]  -> read  st2mot    
15:17:56.611  DEBUG   [client]  <- read  st2mot     ret=0  data=['0xcf', '0x03']
15:17:56.808  DEBUG   [client]  -> read  st2mot    
15:17:56.812  DEBUG   [client]  <- read  st2mot     ret=0  data=['0xe8', '0x03']
15:17:57.008  DEBUG   [client]  -> read  st2mot    
15:17:57.012  DEBUG   [client]  <- read  st2mot     ret=0  data=['0xb6', '0x03']
15:17:57.208  DEBUG   [client]  -> read  st2mot    
15:17:57.212  DEBUG   [client]  <- read  st2mot     ret=0  data=['0x01', '0x04']
15:17:57.213  DEBUG   [client]  -> read  st0cur    
15:17:57.218  DEBUG   [client]  <- read  st0cur     ret=0  data=['0xf8', '0x01', '0xf7', '0x01']
15:17:57.408  DEBUG   [client]  -> read  st2mot    
15:17:57.412  DEBUG   [client]  <- read  st2mot     ret=0  data=['0xcf', '0x03']
15:17:57.504  DEBUG   [poll]    -> read  st2mot    
15:17:57.508  DEBUG   [poll]    <- read  st2mot     ret=0  data=['0xcf', '0x03']
15:17:57.508  DEBUG   [poll]    -> read  st0cur    
15:17:57.512  DEBUG   [poll]    <- read  st0cur     ret=0  data=['0xf8', '0x01', '0xf7', '0x01']
15:17:57.608  DEBUG   [client]  -> read  st2mot    
15:17:57.611  DEBUG   [client]  <- read  st2mot     ret=0  data=['0x01', '0x04']
15:17:57.808  DEBUG   [client]  -> read  st2mot    
15:17:57.812  DEBUG   [client]  <- read  st2mot     ret=0  data=['0xb6', '0x03']
15:17:58.008  DEBUG   [client]  -> read  st2mot    
15:17:58.012  DEBUG   [client]  <- read  st2mot     ret=0  data=['0x1a', '0x04']
15:17:58.208  DEBUG   [client]  -> read  st2mot    
15:17:58.212  DEBUG   [client]  <- read  st2mot     ret=0  data=['0xcf', '0x03']
15:17:58.213  DEBUG   [client]  -> read  st0cur    
15:17:58.217  DEBUG   [client]  <- read  st0cur     ret=0  data=['0xf7', '0x01', '0xf5', '0x01']
15:17:58.408  DEBUG   [client]  -> read  st2mot    
15:17:58.412  DEBUG   [client]  <- read  st2mot     ret=0  data=['0xcf', '0x03']
15:17:58.514  DEBUG   [poll]    -> read  st2mot    
15:17:58.517  DEBUG   [poll]    <- read  st2mot     ret=0  data=['0xe8', '0x03']
15:17:58.518  DEBUG   [poll]    -> read  st0cur    
15:17:58.522  DEBUG   [poll]    <- read  st0cur     ret=0  data=['0xf7', '0x01', '0xf5', '0x01']
15:17:58.608  DEBUG   [client]  -> read  st2mot    
15:17:58.611  DEBUG   [client]  <- read  st2mot     ret=0  data=['0xe8', '0x03']
15:17:58.808  DEBUG   [client]  -> read  st2mot    
15:17:58.812  DEBUG   [client]  <- read  st2mot     ret=0  data=['0xe8', '0x03']
15:17:59.008  DEBUG   [client]  -> read  st2mot    
15:17:59.012  DEBUG   [client]  <- read  st2mot     ret=0  data=['0xe8', '0x03']
15:17:59.208  DEBUG   [client]  -> read  st2mot    
15:17:59.212  DEBUG   [client]  <- read  st2mot     ret=0  data=['0xe8', '0x03']
15:17:59.213  DEBUG   [client]  -> read  st0cur    
15:17:59.218  DEBUG   [client]  <- read  st0cur     ret=0  data=['0xf5', '0x01', '0xf5', '0x01']
15:17:59.408  DEBUG   [client]  -> read  st2mot    
15:17:59.412  DEBUG   [client]  <- read  st2mot     ret=0  data=['0xe8', '0x03']
15:17:59.524  DEBUG   [poll]    -> read  st2mot    
15:17:59.527  DEBUG   [poll]    <- read  st2mot     ret=0  data=['0x01', '0x04']
15:17:59.527  DEBUG   [poll]    -> read  st0cur    
15:17:59.532  DEBUG   [poll]    <- read  st0cur     ret=0  data=['0xf5', '0x01', '0xf5', '0x01']
15:17:59.608  DEBUG   [client]  -> read  st2mot    
15:17:59.611  DEBUG   [client]  <- read  st2mot     ret=0  data=['0xe8', '0x03']
15:17:59.808  DEBUG   [client]  -> read  st2mot    
15:17:59.812  DEBUG   [client]  <- read  st2mot     ret=0  data=['0xe8', '0x03']
15:18:00.008  DEBUG   [client]  -> read  st2mot    
15:18:00.012  DEBUG   [client]  <- read  st2mot     ret=0  data=['0xe8', '0x03']
15:18:00.208  DEBUG   [client]  -> read  st2mot    
15:18:00.212  DEBUG   [client]  <- read  st2mot     ret=0  data=['0xe8', '0x03']
15:18:00.213  DEBUG   [client]  -> read  st0cur    
15:18:00.218  DEBUG   [client]  <- read  st0cur     ret=0  data=['0xf6', '0x01', '0xf7', '0x01']
15:18:00.408  DEBUG   [client]  -> read  st2mot    
15:18:00.412  DEBUG   [client]  <- read  st2mot     ret=0  data=['0xe8', '0x03']
15:18:00.533  DEBUG   [poll]    -> read  st2mot    
15:18:00.537  DEBUG   [poll]    <- read  st2mot     ret=0  data=['0x01', '0x04']
15:18:00.537  DEBUG   [poll]    -> read  st0cur    
15:18:00.541  DEBUG   [poll]    <- read  st0cur     ret=0  data=['0xf6', '0x01', '0xf7', '0x01']
15:18:00.608  DEBUG   [client]  -> read  st2mot    
15:18:00.611  DEBUG   [client]  <- read  st2mot     ret=0  data=['0xe8', '0x03']
15:18:00.808  DEBUG   [client]  -> read  st2mot    
15:18:00.812  DEBUG   [client]  <- read  st2mot     ret=0  data=['0x01', '0x04']
15:18:01.009  DEBUG   [client]  -> read  st2mot    
15:18:01.013  DEBUG   [client]  <- read  st2mot     ret=0  data=['0xe8', '0x03']
15:18:01.208  DEBUG   [client]  -> read  st2mot    
15:18:01.212  DEBUG   [client]  <- read  st2mot     ret=0  data=['0xe8', '0x03']
15:18:01.213  DEBUG   [client]  -> read  st0cur    
15:18:01.218  DEBUG   [client]  <- read  st0cur     ret=0  data=['0xf5', '0x01', '0xf4', '0x01']
15:18:01.408  DEBUG   [client]  -> read  st2mot    
15:18:01.412  DEBUG   [client]  <- read  st2mot     ret=0  data=['0xe8', '0x03']
15:18:01.543  DEBUG   [poll]    -> read  st2mot    
15:18:01.546  DEBUG   [poll]    <- read  st2mot     ret=0  data=['0xe8', '0x03']
15:18:01.547  DEBUG   [poll]    -> read  st0cur    
15:18:01.552  DEBUG   [poll]    <- read  st0cur     ret=0  data=['0xf5', '0x01', '0xf4', '0x01']
15:18:01.608  DEBUG   [client]  -> read  st2mot    
15:18:01.611  DEBUG   [client]  <- read  st2mot     ret=0  data=['0xe8', '0x03']
15:18:01.808  DEBUG   [client]  -> read  st2mot    
15:18:01.812  DEBUG   [client]  <- read  st2mot     ret=0  data=['0xe8', '0x03']
15:18:02.008  DEBUG   [client]  -> read  st2mot    
15:18:02.012  DEBUG   [client]  <- read  st2mot     ret=0  data=['0x01', '0x04']
15:18:02.013  DEBUG   [client]  -> write cntl3mot   data=['0x00', '0x00']
15:18:02.018  WARNING client disconnected — stopping motor
15:18:02.019  DEBUG   [client]  -> write cntl3mot   data=['0x00', '0x00']
15:18:02.023  INFO    client disconnected
15:18:02.553  DEBUG   [poll]    -> read  st2mot    
15:18:02.556  DEBUG   [poll]    <- read  st2mot     ret=0  data=['0x00', '0x00']
15:18:02.556  DEBUG   [poll]    -> read  st0cur    
15:18:02.560  DEBUG   [poll]    <- read  st0cur     ret=0  data=['0xf6', '0x01', '0xf4', '0x01']
15:18:02.560  WARNING *** OBSERVED STALL SIGNATURE (not acted on yet) — current=-0.49A while rpm=0 ***
15:18:03.562  DEBUG   [poll]    -> read  st2mot    
15:18:03.566  DEBUG   [poll]    <- read  st2mot     ret=0  data=['0x00', '0x00']
15:18:03.566  DEBUG   [poll]    -> read  st0cur    
15:18:03.570  DEBUG   [poll]    <- read  st0cur     ret=0  data=['0xfd', '0x01', '0xfc', '0x01']
15:18:04.572  DEBUG   [poll]    -> read  st2mot    
15:18:04.575  DEBUG   [poll]    <- read  st2mot     ret=0  data=['0x00', '0x00']
15:18:04.575  DEBUG   [poll]    -> read  st0cur    
15:18:04.580  DEBUG   [poll]    <- read  st0cur     ret=0  data=['0x01', '0x02', '0x00', '0x02']
15:18:05.581  DEBUG   [poll]    -> read  st2mot    
15:18:05.585  DEBUG   [poll]    <- read  st2mot     ret=0  data=['0x00', '0x00']
15:18:05.585  DEBUG   [poll]    -> read  st0cur    
15:18:05.589  DEBUG   [poll]    <- read  st0cur     ret=0  data=['0x01', '0x02', '0x01', '0x02']
15:18:06.591  DEBUG   [poll]    -> read  st2mot    
15:18:06.594  DEBUG   [poll]    <- read  st2mot     ret=0  data=['0x00', '0x00']
15:18:06.597  DEBUG   [poll]    -> read  st0cur    
15:18:06.601  DEBUG   [poll]    <- read  st0cur     ret=0  data=['0x01', '0x02', '0x00', '0x02']
15:18:07.603  DEBUG   [poll]    -> read  st2mot    
15:18:07.606  DEBUG   [poll]    <- read  st2mot     ret=0  data=['0x00', '0x00']
15:18:07.607  DEBUG   [poll]    -> read  st0cur    
15:18:07.611  DEBUG   [poll]    <- read  st0cur     ret=0  data=['0x01', '0x02', '0x00', '0x02']
15:18:08.612  DEBUG   [poll]    -> read  st2mot    
15:18:08.616  DEBUG   [poll]    <- read  st2mot     ret=0  data=['0x00', '0x00']
15:18:08.616  DEBUG   [poll]    -> read  st0cur    
15:18:08.620  DEBUG   [poll]    <- read  st0cur     ret=0  data=['0x01', '0x02', '0x00', '0x02']
15:18:09.138  INFO    client connected
15:18:09.139  DEBUG   [client]  -> write cntl0mot   data=['0x01', '0x00']
15:18:09.142  DEBUG   [client]  -> write cntl3mot   data=['0x00', '0x00']
15:18:09.146  DEBUG   [client]  -> write cntl3mot   data=['0x03', '0xe8']
15:18:09.150  DEBUG   [client]  -> read  st2mot    
15:18:09.153  DEBUG   [client]  <- read  st2mot     ret=0  data=['0x00', '0x00']
15:18:09.154  DEBUG   [client]  -> read  st0cur    
15:18:09.158  DEBUG   [client]  <- read  st0cur     ret=0  data=['0x01', '0x02', '0x01', '0x02']
15:18:09.350  DEBUG   [client]  -> read  st2mot    
15:18:09.353  DEBUG   [client]  <- read  st2mot     ret=0  data=['0x45', '0x01']
15:18:09.550  DEBUG   [client]  -> read  st2mot    
15:18:09.553  DEBUG   [client]  <- read  st2mot     ret=0  data=['0xee', '0x02']
15:18:09.622  DEBUG   [poll]    -> read  st2mot    
15:18:09.625  DEBUG   [poll]    <- read  st2mot     ret=0  data=['0x58', '0x02']
15:18:09.626  DEBUG   [poll]    -> read  st0cur    
15:18:09.630  DEBUG   [poll]    <- read  st0cur     ret=0  data=['0x01', '0x02', '0x01', '0x02']
15:18:09.751  DEBUG   [client]  -> read  st2mot    
15:18:09.754  DEBUG   [client]  <- read  st2mot     ret=0  data=['0xa3', '0x02']
15:18:09.951  DEBUG   [client]  -> read  st2mot    
15:18:09.954  DEBUG   [client]  <- read  st2mot     ret=0  data=['0x6b', '0x03']
15:18:10.151  DEBUG   [client]  -> read  st2mot    
15:18:10.154  DEBUG   [client]  <- read  st2mot     ret=0  data=['0x52', '0x03']
15:18:10.156  DEBUG   [client]  -> read  st0cur    
15:18:10.160  DEBUG   [client]  <- read  st0cur     ret=0  data=['0xfd', '0x01', '0xfb', '0x01']
15:18:10.350  DEBUG   [client]  -> read  st2mot    
15:18:10.354  DEBUG   [client]  <- read  st2mot     ret=0  data=['0xb6', '0x03']
15:18:10.550  DEBUG   [client]  -> read  st2mot    
15:18:10.554  DEBUG   [client]  <- read  st2mot     ret=0  data=['0x9d', '0x03']
15:18:10.631  DEBUG   [poll]    -> read  st2mot    
15:18:10.634  DEBUG   [poll]    <- read  st2mot     ret=0  data=['0xcf', '0x03']
15:18:10.635  DEBUG   [poll]    -> read  st0cur    
15:18:10.639  DEBUG   [poll]    <- read  st0cur     ret=0  data=['0xfd', '0x01', '0xfb', '0x01']
15:18:10.750  DEBUG   [client]  -> read  st2mot    
15:18:10.754  DEBUG   [client]  <- read  st2mot     ret=0  data=['0xcf', '0x03']
15:18:10.950  DEBUG   [client]  -> read  st2mot    
15:18:10.954  DEBUG   [client]  <- read  st2mot     ret=0  data=['0xe8', '0x03']
15:18:11.150  DEBUG   [client]  -> read  st2mot    
15:18:11.154  DEBUG   [client]  <- read  st2mot     ret=0  data=['0xe8', '0x03']
15:18:11.155  DEBUG   [client]  -> read  st0cur    
15:18:11.160  DEBUG   [client]  <- read  st0cur     ret=0  data=['0xf6', '0x01', '0xf5', '0x01']
15:18:11.350  DEBUG   [client]  -> read  st2mot    
15:18:11.354  DEBUG   [client]  <- read  st2mot     ret=0  data=['0xcf', '0x03']
15:18:11.550  DEBUG   [client]  -> read  st2mot    
15:18:11.554  DEBUG   [client]  <- read  st2mot     ret=0  data=['0xe8', '0x03']
15:18:11.641  DEBUG   [poll]    -> read  st2mot    
15:18:11.644  DEBUG   [poll]    <- read  st2mot     ret=0  data=['0xe8', '0x03']
15:18:11.646  DEBUG   [poll]    -> read  st0cur    
15:18:11.650  DEBUG   [poll]    <- read  st0cur     ret=0  data=['0xf6', '0x01', '0xf5', '0x01']
15:18:11.750  DEBUG   [client]  -> read  st2mot    
15:18:11.754  DEBUG   [client]  <- read  st2mot     ret=0  data=['0xe8', '0x03']
15:18:11.950  DEBUG   [client]  -> read  st2mot    
15:18:11.954  DEBUG   [client]  <- read  st2mot     ret=0  data=['0xe8', '0x03']
15:18:12.150  DEBUG   [client]  -> read  st2mot    
15:18:12.154  DEBUG   [client]  <- read  st2mot     ret=0  data=['0xcf', '0x03']
15:18:12.155  DEBUG   [client]  -> read  st0cur    
15:18:12.160  DEBUG   [client]  <- read  st0cur     ret=0  data=['0xf5', '0x01', '0xf6', '0x01']
15:18:12.350  DEBUG   [client]  -> read  st2mot    
15:18:12.354  DEBUG   [client]  <- read  st2mot     ret=0  data=['0x1a', '0x04']
15:18:12.550  DEBUG   [client]  -> read  st2mot    
15:18:12.554  DEBUG   [client]  <- read  st2mot     ret=0  data=['0xcf', '0x03']
15:18:12.652  DEBUG   [poll]    -> read  st2mot    
15:18:12.655  DEBUG   [poll]    <- read  st2mot     ret=0  data=['0x1a', '0x04']
15:18:12.656  DEBUG   [poll]    -> read  st0cur    
15:18:12.660  DEBUG   [poll]    <- read  st0cur     ret=0  data=['0xf5', '0x01', '0xf6', '0x01']
15:18:12.751  DEBUG   [client]  -> read  st2mot    
15:18:12.754  DEBUG   [client]  <- read  st2mot     ret=0  data=['0x1a', '0x04']
15:18:12.951  DEBUG   [client]  -> read  st2mot    
15:18:12.954  DEBUG   [client]  <- read  st2mot     ret=0  data=['0xcf', '0x03']
15:18:13.151  DEBUG   [client]  -> read  st2mot    
15:18:13.154  DEBUG   [client]  <- read  st2mot     ret=0  data=['0xe8', '0x03']
15:18:13.156  DEBUG   [client]  -> read  st0cur    
15:18:13.160  DEBUG   [client]  <- read  st0cur     ret=0  data=['0xf7', '0x01', '0xf5', '0x01']
15:18:13.351  DEBUG   [client]  -> read  st2mot    
15:18:13.354  DEBUG   [client]  <- read  st2mot     ret=0  data=['0xe8', '0x03']
15:18:13.551  DEBUG   [client]  -> read  st2mot    
15:18:13.554  DEBUG   [client]  <- read  st2mot     ret=0  data=['0xcf', '0x03']
15:18:13.662  DEBUG   [poll]    -> read  st2mot    
15:18:13.665  DEBUG   [poll]    <- read  st2mot     ret=0  data=['0xe8', '0x03']
15:18:13.665  DEBUG   [poll]    -> read  st0cur    
15:18:13.670  DEBUG   [poll]    <- read  st0cur     ret=0  data=['0xf7', '0x01', '0xf5', '0x01']
15:18:13.751  DEBUG   [client]  -> read  st2mot    
15:18:13.754  DEBUG   [client]  <- read  st2mot     ret=0  data=['0xe8', '0x03']
15:18:13.950  DEBUG   [client]  -> read  st2mot    
15:18:13.954  DEBUG   [client]  <- read  st2mot     ret=0  data=['0xe8', '0x03']
15:18:14.150  DEBUG   [client]  -> read  st2mot    
15:18:14.154  DEBUG   [client]  <- read  st2mot     ret=0  data=['0xe8', '0x03']
15:18:14.156  DEBUG   [client]  -> read  st0cur    
15:18:14.160  DEBUG   [client]  <- read  st0cur     ret=0  data=['0xf6', '0x01', '0xf4', '0x01']
15:18:14.351  DEBUG   [client]  -> read  st2mot    
15:18:14.354  DEBUG   [client]  <- read  st2mot     ret=0  data=['0x01', '0x04']
15:18:14.551  DEBUG   [client]  -> read  st2mot    
15:18:14.554  DEBUG   [client]  <- read  st2mot     ret=0  data=['0xe8', '0x03']
15:18:14.671  DEBUG   [poll]    -> read  st2mot    
15:18:14.675  DEBUG   [poll]    <- read  st2mot     ret=0  data=['0x01', '0x04']
15:18:14.675  DEBUG   [poll]    -> read  st0cur    
15:18:14.679  DEBUG   [poll]    <- read  st0cur     ret=0  data=['0xf6', '0x01', '0xf4', '0x01']
15:18:14.751  DEBUG   [client]  -> read  st2mot    
15:18:14.754  DEBUG   [client]  <- read  st2mot     ret=0  data=['0xcf', '0x03']
15:18:14.951  DEBUG   [client]  -> read  st2mot    
15:18:14.954  DEBUG   [client]  <- read  st2mot     ret=0  data=['0xe8', '0x03']
15:18:15.151  DEBUG   [client]  -> read  st2mot    
15:18:15.154  DEBUG   [client]  <- read  st2mot     ret=0  data=['0xe8', '0x03']
15:18:15.156  DEBUG   [client]  -> read  st0cur    
15:18:15.160  DEBUG   [client]  <- read  st0cur     ret=0  data=['0xf7', '0x01', '0xf4', '0x01']
15:18:15.350  DEBUG   [client]  -> read  st2mot    
15:18:15.354  DEBUG   [client]  <- read  st2mot     ret=0  data=['0xe8', '0x03']
15:18:15.550  DEBUG   [client]  -> read  st2mot    
15:18:15.554  DEBUG   [client]  <- read  st2mot     ret=0  data=['0x01', '0x04']
15:18:15.681  DEBUG   [poll]    -> read  st2mot    
15:18:15.684  DEBUG   [poll]    <- read  st2mot     ret=0  data=['0xcf', '0x03']
15:18:15.685  DEBUG   [poll]    -> read  st0cur    
15:18:15.689  DEBUG   [poll]    <- read  st0cur     ret=0  data=['0xf4', '0x01', '0xf4', '0x01']
15:18:15.750  DEBUG   [client]  -> read  st2mot    
15:18:15.754  DEBUG   [client]  <- read  st2mot     ret=0  data=['0xcf', '0x03']
15:18:15.950  DEBUG   [client]  -> read  st2mot    
15:18:15.954  DEBUG   [client]  <- read  st2mot     ret=0  data=['0xe8', '0x03']
15:18:15.956  DEBUG   [client]  -> write cntl3mot   data=['0x00', '0x00']
15:18:15.960  WARNING client disconnected — stopping motor
15:18:15.961  DEBUG   [client]  -> write cntl3mot   data=['0x00', '0x00']
15:18:15.965  INFO    client disconnected
15:18:16.691  DEBUG   [poll]    -> read  st2mot    
15:18:16.694  DEBUG   [poll]    <- read  st2mot     ret=0  data=['0x00', '0x00']
15:18:16.695  DEBUG   [poll]    -> read  st0cur    
15:18:16.699  DEBUG   [poll]    <- read  st0cur     ret=0  data=['0xfe', '0x01', '0xfc', '0x01']
15:18:17.701  DEBUG   [poll]    -> read  st2mot    
15:18:17.704  DEBUG   [poll]    <- read  st2mot     ret=0  data=['0x00', '0x00']
15:18:17.705  DEBUG   [poll]    -> read  st0cur    
15:18:17.709  DEBUG   [poll]    <- read  st0cur     ret=0  data=['0x01', '0x02', '0x00', '0x02']
15:18:18.710  DEBUG   [poll]    -> read  st2mot    
15:18:18.714  DEBUG   [poll]    <- read  st2mot     ret=0  data=['0x00', '0x00']
15:18:18.714  DEBUG   [poll]    -> read  st0cur    
15:18:18.718  DEBUG   [poll]    <- read  st0cur     ret=0  data=['0x01', '0x02', '0x00', '0x02']
15:18:19.719  DEBUG   [poll]    -> read  st2mot    
15:18:19.723  DEBUG   [poll]    <- read  st2mot     ret=0  data=['0x00', '0x00']
15:18:19.723  DEBUG   [poll]    -> read  st0cur    
15:18:19.727  DEBUG   [poll]    <- read  st0cur     ret=0  data=['0x01', '0x02', '0x01', '0x02']
15:18:20.729  DEBUG   [poll]    -> read  st2mot    
15:18:20.732  DEBUG   [poll]    <- read  st2mot     ret=0  data=['0x00', '0x00']
15:18:20.733  DEBUG   [poll]    -> read  st0cur    
15:18:20.737  DEBUG   [poll]    <- read  st0cur     ret=0  data=['0x01', '0x02', '0x00', '0x02']
15:18:21.738  DEBUG   [poll]    -> read  st2mot    
15:18:21.742  DEBUG   [poll]    <- read  st2mot     ret=0  data=['0x00', '0x00']
15:18:21.743  DEBUG   [poll]    -> read  st0cur    
15:18:21.747  DEBUG   [poll]    <- read  st0cur     ret=0  data=['0x01', '0x02', '0x00', '0x02']
15:18:22.748  DEBUG   [poll]    -> read  st2mot    
15:18:22.752  DEBUG   [poll]    <- read  st2mot     ret=0  data=['0x00', '0x00']
15:18:22.752  DEBUG   [poll]    -> read  st0cur    
15:18:22.757  DEBUG   [poll]    <- read  st0cur     ret=0  data=['0x01', '0x02', '0x00', '0x02']
15:18:23.219  INFO    client connected
15:18:23.220  DEBUG   [client]  -> write cntl0mot   data=['0xff', '0x01']
15:18:23.224  DEBUG   [client]  -> write cntl3mot   data=['0x00', '0x00']
15:18:23.227  DEBUG   [client]  -> write cntl3mot   data=['0x03', '0xe8']
15:18:23.233  DEBUG   [client]  -> read  st2mot    
15:18:23.236  DEBUG   [client]  <- read  st2mot     ret=0  data=['0x00', '0x00']
15:18:23.237  DEBUG   [client]  -> read  st0cur    
15:18:23.241  DEBUG   [client]  <- read  st0cur     ret=0  data=['0x01', '0x02', '0x00', '0x02']
15:18:23.433  DEBUG   [client]  -> read  st2mot    
15:18:23.436  DEBUG   [client]  <- read  st2mot     ret=0  data=['0x64', '0x00']
15:18:23.633  DEBUG   [client]  -> read  st2mot    
15:18:23.636  DEBUG   [client]  <- read  st2mot     ret=0  data=['0x84', '0x03']
15:18:23.758  DEBUG   [poll]    -> read  st2mot    
15:18:23.761  DEBUG   [poll]    <- read  st2mot     ret=0  data=['0x07', '0x03']
15:18:23.762  DEBUG   [poll]    -> read  st0cur    
15:18:23.765  DEBUG   [poll]    <- read  st0cur     ret=0  data=['0xfd', '0x01', '0xfb', '0x01']
15:18:23.833  DEBUG   [client]  -> read  st2mot    
15:18:23.836  DEBUG   [client]  <- read  st2mot     ret=0  data=['0xd5', '0x02']
15:18:24.034  DEBUG   [client]  -> read  st2mot    
15:18:24.037  DEBUG   [client]  <- read  st2mot     ret=0  data=['0x84', '0x03']
15:18:24.234  DEBUG   [client]  -> read  st2mot    
15:18:24.237  DEBUG   [client]  <- read  st2mot     ret=0  data=['0x84', '0x03']
15:18:24.239  DEBUG   [client]  -> read  st0cur    
15:18:24.243  DEBUG   [client]  <- read  st0cur     ret=0  data=['0xfd', '0x01', '0xfb', '0x01']
15:18:24.434  DEBUG   [client]  -> read  st2mot    
15:18:24.437  DEBUG   [client]  <- read  st2mot     ret=0  data=['0xb6', '0x03']
15:18:24.634  DEBUG   [client]  -> read  st2mot    
15:18:24.637  DEBUG   [client]  <- read  st2mot     ret=0  data=['0xcf', '0x03']
15:18:24.767  DEBUG   [poll]    -> read  st2mot    
15:18:24.770  DEBUG   [poll]    <- read  st2mot     ret=0  data=['0xe8', '0x03']
15:18:24.771  DEBUG   [poll]    -> read  st0cur    
15:18:24.775  DEBUG   [poll]    <- read  st0cur     ret=0  data=['0xf5', '0x01', '0xf6', '0x01']
15:18:24.833  DEBUG   [client]  -> read  st2mot    
15:18:24.837  DEBUG   [client]  <- read  st2mot     ret=0  data=['0xcf', '0x03']
15:18:25.034  DEBUG   [client]  -> read  st2mot    
15:18:25.037  DEBUG   [client]  <- read  st2mot     ret=0  data=['0xe8', '0x03']
15:18:25.234  DEBUG   [client]  -> read  st2mot    
15:18:25.237  DEBUG   [client]  <- read  st2mot     ret=0  data=['0xe8', '0x03']
15:18:25.239  DEBUG   [client]  -> read  st0cur    
15:18:25.243  DEBUG   [client]  <- read  st0cur     ret=0  data=['0xf5', '0x01', '0xf6', '0x01']
15:18:25.434  DEBUG   [client]  -> read  st2mot    
15:18:25.437  DEBUG   [client]  <- read  st2mot     ret=0  data=['0xb6', '0x03']
15:18:25.633  DEBUG   [client]  -> read  st2mot    
15:18:25.637  DEBUG   [client]  <- read  st2mot     ret=0  data=['0x01', '0x04']
15:18:25.776  DEBUG   [poll]    -> read  st2mot    
15:18:25.780  DEBUG   [poll]    <- read  st2mot     ret=0  data=['0xcf', '0x03']
15:18:25.780  DEBUG   [poll]    -> read  st0cur    
15:18:25.785  DEBUG   [poll]    <- read  st0cur     ret=0  data=['0xf7', '0x01', '0xf5', '0x01']
15:18:25.834  DEBUG   [client]  -> read  st2mot    
15:18:25.837  DEBUG   [client]  <- read  st2mot     ret=0  data=['0xcf', '0x03']
15:18:26.034  DEBUG   [client]  -> read  st2mot    
15:18:26.037  DEBUG   [client]  <- read  st2mot     ret=0  data=['0xe8', '0x03']
15:18:26.234  DEBUG   [client]  -> read  st2mot    
15:18:26.237  DEBUG   [client]  <- read  st2mot     ret=0  data=['0xe8', '0x03']
15:18:26.239  DEBUG   [client]  -> read  st0cur    
15:18:26.243  DEBUG   [client]  <- read  st0cur     ret=0  data=['0xf7', '0x01', '0xf5', '0x01']
15:18:26.434  DEBUG   [client]  -> read  st2mot    
15:18:26.437  DEBUG   [client]  <- read  st2mot     ret=0  data=['0xe8', '0x03']
15:18:26.634  DEBUG   [client]  -> read  st2mot    
15:18:26.637  DEBUG   [client]  <- read  st2mot     ret=0  data=['0xe8', '0x03']
15:18:26.786  DEBUG   [poll]    -> read  st2mot    
15:18:26.790  DEBUG   [poll]    <- read  st2mot     ret=0  data=['0xe8', '0x03']
15:18:26.791  DEBUG   [poll]    -> read  st0cur    
15:18:26.795  DEBUG   [poll]    <- read  st0cur     ret=0  data=['0xf6', '0x01', '0xf4', '0x01']
15:18:26.833  DEBUG   [client]  -> read  st2mot    
15:18:26.837  DEBUG   [client]  <- read  st2mot     ret=0  data=['0xe8', '0x03']
15:18:27.034  DEBUG   [client]  -> read  st2mot    
15:18:27.037  DEBUG   [client]  <- read  st2mot     ret=0  data=['0xcf', '0x03']
15:18:27.234  DEBUG   [client]  -> read  st2mot    
15:18:27.237  DEBUG   [client]  <- read  st2mot     ret=0  data=['0x01', '0x04']
15:18:27.239  DEBUG   [client]  -> read  st0cur    
15:18:27.243  DEBUG   [client]  <- read  st0cur     ret=0  data=['0xf6', '0x01', '0xf4', '0x01']
15:18:27.434  DEBUG   [client]  -> read  st2mot    
15:18:27.437  DEBUG   [client]  <- read  st2mot     ret=0  data=['0xb6', '0x03']
15:18:27.634  DEBUG   [client]  -> read  st2mot    
15:18:27.637  DEBUG   [client]  <- read  st2mot     ret=0  data=['0xe8', '0x03']
15:18:27.797  DEBUG   [poll]    -> read  st2mot    
15:18:27.800  DEBUG   [poll]    <- read  st2mot     ret=0  data=['0xe8', '0x03']
15:18:27.801  DEBUG   [poll]    -> read  st0cur    
15:18:27.805  DEBUG   [poll]    <- read  st0cur     ret=0  data=['0xf5', '0x01', '0xf7', '0x01']
15:18:27.834  DEBUG   [client]  -> read  st2mot    
15:18:27.837  DEBUG   [client]  <- read  st2mot     ret=0  data=['0xe8', '0x03']
15:18:28.034  DEBUG   [client]  -> read  st2mot    
15:18:28.037  DEBUG   [client]  <- read  st2mot     ret=0  data=['0xe8', '0x03']
15:18:28.234  DEBUG   [client]  -> read  st2mot    
15:18:28.237  DEBUG   [client]  <- read  st2mot     ret=0  data=['0xe8', '0x03']
15:18:28.239  DEBUG   [client]  -> read  st0cur    
15:18:28.243  DEBUG   [client]  <- read  st0cur     ret=0  data=['0xf5', '0x01', '0xf7', '0x01']
15:18:28.434  DEBUG   [client]  -> read  st2mot    
15:18:28.437  DEBUG   [client]  <- read  st2mot     ret=0  data=['0xe8', '0x03']
15:18:28.634  DEBUG   [client]  -> read  st2mot    
15:18:28.637  DEBUG   [client]  <- read  st2mot     ret=0  data=['0xe8', '0x03']
15:18:28.806  DEBUG   [poll]    -> read  st2mot    
15:18:28.810  DEBUG   [poll]    <- read  st2mot     ret=0  data=['0xe8', '0x03']
15:18:28.810  DEBUG   [poll]    -> read  st0cur    
15:18:28.815  DEBUG   [poll]    <- read  st0cur     ret=0  data=['0xf6', '0x01', '0xf4', '0x01']
15:18:28.833  DEBUG   [client]  -> read  st2mot    
15:18:28.837  DEBUG   [client]  <- read  st2mot     ret=0  data=['0xe8', '0x03']
15:18:29.034  DEBUG   [client]  -> read  st2mot    
15:18:29.037  DEBUG   [client]  <- read  st2mot     ret=0  data=['0x01', '0x04']
15:18:29.234  DEBUG   [client]  -> read  st2mot    
15:18:29.237  DEBUG   [client]  <- read  st2mot     ret=0  data=['0xe8', '0x03']
15:18:29.239  DEBUG   [client]  -> read  st0cur    
15:18:29.243  DEBUG   [client]  <- read  st0cur     ret=0  data=['0xf6', '0x01', '0xf4', '0x01']
15:18:29.434  DEBUG   [client]  -> read  st2mot    
15:18:29.437  DEBUG   [client]  <- read  st2mot     ret=0  data=['0x01', '0x04']
15:18:29.634  DEBUG   [client]  -> read  st2mot    
15:18:29.637  DEBUG   [client]  <- read  st2mot     ret=0  data=['0xcf', '0x03']
15:18:29.816  DEBUG   [poll]    -> read  st2mot    
15:18:29.820  DEBUG   [poll]    <- read  st2mot     ret=0  data=['0x01', '0x04']
15:18:29.820  DEBUG   [poll]    -> read  st0cur    
15:18:29.824  DEBUG   [poll]    <- read  st0cur     ret=0  data=['0xf5', '0x01', '0xf4', '0x01']
15:18:29.833  DEBUG   [client]  -> read  st2mot    
15:18:29.837  DEBUG   [client]  <- read  st2mot     ret=0  data=['0x01', '0x04']
15:18:30.034  DEBUG   [client]  -> read  st2mot    
15:18:30.037  DEBUG   [client]  <- read  st2mot     ret=0  data=['0xe8', '0x03']
15:18:30.039  DEBUG   [client]  -> write cntl3mot   data=['0x00', '0x00']
15:18:30.043  WARNING client disconnected — stopping motor
15:18:30.044  DEBUG   [client]  -> write cntl3mot   data=['0x00', '0x00']
15:18:30.054  INFO    client disconnected
15:18:30.826  DEBUG   [poll]    -> read  st2mot    
15:18:30.829  DEBUG   [poll]    <- read  st2mot     ret=0  data=['0x00', '0x00']
15:18:30.829  DEBUG   [poll]    -> read  st0cur    
15:18:30.833  DEBUG   [poll]    <- read  st0cur     ret=0  data=['0xfd', '0x01', '0xfd', '0x01']
15:18:31.834  DEBUG   [poll]    -> read  st2mot    
15:18:31.838  DEBUG   [poll]    <- read  st2mot     ret=0  data=['0x00', '0x00']
15:18:31.839  DEBUG   [poll]    -> read  st0cur    
15:18:31.843  DEBUG   [poll]    <- read  st0cur     ret=0  data=['0x01', '0x02', '0x00', '0x02']
15:18:32.845  DEBUG   [poll]    -> read  st2mot    
15:18:32.848  DEBUG   [poll]    <- read  st2mot     ret=0  data=['0x00', '0x00']
15:18:32.849  DEBUG   [poll]    -> read  st0cur    
15:18:32.853  DEBUG   [poll]    <- read  st0cur     ret=0  data=['0x01', '0x02', '0x00', '0x02']
15:18:33.854  DEBUG   [poll]    -> read  st2mot    
15:18:33.858  DEBUG   [poll]    <- read  st2mot     ret=0  data=['0x00', '0x00']
15:18:33.858  DEBUG   [poll]    -> read  st0cur    
15:18:33.862  DEBUG   [poll]    <- read  st0cur     ret=0  data=['0x01', '0x02', '0x00', '0x02']
15:18:34.864  DEBUG   [poll]    -> read  st2mot    
15:18:34.867  DEBUG   [poll]    <- read  st2mot     ret=0  data=['0x00', '0x00']
15:18:34.868  DEBUG   [poll]    -> read  st0cur    
15:18:34.872  DEBUG   [poll]    <- read  st0cur     ret=0  data=['0x01', '0x02', '0x00', '0x02']
15:18:35.873  DEBUG   [poll]    -> read  st2mot    
15:18:35.876  DEBUG   [poll]    <- read  st2mot     ret=0  data=['0x00', '0x00']
15:18:35.877  DEBUG   [poll]    -> read  st0cur    
15:18:35.881  DEBUG   [poll]    <- read  st0cur     ret=0  data=['0x01', '0x02', '0x01', '0x02']
15:18:35.982  INFO    client connected
15:18:35.982  DEBUG   [client]  -> write cntl0mot   data=['0x00', '0x01']
15:18:35.986  DEBUG   [client]  -> write cntl3mot   data=['0x00', '0x00']
15:18:35.989  DEBUG   [client]  -> write cntl3mot   data=['0x03', '0xe8']
15:18:35.993  DEBUG   [client]  -> read  st2mot    
15:18:35.996  DEBUG   [client]  <- read  st2mot     ret=0  data=['0x00', '0x00']
15:18:35.997  DEBUG   [client]  -> read  st0cur    
15:18:36.001  DEBUG   [client]  <- read  st0cur     ret=0  data=['0x01', '0x02', '0x01', '0x02']
15:18:36.193  DEBUG   [client]  -> read  st2mot    
15:18:36.196  DEBUG   [client]  <- read  st2mot     ret=0  data=['0x5e', '0x01']
15:18:36.393  DEBUG   [client]  -> read  st2mot    
15:18:36.396  DEBUG   [client]  <- read  st2mot     ret=0  data=['0x39', '0x03']
15:18:36.594  DEBUG   [client]  -> read  st2mot    
15:18:36.597  DEBUG   [client]  <- read  st2mot     ret=0  data=['0xa3', '0x02']
15:18:36.794  DEBUG   [client]  -> read  st2mot    
15:18:36.797  DEBUG   [client]  <- read  st2mot     ret=0  data=['0x84', '0x03']
15:18:36.882  DEBUG   [poll]    -> read  st2mot    
15:18:36.886  DEBUG   [poll]    <- read  st2mot     ret=0  data=['0xb6', '0x03']
15:18:36.887  DEBUG   [poll]    -> read  st0cur    
15:18:36.891  DEBUG   [poll]    <- read  st0cur     ret=0  data=['0xfa', '0x01', '0xf8', '0x01']
15:18:36.994  DEBUG   [client]  -> read  st2mot    
15:18:36.997  DEBUG   [client]  <- read  st2mot     ret=0  data=['0x52', '0x03']
15:18:36.998  DEBUG   [client]  -> read  st0cur    
15:18:37.003  DEBUG   [client]  <- read  st0cur     ret=0  data=['0xfa', '0x01', '0xf8', '0x01']
15:18:37.194  DEBUG   [client]  -> read  st2mot    
15:18:37.197  DEBUG   [client]  <- read  st2mot     ret=0  data=['0xe8', '0x03']
15:18:37.394  DEBUG   [client]  -> read  st2mot    
15:18:37.397  DEBUG   [client]  <- read  st2mot     ret=0  data=['0x9d', '0x03']
15:18:37.594  DEBUG   [client]  -> read  st2mot    
15:18:37.597  DEBUG   [client]  <- read  st2mot     ret=0  data=['0x01', '0x04']
15:18:37.794  DEBUG   [client]  -> read  st2mot    
15:18:37.797  DEBUG   [client]  <- read  st2mot     ret=0  data=['0xcf', '0x03']
15:18:37.893  DEBUG   [poll]    -> read  st2mot    
15:18:37.896  DEBUG   [poll]    <- read  st2mot     ret=0  data=['0xcf', '0x03']
15:18:37.897  DEBUG   [poll]    -> read  st0cur    
15:18:37.901  DEBUG   [poll]    <- read  st0cur     ret=0  data=['0xf7', '0x01', '0xf4', '0x01']
15:18:37.994  DEBUG   [client]  -> read  st2mot    
15:18:37.997  DEBUG   [client]  <- read  st2mot     ret=0  data=['0x01', '0x04']
15:18:37.999  DEBUG   [client]  -> read  st0cur    
15:18:38.003  DEBUG   [client]  <- read  st0cur     ret=0  data=['0xf7', '0x01', '0xf4', '0x01']
15:18:38.194  DEBUG   [client]  -> read  st2mot    
15:18:38.197  DEBUG   [client]  <- read  st2mot     ret=0  data=['0xcf', '0x03']
15:18:38.394  DEBUG   [client]  -> read  st2mot    
15:18:38.397  DEBUG   [client]  <- read  st2mot     ret=0  data=['0x01', '0x04']
15:18:38.594  DEBUG   [client]  -> read  st2mot    
15:18:38.597  DEBUG   [client]  <- read  st2mot     ret=0  data=['0xcf', '0x03']
15:18:38.794  DEBUG   [client]  -> read  st2mot    
15:18:38.797  DEBUG   [client]  <- read  st2mot     ret=0  data=['0xe8', '0x03']
15:18:38.902  DEBUG   [poll]    -> read  st2mot    
15:18:38.906  DEBUG   [poll]    <- read  st2mot     ret=0  data=['0xe8', '0x03']
15:18:38.906  DEBUG   [poll]    -> read  st0cur    
15:18:38.910  DEBUG   [poll]    <- read  st0cur     ret=0  data=['0xf6', '0x01', '0xf6', '0x01']
15:18:38.994  DEBUG   [client]  -> read  st2mot    
15:18:38.997  DEBUG   [client]  <- read  st2mot     ret=0  data=['0xcf', '0x03']
15:18:38.999  DEBUG   [client]  -> read  st0cur    
15:18:39.003  DEBUG   [client]  <- read  st0cur     ret=0  data=['0xf6', '0x01', '0xf6', '0x01']
15:18:39.194  DEBUG   [client]  -> read  st2mot    
15:18:39.197  DEBUG   [client]  <- read  st2mot     ret=0  data=['0x01', '0x04']
15:18:39.394  DEBUG   [client]  -> read  st2mot    
15:18:39.397  DEBUG   [client]  <- read  st2mot     ret=0  data=['0xcf', '0x03']
15:18:39.594  DEBUG   [client]  -> read  st2mot    
15:18:39.597  DEBUG   [client]  <- read  st2mot     ret=0  data=['0x1a', '0x04']
15:18:39.794  DEBUG   [client]  -> read  st2mot    
15:18:39.797  DEBUG   [client]  <- read  st2mot     ret=0  data=['0xcf', '0x03']
15:18:39.912  DEBUG   [poll]    -> read  st2mot    
15:18:39.915  DEBUG   [poll]    <- read  st2mot     ret=0  data=['0x01', '0x04']
15:18:39.916  DEBUG   [poll]    -> read  st0cur    
15:18:39.920  DEBUG   [poll]    <- read  st0cur     ret=0  data=['0xf5', '0x01', '0xf5', '0x01']
15:18:39.994  DEBUG   [client]  -> read  st2mot    
15:18:39.997  DEBUG   [client]  <- read  st2mot     ret=0  data=['0x01', '0x04']
15:18:39.999  DEBUG   [client]  -> read  st0cur    
15:18:40.003  DEBUG   [client]  <- read  st0cur     ret=0  data=['0xf5', '0x01', '0xf5', '0x01']
15:18:40.194  DEBUG   [client]  -> read  st2mot    
15:18:40.197  DEBUG   [client]  <- read  st2mot     ret=0  data=['0xe8', '0x03']
15:18:40.394  DEBUG   [client]  -> read  st2mot    
15:18:40.397  DEBUG   [client]  <- read  st2mot     ret=0  data=['0xe8', '0x03']
15:18:40.594  DEBUG   [client]  -> read  st2mot    
15:18:40.597  DEBUG   [client]  <- read  st2mot     ret=0  data=['0xe8', '0x03']
15:18:40.794  DEBUG   [client]  -> read  st2mot    
15:18:40.797  DEBUG   [client]  <- read  st2mot     ret=0  data=['0xe8', '0x03']
15:18:40.922  DEBUG   [poll]    -> read  st2mot    
15:18:40.925  DEBUG   [poll]    <- read  st2mot     ret=0  data=['0xe8', '0x03']
15:18:40.925  DEBUG   [poll]    -> read  st0cur    
15:18:40.930  DEBUG   [poll]    <- read  st0cur     ret=0  data=['0xf5', '0x01', '0xf4', '0x01']
15:18:40.994  DEBUG   [client]  -> read  st2mot    
15:18:40.997  DEBUG   [client]  <- read  st2mot     ret=0  data=['0x01', '0x04']
15:18:40.999  DEBUG   [client]  -> read  st0cur    
15:18:41.003  DEBUG   [client]  <- read  st0cur     ret=0  data=['0xf5', '0x01', '0xf4', '0x01']
15:18:41.194  DEBUG   [client]  -> read  st2mot    
15:18:41.197  DEBUG   [client]  <- read  st2mot     ret=0  data=['0xe8', '0x03']
15:18:41.394  DEBUG   [client]  -> read  st2mot    
15:18:41.397  DEBUG   [client]  <- read  st2mot     ret=0  data=['0xcf', '0x03']
15:18:41.594  DEBUG   [client]  -> read  st2mot    
15:18:41.597  DEBUG   [client]  <- read  st2mot     ret=0  data=['0xe8', '0x03']
15:18:41.794  DEBUG   [client]  -> read  st2mot    
15:18:41.797  DEBUG   [client]  <- read  st2mot     ret=0  data=['0xe8', '0x03']
15:18:41.931  DEBUG   [poll]    -> read  st2mot    
15:18:41.935  DEBUG   [poll]    <- read  st2mot     ret=0  data=['0xe8', '0x03']
15:18:41.935  DEBUG   [poll]    -> read  st0cur    
15:18:41.939  DEBUG   [poll]    <- read  st0cur     ret=0  data=['0xf6', '0x01', '0xf5', '0x01']
15:18:41.994  DEBUG   [client]  -> read  st2mot    
15:18:41.997  DEBUG   [client]  <- read  st2mot     ret=0  data=['0xe8', '0x03']
15:18:41.999  DEBUG   [client]  -> read  st0cur    
15:18:42.003  DEBUG   [client]  <- read  st0cur     ret=0  data=['0xf6', '0x01', '0xf5', '0x01']
15:18:42.194  DEBUG   [client]  -> read  st2mot    
15:18:42.197  DEBUG   [client]  <- read  st2mot     ret=0  data=['0x01', '0x04']
15:18:42.394  DEBUG   [client]  -> read  st2mot    
15:18:42.397  DEBUG   [client]  <- read  st2mot     ret=0  data=['0xcf', '0x03']
15:18:42.594  DEBUG   [client]  -> read  st2mot    
15:18:42.597  DEBUG   [client]  <- read  st2mot     ret=0  data=['0xe8', '0x03']
15:18:42.794  DEBUG   [client]  -> read  st2mot    
15:18:42.797  DEBUG   [client]  <- read  st2mot     ret=0  data=['0xe8', '0x03']
15:18:42.799  DEBUG   [client]  -> write cntl3mot   data=['0x00', '0x00']
15:18:42.803  WARNING client disconnected — stopping motor
15:18:42.804  DEBUG   [client]  -> write cntl3mot   data=['0x00', '0x00']
15:18:42.808  INFO    client disconnected
15:18:42.941  DEBUG   [poll]    -> read  st2mot    
15:18:42.944  DEBUG   [poll]    <- read  st2mot     ret=0  data=['0xa3', '0x02']
15:18:42.944  DEBUG   [poll]    -> read  st0cur    
15:18:42.948  DEBUG   [poll]    <- read  st0cur     ret=0  data=['0xf6', '0x01', '0xf5', '0x01']
15:18:43.950  DEBUG   [poll]    -> read  st2mot    
15:18:43.953  DEBUG   [poll]    <- read  st2mot     ret=0  data=['0x00', '0x00']
15:18:43.954  DEBUG   [poll]    -> read  st0cur    
15:18:43.958  DEBUG   [poll]    <- read  st0cur     ret=0  data=['0x00', '0x02', '0x01', '0x02']
15:18:44.959  DEBUG   [poll]    -> read  st2mot    
15:18:44.963  DEBUG   [poll]    <- read  st2mot     ret=0  data=['0x00', '0x00']
15:18:44.963  DEBUG   [poll]    -> read  st0cur    
15:18:44.967  DEBUG   [poll]    <- read  st0cur     ret=0  data=['0x01', '0x02', '0x00', '0x02']
15:18:45.969  DEBUG   [poll]    -> read  st2mot    
15:18:45.972  DEBUG   [poll]    <- read  st2mot     ret=0  data=['0x00', '0x00']
15:18:45.972  DEBUG   [poll]    -> read  st0cur    
15:18:45.976  DEBUG   [poll]    <- read  st0cur     ret=0  data=['0x01', '0x02', '0x01', '0x02']
15:18:46.977  DEBUG   [poll]    -> read  st2mot    
15:18:46.981  DEBUG   [poll]    <- read  st2mot     ret=0  data=['0x00', '0x00']
15:18:46.982  DEBUG   [poll]    -> read  st0cur    
15:18:46.987  DEBUG   [poll]    <- read  st0cur     ret=0  data=['0x01', '0x02', '0x00', '0x02']
15:18:47.988  DEBUG   [poll]    -> read  st2mot    
15:18:47.992  DEBUG   [poll]    <- read  st2mot     ret=0  data=['0x00', '0x00']
15:18:47.992  DEBUG   [poll]    -> read  st0cur    
15:18:47.996  DEBUG   [poll]    <- read  st0cur     ret=0  data=['0x01', '0x02', '0x00', '0x02']
15:18:48.998  DEBUG   [poll]    -> read  st2mot    
15:18:49.001  DEBUG   [poll]    <- read  st2mot     ret=0  data=['0x00', '0x00']
15:18:49.002  DEBUG   [poll]    -> read  st0cur    
15:18:49.006  DEBUG   [poll]    <- read  st0cur     ret=0  data=['0x01', '0x02', '0x00', '0x02']
15:18:49.984  INFO    client connected
15:18:49.984  DEBUG   [client]  -> write cntl0mot   data=['0x01', '0x01']
15:18:49.988  DEBUG   [client]  -> write cntl3mot   data=['0x00', '0x00']
15:18:49.991  DEBUG   [client]  -> write cntl3mot   data=['0x03', '0xe8']
15:18:49.995  DEBUG   [client]  -> read  st2mot    
15:18:49.998  DEBUG   [client]  <- read  st2mot     ret=0  data=['0x00', '0x00']
15:18:49.999  DEBUG   [client]  -> read  st0cur    
15:18:50.003  DEBUG   [client]  <- read  st0cur     ret=0  data=['0x01', '0x02', '0x00', '0x02']
15:18:50.007  DEBUG   [poll]    -> read  st2mot    
15:18:50.010  DEBUG   [poll]    <- read  st2mot     ret=0  data=['0x00', '0x00']
15:18:50.010  DEBUG   [poll]    -> read  st0cur    
15:18:50.014  DEBUG   [poll]    <- read  st0cur     ret=0  data=['0x01', '0x02', '0x00', '0x02']
15:18:50.195  DEBUG   [client]  -> read  st2mot    
15:18:50.198  DEBUG   [client]  <- read  st2mot     ret=0  data=['0x7d', '0x00']
15:18:50.395  DEBUG   [client]  -> read  st2mot    
15:18:50.399  DEBUG   [client]  <- read  st2mot     ret=0  data=['0x07', '0x03']
15:18:50.596  DEBUG   [client]  -> read  st2mot    
15:18:50.599  DEBUG   [client]  <- read  st2mot     ret=0  data=['0x71', '0x02']
15:18:50.796  DEBUG   [client]  -> read  st2mot    
15:18:50.799  DEBUG   [client]  <- read  st2mot     ret=0  data=['0x9d', '0x03']
15:18:50.996  DEBUG   [client]  -> read  st2mot    
15:18:50.999  DEBUG   [client]  <- read  st2mot     ret=0  data=['0x39', '0x03']
15:18:51.001  DEBUG   [client]  -> read  st0cur    
15:18:51.005  DEBUG   [client]  <- read  st0cur     ret=0  data=['0xf7', '0x01', '0xf7', '0x01']
15:18:51.016  DEBUG   [poll]    -> read  st2mot    
15:18:51.019  DEBUG   [poll]    <- read  st2mot     ret=0  data=['0x84', '0x03']
15:18:51.020  DEBUG   [poll]    -> read  st0cur    
15:18:51.024  DEBUG   [poll]    <- read  st0cur     ret=0  data=['0xf7', '0x01', '0xf7', '0x01']
15:18:51.196  DEBUG   [client]  -> read  st2mot    
15:18:51.199  DEBUG   [client]  <- read  st2mot     ret=0  data=['0x9d', '0x03']
15:18:51.396  DEBUG   [client]  -> read  st2mot    
15:18:51.399  DEBUG   [client]  <- read  st2mot     ret=0  data=['0x9d', '0x03']
15:18:51.596  DEBUG   [client]  -> read  st2mot    
15:18:51.599  DEBUG   [client]  <- read  st2mot     ret=0  data=['0xb6', '0x03']
15:18:51.796  DEBUG   [client]  -> read  st2mot    
15:18:51.799  DEBUG   [client]  <- read  st2mot     ret=0  data=['0xe8', '0x03']
15:18:51.996  DEBUG   [client]  -> read  st2mot    
15:18:52.003  DEBUG   [client]  <- read  st2mot     ret=0  data=['0xe8', '0x03']
15:18:52.004  DEBUG   [client]  -> read  st0cur    
15:18:52.009  DEBUG   [client]  <- read  st0cur     ret=0  data=['0xf7', '0x01', '0xf7', '0x01']
15:18:52.026  DEBUG   [poll]    -> read  st2mot    
15:18:52.029  DEBUG   [poll]    <- read  st2mot     ret=0  data=['0xe8', '0x03']
15:18:52.029  DEBUG   [poll]    -> read  st0cur    
15:18:52.034  DEBUG   [poll]    <- read  st0cur     ret=0  data=['0xf7', '0x01', '0xf7', '0x01']
15:18:52.195  DEBUG   [client]  -> read  st2mot    
15:18:52.199  DEBUG   [client]  <- read  st2mot     ret=0  data=['0xe8', '0x03']
15:18:52.396  DEBUG   [client]  -> read  st2mot    
15:18:52.399  DEBUG   [client]  <- read  st2mot     ret=0  data=['0xcf', '0x03']
15:18:52.596  DEBUG   [client]  -> read  st2mot    
15:18:52.599  DEBUG   [client]  <- read  st2mot     ret=0  data=['0x01', '0x04']
15:18:52.796  DEBUG   [client]  -> read  st2mot    
15:18:52.799  DEBUG   [client]  <- read  st2mot     ret=0  data=['0xcf', '0x03']
15:18:52.996  DEBUG   [client]  -> read  st2mot    
15:18:52.999  DEBUG   [client]  <- read  st2mot     ret=0  data=['0x01', '0x04']
15:18:53.001  DEBUG   [client]  -> read  st0cur    
15:18:53.005  DEBUG   [client]  <- read  st0cur     ret=0  data=['0xf6', '0x01', '0xf5', '0x01']
15:18:53.035  DEBUG   [poll]    -> read  st2mot    
15:18:53.039  DEBUG   [poll]    <- read  st2mot     ret=0  data=['0x01', '0x04']
15:18:53.039  DEBUG   [poll]    -> read  st0cur    
15:18:53.043  DEBUG   [poll]    <- read  st0cur     ret=0  data=['0xf6', '0x01', '0xf5', '0x01']
15:18:53.195  DEBUG   [client]  -> read  st2mot    
15:18:53.199  DEBUG   [client]  <- read  st2mot     ret=0  data=['0xcf', '0x03']
15:18:53.396  DEBUG   [client]  -> read  st2mot    
15:18:53.399  DEBUG   [client]  <- read  st2mot     ret=0  data=['0x01', '0x04']
15:18:53.596  DEBUG   [client]  -> read  st2mot    
15:18:53.599  DEBUG   [client]  <- read  st2mot     ret=0  data=['0xcf', '0x03']
15:18:53.796  DEBUG   [client]  -> read  st2mot    
15:18:53.799  DEBUG   [client]  <- read  st2mot     ret=0  data=['0x01', '0x04']
15:18:53.996  DEBUG   [client]  -> read  st2mot    
15:18:53.999  DEBUG   [client]  <- read  st2mot     ret=0  data=['0xcf', '0x03']
15:18:54.001  DEBUG   [client]  -> read  st0cur    
15:18:54.005  DEBUG   [client]  <- read  st0cur     ret=0  data=['0xf7', '0x01', '0xf6', '0x01']
15:18:54.045  DEBUG   [poll]    -> read  st2mot    
15:18:54.048  DEBUG   [poll]    <- read  st2mot     ret=0  data=['0xcf', '0x03']
15:18:54.049  DEBUG   [poll]    -> read  st0cur    
15:18:54.053  DEBUG   [poll]    <- read  st0cur     ret=0  data=['0xf7', '0x01', '0xf6', '0x01']
15:18:54.196  DEBUG   [client]  -> read  st2mot    
15:18:54.199  DEBUG   [client]  <- read  st2mot     ret=0  data=['0xe8', '0x03']
15:18:54.396  DEBUG   [client]  -> read  st2mot    
15:18:54.399  DEBUG   [client]  <- read  st2mot     ret=0  data=['0x01', '0x04']
15:18:54.596  DEBUG   [client]  -> read  st2mot    
15:18:54.599  DEBUG   [client]  <- read  st2mot     ret=0  data=['0xe8', '0x03']
15:18:54.796  DEBUG   [client]  -> read  st2mot    
15:18:54.799  DEBUG   [client]  <- read  st2mot     ret=0  data=['0xe8', '0x03']
15:18:54.996  DEBUG   [client]  -> read  st2mot    
15:18:54.999  DEBUG   [client]  <- read  st2mot     ret=0  data=['0xe8', '0x03']
15:18:55.001  DEBUG   [client]  -> read  st0cur    
15:18:55.005  DEBUG   [client]  <- read  st0cur     ret=0  data=['0xf5', '0x01', '0xf5', '0x01']
15:18:55.055  DEBUG   [poll]    -> read  st2mot    
15:18:55.058  DEBUG   [poll]    <- read  st2mot     ret=0  data=['0xe8', '0x03']
15:18:55.058  DEBUG   [poll]    -> read  st0cur    
15:18:55.063  DEBUG   [poll]    <- read  st0cur     ret=0  data=['0xf5', '0x01', '0xf5', '0x01']
15:18:55.195  DEBUG   [client]  -> read  st2mot    
15:18:55.199  DEBUG   [client]  <- read  st2mot     ret=0  data=['0xe8', '0x03']
15:18:55.396  DEBUG   [client]  -> read  st2mot    
15:18:55.399  DEBUG   [client]  <- read  st2mot     ret=0  data=['0xe8', '0x03']
15:18:55.596  DEBUG   [client]  -> read  st2mot    
15:18:55.599  DEBUG   [client]  <- read  st2mot     ret=0  data=['0xe8', '0x03']
15:18:55.796  DEBUG   [client]  -> read  st2mot    
15:18:55.799  DEBUG   [client]  <- read  st2mot     ret=0  data=['0x01', '0x04']
15:18:55.996  DEBUG   [client]  -> read  st2mot    
15:18:55.999  DEBUG   [client]  <- read  st2mot     ret=0  data=['0xcf', '0x03']
15:18:56.001  DEBUG   [client]  -> read  st0cur    
15:18:56.005  DEBUG   [client]  <- read  st0cur     ret=0  data=['0xf5', '0x01', '0xf4', '0x01']
15:18:56.064  DEBUG   [poll]    -> read  st2mot    
15:18:56.068  DEBUG   [poll]    <- read  st2mot     ret=0  data=['0x01', '0x04']
15:18:56.068  DEBUG   [poll]    -> read  st0cur    
15:18:56.072  DEBUG   [poll]    <- read  st0cur     ret=0  data=['0xf5', '0x01', '0xf4', '0x01']
15:18:56.196  DEBUG   [client]  -> read  st2mot    
15:18:56.199  DEBUG   [client]  <- read  st2mot     ret=0  data=['0x1a', '0x04']
15:18:56.396  DEBUG   [client]  -> read  st2mot    
15:18:56.399  DEBUG   [client]  <- read  st2mot     ret=0  data=['0xcf', '0x03']
15:18:56.596  DEBUG   [client]  -> read  st2mot    
15:18:56.599  DEBUG   [client]  <- read  st2mot     ret=0  data=['0xe8', '0x03']
15:18:56.796  DEBUG   [client]  -> read  st2mot    
15:18:56.799  DEBUG   [client]  <- read  st2mot     ret=0  data=['0xe8', '0x03']
15:18:56.801  DEBUG   [client]  -> write cntl3mot   data=['0x00', '0x00']
15:18:56.805  WARNING client disconnected — stopping motor
15:18:56.806  DEBUG   [client]  -> write cntl3mot   data=['0x00', '0x00']
15:18:56.810  INFO    client disconnected
15:18:57.074  DEBUG   [poll]    -> read  st2mot    
15:18:57.077  DEBUG   [poll]    <- read  st2mot     ret=0  data=['0x96', '0x00']
15:18:57.077  DEBUG   [poll]    -> read  st0cur    
15:18:57.081  DEBUG   [poll]    <- read  st0cur     ret=0  data=['0xf6', '0x01', '0xf6', '0x01']
15:18:58.082  DEBUG   [poll]    -> read  st2mot    
15:18:58.086  DEBUG   [poll]    <- read  st2mot     ret=0  data=['0x00', '0x00']
15:18:58.086  DEBUG   [poll]    -> read  st0cur    
15:18:58.090  DEBUG   [poll]    <- read  st0cur     ret=0  data=['0x01', '0x02', '0x00', '0x02']
