12:37:43.822  INFO    === watchdog.py — LIVE bus ===
12:37:43.843  INFO    listening on /tmp/motorwatchdog.sock
12:37:44.844  DEBUG   [poll]    -> read  st2mot    
12:37:44.848  DEBUG   [poll]    <- read  st2mot     ret=0  data=['0x00', '0x00']
12:37:44.848  DEBUG   [poll]    -> read  st0cur    
12:37:44.853  DEBUG   [poll]    <- read  st0cur     ret=0  data=['0xfe', '0x01', '0x01', '0x02']
12:37:45.854  DEBUG   [poll]    -> read  st2mot    
12:37:45.858  DEBUG   [poll]    <- read  st2mot     ret=0  data=['0x00', '0x00']
12:37:45.858  DEBUG   [poll]    -> read  st0cur    
12:37:45.862  DEBUG   [poll]    <- read  st0cur     ret=0  data=['0xfe', '0x01', '0x01', '0x02']
12:37:46.864  DEBUG   [poll]    -> read  st2mot    
12:37:46.867  DEBUG   [poll]    <- read  st2mot     ret=0  data=['0x00', '0x00']
12:37:46.868  DEBUG   [poll]    -> read  st0cur    
12:37:46.872  DEBUG   [poll]    <- read  st0cur     ret=0  data=['0xfe', '0x01', '0x01', '0x02']
12:37:47.873  DEBUG   [poll]    -> read  st2mot    
12:37:47.877  DEBUG   [poll]    <- read  st2mot     ret=0  data=['0x00', '0x00']
12:37:47.877  DEBUG   [poll]    -> read  st0cur    
12:37:47.881  DEBUG   [poll]    <- read  st0cur     ret=0  data=['0xfe', '0x01', '0x01', '0x02']
12:37:48.883  DEBUG   [poll]    -> read  st2mot    
12:37:48.886  DEBUG   [poll]    <- read  st2mot     ret=0  data=['0x00', '0x00']
12:37:48.887  DEBUG   [poll]    -> read  st0cur    
12:37:48.891  DEBUG   [poll]    <- read  st0cur     ret=0  data=['0xfe', '0x01', '0x01', '0x02']
12:37:49.893  DEBUG   [poll]    -> read  st2mot    
12:37:49.896  DEBUG   [poll]    <- read  st2mot     ret=0  data=['0x00', '0x00']
12:37:49.896  DEBUG   [poll]    -> read  st0cur    
12:37:49.901  DEBUG   [poll]    <- read  st0cur     ret=0  data=['0xfe', '0x01', '0x01', '0x02']
12:37:50.902  DEBUG   [poll]    -> read  st2mot    
12:37:50.905  DEBUG   [poll]    <- read  st2mot     ret=0  data=['0x00', '0x00']
12:37:50.906  DEBUG   [poll]    -> read  st0cur    
12:37:50.911  DEBUG   [poll]    <- read  st0cur     ret=0  data=['0xfe', '0x01', '0x01', '0x02']
12:37:51.912  DEBUG   [poll]    -> read  st2mot    
12:37:51.915  DEBUG   [poll]    <- read  st2mot     ret=0  data=['0x00', '0x00']
12:37:51.916  DEBUG   [poll]    -> read  st0cur    
12:37:51.920  DEBUG   [poll]    <- read  st0cur     ret=0  data=['0xfe', '0x01', '0x01', '0x02']
12:37:52.921  DEBUG   [poll]    -> read  st2mot    
12:37:52.925  DEBUG   [poll]    <- read  st2mot     ret=0  data=['0x00', '0x00']
12:37:52.925  DEBUG   [poll]    -> read  st0cur    
12:37:52.929  DEBUG   [poll]    <- read  st0cur     ret=0  data=['0xfe', '0x01', '0x01', '0x02']
12:37:53.931  DEBUG   [poll]    -> read  st2mot    
12:37:53.934  DEBUG   [poll]    <- read  st2mot     ret=0  data=['0x00', '0x00']
12:37:53.935  DEBUG   [poll]    -> read  st0cur    
12:37:53.939  DEBUG   [poll]    <- read  st0cur     ret=0  data=['0xfe', '0x01', '0x01', '0x02']
12:37:54.940  DEBUG   [poll]    -> read  st2mot    
12:37:54.944  DEBUG   [poll]    <- read  st2mot     ret=0  data=['0x00', '0x00']
12:37:54.944  DEBUG   [poll]    -> read  st0cur    
12:37:54.948  DEBUG   [poll]    <- read  st0cur     ret=0  data=['0xfe', '0x01', '0x01', '0x02']
12:37:55.950  DEBUG   [poll]    -> read  st2mot    
12:37:55.953  DEBUG   [poll]    <- read  st2mot     ret=0  data=['0x00', '0x00']
12:37:55.954  DEBUG   [poll]    -> read  st0cur    
12:37:55.958  DEBUG   [poll]    <- read  st0cur     ret=0  data=['0xfe', '0x01', '0x01', '0x02']
12:37:56.959  DEBUG   [poll]    -> read  st2mot    
12:37:56.963  DEBUG   [poll]    <- read  st2mot     ret=0  data=['0x00', '0x00']
12:37:56.963  DEBUG   [poll]    -> read  st0cur    
12:37:56.968  DEBUG   [poll]    <- read  st0cur     ret=0  data=['0xfe', '0x01', '0x01', '0x02']
12:37:57.969  DEBUG   [poll]    -> read  st2mot    
12:37:57.972  DEBUG   [poll]    <- read  st2mot     ret=0  data=['0x00', '0x00']
12:37:57.973  DEBUG   [poll]    -> read  st0cur    
12:37:57.977  DEBUG   [poll]    <- read  st0cur     ret=0  data=['0xfe', '0x01', '0x01', '0x02']
12:37:58.978  DEBUG   [poll]    -> read  st2mot    
12:37:58.982  DEBUG   [poll]    <- read  st2mot     ret=0  data=['0x00', '0x00']
12:37:58.982  DEBUG   [poll]    -> read  st0cur    
12:37:58.986  DEBUG   [poll]    <- read  st0cur     ret=0  data=['0xfe', '0x01', '0x01', '0x02']
12:37:59.988  DEBUG   [poll]    -> read  st2mot    
12:37:59.991  DEBUG   [poll]    <- read  st2mot     ret=0  data=['0x00', '0x00']
12:37:59.992  DEBUG   [poll]    -> read  st0cur    
12:37:59.996  DEBUG   [poll]    <- read  st0cur     ret=0  data=['0xfe', '0x01', '0x01', '0x02']
12:38:00.997  DEBUG   [poll]    -> read  st2mot    
12:38:01.001  DEBUG   [poll]    <- read  st2mot     ret=0  data=['0x00', '0x00']
12:38:01.001  DEBUG   [poll]    -> read  st0cur    
12:38:01.005  DEBUG   [poll]    <- read  st0cur     ret=0  data=['0xfe', '0x01', '0x01', '0x02']
12:38:02.007  DEBUG   [poll]    -> read  st2mot    
12:38:02.010  DEBUG   [poll]    <- read  st2mot     ret=0  data=['0x00', '0x00']
12:38:02.011  DEBUG   [poll]    -> read  st0cur    
12:38:02.015  DEBUG   [poll]    <- read  st0cur     ret=0  data=['0xfe', '0x01', '0x01', '0x02']
12:38:03.017  DEBUG   [poll]    -> read  st2mot    
12:38:03.020  DEBUG   [poll]    <- read  st2mot     ret=0  data=['0x00', '0x00']
12:38:03.021  DEBUG   [poll]    -> read  st0cur    
12:38:03.025  DEBUG   [poll]    <- read  st0cur     ret=0  data=['0xfe', '0x01', '0x01', '0x02']
12:38:04.026  DEBUG   [poll]    -> read  st2mot    
12:38:04.030  DEBUG   [poll]    <- read  st2mot     ret=0  data=['0x00', '0x00']
12:38:04.030  DEBUG   [poll]    -> read  st0cur    
12:38:04.035  DEBUG   [poll]    <- read  st0cur     ret=0  data=['0xfe', '0x01', '0x01', '0x02']
12:38:05.036  DEBUG   [poll]    -> read  st2mot    
12:38:05.040  DEBUG   [poll]    <- read  st2mot     ret=0  data=['0x00', '0x00']
12:38:05.040  DEBUG   [poll]    -> read  st0cur    
12:38:05.044  DEBUG   [poll]    <- read  st0cur     ret=0  data=['0xfd', '0x01', '0x01', '0x02']
12:38:06.046  DEBUG   [poll]    -> read  st2mot    
12:38:06.049  DEBUG   [poll]    <- read  st2mot     ret=0  data=['0x00', '0x00']
12:38:06.049  DEBUG   [poll]    -> read  st0cur    
12:38:06.054  DEBUG   [poll]    <- read  st0cur     ret=0  data=['0xfe', '0x01', '0x01', '0x02']
12:38:07.055  DEBUG   [poll]    -> read  st2mot    
12:38:07.059  DEBUG   [poll]    <- read  st2mot     ret=0  data=['0x00', '0x00']
12:38:07.059  DEBUG   [poll]    -> read  st0cur    
12:38:07.063  DEBUG   [poll]    <- read  st0cur     ret=0  data=['0xfe', '0x01', '0x01', '0x02']
12:38:08.065  DEBUG   [poll]    -> read  st2mot    
12:38:08.068  DEBUG   [poll]    <- read  st2mot     ret=0  data=['0x00', '0x00']
12:38:08.070  DEBUG   [poll]    -> read  st0cur    
12:38:08.075  DEBUG   [poll]    <- read  st0cur     ret=0  data=['0xfe', '0x01', '0x01', '0x02']
12:38:09.076  DEBUG   [poll]    -> read  st2mot    
12:38:09.080  DEBUG   [poll]    <- read  st2mot     ret=0  data=['0x00', '0x00']
12:38:09.080  DEBUG   [poll]    -> read  st0cur    
12:38:09.084  DEBUG   [poll]    <- read  st0cur     ret=0  data=['0xfe', '0x01', '0x01', '0x02']
12:38:10.086  DEBUG   [poll]    -> read  st2mot    
12:38:10.089  DEBUG   [poll]    <- read  st2mot     ret=0  data=['0x00', '0x00']
12:38:10.090  DEBUG   [poll]    -> read  st0cur    
12:38:10.094  DEBUG   [poll]    <- read  st0cur     ret=0  data=['0xfe', '0x01', '0x01', '0x02']
12:38:11.095  DEBUG   [poll]    -> read  st2mot    
12:38:11.099  DEBUG   [poll]    <- read  st2mot     ret=0  data=['0x00', '0x00']
12:38:11.099  DEBUG   [poll]    -> read  st0cur    
12:38:11.103  DEBUG   [poll]    <- read  st0cur     ret=0  data=['0xfe', '0x01', '0x01', '0x02']
12:38:12.105  DEBUG   [poll]    -> read  st2mot    
12:38:12.108  DEBUG   [poll]    <- read  st2mot     ret=0  data=['0x00', '0x00']
12:38:12.109  DEBUG   [poll]    -> read  st0cur    
12:38:12.113  DEBUG   [poll]    <- read  st0cur     ret=0  data=['0xfe', '0x01', '0x01', '0x02']
12:38:13.114  DEBUG   [poll]    -> read  st2mot    
12:38:13.118  DEBUG   [poll]    <- read  st2mot     ret=0  data=['0x00', '0x00']
12:38:13.118  DEBUG   [poll]    -> read  st0cur    
12:38:13.123  DEBUG   [poll]    <- read  st0cur     ret=0  data=['0xfe', '0x01', '0x01', '0x02']
12:38:14.124  DEBUG   [poll]    -> read  st2mot    
12:38:14.128  DEBUG   [poll]    <- read  st2mot     ret=0  data=['0x00', '0x00']
12:38:14.128  DEBUG   [poll]    -> read  st0cur    
12:38:14.132  DEBUG   [poll]    <- read  st0cur     ret=0  data=['0xfe', '0x01', '0x01', '0x02']
12:38:15.134  DEBUG   [poll]    -> read  st2mot    
12:38:15.137  DEBUG   [poll]    <- read  st2mot     ret=0  data=['0x00', '0x00']
12:38:15.138  DEBUG   [poll]    -> read  st0cur    
12:38:15.142  DEBUG   [poll]    <- read  st0cur     ret=0  data=['0xfe', '0x01', '0x01', '0x02']
12:38:16.144  DEBUG   [poll]    -> read  st2mot    
12:38:16.147  DEBUG   [poll]    <- read  st2mot     ret=0  data=['0x00', '0x00']
12:38:16.147  DEBUG   [poll]    -> read  st0cur    
12:38:16.152  DEBUG   [poll]    <- read  st0cur     ret=0  data=['0xfe', '0x01', '0x01', '0x02']
12:38:17.153  DEBUG   [poll]    -> read  st2mot    
12:38:17.157  DEBUG   [poll]    <- read  st2mot     ret=0  data=['0x00', '0x00']
12:38:17.157  DEBUG   [poll]    -> read  st0cur    
12:38:17.161  DEBUG   [poll]    <- read  st0cur     ret=0  data=['0xfe', '0x01', '0x01', '0x02']
12:38:18.163  DEBUG   [poll]    -> read  st2mot    
12:38:18.166  DEBUG   [poll]    <- read  st2mot     ret=0  data=['0x00', '0x00']
12:38:18.169  DEBUG   [poll]    -> read  st0cur    
12:38:18.173  DEBUG   [poll]    <- read  st0cur     ret=0  data=['0xfe', '0x01', '0x01', '0x02']
12:38:19.175  DEBUG   [poll]    -> read  st2mot    
12:38:19.178  DEBUG   [poll]    <- read  st2mot     ret=0  data=['0x00', '0x00']
12:38:19.178  DEBUG   [poll]    -> read  st0cur    
12:38:19.182  DEBUG   [poll]    <- read  st0cur     ret=0  data=['0xfe', '0x01', '0x01', '0x02']
12:38:20.183  DEBUG   [poll]    -> read  st2mot    
12:38:20.187  DEBUG   [poll]    <- read  st2mot     ret=0  data=['0x00', '0x00']
12:38:20.187  DEBUG   [poll]    -> read  st0cur    
12:38:20.191  DEBUG   [poll]    <- read  st0cur     ret=0  data=['0xfe', '0x01', '0x01', '0x02']
12:38:21.193  DEBUG   [poll]    -> read  st2mot    
12:38:21.196  DEBUG   [poll]    <- read  st2mot     ret=0  data=['0x00', '0x00']
12:38:21.196  DEBUG   [poll]    -> read  st0cur    
12:38:21.201  DEBUG   [poll]    <- read  st0cur     ret=0  data=['0xfe', '0x01', '0x01', '0x02']
12:38:22.202  DEBUG   [poll]    -> read  st2mot    
12:38:22.205  DEBUG   [poll]    <- read  st2mot     ret=0  data=['0x00', '0x00']
12:38:22.206  DEBUG   [poll]    -> read  st0cur    
12:38:22.210  DEBUG   [poll]    <- read  st0cur     ret=0  data=['0xfe', '0x01', '0x01', '0x02']
12:38:23.212  DEBUG   [poll]    -> read  st2mot    
12:38:23.215  DEBUG   [poll]    <- read  st2mot     ret=0  data=['0x00', '0x00']
12:38:23.217  DEBUG   [poll]    -> read  st0cur    
12:38:23.221  DEBUG   [poll]    <- read  st0cur     ret=0  data=['0xfe', '0x01', '0x01', '0x02']
12:38:24.223  DEBUG   [poll]    -> read  st2mot    
12:38:24.226  DEBUG   [poll]    <- read  st2mot     ret=0  data=['0x00', '0x00']
12:38:24.226  DEBUG   [poll]    -> read  st0cur    
12:38:24.231  DEBUG   [poll]    <- read  st0cur     ret=0  data=['0xfe', '0x01', '0x01', '0x02']
12:38:25.232  DEBUG   [poll]    -> read  st2mot    
12:38:25.236  DEBUG   [poll]    <- read  st2mot     ret=0  data=['0x00', '0x00']
12:38:25.236  DEBUG   [poll]    -> read  st0cur    
12:38:25.240  DEBUG   [poll]    <- read  st0cur     ret=0  data=['0xfe', '0x01', '0x01', '0x02']
12:38:26.242  DEBUG   [poll]    -> read  st2mot    
12:38:26.245  DEBUG   [poll]    <- read  st2mot     ret=0  data=['0x00', '0x00']
12:38:26.246  DEBUG   [poll]    -> read  st0cur    
12:38:26.250  DEBUG   [poll]    <- read  st0cur     ret=0  data=['0xfe', '0x01', '0x01', '0x02']
12:38:27.251  DEBUG   [poll]    -> read  st2mot    
12:38:27.255  DEBUG   [poll]    <- read  st2mot     ret=0  data=['0x00', '0x00']
12:38:27.255  DEBUG   [poll]    -> read  st0cur    
12:38:27.259  DEBUG   [poll]    <- read  st0cur     ret=0  data=['0xfe', '0x01', '0x01', '0x02']
12:38:28.261  DEBUG   [poll]    -> read  st2mot    
12:38:28.264  DEBUG   [poll]    <- read  st2mot     ret=0  data=['0x00', '0x00']
12:38:28.265  DEBUG   [poll]    -> read  st0cur    
12:38:28.269  DEBUG   [poll]    <- read  st0cur     ret=0  data=['0xfe', '0x01', '0x01', '0x02']
12:38:29.271  DEBUG   [poll]    -> read  st2mot    
12:38:29.274  DEBUG   [poll]    <- read  st2mot     ret=0  data=['0x00', '0x00']
12:38:29.274  DEBUG   [poll]    -> read  st0cur    
12:38:29.279  DEBUG   [poll]    <- read  st0cur     ret=0  data=['0xfe', '0x01', '0x01', '0x02']
12:38:30.280  DEBUG   [poll]    -> read  st2mot    
12:38:30.284  DEBUG   [poll]    <- read  st2mot     ret=0  data=['0x00', '0x00']
12:38:30.284  DEBUG   [poll]    -> read  st0cur    
12:38:30.288  DEBUG   [poll]    <- read  st0cur     ret=0  data=['0xfe', '0x01', '0x01', '0x02']
12:38:31.290  DEBUG   [poll]    -> read  st2mot    
12:38:31.293  DEBUG   [poll]    <- read  st2mot     ret=0  data=['0x00', '0x00']
12:38:31.293  DEBUG   [poll]    -> read  st0cur    
12:38:31.298  DEBUG   [poll]    <- read  st0cur     ret=0  data=['0xfe', '0x01', '0x01', '0x02']
12:38:32.299  DEBUG   [poll]    -> read  st2mot    
12:38:32.302  DEBUG   [poll]    <- read  st2mot     ret=0  data=['0x00', '0x00']
12:38:32.303  DEBUG   [poll]    -> read  st0cur    
12:38:32.307  DEBUG   [poll]    <- read  st0cur     ret=0  data=['0xfe', '0x01', '0x01', '0x02']
12:38:33.308  DEBUG   [poll]    -> read  st2mot    
12:38:33.312  DEBUG   [poll]    <- read  st2mot     ret=0  data=['0x00', '0x00']
12:38:33.312  DEBUG   [poll]    -> read  st0cur    
12:38:33.316  DEBUG   [poll]    <- read  st0cur     ret=0  data=['0xfe', '0x01', '0x01', '0x02']
12:38:34.318  DEBUG   [poll]    -> read  st2mot    
12:38:34.321  DEBUG   [poll]    <- read  st2mot     ret=0  data=['0x00', '0x00']
12:38:34.322  DEBUG   [poll]    -> read  st0cur    
12:38:34.326  DEBUG   [poll]    <- read  st0cur     ret=0  data=['0xfe', '0x01', '0x01', '0x02']
12:38:35.328  DEBUG   [poll]    -> read  st2mot    
12:38:35.331  DEBUG   [poll]    <- read  st2mot     ret=0  data=['0x00', '0x00']
12:38:35.331  DEBUG   [poll]    -> read  st0cur    
12:38:35.336  DEBUG   [poll]    <- read  st0cur     ret=0  data=['0xfe', '0x01', '0x01', '0x02']
12:38:36.337  DEBUG   [poll]    -> read  st2mot    
12:38:36.341  DEBUG   [poll]    <- read  st2mot     ret=0  data=['0x00', '0x00']
12:38:36.341  DEBUG   [poll]    -> read  st0cur    
12:38:36.345  DEBUG   [poll]    <- read  st0cur     ret=0  data=['0xfe', '0x01', '0x01', '0x02']
12:38:37.347  DEBUG   [poll]    -> read  st2mot    
12:38:37.350  DEBUG   [poll]    <- read  st2mot     ret=0  data=['0x00', '0x00']
12:38:37.350  DEBUG   [poll]    -> read  st0cur    
12:38:37.355  DEBUG   [poll]    <- read  st0cur     ret=0  data=['0xfe', '0x01', '0x01', '0x02']
12:38:38.356  DEBUG   [poll]    -> read  st2mot    
12:38:38.360  DEBUG   [poll]    <- read  st2mot     ret=0  data=['0x00', '0x00']
12:38:38.360  DEBUG   [poll]    -> read  st0cur    
12:38:38.364  DEBUG   [poll]    <- read  st0cur     ret=0  data=['0xfe', '0x01', '0x01', '0x02']
12:38:39.366  DEBUG   [poll]    -> read  st2mot    
12:38:39.369  DEBUG   [poll]    <- read  st2mot     ret=0  data=['0x00', '0x00']
12:38:39.369  DEBUG   [poll]    -> read  st0cur    
12:38:39.374  DEBUG   [poll]    <- read  st0cur     ret=0  data=['0xfe', '0x01', '0x01', '0x02']
12:38:40.375  DEBUG   [poll]    -> read  st2mot    
12:38:40.379  DEBUG   [poll]    <- read  st2mot     ret=0  data=['0x00', '0x00']
12:38:40.379  DEBUG   [poll]    -> read  st0cur    
12:38:40.383  DEBUG   [poll]    <- read  st0cur     ret=0  data=['0xfe', '0x01', '0x01', '0x02']
12:38:41.385  DEBUG   [poll]    -> read  st2mot    
12:38:41.388  DEBUG   [poll]    <- read  st2mot     ret=0  data=['0x00', '0x00']
12:38:41.388  DEBUG   [poll]    -> read  st0cur    
12:38:41.393  DEBUG   [poll]    <- read  st0cur     ret=0  data=['0xfe', '0x01', '0x01', '0x02']
12:38:42.394  DEBUG   [poll]    -> read  st2mot    
12:38:42.398  DEBUG   [poll]    <- read  st2mot     ret=0  data=['0x00', '0x00']
12:38:42.398  DEBUG   [poll]    -> read  st0cur    
12:38:42.402  DEBUG   [poll]    <- read  st0cur     ret=0  data=['0xfe', '0x01', '0x01', '0x02']
12:38:43.404  DEBUG   [poll]    -> read  st2mot    
12:38:43.407  DEBUG   [poll]    <- read  st2mot     ret=0  data=['0x00', '0x00']
12:38:43.409  DEBUG   [poll]    -> read  st0cur    
12:38:43.413  DEBUG   [poll]    <- read  st0cur     ret=0  data=['0xfe', '0x01', '0x01', '0x02']
12:38:44.415  DEBUG   [poll]    -> read  st2mot    
12:38:44.418  DEBUG   [poll]    <- read  st2mot     ret=0  data=['0x00', '0x00']
12:38:44.418  DEBUG   [poll]    -> read  st0cur    
12:38:44.423  DEBUG   [poll]    <- read  st0cur     ret=0  data=['0xfe', '0x01', '0x01', '0x02']
12:38:45.424  DEBUG   [poll]    -> read  st2mot    
12:38:45.427  DEBUG   [poll]    <- read  st2mot     ret=0  data=['0x00', '0x00']
12:38:45.428  DEBUG   [poll]    -> read  st0cur    
12:38:45.432  DEBUG   [poll]    <- read  st0cur     ret=0  data=['0xfe', '0x01', '0x01', '0x02']
12:38:46.434  DEBUG   [poll]    -> read  st2mot    
12:38:46.437  DEBUG   [poll]    <- read  st2mot     ret=0  data=['0x00', '0x00']
12:38:46.437  DEBUG   [poll]    -> read  st0cur    
12:38:46.441  DEBUG   [poll]    <- read  st0cur     ret=0  data=['0xfe', '0x01', '0x01', '0x02']
12:38:47.443  DEBUG   [poll]    -> read  st2mot    
12:38:47.446  DEBUG   [poll]    <- read  st2mot     ret=0  data=['0x00', '0x00']
12:38:47.447  DEBUG   [poll]    -> read  st0cur    
12:38:47.451  DEBUG   [poll]    <- read  st0cur     ret=0  data=['0xfe', '0x01', '0x01', '0x02']
12:38:48.453  DEBUG   [poll]    -> read  st2mot    
12:38:48.456  DEBUG   [poll]    <- read  st2mot     ret=0  data=['0x00', '0x00']
12:38:48.456  DEBUG   [poll]    -> read  st0cur    
12:38:48.461  DEBUG   [poll]    <- read  st0cur     ret=0  data=['0xfe', '0x01', '0x01', '0x02']
12:38:49.462  DEBUG   [poll]    -> read  st2mot    
12:38:49.465  DEBUG   [poll]    <- read  st2mot     ret=0  data=['0x00', '0x00']
12:38:49.466  DEBUG   [poll]    -> read  st0cur    
12:38:49.470  DEBUG   [poll]    <- read  st0cur     ret=0  data=['0xfe', '0x01', '0x01', '0x02']
12:38:50.472  DEBUG   [poll]    -> read  st2mot    
12:38:50.475  DEBUG   [poll]    <- read  st2mot     ret=0  data=['0x00', '0x00']
12:38:50.475  DEBUG   [poll]    -> read  st0cur    
12:38:50.480  DEBUG   [poll]    <- read  st0cur     ret=0  data=['0xfe', '0x01', '0x01', '0x02']
12:38:51.481  DEBUG   [poll]    -> read  st2mot    
12:38:51.484  DEBUG   [poll]    <- read  st2mot     ret=0  data=['0x00', '0x00']
12:38:51.485  DEBUG   [poll]    -> read  st0cur    
12:38:51.489  DEBUG   [poll]    <- read  st0cur     ret=0  data=['0xfe', '0x01', '0x01', '0x02']
12:38:52.491  DEBUG   [poll]    -> read  st2mot    
12:38:52.494  DEBUG   [poll]    <- read  st2mot     ret=0  data=['0x00', '0x00']
12:38:52.494  DEBUG   [poll]    -> read  st0cur    
12:38:52.498  DEBUG   [poll]    <- read  st0cur     ret=0  data=['0xfe', '0x01', '0x01', '0x02']
12:38:53.500  DEBUG   [poll]    -> read  st2mot    
12:38:53.503  DEBUG   [poll]    <- read  st2mot     ret=0  data=['0x00', '0x00']
12:38:53.504  DEBUG   [poll]    -> read  st0cur    
12:38:53.508  DEBUG   [poll]    <- read  st0cur     ret=0  data=['0xfe', '0x01', '0x01', '0x02']
12:38:54.510  DEBUG   [poll]    -> read  st2mot    
12:38:54.513  DEBUG   [poll]    <- read  st2mot     ret=0  data=['0x00', '0x00']
12:38:54.514  DEBUG   [poll]    -> read  st0cur    
12:38:54.518  DEBUG   [poll]    <- read  st0cur     ret=0  data=['0xfe', '0x01', '0x01', '0x02']
12:38:55.519  DEBUG   [poll]    -> read  st2mot    
12:38:55.523  DEBUG   [poll]    <- read  st2mot     ret=0  data=['0x00', '0x00']
12:38:55.523  DEBUG   [poll]    -> read  st0cur    
12:38:55.527  DEBUG   [poll]    <- read  st0cur     ret=0  data=['0xfe', '0x01', '0x01', '0x02']
12:38:56.529  DEBUG   [poll]    -> read  st2mot    
12:38:56.532  DEBUG   [poll]    <- read  st2mot     ret=0  data=['0x00', '0x00']
12:38:56.533  DEBUG   [poll]    -> read  st0cur    
12:38:56.537  DEBUG   [poll]    <- read  st0cur     ret=0  data=['0xfe', '0x01', '0x01', '0x02']
12:38:57.538  DEBUG   [poll]    -> read  st2mot    
12:38:57.542  DEBUG   [poll]    <- read  st2mot     ret=0  data=['0x00', '0x00']
12:38:57.542  DEBUG   [poll]    -> read  st0cur    
12:38:57.546  DEBUG   [poll]    <- read  st0cur     ret=0  data=['0xfe', '0x01', '0x01', '0x02']
12:38:58.548  DEBUG   [poll]    -> read  st2mot    
12:38:58.551  DEBUG   [poll]    <- read  st2mot     ret=0  data=['0x00', '0x00']
12:38:58.552  DEBUG   [poll]    -> read  st0cur    
12:38:58.556  DEBUG   [poll]    <- read  st0cur     ret=0  data=['0xfe', '0x01', '0x01', '0x02']
12:38:59.557  DEBUG   [poll]    -> read  st2mot    
12:38:59.561  DEBUG   [poll]    <- read  st2mot     ret=0  data=['0x00', '0x00']
12:38:59.561  DEBUG   [poll]    -> read  st0cur    
12:38:59.565  DEBUG   [poll]    <- read  st0cur     ret=0  data=['0xfe', '0x01', '0x01', '0x02']
12:39:00.567  DEBUG   [poll]    -> read  st2mot    
12:39:00.570  DEBUG   [poll]    <- read  st2mot     ret=0  data=['0x00', '0x00']
12:39:00.571  DEBUG   [poll]    -> read  st0cur    
12:39:00.575  DEBUG   [poll]    <- read  st0cur     ret=0  data=['0xfe', '0x01', '0x01', '0x02']
12:39:01.576  DEBUG   [poll]    -> read  st2mot    
12:39:01.580  DEBUG   [poll]    <- read  st2mot     ret=0  data=['0x00', '0x00']
12:39:01.580  DEBUG   [poll]    -> read  st0cur    
12:39:01.584  DEBUG   [poll]    <- read  st0cur     ret=0  data=['0xfe', '0x01', '0x01', '0x02']
12:39:02.586  DEBUG   [poll]    -> read  st2mot    
12:39:02.589  DEBUG   [poll]    <- read  st2mot     ret=0  data=['0x00', '0x00']
12:39:02.590  DEBUG   [poll]    -> read  st0cur    
12:39:02.594  DEBUG   [poll]    <- read  st0cur     ret=0  data=['0xfe', '0x01', '0x00', '0x02']
12:39:02.748  INFO    client connected
12:39:02.749  DEBUG   [client]  -> write cntl0mot   data=['0xf8', '0xfd']
12:39:02.752  DEBUG   [client]  -> write cntl3mot   data=['0x00', '0x00']
12:39:02.756  DEBUG   [client]  -> write cntl3mot   data=['0x03', '0xe8']
12:39:02.759  DEBUG   [client]  -> read  st2mot    
12:39:02.762  DEBUG   [client]  <- read  st2mot     ret=0  data=['0x00', '0x00']
12:39:02.763  DEBUG   [client]  -> read  st0cur    
12:39:02.767  DEBUG   [client]  <- read  st0cur     ret=0  data=['0xfe', '0x01', '0x00', '0x02']
12:39:02.960  DEBUG   [client]  -> read  st2mot    
12:39:02.963  DEBUG   [client]  <- read  st2mot     ret=0  data=['0x00', '0x00']
12:39:03.160  DEBUG   [client]  -> read  st2mot    
12:39:03.163  DEBUG   [client]  <- read  st2mot     ret=0  data=['0x19', '0x00']
12:39:03.360  DEBUG   [client]  -> read  st2mot    
12:39:03.363  DEBUG   [client]  <- read  st2mot     ret=0  data=['0x07', '0x03']
12:39:03.560  DEBUG   [client]  -> read  st2mot    
12:39:03.569  DEBUG   [client]  <- read  st2mot     ret=0  data=['0x4c', '0x04']
12:39:03.595  DEBUG   [poll]    -> read  st2mot    
12:39:03.599  DEBUG   [poll]    <- read  st2mot     ret=0  data=['0x4c', '0x04']
12:39:03.599  DEBUG   [poll]    -> read  st0cur    
12:39:03.603  DEBUG   [poll]    <- read  st0cur     ret=0  data=['0xfd', '0x01', '0x00', '0x02']
12:39:03.760  DEBUG   [client]  -> read  st2mot    
12:39:03.763  DEBUG   [client]  <- read  st2mot     ret=0  data=['0x33', '0x04']
12:39:03.765  DEBUG   [client]  -> read  st0cur    
12:39:03.769  DEBUG   [client]  <- read  st0cur     ret=0  data=['0xfd', '0x01', '0x00', '0x02']
12:39:03.960  DEBUG   [client]  -> read  st2mot    
12:39:03.964  DEBUG   [client]  <- read  st2mot     ret=0  data=['0x01', '0x04']
12:39:04.160  DEBUG   [client]  -> read  st2mot    
12:39:04.164  DEBUG   [client]  <- read  st2mot     ret=0  data=['0x01', '0x04']
12:39:04.360  DEBUG   [client]  -> read  st2mot    
12:39:04.364  DEBUG   [client]  <- read  st2mot     ret=0  data=['0xe8', '0x03']
12:39:04.560  DEBUG   [client]  -> read  st2mot    
12:39:04.564  DEBUG   [client]  <- read  st2mot     ret=0  data=['0xe8', '0x03']
12:39:04.605  DEBUG   [poll]    -> read  st2mot    
12:39:04.608  DEBUG   [poll]    <- read  st2mot     ret=0  data=['0xe8', '0x03']
12:39:04.609  DEBUG   [poll]    -> read  st0cur    
12:39:04.613  DEBUG   [poll]    <- read  st0cur     ret=0  data=['0xf3', '0x01', '0xf5', '0x01']
12:39:04.760  DEBUG   [client]  -> read  st2mot    
12:39:04.764  DEBUG   [client]  <- read  st2mot     ret=0  data=['0x01', '0x04']
12:39:04.765  DEBUG   [client]  -> read  st0cur    
12:39:04.770  DEBUG   [client]  <- read  st0cur     ret=0  data=['0xf3', '0x01', '0xf5', '0x01']
12:39:04.960  DEBUG   [client]  -> read  st2mot    
12:39:04.964  DEBUG   [client]  <- read  st2mot     ret=0  data=['0xe8', '0x03']
12:39:05.160  DEBUG   [client]  -> read  st2mot    
12:39:05.164  DEBUG   [client]  <- read  st2mot     ret=0  data=['0xcf', '0x03']
12:39:05.360  DEBUG   [client]  -> read  st2mot    
12:39:05.364  DEBUG   [client]  <- read  st2mot     ret=0  data=['0x01', '0x04']
12:39:05.560  DEBUG   [client]  -> read  st2mot    
12:39:05.564  DEBUG   [client]  <- read  st2mot     ret=0  data=['0xcf', '0x03']
12:39:05.615  DEBUG   [poll]    -> read  st2mot    
12:39:05.618  DEBUG   [poll]    <- read  st2mot     ret=0  data=['0xcf', '0x03']
12:39:05.618  DEBUG   [poll]    -> read  st0cur    
12:39:05.623  DEBUG   [poll]    <- read  st0cur     ret=0  data=['0xf6', '0x01', '0xf6', '0x01']
12:39:05.760  DEBUG   [client]  -> read  st2mot    
12:39:05.764  DEBUG   [client]  <- read  st2mot     ret=0  data=['0xe8', '0x03']
12:39:05.765  DEBUG   [client]  -> read  st0cur    
12:39:05.770  DEBUG   [client]  <- read  st0cur     ret=0  data=['0xf6', '0x01', '0xf6', '0x01']
12:39:05.960  DEBUG   [client]  -> read  st2mot    
12:39:05.964  DEBUG   [client]  <- read  st2mot     ret=0  data=['0xe8', '0x03']
12:39:06.160  DEBUG   [client]  -> read  st2mot    
12:39:06.164  DEBUG   [client]  <- read  st2mot     ret=0  data=['0xe8', '0x03']
12:39:06.360  DEBUG   [client]  -> read  st2mot    
12:39:06.364  DEBUG   [client]  <- read  st2mot     ret=0  data=['0xe8', '0x03']
12:39:06.560  DEBUG   [client]  -> read  st2mot    
12:39:06.564  DEBUG   [client]  <- read  st2mot     ret=0  data=['0xe8', '0x03']
12:39:06.624  DEBUG   [poll]    -> read  st2mot    
12:39:06.628  DEBUG   [poll]    <- read  st2mot     ret=0  data=['0xe8', '0x03']
12:39:06.628  DEBUG   [poll]    -> read  st0cur    
12:39:06.632  DEBUG   [poll]    <- read  st0cur     ret=0  data=['0xf4', '0x01', '0xf6', '0x01']
12:39:06.760  DEBUG   [client]  -> read  st2mot    
12:39:06.764  DEBUG   [client]  <- read  st2mot     ret=0  data=['0xe8', '0x03']
12:39:06.765  DEBUG   [client]  -> read  st0cur    
12:39:06.769  DEBUG   [client]  <- read  st0cur     ret=0  data=['0xf4', '0x01', '0xf6', '0x01']
12:39:06.960  DEBUG   [client]  -> read  st2mot    
12:39:06.964  DEBUG   [client]  <- read  st2mot     ret=0  data=['0xe8', '0x03']
12:39:07.160  DEBUG   [client]  -> read  st2mot    
12:39:07.164  DEBUG   [client]  <- read  st2mot     ret=0  data=['0xe8', '0x03']
12:39:07.360  DEBUG   [client]  -> read  st2mot    
12:39:07.364  DEBUG   [client]  <- read  st2mot     ret=0  data=['0xe8', '0x03']
12:39:07.560  DEBUG   [client]  -> read  st2mot    
12:39:07.564  DEBUG   [client]  <- read  st2mot     ret=0  data=['0xcf', '0x03']
12:39:07.634  DEBUG   [poll]    -> read  st2mot    
12:39:07.637  DEBUG   [poll]    <- read  st2mot     ret=0  data=['0xe8', '0x03']
12:39:07.638  DEBUG   [poll]    -> read  st0cur    
12:39:07.642  DEBUG   [poll]    <- read  st0cur     ret=0  data=['0xf6', '0x01', '0xf7', '0x01']
12:39:07.760  DEBUG   [client]  -> read  st2mot    
12:39:07.764  DEBUG   [client]  <- read  st2mot     ret=0  data=['0xe8', '0x03']
12:39:07.765  DEBUG   [client]  -> read  st0cur    
12:39:07.770  DEBUG   [client]  <- read  st0cur     ret=0  data=['0xf6', '0x01', '0xf7', '0x01']
12:39:07.960  DEBUG   [client]  -> read  st2mot    
12:39:07.964  DEBUG   [client]  <- read  st2mot     ret=0  data=['0xe8', '0x03']
12:39:08.160  DEBUG   [client]  -> read  st2mot    
12:39:08.164  DEBUG   [client]  <- read  st2mot     ret=0  data=['0xe8', '0x03']
12:39:08.360  DEBUG   [client]  -> read  st2mot    
12:39:08.364  DEBUG   [client]  <- read  st2mot     ret=0  data=['0xcf', '0x03']
12:39:08.560  DEBUG   [client]  -> read  st2mot    
12:39:08.564  DEBUG   [client]  <- read  st2mot     ret=0  data=['0x01', '0x04']
12:39:08.644  DEBUG   [poll]    -> read  st2mot    
12:39:08.647  DEBUG   [poll]    <- read  st2mot     ret=0  data=['0xe8', '0x03']
12:39:08.647  DEBUG   [poll]    -> read  st0cur    
12:39:08.652  DEBUG   [poll]    <- read  st0cur     ret=0  data=['0xf6', '0x01', '0xf6', '0x01']
12:39:08.760  DEBUG   [client]  -> read  st2mot    
12:39:08.764  DEBUG   [client]  <- read  st2mot     ret=0  data=['0xcf', '0x03']
12:39:08.765  DEBUG   [client]  -> read  st0cur    
12:39:08.770  DEBUG   [client]  <- read  st0cur     ret=0  data=['0xf6', '0x01', '0xf6', '0x01']
12:39:08.960  DEBUG   [client]  -> read  st2mot    
12:39:08.964  DEBUG   [client]  <- read  st2mot     ret=0  data=['0x01', '0x04']
12:39:09.160  DEBUG   [client]  -> read  st2mot    
12:39:09.164  DEBUG   [client]  <- read  st2mot     ret=0  data=['0xcf', '0x03']
12:39:09.360  DEBUG   [client]  -> read  st2mot    
12:39:09.364  DEBUG   [client]  <- read  st2mot     ret=0  data=['0x01', '0x04']
12:39:09.560  DEBUG   [client]  -> read  st2mot    
12:39:09.564  DEBUG   [client]  <- read  st2mot     ret=0  data=['0xe8', '0x03']
12:39:09.566  DEBUG   [client]  -> write cntl3mot   data=['0x03', '0x20']
12:39:09.653  DEBUG   [poll]    -> read  st2mot    
12:39:09.657  DEBUG   [poll]    <- read  st2mot     ret=0  data=['0xb6', '0x03']
12:39:09.657  DEBUG   [poll]    -> read  st0cur    
12:39:09.661  DEBUG   [poll]    <- read  st0cur     ret=0  data=['0xf5', '0x01', '0xf3', '0x01']
12:39:09.821  DEBUG   [client]  -> write cntl3mot   data=['0x02', '0x58']
12:39:10.076  DEBUG   [client]  -> write cntl3mot   data=['0x01', '0x90']
12:39:10.332  DEBUG   [client]  -> write cntl3mot   data=['0x00', '0xc8']
12:39:10.587  DEBUG   [client]  -> write cntl3mot   data=['0x00', '0x00']
12:39:10.592  WARNING client disconnected — stopping motor
12:39:10.593  DEBUG   [client]  -> write cntl3mot   data=['0x00', '0x00']
12:39:10.597  INFO    client disconnected
12:39:10.663  DEBUG   [poll]    -> read  st2mot    
12:39:10.666  DEBUG   [poll]    <- read  st2mot     ret=0  data=['0x96', '0x00']
12:39:10.666  DEBUG   [poll]    -> read  st0cur    
12:39:10.670  DEBUG   [poll]    <- read  st0cur     ret=0  data=['0xf6', '0x01', '0xf6', '0x01']
12:39:11.672  DEBUG   [poll]    -> read  st2mot    
12:39:11.675  DEBUG   [poll]    <- read  st2mot     ret=0  data=['0x00', '0x00']
12:39:11.676  DEBUG   [poll]    -> read  st0cur    
12:39:11.680  DEBUG   [poll]    <- read  st0cur     ret=0  data=['0xfb', '0x01', '0xfd', '0x01']
12:39:11.680  WARNING *** OBSERVED STALL SIGNATURE (not acted on yet) — current=-0.24A while rpm=0 ***
12:39:12.682  DEBUG   [poll]    -> read  st2mot    
12:39:12.686  DEBUG   [poll]    <- read  st2mot     ret=0  data=['0x00', '0x00']
12:39:12.686  DEBUG   [poll]    -> read  st0cur    
12:39:12.690  DEBUG   [poll]    <- read  st0cur     ret=0  data=['0xfe', '0x01', '0x01', '0x02']
12:39:13.692  DEBUG   [poll]    -> read  st2mot    
12:39:13.695  DEBUG   [poll]    <- read  st2mot     ret=0  data=['0x00', '0x00']
12:39:13.698  DEBUG   [poll]    -> read  st0cur    
12:39:13.702  DEBUG   [poll]    <- read  st0cur     ret=0  data=['0xfe', '0x01', '0x01', '0x02']
12:39:14.704  DEBUG   [poll]    -> read  st2mot    
12:39:14.707  DEBUG   [poll]    <- read  st2mot     ret=0  data=['0x00', '0x00']
12:39:14.708  DEBUG   [poll]    -> read  st0cur    
12:39:14.712  DEBUG   [poll]    <- read  st0cur     ret=0  data=['0xfe', '0x01', '0x01', '0x02']
12:39:15.713  DEBUG   [poll]    -> read  st2mot    
12:39:15.717  DEBUG   [poll]    <- read  st2mot     ret=0  data=['0x00', '0x00']
12:39:15.717  DEBUG   [poll]    -> read  st0cur    
12:39:15.722  DEBUG   [poll]    <- read  st0cur     ret=0  data=['0xfe', '0x01', '0x01', '0x02']
12:39:16.723  DEBUG   [poll]    -> read  st2mot    
12:39:16.727  DEBUG   [poll]    <- read  st2mot     ret=0  data=['0x00', '0x00']
12:39:16.727  DEBUG   [poll]    -> read  st0cur    
12:39:16.731  DEBUG   [poll]    <- read  st0cur     ret=0  data=['0xfe', '0x01', '0x01', '0x02']
12:39:17.733  DEBUG   [poll]    -> read  st2mot    
12:39:17.736  DEBUG   [poll]    <- read  st2mot     ret=0  data=['0x00', '0x00']
12:39:17.737  DEBUG   [poll]    -> read  st0cur    
12:39:17.741  DEBUG   [poll]    <- read  st0cur     ret=0  data=['0xfe', '0x01', '0x01', '0x02']
12:39:17.854  INFO    client connected
12:39:17.854  DEBUG   [client]  -> write cntl0mot   data=['0x00', '0xfd']
12:39:17.858  DEBUG   [client]  -> write cntl3mot   data=['0x00', '0x00']
12:39:17.862  DEBUG   [client]  -> write cntl3mot   data=['0x03', '0xe8']
12:39:17.865  DEBUG   [client]  -> read  st2mot    
12:39:17.868  DEBUG   [client]  <- read  st2mot     ret=0  data=['0x00', '0x00']
12:39:17.869  DEBUG   [client]  -> read  st0cur    
12:39:17.873  DEBUG   [client]  <- read  st0cur     ret=0  data=['0xfe', '0x01', '0x01', '0x02']
12:39:18.066  DEBUG   [client]  -> read  st2mot    
12:39:18.069  DEBUG   [client]  <- read  st2mot     ret=0  data=['0x4b', '0x00']
12:39:18.266  DEBUG   [client]  -> read  st2mot    
12:39:18.269  DEBUG   [client]  <- read  st2mot     ret=0  data=['0x39', '0x03']
12:39:18.466  DEBUG   [client]  -> read  st2mot    
12:39:18.469  DEBUG   [client]  <- read  st2mot     ret=0  data=['0x07', '0x03']
12:39:18.666  DEBUG   [client]  -> read  st2mot    
12:39:18.669  DEBUG   [client]  <- read  st2mot     ret=0  data=['0x52', '0x03']
12:39:18.742  DEBUG   [poll]    -> read  st2mot    
12:39:18.746  DEBUG   [poll]    <- read  st2mot     ret=0  data=['0x52', '0x03']
12:39:18.748  DEBUG   [poll]    -> read  st0cur    
12:39:18.752  DEBUG   [poll]    <- read  st0cur     ret=0  data=['0xfc', '0x01', '0xff', '0x01']
12:39:18.866  DEBUG   [client]  -> read  st2mot    
12:39:18.869  DEBUG   [client]  <- read  st2mot     ret=0  data=['0x9d', '0x03']
12:39:18.871  DEBUG   [client]  -> read  st0cur    
12:39:18.875  DEBUG   [client]  <- read  st0cur     ret=0  data=['0xfc', '0x01', '0xff', '0x01']
12:39:19.066  DEBUG   [client]  -> read  st2mot    
12:39:19.069  DEBUG   [client]  <- read  st2mot     ret=0  data=['0x9d', '0x03']
12:39:19.266  DEBUG   [client]  -> read  st2mot    
12:39:19.269  DEBUG   [client]  <- read  st2mot     ret=0  data=['0xb6', '0x03']
12:39:19.466  DEBUG   [client]  -> read  st2mot    
12:39:19.469  DEBUG   [client]  <- read  st2mot     ret=0  data=['0xe8', '0x03']
12:39:19.666  DEBUG   [client]  -> read  st2mot    
12:39:19.669  DEBUG   [client]  <- read  st2mot     ret=0  data=['0xe8', '0x03']
12:39:19.753  DEBUG   [poll]    -> read  st2mot    
12:39:19.757  DEBUG   [poll]    <- read  st2mot     ret=0  data=['0xe8', '0x03']
12:39:19.757  DEBUG   [poll]    -> read  st0cur    
12:39:19.762  DEBUG   [poll]    <- read  st0cur     ret=0  data=['0xf6', '0x01', '0xf6', '0x01']
12:39:19.866  DEBUG   [client]  -> read  st2mot    
12:39:19.869  DEBUG   [client]  <- read  st2mot     ret=0  data=['0xcf', '0x03']
12:39:19.871  DEBUG   [client]  -> read  st0cur    
12:39:19.875  DEBUG   [client]  <- read  st0cur     ret=0  data=['0xf6', '0x01', '0xf6', '0x01']
12:39:20.066  DEBUG   [client]  -> read  st2mot    
12:39:20.069  DEBUG   [client]  <- read  st2mot     ret=0  data=['0xe8', '0x03']
12:39:20.266  DEBUG   [client]  -> read  st2mot    
12:39:20.269  DEBUG   [client]  <- read  st2mot     ret=0  data=['0xcf', '0x03']
12:39:20.466  DEBUG   [client]  -> read  st2mot    
12:39:20.469  DEBUG   [client]  <- read  st2mot     ret=0  data=['0x01', '0x04']
12:39:20.666  DEBUG   [client]  -> read  st2mot    
12:39:20.669  DEBUG   [client]  <- read  st2mot     ret=0  data=['0xe8', '0x03']
12:39:20.763  DEBUG   [poll]    -> read  st2mot    
12:39:20.767  DEBUG   [poll]    <- read  st2mot     ret=0  data=['0xe8', '0x03']
12:39:20.767  DEBUG   [poll]    -> read  st0cur    
12:39:20.771  DEBUG   [poll]    <- read  st0cur     ret=0  data=['0xf4', '0x01', '0xf3', '0x01']
12:39:20.866  DEBUG   [client]  -> read  st2mot    
12:39:20.869  DEBUG   [client]  <- read  st2mot     ret=0  data=['0xcf', '0x03']
12:39:20.871  DEBUG   [client]  -> read  st0cur    
12:39:20.875  DEBUG   [client]  <- read  st0cur     ret=0  data=['0xf4', '0x01', '0xf3', '0x01']
12:39:21.066  DEBUG   [client]  -> read  st2mot    
12:39:21.069  DEBUG   [client]  <- read  st2mot     ret=0  data=['0x01', '0x04']
12:39:21.266  DEBUG   [client]  -> read  st2mot    
12:39:21.269  DEBUG   [client]  <- read  st2mot     ret=0  data=['0xe8', '0x03']
12:39:21.466  DEBUG   [client]  -> read  st2mot    
12:39:21.469  DEBUG   [client]  <- read  st2mot     ret=0  data=['0xcf', '0x03']
12:39:21.666  DEBUG   [client]  -> read  st2mot    
12:39:21.669  DEBUG   [client]  <- read  st2mot     ret=0  data=['0xe8', '0x03']
12:39:21.773  DEBUG   [poll]    -> read  st2mot    
12:39:21.776  DEBUG   [poll]    <- read  st2mot     ret=0  data=['0xcf', '0x03']
12:39:21.777  DEBUG   [poll]    -> read  st0cur    
12:39:21.781  DEBUG   [poll]    <- read  st0cur     ret=0  data=['0xf4', '0x01', '0xf8', '0x01']
12:39:21.866  DEBUG   [client]  -> read  st2mot    
12:39:21.869  DEBUG   [client]  <- read  st2mot     ret=0  data=['0xcf', '0x03']
12:39:21.871  DEBUG   [client]  -> read  st0cur    
12:39:21.876  DEBUG   [client]  <- read  st0cur     ret=0  data=['0xf4', '0x01', '0xf8', '0x01']
12:39:22.066  DEBUG   [client]  -> read  st2mot    
12:39:22.069  DEBUG   [client]  <- read  st2mot     ret=0  data=['0xe8', '0x03']
12:39:22.266  DEBUG   [client]  -> read  st2mot    
12:39:22.269  DEBUG   [client]  <- read  st2mot     ret=0  data=['0x01', '0x04']
12:39:22.466  DEBUG   [client]  -> read  st2mot    
12:39:22.469  DEBUG   [client]  <- read  st2mot     ret=0  data=['0xe8', '0x03']
12:39:22.666  DEBUG   [client]  -> read  st2mot    
12:39:22.669  DEBUG   [client]  <- read  st2mot     ret=0  data=['0xe8', '0x03']
12:39:22.783  DEBUG   [poll]    -> read  st2mot    
12:39:22.786  DEBUG   [poll]    <- read  st2mot     ret=0  data=['0x01', '0x04']
12:39:22.787  DEBUG   [poll]    -> read  st0cur    
12:39:22.791  DEBUG   [poll]    <- read  st0cur     ret=0  data=['0xf5', '0x01', '0xf5', '0x01']
12:39:22.866  DEBUG   [client]  -> read  st2mot    
12:39:22.869  DEBUG   [client]  <- read  st2mot     ret=0  data=['0xe8', '0x03']
12:39:22.871  DEBUG   [client]  -> read  st0cur    
12:39:22.875  DEBUG   [client]  <- read  st0cur     ret=0  data=['0xf5', '0x01', '0xf5', '0x01']
12:39:23.066  DEBUG   [client]  -> read  st2mot    
12:39:23.069  DEBUG   [client]  <- read  st2mot     ret=0  data=['0x01', '0x04']
12:39:23.266  DEBUG   [client]  -> read  st2mot    
12:39:23.269  DEBUG   [client]  <- read  st2mot     ret=0  data=['0xe8', '0x03']
12:39:23.466  DEBUG   [client]  -> read  st2mot    
12:39:23.469  DEBUG   [client]  <- read  st2mot     ret=0  data=['0x01', '0x04']
12:39:23.666  DEBUG   [client]  -> read  st2mot    
12:39:23.669  DEBUG   [client]  <- read  st2mot     ret=0  data=['0xcf', '0x03']
12:39:23.792  DEBUG   [poll]    -> read  st2mot    
12:39:23.796  DEBUG   [poll]    <- read  st2mot     ret=0  data=['0xe8', '0x03']
12:39:23.796  DEBUG   [poll]    -> read  st0cur    
12:39:23.801  DEBUG   [poll]    <- read  st0cur     ret=0  data=['0xf4', '0x01', '0xf7', '0x01']
12:39:23.866  DEBUG   [client]  -> read  st2mot    
12:39:23.869  DEBUG   [client]  <- read  st2mot     ret=0  data=['0x01', '0x04']
12:39:23.871  DEBUG   [client]  -> read  st0cur    
12:39:23.875  DEBUG   [client]  <- read  st0cur     ret=0  data=['0xf4', '0x01', '0xf7', '0x01']
12:39:24.066  DEBUG   [client]  -> read  st2mot    
12:39:24.069  DEBUG   [client]  <- read  st2mot     ret=0  data=['0xcf', '0x03']
12:39:24.266  DEBUG   [client]  -> read  st2mot    
12:39:24.269  DEBUG   [client]  <- read  st2mot     ret=0  data=['0x01', '0x04']
12:39:24.466  DEBUG   [client]  -> read  st2mot    
12:39:24.469  DEBUG   [client]  <- read  st2mot     ret=0  data=['0xcf', '0x03']
12:39:24.666  DEBUG   [client]  -> read  st2mot    
12:39:24.670  DEBUG   [client]  <- read  st2mot     ret=0  data=['0x1a', '0x04']
12:39:24.671  DEBUG   [client]  -> write cntl3mot   data=['0x03', '0x20']
12:39:24.802  DEBUG   [poll]    -> read  st2mot    
12:39:24.806  DEBUG   [poll]    <- read  st2mot     ret=0  data=['0x9d', '0x03']
12:39:24.806  DEBUG   [poll]    -> read  st0cur    
12:39:24.811  DEBUG   [poll]    <- read  st0cur     ret=0  data=['0xf5', '0x01', '0xf6', '0x01']
12:39:24.927  DEBUG   [client]  -> write cntl3mot   data=['0x02', '0x58']
12:39:25.183  DEBUG   [client]  -> write cntl3mot   data=['0x01', '0x90']
12:39:25.438  DEBUG   [client]  -> write cntl3mot   data=['0x00', '0xc8']
12:39:25.694  DEBUG   [client]  -> write cntl3mot   data=['0x00', '0x00']
12:39:25.698  WARNING client disconnected — stopping motor
12:39:25.699  DEBUG   [client]  -> write cntl3mot   data=['0x00', '0x00']
12:39:25.703  INFO    client disconnected
12:39:25.812  DEBUG   [poll]    -> read  st2mot    
12:39:25.815  DEBUG   [poll]    <- read  st2mot     ret=0  data=['0x64', '0x00']
12:39:25.815  DEBUG   [poll]    -> read  st0cur    
12:39:25.819  DEBUG   [poll]    <- read  st0cur     ret=0  data=['0xf6', '0x01', '0xf7', '0x01']
12:39:26.821  DEBUG   [poll]    -> read  st2mot    
12:39:26.824  DEBUG   [poll]    <- read  st2mot     ret=0  data=['0x00', '0x00']
12:39:26.825  DEBUG   [poll]    -> read  st0cur    
12:39:26.829  DEBUG   [poll]    <- read  st0cur     ret=0  data=['0xfb', '0x01', '0xfd', '0x01']
12:39:26.829  WARNING *** OBSERVED STALL SIGNATURE (not acted on yet) — current=-0.24A while rpm=0 ***
12:39:27.831  DEBUG   [poll]    -> read  st2mot    
12:39:27.835  DEBUG   [poll]    <- read  st2mot     ret=0  data=['0x00', '0x00']
12:39:27.835  DEBUG   [poll]    -> read  st0cur    
12:39:27.839  DEBUG   [poll]    <- read  st0cur     ret=0  data=['0xfe', '0x01', '0x01', '0x02']
12:39:28.841  DEBUG   [poll]    -> read  st2mot    
12:39:28.844  DEBUG   [poll]    <- read  st2mot     ret=0  data=['0x00', '0x00']
12:39:28.844  DEBUG   [poll]    -> read  st0cur    
12:39:28.849  DEBUG   [poll]    <- read  st0cur     ret=0  data=['0xfe', '0x01', '0x01', '0x02']
12:39:29.850  DEBUG   [poll]    -> read  st2mot    
12:39:29.854  DEBUG   [poll]    <- read  st2mot     ret=0  data=['0x00', '0x00']
12:39:29.854  DEBUG   [poll]    -> read  st0cur    
12:39:29.858  DEBUG   [poll]    <- read  st0cur     ret=0  data=['0xfe', '0x01', '0x01', '0x02']
12:39:30.860  DEBUG   [poll]    -> read  st2mot    
12:39:30.863  DEBUG   [poll]    <- read  st2mot     ret=0  data=['0x00', '0x00']
12:39:30.864  DEBUG   [poll]    -> read  st0cur    
12:39:30.868  DEBUG   [poll]    <- read  st0cur     ret=0  data=['0xfe', '0x01', '0x01', '0x02']
12:39:31.869  DEBUG   [poll]    -> read  st2mot    
12:39:31.873  DEBUG   [poll]    <- read  st2mot     ret=0  data=['0x00', '0x00']
12:39:31.873  DEBUG   [poll]    -> read  st0cur    
12:39:31.877  DEBUG   [poll]    <- read  st0cur     ret=0  data=['0xfe', '0x01', '0x01', '0x02']
12:39:32.879  DEBUG   [poll]    -> read  st2mot    
12:39:32.882  DEBUG   [poll]    <- read  st2mot     ret=0  data=['0x00', '0x00']
12:39:32.882  DEBUG   [poll]    -> read  st0cur    
12:39:32.885  INFO    client connected
12:39:32.886  DEBUG   [poll]    <- read  st0cur     ret=0  data=['0xfe', '0x01', '0x01', '0x02']
12:39:32.887  DEBUG   [client]  -> write cntl0mot   data=['0x08', '0xfd']
12:39:32.890  DEBUG   [client]  -> write cntl3mot   data=['0x00', '0x00']
12:39:32.894  DEBUG   [client]  -> write cntl3mot   data=['0x03', '0xe8']
12:39:32.897  DEBUG   [client]  -> read  st2mot    
12:39:32.900  DEBUG   [client]  <- read  st2mot     ret=0  data=['0x00', '0x00']
12:39:32.901  DEBUG   [client]  -> read  st0cur    
12:39:32.905  DEBUG   [client]  <- read  st0cur     ret=0  data=['0xfe', '0x01', '0x01', '0x02']
12:39:33.098  DEBUG   [client]  -> read  st2mot    
12:39:33.101  DEBUG   [client]  <- read  st2mot     ret=0  data=['0xee', '0x02']
12:39:33.298  DEBUG   [client]  -> read  st2mot    
12:39:33.301  DEBUG   [client]  <- read  st2mot     ret=0  data=['0x58', '0x02']
12:39:33.498  DEBUG   [client]  -> read  st2mot    
12:39:33.501  DEBUG   [client]  <- read  st2mot     ret=0  data=['0x39', '0x03']
12:39:33.698  DEBUG   [client]  -> read  st2mot    
12:39:33.702  DEBUG   [client]  <- read  st2mot     ret=0  data=['0x20', '0x03']
12:39:33.888  DEBUG   [poll]    -> read  st2mot    
12:39:33.891  DEBUG   [poll]    <- read  st2mot     ret=0  data=['0x52', '0x03']
12:39:33.893  DEBUG   [poll]    -> read  st0cur    
12:39:33.897  DEBUG   [poll]    <- read  st0cur     ret=0  data=['0xfb', '0x01', '0x00', '0x02']
12:39:33.898  DEBUG   [client]  -> read  st2mot    
12:39:33.902  DEBUG   [client]  <- read  st2mot     ret=0  data=['0x52', '0x03']
12:39:33.904  DEBUG   [client]  -> read  st0cur    
12:39:33.908  DEBUG   [client]  <- read  st0cur     ret=0  data=['0xfb', '0x01', '0x00', '0x02']
12:39:34.098  DEBUG   [client]  -> read  st2mot    
12:39:34.102  DEBUG   [client]  <- read  st2mot     ret=0  data=['0x84', '0x03']
12:39:34.298  DEBUG   [client]  -> read  st2mot    
12:39:34.302  DEBUG   [client]  <- read  st2mot     ret=0  data=['0x6b', '0x03']
12:39:34.498  DEBUG   [client]  -> read  st2mot    
12:39:34.502  DEBUG   [client]  <- read  st2mot     ret=0  data=['0xcf', '0x03']
12:39:34.698  DEBUG   [client]  -> read  st2mot    
12:39:34.702  DEBUG   [client]  <- read  st2mot     ret=0  data=['0xb6', '0x03']
12:39:34.898  DEBUG   [client]  -> read  st2mot    
12:39:34.902  DEBUG   [client]  <- read  st2mot     ret=0  data=['0xb6', '0x03']
12:39:34.902  DEBUG   [poll]    -> read  st2mot    
12:39:34.906  DEBUG   [poll]    <- read  st2mot     ret=0  data=['0xb6', '0x03']
12:39:34.906  DEBUG   [poll]    -> read  st0cur    
12:39:34.911  DEBUG   [poll]    <- read  st0cur     ret=0  data=['0xf6', '0x01', '0xf7', '0x01']
12:39:34.911  DEBUG   [client]  -> read  st0cur    
12:39:34.916  DEBUG   [client]  <- read  st0cur     ret=0  data=['0xf6', '0x01', '0xf7', '0x01']
12:39:35.098  DEBUG   [client]  -> read  st2mot    
12:39:35.102  DEBUG   [client]  <- read  st2mot     ret=0  data=['0xe8', '0x03']
12:39:35.298  DEBUG   [client]  -> read  st2mot    
12:39:35.302  DEBUG   [client]  <- read  st2mot     ret=0  data=['0xcf', '0x03']
12:39:35.498  DEBUG   [client]  -> read  st2mot    
12:39:35.502  DEBUG   [client]  <- read  st2mot     ret=0  data=['0xe8', '0x03']
12:39:35.698  DEBUG   [client]  -> read  st2mot    
12:39:35.702  DEBUG   [client]  <- read  st2mot     ret=0  data=['0xcf', '0x03']
12:39:35.898  DEBUG   [client]  -> read  st2mot    
12:39:35.902  DEBUG   [client]  <- read  st2mot     ret=0  data=['0x01', '0x04']
12:39:35.903  DEBUG   [client]  -> read  st0cur    
12:39:35.908  DEBUG   [client]  <- read  st0cur     ret=0  data=['0xf4', '0x01', '0xf6', '0x01']
12:39:35.912  DEBUG   [poll]    -> read  st2mot    
12:39:35.916  DEBUG   [poll]    <- read  st2mot     ret=0  data=['0x01', '0x04']
12:39:35.916  DEBUG   [poll]    -> read  st0cur    
12:39:35.921  DEBUG   [poll]    <- read  st0cur     ret=0  data=['0xf4', '0x01', '0xf6', '0x01']
12:39:36.098  DEBUG   [client]  -> read  st2mot    
12:39:36.102  DEBUG   [client]  <- read  st2mot     ret=0  data=['0xcf', '0x03']
12:39:36.298  DEBUG   [client]  -> read  st2mot    
12:39:36.302  DEBUG   [client]  <- read  st2mot     ret=0  data=['0xe8', '0x03']
12:39:36.498  DEBUG   [client]  -> read  st2mot    
12:39:36.502  DEBUG   [client]  <- read  st2mot     ret=0  data=['0xe8', '0x03']
12:39:36.698  DEBUG   [client]  -> read  st2mot    
12:39:36.702  DEBUG   [client]  <- read  st2mot     ret=0  data=['0x01', '0x04']
12:39:36.898  DEBUG   [client]  -> read  st2mot    
12:39:36.902  DEBUG   [client]  <- read  st2mot     ret=0  data=['0xe8', '0x03']
12:39:36.903  DEBUG   [client]  -> read  st0cur    
12:39:36.908  DEBUG   [client]  <- read  st0cur     ret=0  data=['0xf6', '0x01', '0xf4', '0x01']
12:39:36.922  DEBUG   [poll]    -> read  st2mot    
12:39:36.926  DEBUG   [poll]    <- read  st2mot     ret=0  data=['0xe8', '0x03']
12:39:36.926  DEBUG   [poll]    -> read  st0cur    
12:39:36.931  DEBUG   [poll]    <- read  st0cur     ret=0  data=['0xf6', '0x01', '0xf4', '0x01']
12:39:37.098  DEBUG   [client]  -> read  st2mot    
12:39:37.102  DEBUG   [client]  <- read  st2mot     ret=0  data=['0xe8', '0x03']
12:39:37.298  DEBUG   [client]  -> read  st2mot    
12:39:37.302  DEBUG   [client]  <- read  st2mot     ret=0  data=['0xe8', '0x03']
12:39:37.498  DEBUG   [client]  -> read  st2mot    
12:39:37.502  DEBUG   [client]  <- read  st2mot     ret=0  data=['0xe8', '0x03']
12:39:37.698  DEBUG   [client]  -> read  st2mot    
12:39:37.702  DEBUG   [client]  <- read  st2mot     ret=0  data=['0xe8', '0x03']
12:39:37.898  DEBUG   [client]  -> read  st2mot    
12:39:37.902  DEBUG   [client]  <- read  st2mot     ret=0  data=['0xe8', '0x03']
12:39:37.904  DEBUG   [client]  -> read  st0cur    
12:39:37.908  DEBUG   [client]  <- read  st0cur     ret=0  data=['0xf6', '0x01', '0xf6', '0x01']
12:39:37.932  DEBUG   [poll]    -> read  st2mot    
12:39:37.936  DEBUG   [poll]    <- read  st2mot     ret=0  data=['0xe8', '0x03']
12:39:37.936  DEBUG   [poll]    -> read  st0cur    
12:39:37.940  DEBUG   [poll]    <- read  st0cur     ret=0  data=['0xf6', '0x01', '0xf6', '0x01']
12:39:38.098  DEBUG   [client]  -> read  st2mot    
12:39:38.102  DEBUG   [client]  <- read  st2mot     ret=0  data=['0xcf', '0x03']
12:39:38.298  DEBUG   [client]  -> read  st2mot    
12:39:38.302  DEBUG   [client]  <- read  st2mot     ret=0  data=['0x1a', '0x04']
12:39:38.498  DEBUG   [client]  -> read  st2mot    
12:39:38.502  DEBUG   [client]  <- read  st2mot     ret=0  data=['0xb6', '0x03']
12:39:38.698  DEBUG   [client]  -> read  st2mot    
12:39:38.702  DEBUG   [client]  <- read  st2mot     ret=0  data=['0x01', '0x04']
12:39:38.912  DEBUG   [client]  -> read  st2mot    
12:39:38.915  DEBUG   [client]  <- read  st2mot     ret=0  data=['0xcf', '0x03']
12:39:38.917  DEBUG   [client]  -> read  st0cur    
12:39:38.922  DEBUG   [client]  <- read  st0cur     ret=0  data=['0xf5', '0x01', '0xf6', '0x01']
12:39:38.942  DEBUG   [poll]    -> read  st2mot    
12:39:38.945  DEBUG   [poll]    <- read  st2mot     ret=0  data=['0xcf', '0x03']
12:39:38.946  DEBUG   [poll]    -> read  st0cur    
12:39:38.950  DEBUG   [poll]    <- read  st0cur     ret=0  data=['0xf5', '0x01', '0xf6', '0x01']
12:39:39.098  DEBUG   [client]  -> read  st2mot    
12:39:39.102  DEBUG   [client]  <- read  st2mot     ret=0  data=['0x01', '0x04']
12:39:39.298  DEBUG   [client]  -> read  st2mot    
12:39:39.302  DEBUG   [client]  <- read  st2mot     ret=0  data=['0xcf', '0x03']
12:39:39.498  DEBUG   [client]  -> read  st2mot    
12:39:39.502  DEBUG   [client]  <- read  st2mot     ret=0  data=['0x01', '0x04']
12:39:39.698  DEBUG   [client]  -> read  st2mot    
12:39:39.702  DEBUG   [client]  <- read  st2mot     ret=0  data=['0xcf', '0x03']
12:39:39.704  DEBUG   [client]  -> write cntl3mot   data=['0x03', '0x20']
12:39:39.951  DEBUG   [poll]    -> read  st2mot    
12:39:39.955  DEBUG   [poll]    <- read  st2mot     ret=0  data=['0xee', '0x02']
12:39:39.955  DEBUG   [poll]    -> read  st0cur    
12:39:39.960  DEBUG   [poll]    <- read  st0cur     ret=0  data=['0xf6', '0x01', '0xf5', '0x01']
12:39:39.960  DEBUG   [client]  -> write cntl3mot   data=['0x02', '0x58']
12:39:40.216  DEBUG   [client]  -> write cntl3mot   data=['0x01', '0x90']
12:39:40.471  DEBUG   [client]  -> write cntl3mot   data=['0x00', '0xc8']
12:39:40.727  DEBUG   [client]  -> write cntl3mot   data=['0x00', '0x00']
12:39:40.731  WARNING client disconnected — stopping motor
12:39:40.732  DEBUG   [client]  -> write cntl3mot   data=['0x00', '0x00']
12:39:40.736  INFO    client disconnected
12:39:40.961  DEBUG   [poll]    -> read  st2mot    
12:39:40.965  DEBUG   [poll]    <- read  st2mot     ret=0  data=['0x00', '0x00']
12:39:40.965  DEBUG   [poll]    -> read  st0cur    
12:39:40.969  DEBUG   [poll]    <- read  st0cur     ret=0  data=['0xf6', '0x01', '0xf8', '0x01']
12:39:40.969  WARNING *** OBSERVED STALL SIGNATURE (not acted on yet) — current=-0.49A while rpm=0 ***
12:39:41.971  DEBUG   [poll]    -> read  st2mot    
12:39:41.974  DEBUG   [poll]    <- read  st2mot     ret=0  data=['0x00', '0x00']
12:39:41.974  DEBUG   [poll]    -> read  st0cur    
12:39:41.979  DEBUG   [poll]    <- read  st0cur     ret=0  data=['0xfa', '0x01', '0xfd', '0x01']
12:39:41.979  WARNING *** OBSERVED STALL SIGNATURE (not acted on yet) — current=-0.29A while rpm=0 ***
12:39:42.981  DEBUG   [poll]    -> read  st2mot    
12:39:42.984  DEBUG   [poll]    <- read  st2mot     ret=0  data=['0x00', '0x00']
12:39:42.984  DEBUG   [poll]    -> read  st0cur    
12:39:42.989  DEBUG   [poll]    <- read  st0cur     ret=0  data=['0xfe', '0x01', '0x01', '0x02']
12:39:43.990  DEBUG   [poll]    -> read  st2mot    
12:39:43.994  DEBUG   [poll]    <- read  st2mot     ret=0  data=['0x00', '0x00']
12:39:43.995  DEBUG   [poll]    -> read  st0cur    
12:39:44.000  DEBUG   [poll]    <- read  st0cur     ret=0  data=['0xfe', '0x01', '0x01', '0x02']
12:39:45.001  DEBUG   [poll]    -> read  st2mot    
12:39:45.005  DEBUG   [poll]    <- read  st2mot     ret=0  data=['0x00', '0x00']
12:39:45.005  DEBUG   [poll]    -> read  st0cur    
12:39:45.009  DEBUG   [poll]    <- read  st0cur     ret=0  data=['0xfe', '0x01', '0x01', '0x02']
12:39:46.011  DEBUG   [poll]    -> read  st2mot    
12:39:46.014  DEBUG   [poll]    <- read  st2mot     ret=0  data=['0x00', '0x00']
12:39:46.015  DEBUG   [poll]    -> read  st0cur    
12:39:46.019  DEBUG   [poll]    <- read  st0cur     ret=0  data=['0xfe', '0x01', '0x01', '0x02']
12:39:46.614  INFO    client connected
12:39:46.616  DEBUG   [client]  -> write cntl0mot   data=['0xf8', '0x00']
12:39:46.619  DEBUG   [client]  -> write cntl3mot   data=['0x00', '0x00']
12:39:46.623  DEBUG   [client]  -> write cntl3mot   data=['0x03', '0xe8']
12:39:46.627  DEBUG   [client]  -> read  st2mot    
12:39:46.630  DEBUG   [client]  <- read  st2mot     ret=0  data=['0x00', '0x00']
12:39:46.631  DEBUG   [client]  -> read  st0cur    
12:39:46.635  DEBUG   [client]  <- read  st0cur     ret=0  data=['0xfe', '0x01', '0x01', '0x02']
12:39:46.827  DEBUG   [client]  -> read  st2mot    
12:39:46.830  DEBUG   [client]  <- read  st2mot     ret=0  data=['0x00', '0x00']
12:39:47.021  DEBUG   [poll]    -> read  st2mot    
12:39:47.024  DEBUG   [poll]    <- read  st2mot     ret=0  data=['0x19', '0x00']
12:39:47.024  DEBUG   [poll]    -> read  st0cur    
12:39:47.028  DEBUG   [poll]    <- read  st0cur     ret=0  data=['0xfe', '0x01', '0x01', '0x02']
12:39:47.028  DEBUG   [client]  -> read  st2mot    
12:39:47.032  DEBUG   [client]  <- read  st2mot     ret=0  data=['0x19', '0x00']
12:39:47.228  DEBUG   [client]  -> read  st2mot    
12:39:47.231  DEBUG   [client]  <- read  st2mot     ret=0  data=['0xb6', '0x03']
12:39:47.428  DEBUG   [client]  -> read  st2mot    
12:39:47.431  DEBUG   [client]  <- read  st2mot     ret=0  data=['0xe2', '0x04']
12:39:47.628  DEBUG   [client]  -> read  st2mot    
12:39:47.631  DEBUG   [client]  <- read  st2mot     ret=0  data=['0x7e', '0x04']
12:39:47.633  DEBUG   [client]  -> read  st0cur    
12:39:47.637  DEBUG   [client]  <- read  st0cur     ret=0  data=['0xfa', '0x01', '0xfd', '0x01']
12:39:47.828  DEBUG   [client]  -> read  st2mot    
12:39:47.831  DEBUG   [client]  <- read  st2mot     ret=0  data=['0xe8', '0x03']
12:39:48.028  DEBUG   [client]  -> read  st2mot    
12:39:48.031  DEBUG   [client]  <- read  st2mot     ret=0  data=['0xcf', '0x03']
12:39:48.032  DEBUG   [poll]    -> read  st2mot    
12:39:48.035  DEBUG   [poll]    <- read  st2mot     ret=0  data=['0xcf', '0x03']
12:39:48.036  DEBUG   [poll]    -> read  st0cur    
12:39:48.040  DEBUG   [poll]    <- read  st0cur     ret=0  data=['0xfa', '0x01', '0xfd', '0x01']
12:39:48.228  DEBUG   [client]  -> read  st2mot    
12:39:48.231  DEBUG   [client]  <- read  st2mot     ret=0  data=['0xe8', '0x03']
12:39:48.428  DEBUG   [client]  -> read  st2mot    
12:39:48.431  DEBUG   [client]  <- read  st2mot     ret=0  data=['0xe8', '0x03']
12:39:48.628  DEBUG   [client]  -> read  st2mot    
12:39:48.631  DEBUG   [client]  <- read  st2mot     ret=0  data=['0xe8', '0x03']
12:39:48.633  DEBUG   [client]  -> read  st0cur    
12:39:48.638  DEBUG   [client]  <- read  st0cur     ret=0  data=['0xf5', '0x01', '0xf3', '0x01']
12:39:48.828  DEBUG   [client]  -> read  st2mot    
12:39:48.831  DEBUG   [client]  <- read  st2mot     ret=0  data=['0xe8', '0x03']
12:39:49.028  DEBUG   [client]  -> read  st2mot    
12:39:49.035  DEBUG   [client]  <- read  st2mot     ret=0  data=['0xe8', '0x03']
12:39:49.042  DEBUG   [poll]    -> read  st2mot    
12:39:49.045  DEBUG   [poll]    <- read  st2mot     ret=0  data=['0xe8', '0x03']
12:39:49.045  DEBUG   [poll]    -> read  st0cur    
12:39:49.050  DEBUG   [poll]    <- read  st0cur     ret=0  data=['0xf5', '0x01', '0xf3', '0x01']
12:39:49.228  DEBUG   [client]  -> read  st2mot    
12:39:49.231  DEBUG   [client]  <- read  st2mot     ret=0  data=['0xe8', '0x03']
12:39:49.428  DEBUG   [client]  -> read  st2mot    
12:39:49.431  DEBUG   [client]  <- read  st2mot     ret=0  data=['0xe8', '0x03']
12:39:49.628  DEBUG   [client]  -> read  st2mot    
12:39:49.631  DEBUG   [client]  <- read  st2mot     ret=0  data=['0x01', '0x04']
12:39:49.633  DEBUG   [client]  -> read  st0cur    
12:39:49.637  DEBUG   [client]  <- read  st0cur     ret=0  data=['0xf5', '0x01', '0xf8', '0x01']
12:39:49.828  DEBUG   [client]  -> read  st2mot    
12:39:49.831  DEBUG   [client]  <- read  st2mot     ret=0  data=['0xe8', '0x03']
12:39:50.028  DEBUG   [client]  -> read  st2mot    
12:39:50.031  DEBUG   [client]  <- read  st2mot     ret=0  data=['0xcf', '0x03']
12:39:50.051  DEBUG   [poll]    -> read  st2mot    
12:39:50.055  DEBUG   [poll]    <- read  st2mot     ret=0  data=['0xe8', '0x03']
12:39:50.055  DEBUG   [poll]    -> read  st0cur    
12:39:50.060  DEBUG   [poll]    <- read  st0cur     ret=0  data=['0xf4', '0x01', '0xf8', '0x01']
12:39:50.228  DEBUG   [client]  -> read  st2mot    
12:39:50.231  DEBUG   [client]  <- read  st2mot     ret=0  data=['0xe8', '0x03']
12:39:50.428  DEBUG   [client]  -> read  st2mot    
12:39:50.431  DEBUG   [client]  <- read  st2mot     ret=0  data=['0x01', '0x04']
12:39:50.628  DEBUG   [client]  -> read  st2mot    
12:39:50.631  DEBUG   [client]  <- read  st2mot     ret=0  data=['0xe8', '0x03']
12:39:50.633  DEBUG   [client]  -> read  st0cur    
12:39:50.637  DEBUG   [client]  <- read  st0cur     ret=0  data=['0xf4', '0x01', '0xf6', '0x01']
12:39:50.828  DEBUG   [client]  -> read  st2mot    
12:39:50.831  DEBUG   [client]  <- read  st2mot     ret=0  data=['0xe8', '0x03']
12:39:51.028  DEBUG   [client]  -> read  st2mot    
12:39:51.031  DEBUG   [client]  <- read  st2mot     ret=0  data=['0xe8', '0x03']
12:39:51.061  DEBUG   [poll]    -> read  st2mot    
12:39:51.064  DEBUG   [poll]    <- read  st2mot     ret=0  data=['0xe8', '0x03']
12:39:51.065  DEBUG   [poll]    -> read  st0cur    
12:39:51.069  DEBUG   [poll]    <- read  st0cur     ret=0  data=['0xf5', '0x01', '0xf4', '0x01']
12:39:51.228  DEBUG   [client]  -> read  st2mot    
12:39:51.231  DEBUG   [client]  <- read  st2mot     ret=0  data=['0xe8', '0x03']
12:39:51.428  DEBUG   [client]  -> read  st2mot    
12:39:51.431  DEBUG   [client]  <- read  st2mot     ret=0  data=['0xe8', '0x03']
12:39:51.628  DEBUG   [client]  -> read  st2mot    
12:39:51.631  DEBUG   [client]  <- read  st2mot     ret=0  data=['0xcf', '0x03']
12:39:51.633  DEBUG   [client]  -> read  st0cur    
12:39:51.638  DEBUG   [client]  <- read  st0cur     ret=0  data=['0xf5', '0x01', '0xf4', '0x01']
12:39:51.828  DEBUG   [client]  -> read  st2mot    
12:39:51.831  DEBUG   [client]  <- read  st2mot     ret=0  data=['0xe8', '0x03']
12:39:52.028  DEBUG   [client]  -> read  st2mot    
12:39:52.031  DEBUG   [client]  <- read  st2mot     ret=0  data=['0xcf', '0x03']
12:39:52.070  DEBUG   [poll]    -> read  st2mot    
12:39:52.074  DEBUG   [poll]    <- read  st2mot     ret=0  data=['0xcf', '0x03']
12:39:52.074  DEBUG   [poll]    -> read  st0cur    
12:39:52.078  DEBUG   [poll]    <- read  st0cur     ret=0  data=['0xf5', '0x01', '0xf5', '0x01']
12:39:52.228  DEBUG   [client]  -> read  st2mot    
12:39:52.231  DEBUG   [client]  <- read  st2mot     ret=0  data=['0xe8', '0x03']
12:39:52.428  DEBUG   [client]  -> read  st2mot    
12:39:52.431  DEBUG   [client]  <- read  st2mot     ret=0  data=['0xcf', '0x03']
12:39:52.628  DEBUG   [client]  -> read  st2mot    
12:39:52.631  DEBUG   [client]  <- read  st2mot     ret=0  data=['0xe8', '0x03']
12:39:52.633  DEBUG   [client]  -> read  st0cur    
12:39:52.637  DEBUG   [client]  <- read  st0cur     ret=0  data=['0xf5', '0x01', '0xf5', '0x01']
12:39:52.828  DEBUG   [client]  -> read  st2mot    
12:39:52.831  DEBUG   [client]  <- read  st2mot     ret=0  data=['0xe8', '0x03']
12:39:53.028  DEBUG   [client]  -> read  st2mot    
12:39:53.031  DEBUG   [client]  <- read  st2mot     ret=0  data=['0xcf', '0x03']
12:39:53.080  DEBUG   [poll]    -> read  st2mot    
12:39:53.084  DEBUG   [poll]    <- read  st2mot     ret=0  data=['0xcf', '0x03']
12:39:53.084  DEBUG   [poll]    -> read  st0cur    
12:39:53.088  DEBUG   [poll]    <- read  st0cur     ret=0  data=['0xf4', '0x01', '0xf6', '0x01']
12:39:53.228  DEBUG   [client]  -> read  st2mot    
12:39:53.231  DEBUG   [client]  <- read  st2mot     ret=0  data=['0x01', '0x04']
12:39:53.428  DEBUG   [client]  -> read  st2mot    
12:39:53.431  DEBUG   [client]  <- read  st2mot     ret=0  data=['0xcf', '0x03']
12:39:53.433  DEBUG   [client]  -> write cntl3mot   data=['0x03', '0x20']
12:39:53.689  DEBUG   [client]  -> write cntl3mot   data=['0x02', '0x58']
12:39:53.944  DEBUG   [client]  -> write cntl3mot   data=['0x01', '0x90']
12:39:54.090  DEBUG   [poll]    -> read  st2mot    
12:39:54.093  DEBUG   [poll]    <- read  st2mot     ret=0  data=['0x26', '0x02']
12:39:54.094  DEBUG   [poll]    -> read  st0cur    
12:39:54.098  DEBUG   [poll]    <- read  st0cur     ret=0  data=['0xf7', '0x01', '0xf7', '0x01']
12:39:54.200  DEBUG   [client]  -> write cntl3mot   data=['0x00', '0xc8']
12:39:54.456  DEBUG   [client]  -> write cntl3mot   data=['0x00', '0x00']
12:39:54.460  WARNING client disconnected — stopping motor
12:39:54.461  DEBUG   [client]  -> write cntl3mot   data=['0x00', '0x00']
12:39:54.465  INFO    client disconnected
12:39:55.100  DEBUG   [poll]    -> read  st2mot    
12:39:55.103  DEBUG   [poll]    <- read  st2mot     ret=0  data=['0x00', '0x00']
12:39:55.103  DEBUG   [poll]    -> read  st0cur    
12:39:55.107  DEBUG   [poll]    <- read  st0cur     ret=0  data=['0xfc', '0x01', '0xff', '0x01']
12:39:55.107  WARNING *** OBSERVED STALL SIGNATURE (not acted on yet) — current=-0.20A while rpm=0 ***
12:39:56.108  DEBUG   [poll]    -> read  st2mot    
12:39:56.112  DEBUG   [poll]    <- read  st2mot     ret=0  data=['0x00', '0x00']
12:39:56.112  DEBUG   [poll]    -> read  st0cur    
12:39:56.116  DEBUG   [poll]    <- read  st0cur     ret=0  data=['0xfe', '0x01', '0x01', '0x02']
12:39:57.118  DEBUG   [poll]    -> read  st2mot    
12:39:57.121  DEBUG   [poll]    <- read  st2mot     ret=0  data=['0x00', '0x00']
12:39:57.122  DEBUG   [poll]    -> read  st0cur    
12:39:57.126  DEBUG   [poll]    <- read  st0cur     ret=0  data=['0xfe', '0x01', '0x01', '0x02']
12:39:58.127  DEBUG   [poll]    -> read  st2mot    
12:39:58.131  DEBUG   [poll]    <- read  st2mot     ret=0  data=['0x00', '0x00']
12:39:58.131  DEBUG   [poll]    -> read  st0cur    
12:39:58.135  DEBUG   [poll]    <- read  st0cur     ret=0  data=['0xfe', '0x01', '0x01', '0x02']
12:39:59.137  DEBUG   [poll]    -> read  st2mot    
12:39:59.140  DEBUG   [poll]    <- read  st2mot     ret=0  data=['0x00', '0x00']
12:39:59.141  DEBUG   [poll]    -> read  st0cur    
12:39:59.145  DEBUG   [poll]    <- read  st0cur     ret=0  data=['0xfe', '0x01', '0x01', '0x02']
12:39:59.347  INFO    client connected
12:39:59.348  DEBUG   [client]  -> write cntl0mot   data=['0x00', '0x00']
12:39:59.352  DEBUG   [client]  -> write cntl3mot   data=['0x00', '0x00']
12:39:59.355  DEBUG   [client]  -> write cntl3mot   data=['0x03', '0xe8']
12:39:59.359  DEBUG   [client]  -> read  st2mot    
12:39:59.363  DEBUG   [client]  <- read  st2mot     ret=0  data=['0x00', '0x00']
12:39:59.364  DEBUG   [client]  -> read  st0cur    
12:39:59.368  DEBUG   [client]  <- read  st0cur     ret=0  data=['0xfe', '0x01', '0x01', '0x02']
12:39:59.560  DEBUG   [client]  -> read  st2mot    
12:39:59.562  DEBUG   [client]  <- read  st2mot     ret=0  data=['0x00', '0x00']
12:39:59.759  DEBUG   [client]  -> read  st2mot    
12:39:59.762  DEBUG   [client]  <- read  st2mot     ret=0  data=['0xbc', '0x02']
12:39:59.960  DEBUG   [client]  -> read  st2mot    
12:39:59.963  DEBUG   [client]  <- read  st2mot     ret=0  data=['0x84', '0x03']
12:40:00.147  DEBUG   [poll]    -> read  st2mot    
12:40:00.150  DEBUG   [poll]    <- read  st2mot     ret=0  data=['0x39', '0x03']
12:40:00.151  DEBUG   [poll]    -> read  st0cur    
12:40:00.155  DEBUG   [poll]    <- read  st0cur     ret=0  data=['0xf7', '0x01', '0xf8', '0x01']
12:40:00.160  DEBUG   [client]  -> read  st2mot    
12:40:00.163  DEBUG   [client]  <- read  st2mot     ret=0  data=['0x39', '0x03']
12:40:00.360  DEBUG   [client]  -> read  st2mot    
12:40:00.363  DEBUG   [client]  <- read  st2mot     ret=0  data=['0x84', '0x03']
12:40:00.365  DEBUG   [client]  -> read  st0cur    
12:40:00.369  DEBUG   [client]  <- read  st0cur     ret=0  data=['0xf7', '0x01', '0xf8', '0x01']
12:40:00.560  DEBUG   [client]  -> read  st2mot    
12:40:00.563  DEBUG   [client]  <- read  st2mot     ret=0  data=['0xb6', '0x03']
12:40:00.760  DEBUG   [client]  -> read  st2mot    
12:40:00.763  DEBUG   [client]  <- read  st2mot     ret=0  data=['0xb6', '0x03']
12:40:00.960  DEBUG   [client]  -> read  st2mot    
12:40:00.963  DEBUG   [client]  <- read  st2mot     ret=0  data=['0xe8', '0x03']
12:40:01.156  DEBUG   [poll]    -> read  st2mot    
12:40:01.160  DEBUG   [poll]    <- read  st2mot     ret=0  data=['0xcf', '0x03']
12:40:01.160  DEBUG   [poll]    -> read  st0cur    
12:40:01.165  DEBUG   [poll]    <- read  st0cur     ret=0  data=['0xf5', '0x01', '0xf6', '0x01']
12:40:01.165  DEBUG   [client]  -> read  st2mot    
12:40:01.168  DEBUG   [client]  <- read  st2mot     ret=0  data=['0xcf', '0x03']
12:40:01.360  DEBUG   [client]  -> read  st2mot    
12:40:01.363  DEBUG   [client]  <- read  st2mot     ret=0  data=['0xe8', '0x03']
12:40:01.365  DEBUG   [client]  -> read  st0cur    
12:40:01.369  DEBUG   [client]  <- read  st0cur     ret=0  data=['0xf5', '0x01', '0xf6', '0x01']
12:40:01.560  DEBUG   [client]  -> read  st2mot    
12:40:01.563  DEBUG   [client]  <- read  st2mot     ret=0  data=['0xe8', '0x03']
12:40:01.760  DEBUG   [client]  -> read  st2mot    
12:40:01.763  DEBUG   [client]  <- read  st2mot     ret=0  data=['0xe8', '0x03']
12:40:01.960  DEBUG   [client]  -> read  st2mot    
12:40:01.963  DEBUG   [client]  <- read  st2mot     ret=0  data=['0xe8', '0x03']
12:40:02.160  DEBUG   [client]  -> read  st2mot    
12:40:02.163  DEBUG   [client]  <- read  st2mot     ret=0  data=['0xe8', '0x03']
12:40:02.166  DEBUG   [poll]    -> read  st2mot    
12:40:02.170  DEBUG   [poll]    <- read  st2mot     ret=0  data=['0xe8', '0x03']
12:40:02.170  DEBUG   [poll]    -> read  st0cur    
12:40:02.174  DEBUG   [poll]    <- read  st0cur     ret=0  data=['0xf5', '0x01', '0xf5', '0x01']
12:40:02.360  DEBUG   [client]  -> read  st2mot    
12:40:02.363  DEBUG   [client]  <- read  st2mot     ret=0  data=['0xe8', '0x03']
12:40:02.365  DEBUG   [client]  -> read  st0cur    
12:40:02.369  DEBUG   [client]  <- read  st0cur     ret=0  data=['0xf5', '0x01', '0xf5', '0x01']
12:40:02.560  DEBUG   [client]  -> read  st2mot    
12:40:02.563  DEBUG   [client]  <- read  st2mot     ret=0  data=['0xe8', '0x03']
12:40:02.760  DEBUG   [client]  -> read  st2mot    
12:40:02.763  DEBUG   [client]  <- read  st2mot     ret=0  data=['0xcf', '0x03']
12:40:02.960  DEBUG   [client]  -> read  st2mot    
12:40:02.963  DEBUG   [client]  <- read  st2mot     ret=0  data=['0x01', '0x04']
12:40:03.160  DEBUG   [client]  -> read  st2mot    
12:40:03.163  DEBUG   [client]  <- read  st2mot     ret=0  data=['0xcf', '0x03']
12:40:03.176  DEBUG   [poll]    -> read  st2mot    
12:40:03.179  DEBUG   [poll]    <- read  st2mot     ret=0  data=['0xcf', '0x03']
12:40:03.180  DEBUG   [poll]    -> read  st0cur    
12:40:03.184  DEBUG   [poll]    <- read  st0cur     ret=0  data=['0xf5', '0x01', '0xf7', '0x01']
12:40:03.360  DEBUG   [client]  -> read  st2mot    
12:40:03.363  DEBUG   [client]  <- read  st2mot     ret=0  data=['0x01', '0x04']
12:40:03.365  DEBUG   [client]  -> read  st0cur    
12:40:03.369  DEBUG   [client]  <- read  st0cur     ret=0  data=['0xf5', '0x01', '0xf7', '0x01']
12:40:03.560  DEBUG   [client]  -> read  st2mot    
12:40:03.563  DEBUG   [client]  <- read  st2mot     ret=0  data=['0xe8', '0x03']
12:40:03.760  DEBUG   [client]  -> read  st2mot    
12:40:03.763  DEBUG   [client]  <- read  st2mot     ret=0  data=['0xe8', '0x03']
12:40:03.960  DEBUG   [client]  -> read  st2mot    
12:40:03.963  DEBUG   [client]  <- read  st2mot     ret=0  data=['0xe8', '0x03']
12:40:04.160  DEBUG   [client]  -> read  st2mot    
12:40:04.167  DEBUG   [client]  <- read  st2mot     ret=0  data=['0x01', '0x04']
12:40:04.186  DEBUG   [poll]    -> read  st2mot    
12:40:04.189  DEBUG   [poll]    <- read  st2mot     ret=0  data=['0xe8', '0x03']
12:40:04.190  DEBUG   [poll]    -> read  st0cur    
12:40:04.194  DEBUG   [poll]    <- read  st0cur     ret=0  data=['0xf6', '0x01', '0xf5', '0x01']
12:40:04.360  DEBUG   [client]  -> read  st2mot    
12:40:04.363  DEBUG   [client]  <- read  st2mot     ret=0  data=['0xe8', '0x03']
12:40:04.365  DEBUG   [client]  -> read  st0cur    
12:40:04.369  DEBUG   [client]  <- read  st0cur     ret=0  data=['0xf6', '0x01', '0xf5', '0x01']
12:40:04.560  DEBUG   [client]  -> read  st2mot    
12:40:04.563  DEBUG   [client]  <- read  st2mot     ret=0  data=['0xe8', '0x03']
12:40:04.760  DEBUG   [client]  -> read  st2mot    
12:40:04.763  DEBUG   [client]  <- read  st2mot     ret=0  data=['0xe8', '0x03']
12:40:04.960  DEBUG   [client]  -> read  st2mot    
12:40:04.963  DEBUG   [client]  <- read  st2mot     ret=0  data=['0x01', '0x04']
12:40:05.160  DEBUG   [client]  -> read  st2mot    
12:40:05.163  DEBUG   [client]  <- read  st2mot     ret=0  data=['0xe8', '0x03']
12:40:05.196  DEBUG   [poll]    -> read  st2mot    
12:40:05.199  DEBUG   [poll]    <- read  st2mot     ret=0  data=['0xe8', '0x03']
12:40:05.199  DEBUG   [poll]    -> read  st0cur    
12:40:05.204  DEBUG   [poll]    <- read  st0cur     ret=0  data=['0xf4', '0x01', '0xf6', '0x01']
12:40:05.360  DEBUG   [client]  -> read  st2mot    
12:40:05.363  DEBUG   [client]  <- read  st2mot     ret=0  data=['0xe8', '0x03']
12:40:05.365  DEBUG   [client]  -> read  st0cur    
12:40:05.369  DEBUG   [client]  <- read  st0cur     ret=0  data=['0xf4', '0x01', '0xf6', '0x01']
12:40:05.560  DEBUG   [client]  -> read  st2mot    
12:40:05.563  DEBUG   [client]  <- read  st2mot     ret=0  data=['0x01', '0x04']
12:40:05.760  DEBUG   [client]  -> read  st2mot    
12:40:05.763  DEBUG   [client]  <- read  st2mot     ret=0  data=['0xe8', '0x03']
12:40:05.960  DEBUG   [client]  -> read  st2mot    
12:40:05.963  DEBUG   [client]  <- read  st2mot     ret=0  data=['0x01', '0x04']
12:40:06.160  DEBUG   [client]  -> read  st2mot    
12:40:06.163  DEBUG   [client]  <- read  st2mot     ret=0  data=['0xe8', '0x03']
12:40:06.165  DEBUG   [client]  -> write cntl3mot   data=['0x03', '0x20']
12:40:06.205  DEBUG   [poll]    -> read  st2mot    
12:40:06.209  DEBUG   [poll]    <- read  st2mot     ret=0  data=['0xe8', '0x03']
12:40:06.209  DEBUG   [poll]    -> read  st0cur    
12:40:06.213  DEBUG   [poll]    <- read  st0cur     ret=0  data=['0xf6', '0x01', '0xf6', '0x01']
12:40:06.421  DEBUG   [client]  -> write cntl3mot   data=['0x02', '0x58']
12:40:06.677  DEBUG   [client]  -> write cntl3mot   data=['0x01', '0x90']
12:40:06.932  DEBUG   [client]  -> write cntl3mot   data=['0x00', '0xc8']
12:40:07.188  DEBUG   [client]  -> write cntl3mot   data=['0x00', '0x00']
12:40:07.192  WARNING client disconnected — stopping motor
12:40:07.193  DEBUG   [client]  -> write cntl3mot   data=['0x00', '0x00']
12:40:07.197  INFO    client disconnected
12:40:07.215  DEBUG   [poll]    -> read  st2mot    
12:40:07.219  DEBUG   [poll]    <- read  st2mot     ret=0  data=['0xe1', '0x00']
12:40:07.219  DEBUG   [poll]    -> read  st0cur    
12:40:07.224  DEBUG   [poll]    <- read  st0cur     ret=0  data=['0xf8', '0x01', '0xfb', '0x01']
12:40:08.225  DEBUG   [poll]    -> read  st2mot    
12:40:08.229  DEBUG   [poll]    <- read  st2mot     ret=0  data=['0x00', '0x00']
12:40:08.229  DEBUG   [poll]    -> read  st0cur    
12:40:08.234  DEBUG   [poll]    <- read  st0cur     ret=0  data=['0xfe', '0x01', '0x00', '0x02']
12:40:09.235  DEBUG   [poll]    -> read  st2mot    
12:40:09.239  DEBUG   [poll]    <- read  st2mot     ret=0  data=['0x00', '0x00']
12:40:09.239  DEBUG   [poll]    -> read  st0cur    
12:40:09.244  DEBUG   [poll]    <- read  st0cur     ret=0  data=['0xfe', '0x01', '0x01', '0x02']
12:40:10.245  DEBUG   [poll]    -> read  st2mot    
12:40:10.249  DEBUG   [poll]    <- read  st2mot     ret=0  data=['0x00', '0x00']
12:40:10.249  DEBUG   [poll]    -> read  st0cur    
12:40:10.253  DEBUG   [poll]    <- read  st0cur     ret=0  data=['0xfe', '0x01', '0x01', '0x02']
12:40:11.255  DEBUG   [poll]    -> read  st2mot    
12:40:11.258  DEBUG   [poll]    <- read  st2mot     ret=0  data=['0x00', '0x00']
12:40:11.259  DEBUG   [poll]    -> read  st0cur    
12:40:11.263  DEBUG   [poll]    <- read  st0cur     ret=0  data=['0xfe', '0x01', '0x01', '0x02']
12:40:12.264  DEBUG   [poll]    -> read  st2mot    
12:40:12.268  DEBUG   [poll]    <- read  st2mot     ret=0  data=['0x00', '0x00']
12:40:12.268  DEBUG   [poll]    -> read  st0cur    
12:40:12.272  DEBUG   [poll]    <- read  st0cur     ret=0  data=['0xfe', '0x01', '0x01', '0x02']
12:40:13.274  DEBUG   [poll]    -> read  st2mot    
12:40:13.277  DEBUG   [poll]    <- read  st2mot     ret=0  data=['0x00', '0x00']
12:40:13.278  DEBUG   [poll]    -> read  st0cur    
12:40:13.282  DEBUG   [poll]    <- read  st0cur     ret=0  data=['0xfe', '0x01', '0x01', '0x02']
12:40:14.283  DEBUG   [poll]    -> read  st2mot    
12:40:14.287  DEBUG   [poll]    <- read  st2mot     ret=0  data=['0x00', '0x00']
12:40:14.287  DEBUG   [poll]    -> read  st0cur    
12:40:14.291  DEBUG   [poll]    <- read  st0cur     ret=0  data=['0xfe', '0x01', '0x01', '0x02']
12:40:14.431  INFO    client connected
12:40:14.432  DEBUG   [client]  -> write cntl0mot   data=['0x08', '0x00']
12:40:14.436  DEBUG   [client]  -> write cntl3mot   data=['0x00', '0x00']
12:40:14.440  DEBUG   [client]  -> write cntl3mot   data=['0x03', '0xe8']
12:40:14.444  DEBUG   [client]  -> read  st2mot    
12:40:14.447  DEBUG   [client]  <- read  st2mot     ret=0  data=['0x00', '0x00']
12:40:14.448  DEBUG   [client]  -> read  st0cur    
12:40:14.452  DEBUG   [client]  <- read  st0cur     ret=0  data=['0xfe', '0x01', '0x01', '0x02']
12:40:14.644  DEBUG   [client]  -> read  st2mot    
12:40:14.647  DEBUG   [client]  <- read  st2mot     ret=0  data=['0x20', '0x03']
12:40:14.844  DEBUG   [client]  -> read  st2mot    
12:40:14.847  DEBUG   [client]  <- read  st2mot     ret=0  data=['0x58', '0x02']
12:40:15.044  DEBUG   [client]  -> read  st2mot    
12:40:15.047  DEBUG   [client]  <- read  st2mot     ret=0  data=['0xd5', '0x02']
12:40:15.244  DEBUG   [client]  -> read  st2mot    
12:40:15.248  DEBUG   [client]  <- read  st2mot     ret=0  data=['0x52', '0x03']
12:40:15.293  DEBUG   [poll]    -> read  st2mot    
12:40:15.296  DEBUG   [poll]    <- read  st2mot     ret=0  data=['0x52', '0x03']
12:40:15.297  DEBUG   [poll]    -> read  st0cur    
12:40:15.301  DEBUG   [poll]    <- read  st0cur     ret=0  data=['0xf6', '0x01', '0xf9', '0x01']
12:40:15.444  DEBUG   [client]  -> read  st2mot    
12:40:15.448  DEBUG   [client]  <- read  st2mot     ret=0  data=['0x39', '0x03']
12:40:15.449  DEBUG   [client]  -> read  st0cur    
12:40:15.454  DEBUG   [client]  <- read  st0cur     ret=0  data=['0xf6', '0x01', '0xf9', '0x01']
12:40:15.644  DEBUG   [client]  -> read  st2mot    
12:40:15.648  DEBUG   [client]  <- read  st2mot     ret=0  data=['0x9d', '0x03']
12:40:15.844  DEBUG   [client]  -> read  st2mot    
12:40:15.848  DEBUG   [client]  <- read  st2mot     ret=0  data=['0x84', '0x03']
12:40:16.044  DEBUG   [client]  -> read  st2mot    
12:40:16.048  DEBUG   [client]  <- read  st2mot     ret=0  data=['0x84', '0x03']
12:40:16.244  DEBUG   [client]  -> read  st2mot    
12:40:16.248  DEBUG   [client]  <- read  st2mot     ret=0  data=['0xb6', '0x03']
12:40:16.302  DEBUG   [poll]    -> read  st2mot    
12:40:16.306  DEBUG   [poll]    <- read  st2mot     ret=0  data=['0xb6', '0x03']
12:40:16.306  DEBUG   [poll]    -> read  st0cur    
12:40:16.310  DEBUG   [poll]    <- read  st0cur     ret=0  data=['0xf6', '0x01', '0xf4', '0x01']
12:40:16.444  DEBUG   [client]  -> read  st2mot    
12:40:16.447  DEBUG   [client]  <- read  st2mot     ret=0  data=['0x9d', '0x03']
12:40:16.449  DEBUG   [client]  -> read  st0cur    
12:40:16.453  DEBUG   [client]  <- read  st0cur     ret=0  data=['0xf6', '0x01', '0xf4', '0x01']
12:40:16.644  DEBUG   [client]  -> read  st2mot    
12:40:16.648  DEBUG   [client]  <- read  st2mot     ret=0  data=['0x01', '0x04']
12:40:16.844  DEBUG   [client]  -> read  st2mot    
12:40:16.848  DEBUG   [client]  <- read  st2mot     ret=0  data=['0xb6', '0x03']
12:40:17.044  DEBUG   [client]  -> read  st2mot    
12:40:17.048  DEBUG   [client]  <- read  st2mot     ret=0  data=['0xe8', '0x03']
12:40:17.244  DEBUG   [client]  -> read  st2mot    
12:40:17.248  DEBUG   [client]  <- read  st2mot     ret=0  data=['0x01', '0x04']
12:40:17.312  DEBUG   [poll]    -> read  st2mot    
12:40:17.315  DEBUG   [poll]    <- read  st2mot     ret=0  data=['0xb6', '0x03']
12:40:17.316  DEBUG   [poll]    -> read  st0cur    
12:40:17.320  DEBUG   [poll]    <- read  st0cur     ret=0  data=['0xf4', '0x01', '0xf5', '0x01']
12:40:17.444  DEBUG   [client]  -> read  st2mot    
12:40:17.447  DEBUG   [client]  <- read  st2mot     ret=0  data=['0x01', '0x04']
12:40:17.449  DEBUG   [client]  -> read  st0cur    
12:40:17.453  DEBUG   [client]  <- read  st0cur     ret=0  data=['0xf4', '0x01', '0xf5', '0x01']
12:40:17.644  DEBUG   [client]  -> read  st2mot    
12:40:17.648  DEBUG   [client]  <- read  st2mot     ret=0  data=['0xcf', '0x03']
12:40:17.844  DEBUG   [client]  -> read  st2mot    
12:40:17.848  DEBUG   [client]  <- read  st2mot     ret=0  data=['0x01', '0x04']
12:40:18.044  DEBUG   [client]  -> read  st2mot    
12:40:18.048  DEBUG   [client]  <- read  st2mot     ret=0  data=['0xcf', '0x03']
12:40:18.244  DEBUG   [client]  -> read  st2mot    
12:40:18.248  DEBUG   [client]  <- read  st2mot     ret=0  data=['0xe8', '0x03']
12:40:18.321  DEBUG   [poll]    -> read  st2mot    
12:40:18.324  DEBUG   [poll]    <- read  st2mot     ret=0  data=['0xe8', '0x03']
12:40:18.325  DEBUG   [poll]    -> read  st0cur    
12:40:18.329  DEBUG   [poll]    <- read  st0cur     ret=0  data=['0xf5', '0x01', '0xf6', '0x01']
12:40:18.444  DEBUG   [client]  -> read  st2mot    
12:40:18.447  DEBUG   [client]  <- read  st2mot     ret=0  data=['0xb6', '0x03']
12:40:18.449  DEBUG   [client]  -> read  st0cur    
12:40:18.453  DEBUG   [client]  <- read  st0cur     ret=0  data=['0xf5', '0x01', '0xf6', '0x01']
12:40:18.644  DEBUG   [client]  -> read  st2mot    
12:40:18.648  DEBUG   [client]  <- read  st2mot     ret=0  data=['0x01', '0x04']
12:40:18.844  DEBUG   [client]  -> read  st2mot    
12:40:18.848  DEBUG   [client]  <- read  st2mot     ret=0  data=['0xb6', '0x03']
12:40:19.044  DEBUG   [client]  -> read  st2mot    
12:40:19.048  DEBUG   [client]  <- read  st2mot     ret=0  data=['0xe8', '0x03']
12:40:19.244  DEBUG   [client]  -> read  st2mot    
12:40:19.248  DEBUG   [client]  <- read  st2mot     ret=0  data=['0xcf', '0x03']
12:40:19.330  DEBUG   [poll]    -> read  st2mot    
12:40:19.334  DEBUG   [poll]    <- read  st2mot     ret=0  data=['0x01', '0x04']
12:40:19.336  DEBUG   [poll]    -> read  st0cur    
12:40:19.340  DEBUG   [poll]    <- read  st0cur     ret=0  data=['0xf5', '0x01', '0xf5', '0x01']
12:40:19.444  DEBUG   [client]  -> read  st2mot    
12:40:19.447  DEBUG   [client]  <- read  st2mot     ret=0  data=['0x01', '0x04']
12:40:19.449  DEBUG   [client]  -> read  st0cur    
12:40:19.453  DEBUG   [client]  <- read  st0cur     ret=0  data=['0xf5', '0x01', '0xf5', '0x01']
12:40:19.644  DEBUG   [client]  -> read  st2mot    
12:40:19.648  DEBUG   [client]  <- read  st2mot     ret=0  data=['0xb6', '0x03']
12:40:19.844  DEBUG   [client]  -> read  st2mot    
12:40:19.848  DEBUG   [client]  <- read  st2mot     ret=0  data=['0x01', '0x04']
12:40:20.044  DEBUG   [client]  -> read  st2mot    
12:40:20.048  DEBUG   [client]  <- read  st2mot     ret=0  data=['0xcf', '0x03']
12:40:20.244  DEBUG   [client]  -> read  st2mot    
12:40:20.248  DEBUG   [client]  <- read  st2mot     ret=0  data=['0x1a', '0x04']
12:40:20.341  DEBUG   [poll]    -> read  st2mot    
12:40:20.344  DEBUG   [poll]    <- read  st2mot     ret=0  data=['0xe8', '0x03']
12:40:20.345  DEBUG   [poll]    -> read  st0cur    
12:40:20.349  DEBUG   [poll]    <- read  st0cur     ret=0  data=['0xf5', '0x01', '0xf5', '0x01']
12:40:20.444  DEBUG   [client]  -> read  st2mot    
12:40:20.447  DEBUG   [client]  <- read  st2mot     ret=0  data=['0xcf', '0x03']
12:40:20.449  DEBUG   [client]  -> read  st0cur    
12:40:20.453  DEBUG   [client]  <- read  st0cur     ret=0  data=['0xf5', '0x01', '0xf5', '0x01']
12:40:20.644  DEBUG   [client]  -> read  st2mot    
12:40:20.648  DEBUG   [client]  <- read  st2mot     ret=0  data=['0xe8', '0x03']
12:40:20.844  DEBUG   [client]  -> read  st2mot    
12:40:20.848  DEBUG   [client]  <- read  st2mot     ret=0  data=['0xcf', '0x03']
12:40:21.044  DEBUG   [client]  -> read  st2mot    
12:40:21.048  DEBUG   [client]  <- read  st2mot     ret=0  data=['0xe8', '0x03']
12:40:21.244  DEBUG   [client]  -> read  st2mot    
12:40:21.248  DEBUG   [client]  <- read  st2mot     ret=0  data=['0x1a', '0x04']
12:40:21.249  DEBUG   [client]  -> write cntl3mot   data=['0x03', '0x20']
12:40:21.351  DEBUG   [poll]    -> read  st2mot    
12:40:21.354  DEBUG   [poll]    <- read  st2mot     ret=0  data=['0x6b', '0x03']
12:40:21.354  DEBUG   [poll]    -> read  st0cur    
12:40:21.359  DEBUG   [poll]    <- read  st0cur     ret=0  data=['0xf4', '0x01', '0xf7', '0x01']
12:40:21.505  DEBUG   [client]  -> write cntl3mot   data=['0x02', '0x58']
12:40:21.761  DEBUG   [client]  -> write cntl3mot   data=['0x01', '0x90']
12:40:22.016  DEBUG   [client]  -> write cntl3mot   data=['0x00', '0xc8']
12:40:22.272  DEBUG   [client]  -> write cntl3mot   data=['0x00', '0x00']
12:40:22.277  WARNING client disconnected — stopping motor
12:40:22.277  DEBUG   [client]  -> write cntl3mot   data=['0x00', '0x00']
12:40:22.282  INFO    client disconnected
12:40:22.360  DEBUG   [poll]    -> read  st2mot    
12:40:22.364  DEBUG   [poll]    <- read  st2mot     ret=0  data=['0xe1', '0x00']
12:40:22.364  DEBUG   [poll]    -> read  st0cur    
12:40:22.368  DEBUG   [poll]    <- read  st0cur     ret=0  data=['0xf8', '0x01', '0xf9', '0x01']
12:40:23.370  DEBUG   [poll]    -> read  st2mot    
12:40:23.374  DEBUG   [poll]    <- read  st2mot     ret=0  data=['0x00', '0x00']
12:40:23.374  DEBUG   [poll]    -> read  st0cur    
12:40:23.378  DEBUG   [poll]    <- read  st0cur     ret=0  data=['0xfd', '0x01', '0x00', '0x02']
12:40:24.380  DEBUG   [poll]    -> read  st2mot    
12:40:24.383  DEBUG   [poll]    <- read  st2mot     ret=0  data=['0x00', '0x00']
12:40:24.385  DEBUG   [poll]    -> read  st0cur    
12:40:24.389  DEBUG   [poll]    <- read  st0cur     ret=0  data=['0xfe', '0x01', '0x01', '0x02']
12:40:25.391  DEBUG   [poll]    -> read  st2mot    
12:40:25.394  DEBUG   [poll]    <- read  st2mot     ret=0  data=['0x00', '0x00']
12:40:25.395  DEBUG   [poll]    -> read  st0cur    
12:40:25.399  DEBUG   [poll]    <- read  st0cur     ret=0  data=['0xfe', '0x01', '0x01', '0x02']
12:40:26.400  DEBUG   [poll]    -> read  st2mot    
12:40:26.404  DEBUG   [poll]    <- read  st2mot     ret=0  data=['0x00', '0x00']
12:40:26.404  DEBUG   [poll]    -> read  st0cur    
12:40:26.408  DEBUG   [poll]    <- read  st0cur     ret=0  data=['0xfe', '0x01', '0x01', '0x02']
12:40:27.410  DEBUG   [poll]    -> read  st2mot    
12:40:27.413  DEBUG   [poll]    <- read  st2mot     ret=0  data=['0x00', '0x00']
12:40:27.414  DEBUG   [poll]    -> read  st0cur    
12:40:27.418  DEBUG   [poll]    <- read  st0cur     ret=0  data=['0xfe', '0x01', '0x01', '0x02']
12:40:28.420  DEBUG   [poll]    -> read  st2mot    
12:40:28.423  DEBUG   [poll]    <- read  st2mot     ret=0  data=['0x00', '0x00']
12:40:28.423  DEBUG   [poll]    -> read  st0cur    
12:40:28.428  DEBUG   [poll]    <- read  st0cur     ret=0  data=['0xfe', '0x01', '0x01', '0x02']
12:40:29.429  DEBUG   [poll]    -> read  st2mot    
12:40:29.432  DEBUG   [poll]    <- read  st2mot     ret=0  data=['0x00', '0x00']
12:40:29.433  DEBUG   [poll]    -> read  st0cur    
12:40:29.437  DEBUG   [poll]    <- read  st0cur     ret=0  data=['0xfe', '0x01', '0x01', '0x02']
12:40:29.446  INFO    client connected
12:40:29.446  DEBUG   [client]  -> write cntl0mot   data=['0xf8', '0x03']
12:40:29.450  DEBUG   [client]  -> write cntl3mot   data=['0x00', '0x00']
12:40:29.454  DEBUG   [client]  -> write cntl3mot   data=['0x03', '0xe8']
12:40:29.458  DEBUG   [client]  -> read  st2mot    
12:40:29.461  DEBUG   [client]  <- read  st2mot     ret=0  data=['0x00', '0x00']
12:40:29.462  DEBUG   [client]  -> read  st0cur    
12:40:29.466  DEBUG   [client]  <- read  st0cur     ret=0  data=['0xfe', '0x01', '0x01', '0x02']
12:40:29.658  DEBUG   [client]  -> read  st2mot    
12:40:29.661  DEBUG   [client]  <- read  st2mot     ret=0  data=['0x00', '0x00']
12:40:29.858  DEBUG   [client]  -> read  st2mot    
12:40:29.861  DEBUG   [client]  <- read  st2mot     ret=0  data=['0xaf', '0x00']
12:40:30.058  DEBUG   [client]  -> read  st2mot    
12:40:30.061  DEBUG   [client]  <- read  st2mot     ret=0  data=['0x7e', '0x04']
12:40:30.259  DEBUG   [client]  -> read  st2mot    
12:40:30.262  DEBUG   [client]  <- read  st2mot     ret=0  data=['0x14', '0x05']
12:40:30.438  DEBUG   [poll]    -> read  st2mot    
12:40:30.442  DEBUG   [poll]    <- read  st2mot     ret=0  data=['0x97', '0x04']
12:40:30.442  DEBUG   [poll]    -> read  st0cur    
12:40:30.447  DEBUG   [poll]    <- read  st0cur     ret=0  data=['0xf6', '0x01', '0xf8', '0x01']
12:40:30.459  DEBUG   [client]  -> read  st2mot    
12:40:30.462  DEBUG   [client]  <- read  st2mot     ret=0  data=['0x97', '0x04']
12:40:30.464  DEBUG   [client]  -> read  st0cur    
12:40:30.468  DEBUG   [client]  <- read  st0cur     ret=0  data=['0xf6', '0x01', '0xf8', '0x01']
12:40:30.658  DEBUG   [client]  -> read  st2mot    
12:40:30.662  DEBUG   [client]  <- read  st2mot     ret=0  data=['0x01', '0x04']
12:40:30.859  DEBUG   [client]  -> read  st2mot    
12:40:30.862  DEBUG   [client]  <- read  st2mot     ret=0  data=['0xcf', '0x03']
12:40:31.059  DEBUG   [client]  -> read  st2mot    
12:40:31.062  DEBUG   [client]  <- read  st2mot     ret=0  data=['0xe8', '0x03']
12:40:31.258  DEBUG   [client]  -> read  st2mot    
12:40:31.262  DEBUG   [client]  <- read  st2mot     ret=0  data=['0xe8', '0x03']
12:40:31.448  DEBUG   [poll]    -> read  st2mot    
12:40:31.452  DEBUG   [poll]    <- read  st2mot     ret=0  data=['0xe8', '0x03']
12:40:31.452  DEBUG   [poll]    -> read  st0cur    
12:40:31.456  DEBUG   [poll]    <- read  st0cur     ret=0  data=['0xf5', '0x01', '0xf5', '0x01']
12:40:31.458  DEBUG   [client]  -> read  st2mot    
12:40:31.462  DEBUG   [client]  <- read  st2mot     ret=0  data=['0xe8', '0x03']
12:40:31.464  DEBUG   [client]  -> read  st0cur    
12:40:31.468  DEBUG   [client]  <- read  st0cur     ret=0  data=['0xf5', '0x01', '0xf5', '0x01']
12:40:31.658  DEBUG   [client]  -> read  st2mot    
12:40:31.662  DEBUG   [client]  <- read  st2mot     ret=0  data=['0xe8', '0x03']
12:40:31.858  DEBUG   [client]  -> read  st2mot    
12:40:31.862  DEBUG   [client]  <- read  st2mot     ret=0  data=['0xe8', '0x03']
12:40:32.058  DEBUG   [client]  -> read  st2mot    
12:40:32.062  DEBUG   [client]  <- read  st2mot     ret=0  data=['0xe8', '0x03']
12:40:32.258  DEBUG   [client]  -> read  st2mot    
12:40:32.262  DEBUG   [client]  <- read  st2mot     ret=0  data=['0xe8', '0x03']
12:40:32.458  DEBUG   [client]  -> read  st2mot    
12:40:32.462  DEBUG   [client]  <- read  st2mot     ret=0  data=['0xe8', '0x03']
12:40:32.463  DEBUG   [poll]    -> read  st2mot    
12:40:32.467  DEBUG   [poll]    <- read  st2mot     ret=0  data=['0xe8', '0x03']
12:40:32.467  DEBUG   [poll]    -> read  st0cur    
12:40:32.471  DEBUG   [poll]    <- read  st0cur     ret=0  data=['0xf6', '0x01', '0xf7', '0x01']
12:40:32.472  DEBUG   [client]  -> read  st0cur    
12:40:32.476  DEBUG   [client]  <- read  st0cur     ret=0  data=['0xf6', '0x01', '0xf7', '0x01']
12:40:32.658  DEBUG   [client]  -> read  st2mot    
12:40:32.662  DEBUG   [client]  <- read  st2mot     ret=0  data=['0xcf', '0x03']
12:40:32.858  DEBUG   [client]  -> read  st2mot    
12:40:32.862  DEBUG   [client]  <- read  st2mot     ret=0  data=['0xcf', '0x03']
12:40:33.058  DEBUG   [client]  -> read  st2mot    
12:40:33.062  DEBUG   [client]  <- read  st2mot     ret=0  data=['0x01', '0x04']
12:40:33.258  DEBUG   [client]  -> read  st2mot    
12:40:33.262  DEBUG   [client]  <- read  st2mot     ret=0  data=['0x01', '0x04']
12:40:33.458  DEBUG   [client]  -> read  st2mot    
12:40:33.462  DEBUG   [client]  <- read  st2mot     ret=0  data=['0xe8', '0x03']
12:40:33.464  DEBUG   [client]  -> read  st0cur    
12:40:33.468  DEBUG   [client]  <- read  st0cur     ret=0  data=['0xf4', '0x01', '0xf5', '0x01']
12:40:33.473  DEBUG   [poll]    -> read  st2mot    
12:40:33.476  DEBUG   [poll]    <- read  st2mot     ret=0  data=['0xe8', '0x03']
12:40:33.477  DEBUG   [poll]    -> read  st0cur    
12:40:33.481  DEBUG   [poll]    <- read  st0cur     ret=0  data=['0xf4', '0x01', '0xf5', '0x01']
12:40:33.658  DEBUG   [client]  -> read  st2mot    
12:40:33.662  DEBUG   [client]  <- read  st2mot     ret=0  data=['0xcf', '0x03']
12:40:33.858  DEBUG   [client]  -> read  st2mot    
12:40:33.862  DEBUG   [client]  <- read  st2mot     ret=0  data=['0x01', '0x04']
12:40:34.058  DEBUG   [client]  -> read  st2mot    
12:40:34.062  DEBUG   [client]  <- read  st2mot     ret=0  data=['0xcf', '0x03']
12:40:34.258  DEBUG   [client]  -> read  st2mot    
12:40:34.262  DEBUG   [client]  <- read  st2mot     ret=0  data=['0x01', '0x04']
12:40:34.458  DEBUG   [client]  -> read  st2mot    
12:40:34.465  DEBUG   [client]  <- read  st2mot     ret=0  data=['0xe8', '0x03']
12:40:34.467  DEBUG   [client]  -> read  st0cur    
12:40:34.471  DEBUG   [client]  <- read  st0cur     ret=0  data=['0xf5', '0x01', '0xf6', '0x01']
12:40:34.482  DEBUG   [poll]    -> read  st2mot    
12:40:34.486  DEBUG   [poll]    <- read  st2mot     ret=0  data=['0xe8', '0x03']
12:40:34.486  DEBUG   [poll]    -> read  st0cur    
12:40:34.491  DEBUG   [poll]    <- read  st0cur     ret=0  data=['0xf5', '0x01', '0xf6', '0x01']
12:40:34.659  DEBUG   [client]  -> read  st2mot    
12:40:34.662  DEBUG   [client]  <- read  st2mot     ret=0  data=['0xcf', '0x03']
12:40:34.859  DEBUG   [client]  -> read  st2mot    
12:40:34.862  DEBUG   [client]  <- read  st2mot     ret=0  data=['0xe8', '0x03']
12:40:35.059  DEBUG   [client]  -> read  st2mot    
12:40:35.062  DEBUG   [client]  <- read  st2mot     ret=0  data=['0xe8', '0x03']
12:40:35.259  DEBUG   [client]  -> read  st2mot    
12:40:35.262  DEBUG   [client]  <- read  st2mot     ret=0  data=['0xe8', '0x03']
12:40:35.459  DEBUG   [client]  -> read  st2mot    
12:40:35.462  DEBUG   [client]  <- read  st2mot     ret=0  data=['0x01', '0x04']
12:40:35.464  DEBUG   [client]  -> read  st0cur    
12:40:35.468  DEBUG   [client]  <- read  st0cur     ret=0  data=['0xf6', '0x01', '0xf5', '0x01']
12:40:35.493  DEBUG   [poll]    -> read  st2mot    
12:40:35.496  DEBUG   [poll]    <- read  st2mot     ret=0  data=['0x01', '0x04']
12:40:35.497  DEBUG   [poll]    -> read  st0cur    
12:40:35.501  DEBUG   [poll]    <- read  st0cur     ret=0  data=['0xf6', '0x01', '0xf5', '0x01']
12:40:35.659  DEBUG   [client]  -> read  st2mot    
12:40:35.662  DEBUG   [client]  <- read  st2mot     ret=0  data=['0xcf', '0x03']
12:40:35.859  DEBUG   [client]  -> read  st2mot    
12:40:35.862  DEBUG   [client]  <- read  st2mot     ret=0  data=['0xe8', '0x03']
12:40:36.059  DEBUG   [client]  -> read  st2mot    
12:40:36.062  DEBUG   [client]  <- read  st2mot     ret=0  data=['0xe8', '0x03']
12:40:36.259  DEBUG   [client]  -> read  st2mot    
12:40:36.262  DEBUG   [client]  <- read  st2mot     ret=0  data=['0xe8', '0x03']
12:40:36.264  DEBUG   [client]  -> write cntl3mot   data=['0x03', '0x20']
12:40:36.502  DEBUG   [poll]    -> read  st2mot    
12:40:36.506  DEBUG   [poll]    <- read  st2mot     ret=0  data=['0x52', '0x03']
12:40:36.506  DEBUG   [poll]    -> read  st0cur    
12:40:36.510  DEBUG   [poll]    <- read  st0cur     ret=0  data=['0xf6', '0x01', '0xf7', '0x01']
12:40:36.520  DEBUG   [client]  -> write cntl3mot   data=['0x02', '0x58']
12:40:36.776  DEBUG   [client]  -> write cntl3mot   data=['0x01', '0x90']
12:40:37.032  DEBUG   [client]  -> write cntl3mot   data=['0x00', '0xc8']
12:40:37.288  DEBUG   [client]  -> write cntl3mot   data=['0x00', '0x00']
12:40:37.293  WARNING client disconnected — stopping motor
12:40:37.294  DEBUG   [client]  -> write cntl3mot   data=['0x00', '0x00']
12:40:37.301  INFO    client disconnected
12:40:37.512  DEBUG   [poll]    -> read  st2mot    
12:40:37.515  DEBUG   [poll]    <- read  st2mot     ret=0  data=['0x00', '0x00']
12:40:37.515  DEBUG   [poll]    -> read  st0cur    
12:40:37.519  DEBUG   [poll]    <- read  st0cur     ret=0  data=['0xf8', '0x01', '0xf9', '0x01']
12:40:37.520  WARNING *** OBSERVED STALL SIGNATURE (not acted on yet) — current=-0.39A while rpm=0 ***
12:40:38.521  DEBUG   [poll]    -> read  st2mot    
12:40:38.525  DEBUG   [poll]    <- read  st2mot     ret=0  data=['0x00', '0x00']
12:40:38.525  DEBUG   [poll]    -> read  st0cur    
12:40:38.529  DEBUG   [poll]    <- read  st0cur     ret=0  data=['0xfd', '0x01', '0x01', '0x02']
12:40:39.531  DEBUG   [poll]    -> read  st2mot    
12:40:39.534  DEBUG   [poll]    <- read  st2mot     ret=0  data=['0x00', '0x00']
12:40:39.535  DEBUG   [poll]    -> read  st0cur    
12:40:39.540  DEBUG   [poll]    <- read  st0cur     ret=0  data=['0xfe', '0x01', '0x01', '0x02']
12:40:40.541  DEBUG   [poll]    -> read  st2mot    
12:40:40.544  DEBUG   [poll]    <- read  st2mot     ret=0  data=['0x00', '0x00']
12:40:40.545  DEBUG   [poll]    -> read  st0cur    
12:40:40.549  DEBUG   [poll]    <- read  st0cur     ret=0  data=['0xfe', '0x01', '0x01', '0x02']
12:40:41.551  DEBUG   [poll]    -> read  st2mot    
12:40:41.554  DEBUG   [poll]    <- read  st2mot     ret=0  data=['0x00', '0x00']
12:40:41.554  DEBUG   [poll]    -> read  st0cur    
12:40:41.559  DEBUG   [poll]    <- read  st0cur     ret=0  data=['0xfe', '0x01', '0x01', '0x02']
12:40:42.130  INFO    client connected
12:40:42.131  DEBUG   [client]  -> write cntl0mot   data=['0x00', '0x03']
12:40:42.134  DEBUG   [client]  -> write cntl3mot   data=['0x00', '0x00']
12:40:42.138  DEBUG   [client]  -> write cntl3mot   data=['0x03', '0xe8']
12:40:42.142  DEBUG   [client]  -> read  st2mot    
12:40:42.145  DEBUG   [client]  <- read  st2mot     ret=0  data=['0x00', '0x00']
12:40:42.146  DEBUG   [client]  -> read  st0cur    
12:40:42.150  DEBUG   [client]  <- read  st0cur     ret=0  data=['0xfe', '0x01', '0x01', '0x02']
12:40:42.342  DEBUG   [client]  -> read  st2mot    
12:40:42.345  DEBUG   [client]  <- read  st2mot     ret=0  data=['0x00', '0x00']
12:40:42.542  DEBUG   [client]  -> read  st2mot    
12:40:42.545  DEBUG   [client]  <- read  st2mot     ret=0  data=['0xd5', '0x02']
12:40:42.560  DEBUG   [poll]    -> read  st2mot    
12:40:42.563  DEBUG   [poll]    <- read  st2mot     ret=0  data=['0xe8', '0x03']
12:40:42.564  DEBUG   [poll]    -> read  st0cur    
12:40:42.568  DEBUG   [poll]    <- read  st0cur     ret=0  data=['0xfe', '0x01', '0xff', '0x01']
12:40:42.742  DEBUG   [client]  -> read  st2mot    
12:40:42.746  DEBUG   [client]  <- read  st2mot     ret=0  data=['0x9d', '0x03']
12:40:42.942  DEBUG   [client]  -> read  st2mot    
12:40:42.946  DEBUG   [client]  <- read  st2mot     ret=0  data=['0x20', '0x03']
12:40:43.142  DEBUG   [client]  -> read  st2mot    
12:40:43.146  DEBUG   [client]  <- read  st2mot     ret=0  data=['0xb6', '0x03']
12:40:43.147  DEBUG   [client]  -> read  st0cur    
12:40:43.152  DEBUG   [client]  <- read  st0cur     ret=0  data=['0xfe', '0x01', '0xff', '0x01']
12:40:43.342  DEBUG   [client]  -> read  st2mot    
12:40:43.346  DEBUG   [client]  <- read  st2mot     ret=0  data=['0xcf', '0x03']
12:40:43.542  DEBUG   [client]  -> read  st2mot    
12:40:43.546  DEBUG   [client]  <- read  st2mot     ret=0  data=['0xb6', '0x03']
12:40:43.569  DEBUG   [poll]    -> read  st2mot    
12:40:43.573  DEBUG   [poll]    <- read  st2mot     ret=0  data=['0xb6', '0x03']
12:40:43.574  DEBUG   [poll]    -> read  st0cur    
12:40:43.578  DEBUG   [poll]    <- read  st0cur     ret=0  data=['0xf6', '0x01', '0xf4', '0x01']
12:40:43.742  DEBUG   [client]  -> read  st2mot    
12:40:43.746  DEBUG   [client]  <- read  st2mot     ret=0  data=['0xe8', '0x03']
12:40:43.942  DEBUG   [client]  -> read  st2mot    
12:40:43.946  DEBUG   [client]  <- read  st2mot     ret=0  data=['0xcf', '0x03']
12:40:44.142  DEBUG   [client]  -> read  st2mot    
12:40:44.146  DEBUG   [client]  <- read  st2mot     ret=0  data=['0xe8', '0x03']
12:40:44.147  DEBUG   [client]  -> read  st0cur    
12:40:44.152  DEBUG   [client]  <- read  st0cur     ret=0  data=['0xf6', '0x01', '0xf4', '0x01']
12:40:44.342  DEBUG   [client]  -> read  st2mot    
12:40:44.346  DEBUG   [client]  <- read  st2mot     ret=0  data=['0xe8', '0x03']
12:40:44.542  DEBUG   [client]  -> read  st2mot    
12:40:44.549  DEBUG   [client]  <- read  st2mot     ret=0  data=['0xe8', '0x03']
12:40:44.580  DEBUG   [poll]    -> read  st2mot    
12:40:44.583  DEBUG   [poll]    <- read  st2mot     ret=0  data=['0xe8', '0x03']
12:40:44.583  DEBUG   [poll]    -> read  st0cur    
12:40:44.588  DEBUG   [poll]    <- read  st0cur     ret=0  data=['0xf6', '0x01', '0xf6', '0x01']
12:40:44.742  DEBUG   [client]  -> read  st2mot    
12:40:44.746  DEBUG   [client]  <- read  st2mot     ret=0  data=['0xe8', '0x03']
12:40:44.942  DEBUG   [client]  -> read  st2mot    
12:40:44.946  DEBUG   [client]  <- read  st2mot     ret=0  data=['0xe8', '0x03']
12:40:45.142  DEBUG   [client]  -> read  st2mot    
12:40:45.146  DEBUG   [client]  <- read  st2mot     ret=0  data=['0xe8', '0x03']
12:40:45.148  DEBUG   [client]  -> read  st0cur    
12:40:45.152  DEBUG   [client]  <- read  st0cur     ret=0  data=['0xf6', '0x01', '0xf6', '0x01']
12:40:45.342  DEBUG   [client]  -> read  st2mot    
12:40:45.346  DEBUG   [client]  <- read  st2mot     ret=0  data=['0xe8', '0x03']
12:40:45.542  DEBUG   [client]  -> read  st2mot    
12:40:45.546  DEBUG   [client]  <- read  st2mot     ret=0  data=['0xe8', '0x03']
12:40:45.589  DEBUG   [poll]    -> read  st2mot    
12:40:45.593  DEBUG   [poll]    <- read  st2mot     ret=0  data=['0xe8', '0x03']
12:40:45.593  DEBUG   [poll]    -> read  st0cur    
12:40:45.597  DEBUG   [poll]    <- read  st0cur     ret=0  data=['0xf5', '0x01', '0xf3', '0x01']
12:40:45.742  DEBUG   [client]  -> read  st2mot    
12:40:45.746  DEBUG   [client]  <- read  st2mot     ret=0  data=['0xe8', '0x03']
12:40:45.942  DEBUG   [client]  -> read  st2mot    
12:40:45.946  DEBUG   [client]  <- read  st2mot     ret=0  data=['0xe8', '0x03']
12:40:46.142  DEBUG   [client]  -> read  st2mot    
12:40:46.146  DEBUG   [client]  <- read  st2mot     ret=0  data=['0x01', '0x04']
12:40:46.147  DEBUG   [client]  -> read  st0cur    
12:40:46.152  DEBUG   [client]  <- read  st0cur     ret=0  data=['0xf5', '0x01', '0xf3', '0x01']
12:40:46.342  DEBUG   [client]  -> read  st2mot    
12:40:46.346  DEBUG   [client]  <- read  st2mot     ret=0  data=['0xe8', '0x03']
12:40:46.542  DEBUG   [client]  -> read  st2mot    
12:40:46.546  DEBUG   [client]  <- read  st2mot     ret=0  data=['0xe8', '0x03']
12:40:46.599  DEBUG   [poll]    -> read  st2mot    
12:40:46.602  DEBUG   [poll]    <- read  st2mot     ret=0  data=['0xe8', '0x03']
12:40:46.603  DEBUG   [poll]    -> read  st0cur    
12:40:46.607  DEBUG   [poll]    <- read  st0cur     ret=0  data=['0xf6', '0x01', '0xf4', '0x01']
12:40:46.742  DEBUG   [client]  -> read  st2mot    
12:40:46.746  DEBUG   [client]  <- read  st2mot     ret=0  data=['0x01', '0x04']
12:40:46.943  DEBUG   [client]  -> read  st2mot    
12:40:46.946  DEBUG   [client]  <- read  st2mot     ret=0  data=['0xe8', '0x03']
12:40:47.142  DEBUG   [client]  -> read  st2mot    
12:40:47.146  DEBUG   [client]  <- read  st2mot     ret=0  data=['0xcf', '0x03']
12:40:47.147  DEBUG   [client]  -> read  st0cur    
12:40:47.152  DEBUG   [client]  <- read  st0cur     ret=0  data=['0xf6', '0x01', '0xf4', '0x01']
12:40:47.342  DEBUG   [client]  -> read  st2mot    
12:40:47.346  DEBUG   [client]  <- read  st2mot     ret=0  data=['0xe8', '0x03']
12:40:47.542  DEBUG   [client]  -> read  st2mot    
12:40:47.546  DEBUG   [client]  <- read  st2mot     ret=0  data=['0xe8', '0x03']
12:40:47.609  DEBUG   [poll]    -> read  st2mot    
12:40:47.612  DEBUG   [poll]    <- read  st2mot     ret=0  data=['0xcf', '0x03']
12:40:47.613  DEBUG   [poll]    -> read  st0cur    
12:40:47.617  DEBUG   [poll]    <- read  st0cur     ret=0  data=['0xf3', '0x01', '0xf7', '0x01']
12:40:47.742  DEBUG   [client]  -> read  st2mot    
12:40:47.746  DEBUG   [client]  <- read  st2mot     ret=0  data=['0x01', '0x04']
12:40:47.942  DEBUG   [client]  -> read  st2mot    
12:40:47.946  DEBUG   [client]  <- read  st2mot     ret=0  data=['0xcf', '0x03']
12:40:48.142  DEBUG   [client]  -> read  st2mot    
12:40:48.146  DEBUG   [client]  <- read  st2mot     ret=0  data=['0x01', '0x04']
12:40:48.147  DEBUG   [client]  -> read  st0cur    
12:40:48.152  DEBUG   [client]  <- read  st0cur     ret=0  data=['0xf3', '0x01', '0xf7', '0x01']
12:40:48.342  DEBUG   [client]  -> read  st2mot    
12:40:48.346  DEBUG   [client]  <- read  st2mot     ret=0  data=['0xe8', '0x03']
12:40:48.542  DEBUG   [client]  -> read  st2mot    
12:40:48.546  DEBUG   [client]  <- read  st2mot     ret=0  data=['0xcf', '0x03']
12:40:48.618  DEBUG   [poll]    -> read  st2mot    
12:40:48.622  DEBUG   [poll]    <- read  st2mot     ret=0  data=['0x01', '0x04']
12:40:48.622  DEBUG   [poll]    -> read  st0cur    
12:40:48.627  DEBUG   [poll]    <- read  st0cur     ret=0  data=['0xf8', '0x01', '0xf5', '0x01']
12:40:48.742  DEBUG   [client]  -> read  st2mot    
12:40:48.746  DEBUG   [client]  <- read  st2mot     ret=0  data=['0x01', '0x04']
12:40:48.942  DEBUG   [client]  -> read  st2mot    
12:40:48.946  DEBUG   [client]  <- read  st2mot     ret=0  data=['0xe8', '0x03']
12:40:48.948  DEBUG   [client]  -> write cntl3mot   data=['0x03', '0x20']
12:40:49.203  DEBUG   [client]  -> write cntl3mot   data=['0x02', '0x58']
12:40:49.459  DEBUG   [client]  -> write cntl3mot   data=['0x01', '0x90']
12:40:49.628  DEBUG   [poll]    -> read  st2mot    
12:40:49.632  DEBUG   [poll]    <- read  st2mot     ret=0  data=['0xdb', '0x01']
12:40:49.636  DEBUG   [poll]    -> read  st0cur    
12:40:49.640  DEBUG   [poll]    <- read  st0cur     ret=0  data=['0xf6', '0x01', '0xf7', '0x01']
12:40:49.714  DEBUG   [client]  -> write cntl3mot   data=['0x00', '0xc8']
12:40:49.970  DEBUG   [client]  -> write cntl3mot   data=['0x00', '0x00']
12:40:49.974  WARNING client disconnected — stopping motor
12:40:49.976  DEBUG   [client]  -> write cntl3mot   data=['0x00', '0x00']
12:40:49.980  INFO    client disconnected
12:40:50.642  DEBUG   [poll]    -> read  st2mot    
12:40:50.645  DEBUG   [poll]    <- read  st2mot     ret=0  data=['0x00', '0x00']
12:40:50.646  DEBUG   [poll]    -> read  st0cur    
12:40:50.650  DEBUG   [poll]    <- read  st0cur     ret=0  data=['0xfa', '0x01', '0xfc', '0x01']
12:40:50.650  WARNING *** OBSERVED STALL SIGNATURE (not acted on yet) — current=-0.29A while rpm=0 ***
12:40:51.652  DEBUG   [poll]    -> read  st2mot    
12:40:51.655  DEBUG   [poll]    <- read  st2mot     ret=0  data=['0x00', '0x00']
12:40:51.656  DEBUG   [poll]    -> read  st0cur    
12:40:51.660  DEBUG   [poll]    <- read  st0cur     ret=0  data=['0xfe', '0x01', '0x01', '0x02']
12:40:52.662  DEBUG   [poll]    -> read  st2mot    
12:40:52.665  DEBUG   [poll]    <- read  st2mot     ret=0  data=['0x00', '0x00']
12:40:52.665  DEBUG   [poll]    -> read  st0cur    
12:40:52.670  DEBUG   [poll]    <- read  st0cur     ret=0  data=['0xfe', '0x01', '0x01', '0x02']
12:40:53.671  DEBUG   [poll]    -> read  st2mot    
12:40:53.675  DEBUG   [poll]    <- read  st2mot     ret=0  data=['0x00', '0x00']
12:40:53.675  DEBUG   [poll]    -> read  st0cur    
12:40:53.679  DEBUG   [poll]    <- read  st0cur     ret=0  data=['0xfe', '0x01', '0x01', '0x02']
12:40:54.681  DEBUG   [poll]    -> read  st2mot    
12:40:54.684  DEBUG   [poll]    <- read  st2mot     ret=0  data=['0x00', '0x00']
12:40:54.685  DEBUG   [poll]    -> read  st0cur    
12:40:54.689  DEBUG   [poll]    <- read  st0cur     ret=0  data=['0xfe', '0x01', '0x01', '0x02']
12:40:54.840  INFO    client connected
12:40:54.841  DEBUG   [client]  -> write cntl0mot   data=['0x08', '0x03']
12:40:54.845  DEBUG   [client]  -> write cntl3mot   data=['0x00', '0x00']
12:40:54.848  DEBUG   [client]  -> write cntl3mot   data=['0x03', '0xe8']
12:40:54.853  DEBUG   [client]  -> read  st2mot    
12:40:54.857  DEBUG   [client]  <- read  st2mot     ret=0  data=['0x00', '0x00']
12:40:54.858  DEBUG   [client]  -> read  st0cur    
12:40:54.862  DEBUG   [client]  <- read  st0cur     ret=0  data=['0xfe', '0x01', '0x01', '0x02']
12:40:55.054  DEBUG   [client]  -> read  st2mot    
12:40:55.057  DEBUG   [client]  <- read  st2mot     ret=0  data=['0x90', '0x01']
12:40:55.254  DEBUG   [client]  -> read  st2mot    
12:40:55.257  DEBUG   [client]  <- read  st2mot     ret=0  data=['0x6b', '0x03']
12:40:55.454  DEBUG   [client]  -> read  st2mot    
12:40:55.458  DEBUG   [client]  <- read  st2mot     ret=0  data=['0x71', '0x02']
12:40:55.654  DEBUG   [client]  -> read  st2mot    
12:40:55.658  DEBUG   [client]  <- read  st2mot     ret=0  data=['0x9d', '0x03']
12:40:55.690  DEBUG   [poll]    -> read  st2mot    
12:40:55.694  DEBUG   [poll]    <- read  st2mot     ret=0  data=['0x39', '0x03']
12:40:55.694  DEBUG   [poll]    -> read  st0cur    
12:40:55.698  DEBUG   [poll]    <- read  st0cur     ret=0  data=['0xfc', '0x01', '0xfc', '0x01']
12:40:55.854  DEBUG   [client]  -> read  st2mot    
12:40:55.857  DEBUG   [client]  <- read  st2mot     ret=0  data=['0x20', '0x03']
12:40:55.859  DEBUG   [client]  -> read  st0cur    
12:40:55.863  DEBUG   [client]  <- read  st0cur     ret=0  data=['0xfc', '0x01', '0xfc', '0x01']
12:40:56.054  DEBUG   [client]  -> read  st2mot    
12:40:56.058  DEBUG   [client]  <- read  st2mot     ret=0  data=['0x9d', '0x03']
12:40:56.254  DEBUG   [client]  -> read  st2mot    
12:40:56.258  DEBUG   [client]  <- read  st2mot     ret=0  data=['0x9d', '0x03']
12:40:56.454  DEBUG   [client]  -> read  st2mot    
12:40:56.458  DEBUG   [client]  <- read  st2mot     ret=0  data=['0xb6', '0x03']
12:40:56.654  DEBUG   [client]  -> read  st2mot    
12:40:56.658  DEBUG   [client]  <- read  st2mot     ret=0  data=['0xb6', '0x03']
12:40:56.700  DEBUG   [poll]    -> read  st2mot    
12:40:56.703  DEBUG   [poll]    <- read  st2mot     ret=0  data=['0x9d', '0x03']
12:40:56.704  DEBUG   [poll]    -> read  st0cur    
12:40:56.708  DEBUG   [poll]    <- read  st0cur     ret=0  data=['0xf5', '0x01', '0xf4', '0x01']
12:40:56.854  DEBUG   [client]  -> read  st2mot    
12:40:56.857  DEBUG   [client]  <- read  st2mot     ret=0  data=['0xe8', '0x03']
12:40:56.859  DEBUG   [client]  -> read  st0cur    
12:40:56.863  DEBUG   [client]  <- read  st0cur     ret=0  data=['0xf5', '0x01', '0xf4', '0x01']
12:40:57.054  DEBUG   [client]  -> read  st2mot    
12:40:57.057  DEBUG   [client]  <- read  st2mot     ret=0  data=['0x9d', '0x03']
12:40:57.254  DEBUG   [client]  -> read  st2mot    
12:40:57.257  DEBUG   [client]  <- read  st2mot     ret=0  data=['0xe8', '0x03']
12:40:57.454  DEBUG   [client]  -> read  st2mot    
12:40:57.457  DEBUG   [client]  <- read  st2mot     ret=0  data=['0xcf', '0x03']
12:40:57.654  DEBUG   [client]  -> read  st2mot    
12:40:57.658  DEBUG   [client]  <- read  st2mot     ret=0  data=['0xe8', '0x03']
12:40:57.709  DEBUG   [poll]    -> read  st2mot    
12:40:57.713  DEBUG   [poll]    <- read  st2mot     ret=0  data=['0xe8', '0x03']
12:40:57.713  DEBUG   [poll]    -> read  st0cur    
12:40:57.718  DEBUG   [poll]    <- read  st0cur     ret=0  data=['0xf5', '0x01', '0xf7', '0x01']
12:40:57.854  DEBUG   [client]  -> read  st2mot    
12:40:57.857  DEBUG   [client]  <- read  st2mot     ret=0  data=['0xe8', '0x03']
12:40:57.859  DEBUG   [client]  -> read  st0cur    
12:40:57.863  DEBUG   [client]  <- read  st0cur     ret=0  data=['0xf5', '0x01', '0xf7', '0x01']
12:40:58.054  DEBUG   [client]  -> read  st2mot    
12:40:58.057  DEBUG   [client]  <- read  st2mot     ret=0  data=['0xe8', '0x03']
12:40:58.254  DEBUG   [client]  -> read  st2mot    
12:40:58.258  DEBUG   [client]  <- read  st2mot     ret=0  data=['0xb6', '0x03']
12:40:58.454  DEBUG   [client]  -> read  st2mot    
12:40:58.457  DEBUG   [client]  <- read  st2mot     ret=0  data=['0xe8', '0x03']
12:40:58.654  DEBUG   [client]  -> read  st2mot    
12:40:58.658  DEBUG   [client]  <- read  st2mot     ret=0  data=['0x01', '0x04']
12:40:58.719  DEBUG   [poll]    -> read  st2mot    
12:40:58.723  DEBUG   [poll]    <- read  st2mot     ret=0  data=['0x01', '0x04']
12:40:58.723  DEBUG   [poll]    -> read  st0cur    
12:40:58.727  DEBUG   [poll]    <- read  st0cur     ret=0  data=['0xf4', '0x01', '0xf8', '0x01']
12:40:58.854  DEBUG   [client]  -> read  st2mot    
12:40:58.857  DEBUG   [client]  <- read  st2mot     ret=0  data=['0xe8', '0x03']
12:40:58.859  DEBUG   [client]  -> read  st0cur    
12:40:58.863  DEBUG   [client]  <- read  st0cur     ret=0  data=['0xf4', '0x01', '0xf8', '0x01']
12:40:59.054  DEBUG   [client]  -> read  st2mot    
12:40:59.057  DEBUG   [client]  <- read  st2mot     ret=0  data=['0xcf', '0x03']
12:40:59.254  DEBUG   [client]  -> read  st2mot    
12:40:59.258  DEBUG   [client]  <- read  st2mot     ret=0  data=['0x1a', '0x04']
12:40:59.454  DEBUG   [client]  -> read  st2mot    
12:40:59.458  DEBUG   [client]  <- read  st2mot     ret=0  data=['0xcf', '0x03']
12:40:59.654  DEBUG   [client]  -> read  st2mot    
12:40:59.657  DEBUG   [client]  <- read  st2mot     ret=0  data=['0xe8', '0x03']
12:40:59.729  DEBUG   [poll]    -> read  st2mot    
12:40:59.732  DEBUG   [poll]    <- read  st2mot     ret=0  data=['0xe8', '0x03']
12:40:59.734  DEBUG   [poll]    -> read  st0cur    
12:40:59.738  DEBUG   [poll]    <- read  st0cur     ret=0  data=['0xf4', '0x01', '0xf5', '0x01']
12:40:59.854  DEBUG   [client]  -> read  st2mot    
12:40:59.857  DEBUG   [client]  <- read  st2mot     ret=0  data=['0xe8', '0x03']
12:40:59.859  DEBUG   [client]  -> read  st0cur    
12:40:59.863  DEBUG   [client]  <- read  st0cur     ret=0  data=['0xf4', '0x01', '0xf5', '0x01']
12:41:00.054  DEBUG   [client]  -> read  st2mot    
12:41:00.057  DEBUG   [client]  <- read  st2mot     ret=0  data=['0x01', '0x04']
12:41:00.254  DEBUG   [client]  -> read  st2mot    
12:41:00.257  DEBUG   [client]  <- read  st2mot     ret=0  data=['0xe8', '0x03']
12:41:00.454  DEBUG   [client]  -> read  st2mot    
12:41:00.457  DEBUG   [client]  <- read  st2mot     ret=0  data=['0xcf', '0x03']
12:41:00.654  DEBUG   [client]  -> read  st2mot    
12:41:00.658  DEBUG   [client]  <- read  st2mot     ret=0  data=['0xe8', '0x03']
12:41:00.740  DEBUG   [poll]    -> read  st2mot    
12:41:00.743  DEBUG   [poll]    <- read  st2mot     ret=0  data=['0xe8', '0x03']
12:41:00.743  DEBUG   [poll]    -> read  st0cur    
12:41:00.748  DEBUG   [poll]    <- read  st0cur     ret=0  data=['0xf6', '0x01', '0xf4', '0x01']
12:41:00.854  DEBUG   [client]  -> read  st2mot    
12:41:00.857  DEBUG   [client]  <- read  st2mot     ret=0  data=['0xcf', '0x03']
12:41:00.859  DEBUG   [client]  -> read  st0cur    
12:41:00.863  DEBUG   [client]  <- read  st0cur     ret=0  data=['0xf6', '0x01', '0xf4', '0x01']
12:41:01.054  DEBUG   [client]  -> read  st2mot    
12:41:01.057  DEBUG   [client]  <- read  st2mot     ret=0  data=['0xe8', '0x03']
12:41:01.254  DEBUG   [client]  -> read  st2mot    
12:41:01.258  DEBUG   [client]  <- read  st2mot     ret=0  data=['0xe8', '0x03']
12:41:01.454  DEBUG   [client]  -> read  st2mot    
12:41:01.457  DEBUG   [client]  <- read  st2mot     ret=0  data=['0xe8', '0x03']
12:41:01.654  DEBUG   [client]  -> read  st2mot    
12:41:01.657  DEBUG   [client]  <- read  st2mot     ret=0  data=['0xe8', '0x03']
12:41:01.659  DEBUG   [client]  -> write cntl3mot   data=['0x03', '0x20']
12:41:01.749  DEBUG   [poll]    -> read  st2mot    
12:41:01.753  DEBUG   [poll]    <- read  st2mot     ret=0  data=['0xcf', '0x03']
12:41:01.753  DEBUG   [poll]    -> read  st0cur    
12:41:01.757  DEBUG   [poll]    <- read  st0cur     ret=0  data=['0xf4', '0x01', '0xf5', '0x01']
12:41:01.915  DEBUG   [client]  -> write cntl3mot   data=['0x02', '0x58']
12:41:02.170  DEBUG   [client]  -> write cntl3mot   data=['0x01', '0x90']
12:41:02.426  DEBUG   [client]  -> write cntl3mot   data=['0x00', '0xc8']
12:41:02.682  DEBUG   [client]  -> write cntl3mot   data=['0x00', '0x00']
12:41:02.686  WARNING client disconnected — stopping motor
12:41:02.687  DEBUG   [client]  -> write cntl3mot   data=['0x00', '0x00']
12:41:02.691  INFO    client disconnected
12:41:02.758  DEBUG   [poll]    -> read  st2mot    
12:41:02.762  DEBUG   [poll]    <- read  st2mot     ret=0  data=['0xe1', '0x00']
12:41:02.762  DEBUG   [poll]    -> read  st0cur    
12:41:02.766  DEBUG   [poll]    <- read  st0cur     ret=0  data=['0xf6', '0x01', '0xf8', '0x01']
12:41:03.767  DEBUG   [poll]    -> read  st2mot    
12:41:03.771  DEBUG   [poll]    <- read  st2mot     ret=0  data=['0x00', '0x00']
12:41:03.771  DEBUG   [poll]    -> read  st0cur    
12:41:03.776  DEBUG   [poll]    <- read  st0cur     ret=0  data=['0xfc', '0x01', '0xfe', '0x01']
12:41:03.776  WARNING *** OBSERVED STALL SIGNATURE (not acted on yet) — current=-0.20A while rpm=0 ***
12:41:04.778  DEBUG   [poll]    -> read  st2mot    
12:41:04.781  DEBUG   [poll]    <- read  st2mot     ret=0  data=['0x00', '0x00']
12:41:04.782  DEBUG   [poll]    -> read  st0cur    
12:41:04.786  DEBUG   [poll]    <- read  st0cur     ret=0  data=['0xfe', '0x01', '0x01', '0x02']
12:41:05.788  DEBUG   [poll]    -> read  st2mot    
12:41:05.791  DEBUG   [poll]    <- read  st2mot     ret=0  data=['0x00', '0x00']
12:41:05.792  DEBUG   [poll]    -> read  st0cur    
12:41:05.796  DEBUG   [poll]    <- read  st0cur     ret=0  data=['0xfe', '0x01', '0x01', '0x02']
12:41:06.797  DEBUG   [poll]    -> read  st2mot    
12:41:06.801  DEBUG   [poll]    <- read  st2mot     ret=0  data=['0x00', '0x00']
12:41:06.801  DEBUG   [poll]    -> read  st0cur    
12:41:06.805  DEBUG   [poll]    <- read  st0cur     ret=0  data=['0xfe', '0x01', '0x00', '0x02']
12:41:07.807  DEBUG   [poll]    -> read  st2mot    
12:41:07.810  DEBUG   [poll]    <- read  st2mot     ret=0  data=['0x00', '0x00']
12:41:07.811  DEBUG   [poll]    -> read  st0cur    
12:41:07.815  DEBUG   [poll]    <- read  st0cur     ret=0  data=['0xfe', '0x01', '0x00', '0x02']
12:41:08.817  DEBUG   [poll]    -> read  st2mot    
12:41:08.820  DEBUG   [poll]    <- read  st2mot     ret=0  data=['0x00', '0x00']
12:41:08.820  DEBUG   [poll]    -> read  st0cur    
12:41:08.825  DEBUG   [poll]    <- read  st0cur     ret=0  data=['0xfe', '0x01', '0x01', '0x02']
12:41:09.826  DEBUG   [poll]    -> read  st2mot    
12:41:09.830  DEBUG   [poll]    <- read  st2mot     ret=0  data=['0x00', '0x00']
12:41:09.831  DEBUG   [poll]    -> read  st0cur    
12:41:09.835  DEBUG   [poll]    <- read  st0cur     ret=0  data=['0xfe', '0x01', '0x01', '0x02']
12:41:10.837  DEBUG   [poll]    -> read  st2mot    
12:41:10.840  DEBUG   [poll]    <- read  st2mot     ret=0  data=['0x00', '0x00']
12:41:10.840  DEBUG   [poll]    -> read  st0cur    
12:41:10.845  DEBUG   [poll]    <- read  st0cur     ret=0  data=['0xfe', '0x01', '0x01', '0x02']
12:41:11.846  DEBUG   [poll]    -> read  st2mot    
12:41:11.850  DEBUG   [poll]    <- read  st2mot     ret=0  data=['0x00', '0x00']
12:41:11.850  DEBUG   [poll]    -> read  st0cur    
12:41:11.854  DEBUG   [poll]    <- read  st0cur     ret=0  data=['0xfe', '0x01', '0x01', '0x02']
12:41:12.856  DEBUG   [poll]    -> read  st2mot    
12:41:12.859  DEBUG   [poll]    <- read  st2mot     ret=0  data=['0x00', '0x00']
12:41:12.859  DEBUG   [poll]    -> read  st0cur    
12:41:12.864  DEBUG   [poll]    <- read  st0cur     ret=0  data=['0xfd', '0x01', '0x01', '0x02']
12:41:13.865  DEBUG   [poll]    -> read  st2mot    
12:41:13.869  DEBUG   [poll]    <- read  st2mot     ret=0  data=['0x00', '0x00']
12:41:13.869  DEBUG   [poll]    -> read  st0cur    
12:41:13.874  DEBUG   [poll]    <- read  st0cur     ret=0  data=['0xfe', '0x01', '0x01', '0x02']
12:41:14.875  DEBUG   [poll]    -> read  st2mot    
12:41:14.879  DEBUG   [poll]    <- read  st2mot     ret=0  data=['0x00', '0x00']
12:41:14.879  DEBUG   [poll]    -> read  st0cur    
12:41:14.883  DEBUG   [poll]    <- read  st0cur     ret=0  data=['0xfd', '0x01', '0x01', '0x02']
12:41:15.885  DEBUG   [poll]    -> read  st2mot    
12:41:15.888  DEBUG   [poll]    <- read  st2mot     ret=0  data=['0x00', '0x00']
12:41:15.889  DEBUG   [poll]    -> read  st0cur    
12:41:15.893  DEBUG   [poll]    <- read  st0cur     ret=0  data=['0xfe', '0x01', '0x01', '0x02']
12:41:16.894  DEBUG   [poll]    -> read  st2mot    
12:41:16.898  DEBUG   [poll]    <- read  st2mot     ret=0  data=['0x00', '0x00']
12:41:16.898  DEBUG   [poll]    -> read  st0cur    
12:41:16.903  DEBUG   [poll]    <- read  st0cur     ret=0  data=['0xfe', '0x01', '0x01', '0x02']
12:41:17.904  DEBUG   [poll]    -> read  st2mot    
12:41:17.907  DEBUG   [poll]    <- read  st2mot     ret=0  data=['0x00', '0x00']
12:41:17.908  DEBUG   [poll]    -> read  st0cur    
12:41:17.912  DEBUG   [poll]    <- read  st0cur     ret=0  data=['0xfe', '0x01', '0x01', '0x02']
12:41:18.913  DEBUG   [poll]    -> read  st2mot    
12:41:18.917  DEBUG   [poll]    <- read  st2mot     ret=0  data=['0x00', '0x00']
12:41:18.917  DEBUG   [poll]    -> read  st0cur    
12:41:18.921  DEBUG   [poll]    <- read  st0cur     ret=0  data=['0xfe', '0x01', '0x01', '0x02']
12:41:19.923  DEBUG   [poll]    -> read  st2mot    
12:41:19.926  DEBUG   [poll]    <- read  st2mot     ret=0  data=['0x00', '0x00']
12:41:19.927  DEBUG   [poll]    -> read  st0cur    
12:41:19.932  DEBUG   [poll]    <- read  st0cur     ret=0  data=['0xfe', '0x01', '0x01', '0x02']
12:41:20.933  DEBUG   [poll]    -> read  st2mot    
12:41:20.937  DEBUG   [poll]    <- read  st2mot     ret=0  data=['0x00', '0x00']
12:41:20.937  DEBUG   [poll]    -> read  st0cur    
12:41:20.941  DEBUG   [poll]    <- read  st0cur     ret=0  data=['0xfe', '0x01', '0x01', '0x02']
12:41:21.943  DEBUG   [poll]    -> read  st2mot    
12:41:21.946  DEBUG   [poll]    <- read  st2mot     ret=0  data=['0x00', '0x00']
12:41:21.947  DEBUG   [poll]    -> read  st0cur    
12:41:21.951  DEBUG   [poll]    <- read  st0cur     ret=0  data=['0xfe', '0x01', '0x01', '0x02']
12:41:22.952  DEBUG   [poll]    -> read  st2mot    
12:41:22.956  DEBUG   [poll]    <- read  st2mot     ret=0  data=['0x00', '0x00']
12:41:22.956  DEBUG   [poll]    -> read  st0cur    
12:41:22.960  DEBUG   [poll]    <- read  st0cur     ret=0  data=['0xfe', '0x01', '0x01', '0x02']
12:41:23.962  DEBUG   [poll]    -> read  st2mot    
12:41:23.965  DEBUG   [poll]    <- read  st2mot     ret=0  data=['0x00', '0x00']
12:41:23.965  DEBUG   [poll]    -> read  st0cur    
12:41:23.970  DEBUG   [poll]    <- read  st0cur     ret=0  data=['0xfe', '0x01', '0x01', '0x02']
12:41:24.971  DEBUG   [poll]    -> read  st2mot    
12:41:24.975  DEBUG   [poll]    <- read  st2mot     ret=0  data=['0x00', '0x00']
12:41:24.975  DEBUG   [poll]    -> read  st0cur    
12:41:24.979  DEBUG   [poll]    <- read  st0cur     ret=0  data=['0xfe', '0x01', '0x01', '0x02']
12:41:25.981  DEBUG   [poll]    -> read  st2mot    
12:41:25.984  DEBUG   [poll]    <- read  st2mot     ret=0  data=['0x00', '0x00']
12:41:25.985  DEBUG   [poll]    -> read  st0cur    
12:41:25.989  DEBUG   [poll]    <- read  st0cur     ret=0  data=['0xfe', '0x01', '0x01', '0x02']
12:41:26.990  DEBUG   [poll]    -> read  st2mot    
12:41:26.994  DEBUG   [poll]    <- read  st2mot     ret=0  data=['0x00', '0x00']
12:41:26.994  DEBUG   [poll]    -> read  st0cur    
12:41:26.998  DEBUG   [poll]    <- read  st0cur     ret=0  data=['0xfe', '0x01', '0x01', '0x02']
12:41:28.000  DEBUG   [poll]    -> read  st2mot    
12:41:28.003  DEBUG   [poll]    <- read  st2mot     ret=0  data=['0x00', '0x00']
12:41:28.004  DEBUG   [poll]    -> read  st0cur    
12:41:28.008  DEBUG   [poll]    <- read  st0cur     ret=0  data=['0xfe', '0x01', '0x01', '0x02']
12:41:29.010  DEBUG   [poll]    -> read  st2mot    
12:41:29.013  DEBUG   [poll]    <- read  st2mot     ret=0  data=['0x00', '0x00']
12:41:29.013  DEBUG   [poll]    -> read  st0cur    
12:41:29.018  DEBUG   [poll]    <- read  st0cur     ret=0  data=['0xfe', '0x01', '0x01', '0x02']
12:41:30.019  DEBUG   [poll]    -> read  st2mot    
12:41:30.022  DEBUG   [poll]    <- read  st2mot     ret=0  data=['0x00', '0x00']
12:41:30.023  DEBUG   [poll]    -> read  st0cur    
12:41:30.027  DEBUG   [poll]    <- read  st0cur     ret=0  data=['0xfe', '0x01', '0x01', '0x02']
12:41:31.029  DEBUG   [poll]    -> read  st2mot    
12:41:31.032  DEBUG   [poll]    <- read  st2mot     ret=0  data=['0x00', '0x00']
12:41:31.032  DEBUG   [poll]    -> read  st0cur    
12:41:31.037  DEBUG   [poll]    <- read  st0cur     ret=0  data=['0xfe', '0x01', '0x01', '0x02']
12:41:32.038  DEBUG   [poll]    -> read  st2mot    
12:41:32.042  DEBUG   [poll]    <- read  st2mot     ret=0  data=['0x00', '0x00']
12:41:32.042  DEBUG   [poll]    -> read  st0cur    
12:41:32.046  DEBUG   [poll]    <- read  st0cur     ret=0  data=['0xfe', '0x01', '0x01', '0x02']
12:41:33.048  DEBUG   [poll]    -> read  st2mot    
12:41:33.051  DEBUG   [poll]    <- read  st2mot     ret=0  data=['0x00', '0x00']
12:41:33.051  DEBUG   [poll]    -> read  st0cur    
12:41:33.056  DEBUG   [poll]    <- read  st0cur     ret=0  data=['0xfe', '0x01', '0x01', '0x02']
12:41:34.057  DEBUG   [poll]    -> read  st2mot    
12:41:34.060  DEBUG   [poll]    <- read  st2mot     ret=0  data=['0x00', '0x00']
12:41:34.061  DEBUG   [poll]    -> read  st0cur    
12:41:34.065  DEBUG   [poll]    <- read  st0cur     ret=0  data=['0xfe', '0x01', '0x01', '0x02']
12:41:35.067  DEBUG   [poll]    -> read  st2mot    
12:41:35.070  DEBUG   [poll]    <- read  st2mot     ret=0  data=['0x00', '0x00']
12:41:35.071  DEBUG   [poll]    -> read  st0cur    
12:41:35.076  DEBUG   [poll]    <- read  st0cur     ret=0  data=['0xfe', '0x01', '0x01', '0x02']
12:41:36.077  DEBUG   [poll]    -> read  st2mot    
12:41:36.080  DEBUG   [poll]    <- read  st2mot     ret=0  data=['0x00', '0x00']
12:41:36.081  DEBUG   [poll]    -> read  st0cur    
12:41:36.085  DEBUG   [poll]    <- read  st0cur     ret=0  data=['0xfe', '0x01', '0x01', '0x02']
12:41:37.087  DEBUG   [poll]    -> read  st2mot    
12:41:37.090  DEBUG   [poll]    <- read  st2mot     ret=0  data=['0x00', '0x00']
12:41:37.090  DEBUG   [poll]    -> read  st0cur    
12:41:37.095  DEBUG   [poll]    <- read  st0cur     ret=0  data=['0xfe', '0x01', '0x01', '0x02']
12:41:38.096  DEBUG   [poll]    -> read  st2mot    
12:41:38.100  DEBUG   [poll]    <- read  st2mot     ret=0  data=['0x00', '0x00']
12:41:38.100  DEBUG   [poll]    -> read  st0cur    
12:41:38.104  DEBUG   [poll]    <- read  st0cur     ret=0  data=['0xfe', '0x01', '0x01', '0x02']
12:41:39.106  DEBUG   [poll]    -> read  st2mot    
12:41:39.109  DEBUG   [poll]    <- read  st2mot     ret=0  data=['0x00', '0x00']
12:41:39.109  DEBUG   [poll]    -> read  st0cur    
12:41:39.114  DEBUG   [poll]    <- read  st0cur     ret=0  data=['0xfe', '0x01', '0x00', '0x02']
12:41:40.115  DEBUG   [poll]    -> read  st2mot    
12:41:40.119  DEBUG   [poll]    <- read  st2mot     ret=0  data=['0x00', '0x00']
12:41:40.119  DEBUG   [poll]    -> read  st0cur    
12:41:40.123  DEBUG   [poll]    <- read  st0cur     ret=0  data=['0xfe', '0x01', '0x01', '0x02']
12:41:41.125  DEBUG   [poll]    -> read  st2mot    
12:41:41.128  DEBUG   [poll]    <- read  st2mot     ret=0  data=['0x00', '0x00']
12:41:41.128  DEBUG   [poll]    -> read  st0cur    
12:41:41.133  DEBUG   [poll]    <- read  st0cur     ret=0  data=['0xfe', '0x01', '0x01', '0x02']
12:41:42.134  DEBUG   [poll]    -> read  st2mot    
12:41:42.137  DEBUG   [poll]    <- read  st2mot     ret=0  data=['0x00', '0x00']
12:41:42.138  DEBUG   [poll]    -> read  st0cur    
12:41:42.142  DEBUG   [poll]    <- read  st0cur     ret=0  data=['0xfe', '0x01', '0x01', '0x02']
12:41:43.144  DEBUG   [poll]    -> read  st2mot    
12:41:43.147  DEBUG   [poll]    <- read  st2mot     ret=0  data=['0x00', '0x00']
12:41:43.147  DEBUG   [poll]    -> read  st0cur    
12:41:43.152  DEBUG   [poll]    <- read  st0cur     ret=0  data=['0xfe', '0x01', '0x01', '0x02']
12:41:44.153  DEBUG   [poll]    -> read  st2mot    
12:41:44.156  DEBUG   [poll]    <- read  st2mot     ret=0  data=['0x00', '0x00']
12:41:44.157  DEBUG   [poll]    -> read  st0cur    
12:41:44.161  DEBUG   [poll]    <- read  st0cur     ret=0  data=['0xfe', '0x01', '0x01', '0x02']
12:41:45.163  DEBUG   [poll]    -> read  st2mot    
12:41:45.166  DEBUG   [poll]    <- read  st2mot     ret=0  data=['0x00', '0x00']
12:41:45.166  DEBUG   [poll]    -> read  st0cur    
12:41:45.171  DEBUG   [poll]    <- read  st0cur     ret=0  data=['0xfe', '0x01', '0x01', '0x02']
12:41:46.172  DEBUG   [poll]    -> read  st2mot    
12:41:46.176  DEBUG   [poll]    <- read  st2mot     ret=0  data=['0x00', '0x00']
12:41:46.176  DEBUG   [poll]    -> read  st0cur    
12:41:46.180  DEBUG   [poll]    <- read  st0cur     ret=0  data=['0xfd', '0x01', '0x01', '0x02']
12:41:47.182  DEBUG   [poll]    -> read  st2mot    
12:41:47.185  DEBUG   [poll]    <- read  st2mot     ret=0  data=['0x00', '0x00']
12:41:47.186  DEBUG   [poll]    -> read  st0cur    
12:41:47.190  DEBUG   [poll]    <- read  st0cur     ret=0  data=['0xfe', '0x01', '0x01', '0x02']
12:41:48.191  DEBUG   [poll]    -> read  st2mot    
12:41:48.195  DEBUG   [poll]    <- read  st2mot     ret=0  data=['0x00', '0x00']
12:41:48.195  DEBUG   [poll]    -> read  st0cur    
12:41:48.199  DEBUG   [poll]    <- read  st0cur     ret=0  data=['0xfe', '0x01', '0x01', '0x02']
12:41:49.201  DEBUG   [poll]    -> read  st2mot    
12:41:49.204  DEBUG   [poll]    <- read  st2mot     ret=0  data=['0x00', '0x00']
12:41:49.204  DEBUG   [poll]    -> read  st0cur    
12:41:49.209  DEBUG   [poll]    <- read  st0cur     ret=0  data=['0xfe', '0x01', '0x01', '0x02']
12:41:50.210  DEBUG   [poll]    -> read  st2mot    
12:41:50.214  DEBUG   [poll]    <- read  st2mot     ret=0  data=['0x00', '0x00']
12:41:50.214  DEBUG   [poll]    -> read  st0cur    
12:41:50.218  DEBUG   [poll]    <- read  st0cur     ret=0  data=['0xfe', '0x01', '0x01', '0x02']
12:41:51.220  DEBUG   [poll]    -> read  st2mot    
12:41:51.223  DEBUG   [poll]    <- read  st2mot     ret=0  data=['0x00', '0x00']
12:41:51.223  DEBUG   [poll]    -> read  st0cur    
12:41:51.228  DEBUG   [poll]    <- read  st0cur     ret=0  data=['0xfe', '0x01', '0x01', '0x02']
12:41:52.229  DEBUG   [poll]    -> read  st2mot    
12:41:52.232  DEBUG   [poll]    <- read  st2mot     ret=0  data=['0x00', '0x00']
12:41:52.233  DEBUG   [poll]    -> read  st0cur    
12:41:52.237  DEBUG   [poll]    <- read  st0cur     ret=0  data=['0xfd', '0x01', '0x01', '0x02']
12:41:53.238  DEBUG   [poll]    -> read  st2mot    
12:41:53.242  DEBUG   [poll]    <- read  st2mot     ret=0  data=['0x00', '0x00']
12:41:53.242  DEBUG   [poll]    -> read  st0cur    
12:41:53.246  DEBUG   [poll]    <- read  st0cur     ret=0  data=['0xfe', '0x01', '0x01', '0x02']
12:41:54.248  DEBUG   [poll]    -> read  st2mot    
12:41:54.251  DEBUG   [poll]    <- read  st2mot     ret=0  data=['0x00', '0x00']
12:41:54.252  DEBUG   [poll]    -> read  st0cur    
12:41:54.256  DEBUG   [poll]    <- read  st0cur     ret=0  data=['0xfe', '0x01', '0x01', '0x02']
12:41:55.257  DEBUG   [poll]    -> read  st2mot    
12:41:55.264  DEBUG   [poll]    <- read  st2mot     ret=0  data=['0x00', '0x00']
12:41:55.264  DEBUG   [poll]    -> read  st0cur    
12:41:55.269  DEBUG   [poll]    <- read  st0cur     ret=0  data=['0xfe', '0x01', '0x01', '0x02']
12:41:56.270  DEBUG   [poll]    -> read  st2mot    
12:41:56.273  DEBUG   [poll]    <- read  st2mot     ret=0  data=['0x00', '0x00']
12:41:56.274  DEBUG   [poll]    -> read  st0cur    
12:41:56.278  DEBUG   [poll]    <- read  st0cur     ret=0  data=['0xfe', '0x01', '0x01', '0x02']
12:41:57.280  DEBUG   [poll]    -> read  st2mot    
12:41:57.283  DEBUG   [poll]    <- read  st2mot     ret=0  data=['0x00', '0x00']
12:41:57.283  DEBUG   [poll]    -> read  st0cur    
12:41:57.288  DEBUG   [poll]    <- read  st0cur     ret=0  data=['0xfe', '0x01', '0x01', '0x02']
12:41:58.289  DEBUG   [poll]    -> read  st2mot    
12:41:58.292  DEBUG   [poll]    <- read  st2mot     ret=0  data=['0x00', '0x00']
12:41:58.293  DEBUG   [poll]    -> read  st0cur    
12:41:58.297  DEBUG   [poll]    <- read  st0cur     ret=0  data=['0xfe', '0x01', '0x01', '0x02']
12:41:59.298  DEBUG   [poll]    -> read  st2mot    
12:41:59.302  DEBUG   [poll]    <- read  st2mot     ret=0  data=['0x00', '0x00']
12:41:59.302  DEBUG   [poll]    -> read  st0cur    
12:41:59.307  DEBUG   [poll]    <- read  st0cur     ret=0  data=['0xfd', '0x01', '0x01', '0x02']
12:42:00.308  DEBUG   [poll]    -> read  st2mot    
12:42:00.315  DEBUG   [poll]    <- read  st2mot     ret=0  data=['0x00', '0x00']
12:42:00.315  DEBUG   [poll]    -> read  st0cur    
12:42:00.319  DEBUG   [poll]    <- read  st0cur     ret=0  data=['0xfe', '0x01', '0x01', '0x02']
12:42:01.321  DEBUG   [poll]    -> read  st2mot    
12:42:01.324  DEBUG   [poll]    <- read  st2mot     ret=0  data=['0x00', '0x00']
12:42:01.325  DEBUG   [poll]    -> read  st0cur    
12:42:01.329  DEBUG   [poll]    <- read  st0cur     ret=0  data=['0xfe', '0x01', '0x01', '0x02']
12:42:02.331  DEBUG   [poll]    -> read  st2mot    
12:42:02.334  DEBUG   [poll]    <- read  st2mot     ret=0  data=['0x00', '0x00']
12:42:02.334  DEBUG   [poll]    -> read  st0cur    
12:42:02.339  DEBUG   [poll]    <- read  st0cur     ret=0  data=['0xfe', '0x01', '0x01', '0x02']
12:42:03.340  DEBUG   [poll]    -> read  st2mot    
12:42:03.344  DEBUG   [poll]    <- read  st2mot     ret=0  data=['0x00', '0x00']
12:42:03.344  DEBUG   [poll]    -> read  st0cur    
12:42:03.348  DEBUG   [poll]    <- read  st0cur     ret=0  data=['0xfe', '0x01', '0x01', '0x02']
12:42:04.350  DEBUG   [poll]    -> read  st2mot    
12:42:04.353  DEBUG   [poll]    <- read  st2mot     ret=0  data=['0x00', '0x00']
12:42:04.354  DEBUG   [poll]    -> read  st0cur    
12:42:04.358  DEBUG   [poll]    <- read  st0cur     ret=0  data=['0xfe', '0x01', '0x01', '0x02']
12:42:05.359  DEBUG   [poll]    -> read  st2mot    
12:42:05.363  DEBUG   [poll]    <- read  st2mot     ret=0  data=['0x00', '0x00']
12:42:05.363  DEBUG   [poll]    -> read  st0cur    
12:42:05.368  DEBUG   [poll]    <- read  st0cur     ret=0  data=['0xfe', '0x01', '0x01', '0x02']
12:42:06.369  DEBUG   [poll]    -> read  st2mot    
12:42:06.373  DEBUG   [poll]    <- read  st2mot     ret=0  data=['0x00', '0x00']
12:42:06.373  DEBUG   [poll]    -> read  st0cur    
12:42:06.377  DEBUG   [poll]    <- read  st0cur     ret=0  data=['0xfe', '0x01', '0x01', '0x02']
12:42:07.379  DEBUG   [poll]    -> read  st2mot    
12:42:07.382  DEBUG   [poll]    <- read  st2mot     ret=0  data=['0x00', '0x00']
12:42:07.383  DEBUG   [poll]    -> read  st0cur    
12:42:07.387  DEBUG   [poll]    <- read  st0cur     ret=0  data=['0xfe', '0x01', '0x01', '0x02']
12:42:08.388  DEBUG   [poll]    -> read  st2mot    
12:42:08.392  DEBUG   [poll]    <- read  st2mot     ret=0  data=['0x00', '0x00']
12:42:08.392  DEBUG   [poll]    -> read  st0cur    
12:42:08.396  DEBUG   [poll]    <- read  st0cur     ret=0  data=['0xfe', '0x01', '0x01', '0x02']
12:42:09.398  DEBUG   [poll]    -> read  st2mot    
12:42:09.401  DEBUG   [poll]    <- read  st2mot     ret=0  data=['0x00', '0x00']
12:42:09.402  DEBUG   [poll]    -> read  st0cur    
12:42:09.406  DEBUG   [poll]    <- read  st0cur     ret=0  data=['0xfe', '0x01', '0x01', '0x02']
12:42:10.407  DEBUG   [poll]    -> read  st2mot    
12:42:10.411  DEBUG   [poll]    <- read  st2mot     ret=0  data=['0x00', '0x00']
12:42:10.411  DEBUG   [poll]    -> read  st0cur    
12:42:10.416  DEBUG   [poll]    <- read  st0cur     ret=0  data=['0xfe', '0x01', '0x01', '0x02']
12:42:11.417  DEBUG   [poll]    -> read  st2mot    
12:42:11.420  DEBUG   [poll]    <- read  st2mot     ret=0  data=['0x00', '0x00']
12:42:11.421  DEBUG   [poll]    -> read  st0cur    
12:42:11.425  DEBUG   [poll]    <- read  st0cur     ret=0  data=['0xfe', '0x01', '0x01', '0x02']
12:42:12.427  DEBUG   [poll]    -> read  st2mot    
12:42:12.430  DEBUG   [poll]    <- read  st2mot     ret=0  data=['0x00', '0x00']
12:42:12.430  DEBUG   [poll]    -> read  st0cur    
12:42:12.435  DEBUG   [poll]    <- read  st0cur     ret=0  data=['0xfe', '0x01', '0x01', '0x02']
12:42:13.436  DEBUG   [poll]    -> read  st2mot    
12:42:13.440  DEBUG   [poll]    <- read  st2mot     ret=0  data=['0x00', '0x00']
12:42:13.440  DEBUG   [poll]    -> read  st0cur    
12:42:13.444  DEBUG   [poll]    <- read  st0cur     ret=0  data=['0xfe', '0x01', '0x01', '0x02']
12:42:14.446  DEBUG   [poll]    -> read  st2mot    
12:42:14.449  DEBUG   [poll]    <- read  st2mot     ret=0  data=['0x00', '0x00']
12:42:14.450  DEBUG   [poll]    -> read  st0cur    
12:42:14.454  DEBUG   [poll]    <- read  st0cur     ret=0  data=['0xfe', '0x01', '0x01', '0x02']
12:42:15.455  DEBUG   [poll]    -> read  st2mot    
12:42:15.459  DEBUG   [poll]    <- read  st2mot     ret=0  data=['0x00', '0x00']
12:42:15.460  DEBUG   [poll]    -> read  st0cur    
12:42:15.464  DEBUG   [poll]    <- read  st0cur     ret=0  data=['0xfe', '0x01', '0x01', '0x02']
12:42:16.466  DEBUG   [poll]    -> read  st2mot    
12:42:16.469  DEBUG   [poll]    <- read  st2mot     ret=0  data=['0x00', '0x00']
12:42:16.469  DEBUG   [poll]    -> read  st0cur    
12:42:16.474  DEBUG   [poll]    <- read  st0cur     ret=0  data=['0xfe', '0x01', '0x01', '0x02']
12:42:17.475  DEBUG   [poll]    -> read  st2mot    
12:42:17.479  DEBUG   [poll]    <- read  st2mot     ret=0  data=['0x00', '0x00']
12:42:17.479  DEBUG   [poll]    -> read  st0cur    
12:42:17.483  DEBUG   [poll]    <- read  st0cur     ret=0  data=['0xfe', '0x01', '0x01', '0x02']
12:42:18.485  DEBUG   [poll]    -> read  st2mot    
12:42:18.488  DEBUG   [poll]    <- read  st2mot     ret=0  data=['0x00', '0x00']
12:42:18.488  DEBUG   [poll]    -> read  st0cur    
12:42:18.493  DEBUG   [poll]    <- read  st0cur     ret=0  data=['0xfe', '0x01', '0x01', '0x02']
12:42:19.494  DEBUG   [poll]    -> read  st2mot    
12:42:19.497  DEBUG   [poll]    <- read  st2mot     ret=0  data=['0x00', '0x00']
12:42:19.498  DEBUG   [poll]    -> read  st0cur    
12:42:19.502  DEBUG   [poll]    <- read  st0cur     ret=0  data=['0xfe', '0x01', '0x01', '0x02']
12:42:20.503  DEBUG   [poll]    -> read  st2mot    
12:42:20.507  DEBUG   [poll]    <- read  st2mot     ret=0  data=['0x00', '0x00']
12:42:20.510  DEBUG   [poll]    -> read  st0cur    
12:42:20.514  DEBUG   [poll]    <- read  st0cur     ret=0  data=['0xfe', '0x01', '0x01', '0x02']
12:42:21.516  DEBUG   [poll]    -> read  st2mot    
12:42:21.519  DEBUG   [poll]    <- read  st2mot     ret=0  data=['0x00', '0x00']
12:42:21.519  DEBUG   [poll]    -> read  st0cur    
12:42:21.523  DEBUG   [poll]    <- read  st0cur     ret=0  data=['0xfe', '0x01', '0x00', '0x02']
12:42:22.525  DEBUG   [poll]    -> read  st2mot    
12:42:22.528  DEBUG   [poll]    <- read  st2mot     ret=0  data=['0x00', '0x00']
12:42:22.529  DEBUG   [poll]    -> read  st0cur    
12:42:22.533  DEBUG   [poll]    <- read  st0cur     ret=0  data=['0xfe', '0x01', '0x01', '0x02']
12:42:23.535  DEBUG   [poll]    -> read  st2mot    
12:42:23.538  DEBUG   [poll]    <- read  st2mot     ret=0  data=['0x00', '0x00']
12:42:23.538  DEBUG   [poll]    -> read  st0cur    
12:42:23.542  DEBUG   [poll]    <- read  st0cur     ret=0  data=['0xfe', '0x01', '0x01', '0x02']
12:42:24.544  DEBUG   [poll]    -> read  st2mot    
12:42:24.547  DEBUG   [poll]    <- read  st2mot     ret=0  data=['0x00', '0x00']
12:42:24.548  DEBUG   [poll]    -> read  st0cur    
12:42:24.552  DEBUG   [poll]    <- read  st0cur     ret=0  data=['0xfe', '0x01', '0x01', '0x02']
12:42:25.553  DEBUG   [poll]    -> read  st2mot    
12:42:25.557  DEBUG   [poll]    <- read  st2mot     ret=0  data=['0x00', '0x00']
12:42:25.557  DEBUG   [poll]    -> read  st0cur    
12:42:25.561  DEBUG   [poll]    <- read  st0cur     ret=0  data=['0xfe', '0x01', '0x01', '0x02']
12:42:26.563  DEBUG   [poll]    -> read  st2mot    
12:42:26.566  DEBUG   [poll]    <- read  st2mot     ret=0  data=['0x00', '0x00']
12:42:26.567  DEBUG   [poll]    -> read  st0cur    
12:42:26.571  DEBUG   [poll]    <- read  st0cur     ret=0  data=['0xfe', '0x01', '0x01', '0x02']
12:42:27.573  DEBUG   [poll]    -> read  st2mot    
12:42:27.576  DEBUG   [poll]    <- read  st2mot     ret=0  data=['0x00', '0x00']
12:42:27.576  DEBUG   [poll]    -> read  st0cur    
12:42:27.581  DEBUG   [poll]    <- read  st0cur     ret=0  data=['0xfe', '0x01', '0x01', '0x02']
12:42:28.582  DEBUG   [poll]    -> read  st2mot    
12:42:28.585  DEBUG   [poll]    <- read  st2mot     ret=0  data=['0x00', '0x00']
12:42:28.586  DEBUG   [poll]    -> read  st0cur    
12:42:28.590  DEBUG   [poll]    <- read  st0cur     ret=0  data=['0xfe', '0x01', '0x01', '0x02']
12:42:29.591  DEBUG   [poll]    -> read  st2mot    
12:42:29.595  DEBUG   [poll]    <- read  st2mot     ret=0  data=['0x00', '0x00']
12:42:29.595  DEBUG   [poll]    -> read  st0cur    
12:42:29.599  DEBUG   [poll]    <- read  st0cur     ret=0  data=['0xfe', '0x01', '0x01', '0x02']
12:42:30.601  DEBUG   [poll]    -> read  st2mot    
12:42:30.604  DEBUG   [poll]    <- read  st2mot     ret=0  data=['0x00', '0x00']
12:42:30.605  DEBUG   [poll]    -> read  st0cur    
12:42:30.609  DEBUG   [poll]    <- read  st0cur     ret=0  data=['0xfe', '0x01', '0x01', '0x02']
12:42:31.611  DEBUG   [poll]    -> read  st2mot    
12:42:31.614  DEBUG   [poll]    <- read  st2mot     ret=0  data=['0x00', '0x00']
12:42:31.614  DEBUG   [poll]    -> read  st0cur    
12:42:31.619  DEBUG   [poll]    <- read  st0cur     ret=0  data=['0xfe', '0x01', '0x00', '0x02']
12:42:32.620  DEBUG   [poll]    -> read  st2mot    
12:42:32.624  DEBUG   [poll]    <- read  st2mot     ret=0  data=['0x00', '0x00']
12:42:32.624  DEBUG   [poll]    -> read  st0cur    
12:42:32.628  DEBUG   [poll]    <- read  st0cur     ret=0  data=['0xfe', '0x01', '0x01', '0x02']
12:42:33.630  DEBUG   [poll]    -> read  st2mot    
12:42:33.633  DEBUG   [poll]    <- read  st2mot     ret=0  data=['0x00', '0x00']
12:42:33.633  DEBUG   [poll]    -> read  st0cur    
12:42:33.638  DEBUG   [poll]    <- read  st0cur     ret=0  data=['0xfe', '0x01', '0x01', '0x02']
12:42:34.639  DEBUG   [poll]    -> read  st2mot    
12:42:34.643  DEBUG   [poll]    <- read  st2mot     ret=0  data=['0x00', '0x00']
12:42:34.643  DEBUG   [poll]    -> read  st0cur    
12:42:34.647  DEBUG   [poll]    <- read  st0cur     ret=0  data=['0xfe', '0x01', '0x01', '0x02']
12:42:35.649  DEBUG   [poll]    -> read  st2mot    
12:42:35.652  DEBUG   [poll]    <- read  st2mot     ret=0  data=['0x00', '0x00']
12:42:35.653  DEBUG   [poll]    -> read  st0cur    
12:42:35.657  DEBUG   [poll]    <- read  st0cur     ret=0  data=['0xfe', '0x01', '0x00', '0x02']
12:42:36.658  DEBUG   [poll]    -> read  st2mot    
12:42:36.662  DEBUG   [poll]    <- read  st2mot     ret=0  data=['0x00', '0x00']
12:42:36.662  DEBUG   [poll]    -> read  st0cur    
12:42:36.666  DEBUG   [poll]    <- read  st0cur     ret=0  data=['0xfd', '0x01', '0x01', '0x02']
12:42:37.668  DEBUG   [poll]    -> read  st2mot    
12:42:37.671  DEBUG   [poll]    <- read  st2mot     ret=0  data=['0x00', '0x00']
12:42:37.672  DEBUG   [poll]    -> read  st0cur    
12:42:37.676  DEBUG   [poll]    <- read  st0cur     ret=0  data=['0xfe', '0x01', '0x01', '0x02']
12:42:38.677  DEBUG   [poll]    -> read  st2mot    
12:42:38.681  DEBUG   [poll]    <- read  st2mot     ret=0  data=['0x00', '0x00']
12:42:38.681  DEBUG   [poll]    -> read  st0cur    
12:42:38.685  DEBUG   [poll]    <- read  st0cur     ret=0  data=['0xfe', '0x01', '0x01', '0x02']
12:42:39.687  DEBUG   [poll]    -> read  st2mot    
12:42:39.690  DEBUG   [poll]    <- read  st2mot     ret=0  data=['0x00', '0x00']
12:42:39.690  DEBUG   [poll]    -> read  st0cur    
12:42:39.695  DEBUG   [poll]    <- read  st0cur     ret=0  data=['0xfe', '0x01', '0x01', '0x02']
12:42:40.696  DEBUG   [poll]    -> read  st2mot    
12:42:40.699  DEBUG   [poll]    <- read  st2mot     ret=0  data=['0x00', '0x00']
12:42:40.700  DEBUG   [poll]    -> read  st0cur    
12:42:40.704  DEBUG   [poll]    <- read  st0cur     ret=0  data=['0xfe', '0x01', '0x01', '0x02']
12:42:41.706  DEBUG   [poll]    -> read  st2mot    
12:42:41.709  DEBUG   [poll]    <- read  st2mot     ret=0  data=['0x00', '0x00']
12:42:41.710  DEBUG   [poll]    -> read  st0cur    
12:42:41.714  DEBUG   [poll]    <- read  st0cur     ret=0  data=['0xfe', '0x01', '0x01', '0x02']
12:42:42.715  DEBUG   [poll]    -> read  st2mot    
12:42:42.719  DEBUG   [poll]    <- read  st2mot     ret=0  data=['0x00', '0x00']
12:42:42.719  DEBUG   [poll]    -> read  st0cur    
12:42:42.723  DEBUG   [poll]    <- read  st0cur     ret=0  data=['0xfe', '0x01', '0x01', '0x02']
12:42:43.725  DEBUG   [poll]    -> read  st2mot    
12:42:43.728  DEBUG   [poll]    <- read  st2mot     ret=0  data=['0x00', '0x00']
12:42:43.728  DEBUG   [poll]    -> read  st0cur    
12:42:43.733  DEBUG   [poll]    <- read  st0cur     ret=0  data=['0xfe', '0x01', '0x01', '0x02']
12:42:44.734  DEBUG   [poll]    -> read  st2mot    
12:42:44.738  DEBUG   [poll]    <- read  st2mot     ret=0  data=['0x00', '0x00']
12:42:44.738  DEBUG   [poll]    -> read  st0cur    
12:42:44.742  DEBUG   [poll]    <- read  st0cur     ret=0  data=['0xfe', '0x01', '0x01', '0x02']
12:42:45.744  DEBUG   [poll]    -> read  st2mot    
12:42:45.747  DEBUG   [poll]    <- read  st2mot     ret=0  data=['0x00', '0x00']
12:42:45.748  DEBUG   [poll]    -> read  st0cur    
12:42:45.752  DEBUG   [poll]    <- read  st0cur     ret=0  data=['0xfe', '0x01', '0x01', '0x02']
12:42:46.754  DEBUG   [poll]    -> read  st2mot    
12:42:46.757  DEBUG   [poll]    <- read  st2mot     ret=0  data=['0x00', '0x00']
12:42:46.757  DEBUG   [poll]    -> read  st0cur    
12:42:46.762  DEBUG   [poll]    <- read  st0cur     ret=0  data=['0xfe', '0x01', '0x01', '0x02']
12:42:47.763  DEBUG   [poll]    -> read  st2mot    
12:42:47.766  DEBUG   [poll]    <- read  st2mot     ret=0  data=['0x00', '0x00']
12:42:47.767  DEBUG   [poll]    -> read  st0cur    
12:42:47.771  DEBUG   [poll]    <- read  st0cur     ret=0  data=['0xfe', '0x01', '0x01', '0x02']
12:42:48.773  DEBUG   [poll]    -> read  st2mot    
12:42:48.776  DEBUG   [poll]    <- read  st2mot     ret=0  data=['0x00', '0x00']
12:42:48.776  DEBUG   [poll]    -> read  st0cur    
12:42:48.781  DEBUG   [poll]    <- read  st0cur     ret=0  data=['0xfe', '0x01', '0x01', '0x02']
12:42:49.782  DEBUG   [poll]    -> read  st2mot    
12:42:49.785  DEBUG   [poll]    <- read  st2mot     ret=0  data=['0x00', '0x00']
12:42:49.786  DEBUG   [poll]    -> read  st0cur    
12:42:49.790  DEBUG   [poll]    <- read  st0cur     ret=0  data=['0xfe', '0x01', '0x01', '0x02']
12:42:50.792  DEBUG   [poll]    -> read  st2mot    
12:42:50.795  DEBUG   [poll]    <- read  st2mot     ret=0  data=['0x00', '0x00']
12:42:50.796  DEBUG   [poll]    -> read  st0cur    
12:42:50.800  DEBUG   [poll]    <- read  st0cur     ret=0  data=['0xfe', '0x01', '0x01', '0x02']
12:42:51.801  DEBUG   [poll]    -> read  st2mot    
12:42:51.805  DEBUG   [poll]    <- read  st2mot     ret=0  data=['0x00', '0x00']
12:42:51.805  DEBUG   [poll]    -> read  st0cur    
12:42:51.809  DEBUG   [poll]    <- read  st0cur     ret=0  data=['0xfe', '0x01', '0x01', '0x02']
12:42:52.811  DEBUG   [poll]    -> read  st2mot    
12:42:52.814  DEBUG   [poll]    <- read  st2mot     ret=0  data=['0x00', '0x00']
12:42:52.815  DEBUG   [poll]    -> read  st0cur    
12:42:52.819  DEBUG   [poll]    <- read  st0cur     ret=0  data=['0xfe', '0x01', '0x01', '0x02']
12:42:53.820  DEBUG   [poll]    -> read  st2mot    
12:42:53.824  DEBUG   [poll]    <- read  st2mot     ret=0  data=['0x00', '0x00']
12:42:53.824  DEBUG   [poll]    -> read  st0cur    
12:42:53.828  DEBUG   [poll]    <- read  st0cur     ret=0  data=['0xfe', '0x01', '0x01', '0x02']
12:42:54.830  DEBUG   [poll]    -> read  st2mot    
12:42:54.833  DEBUG   [poll]    <- read  st2mot     ret=0  data=['0x00', '0x00']
12:42:54.833  DEBUG   [poll]    -> read  st0cur    
12:42:54.838  DEBUG   [poll]    <- read  st0cur     ret=0  data=['0xfe', '0x01', '0x01', '0x02']
12:42:55.839  DEBUG   [poll]    -> read  st2mot    
12:42:55.842  DEBUG   [poll]    <- read  st2mot     ret=0  data=['0x00', '0x00']
12:42:55.843  DEBUG   [poll]    -> read  st0cur    
12:42:55.847  DEBUG   [poll]    <- read  st0cur     ret=0  data=['0xfd', '0x01', '0x01', '0x02']
12:42:56.849  DEBUG   [poll]    -> read  st2mot    
12:42:56.852  DEBUG   [poll]    <- read  st2mot     ret=0  data=['0x00', '0x00']
12:42:56.853  DEBUG   [poll]    -> read  st0cur    
12:42:56.857  DEBUG   [poll]    <- read  st0cur     ret=0  data=['0xfe', '0x01', '0x01', '0x02']
12:42:57.858  DEBUG   [poll]    -> read  st2mot    
12:42:57.862  DEBUG   [poll]    <- read  st2mot     ret=0  data=['0x00', '0x00']
12:42:57.862  DEBUG   [poll]    -> read  st0cur    
12:42:57.866  DEBUG   [poll]    <- read  st0cur     ret=0  data=['0xfe', '0x01', '0x01', '0x02']
12:42:58.868  DEBUG   [poll]    -> read  st2mot    
12:42:58.871  DEBUG   [poll]    <- read  st2mot     ret=0  data=['0x00', '0x00']
12:42:58.872  DEBUG   [poll]    -> read  st0cur    
12:42:58.876  DEBUG   [poll]    <- read  st0cur     ret=0  data=['0xfe', '0x01', '0x01', '0x02']
12:42:59.877  DEBUG   [poll]    -> read  st2mot    
12:42:59.881  DEBUG   [poll]    <- read  st2mot     ret=0  data=['0x00', '0x00']
12:42:59.881  DEBUG   [poll]    -> read  st0cur    
12:42:59.885  DEBUG   [poll]    <- read  st0cur     ret=0  data=['0xfe', '0x01', '0x01', '0x02']
12:43:00.887  DEBUG   [poll]    -> read  st2mot    
12:43:00.890  DEBUG   [poll]    <- read  st2mot     ret=0  data=['0x00', '0x00']
12:43:00.891  DEBUG   [poll]    -> read  st0cur    
12:43:00.895  DEBUG   [poll]    <- read  st0cur     ret=0  data=['0xfe', '0x01', '0x01', '0x02']
12:43:01.897  DEBUG   [poll]    -> read  st2mot    
12:43:01.900  DEBUG   [poll]    <- read  st2mot     ret=0  data=['0x00', '0x00']
12:43:01.901  DEBUG   [poll]    -> read  st0cur    
12:43:01.905  DEBUG   [poll]    <- read  st0cur     ret=0  data=['0xfe', '0x01', '0x01', '0x02']
12:43:02.906  DEBUG   [poll]    -> read  st2mot    
12:43:02.910  DEBUG   [poll]    <- read  st2mot     ret=0  data=['0x00', '0x00']
12:43:02.910  DEBUG   [poll]    -> read  st0cur    
12:43:02.914  DEBUG   [poll]    <- read  st0cur     ret=0  data=['0xfe', '0x01', '0x01', '0x02']
12:43:03.916  DEBUG   [poll]    -> read  st2mot    
12:43:03.919  DEBUG   [poll]    <- read  st2mot     ret=0  data=['0x00', '0x00']
12:43:03.920  DEBUG   [poll]    -> read  st0cur    
12:43:03.924  DEBUG   [poll]    <- read  st0cur     ret=0  data=['0xfe', '0x01', '0x01', '0x02']
12:43:04.925  DEBUG   [poll]    -> read  st2mot    
12:43:04.929  DEBUG   [poll]    <- read  st2mot     ret=0  data=['0x00', '0x00']
12:43:04.929  DEBUG   [poll]    -> read  st0cur    
12:43:04.933  DEBUG   [poll]    <- read  st0cur     ret=0  data=['0xfe', '0x01', '0x01', '0x02']
12:43:05.935  DEBUG   [poll]    -> read  st2mot    
12:43:05.938  DEBUG   [poll]    <- read  st2mot     ret=0  data=['0x00', '0x00']
12:43:05.939  DEBUG   [poll]    -> read  st0cur    
12:43:05.943  DEBUG   [poll]    <- read  st0cur     ret=0  data=['0xfe', '0x01', '0x01', '0x02']
12:43:06.944  DEBUG   [poll]    -> read  st2mot    
12:43:06.948  DEBUG   [poll]    <- read  st2mot     ret=0  data=['0x00', '0x00']
12:43:06.948  DEBUG   [poll]    -> read  st0cur    
12:43:06.952  DEBUG   [poll]    <- read  st0cur     ret=0  data=['0xfe', '0x01', '0x01', '0x02']
12:43:07.954  DEBUG   [poll]    -> read  st2mot    
12:43:07.957  DEBUG   [poll]    <- read  st2mot     ret=0  data=['0x00', '0x00']
12:43:07.958  DEBUG   [poll]    -> read  st0cur    
12:43:07.962  DEBUG   [poll]    <- read  st0cur     ret=0  data=['0xfe', '0x01', '0x01', '0x02']
12:43:08.963  DEBUG   [poll]    -> read  st2mot    
12:43:08.967  DEBUG   [poll]    <- read  st2mot     ret=0  data=['0x00', '0x00']
12:43:08.967  DEBUG   [poll]    -> read  st0cur    
12:43:08.971  DEBUG   [poll]    <- read  st0cur     ret=0  data=['0xfe', '0x01', '0x01', '0x02']
12:43:09.973  DEBUG   [poll]    -> read  st2mot    
12:43:09.976  DEBUG   [poll]    <- read  st2mot     ret=0  data=['0x00', '0x00']
12:43:09.976  DEBUG   [poll]    -> read  st0cur    
12:43:09.981  DEBUG   [poll]    <- read  st0cur     ret=0  data=['0xfe', '0x01', '0x01', '0x02']
12:43:10.982  DEBUG   [poll]    -> read  st2mot    
12:43:10.986  DEBUG   [poll]    <- read  st2mot     ret=0  data=['0x00', '0x00']
12:43:10.988  DEBUG   [poll]    -> read  st0cur    
12:43:10.993  DEBUG   [poll]    <- read  st0cur     ret=0  data=['0xfe', '0x01', '0x01', '0x02']
12:43:11.994  DEBUG   [poll]    -> read  st2mot    
12:43:11.998  DEBUG   [poll]    <- read  st2mot     ret=0  data=['0x00', '0x00']
12:43:11.998  DEBUG   [poll]    -> read  st0cur    
12:43:12.002  DEBUG   [poll]    <- read  st0cur     ret=0  data=['0xfe', '0x01', '0x01', '0x02']
12:43:13.004  DEBUG   [poll]    -> read  st2mot    
12:43:13.007  DEBUG   [poll]    <- read  st2mot     ret=0  data=['0x00', '0x00']
12:43:13.008  DEBUG   [poll]    -> read  st0cur    
12:43:13.012  DEBUG   [poll]    <- read  st0cur     ret=0  data=['0xfe', '0x01', '0x01', '0x02']
12:43:14.013  DEBUG   [poll]    -> read  st2mot    
12:43:14.016  DEBUG   [poll]    <- read  st2mot     ret=0  data=['0x00', '0x00']
12:43:14.017  DEBUG   [poll]    -> read  st0cur    
12:43:14.021  DEBUG   [poll]    <- read  st0cur     ret=0  data=['0xfe', '0x01', '0x01', '0x02']
12:43:15.022  DEBUG   [poll]    -> read  st2mot    
12:43:15.026  DEBUG   [poll]    <- read  st2mot     ret=0  data=['0x00', '0x00']
12:43:15.026  DEBUG   [poll]    -> read  st0cur    
12:43:15.031  DEBUG   [poll]    <- read  st0cur     ret=0  data=['0xfe', '0x01', '0x01', '0x02']
12:43:16.032  DEBUG   [poll]    -> read  st2mot    
12:43:16.036  DEBUG   [poll]    <- read  st2mot     ret=0  data=['0x00', '0x00']
12:43:16.036  DEBUG   [poll]    -> read  st0cur    
12:43:16.040  DEBUG   [poll]    <- read  st0cur     ret=0  data=['0xfe', '0x01', '0x01', '0x02']
12:43:17.042  DEBUG   [poll]    -> read  st2mot    
12:43:17.045  DEBUG   [poll]    <- read  st2mot     ret=0  data=['0x00', '0x00']
12:43:17.046  DEBUG   [poll]    -> read  st0cur    
12:43:17.050  DEBUG   [poll]    <- read  st0cur     ret=0  data=['0xfe', '0x01', '0x01', '0x02']
12:43:18.051  DEBUG   [poll]    -> read  st2mot    
12:43:18.055  DEBUG   [poll]    <- read  st2mot     ret=0  data=['0x00', '0x00']
12:43:18.055  DEBUG   [poll]    -> read  st0cur    
12:43:18.059  DEBUG   [poll]    <- read  st0cur     ret=0  data=['0xfe', '0x01', '0x01', '0x02']
12:43:19.061  DEBUG   [poll]    -> read  st2mot    
12:43:19.064  DEBUG   [poll]    <- read  st2mot     ret=0  data=['0x00', '0x00']
12:43:19.065  DEBUG   [poll]    -> read  st0cur    
12:43:19.069  DEBUG   [poll]    <- read  st0cur     ret=0  data=['0xfe', '0x01', '0x01', '0x02']
12:43:20.070  DEBUG   [poll]    -> read  st2mot    
12:43:20.074  DEBUG   [poll]    <- read  st2mot     ret=0  data=['0x00', '0x00']
12:43:20.074  DEBUG   [poll]    -> read  st0cur    
12:43:20.078  DEBUG   [poll]    <- read  st0cur     ret=0  data=['0xfe', '0x01', '0x01', '0x02']
12:43:21.080  DEBUG   [poll]    -> read  st2mot    
12:43:21.083  DEBUG   [poll]    <- read  st2mot     ret=0  data=['0x00', '0x00']
12:43:21.084  DEBUG   [poll]    -> read  st0cur    
12:43:21.088  DEBUG   [poll]    <- read  st0cur     ret=0  data=['0xfe', '0x01', '0x01', '0x02']
12:43:22.090  DEBUG   [poll]    -> read  st2mot    
12:43:22.093  DEBUG   [poll]    <- read  st2mot     ret=0  data=['0x00', '0x00']
12:43:22.093  DEBUG   [poll]    -> read  st0cur    
12:43:22.098  DEBUG   [poll]    <- read  st0cur     ret=0  data=['0xfe', '0x01', '0x01', '0x02']
12:43:23.099  DEBUG   [poll]    -> read  st2mot    
12:43:23.102  DEBUG   [poll]    <- read  st2mot     ret=0  data=['0x00', '0x00']
12:43:23.103  DEBUG   [poll]    -> read  st0cur    
12:43:23.107  DEBUG   [poll]    <- read  st0cur     ret=0  data=['0xfe', '0x01', '0x01', '0x02']
12:43:24.109  DEBUG   [poll]    -> read  st2mot    
12:43:24.112  DEBUG   [poll]    <- read  st2mot     ret=0  data=['0x00', '0x00']
12:43:24.112  DEBUG   [poll]    -> read  st0cur    
12:43:24.117  DEBUG   [poll]    <- read  st0cur     ret=0  data=['0xfe', '0x01', '0x01', '0x02']
12:43:25.118  DEBUG   [poll]    -> read  st2mot    
12:43:25.121  DEBUG   [poll]    <- read  st2mot     ret=0  data=['0x00', '0x00']
12:43:25.122  DEBUG   [poll]    -> read  st0cur    
12:43:25.126  DEBUG   [poll]    <- read  st0cur     ret=0  data=['0xfe', '0x01', '0x01', '0x02']
12:43:26.127  DEBUG   [poll]    -> read  st2mot    
12:43:26.131  DEBUG   [poll]    <- read  st2mot     ret=0  data=['0x00', '0x00']
12:43:26.131  DEBUG   [poll]    -> read  st0cur    
12:43:26.135  DEBUG   [poll]    <- read  st0cur     ret=0  data=['0xfe', '0x01', '0x01', '0x02']
12:43:27.137  DEBUG   [poll]    -> read  st2mot    
12:43:27.140  DEBUG   [poll]    <- read  st2mot     ret=0  data=['0x00', '0x00']
12:43:27.141  DEBUG   [poll]    -> read  st0cur    
12:43:27.145  DEBUG   [poll]    <- read  st0cur     ret=0  data=['0xfe', '0x01', '0x01', '0x02']
12:43:28.147  DEBUG   [poll]    -> read  st2mot    
12:43:28.150  DEBUG   [poll]    <- read  st2mot     ret=0  data=['0x00', '0x00']
12:43:28.150  DEBUG   [poll]    -> read  st0cur    
12:43:28.155  DEBUG   [poll]    <- read  st0cur     ret=0  data=['0xfe', '0x01', '0x01', '0x02']
12:43:29.156  DEBUG   [poll]    -> read  st2mot    
12:43:29.159  DEBUG   [poll]    <- read  st2mot     ret=0  data=['0x00', '0x00']
12:43:29.160  DEBUG   [poll]    -> read  st0cur    
12:43:29.164  DEBUG   [poll]    <- read  st0cur     ret=0  data=['0xfe', '0x01', '0x01', '0x02']
12:43:30.166  DEBUG   [poll]    -> read  st2mot    
12:43:30.169  DEBUG   [poll]    <- read  st2mot     ret=0  data=['0x00', '0x00']
12:43:30.169  DEBUG   [poll]    -> read  st0cur    
12:43:30.174  DEBUG   [poll]    <- read  st0cur     ret=0  data=['0xfe', '0x01', '0x01', '0x02']
12:43:31.175  DEBUG   [poll]    -> read  st2mot    
12:43:31.179  DEBUG   [poll]    <- read  st2mot     ret=0  data=['0x00', '0x00']
12:43:31.179  DEBUG   [poll]    -> read  st0cur    
12:43:31.183  DEBUG   [poll]    <- read  st0cur     ret=0  data=['0xfe', '0x01', '0x01', '0x02']
12:43:32.185  DEBUG   [poll]    -> read  st2mot    
12:43:32.188  DEBUG   [poll]    <- read  st2mot     ret=0  data=['0x00', '0x00']
12:43:32.188  DEBUG   [poll]    -> read  st0cur    
12:43:32.193  DEBUG   [poll]    <- read  st0cur     ret=0  data=['0xfe', '0x01', '0x01', '0x02']
12:43:33.194  DEBUG   [poll]    -> read  st2mot    
12:43:33.198  DEBUG   [poll]    <- read  st2mot     ret=0  data=['0x00', '0x00']
12:43:33.198  DEBUG   [poll]    -> read  st0cur    
12:43:33.202  DEBUG   [poll]    <- read  st0cur     ret=0  data=['0xfe', '0x01', '0x01', '0x02']
12:43:34.204  DEBUG   [poll]    -> read  st2mot    
12:43:34.207  DEBUG   [poll]    <- read  st2mot     ret=0  data=['0x00', '0x00']
12:43:34.207  DEBUG   [poll]    -> read  st0cur    
12:43:34.212  DEBUG   [poll]    <- read  st0cur     ret=0  data=['0xfe', '0x01', '0x01', '0x02']
12:43:35.213  DEBUG   [poll]    -> read  st2mot    
12:43:35.216  DEBUG   [poll]    <- read  st2mot     ret=0  data=['0x00', '0x00']
12:43:35.217  DEBUG   [poll]    -> read  st0cur    
12:43:35.221  DEBUG   [poll]    <- read  st0cur     ret=0  data=['0xfe', '0x01', '0x01', '0x02']
12:43:36.223  DEBUG   [poll]    -> read  st2mot    
12:43:36.226  DEBUG   [poll]    <- read  st2mot     ret=0  data=['0x00', '0x00']
12:43:36.227  DEBUG   [poll]    -> read  st0cur    
12:43:36.231  DEBUG   [poll]    <- read  st0cur     ret=0  data=['0xfe', '0x01', '0x01', '0x02']
12:43:37.232  DEBUG   [poll]    -> read  st2mot    
12:43:37.236  DEBUG   [poll]    <- read  st2mot     ret=0  data=['0x00', '0x00']
12:43:37.236  DEBUG   [poll]    -> read  st0cur    
12:43:37.240  DEBUG   [poll]    <- read  st0cur     ret=0  data=['0xfe', '0x01', '0x01', '0x02']
12:43:38.242  DEBUG   [poll]    -> read  st2mot    
12:43:38.245  DEBUG   [poll]    <- read  st2mot     ret=0  data=['0x00', '0x00']
12:43:38.246  DEBUG   [poll]    -> read  st0cur    
12:43:38.250  DEBUG   [poll]    <- read  st0cur     ret=0  data=['0xfe', '0x01', '0x01', '0x02']
12:43:39.251  DEBUG   [poll]    -> read  st2mot    
12:43:39.255  DEBUG   [poll]    <- read  st2mot     ret=0  data=['0x00', '0x00']
12:43:39.255  DEBUG   [poll]    -> read  st0cur    
12:43:39.259  DEBUG   [poll]    <- read  st0cur     ret=0  data=['0xfe', '0x01', '0x01', '0x02']
12:43:40.261  DEBUG   [poll]    -> read  st2mot    
12:43:40.264  DEBUG   [poll]    <- read  st2mot     ret=0  data=['0x00', '0x00']
12:43:40.265  DEBUG   [poll]    -> read  st0cur    
12:43:40.269  DEBUG   [poll]    <- read  st0cur     ret=0  data=['0xfe', '0x01', '0x01', '0x02']
12:43:41.270  DEBUG   [poll]    -> read  st2mot    
12:43:41.274  DEBUG   [poll]    <- read  st2mot     ret=0  data=['0x00', '0x00']
12:43:41.274  DEBUG   [poll]    -> read  st0cur    
12:43:41.278  DEBUG   [poll]    <- read  st0cur     ret=0  data=['0xfe', '0x01', '0x01', '0x02']
12:43:42.280  DEBUG   [poll]    -> read  st2mot    
12:43:42.283  DEBUG   [poll]    <- read  st2mot     ret=0  data=['0x00', '0x00']
12:43:42.284  DEBUG   [poll]    -> read  st0cur    
12:43:42.288  DEBUG   [poll]    <- read  st0cur     ret=0  data=['0xfe', '0x01', '0x01', '0x02']
12:43:43.289  DEBUG   [poll]    -> read  st2mot    
12:43:43.293  DEBUG   [poll]    <- read  st2mot     ret=0  data=['0x00', '0x00']
12:43:43.293  DEBUG   [poll]    -> read  st0cur    
12:43:43.297  DEBUG   [poll]    <- read  st0cur     ret=0  data=['0xfe', '0x01', '0x01', '0x02']
12:43:44.299  DEBUG   [poll]    -> read  st2mot    
12:43:44.302  DEBUG   [poll]    <- read  st2mot     ret=0  data=['0x00', '0x00']
12:43:44.303  DEBUG   [poll]    -> read  st0cur    
12:43:44.307  DEBUG   [poll]    <- read  st0cur     ret=0  data=['0xfe', '0x01', '0x01', '0x02']
12:43:45.308  DEBUG   [poll]    -> read  st2mot    
12:43:45.312  DEBUG   [poll]    <- read  st2mot     ret=0  data=['0x00', '0x00']
12:43:45.312  DEBUG   [poll]    -> read  st0cur    
12:43:45.316  DEBUG   [poll]    <- read  st0cur     ret=0  data=['0xfe', '0x01', '0x01', '0x02']
12:43:46.318  DEBUG   [poll]    -> read  st2mot    
12:43:46.321  DEBUG   [poll]    <- read  st2mot     ret=0  data=['0x00', '0x00']
12:43:46.322  DEBUG   [poll]    -> read  st0cur    
12:43:46.326  DEBUG   [poll]    <- read  st0cur     ret=0  data=['0xfe', '0x01', '0x01', '0x02']
12:43:47.328  DEBUG   [poll]    -> read  st2mot    
12:43:47.331  DEBUG   [poll]    <- read  st2mot     ret=0  data=['0x00', '0x00']
12:43:47.331  DEBUG   [poll]    -> read  st0cur    
12:43:47.336  DEBUG   [poll]    <- read  st0cur     ret=0  data=['0xfe', '0x01', '0x01', '0x02']
12:43:48.337  DEBUG   [poll]    -> read  st2mot    
12:43:48.340  DEBUG   [poll]    <- read  st2mot     ret=0  data=['0x00', '0x00']
12:43:48.341  DEBUG   [poll]    -> read  st0cur    
12:43:48.345  DEBUG   [poll]    <- read  st0cur     ret=0  data=['0xfe', '0x01', '0x01', '0x02']
12:43:49.347  DEBUG   [poll]    -> read  st2mot    
12:43:49.350  DEBUG   [poll]    <- read  st2mot     ret=0  data=['0x00', '0x00']
12:43:49.350  DEBUG   [poll]    -> read  st0cur    
12:43:49.355  DEBUG   [poll]    <- read  st0cur     ret=0  data=['0xfe', '0x01', '0x01', '0x02']
12:43:50.356  DEBUG   [poll]    -> read  st2mot    
12:43:50.359  DEBUG   [poll]    <- read  st2mot     ret=0  data=['0x00', '0x00']
12:43:50.360  DEBUG   [poll]    -> read  st0cur    
12:43:50.364  DEBUG   [poll]    <- read  st0cur     ret=0  data=['0xfe', '0x01', '0x01', '0x02']
12:43:51.365  DEBUG   [poll]    -> read  st2mot    
12:43:51.369  DEBUG   [poll]    <- read  st2mot     ret=0  data=['0x00', '0x00']
12:43:51.370  DEBUG   [poll]    -> read  st0cur    
12:43:51.374  DEBUG   [poll]    <- read  st0cur     ret=0  data=['0xfe', '0x01', '0x01', '0x02']
12:43:52.375  DEBUG   [poll]    -> read  st2mot    
12:43:52.379  DEBUG   [poll]    <- read  st2mot     ret=0  data=['0x00', '0x00']
12:43:52.379  DEBUG   [poll]    -> read  st0cur    
12:43:52.383  DEBUG   [poll]    <- read  st0cur     ret=0  data=['0xfe', '0x01', '0x01', '0x02']
12:43:53.385  DEBUG   [poll]    -> read  st2mot    
12:43:53.388  DEBUG   [poll]    <- read  st2mot     ret=0  data=['0x00', '0x00']
12:43:53.389  DEBUG   [poll]    -> read  st0cur    
12:43:53.393  DEBUG   [poll]    <- read  st0cur     ret=0  data=['0xfe', '0x01', '0x01', '0x02']
12:43:54.394  DEBUG   [poll]    -> read  st2mot    
12:43:54.398  DEBUG   [poll]    <- read  st2mot     ret=0  data=['0x00', '0x00']
12:43:54.398  DEBUG   [poll]    -> read  st0cur    
12:43:54.402  DEBUG   [poll]    <- read  st0cur     ret=0  data=['0xfe', '0x01', '0x01', '0x02']
12:43:55.404  DEBUG   [poll]    -> read  st2mot    
12:43:55.407  DEBUG   [poll]    <- read  st2mot     ret=0  data=['0x00', '0x00']
12:43:55.408  DEBUG   [poll]    -> read  st0cur    
12:43:55.412  DEBUG   [poll]    <- read  st0cur     ret=0  data=['0xfe', '0x01', '0x01', '0x02']
12:43:56.413  DEBUG   [poll]    -> read  st2mot    
12:43:56.417  DEBUG   [poll]    <- read  st2mot     ret=0  data=['0x00', '0x00']
12:43:56.418  DEBUG   [poll]    -> read  st0cur    
12:43:56.422  DEBUG   [poll]    <- read  st0cur     ret=0  data=['0xfe', '0x01', '0x01', '0x02']
12:43:57.424  DEBUG   [poll]    -> read  st2mot    
12:43:57.427  DEBUG   [poll]    <- read  st2mot     ret=0  data=['0x00', '0x00']
12:43:57.427  DEBUG   [poll]    -> read  st0cur    
12:43:57.432  DEBUG   [poll]    <- read  st0cur     ret=0  data=['0xfe', '0x01', '0x01', '0x02']
12:43:58.433  DEBUG   [poll]    -> read  st2mot    
12:43:58.436  DEBUG   [poll]    <- read  st2mot     ret=0  data=['0x00', '0x00']
12:43:58.437  DEBUG   [poll]    -> read  st0cur    
12:43:58.441  DEBUG   [poll]    <- read  st0cur     ret=0  data=['0xfe', '0x01', '0x01', '0x02']
12:43:59.443  DEBUG   [poll]    -> read  st2mot    
12:43:59.446  DEBUG   [poll]    <- read  st2mot     ret=0  data=['0x00', '0x00']
12:43:59.446  DEBUG   [poll]    -> read  st0cur    
12:43:59.451  DEBUG   [poll]    <- read  st0cur     ret=0  data=['0xfe', '0x01', '0x01', '0x02']
12:44:00.452  DEBUG   [poll]    -> read  st2mot    
12:44:00.455  DEBUG   [poll]    <- read  st2mot     ret=0  data=['0x00', '0x00']
12:44:00.456  DEBUG   [poll]    -> read  st0cur    
12:44:00.460  DEBUG   [poll]    <- read  st0cur     ret=0  data=['0xfe', '0x01', '0x01', '0x02']
12:44:01.461  DEBUG   [poll]    -> read  st2mot    
12:44:01.465  DEBUG   [poll]    <- read  st2mot     ret=0  data=['0x00', '0x00']
12:44:01.467  DEBUG   [poll]    -> read  st0cur    
12:44:01.472  DEBUG   [poll]    <- read  st0cur     ret=0  data=['0xfe', '0x01', '0x01', '0x02']
12:44:02.473  DEBUG   [poll]    -> read  st2mot    
12:44:02.477  DEBUG   [poll]    <- read  st2mot     ret=0  data=['0x00', '0x00']
12:44:02.477  DEBUG   [poll]    -> read  st0cur    
12:44:02.481  DEBUG   [poll]    <- read  st0cur     ret=0  data=['0xfe', '0x01', '0x01', '0x02']
12:44:03.483  DEBUG   [poll]    -> read  st2mot    
12:44:03.486  DEBUG   [poll]    <- read  st2mot     ret=0  data=['0x00', '0x00']
12:44:03.486  DEBUG   [poll]    -> read  st0cur    
12:44:03.491  DEBUG   [poll]    <- read  st0cur     ret=0  data=['0xfe', '0x01', '0x01', '0x02']
12:44:04.492  DEBUG   [poll]    -> read  st2mot    
12:44:04.495  DEBUG   [poll]    <- read  st2mot     ret=0  data=['0x00', '0x00']
12:44:04.496  DEBUG   [poll]    -> read  st0cur    
12:44:04.500  DEBUG   [poll]    <- read  st0cur     ret=0  data=['0xfe', '0x01', '0x01', '0x02']
12:44:05.502  DEBUG   [poll]    -> read  st2mot    
12:44:05.505  DEBUG   [poll]    <- read  st2mot     ret=0  data=['0x00', '0x00']
12:44:05.505  DEBUG   [poll]    -> read  st0cur    
12:44:05.510  DEBUG   [poll]    <- read  st0cur     ret=0  data=['0xfe', '0x01', '0x01', '0x02']
12:44:06.511  DEBUG   [poll]    -> read  st2mot    
12:44:06.515  DEBUG   [poll]    <- read  st2mot     ret=0  data=['0x00', '0x00']
12:44:06.515  DEBUG   [poll]    -> read  st0cur    
12:44:06.519  DEBUG   [poll]    <- read  st0cur     ret=0  data=['0xfd', '0x01', '0x01', '0x02']
12:44:07.521  DEBUG   [poll]    -> read  st2mot    
12:44:07.524  DEBUG   [poll]    <- read  st2mot     ret=0  data=['0x00', '0x00']
12:44:07.525  DEBUG   [poll]    -> read  st0cur    
12:44:07.529  DEBUG   [poll]    <- read  st0cur     ret=0  data=['0xfe', '0x01', '0x00', '0x02']
12:44:08.530  DEBUG   [poll]    -> read  st2mot    
12:44:08.534  DEBUG   [poll]    <- read  st2mot     ret=0  data=['0x00', '0x00']
12:44:08.534  DEBUG   [poll]    -> read  st0cur    
12:44:08.538  DEBUG   [poll]    <- read  st0cur     ret=0  data=['0xfe', '0x01', '0x01', '0x02']
12:44:09.540  DEBUG   [poll]    -> read  st2mot    
12:44:09.543  DEBUG   [poll]    <- read  st2mot     ret=0  data=['0x00', '0x00']
12:44:09.543  DEBUG   [poll]    -> read  st0cur    
12:44:09.548  DEBUG   [poll]    <- read  st0cur     ret=0  data=['0xfe', '0x01', '0x01', '0x02']
12:44:10.549  DEBUG   [poll]    -> read  st2mot    
12:44:10.553  DEBUG   [poll]    <- read  st2mot     ret=0  data=['0x00', '0x00']
12:44:10.553  DEBUG   [poll]    -> read  st0cur    
12:44:10.557  DEBUG   [poll]    <- read  st0cur     ret=0  data=['0xfe', '0x01', '0x01', '0x02']
12:44:11.559  DEBUG   [poll]    -> read  st2mot    
12:44:11.562  DEBUG   [poll]    <- read  st2mot     ret=0  data=['0x00', '0x00']
12:44:11.563  DEBUG   [poll]    -> read  st0cur    
12:44:11.567  DEBUG   [poll]    <- read  st0cur     ret=0  data=['0xfe', '0x01', '0x01', '0x02']
12:44:12.568  DEBUG   [poll]    -> read  st2mot    
12:44:12.572  DEBUG   [poll]    <- read  st2mot     ret=0  data=['0x00', '0x00']
12:44:12.572  DEBUG   [poll]    -> read  st0cur    
12:44:12.576  DEBUG   [poll]    <- read  st0cur     ret=0  data=['0xfe', '0x01', '0x01', '0x02']
12:44:13.578  DEBUG   [poll]    -> read  st2mot    
12:44:13.581  DEBUG   [poll]    <- read  st2mot     ret=0  data=['0x00', '0x00']
12:44:13.582  DEBUG   [poll]    -> read  st0cur    
12:44:13.586  DEBUG   [poll]    <- read  st0cur     ret=0  data=['0xfe', '0x01', '0x01', '0x02']
12:44:14.587  DEBUG   [poll]    -> read  st2mot    
12:44:14.591  DEBUG   [poll]    <- read  st2mot     ret=0  data=['0x00', '0x00']
12:44:14.591  DEBUG   [poll]    -> read  st0cur    
12:44:14.595  DEBUG   [poll]    <- read  st0cur     ret=0  data=['0xfe', '0x01', '0x01', '0x02']
12:44:15.597  DEBUG   [poll]    -> read  st2mot    
12:44:15.600  DEBUG   [poll]    <- read  st2mot     ret=0  data=['0x00', '0x00']
12:44:15.601  DEBUG   [poll]    -> read  st0cur    
12:44:15.605  DEBUG   [poll]    <- read  st0cur     ret=0  data=['0xfe', '0x01', '0x01', '0x02']
12:44:16.607  DEBUG   [poll]    -> read  st2mot    
12:44:16.610  DEBUG   [poll]    <- read  st2mot     ret=0  data=['0x00', '0x00']
12:44:16.611  DEBUG   [poll]    -> read  st0cur    
12:44:16.615  DEBUG   [poll]    <- read  st0cur     ret=0  data=['0xfe', '0x01', '0x01', '0x02']
12:44:17.616  DEBUG   [poll]    -> read  st2mot    
12:44:17.620  DEBUG   [poll]    <- read  st2mot     ret=0  data=['0x00', '0x00']
12:44:17.620  DEBUG   [poll]    -> read  st0cur    
12:44:17.624  DEBUG   [poll]    <- read  st0cur     ret=0  data=['0xfe', '0x01', '0x01', '0x02']
12:44:18.626  DEBUG   [poll]    -> read  st2mot    
12:44:18.629  DEBUG   [poll]    <- read  st2mot     ret=0  data=['0x00', '0x00']
12:44:18.630  DEBUG   [poll]    -> read  st0cur    
12:44:18.634  DEBUG   [poll]    <- read  st0cur     ret=0  data=['0xfe', '0x01', '0x01', '0x02']
12:44:19.635  DEBUG   [poll]    -> read  st2mot    
12:44:19.639  DEBUG   [poll]    <- read  st2mot     ret=0  data=['0x00', '0x00']
12:44:19.639  DEBUG   [poll]    -> read  st0cur    
12:44:19.643  DEBUG   [poll]    <- read  st0cur     ret=0  data=['0xfe', '0x01', '0x01', '0x02']
12:44:20.645  DEBUG   [poll]    -> read  st2mot    
12:44:20.648  DEBUG   [poll]    <- read  st2mot     ret=0  data=['0x00', '0x00']
12:44:20.649  DEBUG   [poll]    -> read  st0cur    
12:44:20.653  DEBUG   [poll]    <- read  st0cur     ret=0  data=['0xfe', '0x01', '0x01', '0x02']
12:44:21.654  DEBUG   [poll]    -> read  st2mot    
12:44:21.658  DEBUG   [poll]    <- read  st2mot     ret=0  data=['0x00', '0x00']
12:44:21.658  DEBUG   [poll]    -> read  st0cur    
12:44:21.663  DEBUG   [poll]    <- read  st0cur     ret=0  data=['0xfe', '0x01', '0x01', '0x02']
12:44:22.664  DEBUG   [poll]    -> read  st2mot    
12:44:22.667  DEBUG   [poll]    <- read  st2mot     ret=0  data=['0x00', '0x00']
12:44:22.668  DEBUG   [poll]    -> read  st0cur    
12:44:22.672  DEBUG   [poll]    <- read  st0cur     ret=0  data=['0xfe', '0x01', '0x01', '0x02']
12:44:23.674  DEBUG   [poll]    -> read  st2mot    
12:44:23.677  DEBUG   [poll]    <- read  st2mot     ret=0  data=['0x00', '0x00']
12:44:23.678  DEBUG   [poll]    -> read  st0cur    
12:44:23.682  DEBUG   [poll]    <- read  st0cur     ret=0  data=['0xfe', '0x01', '0x01', '0x02']
12:44:24.683  DEBUG   [poll]    -> read  st2mot    
12:44:24.687  DEBUG   [poll]    <- read  st2mot     ret=0  data=['0x00', '0x00']
12:44:24.687  DEBUG   [poll]    -> read  st0cur    
12:44:24.691  DEBUG   [poll]    <- read  st0cur     ret=0  data=['0xfe', '0x01', '0x01', '0x02']
12:44:25.693  DEBUG   [poll]    -> read  st2mot    
12:44:25.696  DEBUG   [poll]    <- read  st2mot     ret=0  data=['0x00', '0x00']
12:44:25.697  DEBUG   [poll]    -> read  st0cur    
12:44:25.701  DEBUG   [poll]    <- read  st0cur     ret=0  data=['0xfe', '0x01', '0x01', '0x02']
12:44:26.702  DEBUG   [poll]    -> read  st2mot    
12:44:26.706  DEBUG   [poll]    <- read  st2mot     ret=0  data=['0x00', '0x00']
12:44:26.706  DEBUG   [poll]    -> read  st0cur    
12:44:26.711  DEBUG   [poll]    <- read  st0cur     ret=0  data=['0xfd', '0x01', '0x01', '0x02']
12:44:27.712  DEBUG   [poll]    -> read  st2mot    
12:44:27.716  DEBUG   [poll]    <- read  st2mot     ret=0  data=['0x00', '0x00']
12:44:27.716  DEBUG   [poll]    -> read  st0cur    
12:44:27.720  DEBUG   [poll]    <- read  st0cur     ret=0  data=['0xfe', '0x01', '0x01', '0x02']
12:44:28.722  DEBUG   [poll]    -> read  st2mot    
12:44:28.725  DEBUG   [poll]    <- read  st2mot     ret=0  data=['0x00', '0x00']
12:44:28.726  DEBUG   [poll]    -> read  st0cur    
12:44:28.730  DEBUG   [poll]    <- read  st0cur     ret=0  data=['0xfe', '0x01', '0x01', '0x02']
12:44:29.732  DEBUG   [poll]    -> read  st2mot    
12:44:29.735  DEBUG   [poll]    <- read  st2mot     ret=0  data=['0x00', '0x00']
12:44:29.735  DEBUG   [poll]    -> read  st0cur    
12:44:29.740  DEBUG   [poll]    <- read  st0cur     ret=0  data=['0xfe', '0x01', '0x01', '0x02']
12:44:30.741  DEBUG   [poll]    -> read  st2mot    
12:44:30.744  DEBUG   [poll]    <- read  st2mot     ret=0  data=['0x00', '0x00']
12:44:30.745  DEBUG   [poll]    -> read  st0cur    
12:44:30.749  DEBUG   [poll]    <- read  st0cur     ret=0  data=['0xfe', '0x01', '0x01', '0x02']
12:44:31.750  DEBUG   [poll]    -> read  st2mot    
12:44:31.754  DEBUG   [poll]    <- read  st2mot     ret=0  data=['0x00', '0x00']
12:44:31.754  DEBUG   [poll]    -> read  st0cur    
12:44:31.759  DEBUG   [poll]    <- read  st0cur     ret=0  data=['0xfe', '0x01', '0x01', '0x02']
12:44:32.760  DEBUG   [poll]    -> read  st2mot    
12:44:32.764  DEBUG   [poll]    <- read  st2mot     ret=0  data=['0x00', '0x00']
12:44:32.764  DEBUG   [poll]    -> read  st0cur    
12:44:32.768  DEBUG   [poll]    <- read  st0cur     ret=0  data=['0xfe', '0x01', '0x01', '0x02']
12:44:33.770  DEBUG   [poll]    -> read  st2mot    
12:44:33.773  DEBUG   [poll]    <- read  st2mot     ret=0  data=['0x00', '0x00']
12:44:33.773  DEBUG   [poll]    -> read  st0cur    
12:44:33.778  DEBUG   [poll]    <- read  st0cur     ret=0  data=['0xfe', '0x01', '0x01', '0x02']
12:44:34.779  DEBUG   [poll]    -> read  st2mot    
12:44:34.783  DEBUG   [poll]    <- read  st2mot     ret=0  data=['0x00', '0x00']
12:44:34.783  DEBUG   [poll]    -> read  st0cur    
12:44:34.787  DEBUG   [poll]    <- read  st0cur     ret=0  data=['0xfe', '0x01', '0x01', '0x02']
12:44:35.789  DEBUG   [poll]    -> read  st2mot    
12:44:35.792  DEBUG   [poll]    <- read  st2mot     ret=0  data=['0x00', '0x00']
12:44:35.792  DEBUG   [poll]    -> read  st0cur    
12:44:35.797  DEBUG   [poll]    <- read  st0cur     ret=0  data=['0xfe', '0x01', '0x01', '0x02']
12:44:36.798  DEBUG   [poll]    -> read  st2mot    
12:44:36.802  DEBUG   [poll]    <- read  st2mot     ret=0  data=['0x00', '0x00']
12:44:36.802  DEBUG   [poll]    -> read  st0cur    
12:44:36.806  DEBUG   [poll]    <- read  st0cur     ret=0  data=['0xfe', '0x01', '0x01', '0x02']
12:44:37.808  DEBUG   [poll]    -> read  st2mot    
12:44:37.811  DEBUG   [poll]    <- read  st2mot     ret=0  data=['0x00', '0x00']
12:44:37.812  DEBUG   [poll]    -> read  st0cur    
12:44:37.816  DEBUG   [poll]    <- read  st0cur     ret=0  data=['0xfe', '0x01', '0x01', '0x02']
12:44:38.817  DEBUG   [poll]    -> read  st2mot    
12:44:38.821  DEBUG   [poll]    <- read  st2mot     ret=0  data=['0x00', '0x00']
12:44:38.821  DEBUG   [poll]    -> read  st0cur    
12:44:38.825  DEBUG   [poll]    <- read  st0cur     ret=0  data=['0xfe', '0x01', '0x01', '0x02']
12:44:39.827  DEBUG   [poll]    -> read  st2mot    
12:44:39.830  DEBUG   [poll]    <- read  st2mot     ret=0  data=['0x00', '0x00']
12:44:39.830  DEBUG   [poll]    -> read  st0cur    
12:44:39.835  DEBUG   [poll]    <- read  st0cur     ret=0  data=['0xfe', '0x01', '0x01', '0x02']
12:44:40.836  DEBUG   [poll]    -> read  st2mot    
12:44:40.840  DEBUG   [poll]    <- read  st2mot     ret=0  data=['0x00', '0x00']
12:44:40.840  DEBUG   [poll]    -> read  st0cur    
12:44:40.844  DEBUG   [poll]    <- read  st0cur     ret=0  data=['0xfe', '0x01', '0x01', '0x02']
12:44:41.846  DEBUG   [poll]    -> read  st2mot    
12:44:41.849  DEBUG   [poll]    <- read  st2mot     ret=0  data=['0x00', '0x00']
12:44:41.850  DEBUG   [poll]    -> read  st0cur    
12:44:41.854  DEBUG   [poll]    <- read  st0cur     ret=0  data=['0xfe', '0x01', '0x01', '0x02']
12:44:42.855  DEBUG   [poll]    -> read  st2mot    
12:44:42.859  DEBUG   [poll]    <- read  st2mot     ret=0  data=['0x00', '0x00']
12:44:42.859  DEBUG   [poll]    -> read  st0cur    
12:44:42.863  DEBUG   [poll]    <- read  st0cur     ret=0  data=['0xfe', '0x01', '0x01', '0x02']
12:44:43.865  DEBUG   [poll]    -> read  st2mot    
12:44:43.868  DEBUG   [poll]    <- read  st2mot     ret=0  data=['0x00', '0x00']
12:44:43.869  DEBUG   [poll]    -> read  st0cur    
12:44:43.873  DEBUG   [poll]    <- read  st0cur     ret=0  data=['0xfe', '0x01', '0x01', '0x02']
12:44:44.874  DEBUG   [poll]    -> read  st2mot    
12:44:44.878  DEBUG   [poll]    <- read  st2mot     ret=0  data=['0x00', '0x00']
12:44:44.878  DEBUG   [poll]    -> read  st0cur    
12:44:44.882  DEBUG   [poll]    <- read  st0cur     ret=0  data=['0xfe', '0x01', '0x01', '0x02']
12:44:45.884  DEBUG   [poll]    -> read  st2mot    
12:44:45.887  DEBUG   [poll]    <- read  st2mot     ret=0  data=['0x00', '0x00']
12:44:45.888  DEBUG   [poll]    -> read  st0cur    
12:44:45.892  DEBUG   [poll]    <- read  st0cur     ret=0  data=['0xfe', '0x01', '0x01', '0x02']
12:44:46.893  DEBUG   [poll]    -> read  st2mot    
12:44:46.897  DEBUG   [poll]    <- read  st2mot     ret=0  data=['0x00', '0x00']
12:44:46.897  DEBUG   [poll]    -> read  st0cur    
12:44:46.902  DEBUG   [poll]    <- read  st0cur     ret=0  data=['0xfe', '0x01', '0x01', '0x02']
12:44:47.903  DEBUG   [poll]    -> read  st2mot    
12:44:47.906  DEBUG   [poll]    <- read  st2mot     ret=0  data=['0x00', '0x00']
12:44:47.907  DEBUG   [poll]    -> read  st0cur    
12:44:47.911  DEBUG   [poll]    <- read  st0cur     ret=0  data=['0xfe', '0x01', '0x01', '0x02']
12:44:48.912  DEBUG   [poll]    -> read  st2mot    
12:44:48.916  DEBUG   [poll]    <- read  st2mot     ret=0  data=['0x00', '0x00']
12:44:48.916  DEBUG   [poll]    -> read  st0cur    
12:44:48.921  DEBUG   [poll]    <- read  st0cur     ret=0  data=['0xfe', '0x01', '0x00', '0x02']
12:44:49.922  DEBUG   [poll]    -> read  st2mot    
12:44:49.926  DEBUG   [poll]    <- read  st2mot     ret=0  data=['0x00', '0x00']
12:44:49.926  DEBUG   [poll]    -> read  st0cur    
12:44:49.930  DEBUG   [poll]    <- read  st0cur     ret=0  data=['0xfe', '0x01', '0x01', '0x02']
12:44:50.932  DEBUG   [poll]    -> read  st2mot    
12:44:50.935  DEBUG   [poll]    <- read  st2mot     ret=0  data=['0x00', '0x00']
12:44:50.935  DEBUG   [poll]    -> read  st0cur    
12:44:50.940  DEBUG   [poll]    <- read  st0cur     ret=0  data=['0xfe', '0x01', '0x01', '0x02']
12:44:51.941  DEBUG   [poll]    -> read  st2mot    
12:44:51.944  DEBUG   [poll]    <- read  st2mot     ret=0  data=['0x00', '0x00']
12:44:51.945  DEBUG   [poll]    -> read  st0cur    
12:44:51.950  DEBUG   [poll]    <- read  st0cur     ret=0  data=['0xfe', '0x01', '0x01', '0x02']
12:44:52.951  DEBUG   [poll]    -> read  st2mot    
12:44:52.954  DEBUG   [poll]    <- read  st2mot     ret=0  data=['0x00', '0x00']
12:44:52.955  DEBUG   [poll]    -> read  st0cur    
12:44:52.959  DEBUG   [poll]    <- read  st0cur     ret=0  data=['0xfe', '0x01', '0x00', '0x02']
12:44:53.961  DEBUG   [poll]    -> read  st2mot    
12:44:53.964  DEBUG   [poll]    <- read  st2mot     ret=0  data=['0x00', '0x00']
12:44:53.964  DEBUG   [poll]    -> read  st0cur    
12:44:53.969  DEBUG   [poll]    <- read  st0cur     ret=0  data=['0xfd', '0x01', '0x01', '0x02']
12:44:54.970  DEBUG   [poll]    -> read  st2mot    
12:44:54.974  DEBUG   [poll]    <- read  st2mot     ret=0  data=['0x00', '0x00']
12:44:54.974  DEBUG   [poll]    -> read  st0cur    
12:44:54.978  DEBUG   [poll]    <- read  st0cur     ret=0  data=['0xfe', '0x01', '0x01', '0x02']
12:44:55.980  DEBUG   [poll]    -> read  st2mot    
12:44:55.983  DEBUG   [poll]    <- read  st2mot     ret=0  data=['0x00', '0x00']
12:44:55.983  DEBUG   [poll]    -> read  st0cur    
12:44:55.988  DEBUG   [poll]    <- read  st0cur     ret=0  data=['0xfd', '0x01', '0x01', '0x02']
12:44:56.989  DEBUG   [poll]    -> read  st2mot    
12:44:56.996  DEBUG   [poll]    <- read  st2mot     ret=0  data=['0x00', '0x00']
12:44:56.996  DEBUG   [poll]    -> read  st0cur    
12:44:57.000  DEBUG   [poll]    <- read  st0cur     ret=0  data=['0xfe', '0x01', '0x01', '0x02']
12:44:58.002  DEBUG   [poll]    -> read  st2mot    
12:44:58.005  DEBUG   [poll]    <- read  st2mot     ret=0  data=['0x00', '0x00']
12:44:58.006  DEBUG   [poll]    -> read  st0cur    
12:44:58.010  DEBUG   [poll]    <- read  st0cur     ret=0  data=['0xfe', '0x01', '0x01', '0x02']
12:44:59.011  DEBUG   [poll]    -> read  st2mot    
12:44:59.015  DEBUG   [poll]    <- read  st2mot     ret=0  data=['0x00', '0x00']
12:44:59.015  DEBUG   [poll]    -> read  st0cur    
12:44:59.019  DEBUG   [poll]    <- read  st0cur     ret=0  data=['0xfe', '0x01', '0x01', '0x02']
12:45:00.021  DEBUG   [poll]    -> read  st2mot    
12:45:00.024  DEBUG   [poll]    <- read  st2mot     ret=0  data=['0x00', '0x00']
12:45:00.025  DEBUG   [poll]    -> read  st0cur    
12:45:00.029  DEBUG   [poll]    <- read  st0cur     ret=0  data=['0xfe', '0x01', '0x00', '0x02']
12:45:00.780  INFO    client connected
12:45:00.782  DEBUG   [client]  -> write cntl0mot   data=['0xf6', '0xfd']
12:45:00.785  DEBUG   [client]  -> write cntl3mot   data=['0x00', '0x00']
12:45:00.789  DEBUG   [client]  -> write cntl3mot   data=['0x03', '0xe8']
12:45:00.792  DEBUG   [client]  -> read  st2mot    
12:45:00.797  DEBUG   [client]  <- read  st2mot     ret=0  data=['0x00', '0x00']
12:45:00.797  DEBUG   [client]  -> read  st0cur    
12:45:00.803  DEBUG   [client]  <- read  st0cur     ret=0  data=['0xfe', '0x01', '0x01', '0x02']
12:45:00.993  DEBUG   [client]  -> read  st2mot    
12:45:00.996  DEBUG   [client]  <- read  st2mot     ret=0  data=['0x00', '0x00']
12:45:01.030  DEBUG   [poll]    -> read  st2mot    
12:45:01.033  DEBUG   [poll]    <- read  st2mot     ret=0  data=['0x00', '0x00']
12:45:01.034  DEBUG   [poll]    -> read  st0cur    
12:45:01.037  DEBUG   [poll]    <- read  st0cur     ret=0  data=['0xfe', '0x01', '0x01', '0x02']
12:45:01.193  DEBUG   [client]  -> read  st2mot    
12:45:01.196  DEBUG   [client]  <- read  st2mot     ret=0  data=['0x00', '0x00']
12:45:01.393  DEBUG   [client]  -> read  st2mot    
12:45:01.396  DEBUG   [client]  <- read  st2mot     ret=0  data=['0xd5', '0x02']
12:45:01.593  DEBUG   [client]  -> read  st2mot    
12:45:01.597  DEBUG   [client]  <- read  st2mot     ret=0  data=['0xb0', '0x04']
12:45:01.793  DEBUG   [client]  -> read  st2mot    
12:45:01.797  DEBUG   [client]  <- read  st2mot     ret=0  data=['0x97', '0x04']
12:45:01.798  DEBUG   [client]  -> read  st0cur    
12:45:01.803  DEBUG   [client]  <- read  st0cur     ret=0  data=['0xfc', '0x01', '0x01', '0x02']
12:45:01.993  DEBUG   [client]  -> read  st2mot    
12:45:02.000  DEBUG   [client]  <- read  st2mot     ret=0  data=['0x4c', '0x04']
12:45:02.039  DEBUG   [poll]    -> read  st2mot    
12:45:02.042  DEBUG   [poll]    <- read  st2mot     ret=0  data=['0x4c', '0x04']
12:45:02.043  DEBUG   [poll]    -> read  st0cur    
12:45:02.047  DEBUG   [poll]    <- read  st0cur     ret=0  data=['0xfc', '0x01', '0x01', '0x02']
12:45:02.193  DEBUG   [client]  -> read  st2mot    
12:45:02.197  DEBUG   [client]  <- read  st2mot     ret=0  data=['0x1a', '0x04']
12:45:02.393  DEBUG   [client]  -> read  st2mot    
12:45:02.397  DEBUG   [client]  <- read  st2mot     ret=0  data=['0xe8', '0x03']
12:45:02.593  DEBUG   [client]  -> read  st2mot    
12:45:02.597  DEBUG   [client]  <- read  st2mot     ret=0  data=['0xcf', '0x03']
12:45:02.793  DEBUG   [client]  -> read  st2mot    
12:45:02.797  DEBUG   [client]  <- read  st2mot     ret=0  data=['0xe8', '0x03']
12:45:02.798  DEBUG   [client]  -> read  st0cur    
12:45:02.803  DEBUG   [client]  <- read  st0cur     ret=0  data=['0xf2', '0x01', '0xf3', '0x01']
12:45:02.993  DEBUG   [client]  -> read  st2mot    
12:45:02.997  DEBUG   [client]  <- read  st2mot     ret=0  data=['0x01', '0x04']
12:45:03.048  DEBUG   [poll]    -> read  st2mot    
12:45:03.052  DEBUG   [poll]    <- read  st2mot     ret=0  data=['0x01', '0x04']
12:45:03.052  DEBUG   [poll]    -> read  st0cur    
12:45:03.057  DEBUG   [poll]    <- read  st0cur     ret=0  data=['0xf2', '0x01', '0xf3', '0x01']
12:45:03.193  DEBUG   [client]  -> read  st2mot    
12:45:03.197  DEBUG   [client]  <- read  st2mot     ret=0  data=['0xe8', '0x03']
12:45:03.393  DEBUG   [client]  -> read  st2mot    
12:45:03.397  DEBUG   [client]  <- read  st2mot     ret=0  data=['0xe8', '0x03']
12:45:03.593  DEBUG   [client]  -> read  st2mot    
12:45:03.597  DEBUG   [client]  <- read  st2mot     ret=0  data=['0x01', '0x04']
12:45:03.793  DEBUG   [client]  -> read  st2mot    
12:45:03.797  DEBUG   [client]  <- read  st2mot     ret=0  data=['0x01', '0x04']
12:45:03.798  DEBUG   [client]  -> read  st0cur    
12:45:03.803  DEBUG   [client]  <- read  st0cur     ret=0  data=['0xf4', '0x01', '0xf6', '0x01']
12:45:03.993  DEBUG   [client]  -> read  st2mot    
12:45:03.997  DEBUG   [client]  <- read  st2mot     ret=0  data=['0x01', '0x04']
12:45:04.058  DEBUG   [poll]    -> read  st2mot    
12:45:04.062  DEBUG   [poll]    <- read  st2mot     ret=0  data=['0x01', '0x04']
12:45:04.062  DEBUG   [poll]    -> read  st0cur    
12:45:04.066  DEBUG   [poll]    <- read  st0cur     ret=0  data=['0xf4', '0x01', '0xf6', '0x01']
12:45:04.193  DEBUG   [client]  -> read  st2mot    
12:45:04.197  DEBUG   [client]  <- read  st2mot     ret=0  data=['0xe8', '0x03']
12:45:04.393  DEBUG   [client]  -> read  st2mot    
12:45:04.397  DEBUG   [client]  <- read  st2mot     ret=0  data=['0xe8', '0x03']
12:45:04.593  DEBUG   [client]  -> read  st2mot    
12:45:04.597  DEBUG   [client]  <- read  st2mot     ret=0  data=['0x01', '0x04']
12:45:04.793  DEBUG   [client]  -> read  st2mot    
12:45:04.797  DEBUG   [client]  <- read  st2mot     ret=0  data=['0xe8', '0x03']
12:45:04.798  DEBUG   [client]  -> read  st0cur    
12:45:04.803  DEBUG   [client]  <- read  st0cur     ret=0  data=['0xf7', '0x01', '0xf8', '0x01']
12:45:04.993  DEBUG   [client]  -> read  st2mot    
12:45:04.997  DEBUG   [client]  <- read  st2mot     ret=0  data=['0x01', '0x04']
12:45:05.068  DEBUG   [poll]    -> read  st2mot    
12:45:05.072  DEBUG   [poll]    <- read  st2mot     ret=0  data=['0xcf', '0x03']
12:45:05.072  DEBUG   [poll]    -> read  st0cur    
12:45:05.076  DEBUG   [poll]    <- read  st0cur     ret=0  data=['0xf7', '0x01', '0xf8', '0x01']
12:45:05.193  DEBUG   [client]  -> read  st2mot    
12:45:05.197  DEBUG   [client]  <- read  st2mot     ret=0  data=['0x01', '0x04']
12:45:05.393  DEBUG   [client]  -> read  st2mot    
12:45:05.397  DEBUG   [client]  <- read  st2mot     ret=0  data=['0xe8', '0x03']
12:45:05.593  DEBUG   [client]  -> read  st2mot    
12:45:05.597  DEBUG   [client]  <- read  st2mot     ret=0  data=['0xcf', '0x03']
12:45:05.793  DEBUG   [client]  -> read  st2mot    
12:45:05.797  DEBUG   [client]  <- read  st2mot     ret=0  data=['0xe8', '0x03']
12:45:05.798  DEBUG   [client]  -> read  st0cur    
12:45:05.803  DEBUG   [client]  <- read  st0cur     ret=0  data=['0xf4', '0x01', '0xf5', '0x01']
12:45:05.993  DEBUG   [client]  -> read  st2mot    
12:45:05.997  DEBUG   [client]  <- read  st2mot     ret=0  data=['0xe8', '0x03']
12:45:06.078  DEBUG   [poll]    -> read  st2mot    
12:45:06.081  DEBUG   [poll]    <- read  st2mot     ret=0  data=['0xe8', '0x03']
12:45:06.082  DEBUG   [poll]    -> read  st0cur    
12:45:06.086  DEBUG   [poll]    <- read  st0cur     ret=0  data=['0xf4', '0x01', '0xf5', '0x01']
12:45:06.193  DEBUG   [client]  -> read  st2mot    
12:45:06.197  DEBUG   [client]  <- read  st2mot     ret=0  data=['0x01', '0x04']
12:45:06.393  DEBUG   [client]  -> read  st2mot    
12:45:06.397  DEBUG   [client]  <- read  st2mot     ret=0  data=['0x01', '0x04']
12:45:06.593  DEBUG   [client]  -> read  st2mot    
12:45:06.597  DEBUG   [client]  <- read  st2mot     ret=0  data=['0x01', '0x04']
12:45:06.793  DEBUG   [client]  -> read  st2mot    
12:45:06.797  DEBUG   [client]  <- read  st2mot     ret=0  data=['0xe8', '0x03']
12:45:06.798  DEBUG   [client]  -> read  st0cur    
12:45:06.803  DEBUG   [client]  <- read  st0cur     ret=0  data=['0xf6', '0x01', '0xf7', '0x01']
12:45:06.993  DEBUG   [client]  -> read  st2mot    
12:45:07.000  DEBUG   [client]  <- read  st2mot     ret=0  data=['0xe8', '0x03']
12:45:07.088  DEBUG   [poll]    -> read  st2mot    
12:45:07.091  DEBUG   [poll]    <- read  st2mot     ret=0  data=['0xe8', '0x03']
12:45:07.091  DEBUG   [poll]    -> read  st0cur    
12:45:07.096  DEBUG   [poll]    <- read  st0cur     ret=0  data=['0xf5', '0x01', '0xf4', '0x01']
12:45:07.193  DEBUG   [client]  -> read  st2mot    
12:45:07.197  DEBUG   [client]  <- read  st2mot     ret=0  data=['0xcf', '0x03']
12:45:07.393  DEBUG   [client]  -> read  st2mot    
12:45:07.397  DEBUG   [client]  <- read  st2mot     ret=0  data=['0xe8', '0x03']
12:45:07.593  DEBUG   [client]  -> read  st2mot    
12:45:07.597  DEBUG   [client]  <- read  st2mot     ret=0  data=['0x01', '0x04']
12:45:07.598  DEBUG   [client]  -> write cntl3mot   data=['0x03', '0x20']
12:45:07.854  DEBUG   [client]  -> write cntl3mot   data=['0x02', '0x58']
12:45:08.097  DEBUG   [poll]    -> read  st2mot    
12:45:08.101  DEBUG   [poll]    <- read  st2mot     ret=0  data=['0xd5', '0x02']
12:45:08.101  DEBUG   [poll]    -> read  st0cur    
12:45:08.105  DEBUG   [poll]    <- read  st0cur     ret=0  data=['0xf6', '0x01', '0xf8', '0x01']
12:45:08.110  DEBUG   [client]  -> write cntl3mot   data=['0x01', '0x90']
12:45:08.365  DEBUG   [client]  -> write cntl3mot   data=['0x00', '0xc8']
12:45:08.621  DEBUG   [client]  -> write cntl3mot   data=['0x00', '0x00']
12:45:08.625  WARNING client disconnected — stopping motor
12:45:08.627  DEBUG   [client]  -> write cntl3mot   data=['0x00', '0x00']
12:45:08.631  INFO    client disconnected
12:45:09.107  DEBUG   [poll]    -> read  st2mot    
12:45:09.110  DEBUG   [poll]    <- read  st2mot     ret=0  data=['0x00', '0x00']
12:45:09.110  DEBUG   [poll]    -> read  st0cur    
12:45:09.114  DEBUG   [poll]    <- read  st0cur     ret=0  data=['0xfc', '0x01', '0xfd', '0x01']
12:45:09.114  WARNING *** OBSERVED STALL SIGNATURE (not acted on yet) — current=-0.20A while rpm=0 ***
12:45:10.115  DEBUG   [poll]    -> read  st2mot    
12:45:10.119  DEBUG   [poll]    <- read  st2mot     ret=0  data=['0x00', '0x00']
12:45:10.119  DEBUG   [poll]    -> read  st0cur    
12:45:10.124  DEBUG   [poll]    <- read  st0cur     ret=0  data=['0xfe', '0x01', '0x01', '0x02']
12:45:11.125  DEBUG   [poll]    -> read  st2mot    
12:45:11.128  DEBUG   [poll]    <- read  st2mot     ret=0  data=['0x00', '0x00']
12:45:11.129  DEBUG   [poll]    -> read  st0cur    
12:45:11.133  DEBUG   [poll]    <- read  st0cur     ret=0  data=['0xfe', '0x01', '0x01', '0x02']
12:45:12.135  DEBUG   [poll]    -> read  st2mot    
12:45:12.138  DEBUG   [poll]    <- read  st2mot     ret=0  data=['0x00', '0x00']
12:45:12.140  DEBUG   [poll]    -> read  st0cur    
12:45:12.144  DEBUG   [poll]    <- read  st0cur     ret=0  data=['0xfe', '0x01', '0x01', '0x02']
12:45:13.146  DEBUG   [poll]    -> read  st2mot    
12:45:13.149  DEBUG   [poll]    <- read  st2mot     ret=0  data=['0x00', '0x00']
12:45:13.149  DEBUG   [poll]    -> read  st0cur    
12:45:13.153  DEBUG   [poll]    <- read  st0cur     ret=0  data=['0xfe', '0x01', '0x01', '0x02']
12:45:13.499  INFO    client connected
12:45:13.500  DEBUG   [client]  -> write cntl0mot   data=['0x00', '0xfd']
12:45:13.503  DEBUG   [client]  -> write cntl3mot   data=['0x00', '0x00']
12:45:13.507  DEBUG   [client]  -> write cntl3mot   data=['0x03', '0xe8']
12:45:13.510  DEBUG   [client]  -> read  st2mot    
12:45:13.514  DEBUG   [client]  <- read  st2mot     ret=0  data=['0x00', '0x00']
12:45:13.518  DEBUG   [client]  -> read  st0cur    
12:45:13.522  DEBUG   [client]  <- read  st0cur     ret=0  data=['0xfe', '0x01', '0x01', '0x02']
12:45:13.711  DEBUG   [client]  -> read  st2mot    
12:45:13.714  DEBUG   [client]  <- read  st2mot     ret=0  data=['0x64', '0x00']
12:45:13.911  DEBUG   [client]  -> read  st2mot    
12:45:13.914  DEBUG   [client]  <- read  st2mot     ret=0  data=['0x52', '0x03']
12:45:14.111  DEBUG   [client]  -> read  st2mot    
12:45:14.115  DEBUG   [client]  <- read  st2mot     ret=0  data=['0x07', '0x03']
12:45:14.154  DEBUG   [poll]    -> read  st2mot    
12:45:14.158  DEBUG   [poll]    <- read  st2mot     ret=0  data=['0x07', '0x03']
12:45:14.158  DEBUG   [poll]    -> read  st0cur    
12:45:14.162  DEBUG   [poll]    <- read  st0cur     ret=0  data=['0xf8', '0x01', '0xfb', '0x01']
12:45:14.311  DEBUG   [client]  -> read  st2mot    
12:45:14.315  DEBUG   [client]  <- read  st2mot     ret=0  data=['0x20', '0x03']
12:45:14.511  DEBUG   [client]  -> read  st2mot    
12:45:14.515  DEBUG   [client]  <- read  st2mot     ret=0  data=['0xb6', '0x03']
12:45:14.517  DEBUG   [client]  -> read  st0cur    
12:45:14.521  DEBUG   [client]  <- read  st0cur     ret=0  data=['0xf8', '0x01', '0xfb', '0x01']
12:45:14.711  DEBUG   [client]  -> read  st2mot    
12:45:14.715  DEBUG   [client]  <- read  st2mot     ret=0  data=['0x9d', '0x03']
12:45:14.912  DEBUG   [client]  -> read  st2mot    
12:45:14.915  DEBUG   [client]  <- read  st2mot     ret=0  data=['0xcf', '0x03']
12:45:15.112  DEBUG   [client]  -> read  st2mot    
12:45:15.115  DEBUG   [client]  <- read  st2mot     ret=0  data=['0xcf', '0x03']
12:45:15.164  DEBUG   [poll]    -> read  st2mot    
12:45:15.167  DEBUG   [poll]    <- read  st2mot     ret=0  data=['0xcf', '0x03']
12:45:15.168  DEBUG   [poll]    -> read  st0cur    
12:45:15.172  DEBUG   [poll]    <- read  st0cur     ret=0  data=['0xf4', '0x01', '0xf6', '0x01']
12:45:15.311  DEBUG   [client]  -> read  st2mot    
12:45:15.315  DEBUG   [client]  <- read  st2mot     ret=0  data=['0xb6', '0x03']
12:45:15.511  DEBUG   [client]  -> read  st2mot    
12:45:15.515  DEBUG   [client]  <- read  st2mot     ret=0  data=['0xe8', '0x03']
12:45:15.516  DEBUG   [client]  -> read  st0cur    
12:45:15.521  DEBUG   [client]  <- read  st0cur     ret=0  data=['0xf4', '0x01', '0xf6', '0x01']
12:45:15.711  DEBUG   [client]  -> read  st2mot    
12:45:15.715  DEBUG   [client]  <- read  st2mot     ret=0  data=['0xb6', '0x03']
12:45:15.911  DEBUG   [client]  -> read  st2mot    
12:45:15.915  DEBUG   [client]  <- read  st2mot     ret=0  data=['0x01', '0x04']
12:45:16.111  DEBUG   [client]  -> read  st2mot    
12:45:16.115  DEBUG   [client]  <- read  st2mot     ret=0  data=['0xe8', '0x03']
12:45:16.174  DEBUG   [poll]    -> read  st2mot    
12:45:16.177  DEBUG   [poll]    <- read  st2mot     ret=0  data=['0xcf', '0x03']
12:45:16.178  DEBUG   [poll]    -> read  st0cur    
12:45:16.182  DEBUG   [poll]    <- read  st0cur     ret=0  data=['0xf6', '0x01', '0xf6', '0x01']
12:45:16.311  DEBUG   [client]  -> read  st2mot    
12:45:16.315  DEBUG   [client]  <- read  st2mot     ret=0  data=['0x01', '0x04']
12:45:16.511  DEBUG   [client]  -> read  st2mot    
12:45:16.515  DEBUG   [client]  <- read  st2mot     ret=0  data=['0xcf', '0x03']
12:45:16.516  DEBUG   [client]  -> read  st0cur    
12:45:16.521  DEBUG   [client]  <- read  st0cur     ret=0  data=['0xf6', '0x01', '0xf6', '0x01']
12:45:16.711  DEBUG   [client]  -> read  st2mot    
12:45:16.715  DEBUG   [client]  <- read  st2mot     ret=0  data=['0xe8', '0x03']
12:45:16.911  DEBUG   [client]  -> read  st2mot    
12:45:16.915  DEBUG   [client]  <- read  st2mot     ret=0  data=['0xe8', '0x03']
12:45:17.111  DEBUG   [client]  -> read  st2mot    
12:45:17.115  DEBUG   [client]  <- read  st2mot     ret=0  data=['0xe8', '0x03']
12:45:17.183  DEBUG   [poll]    -> read  st2mot    
12:45:17.187  DEBUG   [poll]    <- read  st2mot     ret=0  data=['0xe8', '0x03']
12:45:17.189  DEBUG   [poll]    -> read  st0cur    
12:45:17.193  DEBUG   [poll]    <- read  st0cur     ret=0  data=['0xf5', '0x01', '0xf7', '0x01']
12:45:17.311  DEBUG   [client]  -> read  st2mot    
12:45:17.315  DEBUG   [client]  <- read  st2mot     ret=0  data=['0xcf', '0x03']
12:45:17.511  DEBUG   [client]  -> read  st2mot    
12:45:17.515  DEBUG   [client]  <- read  st2mot     ret=0  data=['0xcf', '0x03']
12:45:17.516  DEBUG   [client]  -> read  st0cur    
12:45:17.521  DEBUG   [client]  <- read  st0cur     ret=0  data=['0xf5', '0x01', '0xf7', '0x01']
12:45:17.711  DEBUG   [client]  -> read  st2mot    
12:45:17.715  DEBUG   [client]  <- read  st2mot     ret=0  data=['0xe8', '0x03']
12:45:17.911  DEBUG   [client]  -> read  st2mot    
12:45:17.915  DEBUG   [client]  <- read  st2mot     ret=0  data=['0xe8', '0x03']
12:45:18.111  DEBUG   [client]  -> read  st2mot    
12:45:18.115  DEBUG   [client]  <- read  st2mot     ret=0  data=['0x01', '0x04']
12:45:18.195  DEBUG   [poll]    -> read  st2mot    
12:45:18.198  DEBUG   [poll]    <- read  st2mot     ret=0  data=['0x01', '0x04']
12:45:18.198  DEBUG   [poll]    -> read  st0cur    
12:45:18.203  DEBUG   [poll]    <- read  st0cur     ret=0  data=['0xf4', '0x01', '0xf7', '0x01']
12:45:18.311  DEBUG   [client]  -> read  st2mot    
12:45:18.315  DEBUG   [client]  <- read  st2mot     ret=0  data=['0xe8', '0x03']
12:45:18.511  DEBUG   [client]  -> read  st2mot    
12:45:18.515  DEBUG   [client]  <- read  st2mot     ret=0  data=['0xe8', '0x03']
12:45:18.516  DEBUG   [client]  -> read  st0cur    
12:45:18.521  DEBUG   [client]  <- read  st0cur     ret=0  data=['0xf4', '0x01', '0xf7', '0x01']
12:45:18.711  DEBUG   [client]  -> read  st2mot    
12:45:18.715  DEBUG   [client]  <- read  st2mot     ret=0  data=['0xe8', '0x03']
12:45:18.911  DEBUG   [client]  -> read  st2mot    
12:45:18.915  DEBUG   [client]  <- read  st2mot     ret=0  data=['0xe8', '0x03']
12:45:19.111  DEBUG   [client]  -> read  st2mot    
12:45:19.115  DEBUG   [client]  <- read  st2mot     ret=0  data=['0xe8', '0x03']
12:45:19.204  DEBUG   [poll]    -> read  st2mot    
12:45:19.208  DEBUG   [poll]    <- read  st2mot     ret=0  data=['0xcf', '0x03']
12:45:19.208  DEBUG   [poll]    -> read  st0cur    
12:45:19.213  DEBUG   [poll]    <- read  st0cur     ret=0  data=['0xf7', '0x01', '0xf5', '0x01']
12:45:19.311  DEBUG   [client]  -> read  st2mot    
12:45:19.314  DEBUG   [client]  <- read  st2mot     ret=0  data=['0xe8', '0x03']
12:45:19.511  DEBUG   [client]  -> read  st2mot    
12:45:19.515  DEBUG   [client]  <- read  st2mot     ret=0  data=['0xe8', '0x03']
12:45:19.516  DEBUG   [client]  -> read  st0cur    
12:45:19.521  DEBUG   [client]  <- read  st0cur     ret=0  data=['0xf7', '0x01', '0xf5', '0x01']
12:45:19.711  DEBUG   [client]  -> read  st2mot    
12:45:19.715  DEBUG   [client]  <- read  st2mot     ret=0  data=['0x01', '0x04']
12:45:19.911  DEBUG   [client]  -> read  st2mot    
12:45:19.915  DEBUG   [client]  <- read  st2mot     ret=0  data=['0xe8', '0x03']
12:45:20.111  DEBUG   [client]  -> read  st2mot    
12:45:20.115  DEBUG   [client]  <- read  st2mot     ret=0  data=['0xcf', '0x03']
12:45:20.214  DEBUG   [poll]    -> read  st2mot    
12:45:20.218  DEBUG   [poll]    <- read  st2mot     ret=0  data=['0xe8', '0x03']
12:45:20.218  DEBUG   [poll]    -> read  st0cur    
12:45:20.222  DEBUG   [poll]    <- read  st0cur     ret=0  data=['0xf5', '0x01', '0xf6', '0x01']
12:45:20.311  DEBUG   [client]  -> read  st2mot    
12:45:20.315  DEBUG   [client]  <- read  st2mot     ret=0  data=['0xe8', '0x03']
12:45:20.317  DEBUG   [client]  -> write cntl3mot   data=['0x03', '0x20']
12:45:20.572  DEBUG   [client]  -> write cntl3mot   data=['0x02', '0x58']
12:45:20.828  DEBUG   [client]  -> write cntl3mot   data=['0x01', '0x90']
12:45:21.083  DEBUG   [client]  -> write cntl3mot   data=['0x00', '0xc8']
12:45:21.224  DEBUG   [poll]    -> read  st2mot    
12:45:21.227  DEBUG   [poll]    <- read  st2mot     ret=0  data=['0x13', '0x01']
12:45:21.228  DEBUG   [poll]    -> read  st0cur    
12:45:21.232  DEBUG   [poll]    <- read  st0cur     ret=0  data=['0xf9', '0x01', '0xfc', '0x01']
12:45:21.339  DEBUG   [client]  -> write cntl3mot   data=['0x00', '0x00']
12:45:21.343  WARNING client disconnected — stopping motor
12:45:21.345  DEBUG   [client]  -> write cntl3mot   data=['0x00', '0x00']
12:45:21.349  INFO    client disconnected
12:45:22.234  DEBUG   [poll]    -> read  st2mot    
12:45:22.237  DEBUG   [poll]    <- read  st2mot     ret=0  data=['0x00', '0x00']
12:45:22.238  DEBUG   [poll]    -> read  st0cur    
12:45:22.243  DEBUG   [poll]    <- read  st0cur     ret=0  data=['0xfc', '0x01', '0x00', '0x02']
12:45:22.243  WARNING *** OBSERVED STALL SIGNATURE (not acted on yet) — current=-0.20A while rpm=0 ***
12:45:23.245  DEBUG   [poll]    -> read  st2mot    
12:45:23.248  DEBUG   [poll]    <- read  st2mot     ret=0  data=['0x00', '0x00']
12:45:23.249  DEBUG   [poll]    -> read  st0cur    
12:45:23.253  DEBUG   [poll]    <- read  st0cur     ret=0  data=['0xfe', '0x01', '0x01', '0x02']
12:45:24.254  DEBUG   [poll]    -> read  st2mot    
12:45:24.258  DEBUG   [poll]    <- read  st2mot     ret=0  data=['0x00', '0x00']
12:45:24.258  DEBUG   [poll]    -> read  st0cur    
12:45:24.262  DEBUG   [poll]    <- read  st0cur     ret=0  data=['0xfe', '0x01', '0x01', '0x02']
12:45:25.264  DEBUG   [poll]    -> read  st2mot    
12:45:25.267  DEBUG   [poll]    <- read  st2mot     ret=0  data=['0x00', '0x00']
12:45:25.268  DEBUG   [poll]    -> read  st0cur    
12:45:25.272  DEBUG   [poll]    <- read  st0cur     ret=0  data=['0xfe', '0x01', '0x01', '0x02']
12:45:26.237  INFO    client connected
12:45:26.237  DEBUG   [client]  -> write cntl0mot   data=['0x0a', '0xfd']
12:45:26.241  DEBUG   [client]  -> write cntl3mot   data=['0x00', '0x00']
12:45:26.244  DEBUG   [client]  -> write cntl3mot   data=['0x03', '0xe8']
12:45:26.249  DEBUG   [client]  -> read  st2mot    
12:45:26.252  DEBUG   [client]  <- read  st2mot     ret=0  data=['0x00', '0x00']
12:45:26.254  DEBUG   [client]  -> read  st0cur    
12:45:26.258  DEBUG   [client]  <- read  st0cur     ret=0  data=['0xfe', '0x01', '0x01', '0x02']
12:45:26.274  DEBUG   [poll]    -> read  st2mot    
12:45:26.277  DEBUG   [poll]    <- read  st2mot     ret=0  data=['0x00', '0x00']
12:45:26.277  DEBUG   [poll]    -> read  st0cur    
12:45:26.281  DEBUG   [poll]    <- read  st0cur     ret=0  data=['0xfe', '0x01', '0x01', '0x02']
12:45:26.448  DEBUG   [client]  -> read  st2mot    
12:45:26.451  DEBUG   [client]  <- read  st2mot     ret=0  data=['0xbc', '0x02']
12:45:26.648  DEBUG   [client]  -> read  st2mot    
12:45:26.651  DEBUG   [client]  <- read  st2mot     ret=0  data=['0xa3', '0x02']
12:45:26.849  DEBUG   [client]  -> read  st2mot    
12:45:26.852  DEBUG   [client]  <- read  st2mot     ret=0  data=['0xee', '0x02']
12:45:27.049  DEBUG   [client]  -> read  st2mot    
12:45:27.052  DEBUG   [client]  <- read  st2mot     ret=0  data=['0xee', '0x02']
12:45:27.249  DEBUG   [client]  -> read  st2mot    
12:45:27.256  DEBUG   [client]  <- read  st2mot     ret=0  data=['0x52', '0x03']
12:45:27.258  DEBUG   [client]  -> read  st0cur    
12:45:27.262  DEBUG   [client]  <- read  st0cur     ret=0  data=['0xf5', '0x01', '0xf8', '0x01']
12:45:27.282  DEBUG   [poll]    -> read  st2mot    
12:45:27.285  DEBUG   [poll]    <- read  st2mot     ret=0  data=['0x52', '0x03']
12:45:27.286  DEBUG   [poll]    -> read  st0cur    
12:45:27.290  DEBUG   [poll]    <- read  st0cur     ret=0  data=['0xf5', '0x01', '0xf8', '0x01']
12:45:27.449  DEBUG   [client]  -> read  st2mot    
12:45:27.452  DEBUG   [client]  <- read  st2mot     ret=0  data=['0x52', '0x03']
12:45:27.649  DEBUG   [client]  -> read  st2mot    
12:45:27.652  DEBUG   [client]  <- read  st2mot     ret=0  data=['0x9d', '0x03']
12:45:27.849  DEBUG   [client]  -> read  st2mot    
12:45:27.852  DEBUG   [client]  <- read  st2mot     ret=0  data=['0x84', '0x03']
12:45:28.049  DEBUG   [client]  -> read  st2mot    
12:45:28.052  DEBUG   [client]  <- read  st2mot     ret=0  data=['0xcf', '0x03']
12:45:28.249  DEBUG   [client]  -> read  st2mot    
12:45:28.252  DEBUG   [client]  <- read  st2mot     ret=0  data=['0x84', '0x03']
12:45:28.254  DEBUG   [client]  -> read  st0cur    
12:45:28.258  DEBUG   [client]  <- read  st0cur     ret=0  data=['0xf6', '0x01', '0xf5', '0x01']
12:45:28.291  DEBUG   [poll]    -> read  st2mot    
12:45:28.295  DEBUG   [poll]    <- read  st2mot     ret=0  data=['0x84', '0x03']
12:45:28.295  DEBUG   [poll]    -> read  st0cur    
12:45:28.300  DEBUG   [poll]    <- read  st0cur     ret=0  data=['0xf6', '0x01', '0xf5', '0x01']
12:45:28.449  DEBUG   [client]  -> read  st2mot    
12:45:28.452  DEBUG   [client]  <- read  st2mot     ret=0  data=['0xe8', '0x03']
12:45:28.649  DEBUG   [client]  -> read  st2mot    
12:45:28.652  DEBUG   [client]  <- read  st2mot     ret=0  data=['0x9d', '0x03']
12:45:28.849  DEBUG   [client]  -> read  st2mot    
12:45:28.852  DEBUG   [client]  <- read  st2mot     ret=0  data=['0xe8', '0x03']
12:45:29.049  DEBUG   [client]  -> read  st2mot    
12:45:29.052  DEBUG   [client]  <- read  st2mot     ret=0  data=['0x01', '0x04']
12:45:29.249  DEBUG   [client]  -> read  st2mot    
12:45:29.252  DEBUG   [client]  <- read  st2mot     ret=0  data=['0xe8', '0x03']
12:45:29.254  DEBUG   [client]  -> read  st0cur    
12:45:29.258  DEBUG   [client]  <- read  st0cur     ret=0  data=['0xf6', '0x01', '0xf6', '0x01']
12:45:29.301  DEBUG   [poll]    -> read  st2mot    
12:45:29.304  DEBUG   [poll]    <- read  st2mot     ret=0  data=['0xe8', '0x03']
12:45:29.305  DEBUG   [poll]    -> read  st0cur    
12:45:29.309  DEBUG   [poll]    <- read  st0cur     ret=0  data=['0xf6', '0x01', '0xf6', '0x01']
12:45:29.449  DEBUG   [client]  -> read  st2mot    
12:45:29.452  DEBUG   [client]  <- read  st2mot     ret=0  data=['0xe8', '0x03']
12:45:29.649  DEBUG   [client]  -> read  st2mot    
12:45:29.652  DEBUG   [client]  <- read  st2mot     ret=0  data=['0x01', '0x04']
12:45:29.849  DEBUG   [client]  -> read  st2mot    
12:45:29.852  DEBUG   [client]  <- read  st2mot     ret=0  data=['0xe8', '0x03']
12:45:30.049  DEBUG   [client]  -> read  st2mot    
12:45:30.052  DEBUG   [client]  <- read  st2mot     ret=0  data=['0x01', '0x04']
12:45:30.249  DEBUG   [client]  -> read  st2mot    
12:45:30.252  DEBUG   [client]  <- read  st2mot     ret=0  data=['0x01', '0x04']
12:45:30.254  DEBUG   [client]  -> read  st0cur    
12:45:30.258  DEBUG   [client]  <- read  st0cur     ret=0  data=['0xf5', '0x01', '0xf8', '0x01']
12:45:30.311  DEBUG   [poll]    -> read  st2mot    
12:45:30.314  DEBUG   [poll]    <- read  st2mot     ret=0  data=['0xe8', '0x03']
12:45:30.314  DEBUG   [poll]    -> read  st0cur    
12:45:30.319  DEBUG   [poll]    <- read  st0cur     ret=0  data=['0xf5', '0x01', '0xf8', '0x01']
12:45:30.449  DEBUG   [client]  -> read  st2mot    
12:45:30.452  DEBUG   [client]  <- read  st2mot     ret=0  data=['0xcf', '0x03']
12:45:30.649  DEBUG   [client]  -> read  st2mot    
12:45:30.652  DEBUG   [client]  <- read  st2mot     ret=0  data=['0xe8', '0x03']
12:45:30.849  DEBUG   [client]  -> read  st2mot    
12:45:30.852  DEBUG   [client]  <- read  st2mot     ret=0  data=['0xe8', '0x03']
12:45:31.049  DEBUG   [client]  -> read  st2mot    
12:45:31.052  DEBUG   [client]  <- read  st2mot     ret=0  data=['0x01', '0x04']
12:45:31.249  DEBUG   [client]  -> read  st2mot    
12:45:31.252  DEBUG   [client]  <- read  st2mot     ret=0  data=['0xe8', '0x03']
12:45:31.254  DEBUG   [client]  -> read  st0cur    
12:45:31.258  DEBUG   [client]  <- read  st0cur     ret=0  data=['0xf5', '0x01', '0xf6', '0x01']
12:45:31.320  DEBUG   [poll]    -> read  st2mot    
12:45:31.324  DEBUG   [poll]    <- read  st2mot     ret=0  data=['0xe8', '0x03']
12:45:31.324  DEBUG   [poll]    -> read  st0cur    
12:45:31.328  DEBUG   [poll]    <- read  st0cur     ret=0  data=['0xf5', '0x01', '0xf6', '0x01']
12:45:31.449  DEBUG   [client]  -> read  st2mot    
12:45:31.452  DEBUG   [client]  <- read  st2mot     ret=0  data=['0xe8', '0x03']
12:45:31.649  DEBUG   [client]  -> read  st2mot    
12:45:31.652  DEBUG   [client]  <- read  st2mot     ret=0  data=['0xe8', '0x03']
12:45:31.849  DEBUG   [client]  -> read  st2mot    
12:45:31.852  DEBUG   [client]  <- read  st2mot     ret=0  data=['0xe8', '0x03']
12:45:32.049  DEBUG   [client]  -> read  st2mot    
12:45:32.052  DEBUG   [client]  <- read  st2mot     ret=0  data=['0xe8', '0x03']
12:45:32.249  DEBUG   [client]  -> read  st2mot    
12:45:32.256  DEBUG   [client]  <- read  st2mot     ret=0  data=['0x01', '0x04']
12:45:32.258  DEBUG   [client]  -> read  st0cur    
12:45:32.264  DEBUG   [client]  <- read  st0cur     ret=0  data=['0xf4', '0x01', '0xf6', '0x01']
12:45:32.330  DEBUG   [poll]    -> read  st2mot    
12:45:32.333  DEBUG   [poll]    <- read  st2mot     ret=0  data=['0xcf', '0x03']
12:45:32.334  DEBUG   [poll]    -> read  st0cur    
12:45:32.338  DEBUG   [poll]    <- read  st0cur     ret=0  data=['0xf4', '0x01', '0xf6', '0x01']
12:45:32.449  DEBUG   [client]  -> read  st2mot    
12:45:32.452  DEBUG   [client]  <- read  st2mot     ret=0  data=['0xe8', '0x03']
12:45:32.649  DEBUG   [client]  -> read  st2mot    
12:45:32.652  DEBUG   [client]  <- read  st2mot     ret=0  data=['0xe8', '0x03']
12:45:32.849  DEBUG   [client]  -> read  st2mot    
12:45:32.852  DEBUG   [client]  <- read  st2mot     ret=0  data=['0xe8', '0x03']
12:45:33.049  DEBUG   [client]  -> read  st2mot    
12:45:33.052  DEBUG   [client]  <- read  st2mot     ret=0  data=['0x01', '0x04']
12:45:33.054  DEBUG   [client]  -> write cntl3mot   data=['0x03', '0x20']
12:45:33.310  DEBUG   [client]  -> write cntl3mot   data=['0x02', '0x58']
12:45:33.339  DEBUG   [poll]    -> read  st2mot    
12:45:33.342  DEBUG   [poll]    <- read  st2mot     ret=0  data=['0xd5', '0x02']
12:45:33.343  DEBUG   [poll]    -> read  st0cur    
12:45:33.347  DEBUG   [poll]    <- read  st0cur     ret=0  data=['0xf6', '0x01', '0xf7', '0x01']
12:45:33.566  DEBUG   [client]  -> write cntl3mot   data=['0x01', '0x90']
12:45:33.821  DEBUG   [client]  -> write cntl3mot   data=['0x00', '0xc8']
12:45:34.077  DEBUG   [client]  -> write cntl3mot   data=['0x00', '0x00']
12:45:34.081  WARNING client disconnected — stopping motor
12:45:34.082  DEBUG   [client]  -> write cntl3mot   data=['0x00', '0x00']
12:45:34.087  INFO    client disconnected
12:45:34.349  DEBUG   [poll]    -> read  st2mot    
12:45:34.352  DEBUG   [poll]    <- read  st2mot     ret=0  data=['0x00', '0x00']
12:45:34.352  DEBUG   [poll]    -> read  st0cur    
12:45:34.356  DEBUG   [poll]    <- read  st0cur     ret=0  data=['0xf9', '0x01', '0xfb', '0x01']
12:45:34.356  WARNING *** OBSERVED STALL SIGNATURE (not acted on yet) — current=-0.34A while rpm=0 ***
12:45:35.358  DEBUG   [poll]    -> read  st2mot    
12:45:35.361  DEBUG   [poll]    <- read  st2mot     ret=0  data=['0x00', '0x00']
12:45:35.362  DEBUG   [poll]    -> read  st0cur    
12:45:35.366  DEBUG   [poll]    <- read  st0cur     ret=0  data=['0xfe', '0x01', '0x00', '0x02']
12:45:36.368  DEBUG   [poll]    -> read  st2mot    
12:45:36.371  DEBUG   [poll]    <- read  st2mot     ret=0  data=['0x00', '0x00']
12:45:36.371  DEBUG   [poll]    -> read  st0cur    
12:45:36.376  DEBUG   [poll]    <- read  st0cur     ret=0  data=['0xfe', '0x01', '0x01', '0x02']
12:45:37.377  DEBUG   [poll]    -> read  st2mot    
12:45:37.385  DEBUG   [poll]    <- read  st2mot     ret=0  data=['0x00', '0x00']
12:45:37.386  DEBUG   [poll]    -> read  st0cur    
12:45:37.390  DEBUG   [poll]    <- read  st0cur     ret=0  data=['0xfe', '0x01', '0x01', '0x02']
12:45:38.391  DEBUG   [poll]    -> read  st2mot    
12:45:38.395  DEBUG   [poll]    <- read  st2mot     ret=0  data=['0x00', '0x00']
12:45:38.395  DEBUG   [poll]    -> read  st0cur    
12:45:38.399  DEBUG   [poll]    <- read  st0cur     ret=0  data=['0xfe', '0x01', '0x00', '0x02']
12:45:38.967  INFO    client connected
12:45:38.967  DEBUG   [client]  -> write cntl0mot   data=['0xf6', '0x00']
12:45:38.971  DEBUG   [client]  -> write cntl3mot   data=['0x00', '0x00']
12:45:38.975  DEBUG   [client]  -> write cntl3mot   data=['0x03', '0xe8']
12:45:38.979  DEBUG   [client]  -> read  st2mot    
12:45:38.982  DEBUG   [client]  <- read  st2mot     ret=0  data=['0x00', '0x00']
12:45:38.983  DEBUG   [client]  -> read  st0cur    
12:45:38.987  DEBUG   [client]  <- read  st0cur     ret=0  data=['0xfe', '0x01', '0x00', '0x02']
12:45:39.179  DEBUG   [client]  -> read  st2mot    
12:45:39.182  DEBUG   [client]  <- read  st2mot     ret=0  data=['0x00', '0x00']
12:45:39.379  DEBUG   [client]  -> read  st2mot    
12:45:39.382  DEBUG   [client]  <- read  st2mot     ret=0  data=['0x00', '0x00']
12:45:39.401  DEBUG   [poll]    -> read  st2mot    
12:45:39.404  DEBUG   [poll]    <- read  st2mot     ret=0  data=['0x64', '0x00']
12:45:39.404  DEBUG   [poll]    -> read  st0cur    
12:45:39.408  DEBUG   [poll]    <- read  st0cur     ret=0  data=['0xfd', '0x01', '0x00', '0x02']
12:45:39.579  DEBUG   [client]  -> read  st2mot    
12:45:39.583  DEBUG   [client]  <- read  st2mot     ret=0  data=['0x0d', '0x02']
12:45:39.779  DEBUG   [client]  -> read  st2mot    
12:45:39.783  DEBUG   [client]  <- read  st2mot     ret=0  data=['0xe2', '0x04']
12:45:39.979  DEBUG   [client]  -> read  st2mot    
12:45:39.983  DEBUG   [client]  <- read  st2mot     ret=0  data=['0x14', '0x05']
12:45:39.985  DEBUG   [client]  -> read  st0cur    
12:45:39.989  DEBUG   [client]  <- read  st0cur     ret=0  data=['0xfd', '0x01', '0x00', '0x02']
12:45:40.179  DEBUG   [client]  -> read  st2mot    
12:45:40.183  DEBUG   [client]  <- read  st2mot     ret=0  data=['0x65', '0x04']
12:45:40.379  DEBUG   [client]  -> read  st2mot    
12:45:40.383  DEBUG   [client]  <- read  st2mot     ret=0  data=['0xe8', '0x03']
12:45:40.409  DEBUG   [poll]    -> read  st2mot    
12:45:40.413  DEBUG   [poll]    <- read  st2mot     ret=0  data=['0xcf', '0x03']
12:45:40.413  DEBUG   [poll]    -> read  st0cur    
12:45:40.418  DEBUG   [poll]    <- read  st0cur     ret=0  data=['0xf4', '0x01', '0xf4', '0x01']
12:45:40.579  DEBUG   [client]  -> read  st2mot    
12:45:40.583  DEBUG   [client]  <- read  st2mot     ret=0  data=['0xb6', '0x03']
12:45:40.779  DEBUG   [client]  -> read  st2mot    
12:45:40.783  DEBUG   [client]  <- read  st2mot     ret=0  data=['0xb6', '0x03']
12:45:40.979  DEBUG   [client]  -> read  st2mot    
12:45:40.983  DEBUG   [client]  <- read  st2mot     ret=0  data=['0xe8', '0x03']
12:45:40.985  DEBUG   [client]  -> read  st0cur    
12:45:40.989  DEBUG   [client]  <- read  st0cur     ret=0  data=['0xf4', '0x01', '0xf4', '0x01']
12:45:41.179  DEBUG   [client]  -> read  st2mot    
12:45:41.183  DEBUG   [client]  <- read  st2mot     ret=0  data=['0xe8', '0x03']
12:45:41.379  DEBUG   [client]  -> read  st2mot    
12:45:41.383  DEBUG   [client]  <- read  st2mot     ret=0  data=['0x01', '0x04']
12:45:41.419  DEBUG   [poll]    -> read  st2mot    
12:45:41.423  DEBUG   [poll]    <- read  st2mot     ret=0  data=['0x01', '0x04']
12:45:41.423  DEBUG   [poll]    -> read  st0cur    
12:45:41.427  DEBUG   [poll]    <- read  st0cur     ret=0  data=['0xf7', '0x01', '0xf8', '0x01']
12:45:41.579  DEBUG   [client]  -> read  st2mot    
12:45:41.583  DEBUG   [client]  <- read  st2mot     ret=0  data=['0xe8', '0x03']
12:45:41.779  DEBUG   [client]  -> read  st2mot    
12:45:41.783  DEBUG   [client]  <- read  st2mot     ret=0  data=['0x01', '0x04']
12:45:41.979  DEBUG   [client]  -> read  st2mot    
12:45:41.983  DEBUG   [client]  <- read  st2mot     ret=0  data=['0xe8', '0x03']
12:45:41.985  DEBUG   [client]  -> read  st0cur    
12:45:41.989  DEBUG   [client]  <- read  st0cur     ret=0  data=['0xf7', '0x01', '0xf8', '0x01']
12:45:42.179  DEBUG   [client]  -> read  st2mot    
12:45:42.183  DEBUG   [client]  <- read  st2mot     ret=0  data=['0xe8', '0x03']
12:45:42.380  DEBUG   [client]  -> read  st2mot    
12:45:42.390  DEBUG   [client]  <- read  st2mot     ret=0  data=['0xe8', '0x03']
12:45:42.429  DEBUG   [poll]    -> read  st2mot    
12:45:42.432  DEBUG   [poll]    <- read  st2mot     ret=0  data=['0xe8', '0x03']
12:45:42.433  DEBUG   [poll]    -> read  st0cur    
12:45:42.437  DEBUG   [poll]    <- read  st0cur     ret=0  data=['0xf7', '0x01', '0xf7', '0x01']
12:45:42.579  DEBUG   [client]  -> read  st2mot    
12:45:42.583  DEBUG   [client]  <- read  st2mot     ret=0  data=['0xe8', '0x03']
12:45:42.779  DEBUG   [client]  -> read  st2mot    
12:45:42.783  DEBUG   [client]  <- read  st2mot     ret=0  data=['0xe8', '0x03']
12:45:42.979  DEBUG   [client]  -> read  st2mot    
12:45:42.983  DEBUG   [client]  <- read  st2mot     ret=0  data=['0xe8', '0x03']
12:45:42.984  DEBUG   [client]  -> read  st0cur    
12:45:42.989  DEBUG   [client]  <- read  st0cur     ret=0  data=['0xf7', '0x01', '0xf7', '0x01']
12:45:43.179  DEBUG   [client]  -> read  st2mot    
12:45:43.183  DEBUG   [client]  <- read  st2mot     ret=0  data=['0xe8', '0x03']
12:45:43.379  DEBUG   [client]  -> read  st2mot    
12:45:43.383  DEBUG   [client]  <- read  st2mot     ret=0  data=['0xe8', '0x03']
12:45:43.439  DEBUG   [poll]    -> read  st2mot    
12:45:43.442  DEBUG   [poll]    <- read  st2mot     ret=0  data=['0xe8', '0x03']
12:45:43.442  DEBUG   [poll]    -> read  st0cur    
12:45:43.447  DEBUG   [poll]    <- read  st0cur     ret=0  data=['0xf6', '0x01', '0xf6', '0x01']
12:45:43.579  DEBUG   [client]  -> read  st2mot    
12:45:43.583  DEBUG   [client]  <- read  st2mot     ret=0  data=['0xcf', '0x03']
12:45:43.779  DEBUG   [client]  -> read  st2mot    
12:45:43.783  DEBUG   [client]  <- read  st2mot     ret=0  data=['0xe8', '0x03']
12:45:43.979  DEBUG   [client]  -> read  st2mot    
12:45:43.983  DEBUG   [client]  <- read  st2mot     ret=0  data=['0x01', '0x04']
12:45:43.985  DEBUG   [client]  -> read  st0cur    
12:45:43.989  DEBUG   [client]  <- read  st0cur     ret=0  data=['0xf6', '0x01', '0xf6', '0x01']
12:45:44.179  DEBUG   [client]  -> read  st2mot    
12:45:44.183  DEBUG   [client]  <- read  st2mot     ret=0  data=['0xcf', '0x03']
12:45:44.379  DEBUG   [client]  -> read  st2mot    
12:45:44.383  DEBUG   [client]  <- read  st2mot     ret=0  data=['0xe8', '0x03']
12:45:44.448  DEBUG   [poll]    -> read  st2mot    
12:45:44.452  DEBUG   [poll]    <- read  st2mot     ret=0  data=['0x01', '0x04']
12:45:44.452  DEBUG   [poll]    -> read  st0cur    
12:45:44.456  DEBUG   [poll]    <- read  st0cur     ret=0  data=['0xf5', '0x01', '0xf6', '0x01']
12:45:44.579  DEBUG   [client]  -> read  st2mot    
12:45:44.583  DEBUG   [client]  <- read  st2mot     ret=0  data=['0xe8', '0x03']
12:45:44.779  DEBUG   [client]  -> read  st2mot    
12:45:44.783  DEBUG   [client]  <- read  st2mot     ret=0  data=['0xe8', '0x03']
12:45:44.979  DEBUG   [client]  -> read  st2mot    
12:45:44.983  DEBUG   [client]  <- read  st2mot     ret=0  data=['0xe8', '0x03']
12:45:44.984  DEBUG   [client]  -> read  st0cur    
12:45:44.989  DEBUG   [client]  <- read  st0cur     ret=0  data=['0xf5', '0x01', '0xf6', '0x01']
12:45:45.179  DEBUG   [client]  -> read  st2mot    
12:45:45.183  DEBUG   [client]  <- read  st2mot     ret=0  data=['0xe8', '0x03']
12:45:45.379  DEBUG   [client]  -> read  st2mot    
12:45:45.383  DEBUG   [client]  <- read  st2mot     ret=0  data=['0x01', '0x04']
12:45:45.458  DEBUG   [poll]    -> read  st2mot    
12:45:45.461  DEBUG   [poll]    <- read  st2mot     ret=0  data=['0xcf', '0x03']
12:45:45.462  DEBUG   [poll]    -> read  st0cur    
12:45:45.466  DEBUG   [poll]    <- read  st0cur     ret=0  data=['0xf5', '0x01', '0xf7', '0x01']
12:45:45.579  DEBUG   [client]  -> read  st2mot    
12:45:45.583  DEBUG   [client]  <- read  st2mot     ret=0  data=['0xe8', '0x03']
12:45:45.779  DEBUG   [client]  -> read  st2mot    
12:45:45.783  DEBUG   [client]  <- read  st2mot     ret=0  data=['0x01', '0x04']
12:45:45.785  DEBUG   [client]  -> write cntl3mot   data=['0x03', '0x20']
12:45:46.040  DEBUG   [client]  -> write cntl3mot   data=['0x02', '0x58']
12:45:46.296  DEBUG   [client]  -> write cntl3mot   data=['0x01', '0x90']
12:45:46.467  DEBUG   [poll]    -> read  st2mot    
12:45:46.471  DEBUG   [poll]    <- read  st2mot     ret=0  data=['0xf4', '0x01']
12:45:46.471  DEBUG   [poll]    -> read  st0cur    
12:45:46.475  DEBUG   [poll]    <- read  st0cur     ret=0  data=['0xf5', '0x01', '0xf8', '0x01']
12:45:46.551  DEBUG   [client]  -> write cntl3mot   data=['0x00', '0xc8']
12:45:46.807  DEBUG   [client]  -> write cntl3mot   data=['0x00', '0x00']
12:45:46.811  WARNING client disconnected — stopping motor
12:45:46.812  DEBUG   [client]  -> write cntl3mot   data=['0x00', '0x00']
12:45:46.816  INFO    client disconnected
12:45:47.477  DEBUG   [poll]    -> read  st2mot    
12:45:47.485  DEBUG   [poll]    <- read  st2mot     ret=0  data=['0x00', '0x00']
12:45:47.485  DEBUG   [poll]    -> read  st0cur    
12:45:47.489  DEBUG   [poll]    <- read  st0cur     ret=0  data=['0xfc', '0x01', '0xfd', '0x01']
12:45:47.490  WARNING *** OBSERVED STALL SIGNATURE (not acted on yet) — current=-0.20A while rpm=0 ***
12:45:48.491  DEBUG   [poll]    -> read  st2mot    
12:45:48.495  DEBUG   [poll]    <- read  st2mot     ret=0  data=['0x00', '0x00']
12:45:48.495  DEBUG   [poll]    -> read  st0cur    
12:45:48.500  DEBUG   [poll]    <- read  st0cur     ret=0  data=['0xfe', '0x01', '0x01', '0x02']
12:45:49.501  DEBUG   [poll]    -> read  st2mot    
12:45:49.504  DEBUG   [poll]    <- read  st2mot     ret=0  data=['0x00', '0x00']
12:45:49.505  DEBUG   [poll]    -> read  st0cur    
12:45:49.509  DEBUG   [poll]    <- read  st0cur     ret=0  data=['0xfe', '0x01', '0x01', '0x02']
12:45:50.511  DEBUG   [poll]    -> read  st2mot    
12:45:50.514  DEBUG   [poll]    <- read  st2mot     ret=0  data=['0x00', '0x00']
12:45:50.514  DEBUG   [poll]    -> read  st0cur    
12:45:50.519  DEBUG   [poll]    <- read  st0cur     ret=0  data=['0xfe', '0x01', '0x00', '0x02']
12:45:51.520  DEBUG   [poll]    -> read  st2mot    
12:45:51.523  DEBUG   [poll]    <- read  st2mot     ret=0  data=['0x00', '0x00']
12:45:51.523  DEBUG   [poll]    -> read  st0cur    
12:45:51.527  DEBUG   [poll]    <- read  st0cur     ret=0  data=['0xfe', '0x01', '0x00', '0x02']
12:45:51.673  INFO    client connected
12:45:51.674  DEBUG   [client]  -> write cntl0mot   data=['0x00', '0x00']
12:45:51.678  DEBUG   [client]  -> write cntl3mot   data=['0x00', '0x00']
12:45:51.681  DEBUG   [client]  -> write cntl3mot   data=['0x03', '0xe8']
12:45:51.685  DEBUG   [client]  -> read  st2mot    
12:45:51.688  DEBUG   [client]  <- read  st2mot     ret=0  data=['0x00', '0x00']
12:45:51.689  DEBUG   [client]  -> read  st0cur    
12:45:51.694  DEBUG   [client]  <- read  st0cur     ret=0  data=['0xfe', '0x01', '0x00', '0x02']
12:45:51.885  DEBUG   [client]  -> read  st2mot    
12:45:51.888  DEBUG   [client]  <- read  st2mot     ret=0  data=['0x64', '0x00']
12:45:52.085  DEBUG   [client]  -> read  st2mot    
12:45:52.088  DEBUG   [client]  <- read  st2mot     ret=0  data=['0xd5', '0x02']
12:45:52.286  DEBUG   [client]  -> read  st2mot    
12:45:52.289  DEBUG   [client]  <- read  st2mot     ret=0  data=['0x07', '0x03']
12:45:52.486  DEBUG   [client]  -> read  st2mot    
12:45:52.493  DEBUG   [client]  <- read  st2mot     ret=0  data=['0x20', '0x03']
12:45:52.529  DEBUG   [poll]    -> read  st2mot    
12:45:52.532  DEBUG   [poll]    <- read  st2mot     ret=0  data=['0x6b', '0x03']
12:45:52.533  DEBUG   [poll]    -> read  st0cur    
12:45:52.537  DEBUG   [poll]    <- read  st0cur     ret=0  data=['0xfa', '0x01', '0xfa', '0x01']
12:45:52.686  DEBUG   [client]  -> read  st2mot    
12:45:52.689  DEBUG   [client]  <- read  st2mot     ret=0  data=['0x9d', '0x03']
12:45:52.691  DEBUG   [client]  -> read  st0cur    
12:45:52.696  DEBUG   [client]  <- read  st0cur     ret=0  data=['0xfa', '0x01', '0xfa', '0x01']
12:45:52.886  DEBUG   [client]  -> read  st2mot    
12:45:52.889  DEBUG   [client]  <- read  st2mot     ret=0  data=['0x9d', '0x03']
12:45:53.086  DEBUG   [client]  -> read  st2mot    
12:45:53.089  DEBUG   [client]  <- read  st2mot     ret=0  data=['0xcf', '0x03']
12:45:53.286  DEBUG   [client]  -> read  st2mot    
12:45:53.289  DEBUG   [client]  <- read  st2mot     ret=0  data=['0xb6', '0x03']
12:45:53.486  DEBUG   [client]  -> read  st2mot    
12:45:53.489  DEBUG   [client]  <- read  st2mot     ret=0  data=['0xe8', '0x03']
12:45:53.539  DEBUG   [poll]    -> read  st2mot    
12:45:53.542  DEBUG   [poll]    <- read  st2mot     ret=0  data=['0xb6', '0x03']
12:45:53.543  DEBUG   [poll]    -> read  st0cur    
12:45:53.547  DEBUG   [poll]    <- read  st0cur     ret=0  data=['0xf5', '0x01', '0xf7', '0x01']
12:45:53.686  DEBUG   [client]  -> read  st2mot    
12:45:53.689  DEBUG   [client]  <- read  st2mot     ret=0  data=['0xe8', '0x03']
12:45:53.691  DEBUG   [client]  -> read  st0cur    
12:45:53.695  DEBUG   [client]  <- read  st0cur     ret=0  data=['0xf5', '0x01', '0xf7', '0x01']
12:45:53.886  DEBUG   [client]  -> read  st2mot    
12:45:53.889  DEBUG   [client]  <- read  st2mot     ret=0  data=['0xe8', '0x03']
12:45:54.086  DEBUG   [client]  -> read  st2mot    
12:45:54.089  DEBUG   [client]  <- read  st2mot     ret=0  data=['0x01', '0x04']
12:45:54.286  DEBUG   [client]  -> read  st2mot    
12:45:54.289  DEBUG   [client]  <- read  st2mot     ret=0  data=['0xcf', '0x03']
12:45:54.486  DEBUG   [client]  -> read  st2mot    
12:45:54.489  DEBUG   [client]  <- read  st2mot     ret=0  data=['0xe8', '0x03']
12:45:54.548  DEBUG   [poll]    -> read  st2mot    
12:45:54.552  DEBUG   [poll]    <- read  st2mot     ret=0  data=['0xe8', '0x03']
12:45:54.552  DEBUG   [poll]    -> read  st0cur    
12:45:54.556  DEBUG   [poll]    <- read  st0cur     ret=0  data=['0xf6', '0x01', '0xf5', '0x01']
12:45:54.686  DEBUG   [client]  -> read  st2mot    
12:45:54.689  DEBUG   [client]  <- read  st2mot     ret=0  data=['0x01', '0x04']
12:45:54.691  DEBUG   [client]  -> read  st0cur    
12:45:54.695  DEBUG   [client]  <- read  st0cur     ret=0  data=['0xf6', '0x01', '0xf5', '0x01']
12:45:54.886  DEBUG   [client]  -> read  st2mot    
12:45:54.889  DEBUG   [client]  <- read  st2mot     ret=0  data=['0xcf', '0x03']
12:45:55.086  DEBUG   [client]  -> read  st2mot    
12:45:55.089  DEBUG   [client]  <- read  st2mot     ret=0  data=['0xe8', '0x03']
12:45:55.286  DEBUG   [client]  -> read  st2mot    
12:45:55.289  DEBUG   [client]  <- read  st2mot     ret=0  data=['0xcf', '0x03']
12:45:55.486  DEBUG   [client]  -> read  st2mot    
12:45:55.489  DEBUG   [client]  <- read  st2mot     ret=0  data=['0xe8', '0x03']
12:45:55.558  DEBUG   [poll]    -> read  st2mot    
12:45:55.561  DEBUG   [poll]    <- read  st2mot     ret=0  data=['0xcf', '0x03']
12:45:55.562  DEBUG   [poll]    -> read  st0cur    
12:45:55.566  DEBUG   [poll]    <- read  st0cur     ret=0  data=['0xf4', '0x01', '0xf8', '0x01']
12:45:55.686  DEBUG   [client]  -> read  st2mot    
12:45:55.689  DEBUG   [client]  <- read  st2mot     ret=0  data=['0x01', '0x04']
12:45:55.691  DEBUG   [client]  -> read  st0cur    
12:45:55.695  DEBUG   [client]  <- read  st0cur     ret=0  data=['0xf4', '0x01', '0xf8', '0x01']
12:45:55.886  DEBUG   [client]  -> read  st2mot    
12:45:55.889  DEBUG   [client]  <- read  st2mot     ret=0  data=['0xe8', '0x03']
12:45:56.086  DEBUG   [client]  -> read  st2mot    
12:45:56.089  DEBUG   [client]  <- read  st2mot     ret=0  data=['0x01', '0x04']
12:45:56.286  DEBUG   [client]  -> read  st2mot    
12:45:56.289  DEBUG   [client]  <- read  st2mot     ret=0  data=['0xe8', '0x03']
12:45:56.486  DEBUG   [client]  -> read  st2mot    
12:45:56.489  DEBUG   [client]  <- read  st2mot     ret=0  data=['0xe8', '0x03']
12:45:56.568  DEBUG   [poll]    -> read  st2mot    
12:45:56.571  DEBUG   [poll]    <- read  st2mot     ret=0  data=['0xe8', '0x03']
12:45:56.572  DEBUG   [poll]    -> read  st0cur    
12:45:56.576  DEBUG   [poll]    <- read  st0cur     ret=0  data=['0xf6', '0x01', '0xf5', '0x01']
12:45:56.686  DEBUG   [client]  -> read  st2mot    
12:45:56.689  DEBUG   [client]  <- read  st2mot     ret=0  data=['0xe8', '0x03']
12:45:56.691  DEBUG   [client]  -> read  st0cur    
12:45:56.695  DEBUG   [client]  <- read  st0cur     ret=0  data=['0xf6', '0x01', '0xf5', '0x01']
12:45:56.886  DEBUG   [client]  -> read  st2mot    
12:45:56.889  DEBUG   [client]  <- read  st2mot     ret=0  data=['0x01', '0x04']
12:45:57.086  DEBUG   [client]  -> read  st2mot    
12:45:57.089  DEBUG   [client]  <- read  st2mot     ret=0  data=['0xe8', '0x03']
12:45:57.286  DEBUG   [client]  -> read  st2mot    
12:45:57.289  DEBUG   [client]  <- read  st2mot     ret=0  data=['0xcf', '0x03']
12:45:57.486  DEBUG   [client]  -> read  st2mot    
12:45:57.492  DEBUG   [client]  <- read  st2mot     ret=0  data=['0xe8', '0x03']
12:45:57.577  DEBUG   [poll]    -> read  st2mot    
12:45:57.581  DEBUG   [poll]    <- read  st2mot     ret=0  data=['0xe8', '0x03']
12:45:57.581  DEBUG   [poll]    -> read  st0cur    
12:45:57.585  DEBUG   [poll]    <- read  st0cur     ret=0  data=['0xf6', '0x01', '0xf5', '0x01']
12:45:57.686  DEBUG   [client]  -> read  st2mot    
12:45:57.689  DEBUG   [client]  <- read  st2mot     ret=0  data=['0xe8', '0x03']
12:45:57.691  DEBUG   [client]  -> read  st0cur    
12:45:57.696  DEBUG   [client]  <- read  st0cur     ret=0  data=['0xf6', '0x01', '0xf5', '0x01']
12:45:57.886  DEBUG   [client]  -> read  st2mot    
12:45:57.889  DEBUG   [client]  <- read  st2mot     ret=0  data=['0xe8', '0x03']
12:45:58.086  DEBUG   [client]  -> read  st2mot    
12:45:58.089  DEBUG   [client]  <- read  st2mot     ret=0  data=['0xe8', '0x03']
12:45:58.286  DEBUG   [client]  -> read  st2mot    
12:45:58.289  DEBUG   [client]  <- read  st2mot     ret=0  data=['0xe8', '0x03']
12:45:58.486  DEBUG   [client]  -> read  st2mot    
12:45:58.489  DEBUG   [client]  <- read  st2mot     ret=0  data=['0xcf', '0x03']
12:45:58.491  DEBUG   [client]  -> write cntl3mot   data=['0x03', '0x20']
12:45:58.587  DEBUG   [poll]    -> read  st2mot    
12:45:58.590  DEBUG   [poll]    <- read  st2mot     ret=0  data=['0x01', '0x04']
12:45:58.591  DEBUG   [poll]    -> read  st0cur    
12:45:58.595  DEBUG   [poll]    <- read  st0cur     ret=0  data=['0xf4', '0x01', '0xf6', '0x01']
12:45:58.747  DEBUG   [client]  -> write cntl3mot   data=['0x02', '0x58']
12:45:59.002  DEBUG   [client]  -> write cntl3mot   data=['0x01', '0x90']
12:45:59.258  DEBUG   [client]  -> write cntl3mot   data=['0x00', '0xc8']
12:45:59.514  DEBUG   [client]  -> write cntl3mot   data=['0x00', '0x00']
12:45:59.518  WARNING client disconnected — stopping motor
12:45:59.519  DEBUG   [client]  -> write cntl3mot   data=['0x00', '0x00']
12:45:59.523  INFO    client disconnected
12:45:59.596  DEBUG   [poll]    -> read  st2mot    
12:45:59.599  DEBUG   [poll]    <- read  st2mot     ret=0  data=['0xe1', '0x00']
12:45:59.600  DEBUG   [poll]    -> read  st0cur    
12:45:59.604  DEBUG   [poll]    <- read  st0cur     ret=0  data=['0xf8', '0x01', '0xf9', '0x01']
12:46:00.605  DEBUG   [poll]    -> read  st2mot    
12:46:00.609  DEBUG   [poll]    <- read  st2mot     ret=0  data=['0x00', '0x00']
12:46:00.609  DEBUG   [poll]    -> read  st0cur    
12:46:00.613  DEBUG   [poll]    <- read  st0cur     ret=0  data=['0xfd', '0x01', '0x00', '0x02']
12:46:01.615  DEBUG   [poll]    -> read  st2mot    
12:46:01.618  DEBUG   [poll]    <- read  st2mot     ret=0  data=['0x00', '0x00']
12:46:01.619  DEBUG   [poll]    -> read  st0cur    
12:46:01.623  DEBUG   [poll]    <- read  st0cur     ret=0  data=['0xfe', '0x01', '0x01', '0x02']
12:46:02.624  DEBUG   [poll]    -> read  st2mot    
12:46:02.628  DEBUG   [poll]    <- read  st2mot     ret=0  data=['0x00', '0x00']
12:46:02.629  DEBUG   [poll]    -> read  st0cur    
12:46:02.633  DEBUG   [poll]    <- read  st0cur     ret=0  data=['0xfe', '0x01', '0x01', '0x02']
12:46:03.635  DEBUG   [poll]    -> read  st2mot    
12:46:03.638  DEBUG   [poll]    <- read  st2mot     ret=0  data=['0x00', '0x00']
12:46:03.639  DEBUG   [poll]    -> read  st0cur    
12:46:03.643  DEBUG   [poll]    <- read  st0cur     ret=0  data=['0xfe', '0x01', '0x01', '0x02']
12:46:04.422  INFO    client connected
12:46:04.423  DEBUG   [client]  -> write cntl0mot   data=['0x0a', '0x00']
12:46:04.427  DEBUG   [client]  -> write cntl3mot   data=['0x00', '0x00']
12:46:04.430  DEBUG   [client]  -> write cntl3mot   data=['0x03', '0xe8']
12:46:04.434  DEBUG   [client]  -> read  st2mot    
12:46:04.437  DEBUG   [client]  <- read  st2mot     ret=0  data=['0x00', '0x00']
12:46:04.438  DEBUG   [client]  -> read  st0cur    
12:46:04.442  DEBUG   [client]  <- read  st0cur     ret=0  data=['0xfe', '0x01', '0x00', '0x02']
12:46:04.634  DEBUG   [client]  -> read  st2mot    
12:46:04.637  DEBUG   [client]  <- read  st2mot     ret=0  data=['0x20', '0x03']
12:46:04.644  DEBUG   [poll]    -> read  st2mot    
12:46:04.647  DEBUG   [poll]    <- read  st2mot     ret=0  data=['0x20', '0x03']
12:46:04.648  DEBUG   [poll]    -> read  st0cur    
12:46:04.652  DEBUG   [poll]    <- read  st0cur     ret=0  data=['0xfe', '0x01', '0x00', '0x02']
12:46:04.835  DEBUG   [client]  -> read  st2mot    
12:46:04.838  DEBUG   [client]  <- read  st2mot     ret=0  data=['0xa3', '0x02']
12:46:05.035  DEBUG   [client]  -> read  st2mot    
12:46:05.039  DEBUG   [client]  <- read  st2mot     ret=0  data=['0xd5', '0x02']
12:46:05.235  DEBUG   [client]  -> read  st2mot    
12:46:05.239  DEBUG   [client]  <- read  st2mot     ret=0  data=['0x52', '0x03']
12:46:05.435  DEBUG   [client]  -> read  st2mot    
12:46:05.438  DEBUG   [client]  <- read  st2mot     ret=0  data=['0x52', '0x03']
12:46:05.440  DEBUG   [client]  -> read  st0cur    
12:46:05.445  DEBUG   [client]  <- read  st0cur     ret=0  data=['0xf9', '0x01', '0xf6', '0x01']
12:46:05.635  DEBUG   [client]  -> read  st2mot    
12:46:05.639  DEBUG   [client]  <- read  st2mot     ret=0  data=['0x84', '0x03']
12:46:05.653  DEBUG   [poll]    -> read  st2mot    
12:46:05.656  DEBUG   [poll]    <- read  st2mot     ret=0  data=['0x84', '0x03']
12:46:05.657  DEBUG   [poll]    -> read  st0cur    
12:46:05.661  DEBUG   [poll]    <- read  st0cur     ret=0  data=['0xf9', '0x01', '0xf6', '0x01']
12:46:05.835  DEBUG   [client]  -> read  st2mot    
12:46:05.839  DEBUG   [client]  <- read  st2mot     ret=0  data=['0x84', '0x03']
12:46:06.035  DEBUG   [client]  -> read  st2mot    
12:46:06.038  DEBUG   [client]  <- read  st2mot     ret=0  data=['0x9d', '0x03']
12:46:06.235  DEBUG   [client]  -> read  st2mot    
12:46:06.239  DEBUG   [client]  <- read  st2mot     ret=0  data=['0xcf', '0x03']
12:46:06.435  DEBUG   [client]  -> read  st2mot    
12:46:06.439  DEBUG   [client]  <- read  st2mot     ret=0  data=['0x9d', '0x03']
12:46:06.441  DEBUG   [client]  -> read  st0cur    
12:46:06.445  DEBUG   [client]  <- read  st0cur     ret=0  data=['0xf5', '0x01', '0xf6', '0x01']
12:46:06.635  DEBUG   [client]  -> read  st2mot    
12:46:06.639  DEBUG   [client]  <- read  st2mot     ret=0  data=['0xe8', '0x03']
12:46:06.662  DEBUG   [poll]    -> read  st2mot    
12:46:06.665  DEBUG   [poll]    <- read  st2mot     ret=0  data=['0xe8', '0x03']
12:46:06.666  DEBUG   [poll]    -> read  st0cur    
12:46:06.670  DEBUG   [poll]    <- read  st0cur     ret=0  data=['0xf5', '0x01', '0xf6', '0x01']
12:46:06.835  DEBUG   [client]  -> read  st2mot    
12:46:06.839  DEBUG   [client]  <- read  st2mot     ret=0  data=['0x9d', '0x03']
12:46:07.035  DEBUG   [client]  -> read  st2mot    
12:46:07.039  DEBUG   [client]  <- read  st2mot     ret=0  data=['0x01', '0x04']
12:46:07.235  DEBUG   [client]  -> read  st2mot    
12:46:07.239  DEBUG   [client]  <- read  st2mot     ret=0  data=['0xb6', '0x03']
12:46:07.435  DEBUG   [client]  -> read  st2mot    
12:46:07.439  DEBUG   [client]  <- read  st2mot     ret=0  data=['0x01', '0x04']
12:46:07.441  DEBUG   [client]  -> read  st0cur    
12:46:07.445  DEBUG   [client]  <- read  st0cur     ret=0  data=['0xf5', '0x01', '0xf5', '0x01']
12:46:07.635  DEBUG   [client]  -> read  st2mot    
12:46:07.642  DEBUG   [client]  <- read  st2mot     ret=0  data=['0xcf', '0x03']
12:46:07.672  DEBUG   [poll]    -> read  st2mot    
12:46:07.675  DEBUG   [poll]    <- read  st2mot     ret=0  data=['0xe8', '0x03']
12:46:07.676  DEBUG   [poll]    -> read  st0cur    
12:46:07.680  DEBUG   [poll]    <- read  st0cur     ret=0  data=['0xf5', '0x01', '0xf5', '0x01']
12:46:07.835  DEBUG   [client]  -> read  st2mot    
12:46:07.838  DEBUG   [client]  <- read  st2mot     ret=0  data=['0xcf', '0x03']
12:46:08.035  DEBUG   [client]  -> read  st2mot    
12:46:08.039  DEBUG   [client]  <- read  st2mot     ret=0  data=['0xe8', '0x03']
12:46:08.235  DEBUG   [client]  -> read  st2mot    
12:46:08.239  DEBUG   [client]  <- read  st2mot     ret=0  data=['0x01', '0x04']
12:46:08.435  DEBUG   [client]  -> read  st2mot    
12:46:08.439  DEBUG   [client]  <- read  st2mot     ret=0  data=['0xcf', '0x03']
12:46:08.441  DEBUG   [client]  -> read  st0cur    
12:46:08.445  DEBUG   [client]  <- read  st0cur     ret=0  data=['0xf6', '0x01', '0xf5', '0x01']
12:46:08.635  DEBUG   [client]  -> read  st2mot    
12:46:08.638  DEBUG   [client]  <- read  st2mot     ret=0  data=['0xe8', '0x03']
12:46:08.681  DEBUG   [poll]    -> read  st2mot    
12:46:08.684  DEBUG   [poll]    <- read  st2mot     ret=0  data=['0xe8', '0x03']
12:46:08.685  DEBUG   [poll]    -> read  st0cur    
12:46:08.689  DEBUG   [poll]    <- read  st0cur     ret=0  data=['0xf6', '0x01', '0xf5', '0x01']
12:46:08.835  DEBUG   [client]  -> read  st2mot    
12:46:08.838  DEBUG   [client]  <- read  st2mot     ret=0  data=['0xe8', '0x03']
12:46:09.035  DEBUG   [client]  -> read  st2mot    
12:46:09.039  DEBUG   [client]  <- read  st2mot     ret=0  data=['0xe8', '0x03']
12:46:09.235  DEBUG   [client]  -> read  st2mot    
12:46:09.239  DEBUG   [client]  <- read  st2mot     ret=0  data=['0x01', '0x04']
12:46:09.435  DEBUG   [client]  -> read  st2mot    
12:46:09.439  DEBUG   [client]  <- read  st2mot     ret=0  data=['0xe8', '0x03']
12:46:09.441  DEBUG   [client]  -> read  st0cur    
12:46:09.445  DEBUG   [client]  <- read  st0cur     ret=0  data=['0xf6', '0x01', '0xf5', '0x01']
12:46:09.635  DEBUG   [client]  -> read  st2mot    
12:46:09.639  DEBUG   [client]  <- read  st2mot     ret=0  data=['0x01', '0x04']
12:46:09.690  DEBUG   [poll]    -> read  st2mot    
12:46:09.694  DEBUG   [poll]    <- read  st2mot     ret=0  data=['0x01', '0x04']
12:46:09.694  DEBUG   [poll]    -> read  st0cur    
12:46:09.699  DEBUG   [poll]    <- read  st0cur     ret=0  data=['0xf6', '0x01', '0xf5', '0x01']
12:46:09.835  DEBUG   [client]  -> read  st2mot    
12:46:09.838  DEBUG   [client]  <- read  st2mot     ret=0  data=['0xcf', '0x03']
12:46:10.035  DEBUG   [client]  -> read  st2mot    
12:46:10.039  DEBUG   [client]  <- read  st2mot     ret=0  data=['0x01', '0x04']
12:46:10.235  DEBUG   [client]  -> read  st2mot    
12:46:10.239  DEBUG   [client]  <- read  st2mot     ret=0  data=['0xcf', '0x03']
12:46:10.435  DEBUG   [client]  -> read  st2mot    
12:46:10.439  DEBUG   [client]  <- read  st2mot     ret=0  data=['0x01', '0x04']
12:46:10.441  DEBUG   [client]  -> read  st0cur    
12:46:10.445  DEBUG   [client]  <- read  st0cur     ret=0  data=['0xf6', '0x01', '0xf5', '0x01']
12:46:10.635  DEBUG   [client]  -> read  st2mot    
12:46:10.638  DEBUG   [client]  <- read  st2mot     ret=0  data=['0xcf', '0x03']
12:46:10.700  DEBUG   [poll]    -> read  st2mot    
12:46:10.704  DEBUG   [poll]    <- read  st2mot     ret=0  data=['0xcf', '0x03']
12:46:10.704  DEBUG   [poll]    -> read  st0cur    
12:46:10.708  DEBUG   [poll]    <- read  st0cur     ret=0  data=['0xf6', '0x01', '0xf5', '0x01']
12:46:10.835  DEBUG   [client]  -> read  st2mot    
12:46:10.838  DEBUG   [client]  <- read  st2mot     ret=0  data=['0xe8', '0x03']
12:46:11.035  DEBUG   [client]  -> read  st2mot    
12:46:11.039  DEBUG   [client]  <- read  st2mot     ret=0  data=['0x01', '0x04']
12:46:11.235  DEBUG   [client]  -> read  st2mot    
12:46:11.239  DEBUG   [client]  <- read  st2mot     ret=0  data=['0xe8', '0x03']
12:46:11.241  DEBUG   [client]  -> write cntl3mot   data=['0x03', '0x20']
12:46:11.497  DEBUG   [client]  -> write cntl3mot   data=['0x02', '0x58']
12:46:11.710  DEBUG   [poll]    -> read  st2mot    
12:46:11.713  DEBUG   [poll]    <- read  st2mot     ret=0  data=['0x8a', '0x02']
12:46:11.713  DEBUG   [poll]    -> read  st0cur    
12:46:11.718  DEBUG   [poll]    <- read  st0cur     ret=0  data=['0xf5', '0x01', '0xf8', '0x01']
12:46:11.753  DEBUG   [client]  -> write cntl3mot   data=['0x01', '0x90']
12:46:12.009  DEBUG   [client]  -> write cntl3mot   data=['0x00', '0xc8']
12:46:12.265  DEBUG   [client]  -> write cntl3mot   data=['0x00', '0x00']
12:46:12.270  WARNING client disconnected — stopping motor
12:46:12.271  DEBUG   [client]  -> write cntl3mot   data=['0x00', '0x00']
12:46:12.275  INFO    client disconnected
12:46:12.719  DEBUG   [poll]    -> read  st2mot    
12:46:12.722  DEBUG   [poll]    <- read  st2mot     ret=0  data=['0x00', '0x00']
12:46:12.723  DEBUG   [poll]    -> read  st0cur    
12:46:12.727  DEBUG   [poll]    <- read  st0cur     ret=0  data=['0xf9', '0x01', '0xfb', '0x01']
12:46:12.728  WARNING *** OBSERVED STALL SIGNATURE (not acted on yet) — current=-0.34A while rpm=0 ***
12:46:13.730  DEBUG   [poll]    -> read  st2mot    
12:46:13.733  DEBUG   [poll]    <- read  st2mot     ret=0  data=['0x00', '0x00']
12:46:13.734  DEBUG   [poll]    -> read  st0cur    
12:46:13.738  DEBUG   [poll]    <- read  st0cur     ret=0  data=['0xfd', '0x01', '0x01', '0x02']
12:46:14.739  DEBUG   [poll]    -> read  st2mot    
12:46:14.743  DEBUG   [poll]    <- read  st2mot     ret=0  data=['0x00', '0x00']
12:46:14.743  DEBUG   [poll]    -> read  st0cur    
12:46:14.747  DEBUG   [poll]    <- read  st0cur     ret=0  data=['0xfe', '0x01', '0x01', '0x02']
12:46:15.749  DEBUG   [poll]    -> read  st2mot    
12:46:15.752  DEBUG   [poll]    <- read  st2mot     ret=0  data=['0x00', '0x00']
12:46:15.753  DEBUG   [poll]    -> read  st0cur    
12:46:15.757  DEBUG   [poll]    <- read  st0cur     ret=0  data=['0xfe', '0x01', '0x01', '0x02']
12:46:16.759  DEBUG   [poll]    -> read  st2mot    
12:46:16.762  DEBUG   [poll]    <- read  st2mot     ret=0  data=['0x00', '0x00']
12:46:16.763  DEBUG   [poll]    -> read  st0cur    
12:46:16.767  DEBUG   [poll]    <- read  st0cur     ret=0  data=['0xfe', '0x01', '0x00', '0x02']
12:46:17.133  INFO    client connected
12:46:17.134  DEBUG   [client]  -> write cntl0mot   data=['0xf6', '0x03']
12:46:17.138  DEBUG   [client]  -> write cntl3mot   data=['0x00', '0x00']
12:46:17.141  DEBUG   [client]  -> write cntl3mot   data=['0x03', '0xe8']
12:46:17.145  DEBUG   [client]  -> read  st2mot    
12:46:17.148  DEBUG   [client]  <- read  st2mot     ret=0  data=['0x00', '0x00']
12:46:17.151  DEBUG   [client]  -> read  st0cur    
12:46:17.156  DEBUG   [client]  <- read  st0cur     ret=0  data=['0xfe', '0x01', '0x00', '0x02']
12:46:17.345  DEBUG   [client]  -> read  st2mot    
12:46:17.348  DEBUG   [client]  <- read  st2mot     ret=0  data=['0x00', '0x00']
12:46:17.545  DEBUG   [client]  -> read  st2mot    
12:46:17.548  DEBUG   [client]  <- read  st2mot     ret=0  data=['0x00', '0x00']
12:46:17.750  DEBUG   [client]  -> read  st2mot    
12:46:17.754  DEBUG   [client]  <- read  st2mot     ret=0  data=['0x6b', '0x03']
12:46:17.769  DEBUG   [poll]    -> read  st2mot    
12:46:17.772  DEBUG   [poll]    <- read  st2mot     ret=0  data=['0x6b', '0x03']
12:46:17.773  DEBUG   [poll]    -> read  st0cur    
12:46:17.777  DEBUG   [poll]    <- read  st0cur     ret=0  data=['0xfd', '0x01', '0x00', '0x02']
12:46:17.945  DEBUG   [client]  -> read  st2mot    
12:46:17.949  DEBUG   [client]  <- read  st2mot     ret=0  data=['0x5f', '0x05']
12:46:18.146  DEBUG   [client]  -> read  st2mot    
12:46:18.149  DEBUG   [client]  <- read  st2mot     ret=0  data=['0xe2', '0x04']
12:46:18.151  DEBUG   [client]  -> read  st0cur    
12:46:18.155  DEBUG   [client]  <- read  st0cur     ret=0  data=['0xfd', '0x01', '0x00', '0x02']
12:46:18.346  DEBUG   [client]  -> read  st2mot    
12:46:18.349  DEBUG   [client]  <- read  st2mot     ret=0  data=['0x33', '0x04']
12:46:18.546  DEBUG   [client]  -> read  st2mot    
12:46:18.549  DEBUG   [client]  <- read  st2mot     ret=0  data=['0xb6', '0x03']
12:46:18.746  DEBUG   [client]  -> read  st2mot    
12:46:18.749  DEBUG   [client]  <- read  st2mot     ret=0  data=['0xb6', '0x03']
12:46:18.779  DEBUG   [poll]    -> read  st2mot    
12:46:18.782  DEBUG   [poll]    <- read  st2mot     ret=0  data=['0xb6', '0x03']
12:46:18.783  DEBUG   [poll]    -> read  st0cur    
12:46:18.787  DEBUG   [poll]    <- read  st0cur     ret=0  data=['0xf4', '0x01', '0xf5', '0x01']
12:46:18.946  DEBUG   [client]  -> read  st2mot    
12:46:18.949  DEBUG   [client]  <- read  st2mot     ret=0  data=['0xe8', '0x03']
12:46:19.146  DEBUG   [client]  -> read  st2mot    
12:46:19.149  DEBUG   [client]  <- read  st2mot     ret=0  data=['0xcf', '0x03']
12:46:19.151  DEBUG   [client]  -> read  st0cur    
12:46:19.155  DEBUG   [client]  <- read  st0cur     ret=0  data=['0xf4', '0x01', '0xf5', '0x01']
12:46:19.346  DEBUG   [client]  -> read  st2mot    
12:46:19.349  DEBUG   [client]  <- read  st2mot     ret=0  data=['0x01', '0x04']
12:46:19.546  DEBUG   [client]  -> read  st2mot    
12:46:19.549  DEBUG   [client]  <- read  st2mot     ret=0  data=['0xe8', '0x03']
12:46:19.746  DEBUG   [client]  -> read  st2mot    
12:46:19.749  DEBUG   [client]  <- read  st2mot     ret=0  data=['0xe8', '0x03']
12:46:19.788  DEBUG   [poll]    -> read  st2mot    
12:46:19.792  DEBUG   [poll]    <- read  st2mot     ret=0  data=['0xe8', '0x03']
12:46:19.792  DEBUG   [poll]    -> read  st0cur    
12:46:19.796  DEBUG   [poll]    <- read  st0cur     ret=0  data=['0xf5', '0x01', '0xf7', '0x01']
12:46:19.946  DEBUG   [client]  -> read  st2mot    
12:46:19.949  DEBUG   [client]  <- read  st2mot     ret=0  data=['0xe8', '0x03']
12:46:20.146  DEBUG   [client]  -> read  st2mot    
12:46:20.149  DEBUG   [client]  <- read  st2mot     ret=0  data=['0xe8', '0x03']
12:46:20.151  DEBUG   [client]  -> read  st0cur    
12:46:20.155  DEBUG   [client]  <- read  st0cur     ret=0  data=['0xf5', '0x01', '0xf7', '0x01']
12:46:20.346  DEBUG   [client]  -> read  st2mot    
12:46:20.349  DEBUG   [client]  <- read  st2mot     ret=0  data=['0xe8', '0x03']
12:46:20.546  DEBUG   [client]  -> read  st2mot    
12:46:20.549  DEBUG   [client]  <- read  st2mot     ret=0  data=['0xe8', '0x03']
12:46:20.746  DEBUG   [client]  -> read  st2mot    
12:46:20.749  DEBUG   [client]  <- read  st2mot     ret=0  data=['0xcf', '0x03']
12:46:20.798  DEBUG   [poll]    -> read  st2mot    
12:46:20.802  DEBUG   [poll]    <- read  st2mot     ret=0  data=['0xe8', '0x03']
12:46:20.802  DEBUG   [poll]    -> read  st0cur    
12:46:20.806  DEBUG   [poll]    <- read  st0cur     ret=0  data=['0xf8', '0x01', '0xf3', '0x01']
12:46:20.946  DEBUG   [client]  -> read  st2mot    
12:46:20.949  DEBUG   [client]  <- read  st2mot     ret=0  data=['0xcf', '0x03']
12:46:21.146  DEBUG   [client]  -> read  st2mot    
12:46:21.149  DEBUG   [client]  <- read  st2mot     ret=0  data=['0x01', '0x04']
12:46:21.151  DEBUG   [client]  -> read  st0cur    
12:46:21.155  DEBUG   [client]  <- read  st0cur     ret=0  data=['0xf8', '0x01', '0xf3', '0x01']
12:46:21.346  DEBUG   [client]  -> read  st2mot    
12:46:21.349  DEBUG   [client]  <- read  st2mot     ret=0  data=['0xe8', '0x03']
12:46:21.546  DEBUG   [client]  -> read  st2mot    
12:46:21.549  DEBUG   [client]  <- read  st2mot     ret=0  data=['0xe8', '0x03']
12:46:21.746  DEBUG   [client]  -> read  st2mot    
12:46:21.749  DEBUG   [client]  <- read  st2mot     ret=0  data=['0xe8', '0x03']
12:46:21.808  DEBUG   [poll]    -> read  st2mot    
12:46:21.811  DEBUG   [poll]    <- read  st2mot     ret=0  data=['0xe8', '0x03']
12:46:21.812  DEBUG   [poll]    -> read  st0cur    
12:46:21.816  DEBUG   [poll]    <- read  st0cur     ret=0  data=['0xf5', '0x01', '0xf9', '0x01']
12:46:21.945  DEBUG   [client]  -> read  st2mot    
12:46:21.949  DEBUG   [client]  <- read  st2mot     ret=0  data=['0xe8', '0x03']
12:46:22.146  DEBUG   [client]  -> read  st2mot    
12:46:22.149  DEBUG   [client]  <- read  st2mot     ret=0  data=['0xcf', '0x03']
12:46:22.151  DEBUG   [client]  -> read  st0cur    
12:46:22.155  DEBUG   [client]  <- read  st0cur     ret=0  data=['0xf5', '0x01', '0xf9', '0x01']
12:46:22.346  DEBUG   [client]  -> read  st2mot    
12:46:22.349  DEBUG   [client]  <- read  st2mot     ret=0  data=['0x01', '0x04']
12:46:22.546  DEBUG   [client]  -> read  st2mot    
12:46:22.549  DEBUG   [client]  <- read  st2mot     ret=0  data=['0xe8', '0x03']
12:46:22.746  DEBUG   [client]  -> read  st2mot    
12:46:22.752  DEBUG   [client]  <- read  st2mot     ret=0  data=['0x01', '0x04']
12:46:22.817  DEBUG   [poll]    -> read  st2mot    
12:46:22.821  DEBUG   [poll]    <- read  st2mot     ret=0  data=['0xe8', '0x03']
12:46:22.821  DEBUG   [poll]    -> read  st0cur    
12:46:22.825  DEBUG   [poll]    <- read  st0cur     ret=0  data=['0xf6', '0x01', '0xf6', '0x01']
12:46:22.946  DEBUG   [client]  -> read  st2mot    
12:46:22.949  DEBUG   [client]  <- read  st2mot     ret=0  data=['0x01', '0x04']
12:46:23.146  DEBUG   [client]  -> read  st2mot    
12:46:23.149  DEBUG   [client]  <- read  st2mot     ret=0  data=['0xe8', '0x03']
12:46:23.151  DEBUG   [client]  -> read  st0cur    
12:46:23.155  DEBUG   [client]  <- read  st0cur     ret=0  data=['0xf6', '0x01', '0xf6', '0x01']
12:46:23.346  DEBUG   [client]  -> read  st2mot    
12:46:23.349  DEBUG   [client]  <- read  st2mot     ret=0  data=['0xe8', '0x03']
12:46:23.546  DEBUG   [client]  -> read  st2mot    
12:46:23.549  DEBUG   [client]  <- read  st2mot     ret=0  data=['0xe8', '0x03']
12:46:23.746  DEBUG   [client]  -> read  st2mot    
12:46:23.749  DEBUG   [client]  <- read  st2mot     ret=0  data=['0xe8', '0x03']
12:46:23.827  DEBUG   [poll]    -> read  st2mot    
12:46:23.830  DEBUG   [poll]    <- read  st2mot     ret=0  data=['0xe8', '0x03']
12:46:23.831  DEBUG   [poll]    -> read  st0cur    
12:46:23.835  DEBUG   [poll]    <- read  st0cur     ret=0  data=['0xf4', '0x01', '0xf6', '0x01']
12:46:23.946  DEBUG   [client]  -> read  st2mot    
12:46:23.949  DEBUG   [client]  <- read  st2mot     ret=0  data=['0xe8', '0x03']
12:46:23.951  DEBUG   [client]  -> write cntl3mot   data=['0x03', '0x20']
12:46:24.206  DEBUG   [client]  -> write cntl3mot   data=['0x02', '0x58']
12:46:24.462  DEBUG   [client]  -> write cntl3mot   data=['0x01', '0x90']
12:46:24.718  DEBUG   [client]  -> write cntl3mot   data=['0x00', '0xc8']
12:46:24.836  DEBUG   [poll]    -> read  st2mot    
12:46:24.840  DEBUG   [poll]    <- read  st2mot     ret=0  data=['0x5e', '0x01']
12:46:24.840  DEBUG   [poll]    -> read  st0cur    
12:46:24.845  DEBUG   [poll]    <- read  st0cur     ret=0  data=['0xf7', '0x01', '0xf7', '0x01']
12:46:24.974  DEBUG   [client]  -> write cntl3mot   data=['0x00', '0x00']
12:46:24.978  WARNING client disconnected — stopping motor
12:46:24.979  DEBUG   [client]  -> write cntl3mot   data=['0x00', '0x00']
12:46:24.983  INFO    client disconnected
12:46:25.846  DEBUG   [poll]    -> read  st2mot    
12:46:25.850  DEBUG   [poll]    <- read  st2mot     ret=0  data=['0x00', '0x00']
12:46:25.850  DEBUG   [poll]    -> read  st0cur    
12:46:25.854  DEBUG   [poll]    <- read  st0cur     ret=0  data=['0xfb', '0x01', '0xfe', '0x01']
12:46:25.855  WARNING *** OBSERVED STALL SIGNATURE (not acted on yet) — current=-0.24A while rpm=0 ***
12:46:26.856  DEBUG   [poll]    -> read  st2mot    
12:46:26.860  DEBUG   [poll]    <- read  st2mot     ret=0  data=['0x00', '0x00']
12:46:26.860  DEBUG   [poll]    -> read  st0cur    
12:46:26.865  DEBUG   [poll]    <- read  st0cur     ret=0  data=['0xfe', '0x01', '0x01', '0x02']
12:46:27.866  DEBUG   [poll]    -> read  st2mot    
12:46:27.869  DEBUG   [poll]    <- read  st2mot     ret=0  data=['0x00', '0x00']
12:46:27.870  DEBUG   [poll]    -> read  st0cur    
12:46:27.874  DEBUG   [poll]    <- read  st0cur     ret=0  data=['0xfe', '0x01', '0x01', '0x02']
12:46:28.876  DEBUG   [poll]    -> read  st2mot    
12:46:28.879  DEBUG   [poll]    <- read  st2mot     ret=0  data=['0x00', '0x00']
12:46:28.880  DEBUG   [poll]    -> read  st0cur    
12:46:28.884  DEBUG   [poll]    <- read  st0cur     ret=0  data=['0xfe', '0x01', '0x01', '0x02']
12:46:29.853  INFO    client connected
12:46:29.853  DEBUG   [client]  -> write cntl0mot   data=['0x00', '0x03']
12:46:29.857  DEBUG   [client]  -> write cntl3mot   data=['0x00', '0x00']
12:46:29.861  DEBUG   [client]  -> write cntl3mot   data=['0x03', '0xe8']
12:46:29.864  DEBUG   [client]  -> read  st2mot    
12:46:29.867  DEBUG   [client]  <- read  st2mot     ret=0  data=['0x00', '0x00']
12:46:29.868  DEBUG   [client]  -> read  st0cur    
12:46:29.872  DEBUG   [client]  <- read  st0cur     ret=0  data=['0xfe', '0x01', '0x01', '0x02']
12:46:29.885  DEBUG   [poll]    -> read  st2mot    
12:46:29.888  DEBUG   [poll]    <- read  st2mot     ret=0  data=['0x00', '0x00']
12:46:29.889  DEBUG   [poll]    -> read  st0cur    
12:46:29.892  DEBUG   [poll]    <- read  st0cur     ret=0  data=['0xfe', '0x01', '0x01', '0x02']
12:46:30.065  DEBUG   [client]  -> read  st2mot    
12:46:30.068  DEBUG   [client]  <- read  st2mot     ret=0  data=['0x19', '0x00']
12:46:30.265  DEBUG   [client]  -> read  st2mot    
12:46:30.268  DEBUG   [client]  <- read  st2mot     ret=0  data=['0x6b', '0x03']
12:46:30.465  DEBUG   [client]  -> read  st2mot    
12:46:30.468  DEBUG   [client]  <- read  st2mot     ret=0  data=['0x52', '0x03']
12:46:30.665  DEBUG   [client]  -> read  st2mot    
12:46:30.668  DEBUG   [client]  <- read  st2mot     ret=0  data=['0x52', '0x03']
12:46:30.865  DEBUG   [client]  -> read  st2mot    
12:46:30.868  DEBUG   [client]  <- read  st2mot     ret=0  data=['0xb6', '0x03']
12:46:30.870  DEBUG   [client]  -> read  st0cur    
12:46:30.874  DEBUG   [client]  <- read  st0cur     ret=0  data=['0xf9', '0x01', '0xf9', '0x01']
12:46:30.894  DEBUG   [poll]    -> read  st2mot    
12:46:30.897  DEBUG   [poll]    <- read  st2mot     ret=0  data=['0xb6', '0x03']
12:46:30.898  DEBUG   [poll]    -> read  st0cur    
12:46:30.902  DEBUG   [poll]    <- read  st0cur     ret=0  data=['0xf9', '0x01', '0xf9', '0x01']
12:46:31.065  DEBUG   [client]  -> read  st2mot    
12:46:31.068  DEBUG   [client]  <- read  st2mot     ret=0  data=['0xb6', '0x03']
12:46:31.265  DEBUG   [client]  -> read  st2mot    
12:46:31.268  DEBUG   [client]  <- read  st2mot     ret=0  data=['0xcf', '0x03']
12:46:31.465  DEBUG   [client]  -> read  st2mot    
12:46:31.468  DEBUG   [client]  <- read  st2mot     ret=0  data=['0xe8', '0x03']
12:46:31.665  DEBUG   [client]  -> read  st2mot    
12:46:31.668  DEBUG   [client]  <- read  st2mot     ret=0  data=['0xcf', '0x03']
12:46:31.865  DEBUG   [client]  -> read  st2mot    
12:46:31.868  DEBUG   [client]  <- read  st2mot     ret=0  data=['0xe8', '0x03']
12:46:31.870  DEBUG   [client]  -> read  st0cur    
12:46:31.875  DEBUG   [client]  <- read  st0cur     ret=0  data=['0xf7', '0x01', '0xf6', '0x01']
12:46:31.904  DEBUG   [poll]    -> read  st2mot    
12:46:31.907  DEBUG   [poll]    <- read  st2mot     ret=0  data=['0xe8', '0x03']
12:46:31.907  DEBUG   [poll]    -> read  st0cur    
12:46:31.912  DEBUG   [poll]    <- read  st0cur     ret=0  data=['0xf7', '0x01', '0xf6', '0x01']
12:46:32.065  DEBUG   [client]  -> read  st2mot    
12:46:32.068  DEBUG   [client]  <- read  st2mot     ret=0  data=['0xe8', '0x03']
12:46:32.265  DEBUG   [client]  -> read  st2mot    
12:46:32.268  DEBUG   [client]  <- read  st2mot     ret=0  data=['0x01', '0x04']
12:46:32.465  DEBUG   [client]  -> read  st2mot    
12:46:32.468  DEBUG   [client]  <- read  st2mot     ret=0  data=['0xcf', '0x03']
12:46:32.665  DEBUG   [client]  -> read  st2mot    
12:46:32.668  DEBUG   [client]  <- read  st2mot     ret=0  data=['0x01', '0x04']
12:46:32.865  DEBUG   [client]  -> read  st2mot    
12:46:32.872  DEBUG   [client]  <- read  st2mot     ret=0  data=['0xe8', '0x03']
12:46:32.874  DEBUG   [client]  -> read  st0cur    
12:46:32.879  DEBUG   [client]  <- read  st0cur     ret=0  data=['0xf5', '0x01', '0xf6', '0x01']
12:46:32.913  DEBUG   [poll]    -> read  st2mot    
12:46:32.917  DEBUG   [poll]    <- read  st2mot     ret=0  data=['0xe8', '0x03']
12:46:32.917  DEBUG   [poll]    -> read  st0cur    
12:46:32.921  DEBUG   [poll]    <- read  st0cur     ret=0  data=['0xf5', '0x01', '0xf6', '0x01']
12:46:33.065  DEBUG   [client]  -> read  st2mot    
12:46:33.068  DEBUG   [client]  <- read  st2mot     ret=0  data=['0xe8', '0x03']
12:46:33.265  DEBUG   [client]  -> read  st2mot    
12:46:33.268  DEBUG   [client]  <- read  st2mot     ret=0  data=['0xe8', '0x03']
12:46:33.465  DEBUG   [client]  -> read  st2mot    
12:46:33.468  DEBUG   [client]  <- read  st2mot     ret=0  data=['0xe8', '0x03']
12:46:33.665  DEBUG   [client]  -> read  st2mot    
12:46:33.668  DEBUG   [client]  <- read  st2mot     ret=0  data=['0xe8', '0x03']
12:46:33.865  DEBUG   [client]  -> read  st2mot    
12:46:33.869  DEBUG   [client]  <- read  st2mot     ret=0  data=['0xe8', '0x03']
12:46:33.871  DEBUG   [client]  -> read  st0cur    
12:46:33.875  DEBUG   [client]  <- read  st0cur     ret=0  data=['0xf5', '0x01', '0xf5', '0x01']
12:46:33.923  DEBUG   [poll]    -> read  st2mot    
12:46:33.926  DEBUG   [poll]    <- read  st2mot     ret=0  data=['0xe8', '0x03']
12:46:33.927  DEBUG   [poll]    -> read  st0cur    
12:46:33.931  DEBUG   [poll]    <- read  st0cur     ret=0  data=['0xf5', '0x01', '0xf5', '0x01']
12:46:34.065  DEBUG   [client]  -> read  st2mot    
12:46:34.069  DEBUG   [client]  <- read  st2mot     ret=0  data=['0xe8', '0x03']
12:46:34.265  DEBUG   [client]  -> read  st2mot    
12:46:34.269  DEBUG   [client]  <- read  st2mot     ret=0  data=['0xe8', '0x03']
12:46:34.465  DEBUG   [client]  -> read  st2mot    
12:46:34.469  DEBUG   [client]  <- read  st2mot     ret=0  data=['0xe8', '0x03']
12:46:34.665  DEBUG   [client]  -> read  st2mot    
12:46:34.669  DEBUG   [client]  <- read  st2mot     ret=0  data=['0xe8', '0x03']
12:46:34.865  DEBUG   [client]  -> read  st2mot    
12:46:34.869  DEBUG   [client]  <- read  st2mot     ret=0  data=['0xe8', '0x03']
12:46:34.871  DEBUG   [client]  -> read  st0cur    
12:46:34.875  DEBUG   [client]  <- read  st0cur     ret=0  data=['0xf5', '0x01', '0xf5', '0x01']
12:46:34.933  DEBUG   [poll]    -> read  st2mot    
12:46:34.936  DEBUG   [poll]    <- read  st2mot     ret=0  data=['0xcf', '0x03']
12:46:34.937  DEBUG   [poll]    -> read  st0cur    
12:46:34.941  DEBUG   [poll]    <- read  st0cur     ret=0  data=['0xf5', '0x01', '0xf5', '0x01']
12:46:35.065  DEBUG   [client]  -> read  st2mot    
12:46:35.068  DEBUG   [client]  <- read  st2mot     ret=0  data=['0x01', '0x04']
12:46:35.265  DEBUG   [client]  -> read  st2mot    
12:46:35.268  DEBUG   [client]  <- read  st2mot     ret=0  data=['0xcf', '0x03']
12:46:35.465  DEBUG   [client]  -> read  st2mot    
12:46:35.468  DEBUG   [client]  <- read  st2mot     ret=0  data=['0xe8', '0x03']
12:46:35.665  DEBUG   [client]  -> read  st2mot    
12:46:35.668  DEBUG   [client]  <- read  st2mot     ret=0  data=['0xe8', '0x03']
12:46:35.865  DEBUG   [client]  -> read  st2mot    
12:46:35.868  DEBUG   [client]  <- read  st2mot     ret=0  data=['0xe8', '0x03']
12:46:35.870  DEBUG   [client]  -> read  st0cur    
12:46:35.874  DEBUG   [client]  <- read  st0cur     ret=0  data=['0xf7', '0x01', '0xf6', '0x01']
12:46:35.942  DEBUG   [poll]    -> read  st2mot    
12:46:35.946  DEBUG   [poll]    <- read  st2mot     ret=0  data=['0xe8', '0x03']
12:46:35.946  DEBUG   [poll]    -> read  st0cur    
12:46:35.950  DEBUG   [poll]    <- read  st0cur     ret=0  data=['0xf7', '0x01', '0xf6', '0x01']
12:46:36.065  DEBUG   [client]  -> read  st2mot    
12:46:36.068  DEBUG   [client]  <- read  st2mot     ret=0  data=['0xe8', '0x03']
12:46:36.265  DEBUG   [client]  -> read  st2mot    
12:46:36.268  DEBUG   [client]  <- read  st2mot     ret=0  data=['0x01', '0x04']
12:46:36.465  DEBUG   [client]  -> read  st2mot    
12:46:36.468  DEBUG   [client]  <- read  st2mot     ret=0  data=['0xe8', '0x03']
12:46:36.665  DEBUG   [client]  -> read  st2mot    
12:46:36.668  DEBUG   [client]  <- read  st2mot     ret=0  data=['0xe8', '0x03']
12:46:36.670  DEBUG   [client]  -> write cntl3mot   data=['0x03', '0x20']
12:46:36.925  DEBUG   [client]  -> write cntl3mot   data=['0x02', '0x58']
12:46:36.952  DEBUG   [poll]    -> read  st2mot    
12:46:36.956  DEBUG   [poll]    <- read  st2mot     ret=0  data=['0xee', '0x02']
12:46:36.956  DEBUG   [poll]    -> read  st0cur    
12:46:36.962  DEBUG   [poll]    <- read  st0cur     ret=0  data=['0xf5', '0x01', '0xf6', '0x01']
12:46:37.181  DEBUG   [client]  -> write cntl3mot   data=['0x01', '0x90']
12:46:37.437  DEBUG   [client]  -> write cntl3mot   data=['0x00', '0xc8']
12:46:37.692  DEBUG   [client]  -> write cntl3mot   data=['0x00', '0x00']
12:46:37.697  WARNING client disconnected — stopping motor
12:46:37.697  DEBUG   [client]  -> write cntl3mot   data=['0x00', '0x00']
12:46:37.701  INFO    client disconnected
12:46:37.963  DEBUG   [poll]    -> read  st2mot    
12:46:37.966  DEBUG   [poll]    <- read  st2mot     ret=0  data=['0x00', '0x00']
12:46:37.967  DEBUG   [poll]    -> read  st0cur    
12:46:37.971  DEBUG   [poll]    <- read  st0cur     ret=0  data=['0xf7', '0x01', '0xfa', '0x01']
12:46:37.971  WARNING *** OBSERVED STALL SIGNATURE (not acted on yet) — current=-0.44A while rpm=0 ***
12:46:38.972  DEBUG   [poll]    -> read  st2mot    
12:46:38.976  DEBUG   [poll]    <- read  st2mot     ret=0  data=['0x00', '0x00']
12:46:38.976  DEBUG   [poll]    -> read  st0cur    
12:46:38.981  DEBUG   [poll]    <- read  st0cur     ret=0  data=['0xfc', '0x01', '0x00', '0x02']
12:46:38.981  WARNING *** OBSERVED STALL SIGNATURE (not acted on yet) — current=-0.20A while rpm=0 ***
12:46:39.983  DEBUG   [poll]    -> read  st2mot    
12:46:39.986  DEBUG   [poll]    <- read  st2mot     ret=0  data=['0x00', '0x00']
12:46:39.987  DEBUG   [poll]    -> read  st0cur    
12:46:39.991  DEBUG   [poll]    <- read  st0cur     ret=0  data=['0xfe', '0x01', '0x01', '0x02']
12:46:40.992  DEBUG   [poll]    -> read  st2mot    
12:46:40.996  DEBUG   [poll]    <- read  st2mot     ret=0  data=['0x00', '0x00']
12:46:40.996  DEBUG   [poll]    -> read  st0cur    
12:46:41.000  DEBUG   [poll]    <- read  st0cur     ret=0  data=['0xfe', '0x01', '0x01', '0x02']
12:46:42.002  DEBUG   [poll]    -> read  st2mot    
12:46:42.005  DEBUG   [poll]    <- read  st2mot     ret=0  data=['0x00', '0x00']
12:46:42.006  DEBUG   [poll]    -> read  st0cur    
12:46:42.010  DEBUG   [poll]    <- read  st0cur     ret=0  data=['0xfe', '0x01', '0x01', '0x02']
12:46:43.011  DEBUG   [poll]    -> read  st2mot    
12:46:43.019  DEBUG   [poll]    <- read  st2mot     ret=0  data=['0x00', '0x00']
12:46:43.019  DEBUG   [poll]    -> read  st0cur    
12:46:43.023  DEBUG   [poll]    <- read  st0cur     ret=0  data=['0xfe', '0x01', '0x01', '0x02']
12:46:44.025  DEBUG   [poll]    -> read  st2mot    
12:46:44.028  DEBUG   [poll]    <- read  st2mot     ret=0  data=['0x00', '0x00']
12:46:44.029  DEBUG   [poll]    -> read  st0cur    
12:46:44.033  DEBUG   [poll]    <- read  st0cur     ret=0  data=['0xfe', '0x01', '0x01', '0x02']
12:46:44.916  INFO    client connected
12:46:44.916  DEBUG   [client]  -> write cntl0mot   data=['0x0a', '0x03']
12:46:44.920  DEBUG   [client]  -> write cntl3mot   data=['0x00', '0x00']
12:46:44.924  DEBUG   [client]  -> write cntl3mot   data=['0x03', '0xe8']
12:46:44.927  DEBUG   [client]  -> read  st2mot    
12:46:44.930  DEBUG   [client]  <- read  st2mot     ret=0  data=['0x00', '0x00']
12:46:44.931  DEBUG   [client]  -> read  st0cur    
12:46:44.939  DEBUG   [client]  <- read  st0cur     ret=0  data=['0xfe', '0x01', '0x01', '0x02']
12:46:45.034  DEBUG   [poll]    -> read  st2mot    
12:46:45.038  DEBUG   [poll]    <- read  st2mot     ret=0  data=['0x00', '0x00']
12:46:45.038  DEBUG   [poll]    -> read  st0cur    
12:46:45.042  DEBUG   [poll]    <- read  st0cur     ret=0  data=['0xfe', '0x01', '0x01', '0x02']
12:46:45.128  DEBUG   [client]  -> read  st2mot    
12:46:45.130  DEBUG   [client]  <- read  st2mot     ret=0  data=['0x3f', '0x02']
12:46:45.328  DEBUG   [client]  -> read  st2mot    
12:46:45.331  DEBUG   [client]  <- read  st2mot     ret=0  data=['0x20', '0x03']
12:46:45.528  DEBUG   [client]  -> read  st2mot    
12:46:45.531  DEBUG   [client]  <- read  st2mot     ret=0  data=['0x8a', '0x02']
12:46:45.728  DEBUG   [client]  -> read  st2mot    
12:46:45.731  DEBUG   [client]  <- read  st2mot     ret=0  data=['0xb6', '0x03']
12:46:45.928  DEBUG   [client]  -> read  st2mot    
12:46:45.932  DEBUG   [client]  <- read  st2mot     ret=0  data=['0xee', '0x02']
12:46:45.933  DEBUG   [client]  -> read  st0cur    
12:46:45.938  DEBUG   [client]  <- read  st0cur     ret=0  data=['0xfa', '0x01', '0xfd', '0x01']
12:46:46.043  DEBUG   [poll]    -> read  st2mot    
12:46:46.046  DEBUG   [poll]    <- read  st2mot     ret=0  data=['0x39', '0x03']
12:46:46.047  DEBUG   [poll]    -> read  st0cur    
12:46:46.051  DEBUG   [poll]    <- read  st0cur     ret=0  data=['0xfa', '0x01', '0xfd', '0x01']
12:46:46.128  DEBUG   [client]  -> read  st2mot    
12:46:46.131  DEBUG   [client]  <- read  st2mot     ret=0  data=['0xb6', '0x03']
12:46:46.328  DEBUG   [client]  -> read  st2mot    
12:46:46.331  DEBUG   [client]  <- read  st2mot     ret=0  data=['0x6b', '0x03']
12:46:46.528  DEBUG   [client]  -> read  st2mot    
12:46:46.531  DEBUG   [client]  <- read  st2mot     ret=0  data=['0xcf', '0x03']
12:46:46.728  DEBUG   [client]  -> read  st2mot    
12:46:46.731  DEBUG   [client]  <- read  st2mot     ret=0  data=['0x84', '0x03']
12:46:46.928  DEBUG   [client]  -> read  st2mot    
12:46:46.931  DEBUG   [client]  <- read  st2mot     ret=0  data=['0xcf', '0x03']
12:46:46.933  DEBUG   [client]  -> read  st0cur    
12:46:46.937  DEBUG   [client]  <- read  st0cur     ret=0  data=['0xf6', '0x01', '0xf4', '0x01']
12:46:47.052  DEBUG   [poll]    -> read  st2mot    
12:46:47.056  DEBUG   [poll]    <- read  st2mot     ret=0  data=['0xcf', '0x03']
12:46:47.056  DEBUG   [poll]    -> read  st0cur    
12:46:47.061  DEBUG   [poll]    <- read  st0cur     ret=0  data=['0xf6', '0x01', '0xf4', '0x01']
12:46:47.128  DEBUG   [client]  -> read  st2mot    
12:46:47.131  DEBUG   [client]  <- read  st2mot     ret=0  data=['0xb6', '0x03']
12:46:47.328  DEBUG   [client]  -> read  st2mot    
12:46:47.331  DEBUG   [client]  <- read  st2mot     ret=0  data=['0xe8', '0x03']
12:46:47.528  DEBUG   [client]  -> read  st2mot    
12:46:47.531  DEBUG   [client]  <- read  st2mot     ret=0  data=['0xcf', '0x03']
12:46:47.728  DEBUG   [client]  -> read  st2mot    
12:46:47.731  DEBUG   [client]  <- read  st2mot     ret=0  data=['0x01', '0x04']
12:46:47.928  DEBUG   [client]  -> read  st2mot    
12:46:47.931  DEBUG   [client]  <- read  st2mot     ret=0  data=['0xb6', '0x03']
12:46:47.933  DEBUG   [client]  -> read  st0cur    
12:46:47.937  DEBUG   [client]  <- read  st0cur     ret=0  data=['0xf4', '0x01', '0xf5', '0x01']
12:46:48.062  DEBUG   [poll]    -> read  st2mot    
12:46:48.066  DEBUG   [poll]    <- read  st2mot     ret=0  data=['0xe8', '0x03']
12:46:48.068  DEBUG   [poll]    -> read  st0cur    
12:46:48.073  DEBUG   [poll]    <- read  st0cur     ret=0  data=['0xf4', '0x01', '0xf5', '0x01']
12:46:48.128  DEBUG   [client]  -> read  st2mot    
12:46:48.131  DEBUG   [client]  <- read  st2mot     ret=0  data=['0x01', '0x04']
12:46:48.328  DEBUG   [client]  -> read  st2mot    
12:46:48.331  DEBUG   [client]  <- read  st2mot     ret=0  data=['0xcf', '0x03']
12:46:48.528  DEBUG   [client]  -> read  st2mot    
12:46:48.531  DEBUG   [client]  <- read  st2mot     ret=0  data=['0x01', '0x04']
12:46:48.728  DEBUG   [client]  -> read  st2mot    
12:46:48.731  DEBUG   [client]  <- read  st2mot     ret=0  data=['0xb6', '0x03']
12:46:48.928  DEBUG   [client]  -> read  st2mot    
12:46:48.931  DEBUG   [client]  <- read  st2mot     ret=0  data=['0xe8', '0x03']
12:46:48.933  DEBUG   [client]  -> read  st0cur    
12:46:48.938  DEBUG   [client]  <- read  st0cur     ret=0  data=['0xf7', '0x01', '0xf7', '0x01']
12:46:49.074  DEBUG   [poll]    -> read  st2mot    
12:46:49.078  DEBUG   [poll]    <- read  st2mot     ret=0  data=['0xb6', '0x03']
12:46:49.078  DEBUG   [poll]    -> read  st0cur    
12:46:49.082  DEBUG   [poll]    <- read  st0cur     ret=0  data=['0xf7', '0x01', '0xf7', '0x01']
12:46:49.128  DEBUG   [client]  -> read  st2mot    
12:46:49.131  DEBUG   [client]  <- read  st2mot     ret=0  data=['0x01', '0x04']
12:46:49.328  DEBUG   [client]  -> read  st2mot    
12:46:49.331  DEBUG   [client]  <- read  st2mot     ret=0  data=['0xcf', '0x03']
12:46:49.528  DEBUG   [client]  -> read  st2mot    
12:46:49.531  DEBUG   [client]  <- read  st2mot     ret=0  data=['0xe8', '0x03']
12:46:49.728  DEBUG   [client]  -> read  st2mot    
12:46:49.731  DEBUG   [client]  <- read  st2mot     ret=0  data=['0xe8', '0x03']
12:46:49.928  DEBUG   [client]  -> read  st2mot    
12:46:49.931  DEBUG   [client]  <- read  st2mot     ret=0  data=['0xcf', '0x03']
12:46:49.933  DEBUG   [client]  -> read  st0cur    
12:46:49.937  DEBUG   [client]  <- read  st0cur     ret=0  data=['0xf6', '0x01', '0xf5', '0x01']
12:46:50.084  DEBUG   [poll]    -> read  st2mot    
12:46:50.087  DEBUG   [poll]    <- read  st2mot     ret=0  data=['0x01', '0x04']
12:46:50.088  DEBUG   [poll]    -> read  st0cur    
12:46:50.092  DEBUG   [poll]    <- read  st0cur     ret=0  data=['0xf6', '0x01', '0xf5', '0x01']
12:46:50.128  DEBUG   [client]  -> read  st2mot    
12:46:50.131  DEBUG   [client]  <- read  st2mot     ret=0  data=['0x01', '0x04']
12:46:50.328  DEBUG   [client]  -> read  st2mot    
12:46:50.331  DEBUG   [client]  <- read  st2mot     ret=0  data=['0xe8', '0x03']
12:46:50.528  DEBUG   [client]  -> read  st2mot    
12:46:50.531  DEBUG   [client]  <- read  st2mot     ret=0  data=['0xe8', '0x03']
12:46:50.728  DEBUG   [client]  -> read  st2mot    
12:46:50.731  DEBUG   [client]  <- read  st2mot     ret=0  data=['0xcf', '0x03']
12:46:50.928  DEBUG   [client]  -> read  st2mot    
12:46:50.931  DEBUG   [client]  <- read  st2mot     ret=0  data=['0x1a', '0x04']
12:46:50.933  DEBUG   [client]  -> read  st0cur    
12:46:50.937  DEBUG   [client]  <- read  st0cur     ret=0  data=['0xf6', '0x01', '0xf8', '0x01']
12:46:51.094  DEBUG   [poll]    -> read  st2mot    
12:46:51.097  DEBUG   [poll]    <- read  st2mot     ret=0  data=['0xcf', '0x03']
12:46:51.097  DEBUG   [poll]    -> read  st0cur    
12:46:51.102  DEBUG   [poll]    <- read  st0cur     ret=0  data=['0xf6', '0x01', '0xf8', '0x01']
12:46:51.128  DEBUG   [client]  -> read  st2mot    
12:46:51.131  DEBUG   [client]  <- read  st2mot     ret=0  data=['0xcf', '0x03']
12:46:51.328  DEBUG   [client]  -> read  st2mot    
12:46:51.331  DEBUG   [client]  <- read  st2mot     ret=0  data=['0xe8', '0x03']
12:46:51.528  DEBUG   [client]  -> read  st2mot    
12:46:51.531  DEBUG   [client]  <- read  st2mot     ret=0  data=['0xe8', '0x03']
12:46:51.728  DEBUG   [client]  -> read  st2mot    
12:46:51.731  DEBUG   [client]  <- read  st2mot     ret=0  data=['0xe8', '0x03']
12:46:51.733  DEBUG   [client]  -> write cntl3mot   data=['0x03', '0x20']
12:46:51.989  DEBUG   [client]  -> write cntl3mot   data=['0x02', '0x58']
12:46:52.103  DEBUG   [poll]    -> read  st2mot    
12:46:52.107  DEBUG   [poll]    <- read  st2mot     ret=0  data=['0x8a', '0x02']
12:46:52.107  DEBUG   [poll]    -> read  st0cur    
12:46:52.111  DEBUG   [poll]    <- read  st0cur     ret=0  data=['0xf5', '0x01', '0xf7', '0x01']
12:46:52.244  DEBUG   [client]  -> write cntl3mot   data=['0x01', '0x90']
12:46:52.500  DEBUG   [client]  -> write cntl3mot   data=['0x00', '0xc8']
12:46:52.755  DEBUG   [client]  -> write cntl3mot   data=['0x00', '0x00']
12:46:52.760  WARNING client disconnected — stopping motor
12:46:52.760  DEBUG   [client]  -> write cntl3mot   data=['0x00', '0x00']
12:46:52.765  INFO    client disconnected
12:46:53.113  DEBUG   [poll]    -> read  st2mot    
12:46:53.116  DEBUG   [poll]    <- read  st2mot     ret=0  data=['0x00', '0x00']
12:46:53.116  DEBUG   [poll]    -> read  st0cur    
12:46:53.121  DEBUG   [poll]    <- read  st0cur     ret=0  data=['0xf6', '0x01', '0xf9', '0x01']
12:46:53.121  WARNING *** OBSERVED STALL SIGNATURE (not acted on yet) — current=-0.49A while rpm=0 ***
12:46:54.123  DEBUG   [poll]    -> read  st2mot    
12:46:54.126  DEBUG   [poll]    <- read  st2mot     ret=0  data=['0x00', '0x00']
12:46:54.126  DEBUG   [poll]    -> read  st0cur    
12:46:54.131  DEBUG   [poll]    <- read  st0cur     ret=0  data=['0xfd', '0x01', '0x00', '0x02']
12:46:55.132  DEBUG   [poll]    -> read  st2mot    
12:46:55.136  DEBUG   [poll]    <- read  st2mot     ret=0  data=['0x00', '0x00']
12:46:55.136  DEBUG   [poll]    -> read  st0cur    
12:46:55.140  DEBUG   [poll]    <- read  st0cur     ret=0  data=['0xfd', '0x01', '0x01', '0x02']
12:46:56.142  DEBUG   [poll]    -> read  st2mot    
12:46:56.145  DEBUG   [poll]    <- read  st2mot     ret=0  data=['0x00', '0x00']
12:46:56.146  DEBUG   [poll]    -> read  st0cur    
12:46:56.150  DEBUG   [poll]    <- read  st0cur     ret=0  data=['0xfe', '0x01', '0x01', '0x02']
12:46:57.151  DEBUG   [poll]    -> read  st2mot    
12:46:57.155  DEBUG   [poll]    <- read  st2mot     ret=0  data=['0x00', '0x00']
12:46:57.155  DEBUG   [poll]    -> read  st0cur    
12:46:57.160  DEBUG   [poll]    <- read  st0cur     ret=0  data=['0xfe', '0x01', '0x01', '0x02']
12:46:58.161  DEBUG   [poll]    -> read  st2mot    
12:46:58.168  DEBUG   [poll]    <- read  st2mot     ret=0  data=['0x00', '0x00']
12:46:58.169  DEBUG   [poll]    -> read  st0cur    
12:46:58.173  DEBUG   [poll]    <- read  st0cur     ret=0  data=['0xfe', '0x01', '0x01', '0x02']
12:46:59.174  DEBUG   [poll]    -> read  st2mot    
12:46:59.178  DEBUG   [poll]    <- read  st2mot     ret=0  data=['0x00', '0x00']
12:46:59.178  DEBUG   [poll]    -> read  st0cur    
12:46:59.182  DEBUG   [poll]    <- read  st0cur     ret=0  data=['0xfe', '0x01', '0x01', '0x02']
12:47:00.184  DEBUG   [poll]    -> read  st2mot    
12:47:00.187  DEBUG   [poll]    <- read  st2mot     ret=0  data=['0x00', '0x00']
12:47:00.188  DEBUG   [poll]    -> read  st0cur    
12:47:00.192  DEBUG   [poll]    <- read  st0cur     ret=0  data=['0xfe', '0x01', '0x01', '0x02']
12:47:01.193  DEBUG   [poll]    -> read  st2mot    
12:47:01.197  DEBUG   [poll]    <- read  st2mot     ret=0  data=['0x00', '0x00']
12:47:01.197  DEBUG   [poll]    -> read  st0cur    
12:47:01.201  DEBUG   [poll]    <- read  st0cur     ret=0  data=['0xfe', '0x01', '0x01', '0x02']
12:47:02.203  DEBUG   [poll]    -> read  st2mot    
12:47:02.206  DEBUG   [poll]    <- read  st2mot     ret=0  data=['0x00', '0x00']
12:47:02.207  DEBUG   [poll]    -> read  st0cur    
12:47:02.211  DEBUG   [poll]    <- read  st0cur     ret=0  data=['0xfe', '0x01', '0x00', '0x02']
12:47:03.212  DEBUG   [poll]    -> read  st2mot    
12:47:03.219  DEBUG   [poll]    <- read  st2mot     ret=0  data=['0x00', '0x00']
12:47:03.220  DEBUG   [poll]    -> read  st0cur    
12:47:03.224  DEBUG   [poll]    <- read  st0cur     ret=0  data=['0xfe', '0x01', '0x01', '0x02']
12:47:04.225  DEBUG   [poll]    -> read  st2mot    
12:47:04.229  DEBUG   [poll]    <- read  st2mot     ret=0  data=['0x00', '0x00']
12:47:04.229  DEBUG   [poll]    -> read  st0cur    
12:47:04.234  DEBUG   [poll]    <- read  st0cur     ret=0  data=['0xfe', '0x01', '0x00', '0x02']
12:47:05.235  DEBUG   [poll]    -> read  st2mot    
12:47:05.238  DEBUG   [poll]    <- read  st2mot     ret=0  data=['0x00', '0x00']
12:47:05.239  DEBUG   [poll]    -> read  st0cur    
12:47:05.243  DEBUG   [poll]    <- read  st0cur     ret=0  data=['0xfe', '0x01', '0x01', '0x02']
12:47:06.245  DEBUG   [poll]    -> read  st2mot    
12:47:06.248  DEBUG   [poll]    <- read  st2mot     ret=0  data=['0x00', '0x00']
12:47:06.248  DEBUG   [poll]    -> read  st0cur    
12:47:06.253  DEBUG   [poll]    <- read  st0cur     ret=0  data=['0xfe', '0x01', '0x01', '0x02']
12:47:07.254  DEBUG   [poll]    -> read  st2mot    
12:47:07.257  DEBUG   [poll]    <- read  st2mot     ret=0  data=['0x00', '0x00']
12:47:07.258  DEBUG   [poll]    -> read  st0cur    
12:47:07.262  DEBUG   [poll]    <- read  st0cur     ret=0  data=['0xfe', '0x01', '0x01', '0x02']
12:47:08.264  DEBUG   [poll]    -> read  st2mot    
12:47:08.271  DEBUG   [poll]    <- read  st2mot     ret=0  data=['0x00', '0x00']
12:47:08.271  DEBUG   [poll]    -> read  st0cur    
12:47:08.276  DEBUG   [poll]    <- read  st0cur     ret=0  data=['0xfe', '0x01', '0x00', '0x02']
12:47:09.277  DEBUG   [poll]    -> read  st2mot    
12:47:09.281  DEBUG   [poll]    <- read  st2mot     ret=0  data=['0x00', '0x00']
12:47:09.281  DEBUG   [poll]    -> read  st0cur    
12:47:09.285  DEBUG   [poll]    <- read  st0cur     ret=0  data=['0xfd', '0x01', '0x00', '0x02']
12:47:10.287  DEBUG   [poll]    -> read  st2mot    
12:47:10.290  DEBUG   [poll]    <- read  st2mot     ret=0  data=['0x00', '0x00']
12:47:10.290  DEBUG   [poll]    -> read  st0cur    
12:47:10.295  DEBUG   [poll]    <- read  st0cur     ret=0  data=['0xfe', '0x01', '0x01', '0x02']
12:47:11.296  DEBUG   [poll]    -> read  st2mot    
12:47:11.300  DEBUG   [poll]    <- read  st2mot     ret=0  data=['0x00', '0x00']
12:47:11.300  DEBUG   [poll]    -> read  st0cur    
12:47:11.304  DEBUG   [poll]    <- read  st0cur     ret=0  data=['0xfe', '0x01', '0x00', '0x02']
12:47:12.306  DEBUG   [poll]    -> read  st2mot    
12:47:12.309  DEBUG   [poll]    <- read  st2mot     ret=0  data=['0x00', '0x00']
12:47:12.309  DEBUG   [poll]    -> read  st0cur    
12:47:12.314  DEBUG   [poll]    <- read  st0cur     ret=0  data=['0xfd', '0x01', '0x00', '0x02']
12:47:13.315  DEBUG   [poll]    -> read  st2mot    
12:47:13.322  DEBUG   [poll]    <- read  st2mot     ret=0  data=['0x00', '0x00']
12:47:13.322  DEBUG   [poll]    -> read  st0cur    
12:47:13.327  DEBUG   [poll]    <- read  st0cur     ret=0  data=['0xfd', '0x01', '0x00', '0x02']
12:47:14.328  DEBUG   [poll]    -> read  st2mot    
12:47:14.332  DEBUG   [poll]    <- read  st2mot     ret=0  data=['0x00', '0x00']
12:47:14.332  DEBUG   [poll]    -> read  st0cur    
12:47:14.336  DEBUG   [poll]    <- read  st0cur     ret=0  data=['0xfd', '0x01', '0x00', '0x02']
12:47:15.338  DEBUG   [poll]    -> read  st2mot    
12:47:15.341  DEBUG   [poll]    <- read  st2mot     ret=0  data=['0x00', '0x00']
12:47:15.342  DEBUG   [poll]    -> read  st0cur    
12:47:15.346  DEBUG   [poll]    <- read  st0cur     ret=0  data=['0xfd', '0x01', '0x01', '0x02']
12:47:16.348  DEBUG   [poll]    -> read  st2mot    
12:47:16.351  DEBUG   [poll]    <- read  st2mot     ret=0  data=['0x00', '0x00']
12:47:16.351  DEBUG   [poll]    -> read  st0cur    
12:47:16.356  DEBUG   [poll]    <- read  st0cur     ret=0  data=['0xfe', '0x01', '0x01', '0x02']
12:47:17.357  DEBUG   [poll]    -> read  st2mot    
12:47:17.360  DEBUG   [poll]    <- read  st2mot     ret=0  data=['0x00', '0x00']
12:47:17.361  DEBUG   [poll]    -> read  st0cur    
12:47:17.365  DEBUG   [poll]    <- read  st0cur     ret=0  data=['0xfe', '0x01', '0x01', '0x02']
12:47:18.367  DEBUG   [poll]    -> read  st2mot    
12:47:18.374  DEBUG   [poll]    <- read  st2mot     ret=0  data=['0x00', '0x00']
12:47:18.375  DEBUG   [poll]    -> read  st0cur    
12:47:18.379  DEBUG   [poll]    <- read  st0cur     ret=0  data=['0xfe', '0x01', '0x01', '0x02']
12:47:19.380  DEBUG   [poll]    -> read  st2mot    
12:47:19.384  DEBUG   [poll]    <- read  st2mot     ret=0  data=['0x00', '0x00']
12:47:19.384  DEBUG   [poll]    -> read  st0cur    
12:47:19.388  DEBUG   [poll]    <- read  st0cur     ret=0  data=['0xfe', '0x01', '0x01', '0x02']
12:47:20.390  DEBUG   [poll]    -> read  st2mot    
12:47:20.393  DEBUG   [poll]    <- read  st2mot     ret=0  data=['0x00', '0x00']
12:47:20.394  DEBUG   [poll]    -> read  st0cur    
12:47:20.398  DEBUG   [poll]    <- read  st0cur     ret=0  data=['0xfe', '0x01', '0x01', '0x02']
12:47:21.399  DEBUG   [poll]    -> read  st2mot    
12:47:21.403  DEBUG   [poll]    <- read  st2mot     ret=0  data=['0x00', '0x00']
12:47:21.403  DEBUG   [poll]    -> read  st0cur    
12:47:21.407  DEBUG   [poll]    <- read  st0cur     ret=0  data=['0xfe', '0x01', '0x01', '0x02']
12:47:22.409  DEBUG   [poll]    -> read  st2mot    
12:47:22.412  DEBUG   [poll]    <- read  st2mot     ret=0  data=['0x00', '0x00']
12:47:22.413  DEBUG   [poll]    -> read  st0cur    
12:47:22.417  DEBUG   [poll]    <- read  st0cur     ret=0  data=['0xfe', '0x01', '0x01', '0x02']
12:47:23.418  DEBUG   [poll]    -> read  st2mot    
12:47:23.425  DEBUG   [poll]    <- read  st2mot     ret=0  data=['0x00', '0x00']
12:47:23.426  DEBUG   [poll]    -> read  st0cur    
12:47:23.430  DEBUG   [poll]    <- read  st0cur     ret=0  data=['0xfe', '0x01', '0x01', '0x02']
12:47:24.431  DEBUG   [poll]    -> read  st2mot    
12:47:24.435  DEBUG   [poll]    <- read  st2mot     ret=0  data=['0x00', '0x00']
12:47:24.435  DEBUG   [poll]    -> read  st0cur    
12:47:24.439  DEBUG   [poll]    <- read  st0cur     ret=0  data=['0xfe', '0x01', '0x01', '0x02']
12:47:25.441  DEBUG   [poll]    -> read  st2mot    
12:47:25.444  DEBUG   [poll]    <- read  st2mot     ret=0  data=['0x00', '0x00']
12:47:25.445  DEBUG   [poll]    -> read  st0cur    
12:47:25.449  DEBUG   [poll]    <- read  st0cur     ret=0  data=['0xfe', '0x01', '0x01', '0x02']
12:47:26.450  DEBUG   [poll]    -> read  st2mot    
12:47:26.454  DEBUG   [poll]    <- read  st2mot     ret=0  data=['0x00', '0x00']
12:47:26.454  DEBUG   [poll]    -> read  st0cur    
12:47:26.458  DEBUG   [poll]    <- read  st0cur     ret=0  data=['0xfe', '0x01', '0x01', '0x02']
12:47:27.460  DEBUG   [poll]    -> read  st2mot    
12:47:27.463  DEBUG   [poll]    <- read  st2mot     ret=0  data=['0x00', '0x00']
12:47:27.464  DEBUG   [poll]    -> read  st0cur    
12:47:27.468  DEBUG   [poll]    <- read  st0cur     ret=0  data=['0xfe', '0x01', '0x01', '0x02']
12:47:28.469  DEBUG   [poll]    -> read  st2mot    
12:47:28.476  DEBUG   [poll]    <- read  st2mot     ret=0  data=['0x00', '0x00']
12:47:28.477  DEBUG   [poll]    -> read  st0cur    
12:47:28.481  DEBUG   [poll]    <- read  st0cur     ret=0  data=['0xfe', '0x01', '0x01', '0x02']
12:47:29.483  DEBUG   [poll]    -> read  st2mot    
12:47:29.486  DEBUG   [poll]    <- read  st2mot     ret=0  data=['0x00', '0x00']
12:47:29.486  DEBUG   [poll]    -> read  st0cur    
12:47:29.491  DEBUG   [poll]    <- read  st0cur     ret=0  data=['0xfe', '0x01', '0x01', '0x02']
12:47:30.492  DEBUG   [poll]    -> read  st2mot    
12:47:30.496  DEBUG   [poll]    <- read  st2mot     ret=0  data=['0x00', '0x00']
12:47:30.496  DEBUG   [poll]    -> read  st0cur    
12:47:30.500  DEBUG   [poll]    <- read  st0cur     ret=0  data=['0xfe', '0x01', '0x01', '0x02']
12:47:31.502  DEBUG   [poll]    -> read  st2mot    
12:47:31.505  DEBUG   [poll]    <- read  st2mot     ret=0  data=['0x00', '0x00']
12:47:31.506  DEBUG   [poll]    -> read  st0cur    
12:47:31.510  DEBUG   [poll]    <- read  st0cur     ret=0  data=['0xfe', '0x01', '0x01', '0x02']
12:47:32.511  DEBUG   [poll]    -> read  st2mot    
12:47:32.515  DEBUG   [poll]    <- read  st2mot     ret=0  data=['0x00', '0x00']
12:47:32.515  DEBUG   [poll]    -> read  st0cur    
12:47:32.519  DEBUG   [poll]    <- read  st0cur     ret=0  data=['0xfe', '0x01', '0x01', '0x02']
12:47:33.521  DEBUG   [poll]    -> read  st2mot    
12:47:33.527  DEBUG   [poll]    <- read  st2mot     ret=0  data=['0x00', '0x00']
12:47:33.528  DEBUG   [poll]    -> read  st0cur    
12:47:33.532  DEBUG   [poll]    <- read  st0cur     ret=0  data=['0xfe', '0x01', '0x01', '0x02']
12:47:34.533  DEBUG   [poll]    -> read  st2mot    
12:47:34.537  DEBUG   [poll]    <- read  st2mot     ret=0  data=['0x00', '0x00']
12:47:34.537  DEBUG   [poll]    -> read  st0cur    
12:47:34.541  DEBUG   [poll]    <- read  st0cur     ret=0  data=['0xfe', '0x01', '0x01', '0x02']
12:47:35.543  DEBUG   [poll]    -> read  st2mot    
12:47:35.546  DEBUG   [poll]    <- read  st2mot     ret=0  data=['0x00', '0x00']
12:47:35.547  DEBUG   [poll]    -> read  st0cur    
12:47:35.551  DEBUG   [poll]    <- read  st0cur     ret=0  data=['0xfe', '0x01', '0x00', '0x02']
12:47:36.552  DEBUG   [poll]    -> read  st2mot    
12:47:36.556  DEBUG   [poll]    <- read  st2mot     ret=0  data=['0x00', '0x00']
12:47:36.556  DEBUG   [poll]    -> read  st0cur    
12:47:36.560  DEBUG   [poll]    <- read  st0cur     ret=0  data=['0xfe', '0x01', '0x01', '0x02']
12:47:37.562  DEBUG   [poll]    -> read  st2mot    
12:47:37.565  DEBUG   [poll]    <- read  st2mot     ret=0  data=['0x00', '0x00']
12:47:37.566  DEBUG   [poll]    -> read  st0cur    
12:47:37.570  DEBUG   [poll]    <- read  st0cur     ret=0  data=['0xfe', '0x01', '0x01', '0x02']
12:47:38.571  DEBUG   [poll]    -> read  st2mot    
12:47:38.578  DEBUG   [poll]    <- read  st2mot     ret=0  data=['0x00', '0x00']
12:47:38.578  DEBUG   [poll]    -> read  st0cur    
12:47:38.583  DEBUG   [poll]    <- read  st0cur     ret=0  data=['0xfe', '0x01', '0x01', '0x02']
12:47:39.584  DEBUG   [poll]    -> read  st2mot    
12:47:39.588  DEBUG   [poll]    <- read  st2mot     ret=0  data=['0x00', '0x00']
12:47:39.588  DEBUG   [poll]    -> read  st0cur    
12:47:39.592  DEBUG   [poll]    <- read  st0cur     ret=0  data=['0xfe', '0x01', '0x01', '0x02']
12:47:40.594  DEBUG   [poll]    -> read  st2mot    
12:47:40.597  DEBUG   [poll]    <- read  st2mot     ret=0  data=['0x00', '0x00']
12:47:40.597  DEBUG   [poll]    -> read  st0cur    
12:47:40.602  DEBUG   [poll]    <- read  st0cur     ret=0  data=['0xfe', '0x01', '0x01', '0x02']
12:47:41.603  DEBUG   [poll]    -> read  st2mot    
12:47:41.606  DEBUG   [poll]    <- read  st2mot     ret=0  data=['0x00', '0x00']
12:47:41.607  DEBUG   [poll]    -> read  st0cur    
12:47:41.611  DEBUG   [poll]    <- read  st0cur     ret=0  data=['0xfe', '0x01', '0x01', '0x02']
12:47:42.613  DEBUG   [poll]    -> read  st2mot    
12:47:42.616  DEBUG   [poll]    <- read  st2mot     ret=0  data=['0x00', '0x00']
12:47:42.616  DEBUG   [poll]    -> read  st0cur    
12:47:42.621  DEBUG   [poll]    <- read  st0cur     ret=0  data=['0xfe', '0x01', '0x01', '0x02']
12:47:43.622  DEBUG   [poll]    -> read  st2mot    
12:47:43.629  DEBUG   [poll]    <- read  st2mot     ret=0  data=['0x00', '0x00']
12:47:43.630  DEBUG   [poll]    -> read  st0cur    
12:47:43.634  DEBUG   [poll]    <- read  st0cur     ret=0  data=['0xfd', '0x01', '0x01', '0x02']
12:47:44.636  DEBUG   [poll]    -> read  st2mot    
12:47:44.639  DEBUG   [poll]    <- read  st2mot     ret=0  data=['0x00', '0x00']
12:47:44.639  DEBUG   [poll]    -> read  st0cur    
12:47:44.644  DEBUG   [poll]    <- read  st0cur     ret=0  data=['0xfe', '0x01', '0x01', '0x02']
12:47:45.645  DEBUG   [poll]    -> read  st2mot    
12:47:45.649  DEBUG   [poll]    <- read  st2mot     ret=0  data=['0x00', '0x00']
12:47:45.649  DEBUG   [poll]    -> read  st0cur    
12:47:45.653  DEBUG   [poll]    <- read  st0cur     ret=0  data=['0xfe', '0x01', '0x01', '0x02']
12:47:46.655  DEBUG   [poll]    -> read  st2mot    
12:47:46.658  DEBUG   [poll]    <- read  st2mot     ret=0  data=['0x00', '0x00']
12:47:46.658  DEBUG   [poll]    -> read  st0cur    
12:47:46.663  DEBUG   [poll]    <- read  st0cur     ret=0  data=['0xfe', '0x01', '0x01', '0x02']
12:47:47.664  DEBUG   [poll]    -> read  st2mot    
12:47:47.667  DEBUG   [poll]    <- read  st2mot     ret=0  data=['0x00', '0x00']
12:47:47.668  DEBUG   [poll]    -> read  st0cur    
12:47:47.672  DEBUG   [poll]    <- read  st0cur     ret=0  data=['0xfe', '0x01', '0x01', '0x02']
12:47:48.673  DEBUG   [poll]    -> read  st2mot    
12:47:48.680  DEBUG   [poll]    <- read  st2mot     ret=0  data=['0x00', '0x00']
12:47:48.680  DEBUG   [poll]    -> read  st0cur    
12:47:48.685  DEBUG   [poll]    <- read  st0cur     ret=0  data=['0xfe', '0x01', '0x00', '0x02']
12:47:49.686  DEBUG   [poll]    -> read  st2mot    
12:47:49.690  DEBUG   [poll]    <- read  st2mot     ret=0  data=['0x00', '0x00']
12:47:49.690  DEBUG   [poll]    -> read  st0cur    
12:47:49.694  DEBUG   [poll]    <- read  st0cur     ret=0  data=['0xfe', '0x01', '0x01', '0x02']
12:47:50.696  DEBUG   [poll]    -> read  st2mot    
12:47:50.699  DEBUG   [poll]    <- read  st2mot     ret=0  data=['0x00', '0x00']
12:47:50.699  DEBUG   [poll]    -> read  st0cur    
12:47:50.703  DEBUG   [poll]    <- read  st0cur     ret=0  data=['0xfe', '0x01', '0x01', '0x02']
12:47:51.705  DEBUG   [poll]    -> read  st2mot    
12:47:51.708  DEBUG   [poll]    <- read  st2mot     ret=0  data=['0x00', '0x00']
12:47:51.709  DEBUG   [poll]    -> read  st0cur    
12:47:51.713  DEBUG   [poll]    <- read  st0cur     ret=0  data=['0xfe', '0x01', '0x01', '0x02']
12:47:52.714  DEBUG   [poll]    -> read  st2mot    
12:47:52.718  DEBUG   [poll]    <- read  st2mot     ret=0  data=['0x00', '0x00']
12:47:52.718  DEBUG   [poll]    -> read  st0cur    
12:47:52.722  DEBUG   [poll]    <- read  st0cur     ret=0  data=['0xfe', '0x01', '0x01', '0x02']
12:47:53.724  DEBUG   [poll]    -> read  st2mot    
12:47:53.731  DEBUG   [poll]    <- read  st2mot     ret=0  data=['0x00', '0x00']
12:47:53.731  DEBUG   [poll]    -> read  st0cur    
12:47:53.735  DEBUG   [poll]    <- read  st0cur     ret=0  data=['0xfe', '0x01', '0x01', '0x02']
12:47:54.737  DEBUG   [poll]    -> read  st2mot    
12:47:54.740  DEBUG   [poll]    <- read  st2mot     ret=0  data=['0x00', '0x00']
12:47:54.741  DEBUG   [poll]    -> read  st0cur    
12:47:54.745  DEBUG   [poll]    <- read  st0cur     ret=0  data=['0xfe', '0x01', '0x01', '0x02']
12:47:55.746  DEBUG   [poll]    -> read  st2mot    
12:47:55.750  DEBUG   [poll]    <- read  st2mot     ret=0  data=['0x00', '0x00']
12:47:55.750  DEBUG   [poll]    -> read  st0cur    
12:47:55.754  DEBUG   [poll]    <- read  st0cur     ret=0  data=['0xfe', '0x01', '0x01', '0x02']
12:47:56.756  DEBUG   [poll]    -> read  st2mot    
12:47:56.759  DEBUG   [poll]    <- read  st2mot     ret=0  data=['0x00', '0x00']
12:47:56.760  DEBUG   [poll]    -> read  st0cur    
12:47:56.764  DEBUG   [poll]    <- read  st0cur     ret=0  data=['0xfe', '0x01', '0x01', '0x02']
12:47:57.766  DEBUG   [poll]    -> read  st2mot    
12:47:57.769  DEBUG   [poll]    <- read  st2mot     ret=0  data=['0x00', '0x00']
12:47:57.769  DEBUG   [poll]    -> read  st0cur    
12:47:57.774  DEBUG   [poll]    <- read  st0cur     ret=0  data=['0xfe', '0x01', '0x01', '0x02']
12:47:58.775  DEBUG   [poll]    -> read  st2mot    
12:47:58.782  DEBUG   [poll]    <- read  st2mot     ret=0  data=['0x00', '0x00']
12:47:58.782  DEBUG   [poll]    -> read  st0cur    
12:47:58.786  DEBUG   [poll]    <- read  st0cur     ret=0  data=['0xfe', '0x01', '0x01', '0x02']
12:47:59.788  DEBUG   [poll]    -> read  st2mot    
12:47:59.791  DEBUG   [poll]    <- read  st2mot     ret=0  data=['0x00', '0x00']
12:47:59.792  DEBUG   [poll]    -> read  st0cur    
12:47:59.796  DEBUG   [poll]    <- read  st0cur     ret=0  data=['0xfd', '0x01', '0x01', '0x02']
12:48:00.797  DEBUG   [poll]    -> read  st2mot    
12:48:00.801  DEBUG   [poll]    <- read  st2mot     ret=0  data=['0x00', '0x00']
12:48:00.801  DEBUG   [poll]    -> read  st0cur    
12:48:00.805  DEBUG   [poll]    <- read  st0cur     ret=0  data=['0xfd', '0x01', '0x00', '0x02']
12:48:01.807  DEBUG   [poll]    -> read  st2mot    
12:48:01.810  DEBUG   [poll]    <- read  st2mot     ret=0  data=['0x00', '0x00']
12:48:01.811  DEBUG   [poll]    -> read  st0cur    
12:48:01.815  DEBUG   [poll]    <- read  st0cur     ret=0  data=['0xfe', '0x01', '0x01', '0x02']
12:48:02.816  DEBUG   [poll]    -> read  st2mot    
12:48:02.820  DEBUG   [poll]    <- read  st2mot     ret=0  data=['0x00', '0x00']
12:48:02.820  DEBUG   [poll]    -> read  st0cur    
12:48:02.824  DEBUG   [poll]    <- read  st0cur     ret=0  data=['0xfe', '0x01', '0x01', '0x02']
12:48:03.826  DEBUG   [poll]    -> read  st2mot    
12:48:03.833  DEBUG   [poll]    <- read  st2mot     ret=0  data=['0x00', '0x00']
12:48:03.833  DEBUG   [poll]    -> read  st0cur    
12:48:03.838  DEBUG   [poll]    <- read  st0cur     ret=0  data=['0xfe', '0x01', '0x01', '0x02']
12:48:04.839  DEBUG   [poll]    -> read  st2mot    
12:48:04.843  DEBUG   [poll]    <- read  st2mot     ret=0  data=['0x00', '0x00']
12:48:04.843  DEBUG   [poll]    -> read  st0cur    
12:48:04.847  DEBUG   [poll]    <- read  st0cur     ret=0  data=['0xfe', '0x01', '0x01', '0x02']
12:48:05.849  DEBUG   [poll]    -> read  st2mot    
12:48:05.852  DEBUG   [poll]    <- read  st2mot     ret=0  data=['0x00', '0x00']
12:48:05.852  DEBUG   [poll]    -> read  st0cur    
12:48:05.857  DEBUG   [poll]    <- read  st0cur     ret=0  data=['0xfe', '0x01', '0x01', '0x02']
12:48:06.858  DEBUG   [poll]    -> read  st2mot    
12:48:06.861  DEBUG   [poll]    <- read  st2mot     ret=0  data=['0x00', '0x00']
12:48:06.862  DEBUG   [poll]    -> read  st0cur    
12:48:06.866  DEBUG   [poll]    <- read  st0cur     ret=0  data=['0xfe', '0x01', '0x01', '0x02']
12:48:07.867  DEBUG   [poll]    -> read  st2mot    
12:48:07.871  DEBUG   [poll]    <- read  st2mot     ret=0  data=['0x00', '0x00']
12:48:07.871  DEBUG   [poll]    -> read  st0cur    
12:48:07.875  DEBUG   [poll]    <- read  st0cur     ret=0  data=['0xfe', '0x01', '0x01', '0x02']
12:48:08.877  DEBUG   [poll]    -> read  st2mot    
12:48:08.884  DEBUG   [poll]    <- read  st2mot     ret=0  data=['0x00', '0x00']
12:48:08.884  DEBUG   [poll]    -> read  st0cur    
12:48:08.888  DEBUG   [poll]    <- read  st0cur     ret=0  data=['0xfe', '0x01', '0x01', '0x02']
12:48:09.890  DEBUG   [poll]    -> read  st2mot    
12:48:09.893  DEBUG   [poll]    <- read  st2mot     ret=0  data=['0x00', '0x00']
12:48:09.894  DEBUG   [poll]    -> read  st0cur    
12:48:09.898  DEBUG   [poll]    <- read  st0cur     ret=0  data=['0xfe', '0x01', '0x01', '0x02']
12:48:10.899  DEBUG   [poll]    -> read  st2mot    
12:48:10.903  DEBUG   [poll]    <- read  st2mot     ret=0  data=['0x00', '0x00']
12:48:10.903  DEBUG   [poll]    -> read  st0cur    
12:48:10.907  DEBUG   [poll]    <- read  st0cur     ret=0  data=['0xfe', '0x01', '0x01', '0x02']
12:48:11.909  DEBUG   [poll]    -> read  st2mot    
12:48:11.912  DEBUG   [poll]    <- read  st2mot     ret=0  data=['0x00', '0x00']
12:48:11.912  DEBUG   [poll]    -> read  st0cur    
12:48:11.917  DEBUG   [poll]    <- read  st0cur     ret=0  data=['0xfe', '0x01', '0x01', '0x02']
12:48:12.919  DEBUG   [poll]    -> read  st2mot    
12:48:12.922  DEBUG   [poll]    <- read  st2mot     ret=0  data=['0x00', '0x00']
12:48:12.922  DEBUG   [poll]    -> read  st0cur    
12:48:12.927  DEBUG   [poll]    <- read  st0cur     ret=0  data=['0xfe', '0x01', '0x01', '0x02']
12:48:13.928  DEBUG   [poll]    -> read  st2mot    
12:48:13.935  DEBUG   [poll]    <- read  st2mot     ret=0  data=['0x00', '0x00']
12:48:13.936  DEBUG   [poll]    -> read  st0cur    
12:48:13.940  DEBUG   [poll]    <- read  st0cur     ret=0  data=['0xfe', '0x01', '0x01', '0x02']
12:48:14.942  DEBUG   [poll]    -> read  st2mot    
12:48:14.945  DEBUG   [poll]    <- read  st2mot     ret=0  data=['0x00', '0x00']
12:48:14.946  DEBUG   [poll]    -> read  st0cur    
12:48:14.950  DEBUG   [poll]    <- read  st0cur     ret=0  data=['0xfe', '0x01', '0x01', '0x02']
12:48:15.951  DEBUG   [poll]    -> read  st2mot    
12:48:15.955  DEBUG   [poll]    <- read  st2mot     ret=0  data=['0x00', '0x00']
12:48:15.955  DEBUG   [poll]    -> read  st0cur    
12:48:15.959  DEBUG   [poll]    <- read  st0cur     ret=0  data=['0xfe', '0x01', '0x01', '0x02']
12:48:16.961  DEBUG   [poll]    -> read  st2mot    
12:48:16.964  DEBUG   [poll]    <- read  st2mot     ret=0  data=['0x00', '0x00']
12:48:16.965  DEBUG   [poll]    -> read  st0cur    
12:48:16.969  DEBUG   [poll]    <- read  st0cur     ret=0  data=['0xfe', '0x01', '0x01', '0x02']
12:48:17.970  DEBUG   [poll]    -> read  st2mot    
12:48:17.974  DEBUG   [poll]    <- read  st2mot     ret=0  data=['0x00', '0x00']
12:48:17.974  DEBUG   [poll]    -> read  st0cur    
12:48:17.978  DEBUG   [poll]    <- read  st0cur     ret=0  data=['0xfe', '0x01', '0x01', '0x02']
12:48:18.980  DEBUG   [poll]    -> read  st2mot    
12:48:18.987  DEBUG   [poll]    <- read  st2mot     ret=0  data=['0x00', '0x00']
12:48:18.987  DEBUG   [poll]    -> read  st0cur    
12:48:18.991  DEBUG   [poll]    <- read  st0cur     ret=0  data=['0xfe', '0x01', '0x01', '0x02']
12:48:19.993  DEBUG   [poll]    -> read  st2mot    
12:48:19.996  DEBUG   [poll]    <- read  st2mot     ret=0  data=['0x00', '0x00']
12:48:19.997  DEBUG   [poll]    -> read  st0cur    
12:48:20.001  DEBUG   [poll]    <- read  st0cur     ret=0  data=['0xfe', '0x01', '0x01', '0x02']
12:48:21.002  DEBUG   [poll]    -> read  st2mot    
12:48:21.006  DEBUG   [poll]    <- read  st2mot     ret=0  data=['0x00', '0x00']
12:48:21.006  DEBUG   [poll]    -> read  st0cur    
12:48:21.010  DEBUG   [poll]    <- read  st0cur     ret=0  data=['0xfe', '0x01', '0x01', '0x02']
12:48:22.012  DEBUG   [poll]    -> read  st2mot    
12:48:22.015  DEBUG   [poll]    <- read  st2mot     ret=0  data=['0x00', '0x00']
12:48:22.016  DEBUG   [poll]    -> read  st0cur    
12:48:22.020  DEBUG   [poll]    <- read  st0cur     ret=0  data=['0xfe', '0x01', '0x01', '0x02']
12:48:23.021  DEBUG   [poll]    -> read  st2mot    
12:48:23.025  DEBUG   [poll]    <- read  st2mot     ret=0  data=['0x00', '0x00']
12:48:23.025  DEBUG   [poll]    -> read  st0cur    
12:48:23.029  DEBUG   [poll]    <- read  st0cur     ret=0  data=['0xfe', '0x01', '0x01', '0x02']
12:48:24.031  DEBUG   [poll]    -> read  st2mot    
12:48:24.038  DEBUG   [poll]    <- read  st2mot     ret=0  data=['0x00', '0x00']
12:48:24.038  DEBUG   [poll]    -> read  st0cur    
12:48:24.042  DEBUG   [poll]    <- read  st0cur     ret=0  data=['0xfe', '0x01', '0x01', '0x02']
12:48:25.044  DEBUG   [poll]    -> read  st2mot    
12:48:25.047  DEBUG   [poll]    <- read  st2mot     ret=0  data=['0x00', '0x00']
12:48:25.047  DEBUG   [poll]    -> read  st0cur    
12:48:25.052  DEBUG   [poll]    <- read  st0cur     ret=0  data=['0xfe', '0x01', '0x01', '0x02']
12:48:26.053  DEBUG   [poll]    -> read  st2mot    
12:48:26.056  DEBUG   [poll]    <- read  st2mot     ret=0  data=['0x00', '0x00']
12:48:26.057  DEBUG   [poll]    -> read  st0cur    
12:48:26.061  DEBUG   [poll]    <- read  st0cur     ret=0  data=['0xfe', '0x01', '0x01', '0x02']
12:48:27.063  DEBUG   [poll]    -> read  st2mot    
12:48:27.066  DEBUG   [poll]    <- read  st2mot     ret=0  data=['0x00', '0x00']
12:48:27.066  DEBUG   [poll]    -> read  st0cur    
12:48:27.070  DEBUG   [poll]    <- read  st0cur     ret=0  data=['0xfe', '0x01', '0x01', '0x02']
12:48:28.072  DEBUG   [poll]    -> read  st2mot    
12:48:28.075  DEBUG   [poll]    <- read  st2mot     ret=0  data=['0x00', '0x00']
12:48:28.076  DEBUG   [poll]    -> read  st0cur    
12:48:28.080  DEBUG   [poll]    <- read  st0cur     ret=0  data=['0xfe', '0x01', '0x01', '0x02']
12:48:29.081  DEBUG   [poll]    -> read  st2mot    
12:48:29.084  DEBUG   [poll]    <- read  st2mot     ret=0  data=['0x00', '0x00']
12:48:29.085  DEBUG   [poll]    -> read  st0cur    
12:48:29.089  DEBUG   [poll]    <- read  st0cur     ret=0  data=['0xfe', '0x01', '0x01', '0x02']
12:48:30.090  DEBUG   [poll]    -> read  st2mot    
12:48:30.094  DEBUG   [poll]    <- read  st2mot     ret=0  data=['0x00', '0x00']
12:48:30.094  DEBUG   [poll]    -> read  st0cur    
12:48:30.098  DEBUG   [poll]    <- read  st0cur     ret=0  data=['0xfe', '0x01', '0x01', '0x02']
12:48:31.100  DEBUG   [poll]    -> read  st2mot    
12:48:31.103  DEBUG   [poll]    <- read  st2mot     ret=0  data=['0x00', '0x00']
12:48:31.104  DEBUG   [poll]    -> read  st0cur    
12:48:31.108  DEBUG   [poll]    <- read  st0cur     ret=0  data=['0xfe', '0x01', '0x01', '0x02']
12:48:32.109  DEBUG   [poll]    -> read  st2mot    
12:48:32.113  DEBUG   [poll]    <- read  st2mot     ret=0  data=['0x00', '0x00']
12:48:32.113  DEBUG   [poll]    -> read  st0cur    
12:48:32.117  DEBUG   [poll]    <- read  st0cur     ret=0  data=['0xfe', '0x01', '0x01', '0x02']
12:48:33.119  DEBUG   [poll]    -> read  st2mot    
12:48:33.122  DEBUG   [poll]    <- read  st2mot     ret=0  data=['0x00', '0x00']
12:48:33.122  DEBUG   [poll]    -> read  st0cur    
12:48:33.127  DEBUG   [poll]    <- read  st0cur     ret=0  data=['0xfe', '0x01', '0x01', '0x02']
12:48:34.128  DEBUG   [poll]    -> read  st2mot    
12:48:34.131  DEBUG   [poll]    <- read  st2mot     ret=0  data=['0x00', '0x00']
12:48:34.132  DEBUG   [poll]    -> read  st0cur    
12:48:34.136  DEBUG   [poll]    <- read  st0cur     ret=0  data=['0xfe', '0x01', '0x01', '0x02']
12:48:35.138  DEBUG   [poll]    -> read  st2mot    
12:48:35.141  DEBUG   [poll]    <- read  st2mot     ret=0  data=['0x00', '0x00']
12:48:35.141  DEBUG   [poll]    -> read  st0cur    
12:48:35.146  DEBUG   [poll]    <- read  st0cur     ret=0  data=['0xfe', '0x01', '0x01', '0x02']
12:48:36.147  DEBUG   [poll]    -> read  st2mot    
12:48:36.151  DEBUG   [poll]    <- read  st2mot     ret=0  data=['0x00', '0x00']
12:48:36.151  DEBUG   [poll]    -> read  st0cur    
12:48:36.155  DEBUG   [poll]    <- read  st0cur     ret=0  data=['0xfe', '0x01', '0x01', '0x02']
12:48:37.157  DEBUG   [poll]    -> read  st2mot    
12:48:37.160  DEBUG   [poll]    <- read  st2mot     ret=0  data=['0x00', '0x00']
12:48:37.160  DEBUG   [poll]    -> read  st0cur    
12:48:37.165  DEBUG   [poll]    <- read  st0cur     ret=0  data=['0xfe', '0x01', '0x01', '0x02']
12:48:38.166  DEBUG   [poll]    -> read  st2mot    
12:48:38.169  DEBUG   [poll]    <- read  st2mot     ret=0  data=['0x00', '0x00']
12:48:38.170  DEBUG   [poll]    -> read  st0cur    
12:48:38.174  DEBUG   [poll]    <- read  st0cur     ret=0  data=['0xfd', '0x01', '0x01', '0x02']
12:48:39.176  DEBUG   [poll]    -> read  st2mot    
12:48:39.182  DEBUG   [poll]    <- read  st2mot     ret=0  data=['0x00', '0x00']
12:48:39.183  DEBUG   [poll]    -> read  st0cur    
12:48:39.187  DEBUG   [poll]    <- read  st0cur     ret=0  data=['0xfe', '0x01', '0x01', '0x02']
12:48:40.188  DEBUG   [poll]    -> read  st2mot    
12:48:40.192  DEBUG   [poll]    <- read  st2mot     ret=0  data=['0x00', '0x00']
12:48:40.192  DEBUG   [poll]    -> read  st0cur    
12:48:40.196  DEBUG   [poll]    <- read  st0cur     ret=0  data=['0xfe', '0x01', '0x01', '0x02']
12:48:41.198  DEBUG   [poll]    -> read  st2mot    
12:48:41.201  DEBUG   [poll]    <- read  st2mot     ret=0  data=['0x00', '0x00']
12:48:41.202  DEBUG   [poll]    -> read  st0cur    
12:48:41.206  DEBUG   [poll]    <- read  st0cur     ret=0  data=['0xfe', '0x01', '0x01', '0x02']
12:48:42.207  DEBUG   [poll]    -> read  st2mot    
12:48:42.211  DEBUG   [poll]    <- read  st2mot     ret=0  data=['0x00', '0x00']
12:48:42.211  DEBUG   [poll]    -> read  st0cur    
12:48:42.215  DEBUG   [poll]    <- read  st0cur     ret=0  data=['0xfe', '0x01', '0x01', '0x02']
12:48:43.217  DEBUG   [poll]    -> read  st2mot    
12:48:43.220  DEBUG   [poll]    <- read  st2mot     ret=0  data=['0x00', '0x00']
12:48:43.220  DEBUG   [poll]    -> read  st0cur    
12:48:43.225  DEBUG   [poll]    <- read  st0cur     ret=0  data=['0xfe', '0x01', '0x01', '0x02']
12:48:44.226  DEBUG   [poll]    -> read  st2mot    
12:48:44.233  DEBUG   [poll]    <- read  st2mot     ret=0  data=['0x00', '0x00']
12:48:44.234  DEBUG   [poll]    -> read  st0cur    
12:48:44.238  DEBUG   [poll]    <- read  st0cur     ret=0  data=['0xfe', '0x01', '0x01', '0x02']
12:48:45.239  DEBUG   [poll]    -> read  st2mot    
12:48:45.243  DEBUG   [poll]    <- read  st2mot     ret=0  data=['0x00', '0x00']
12:48:45.243  DEBUG   [poll]    -> read  st0cur    
12:48:45.247  DEBUG   [poll]    <- read  st0cur     ret=0  data=['0xfe', '0x01', '0x01', '0x02']
12:48:46.249  DEBUG   [poll]    -> read  st2mot    
12:48:46.252  DEBUG   [poll]    <- read  st2mot     ret=0  data=['0x00', '0x00']
12:48:46.252  DEBUG   [poll]    -> read  st0cur    
12:48:46.257  DEBUG   [poll]    <- read  st0cur     ret=0  data=['0xfe', '0x01', '0x01', '0x02']
12:48:47.258  DEBUG   [poll]    -> read  st2mot    
12:48:47.261  DEBUG   [poll]    <- read  st2mot     ret=0  data=['0x00', '0x00']
12:48:47.262  DEBUG   [poll]    -> read  st0cur    
12:48:47.266  DEBUG   [poll]    <- read  st0cur     ret=0  data=['0xfe', '0x01', '0x01', '0x02']
12:48:48.268  DEBUG   [poll]    -> read  st2mot    
12:48:48.271  DEBUG   [poll]    <- read  st2mot     ret=0  data=['0x00', '0x00']
12:48:48.271  DEBUG   [poll]    -> read  st0cur    
12:48:48.276  DEBUG   [poll]    <- read  st0cur     ret=0  data=['0xfe', '0x01', '0x01', '0x02']
12:48:49.277  DEBUG   [poll]    -> read  st2mot    
12:48:49.284  DEBUG   [poll]    <- read  st2mot     ret=0  data=['0x00', '0x00']
12:48:49.284  DEBUG   [poll]    -> read  st0cur    
12:48:49.289  DEBUG   [poll]    <- read  st0cur     ret=0  data=['0xfe', '0x01', '0x01', '0x02']
12:48:50.290  DEBUG   [poll]    -> read  st2mot    
12:48:50.294  DEBUG   [poll]    <- read  st2mot     ret=0  data=['0x00', '0x00']
12:48:50.294  DEBUG   [poll]    -> read  st0cur    
12:48:50.298  DEBUG   [poll]    <- read  st0cur     ret=0  data=['0xfe', '0x01', '0x01', '0x02']
12:48:51.300  DEBUG   [poll]    -> read  st2mot    
12:48:51.303  DEBUG   [poll]    <- read  st2mot     ret=0  data=['0x00', '0x00']
12:48:51.303  DEBUG   [poll]    -> read  st0cur    
12:48:51.308  DEBUG   [poll]    <- read  st0cur     ret=0  data=['0xfe', '0x01', '0x01', '0x02']
12:48:52.309  DEBUG   [poll]    -> read  st2mot    
12:48:52.312  DEBUG   [poll]    <- read  st2mot     ret=0  data=['0x00', '0x00']
12:48:52.313  DEBUG   [poll]    -> read  st0cur    
12:48:52.317  DEBUG   [poll]    <- read  st0cur     ret=0  data=['0xfe', '0x01', '0x01', '0x02']
12:48:53.319  DEBUG   [poll]    -> read  st2mot    
12:48:53.322  DEBUG   [poll]    <- read  st2mot     ret=0  data=['0x00', '0x00']
12:48:53.322  DEBUG   [poll]    -> read  st0cur    
12:48:53.326  DEBUG   [poll]    <- read  st0cur     ret=0  data=['0xfe', '0x01', '0x01', '0x02']
12:48:54.328  DEBUG   [poll]    -> read  st2mot    
12:48:54.335  DEBUG   [poll]    <- read  st2mot     ret=0  data=['0x00', '0x00']
12:48:54.335  DEBUG   [poll]    -> read  st0cur    
12:48:54.339  DEBUG   [poll]    <- read  st0cur     ret=0  data=['0xfe', '0x01', '0x01', '0x02']
12:48:55.341  DEBUG   [poll]    -> read  st2mot    
12:48:55.344  DEBUG   [poll]    <- read  st2mot     ret=0  data=['0x00', '0x00']
12:48:55.345  DEBUG   [poll]    -> read  st0cur    
12:48:55.349  DEBUG   [poll]    <- read  st0cur     ret=0  data=['0xfe', '0x01', '0x01', '0x02']
12:48:56.350  DEBUG   [poll]    -> read  st2mot    
12:48:56.354  DEBUG   [poll]    <- read  st2mot     ret=0  data=['0x00', '0x00']
12:48:56.354  DEBUG   [poll]    -> read  st0cur    
12:48:56.358  DEBUG   [poll]    <- read  st0cur     ret=0  data=['0xfe', '0x01', '0x01', '0x02']
12:48:57.360  DEBUG   [poll]    -> read  st2mot    
12:48:57.363  DEBUG   [poll]    <- read  st2mot     ret=0  data=['0x00', '0x00']
12:48:57.364  DEBUG   [poll]    -> read  st0cur    
12:48:57.368  DEBUG   [poll]    <- read  st0cur     ret=0  data=['0xfe', '0x01', '0x01', '0x02']
12:48:58.369  DEBUG   [poll]    -> read  st2mot    
12:48:58.373  DEBUG   [poll]    <- read  st2mot     ret=0  data=['0x00', '0x00']
12:48:58.373  DEBUG   [poll]    -> read  st0cur    
12:48:58.377  DEBUG   [poll]    <- read  st0cur     ret=0  data=['0xfe', '0x01', '0x01', '0x02']
12:48:59.379  DEBUG   [poll]    -> read  st2mot    
12:48:59.393  DEBUG   [poll]    <- read  st2mot     ret=0  data=['0x00', '0x00']
12:48:59.393  DEBUG   [poll]    -> read  st0cur    
12:48:59.397  DEBUG   [poll]    <- read  st0cur     ret=0  data=['0xfe', '0x01', '0x01', '0x02']
12:49:00.399  DEBUG   [poll]    -> read  st2mot    
12:49:00.402  DEBUG   [poll]    <- read  st2mot     ret=0  data=['0x00', '0x00']
12:49:00.402  DEBUG   [poll]    -> read  st0cur    
12:49:00.407  DEBUG   [poll]    <- read  st0cur     ret=0  data=['0xfe', '0x01', '0x01', '0x02']
12:49:01.408  DEBUG   [poll]    -> read  st2mot    
12:49:01.412  DEBUG   [poll]    <- read  st2mot     ret=0  data=['0x00', '0x00']
12:49:01.412  DEBUG   [poll]    -> read  st0cur    
12:49:01.416  DEBUG   [poll]    <- read  st0cur     ret=0  data=['0xfe', '0x01', '0x01', '0x02']
12:49:02.418  DEBUG   [poll]    -> read  st2mot    
12:49:02.421  DEBUG   [poll]    <- read  st2mot     ret=0  data=['0x00', '0x00']
12:49:02.421  DEBUG   [poll]    -> read  st0cur    
12:49:02.426  DEBUG   [poll]    <- read  st0cur     ret=0  data=['0xfe', '0x01', '0x01', '0x02']
12:49:03.427  DEBUG   [poll]    -> read  st2mot    
12:49:03.431  DEBUG   [poll]    <- read  st2mot     ret=0  data=['0x00', '0x00']
12:49:03.431  DEBUG   [poll]    -> read  st0cur    
12:49:03.435  DEBUG   [poll]    <- read  st0cur     ret=0  data=['0xfe', '0x01', '0x01', '0x02']
12:49:04.437  DEBUG   [poll]    -> read  st2mot    
12:49:04.444  DEBUG   [poll]    <- read  st2mot     ret=0  data=['0x00', '0x00']
12:49:04.444  DEBUG   [poll]    -> read  st0cur    
12:49:04.448  DEBUG   [poll]    <- read  st0cur     ret=0  data=['0xfe', '0x01', '0x01', '0x02']
12:49:05.450  DEBUG   [poll]    -> read  st2mot    
12:49:05.453  DEBUG   [poll]    <- read  st2mot     ret=0  data=['0x00', '0x00']
12:49:05.454  DEBUG   [poll]    -> read  st0cur    
12:49:05.458  DEBUG   [poll]    <- read  st0cur     ret=0  data=['0xfe', '0x01', '0x01', '0x02']
12:49:06.459  DEBUG   [poll]    -> read  st2mot    
12:49:06.463  DEBUG   [poll]    <- read  st2mot     ret=0  data=['0x00', '0x00']
12:49:06.463  DEBUG   [poll]    -> read  st0cur    
12:49:06.467  DEBUG   [poll]    <- read  st0cur     ret=0  data=['0xfe', '0x01', '0x01', '0x02']
12:49:07.469  DEBUG   [poll]    -> read  st2mot    
12:49:07.472  DEBUG   [poll]    <- read  st2mot     ret=0  data=['0x00', '0x00']
12:49:07.473  DEBUG   [poll]    -> read  st0cur    
12:49:07.477  DEBUG   [poll]    <- read  st0cur     ret=0  data=['0xfe', '0x01', '0x01', '0x02']
12:49:08.478  DEBUG   [poll]    -> read  st2mot    
12:49:08.482  DEBUG   [poll]    <- read  st2mot     ret=0  data=['0x00', '0x00']
12:49:08.482  DEBUG   [poll]    -> read  st0cur    
12:49:08.486  DEBUG   [poll]    <- read  st0cur     ret=0  data=['0xfe', '0x01', '0x01', '0x02']
12:49:09.488  DEBUG   [poll]    -> read  st2mot    
12:49:09.495  DEBUG   [poll]    <- read  st2mot     ret=0  data=['0x00', '0x00']
12:49:09.495  DEBUG   [poll]    -> read  st0cur    
12:49:09.499  DEBUG   [poll]    <- read  st0cur     ret=0  data=['0xfe', '0x01', '0x01', '0x02']
12:49:10.501  DEBUG   [poll]    -> read  st2mot    
12:49:10.504  DEBUG   [poll]    <- read  st2mot     ret=0  data=['0x00', '0x00']
12:49:10.504  DEBUG   [poll]    -> read  st0cur    
12:49:10.509  DEBUG   [poll]    <- read  st0cur     ret=0  data=['0xfe', '0x01', '0x01', '0x02']
12:49:11.510  DEBUG   [poll]    -> read  st2mot    
12:49:11.514  DEBUG   [poll]    <- read  st2mot     ret=0  data=['0x00', '0x00']
12:49:11.514  DEBUG   [poll]    -> read  st0cur    
12:49:11.518  DEBUG   [poll]    <- read  st0cur     ret=0  data=['0xfd', '0x01', '0x01', '0x02']
12:49:12.520  DEBUG   [poll]    -> read  st2mot    
12:49:12.523  DEBUG   [poll]    <- read  st2mot     ret=0  data=['0x00', '0x00']
12:49:12.523  DEBUG   [poll]    -> read  st0cur    
12:49:12.528  DEBUG   [poll]    <- read  st0cur     ret=0  data=['0xfe', '0x01', '0x01', '0x02']
12:49:13.529  DEBUG   [poll]    -> read  st2mot    
12:49:13.533  DEBUG   [poll]    <- read  st2mot     ret=0  data=['0x00', '0x00']
12:49:13.533  DEBUG   [poll]    -> read  st0cur    
12:49:13.537  DEBUG   [poll]    <- read  st0cur     ret=0  data=['0xfd', '0x01', '0x01', '0x02']
12:49:14.539  DEBUG   [poll]    -> read  st2mot    
12:49:14.546  DEBUG   [poll]    <- read  st2mot     ret=0  data=['0x00', '0x00']
12:49:14.547  DEBUG   [poll]    -> read  st0cur    
12:49:14.551  DEBUG   [poll]    <- read  st0cur     ret=0  data=['0xfe', '0x01', '0x01', '0x02']
12:49:15.552  DEBUG   [poll]    -> read  st2mot    
12:49:15.556  DEBUG   [poll]    <- read  st2mot     ret=0  data=['0x00', '0x00']
12:49:15.556  DEBUG   [poll]    -> read  st0cur    
12:49:15.560  DEBUG   [poll]    <- read  st0cur     ret=0  data=['0xfe', '0x01', '0x01', '0x02']
12:49:16.562  DEBUG   [poll]    -> read  st2mot    
12:49:16.565  DEBUG   [poll]    <- read  st2mot     ret=0  data=['0x00', '0x00']
12:49:16.566  DEBUG   [poll]    -> read  st0cur    
12:49:16.570  DEBUG   [poll]    <- read  st0cur     ret=0  data=['0xfe', '0x01', '0x00', '0x02']
12:49:17.571  DEBUG   [poll]    -> read  st2mot    
12:49:17.575  DEBUG   [poll]    <- read  st2mot     ret=0  data=['0x00', '0x00']
12:49:17.575  DEBUG   [poll]    -> read  st0cur    
12:49:17.579  DEBUG   [poll]    <- read  st0cur     ret=0  data=['0xfe', '0x01', '0x01', '0x02']
12:49:18.581  DEBUG   [poll]    -> read  st2mot    
12:49:18.584  DEBUG   [poll]    <- read  st2mot     ret=0  data=['0x00', '0x00']
12:49:18.585  DEBUG   [poll]    -> read  st0cur    
12:49:18.589  DEBUG   [poll]    <- read  st0cur     ret=0  data=['0xfe', '0x01', '0x01', '0x02']
12:49:19.590  DEBUG   [poll]    -> read  st2mot    
12:49:19.597  DEBUG   [poll]    <- read  st2mot     ret=0  data=['0x00', '0x00']
12:49:19.598  DEBUG   [poll]    -> read  st0cur    
12:49:19.602  DEBUG   [poll]    <- read  st0cur     ret=0  data=['0xfe', '0x01', '0x00', '0x02']
12:49:20.604  DEBUG   [poll]    -> read  st2mot    
12:49:20.607  DEBUG   [poll]    <- read  st2mot     ret=0  data=['0x00', '0x00']
12:49:20.607  DEBUG   [poll]    -> read  st0cur    
12:49:20.611  DEBUG   [poll]    <- read  st0cur     ret=0  data=['0xfe', '0x01', '0x01', '0x02']
12:49:21.613  DEBUG   [poll]    -> read  st2mot    
12:49:21.616  DEBUG   [poll]    <- read  st2mot     ret=0  data=['0x00', '0x00']
12:49:21.617  DEBUG   [poll]    -> read  st0cur    
12:49:21.621  DEBUG   [poll]    <- read  st0cur     ret=0  data=['0xfe', '0x01', '0x01', '0x02']
12:49:22.622  DEBUG   [poll]    -> read  st2mot    
12:49:22.626  DEBUG   [poll]    <- read  st2mot     ret=0  data=['0x00', '0x00']
12:49:22.626  DEBUG   [poll]    -> read  st0cur    
12:49:22.630  DEBUG   [poll]    <- read  st0cur     ret=0  data=['0xfe', '0x01', '0x01', '0x02']
12:49:23.632  DEBUG   [poll]    -> read  st2mot    
12:49:23.635  DEBUG   [poll]    <- read  st2mot     ret=0  data=['0x00', '0x00']
12:49:23.636  DEBUG   [poll]    -> read  st0cur    
12:49:23.640  DEBUG   [poll]    <- read  st0cur     ret=0  data=['0xfe', '0x01', '0x01', '0x02']
12:49:24.641  DEBUG   [poll]    -> read  st2mot    
12:49:24.648  DEBUG   [poll]    <- read  st2mot     ret=0  data=['0x00', '0x00']
12:49:24.648  DEBUG   [poll]    -> read  st0cur    
12:49:24.653  DEBUG   [poll]    <- read  st0cur     ret=0  data=['0xfe', '0x01', '0x00', '0x02']
12:49:25.654  DEBUG   [poll]    -> read  st2mot    
12:49:25.657  DEBUG   [poll]    <- read  st2mot     ret=0  data=['0x00', '0x00']
12:49:25.658  DEBUG   [poll]    -> read  st0cur    
12:49:25.662  DEBUG   [poll]    <- read  st0cur     ret=0  data=['0xfe', '0x01', '0x01', '0x02']
12:49:26.664  DEBUG   [poll]    -> read  st2mot    
12:49:26.667  DEBUG   [poll]    <- read  st2mot     ret=0  data=['0x00', '0x00']
12:49:26.667  DEBUG   [poll]    -> read  st0cur    
12:49:26.672  DEBUG   [poll]    <- read  st0cur     ret=0  data=['0xfe', '0x01', '0x01', '0x02']
12:49:27.673  DEBUG   [poll]    -> read  st2mot    
12:49:27.676  DEBUG   [poll]    <- read  st2mot     ret=0  data=['0x00', '0x00']
12:49:27.677  DEBUG   [poll]    -> read  st0cur    
12:49:27.681  DEBUG   [poll]    <- read  st0cur     ret=0  data=['0xfe', '0x01', '0x01', '0x02']
12:49:28.683  DEBUG   [poll]    -> read  st2mot    
12:49:28.686  DEBUG   [poll]    <- read  st2mot     ret=0  data=['0x00', '0x00']
12:49:28.686  DEBUG   [poll]    -> read  st0cur    
12:49:28.691  DEBUG   [poll]    <- read  st0cur     ret=0  data=['0xfe', '0x01', '0x01', '0x02']
12:49:29.692  DEBUG   [poll]    -> read  st2mot    
12:49:29.699  DEBUG   [poll]    <- read  st2mot     ret=0  data=['0x00', '0x00']
12:49:29.699  DEBUG   [poll]    -> read  st0cur    
12:49:29.704  DEBUG   [poll]    <- read  st0cur     ret=0  data=['0xfd', '0x01', '0x01', '0x02']
12:49:30.705  DEBUG   [poll]    -> read  st2mot    
12:49:30.708  DEBUG   [poll]    <- read  st2mot     ret=0  data=['0x00', '0x00']
12:49:30.709  DEBUG   [poll]    -> read  st0cur    
12:49:30.713  DEBUG   [poll]    <- read  st0cur     ret=0  data=['0xfe', '0x01', '0x01', '0x02']
12:49:31.714  DEBUG   [poll]    -> read  st2mot    
12:49:31.718  DEBUG   [poll]    <- read  st2mot     ret=0  data=['0x00', '0x00']
12:49:31.718  DEBUG   [poll]    -> read  st0cur    
12:49:31.722  DEBUG   [poll]    <- read  st0cur     ret=0  data=['0xfe', '0x01', '0x01', '0x02']
12:49:32.724  DEBUG   [poll]    -> read  st2mot    
12:49:32.727  DEBUG   [poll]    <- read  st2mot     ret=0  data=['0x00', '0x00']
12:49:32.728  DEBUG   [poll]    -> read  st0cur    
12:49:32.732  DEBUG   [poll]    <- read  st0cur     ret=0  data=['0xfe', '0x01', '0x01', '0x02']
12:49:33.733  DEBUG   [poll]    -> read  st2mot    
12:49:33.737  DEBUG   [poll]    <- read  st2mot     ret=0  data=['0x00', '0x00']
12:49:33.737  DEBUG   [poll]    -> read  st0cur    
12:49:33.741  DEBUG   [poll]    <- read  st0cur     ret=0  data=['0xfe', '0x01', '0x01', '0x02']
12:49:34.743  DEBUG   [poll]    -> read  st2mot    
12:49:34.750  DEBUG   [poll]    <- read  st2mot     ret=0  data=['0x00', '0x00']
12:49:34.750  DEBUG   [poll]    -> read  st0cur    
12:49:34.754  DEBUG   [poll]    <- read  st0cur     ret=0  data=['0xfe', '0x01', '0x01', '0x02']
12:49:35.756  DEBUG   [poll]    -> read  st2mot    
12:49:35.759  DEBUG   [poll]    <- read  st2mot     ret=0  data=['0x00', '0x00']
12:49:35.760  DEBUG   [poll]    -> read  st0cur    
12:49:35.764  DEBUG   [poll]    <- read  st0cur     ret=0  data=['0xfe', '0x01', '0x01', '0x02']
12:49:36.765  DEBUG   [poll]    -> read  st2mot    
12:49:36.769  DEBUG   [poll]    <- read  st2mot     ret=0  data=['0x00', '0x00']
12:49:36.769  DEBUG   [poll]    -> read  st0cur    
12:49:36.773  DEBUG   [poll]    <- read  st0cur     ret=0  data=['0xfe', '0x01', '0x01', '0x02']
12:49:37.775  DEBUG   [poll]    -> read  st2mot    
12:49:37.778  DEBUG   [poll]    <- read  st2mot     ret=0  data=['0x00', '0x00']
12:49:37.778  DEBUG   [poll]    -> read  st0cur    
12:49:37.783  DEBUG   [poll]    <- read  st0cur     ret=0  data=['0xfe', '0x01', '0x01', '0x02']
12:49:38.784  DEBUG   [poll]    -> read  st2mot    
12:49:38.788  DEBUG   [poll]    <- read  st2mot     ret=0  data=['0x00', '0x00']
12:49:38.788  DEBUG   [poll]    -> read  st0cur    
12:49:38.792  DEBUG   [poll]    <- read  st0cur     ret=0  data=['0xfe', '0x01', '0x01', '0x02']
12:49:39.794  DEBUG   [poll]    -> read  st2mot    
12:49:39.800  DEBUG   [poll]    <- read  st2mot     ret=0  data=['0x00', '0x00']
12:49:39.801  DEBUG   [poll]    -> read  st0cur    
12:49:39.805  DEBUG   [poll]    <- read  st0cur     ret=0  data=['0xfe', '0x01', '0x01', '0x02']
12:49:40.807  DEBUG   [poll]    -> read  st2mot    
12:49:40.810  DEBUG   [poll]    <- read  st2mot     ret=0  data=['0x00', '0x00']
12:49:40.810  DEBUG   [poll]    -> read  st0cur    
12:49:40.815  DEBUG   [poll]    <- read  st0cur     ret=0  data=['0xfe', '0x01', '0x01', '0x02']
12:49:41.816  DEBUG   [poll]    -> read  st2mot    
12:49:41.820  DEBUG   [poll]    <- read  st2mot     ret=0  data=['0x00', '0x00']
12:49:41.820  DEBUG   [poll]    -> read  st0cur    
12:49:41.824  DEBUG   [poll]    <- read  st0cur     ret=0  data=['0xfe', '0x01', '0x01', '0x02']
12:49:42.826  DEBUG   [poll]    -> read  st2mot    
12:49:42.829  DEBUG   [poll]    <- read  st2mot     ret=0  data=['0x00', '0x00']
12:49:42.829  DEBUG   [poll]    -> read  st0cur    
12:49:42.834  DEBUG   [poll]    <- read  st0cur     ret=0  data=['0xfe', '0x01', '0x01', '0x02']
12:49:43.835  DEBUG   [poll]    -> read  st2mot    
12:49:43.839  DEBUG   [poll]    <- read  st2mot     ret=0  data=['0x00', '0x00']
12:49:43.839  DEBUG   [poll]    -> read  st0cur    
12:49:43.843  DEBUG   [poll]    <- read  st0cur     ret=0  data=['0xfe', '0x01', '0x00', '0x02']
12:49:44.845  DEBUG   [poll]    -> read  st2mot    
12:49:44.852  DEBUG   [poll]    <- read  st2mot     ret=0  data=['0x00', '0x00']
12:49:44.853  DEBUG   [poll]    -> read  st0cur    
12:49:44.857  DEBUG   [poll]    <- read  st0cur     ret=0  data=['0xfe', '0x01', '0x01', '0x02']
12:49:45.858  DEBUG   [poll]    -> read  st2mot    
12:49:45.862  DEBUG   [poll]    <- read  st2mot     ret=0  data=['0x00', '0x00']
12:49:45.862  DEBUG   [poll]    -> read  st0cur    
12:49:45.866  DEBUG   [poll]    <- read  st0cur     ret=0  data=['0xfe', '0x01', '0x01', '0x02']
12:49:46.868  DEBUG   [poll]    -> read  st2mot    
12:49:46.871  DEBUG   [poll]    <- read  st2mot     ret=0  data=['0x00', '0x00']
12:49:46.871  DEBUG   [poll]    -> read  st0cur    
12:49:46.876  DEBUG   [poll]    <- read  st0cur     ret=0  data=['0xfe', '0x01', '0x01', '0x02']
12:49:47.877  DEBUG   [poll]    -> read  st2mot    
12:49:47.881  DEBUG   [poll]    <- read  st2mot     ret=0  data=['0x00', '0x00']
12:49:47.881  DEBUG   [poll]    -> read  st0cur    
12:49:47.885  DEBUG   [poll]    <- read  st0cur     ret=0  data=['0xfe', '0x01', '0x01', '0x02']
12:49:48.887  DEBUG   [poll]    -> read  st2mot    
12:49:48.890  DEBUG   [poll]    <- read  st2mot     ret=0  data=['0x00', '0x00']
12:49:48.890  DEBUG   [poll]    -> read  st0cur    
12:49:48.895  DEBUG   [poll]    <- read  st0cur     ret=0  data=['0xfe', '0x01', '0x01', '0x02']
12:49:49.896  DEBUG   [poll]    -> read  st2mot    
12:49:49.903  DEBUG   [poll]    <- read  st2mot     ret=0  data=['0x00', '0x00']
12:49:49.903  DEBUG   [poll]    -> read  st0cur    
12:49:49.908  DEBUG   [poll]    <- read  st0cur     ret=0  data=['0xfe', '0x01', '0x01', '0x02']
12:49:50.909  DEBUG   [poll]    -> read  st2mot    
12:49:50.913  DEBUG   [poll]    <- read  st2mot     ret=0  data=['0x00', '0x00']
12:49:50.913  DEBUG   [poll]    -> read  st0cur    
12:49:50.917  DEBUG   [poll]    <- read  st0cur     ret=0  data=['0xfe', '0x01', '0x01', '0x02']
12:49:51.919  DEBUG   [poll]    -> read  st2mot    
12:49:51.922  DEBUG   [poll]    <- read  st2mot     ret=0  data=['0x00', '0x00']
12:49:51.922  DEBUG   [poll]    -> read  st0cur    
12:49:51.926  DEBUG   [poll]    <- read  st0cur     ret=0  data=['0xfe', '0x01', '0x01', '0x02']
12:49:52.928  DEBUG   [poll]    -> read  st2mot    
12:49:52.931  DEBUG   [poll]    <- read  st2mot     ret=0  data=['0x00', '0x00']
12:49:52.932  DEBUG   [poll]    -> read  st0cur    
12:49:52.936  DEBUG   [poll]    <- read  st0cur     ret=0  data=['0xfe', '0x01', '0x01', '0x02']
12:49:53.937  DEBUG   [poll]    -> read  st2mot    
12:49:53.941  DEBUG   [poll]    <- read  st2mot     ret=0  data=['0x00', '0x00']
12:49:53.941  DEBUG   [poll]    -> read  st0cur    
12:49:53.945  DEBUG   [poll]    <- read  st0cur     ret=0  data=['0xfe', '0x01', '0x01', '0x02']
12:49:54.947  DEBUG   [poll]    -> read  st2mot    
12:49:54.954  DEBUG   [poll]    <- read  st2mot     ret=0  data=['0x00', '0x00']
12:49:54.954  DEBUG   [poll]    -> read  st0cur    
12:49:54.959  DEBUG   [poll]    <- read  st0cur     ret=0  data=['0xfe', '0x01', '0x01', '0x02']
12:49:55.960  DEBUG   [poll]    -> read  st2mot    
12:49:55.963  DEBUG   [poll]    <- read  st2mot     ret=0  data=['0x00', '0x00']
12:49:55.964  DEBUG   [poll]    -> read  st0cur    
12:49:55.968  DEBUG   [poll]    <- read  st0cur     ret=0  data=['0xfe', '0x01', '0x01', '0x02']
12:49:56.969  DEBUG   [poll]    -> read  st2mot    
12:49:56.973  DEBUG   [poll]    <- read  st2mot     ret=0  data=['0x00', '0x00']
12:49:56.974  DEBUG   [poll]    -> read  st0cur    
12:49:56.978  DEBUG   [poll]    <- read  st0cur     ret=0  data=['0xfe', '0x01', '0x01', '0x02']
12:49:57.979  DEBUG   [poll]    -> read  st2mot    
12:49:57.983  DEBUG   [poll]    <- read  st2mot     ret=0  data=['0x00', '0x00']
12:49:57.983  DEBUG   [poll]    -> read  st0cur    
12:49:57.987  DEBUG   [poll]    <- read  st0cur     ret=0  data=['0xfe', '0x01', '0x01', '0x02']
12:49:58.989  DEBUG   [poll]    -> read  st2mot    
12:49:58.992  DEBUG   [poll]    <- read  st2mot     ret=0  data=['0x00', '0x00']
12:49:58.992  DEBUG   [poll]    -> read  st0cur    
12:49:58.997  DEBUG   [poll]    <- read  st0cur     ret=0  data=['0xfe', '0x01', '0x01', '0x02']
12:49:59.998  DEBUG   [poll]    -> read  st2mot    
12:50:00.005  DEBUG   [poll]    <- read  st2mot     ret=0  data=['0x00', '0x00']
12:50:00.005  DEBUG   [poll]    -> read  st0cur    
12:50:00.009  DEBUG   [poll]    <- read  st0cur     ret=0  data=['0xfe', '0x01', '0x01', '0x02']
12:50:01.012  DEBUG   [poll]    -> read  st2mot    
12:50:01.017  DEBUG   [poll]    <- read  st2mot     ret=0  data=['0x00', '0x00']
12:50:01.017  DEBUG   [poll]    -> read  st0cur    
12:50:01.021  DEBUG   [poll]    <- read  st0cur     ret=0  data=['0xfe', '0x01', '0x01', '0x02']
12:50:02.023  DEBUG   [poll]    -> read  st2mot    
12:50:02.026  DEBUG   [poll]    <- read  st2mot     ret=0  data=['0x00', '0x00']
12:50:02.027  DEBUG   [poll]    -> read  st0cur    
12:50:02.031  DEBUG   [poll]    <- read  st0cur     ret=0  data=['0xfe', '0x01', '0x01', '0x02']
12:50:03.032  DEBUG   [poll]    -> read  st2mot    
12:50:03.036  DEBUG   [poll]    <- read  st2mot     ret=0  data=['0x00', '0x00']
12:50:03.036  DEBUG   [poll]    -> read  st0cur    
12:50:03.040  DEBUG   [poll]    <- read  st0cur     ret=0  data=['0xfe', '0x01', '0x01', '0x02']
12:50:04.042  DEBUG   [poll]    -> read  st2mot    
12:50:04.045  DEBUG   [poll]    <- read  st2mot     ret=0  data=['0x00', '0x00']
12:50:04.046  DEBUG   [poll]    -> read  st0cur    
12:50:04.050  DEBUG   [poll]    <- read  st0cur     ret=0  data=['0xfe', '0x01', '0x01', '0x02']
12:50:05.051  DEBUG   [poll]    -> read  st2mot    
12:50:05.058  DEBUG   [poll]    <- read  st2mot     ret=0  data=['0x00', '0x00']
12:50:05.059  DEBUG   [poll]    -> read  st0cur    
12:50:05.063  DEBUG   [poll]    <- read  st0cur     ret=0  data=['0xfe', '0x01', '0x01', '0x02']
12:50:06.064  DEBUG   [poll]    -> read  st2mot    
12:50:06.068  DEBUG   [poll]    <- read  st2mot     ret=0  data=['0x00', '0x00']
12:50:06.068  DEBUG   [poll]    -> read  st0cur    
12:50:06.072  DEBUG   [poll]    <- read  st0cur     ret=0  data=['0xfe', '0x01', '0x01', '0x02']
12:50:07.074  DEBUG   [poll]    -> read  st2mot    
12:50:07.077  DEBUG   [poll]    <- read  st2mot     ret=0  data=['0x00', '0x00']
12:50:07.078  DEBUG   [poll]    -> read  st0cur    
12:50:07.082  DEBUG   [poll]    <- read  st0cur     ret=0  data=['0xfe', '0x01', '0x01', '0x02']
12:50:08.083  DEBUG   [poll]    -> read  st2mot    
12:50:08.087  DEBUG   [poll]    <- read  st2mot     ret=0  data=['0x00', '0x00']
12:50:08.087  DEBUG   [poll]    -> read  st0cur    
12:50:08.091  DEBUG   [poll]    <- read  st0cur     ret=0  data=['0xfe', '0x01', '0x01', '0x02']
12:50:09.093  DEBUG   [poll]    -> read  st2mot    
12:50:09.096  DEBUG   [poll]    <- read  st2mot     ret=0  data=['0x00', '0x00']
12:50:09.097  DEBUG   [poll]    -> read  st0cur    
12:50:09.101  DEBUG   [poll]    <- read  st0cur     ret=0  data=['0xfe', '0x01', '0x00', '0x02']
12:50:10.102  DEBUG   [poll]    -> read  st2mot    
12:50:10.109  DEBUG   [poll]    <- read  st2mot     ret=0  data=['0x00', '0x00']
12:50:10.109  DEBUG   [poll]    -> read  st0cur    
12:50:10.114  DEBUG   [poll]    <- read  st0cur     ret=0  data=['0xfe', '0x01', '0x00', '0x02']
12:50:11.115  DEBUG   [poll]    -> read  st2mot    
12:50:11.119  DEBUG   [poll]    <- read  st2mot     ret=0  data=['0x00', '0x00']
12:50:11.119  DEBUG   [poll]    -> read  st0cur    
12:50:11.123  DEBUG   [poll]    <- read  st0cur     ret=0  data=['0xfe', '0x01', '0x01', '0x02']
12:50:12.125  DEBUG   [poll]    -> read  st2mot    
12:50:12.128  DEBUG   [poll]    <- read  st2mot     ret=0  data=['0x00', '0x00']
12:50:12.129  DEBUG   [poll]    -> read  st0cur    
12:50:12.133  DEBUG   [poll]    <- read  st0cur     ret=0  data=['0xfe', '0x01', '0x01', '0x02']
12:50:13.134  DEBUG   [poll]    -> read  st2mot    
12:50:13.138  DEBUG   [poll]    <- read  st2mot     ret=0  data=['0x00', '0x00']
12:50:13.138  DEBUG   [poll]    -> read  st0cur    
12:50:13.142  DEBUG   [poll]    <- read  st0cur     ret=0  data=['0xfe', '0x01', '0x01', '0x02']
12:50:14.144  DEBUG   [poll]    -> read  st2mot    
12:50:14.147  DEBUG   [poll]    <- read  st2mot     ret=0  data=['0x00', '0x00']
12:50:14.148  DEBUG   [poll]    -> read  st0cur    
12:50:14.152  DEBUG   [poll]    <- read  st0cur     ret=0  data=['0xfe', '0x01', '0x01', '0x02']
12:50:15.153  DEBUG   [poll]    -> read  st2mot    
12:50:15.157  DEBUG   [poll]    <- read  st2mot     ret=0  data=['0x00', '0x00']
12:50:15.158  DEBUG   [poll]    -> read  st0cur    
12:50:15.163  DEBUG   [poll]    <- read  st0cur     ret=0  data=['0xfd', '0x01', '0x01', '0x02']
12:50:16.164  DEBUG   [poll]    -> read  st2mot    
12:50:16.168  DEBUG   [poll]    <- read  st2mot     ret=0  data=['0x00', '0x00']
12:50:16.168  DEBUG   [poll]    -> read  st0cur    
12:50:16.172  DEBUG   [poll]    <- read  st0cur     ret=0  data=['0xfe', '0x01', '0x01', '0x02']
12:50:17.174  DEBUG   [poll]    -> read  st2mot    
12:50:17.177  DEBUG   [poll]    <- read  st2mot     ret=0  data=['0x00', '0x00']
12:50:17.178  DEBUG   [poll]    -> read  st0cur    
12:50:17.182  DEBUG   [poll]    <- read  st0cur     ret=0  data=['0xfe', '0x01', '0x01', '0x02']
12:50:18.183  DEBUG   [poll]    -> read  st2mot    
12:50:18.187  DEBUG   [poll]    <- read  st2mot     ret=0  data=['0x00', '0x00']
12:50:18.187  DEBUG   [poll]    -> read  st0cur    
12:50:18.191  DEBUG   [poll]    <- read  st0cur     ret=0  data=['0xfe', '0x01', '0x01', '0x02']
12:50:19.193  DEBUG   [poll]    -> read  st2mot    
12:50:19.196  DEBUG   [poll]    <- read  st2mot     ret=0  data=['0x00', '0x00']
12:50:19.196  DEBUG   [poll]    -> read  st0cur    
12:50:19.201  DEBUG   [poll]    <- read  st0cur     ret=0  data=['0xfe', '0x01', '0x01', '0x02']
12:50:20.202  DEBUG   [poll]    -> read  st2mot    
12:50:20.209  DEBUG   [poll]    <- read  st2mot     ret=0  data=['0x00', '0x00']
12:50:20.209  DEBUG   [poll]    -> read  st0cur    
12:50:20.213  DEBUG   [poll]    <- read  st0cur     ret=0  data=['0xfe', '0x01', '0x01', '0x02']
12:50:21.215  DEBUG   [poll]    -> read  st2mot    
12:50:21.218  DEBUG   [poll]    <- read  st2mot     ret=0  data=['0x00', '0x00']
12:50:21.219  DEBUG   [poll]    -> read  st0cur    
12:50:21.223  DEBUG   [poll]    <- read  st0cur     ret=0  data=['0xfe', '0x01', '0x01', '0x02']
12:50:22.224  DEBUG   [poll]    -> read  st2mot    
12:50:22.228  DEBUG   [poll]    <- read  st2mot     ret=0  data=['0x00', '0x00']
12:50:22.228  DEBUG   [poll]    -> read  st0cur    
12:50:22.232  DEBUG   [poll]    <- read  st0cur     ret=0  data=['0xfe', '0x01', '0x01', '0x02']
12:50:23.234  DEBUG   [poll]    -> read  st2mot    
12:50:23.237  DEBUG   [poll]    <- read  st2mot     ret=0  data=['0x00', '0x00']
12:50:23.237  DEBUG   [poll]    -> read  st0cur    
12:50:23.242  DEBUG   [poll]    <- read  st0cur     ret=0  data=['0xfe', '0x01', '0x01', '0x02']
12:50:24.243  DEBUG   [poll]    -> read  st2mot    
12:50:24.246  DEBUG   [poll]    <- read  st2mot     ret=0  data=['0x00', '0x00']
12:50:24.247  DEBUG   [poll]    -> read  st0cur    
12:50:24.251  DEBUG   [poll]    <- read  st0cur     ret=0  data=['0xfe', '0x01', '0x00', '0x02']
12:50:25.253  DEBUG   [poll]    -> read  st2mot    
12:50:25.259  DEBUG   [poll]    <- read  st2mot     ret=0  data=['0x00', '0x00']
12:50:25.260  DEBUG   [poll]    -> read  st0cur    
12:50:25.264  DEBUG   [poll]    <- read  st0cur     ret=0  data=['0xfe', '0x01', '0x01', '0x02']
12:50:26.266  DEBUG   [poll]    -> read  st2mot    
12:50:26.269  DEBUG   [poll]    <- read  st2mot     ret=0  data=['0x00', '0x00']
12:50:26.269  DEBUG   [poll]    -> read  st0cur    
12:50:26.274  DEBUG   [poll]    <- read  st0cur     ret=0  data=['0xfe', '0x01', '0x01', '0x02']
12:50:27.275  DEBUG   [poll]    -> read  st2mot    
12:50:27.279  DEBUG   [poll]    <- read  st2mot     ret=0  data=['0x00', '0x00']
12:50:27.279  DEBUG   [poll]    -> read  st0cur    
12:50:27.283  DEBUG   [poll]    <- read  st0cur     ret=0  data=['0xfe', '0x01', '0x01', '0x02']
12:50:28.285  DEBUG   [poll]    -> read  st2mot    
12:50:28.288  DEBUG   [poll]    <- read  st2mot     ret=0  data=['0x00', '0x00']
12:50:28.288  DEBUG   [poll]    -> read  st0cur    
12:50:28.293  DEBUG   [poll]    <- read  st0cur     ret=0  data=['0xfe', '0x01', '0x01', '0x02']
12:50:29.294  DEBUG   [poll]    -> read  st2mot    
12:50:29.297  DEBUG   [poll]    <- read  st2mot     ret=0  data=['0x00', '0x00']
12:50:29.298  DEBUG   [poll]    -> read  st0cur    
12:50:29.302  DEBUG   [poll]    <- read  st0cur     ret=0  data=['0xfe', '0x01', '0x01', '0x02']
12:50:30.303  DEBUG   [poll]    -> read  st2mot    
12:50:30.310  DEBUG   [poll]    <- read  st2mot     ret=0  data=['0x00', '0x00']
12:50:30.311  DEBUG   [poll]    -> read  st0cur    
12:50:30.315  DEBUG   [poll]    <- read  st0cur     ret=0  data=['0xfe', '0x01', '0x01', '0x02']
12:50:31.316  DEBUG   [poll]    -> read  st2mot    
12:50:31.320  DEBUG   [poll]    <- read  st2mot     ret=0  data=['0x00', '0x00']
12:50:31.320  DEBUG   [poll]    -> read  st0cur    
12:50:31.324  DEBUG   [poll]    <- read  st0cur     ret=0  data=['0xfe', '0x01', '0x01', '0x02']
12:50:32.326  DEBUG   [poll]    -> read  st2mot    
12:50:32.329  DEBUG   [poll]    <- read  st2mot     ret=0  data=['0x00', '0x00']
12:50:32.329  DEBUG   [poll]    -> read  st0cur    
12:50:32.334  DEBUG   [poll]    <- read  st0cur     ret=0  data=['0xfe', '0x01', '0x01', '0x02']
12:50:33.335  DEBUG   [poll]    -> read  st2mot    
12:50:33.339  DEBUG   [poll]    <- read  st2mot     ret=0  data=['0x00', '0x00']
12:50:33.339  DEBUG   [poll]    -> read  st0cur    
12:50:33.343  DEBUG   [poll]    <- read  st0cur     ret=0  data=['0xfe', '0x01', '0x01', '0x02']
12:50:34.345  DEBUG   [poll]    -> read  st2mot    
12:50:34.348  DEBUG   [poll]    <- read  st2mot     ret=0  data=['0x00', '0x00']
12:50:34.348  DEBUG   [poll]    -> read  st0cur    
12:50:34.352  DEBUG   [poll]    <- read  st0cur     ret=0  data=['0xfe', '0x01', '0x01', '0x02']
12:50:35.354  DEBUG   [poll]    -> read  st2mot    
12:50:35.361  DEBUG   [poll]    <- read  st2mot     ret=0  data=['0x00', '0x00']
12:50:35.361  DEBUG   [poll]    -> read  st0cur    
12:50:35.366  DEBUG   [poll]    <- read  st0cur     ret=0  data=['0xfe', '0x01', '0x01', '0x02']
12:50:36.367  DEBUG   [poll]    -> read  st2mot    
12:50:36.371  DEBUG   [poll]    <- read  st2mot     ret=0  data=['0x00', '0x00']
12:50:36.371  DEBUG   [poll]    -> read  st0cur    
12:50:36.375  DEBUG   [poll]    <- read  st0cur     ret=0  data=['0xfe', '0x01', '0x01', '0x02']
12:50:37.377  DEBUG   [poll]    -> read  st2mot    
12:50:37.380  DEBUG   [poll]    <- read  st2mot     ret=0  data=['0x00', '0x00']
12:50:37.380  DEBUG   [poll]    -> read  st0cur    
12:50:37.385  DEBUG   [poll]    <- read  st0cur     ret=0  data=['0xfe', '0x01', '0x01', '0x02']
12:50:38.386  DEBUG   [poll]    -> read  st2mot    
12:50:38.389  DEBUG   [poll]    <- read  st2mot     ret=0  data=['0x00', '0x00']
12:50:38.390  DEBUG   [poll]    -> read  st0cur    
12:50:38.394  DEBUG   [poll]    <- read  st0cur     ret=0  data=['0xfe', '0x01', '0x01', '0x02']
12:50:39.396  DEBUG   [poll]    -> read  st2mot    
12:50:39.399  DEBUG   [poll]    <- read  st2mot     ret=0  data=['0x00', '0x00']
12:50:39.399  DEBUG   [poll]    -> read  st0cur    
12:50:39.403  DEBUG   [poll]    <- read  st0cur     ret=0  data=['0xfe', '0x01', '0x01', '0x02']
12:50:40.405  DEBUG   [poll]    -> read  st2mot    
12:50:40.411  DEBUG   [poll]    <- read  st2mot     ret=0  data=['0x00', '0x00']
12:50:40.412  DEBUG   [poll]    -> read  st0cur    
12:50:40.416  DEBUG   [poll]    <- read  st0cur     ret=0  data=['0xfe', '0x01', '0x01', '0x02']
12:50:41.418  DEBUG   [poll]    -> read  st2mot    
12:50:41.421  DEBUG   [poll]    <- read  st2mot     ret=0  data=['0x00', '0x00']
12:50:41.421  DEBUG   [poll]    -> read  st0cur    
12:50:41.426  DEBUG   [poll]    <- read  st0cur     ret=0  data=['0xfe', '0x01', '0x00', '0x02']
12:50:42.427  DEBUG   [poll]    -> read  st2mot    
12:50:42.430  DEBUG   [poll]    <- read  st2mot     ret=0  data=['0x00', '0x00']
12:50:42.431  DEBUG   [poll]    -> read  st0cur    
12:50:42.435  DEBUG   [poll]    <- read  st0cur     ret=0  data=['0xfe', '0x01', '0x01', '0x02']
12:50:43.437  DEBUG   [poll]    -> read  st2mot    
12:50:43.440  DEBUG   [poll]    <- read  st2mot     ret=0  data=['0x00', '0x00']
12:50:43.440  DEBUG   [poll]    -> read  st0cur    
12:50:43.445  DEBUG   [poll]    <- read  st0cur     ret=0  data=['0xfe', '0x01', '0x01', '0x02']
12:50:44.446  DEBUG   [poll]    -> read  st2mot    
12:50:44.449  DEBUG   [poll]    <- read  st2mot     ret=0  data=['0x00', '0x00']
12:50:44.450  DEBUG   [poll]    -> read  st0cur    
12:50:44.454  DEBUG   [poll]    <- read  st0cur     ret=0  data=['0xfe', '0x01', '0x01', '0x02']
12:50:45.456  DEBUG   [poll]    -> read  st2mot    
12:50:45.463  DEBUG   [poll]    <- read  st2mot     ret=0  data=['0x00', '0x00']
12:50:45.463  DEBUG   [poll]    -> read  st0cur    
12:50:45.468  DEBUG   [poll]    <- read  st0cur     ret=0  data=['0xfe', '0x01', '0x01', '0x02']
12:50:46.469  DEBUG   [poll]    -> read  st2mot    
12:50:46.472  DEBUG   [poll]    <- read  st2mot     ret=0  data=['0x00', '0x00']
12:50:46.473  DEBUG   [poll]    -> read  st0cur    
12:50:46.477  DEBUG   [poll]    <- read  st0cur     ret=0  data=['0xfe', '0x01', '0x01', '0x02']
12:50:47.478  DEBUG   [poll]    -> read  st2mot    
12:50:47.482  DEBUG   [poll]    <- read  st2mot     ret=0  data=['0x00', '0x00']
12:50:47.482  DEBUG   [poll]    -> read  st0cur    
12:50:47.486  DEBUG   [poll]    <- read  st0cur     ret=0  data=['0xfe', '0x01', '0x01', '0x02']
12:50:48.488  DEBUG   [poll]    -> read  st2mot    
12:50:48.491  DEBUG   [poll]    <- read  st2mot     ret=0  data=['0x00', '0x00']
12:50:48.492  DEBUG   [poll]    -> read  st0cur    
12:50:48.496  DEBUG   [poll]    <- read  st0cur     ret=0  data=['0xfe', '0x01', '0x01', '0x02']
12:50:49.497  DEBUG   [poll]    -> read  st2mot    
12:50:49.501  DEBUG   [poll]    <- read  st2mot     ret=0  data=['0x00', '0x00']
12:50:49.501  DEBUG   [poll]    -> read  st0cur    
12:50:49.505  DEBUG   [poll]    <- read  st0cur     ret=0  data=['0xfe', '0x01', '0x01', '0x02']
12:50:50.507  DEBUG   [poll]    -> read  st2mot    
12:50:50.514  DEBUG   [poll]    <- read  st2mot     ret=0  data=['0x00', '0x00']
12:50:50.514  DEBUG   [poll]    -> read  st0cur    
12:50:50.518  DEBUG   [poll]    <- read  st0cur     ret=0  data=['0xfe', '0x01', '0x01', '0x02']
12:50:51.520  DEBUG   [poll]    -> read  st2mot    
12:50:51.523  DEBUG   [poll]    <- read  st2mot     ret=0  data=['0x00', '0x00']
12:50:51.524  DEBUG   [poll]    -> read  st0cur    
12:50:51.528  DEBUG   [poll]    <- read  st0cur     ret=0  data=['0xfe', '0x01', '0x00', '0x02']
12:50:52.529  DEBUG   [poll]    -> read  st2mot    
12:50:52.533  DEBUG   [poll]    <- read  st2mot     ret=0  data=['0x00', '0x00']
12:50:52.533  DEBUG   [poll]    -> read  st0cur    
12:50:52.537  DEBUG   [poll]    <- read  st0cur     ret=0  data=['0xfe', '0x01', '0x00', '0x02']
12:50:53.539  DEBUG   [poll]    -> read  st2mot    
12:50:53.542  DEBUG   [poll]    <- read  st2mot     ret=0  data=['0x00', '0x00']
12:50:53.543  DEBUG   [poll]    -> read  st0cur    
12:50:53.547  DEBUG   [poll]    <- read  st0cur     ret=0  data=['0xfe', '0x01', '0x00', '0x02']
12:50:54.548  DEBUG   [poll]    -> read  st2mot    
12:50:54.552  DEBUG   [poll]    <- read  st2mot     ret=0  data=['0x00', '0x00']
12:50:54.552  DEBUG   [poll]    -> read  st0cur    
12:50:54.556  DEBUG   [poll]    <- read  st0cur     ret=0  data=['0xfe', '0x01', '0x01', '0x02']
12:50:55.558  DEBUG   [poll]    -> read  st2mot    
12:50:55.564  DEBUG   [poll]    <- read  st2mot     ret=0  data=['0x00', '0x00']
12:50:55.565  DEBUG   [poll]    -> read  st0cur    
12:50:55.569  DEBUG   [poll]    <- read  st0cur     ret=0  data=['0xfe', '0x01', '0x00', '0x02']
12:50:56.570  DEBUG   [poll]    -> read  st2mot    
12:50:56.574  DEBUG   [poll]    <- read  st2mot     ret=0  data=['0x00', '0x00']
12:50:56.574  DEBUG   [poll]    -> read  st0cur    
12:50:56.578  DEBUG   [poll]    <- read  st0cur     ret=0  data=['0xfe', '0x01', '0x00', '0x02']
12:50:57.580  DEBUG   [poll]    -> read  st2mot    
12:50:57.583  DEBUG   [poll]    <- read  st2mot     ret=0  data=['0x00', '0x00']
12:50:57.584  DEBUG   [poll]    -> read  st0cur    
12:50:57.588  DEBUG   [poll]    <- read  st0cur     ret=0  data=['0xfe', '0x01', '0x00', '0x02']
12:50:58.589  DEBUG   [poll]    -> read  st2mot    
12:50:58.593  DEBUG   [poll]    <- read  st2mot     ret=0  data=['0x00', '0x00']
12:50:58.593  DEBUG   [poll]    -> read  st0cur    
12:50:58.597  DEBUG   [poll]    <- read  st0cur     ret=0  data=['0xfe', '0x01', '0x01', '0x02']
12:50:59.599  DEBUG   [poll]    -> read  st2mot    
12:50:59.602  DEBUG   [poll]    <- read  st2mot     ret=0  data=['0x00', '0x00']
12:50:59.603  DEBUG   [poll]    -> read  st0cur    
12:50:59.607  DEBUG   [poll]    <- read  st0cur     ret=0  data=['0xfe', '0x01', '0x01', '0x02']
12:51:00.608  DEBUG   [poll]    -> read  st2mot    
12:51:00.615  DEBUG   [poll]    <- read  st2mot     ret=0  data=['0x00', '0x00']
12:51:00.615  DEBUG   [poll]    -> read  st0cur    
12:51:00.620  DEBUG   [poll]    <- read  st0cur     ret=0  data=['0xfe', '0x01', '0x00', '0x02']
12:51:01.621  DEBUG   [poll]    -> read  st2mot    
12:51:01.625  DEBUG   [poll]    <- read  st2mot     ret=0  data=['0x00', '0x00']
12:51:01.625  DEBUG   [poll]    -> read  st0cur    
12:51:01.629  DEBUG   [poll]    <- read  st0cur     ret=0  data=['0xfe', '0x01', '0x01', '0x02']
12:51:02.631  DEBUG   [poll]    -> read  st2mot    
12:51:02.634  DEBUG   [poll]    <- read  st2mot     ret=0  data=['0x00', '0x00']
12:51:02.635  DEBUG   [poll]    -> read  st0cur    
12:51:02.639  DEBUG   [poll]    <- read  st0cur     ret=0  data=['0xfe', '0x01', '0x00', '0x02']
12:51:03.640  DEBUG   [poll]    -> read  st2mot    
12:51:03.644  DEBUG   [poll]    <- read  st2mot     ret=0  data=['0x00', '0x00']
12:51:03.644  DEBUG   [poll]    -> read  st0cur    
12:51:03.648  DEBUG   [poll]    <- read  st0cur     ret=0  data=['0xfe', '0x01', '0x00', '0x02']
12:51:04.650  DEBUG   [poll]    -> read  st2mot    
12:51:04.653  DEBUG   [poll]    <- read  st2mot     ret=0  data=['0x00', '0x00']
12:51:04.654  DEBUG   [poll]    -> read  st0cur    
12:51:04.658  DEBUG   [poll]    <- read  st0cur     ret=0  data=['0xfe', '0x01', '0x01', '0x02']
12:51:05.659  DEBUG   [poll]    -> read  st2mot    
12:51:05.666  DEBUG   [poll]    <- read  st2mot     ret=0  data=['0x00', '0x00']
12:51:05.667  DEBUG   [poll]    -> read  st0cur    
12:51:05.671  DEBUG   [poll]    <- read  st0cur     ret=0  data=['0xfe', '0x01', '0x00', '0x02']
12:51:06.672  DEBUG   [poll]    -> read  st2mot    
12:51:06.676  DEBUG   [poll]    <- read  st2mot     ret=0  data=['0x00', '0x00']
12:51:06.676  DEBUG   [poll]    -> read  st0cur    
12:51:06.680  DEBUG   [poll]    <- read  st0cur     ret=0  data=['0xfe', '0x01', '0x00', '0x02']
12:51:07.682  DEBUG   [poll]    -> read  st2mot    
12:51:07.685  DEBUG   [poll]    <- read  st2mot     ret=0  data=['0x00', '0x00']
12:51:07.686  DEBUG   [poll]    -> read  st0cur    
12:51:07.690  DEBUG   [poll]    <- read  st0cur     ret=0  data=['0xfe', '0x01', '0x01', '0x02']
12:51:08.691  DEBUG   [poll]    -> read  st2mot    
12:51:08.694  DEBUG   [poll]    <- read  st2mot     ret=0  data=['0x00', '0x00']
12:51:08.695  DEBUG   [poll]    -> read  st0cur    
12:51:08.699  DEBUG   [poll]    <- read  st0cur     ret=0  data=['0xfd', '0x01', '0x01', '0x02']
12:51:09.701  DEBUG   [poll]    -> read  st2mot    
12:51:09.704  DEBUG   [poll]    <- read  st2mot     ret=0  data=['0x00', '0x00']
12:51:09.704  DEBUG   [poll]    -> read  st0cur    
12:51:09.709  DEBUG   [poll]    <- read  st0cur     ret=0  data=['0xfe', '0x01', '0x01', '0x02']
12:51:10.710  DEBUG   [poll]    -> read  st2mot    
12:51:10.717  DEBUG   [poll]    <- read  st2mot     ret=0  data=['0x00', '0x00']
12:51:10.717  DEBUG   [poll]    -> read  st0cur    
12:51:10.722  DEBUG   [poll]    <- read  st0cur     ret=0  data=['0xfe', '0x01', '0x01', '0x02']
12:51:11.723  DEBUG   [poll]    -> read  st2mot    
12:51:11.726  DEBUG   [poll]    <- read  st2mot     ret=0  data=['0x00', '0x00']
12:51:11.727  DEBUG   [poll]    -> read  st0cur    
12:51:11.731  DEBUG   [poll]    <- read  st0cur     ret=0  data=['0xfe', '0x01', '0x01', '0x02']
12:51:12.733  DEBUG   [poll]    -> read  st2mot    
12:51:12.736  DEBUG   [poll]    <- read  st2mot     ret=0  data=['0x00', '0x00']
12:51:12.736  DEBUG   [poll]    -> read  st0cur    
12:51:12.741  DEBUG   [poll]    <- read  st0cur     ret=0  data=['0xfd', '0x01', '0x01', '0x02']
12:51:13.742  DEBUG   [poll]    -> read  st2mot    
12:51:13.746  DEBUG   [poll]    <- read  st2mot     ret=0  data=['0x00', '0x00']
12:51:13.746  DEBUG   [poll]    -> read  st0cur    
12:51:13.750  DEBUG   [poll]    <- read  st0cur     ret=0  data=['0xfe', '0x01', '0x01', '0x02']
12:51:14.752  DEBUG   [poll]    -> read  st2mot    
12:51:14.755  DEBUG   [poll]    <- read  st2mot     ret=0  data=['0x00', '0x00']
12:51:14.756  DEBUG   [poll]    -> read  st0cur    
12:51:14.760  DEBUG   [poll]    <- read  st0cur     ret=0  data=['0xfe', '0x01', '0x01', '0x02']
12:51:15.761  DEBUG   [poll]    -> read  st2mot    
12:51:15.765  DEBUG   [poll]    <- read  st2mot     ret=0  data=['0x00', '0x00']
12:51:15.765  DEBUG   [poll]    -> read  st0cur    
12:51:15.770  DEBUG   [poll]    <- read  st0cur     ret=0  data=['0xfe', '0x01', '0x01', '0x02']
12:51:16.771  DEBUG   [poll]    -> read  st2mot    
12:51:16.775  DEBUG   [poll]    <- read  st2mot     ret=0  data=['0x00', '0x00']
12:51:16.775  DEBUG   [poll]    -> read  st0cur    
12:51:16.779  DEBUG   [poll]    <- read  st0cur     ret=0  data=['0xfe', '0x01', '0x01', '0x02']
12:51:17.781  DEBUG   [poll]    -> read  st2mot    
12:51:17.784  DEBUG   [poll]    <- read  st2mot     ret=0  data=['0x00', '0x00']
12:51:17.784  DEBUG   [poll]    -> read  st0cur    
12:51:17.789  DEBUG   [poll]    <- read  st0cur     ret=0  data=['0xfe', '0x01', '0x01', '0x02']
12:51:18.790  DEBUG   [poll]    -> read  st2mot    
12:51:18.794  DEBUG   [poll]    <- read  st2mot     ret=0  data=['0x00', '0x00']
12:51:18.794  DEBUG   [poll]    -> read  st0cur    
12:51:18.798  DEBUG   [poll]    <- read  st0cur     ret=0  data=['0xfe', '0x01', '0x01', '0x02']
12:51:19.800  DEBUG   [poll]    -> read  st2mot    
12:51:19.803  DEBUG   [poll]    <- read  st2mot     ret=0  data=['0x00', '0x00']
12:51:19.803  DEBUG   [poll]    -> read  st0cur    
12:51:19.808  DEBUG   [poll]    <- read  st0cur     ret=0  data=['0xfe', '0x01', '0x01', '0x02']
12:51:20.809  DEBUG   [poll]    -> read  st2mot    
12:51:20.816  DEBUG   [poll]    <- read  st2mot     ret=0  data=['0x00', '0x00']
12:51:20.816  DEBUG   [poll]    -> read  st0cur    
12:51:20.821  DEBUG   [poll]    <- read  st0cur     ret=0  data=['0xfe', '0x01', '0x01', '0x02']
12:51:21.822  DEBUG   [poll]    -> read  st2mot    
12:51:21.825  DEBUG   [poll]    <- read  st2mot     ret=0  data=['0x00', '0x00']
12:51:21.826  DEBUG   [poll]    -> read  st0cur    
12:51:21.830  DEBUG   [poll]    <- read  st0cur     ret=0  data=['0xfe', '0x01', '0x01', '0x02']
12:51:22.832  DEBUG   [poll]    -> read  st2mot    
12:51:22.835  DEBUG   [poll]    <- read  st2mot     ret=0  data=['0x00', '0x00']
12:51:22.835  DEBUG   [poll]    -> read  st0cur    
12:51:22.839  DEBUG   [poll]    <- read  st0cur     ret=0  data=['0xfe', '0x01', '0x01', '0x02']
12:51:23.841  DEBUG   [poll]    -> read  st2mot    
12:51:23.844  DEBUG   [poll]    <- read  st2mot     ret=0  data=['0x00', '0x00']
12:51:23.845  DEBUG   [poll]    -> read  st0cur    
12:51:23.849  DEBUG   [poll]    <- read  st0cur     ret=0  data=['0xfe', '0x01', '0x01', '0x02']
12:51:24.850  DEBUG   [poll]    -> read  st2mot    
12:51:24.854  DEBUG   [poll]    <- read  st2mot     ret=0  data=['0x00', '0x00']
12:51:24.854  DEBUG   [poll]    -> read  st0cur    
12:51:24.859  DEBUG   [poll]    <- read  st0cur     ret=0  data=['0xfe', '0x01', '0x00', '0x02']
12:51:25.860  DEBUG   [poll]    -> read  st2mot    
12:51:25.867  DEBUG   [poll]    <- read  st2mot     ret=0  data=['0x00', '0x00']
12:51:25.868  DEBUG   [poll]    -> read  st0cur    
12:51:25.872  DEBUG   [poll]    <- read  st0cur     ret=0  data=['0xfe', '0x01', '0x01', '0x02']
12:51:26.873  DEBUG   [poll]    -> read  st2mot    
12:51:26.877  DEBUG   [poll]    <- read  st2mot     ret=0  data=['0x00', '0x00']
12:51:26.877  DEBUG   [poll]    -> read  st0cur    
12:51:26.881  DEBUG   [poll]    <- read  st0cur     ret=0  data=['0xfe', '0x01', '0x00', '0x02']
12:51:27.883  DEBUG   [poll]    -> read  st2mot    
12:51:27.886  DEBUG   [poll]    <- read  st2mot     ret=0  data=['0x00', '0x00']
12:51:27.887  DEBUG   [poll]    -> read  st0cur    
12:51:27.891  DEBUG   [poll]    <- read  st0cur     ret=0  data=['0xfe', '0x01', '0x01', '0x02']
12:51:28.892  DEBUG   [poll]    -> read  st2mot    
12:51:28.896  DEBUG   [poll]    <- read  st2mot     ret=0  data=['0x00', '0x00']
12:51:28.896  DEBUG   [poll]    -> read  st0cur    
12:51:28.900  DEBUG   [poll]    <- read  st0cur     ret=0  data=['0xfe', '0x01', '0x01', '0x02']
12:51:29.902  DEBUG   [poll]    -> read  st2mot    
12:51:29.905  DEBUG   [poll]    <- read  st2mot     ret=0  data=['0x00', '0x00']
12:51:29.906  DEBUG   [poll]    -> read  st0cur    
12:51:29.910  DEBUG   [poll]    <- read  st0cur     ret=0  data=['0xfe', '0x01', '0x01', '0x02']
12:51:30.911  DEBUG   [poll]    -> read  st2mot    
12:51:30.918  DEBUG   [poll]    <- read  st2mot     ret=0  data=['0x00', '0x00']
12:51:30.918  DEBUG   [poll]    -> read  st0cur    
12:51:30.923  DEBUG   [poll]    <- read  st0cur     ret=0  data=['0xfe', '0x01', '0x01', '0x02']
12:51:31.924  DEBUG   [poll]    -> read  st2mot    
12:51:31.928  DEBUG   [poll]    <- read  st2mot     ret=0  data=['0x00', '0x00']
12:51:31.928  DEBUG   [poll]    -> read  st0cur    
12:51:31.932  DEBUG   [poll]    <- read  st0cur     ret=0  data=['0xfe', '0x01', '0x01', '0x02']
12:51:32.934  DEBUG   [poll]    -> read  st2mot    
12:51:32.937  DEBUG   [poll]    <- read  st2mot     ret=0  data=['0x00', '0x00']
12:51:32.937  DEBUG   [poll]    -> read  st0cur    
12:51:32.942  DEBUG   [poll]    <- read  st0cur     ret=0  data=['0xfe', '0x01', '0x01', '0x02']
12:51:33.943  DEBUG   [poll]    -> read  st2mot    
12:51:33.946  DEBUG   [poll]    <- read  st2mot     ret=0  data=['0x00', '0x00']
12:51:33.947  DEBUG   [poll]    -> read  st0cur    
12:51:33.951  DEBUG   [poll]    <- read  st0cur     ret=0  data=['0xfe', '0x01', '0x01', '0x02']
12:51:34.953  DEBUG   [poll]    -> read  st2mot    
12:51:34.956  DEBUG   [poll]    <- read  st2mot     ret=0  data=['0x00', '0x00']
12:51:34.956  DEBUG   [poll]    -> read  st0cur    
12:51:34.961  DEBUG   [poll]    <- read  st0cur     ret=0  data=['0xfe', '0x01', '0x01', '0x02']
12:51:35.962  DEBUG   [poll]    -> read  st2mot    
12:51:35.969  DEBUG   [poll]    <- read  st2mot     ret=0  data=['0x00', '0x00']
12:51:35.969  DEBUG   [poll]    -> read  st0cur    
12:51:35.973  DEBUG   [poll]    <- read  st0cur     ret=0  data=['0xfe', '0x01', '0x01', '0x02']
12:51:36.975  DEBUG   [poll]    -> read  st2mot    
12:51:36.978  DEBUG   [poll]    <- read  st2mot     ret=0  data=['0x00', '0x00']
12:51:36.978  DEBUG   [poll]    -> read  st0cur    
12:51:36.983  DEBUG   [poll]    <- read  st0cur     ret=0  data=['0xfe', '0x01', '0x01', '0x02']
12:51:37.984  DEBUG   [poll]    -> read  st2mot    
12:51:37.988  DEBUG   [poll]    <- read  st2mot     ret=0  data=['0x00', '0x00']
12:51:37.988  DEBUG   [poll]    -> read  st0cur    
12:51:37.992  DEBUG   [poll]    <- read  st0cur     ret=0  data=['0xfe', '0x01', '0x01', '0x02']
12:51:38.994  DEBUG   [poll]    -> read  st2mot    
12:51:38.997  DEBUG   [poll]    <- read  st2mot     ret=0  data=['0x00', '0x00']
12:51:38.997  DEBUG   [poll]    -> read  st0cur    
12:51:39.002  DEBUG   [poll]    <- read  st0cur     ret=0  data=['0xfe', '0x01', '0x01', '0x02']
12:51:40.003  DEBUG   [poll]    -> read  st2mot    
12:51:40.006  DEBUG   [poll]    <- read  st2mot     ret=0  data=['0x00', '0x00']
12:51:40.007  DEBUG   [poll]    -> read  st0cur    
12:51:40.011  DEBUG   [poll]    <- read  st0cur     ret=0  data=['0xfe', '0x01', '0x01', '0x02']
12:51:41.013  DEBUG   [poll]    -> read  st2mot    
12:51:41.019  DEBUG   [poll]    <- read  st2mot     ret=0  data=['0x00', '0x00']
12:51:41.020  DEBUG   [poll]    -> read  st0cur    
12:51:41.024  DEBUG   [poll]    <- read  st0cur     ret=0  data=['0xfe', '0x01', '0x01', '0x02']
12:51:42.026  DEBUG   [poll]    -> read  st2mot    
12:51:42.029  DEBUG   [poll]    <- read  st2mot     ret=0  data=['0x00', '0x00']
12:51:42.029  DEBUG   [poll]    -> read  st0cur    
12:51:42.033  DEBUG   [poll]    <- read  st0cur     ret=0  data=['0xfe', '0x01', '0x01', '0x02']
12:51:43.035  DEBUG   [poll]    -> read  st2mot    
12:51:43.038  DEBUG   [poll]    <- read  st2mot     ret=0  data=['0x00', '0x00']
12:51:43.039  DEBUG   [poll]    -> read  st0cur    
12:51:43.043  DEBUG   [poll]    <- read  st0cur     ret=0  data=['0xfe', '0x01', '0x01', '0x02']
12:51:44.044  DEBUG   [poll]    -> read  st2mot    
12:51:44.048  DEBUG   [poll]    <- read  st2mot     ret=0  data=['0x00', '0x00']
12:51:44.048  DEBUG   [poll]    -> read  st0cur    
12:51:44.052  DEBUG   [poll]    <- read  st0cur     ret=0  data=['0xfe', '0x01', '0x00', '0x02']
12:51:45.054  DEBUG   [poll]    -> read  st2mot    
12:51:45.057  DEBUG   [poll]    <- read  st2mot     ret=0  data=['0x00', '0x00']
12:51:45.058  DEBUG   [poll]    -> read  st0cur    
12:51:45.062  DEBUG   [poll]    <- read  st0cur     ret=0  data=['0xfe', '0x01', '0x00', '0x02']
12:51:46.064  DEBUG   [poll]    -> read  st2mot    
12:51:46.071  DEBUG   [poll]    <- read  st2mot     ret=0  data=['0x00', '0x00']
12:51:46.071  DEBUG   [poll]    -> read  st0cur    
12:51:46.075  DEBUG   [poll]    <- read  st0cur     ret=0  data=['0xfe', '0x01', '0x00', '0x02']
12:51:47.077  DEBUG   [poll]    -> read  st2mot    
12:51:47.080  DEBUG   [poll]    <- read  st2mot     ret=0  data=['0x00', '0x00']
12:51:47.081  DEBUG   [poll]    -> read  st0cur    
12:51:47.085  DEBUG   [poll]    <- read  st0cur     ret=0  data=['0xfe', '0x01', '0x01', '0x02']
12:51:48.086  DEBUG   [poll]    -> read  st2mot    
12:51:48.090  DEBUG   [poll]    <- read  st2mot     ret=0  data=['0x00', '0x00']
12:51:48.090  DEBUG   [poll]    -> read  st0cur    
12:51:48.094  DEBUG   [poll]    <- read  st0cur     ret=0  data=['0xfe', '0x01', '0x01', '0x02']
12:51:49.096  DEBUG   [poll]    -> read  st2mot    
12:51:49.099  DEBUG   [poll]    <- read  st2mot     ret=0  data=['0x00', '0x00']
12:51:49.100  DEBUG   [poll]    -> read  st0cur    
12:51:49.104  DEBUG   [poll]    <- read  st0cur     ret=0  data=['0xfe', '0x01', '0x00', '0x02']
12:51:50.105  DEBUG   [poll]    -> read  st2mot    
12:51:50.109  DEBUG   [poll]    <- read  st2mot     ret=0  data=['0x00', '0x00']
12:51:50.109  DEBUG   [poll]    -> read  st0cur    
12:51:50.113  DEBUG   [poll]    <- read  st0cur     ret=0  data=['0xfe', '0x01', '0x01', '0x02']
12:51:51.115  DEBUG   [poll]    -> read  st2mot    
12:51:51.122  DEBUG   [poll]    <- read  st2mot     ret=0  data=['0x00', '0x00']
12:51:51.122  DEBUG   [poll]    -> read  st0cur    
12:51:51.126  DEBUG   [poll]    <- read  st0cur     ret=0  data=['0xfe', '0x01', '0x01', '0x02']
12:51:52.128  DEBUG   [poll]    -> read  st2mot    
12:51:52.131  DEBUG   [poll]    <- read  st2mot     ret=0  data=['0x00', '0x00']
12:51:52.131  DEBUG   [poll]    -> read  st0cur    
12:51:52.136  DEBUG   [poll]    <- read  st0cur     ret=0  data=['0xfe', '0x01', '0x01', '0x02']
12:51:53.137  DEBUG   [poll]    -> read  st2mot    
12:51:53.140  DEBUG   [poll]    <- read  st2mot     ret=0  data=['0x00', '0x00']
12:51:53.141  DEBUG   [poll]    -> read  st0cur    
12:51:53.145  DEBUG   [poll]    <- read  st0cur     ret=0  data=['0xfe', '0x01', '0x00', '0x02']
12:51:54.147  DEBUG   [poll]    -> read  st2mot    
12:51:54.150  DEBUG   [poll]    <- read  st2mot     ret=0  data=['0x00', '0x00']
12:51:54.150  DEBUG   [poll]    -> read  st0cur    
12:51:54.155  DEBUG   [poll]    <- read  st0cur     ret=0  data=['0xfe', '0x01', '0x01', '0x02']
12:51:55.156  DEBUG   [poll]    -> read  st2mot    
12:51:55.159  DEBUG   [poll]    <- read  st2mot     ret=0  data=['0x00', '0x00']
12:51:55.160  DEBUG   [poll]    -> read  st0cur    
12:51:55.164  DEBUG   [poll]    <- read  st0cur     ret=0  data=['0xfe', '0x01', '0x01', '0x02']
12:51:56.166  DEBUG   [poll]    -> read  st2mot    
12:51:56.172  DEBUG   [poll]    <- read  st2mot     ret=0  data=['0x00', '0x00']
12:51:56.173  DEBUG   [poll]    -> read  st0cur    
12:51:56.177  DEBUG   [poll]    <- read  st0cur     ret=0  data=['0xfe', '0x01', '0x01', '0x02']
12:51:57.179  DEBUG   [poll]    -> read  st2mot    
12:51:57.182  DEBUG   [poll]    <- read  st2mot     ret=0  data=['0x00', '0x00']
12:51:57.182  DEBUG   [poll]    -> read  st0cur    
12:51:57.186  DEBUG   [poll]    <- read  st0cur     ret=0  data=['0xfe', '0x01', '0x01', '0x02']
12:51:58.188  DEBUG   [poll]    -> read  st2mot    
12:51:58.191  DEBUG   [poll]    <- read  st2mot     ret=0  data=['0x00', '0x00']
12:51:58.192  DEBUG   [poll]    -> read  st0cur    
12:51:58.196  DEBUG   [poll]    <- read  st0cur     ret=0  data=['0xfe', '0x01', '0x01', '0x02']
12:51:59.197  DEBUG   [poll]    -> read  st2mot    
12:51:59.201  DEBUG   [poll]    <- read  st2mot     ret=0  data=['0x00', '0x00']
12:51:59.201  DEBUG   [poll]    -> read  st0cur    
12:51:59.205  DEBUG   [poll]    <- read  st0cur     ret=0  data=['0xfe', '0x01', '0x01', '0x02']
12:52:00.207  DEBUG   [poll]    -> read  st2mot    
12:52:00.210  DEBUG   [poll]    <- read  st2mot     ret=0  data=['0x00', '0x00']
12:52:00.211  DEBUG   [poll]    -> read  st0cur    
12:52:00.215  DEBUG   [poll]    <- read  st0cur     ret=0  data=['0xfe', '0x01', '0x01', '0x02']
12:52:01.216  DEBUG   [poll]    -> read  st2mot    
12:52:01.223  DEBUG   [poll]    <- read  st2mot     ret=0  data=['0x00', '0x00']
12:52:01.224  DEBUG   [poll]    -> read  st0cur    
12:52:01.228  DEBUG   [poll]    <- read  st0cur     ret=0  data=['0xfe', '0x01', '0x01', '0x02']
12:52:02.230  DEBUG   [poll]    -> read  st2mot    
12:52:02.233  DEBUG   [poll]    <- read  st2mot     ret=0  data=['0x00', '0x00']
12:52:02.233  DEBUG   [poll]    -> read  st0cur    
12:52:02.238  DEBUG   [poll]    <- read  st0cur     ret=0  data=['0xfe', '0x01', '0x01', '0x02']
12:52:03.239  DEBUG   [poll]    -> read  st2mot    
12:52:03.243  DEBUG   [poll]    <- read  st2mot     ret=0  data=['0x00', '0x00']
12:52:03.243  DEBUG   [poll]    -> read  st0cur    
12:52:03.247  DEBUG   [poll]    <- read  st0cur     ret=0  data=['0xfe', '0x01', '0x01', '0x02']
12:52:04.249  DEBUG   [poll]    -> read  st2mot    
12:52:04.252  DEBUG   [poll]    <- read  st2mot     ret=0  data=['0x00', '0x00']
12:52:04.252  DEBUG   [poll]    -> read  st0cur    
12:52:04.257  DEBUG   [poll]    <- read  st0cur     ret=0  data=['0xfe', '0x01', '0x01', '0x02']
12:52:05.258  DEBUG   [poll]    -> read  st2mot    
12:52:05.262  DEBUG   [poll]    <- read  st2mot     ret=0  data=['0x00', '0x00']
12:52:05.262  DEBUG   [poll]    -> read  st0cur    
12:52:05.266  DEBUG   [poll]    <- read  st0cur     ret=0  data=['0xfe', '0x01', '0x01', '0x02']
12:52:06.268  DEBUG   [poll]    -> read  st2mot    
12:52:06.275  DEBUG   [poll]    <- read  st2mot     ret=0  data=['0x00', '0x00']
12:52:06.275  DEBUG   [poll]    -> read  st0cur    
12:52:06.279  DEBUG   [poll]    <- read  st0cur     ret=0  data=['0xfe', '0x01', '0x01', '0x02']
12:52:07.281  DEBUG   [poll]    -> read  st2mot    
12:52:07.284  DEBUG   [poll]    <- read  st2mot     ret=0  data=['0x00', '0x00']
12:52:07.285  DEBUG   [poll]    -> read  st0cur    
12:52:07.289  DEBUG   [poll]    <- read  st0cur     ret=0  data=['0xfe', '0x01', '0x01', '0x02']
12:52:08.290  DEBUG   [poll]    -> read  st2mot    
12:52:08.294  DEBUG   [poll]    <- read  st2mot     ret=0  data=['0x00', '0x00']
12:52:08.294  DEBUG   [poll]    -> read  st0cur    
12:52:08.298  DEBUG   [poll]    <- read  st0cur     ret=0  data=['0xfe', '0x01', '0x01', '0x02']
12:52:09.300  DEBUG   [poll]    -> read  st2mot    
12:52:09.303  DEBUG   [poll]    <- read  st2mot     ret=0  data=['0x00', '0x00']
12:52:09.304  DEBUG   [poll]    -> read  st0cur    
12:52:09.308  DEBUG   [poll]    <- read  st0cur     ret=0  data=['0xfe', '0x01', '0x01', '0x02']
12:52:10.309  DEBUG   [poll]    -> read  st2mot    
12:52:10.313  DEBUG   [poll]    <- read  st2mot     ret=0  data=['0x00', '0x00']
12:52:10.313  DEBUG   [poll]    -> read  st0cur    
12:52:10.317  DEBUG   [poll]    <- read  st0cur     ret=0  data=['0xfe', '0x01', '0x01', '0x02']
12:52:11.319  DEBUG   [poll]    -> read  st2mot    
12:52:11.325  DEBUG   [poll]    <- read  st2mot     ret=0  data=['0x00', '0x00']
12:52:11.326  DEBUG   [poll]    -> read  st0cur    
12:52:11.330  DEBUG   [poll]    <- read  st0cur     ret=0  data=['0xfe', '0x01', '0x01', '0x02']
12:52:12.332  DEBUG   [poll]    -> read  st2mot    
12:52:12.335  DEBUG   [poll]    <- read  st2mot     ret=0  data=['0x00', '0x00']
12:52:12.335  DEBUG   [poll]    -> read  st0cur    
12:52:12.339  DEBUG   [poll]    <- read  st0cur     ret=0  data=['0xfe', '0x01', '0x01', '0x02']
12:52:13.341  DEBUG   [poll]    -> read  st2mot    
12:52:13.344  DEBUG   [poll]    <- read  st2mot     ret=0  data=['0x00', '0x00']
12:52:13.345  DEBUG   [poll]    -> read  st0cur    
12:52:13.349  DEBUG   [poll]    <- read  st0cur     ret=0  data=['0xfe', '0x01', '0x01', '0x02']
12:52:14.351  DEBUG   [poll]    -> read  st2mot    
12:52:14.354  DEBUG   [poll]    <- read  st2mot     ret=0  data=['0x00', '0x00']
12:52:14.354  DEBUG   [poll]    -> read  st0cur    
12:52:14.359  DEBUG   [poll]    <- read  st0cur     ret=0  data=['0xfe', '0x01', '0x00', '0x02']
12:52:15.360  DEBUG   [poll]    -> read  st2mot    
12:52:15.364  DEBUG   [poll]    <- read  st2mot     ret=0  data=['0x00', '0x00']
12:52:15.364  DEBUG   [poll]    -> read  st0cur    
12:52:15.368  DEBUG   [poll]    <- read  st0cur     ret=0  data=['0xfd', '0x01', '0x01', '0x02']
12:52:16.370  DEBUG   [poll]    -> read  st2mot    
12:52:16.377  DEBUG   [poll]    <- read  st2mot     ret=0  data=['0x00', '0x00']
12:52:16.378  DEBUG   [poll]    -> read  st0cur    
12:52:16.382  DEBUG   [poll]    <- read  st0cur     ret=0  data=['0xfe', '0x01', '0x00', '0x02']
12:52:17.383  DEBUG   [poll]    -> read  st2mot    
12:52:17.387  DEBUG   [poll]    <- read  st2mot     ret=0  data=['0x00', '0x00']
12:52:17.387  DEBUG   [poll]    -> read  st0cur    
12:52:17.391  DEBUG   [poll]    <- read  st0cur     ret=0  data=['0xfe', '0x01', '0x01', '0x02']
12:52:18.393  DEBUG   [poll]    -> read  st2mot    
12:52:18.396  DEBUG   [poll]    <- read  st2mot     ret=0  data=['0x00', '0x00']
12:52:18.397  DEBUG   [poll]    -> read  st0cur    
12:52:18.401  DEBUG   [poll]    <- read  st0cur     ret=0  data=['0xfe', '0x01', '0x01', '0x02']
12:52:19.402  DEBUG   [poll]    -> read  st2mot    
12:52:19.406  DEBUG   [poll]    <- read  st2mot     ret=0  data=['0x00', '0x00']
12:52:19.406  DEBUG   [poll]    -> read  st0cur    
12:52:19.410  DEBUG   [poll]    <- read  st0cur     ret=0  data=['0xfe', '0x01', '0x01', '0x02']
12:52:20.412  DEBUG   [poll]    -> read  st2mot    
12:52:20.415  DEBUG   [poll]    <- read  st2mot     ret=0  data=['0x00', '0x00']
12:52:20.416  DEBUG   [poll]    -> read  st0cur    
12:52:20.420  DEBUG   [poll]    <- read  st0cur     ret=0  data=['0xfe', '0x01', '0x01', '0x02']
12:52:21.421  DEBUG   [poll]    -> read  st2mot    
12:52:21.428  DEBUG   [poll]    <- read  st2mot     ret=0  data=['0x00', '0x00']
12:52:21.428  DEBUG   [poll]    -> read  st0cur    
12:52:21.433  DEBUG   [poll]    <- read  st0cur     ret=0  data=['0xfe', '0x01', '0x01', '0x02']
12:52:22.434  DEBUG   [poll]    -> read  st2mot    
12:52:22.437  DEBUG   [poll]    <- read  st2mot     ret=0  data=['0x00', '0x00']
12:52:22.438  DEBUG   [poll]    -> read  st0cur    
12:52:22.442  DEBUG   [poll]    <- read  st0cur     ret=0  data=['0xfe', '0x01', '0x01', '0x02']
12:52:23.444  DEBUG   [poll]    -> read  st2mot    
12:52:23.447  DEBUG   [poll]    <- read  st2mot     ret=0  data=['0x00', '0x00']
12:52:23.447  DEBUG   [poll]    -> read  st0cur    
12:52:23.451  DEBUG   [poll]    <- read  st0cur     ret=0  data=['0xfe', '0x01', '0x01', '0x02']
12:52:24.453  DEBUG   [poll]    -> read  st2mot    
12:52:24.456  DEBUG   [poll]    <- read  st2mot     ret=0  data=['0x00', '0x00']
12:52:24.457  DEBUG   [poll]    -> read  st0cur    
12:52:24.461  DEBUG   [poll]    <- read  st0cur     ret=0  data=['0xfe', '0x01', '0x01', '0x02']
12:52:25.462  DEBUG   [poll]    -> read  st2mot    
12:52:25.466  DEBUG   [poll]    <- read  st2mot     ret=0  data=['0x00', '0x00']
12:52:25.466  DEBUG   [poll]    -> read  st0cur    
12:52:25.470  DEBUG   [poll]    <- read  st0cur     ret=0  data=['0xfe', '0x01', '0x01', '0x02']
12:52:26.472  DEBUG   [poll]    -> read  st2mot    
12:52:26.479  DEBUG   [poll]    <- read  st2mot     ret=0  data=['0x00', '0x00']
12:52:26.479  DEBUG   [poll]    -> read  st0cur    
12:52:26.484  DEBUG   [poll]    <- read  st0cur     ret=0  data=['0xfe', '0x01', '0x01', '0x02']
12:52:27.485  DEBUG   [poll]    -> read  st2mot    
12:52:27.489  DEBUG   [poll]    <- read  st2mot     ret=0  data=['0x00', '0x00']
12:52:27.489  DEBUG   [poll]    -> read  st0cur    
12:52:27.493  DEBUG   [poll]    <- read  st0cur     ret=0  data=['0xfe', '0x01', '0x01', '0x02']
12:52:28.495  DEBUG   [poll]    -> read  st2mot    
12:52:28.498  DEBUG   [poll]    <- read  st2mot     ret=0  data=['0x00', '0x00']
12:52:28.498  DEBUG   [poll]    -> read  st0cur    
12:52:28.503  DEBUG   [poll]    <- read  st0cur     ret=0  data=['0xfe', '0x01', '0x01', '0x02']
12:52:29.504  DEBUG   [poll]    -> read  st2mot    
12:52:29.508  DEBUG   [poll]    <- read  st2mot     ret=0  data=['0x00', '0x00']
12:52:29.508  DEBUG   [poll]    -> read  st0cur    
12:52:29.512  DEBUG   [poll]    <- read  st0cur     ret=0  data=['0xfe', '0x01', '0x00', '0x02']
12:52:30.514  DEBUG   [poll]    -> read  st2mot    
12:52:30.517  DEBUG   [poll]    <- read  st2mot     ret=0  data=['0x00', '0x00']
12:52:30.517  DEBUG   [poll]    -> read  st0cur    
12:52:30.522  DEBUG   [poll]    <- read  st0cur     ret=0  data=['0xfe', '0x01', '0x01', '0x02']
12:52:31.523  DEBUG   [poll]    -> read  st2mot    
12:52:31.531  DEBUG   [poll]    <- read  st2mot     ret=0  data=['0x00', '0x00']
12:52:31.532  DEBUG   [poll]    -> read  st0cur    
12:52:31.536  DEBUG   [poll]    <- read  st0cur     ret=0  data=['0xfe', '0x01', '0x01', '0x02']
12:52:32.538  DEBUG   [poll]    -> read  st2mot    
12:52:32.541  DEBUG   [poll]    <- read  st2mot     ret=0  data=['0x00', '0x00']
12:52:32.541  DEBUG   [poll]    -> read  st0cur    
12:52:32.545  DEBUG   [poll]    <- read  st0cur     ret=0  data=['0xfe', '0x01', '0x01', '0x02']
12:52:33.547  DEBUG   [poll]    -> read  st2mot    
12:52:33.550  DEBUG   [poll]    <- read  st2mot     ret=0  data=['0x00', '0x00']
12:52:33.551  DEBUG   [poll]    -> read  st0cur    
12:52:33.555  DEBUG   [poll]    <- read  st0cur     ret=0  data=['0xfe', '0x01', '0x01', '0x02']
12:52:34.556  DEBUG   [poll]    -> read  st2mot    
12:52:34.560  DEBUG   [poll]    <- read  st2mot     ret=0  data=['0x00', '0x00']
12:52:34.560  DEBUG   [poll]    -> read  st0cur    
12:52:34.565  DEBUG   [poll]    <- read  st0cur     ret=0  data=['0xfe', '0x01', '0x01', '0x02']
12:52:35.566  DEBUG   [poll]    -> read  st2mot    
12:52:35.569  DEBUG   [poll]    <- read  st2mot     ret=0  data=['0x00', '0x00']
12:52:35.570  DEBUG   [poll]    -> read  st0cur    
12:52:35.574  DEBUG   [poll]    <- read  st0cur     ret=0  data=['0xfe', '0x01', '0x01', '0x02']
12:52:36.575  DEBUG   [poll]    -> read  st2mot    
12:52:36.582  DEBUG   [poll]    <- read  st2mot     ret=0  data=['0x00', '0x00']
12:52:36.583  DEBUG   [poll]    -> read  st0cur    
12:52:36.587  DEBUG   [poll]    <- read  st0cur     ret=0  data=['0xfe', '0x01', '0x01', '0x02']
12:52:37.588  DEBUG   [poll]    -> read  st2mot    
12:52:37.592  DEBUG   [poll]    <- read  st2mot     ret=0  data=['0x00', '0x00']
12:52:37.592  DEBUG   [poll]    -> read  st0cur    
12:52:37.596  DEBUG   [poll]    <- read  st0cur     ret=0  data=['0xfe', '0x01', '0x00', '0x02']
12:52:38.598  DEBUG   [poll]    -> read  st2mot    
12:52:38.601  DEBUG   [poll]    <- read  st2mot     ret=0  data=['0x00', '0x00']
12:52:38.602  DEBUG   [poll]    -> read  st0cur    
12:52:38.606  DEBUG   [poll]    <- read  st0cur     ret=0  data=['0xfe', '0x01', '0x01', '0x02']
12:52:39.607  DEBUG   [poll]    -> read  st2mot    
12:52:39.611  DEBUG   [poll]    <- read  st2mot     ret=0  data=['0x00', '0x00']
12:52:39.611  DEBUG   [poll]    -> read  st0cur    
12:52:39.615  DEBUG   [poll]    <- read  st0cur     ret=0  data=['0xfe', '0x01', '0x01', '0x02']
12:52:40.617  DEBUG   [poll]    -> read  st2mot    
12:52:40.620  DEBUG   [poll]    <- read  st2mot     ret=0  data=['0x00', '0x00']
12:52:40.621  DEBUG   [poll]    -> read  st0cur    
12:52:40.625  DEBUG   [poll]    <- read  st0cur     ret=0  data=['0xfe', '0x01', '0x01', '0x02']
12:52:41.626  DEBUG   [poll]    -> read  st2mot    
12:52:41.633  DEBUG   [poll]    <- read  st2mot     ret=0  data=['0x00', '0x00']
12:52:41.633  DEBUG   [poll]    -> read  st0cur    
12:52:41.638  DEBUG   [poll]    <- read  st0cur     ret=0  data=['0xfd', '0x01', '0x01', '0x02']
12:52:42.639  DEBUG   [poll]    -> read  st2mot    
12:52:42.642  DEBUG   [poll]    <- read  st2mot     ret=0  data=['0x00', '0x00']
12:52:42.643  DEBUG   [poll]    -> read  st0cur    
12:52:42.647  DEBUG   [poll]    <- read  st0cur     ret=0  data=['0xfe', '0x01', '0x00', '0x02']
12:52:43.649  DEBUG   [poll]    -> read  st2mot    
12:52:43.652  DEBUG   [poll]    <- read  st2mot     ret=0  data=['0x00', '0x00']
12:52:43.652  DEBUG   [poll]    -> read  st0cur    
12:52:43.657  DEBUG   [poll]    <- read  st0cur     ret=0  data=['0xfe', '0x01', '0x01', '0x02']
12:52:44.658  DEBUG   [poll]    -> read  st2mot    
12:52:44.661  DEBUG   [poll]    <- read  st2mot     ret=0  data=['0x00', '0x00']
12:52:44.662  DEBUG   [poll]    -> read  st0cur    
12:52:44.666  DEBUG   [poll]    <- read  st0cur     ret=0  data=['0xfe', '0x01', '0x01', '0x02']
12:52:45.668  DEBUG   [poll]    -> read  st2mot    
12:52:45.671  DEBUG   [poll]    <- read  st2mot     ret=0  data=['0x00', '0x00']
12:52:45.671  DEBUG   [poll]    -> read  st0cur    
12:52:45.676  DEBUG   [poll]    <- read  st0cur     ret=0  data=['0xfe', '0x01', '0x01', '0x02']
12:52:46.677  DEBUG   [poll]    -> read  st2mot    
12:52:46.684  DEBUG   [poll]    <- read  st2mot     ret=0  data=['0x00', '0x00']
12:52:46.685  DEBUG   [poll]    -> read  st0cur    
12:52:46.689  DEBUG   [poll]    <- read  st0cur     ret=0  data=['0xfe', '0x01', '0x01', '0x02']
12:52:47.691  DEBUG   [poll]    -> read  st2mot    
12:52:47.694  DEBUG   [poll]    <- read  st2mot     ret=0  data=['0x00', '0x00']
12:52:47.694  DEBUG   [poll]    -> read  st0cur    
12:52:47.699  DEBUG   [poll]    <- read  st0cur     ret=0  data=['0xfe', '0x01', '0x01', '0x02']
12:52:48.700  DEBUG   [poll]    -> read  st2mot    
12:52:48.704  DEBUG   [poll]    <- read  st2mot     ret=0  data=['0x00', '0x00']
12:52:48.704  DEBUG   [poll]    -> read  st0cur    
12:52:48.708  DEBUG   [poll]    <- read  st0cur     ret=0  data=['0xfe', '0x01', '0x01', '0x02']
12:52:49.710  DEBUG   [poll]    -> read  st2mot    
12:52:49.713  DEBUG   [poll]    <- read  st2mot     ret=0  data=['0x00', '0x00']
12:52:49.713  DEBUG   [poll]    -> read  st0cur    
12:52:49.718  DEBUG   [poll]    <- read  st0cur     ret=0  data=['0xfe', '0x01', '0x01', '0x02']
12:52:50.719  DEBUG   [poll]    -> read  st2mot    
12:52:50.723  DEBUG   [poll]    <- read  st2mot     ret=0  data=['0x00', '0x00']
12:52:50.723  DEBUG   [poll]    -> read  st0cur    
12:52:50.727  DEBUG   [poll]    <- read  st0cur     ret=0  data=['0xfe', '0x01', '0x01', '0x02']
12:52:51.729  DEBUG   [poll]    -> read  st2mot    
12:52:51.736  DEBUG   [poll]    <- read  st2mot     ret=0  data=['0x00', '0x00']
12:52:51.736  DEBUG   [poll]    -> read  st0cur    
12:52:51.740  DEBUG   [poll]    <- read  st0cur     ret=0  data=['0xfe', '0x01', '0x01', '0x02']
12:52:52.742  DEBUG   [poll]    -> read  st2mot    
12:52:52.745  DEBUG   [poll]    <- read  st2mot     ret=0  data=['0x00', '0x00']
12:52:52.746  DEBUG   [poll]    -> read  st0cur    
12:52:52.750  DEBUG   [poll]    <- read  st0cur     ret=0  data=['0xfe', '0x01', '0x01', '0x02']
12:52:53.751  DEBUG   [poll]    -> read  st2mot    
12:52:53.755  DEBUG   [poll]    <- read  st2mot     ret=0  data=['0x00', '0x00']
12:52:53.755  DEBUG   [poll]    -> read  st0cur    
12:52:53.759  DEBUG   [poll]    <- read  st0cur     ret=0  data=['0xfe', '0x01', '0x01', '0x02']
12:52:54.761  DEBUG   [poll]    -> read  st2mot    
12:52:54.764  DEBUG   [poll]    <- read  st2mot     ret=0  data=['0x00', '0x00']
12:52:54.765  DEBUG   [poll]    -> read  st0cur    
12:52:54.769  DEBUG   [poll]    <- read  st0cur     ret=0  data=['0xfe', '0x01', '0x01', '0x02']
12:52:55.770  DEBUG   [poll]    -> read  st2mot    
12:52:55.774  DEBUG   [poll]    <- read  st2mot     ret=0  data=['0x00', '0x00']
12:52:55.774  DEBUG   [poll]    -> read  st0cur    
12:52:55.778  DEBUG   [poll]    <- read  st0cur     ret=0  data=['0xfe', '0x01', '0x01', '0x02']
12:52:56.780  DEBUG   [poll]    -> read  st2mot    
12:52:56.786  DEBUG   [poll]    <- read  st2mot     ret=0  data=['0x00', '0x00']
12:52:56.787  DEBUG   [poll]    -> read  st0cur    
12:52:56.791  DEBUG   [poll]    <- read  st0cur     ret=0  data=['0xfe', '0x01', '0x00', '0x02']
12:52:57.792  DEBUG   [poll]    -> read  st2mot    
12:52:57.796  DEBUG   [poll]    <- read  st2mot     ret=0  data=['0x00', '0x00']
12:52:57.796  DEBUG   [poll]    -> read  st0cur    
12:52:57.800  DEBUG   [poll]    <- read  st0cur     ret=0  data=['0xfe', '0x01', '0x01', '0x02']
12:52:58.802  DEBUG   [poll]    -> read  st2mot    
12:52:58.805  DEBUG   [poll]    <- read  st2mot     ret=0  data=['0x00', '0x00']
12:52:58.806  DEBUG   [poll]    -> read  st0cur    
12:52:58.810  DEBUG   [poll]    <- read  st0cur     ret=0  data=['0xfe', '0x01', '0x01', '0x02']
12:52:59.811  DEBUG   [poll]    -> read  st2mot    
12:52:59.815  DEBUG   [poll]    <- read  st2mot     ret=0  data=['0x00', '0x00']
12:52:59.815  DEBUG   [poll]    -> read  st0cur    
12:52:59.819  DEBUG   [poll]    <- read  st0cur     ret=0  data=['0xfe', '0x01', '0x00', '0x02']
12:53:00.821  DEBUG   [poll]    -> read  st2mot    
12:53:00.824  DEBUG   [poll]    <- read  st2mot     ret=0  data=['0x00', '0x00']
12:53:00.825  DEBUG   [poll]    -> read  st0cur    
12:53:00.829  DEBUG   [poll]    <- read  st0cur     ret=0  data=['0xfe', '0x01', '0x00', '0x02']
12:53:01.831  DEBUG   [poll]    -> read  st2mot    
12:53:01.837  DEBUG   [poll]    <- read  st2mot     ret=0  data=['0x00', '0x00']
12:53:01.838  DEBUG   [poll]    -> read  st0cur    
12:53:01.842  DEBUG   [poll]    <- read  st0cur     ret=0  data=['0xfe', '0x01', '0x01', '0x02']
12:53:02.844  DEBUG   [poll]    -> read  st2mot    
12:53:02.847  DEBUG   [poll]    <- read  st2mot     ret=0  data=['0x00', '0x00']
12:53:02.847  DEBUG   [poll]    -> read  st0cur    
12:53:02.851  DEBUG   [poll]    <- read  st0cur     ret=0  data=['0xfe', '0x01', '0x01', '0x02']
12:53:03.853  DEBUG   [poll]    -> read  st2mot    
12:53:03.856  DEBUG   [poll]    <- read  st2mot     ret=0  data=['0x00', '0x00']
12:53:03.857  DEBUG   [poll]    -> read  st0cur    
12:53:03.861  DEBUG   [poll]    <- read  st0cur     ret=0  data=['0xfd', '0x01', '0x01', '0x02']
12:53:04.862  DEBUG   [poll]    -> read  st2mot    
12:53:04.866  DEBUG   [poll]    <- read  st2mot     ret=0  data=['0x00', '0x00']
12:53:04.866  DEBUG   [poll]    -> read  st0cur    
12:53:04.870  DEBUG   [poll]    <- read  st0cur     ret=0  data=['0xfe', '0x01', '0x01', '0x02']
12:53:05.872  DEBUG   [poll]    -> read  st2mot    
12:53:05.875  DEBUG   [poll]    <- read  st2mot     ret=0  data=['0x00', '0x00']
12:53:05.876  DEBUG   [poll]    -> read  st0cur    
12:53:05.880  DEBUG   [poll]    <- read  st0cur     ret=0  data=['0xfd', '0x01', '0x01', '0x02']
12:53:06.881  DEBUG   [poll]    -> read  st2mot    
12:53:06.888  DEBUG   [poll]    <- read  st2mot     ret=0  data=['0x00', '0x00']
12:53:06.889  DEBUG   [poll]    -> read  st0cur    
12:53:06.893  DEBUG   [poll]    <- read  st0cur     ret=0  data=['0xfe', '0x01', '0x00', '0x02']
12:53:07.894  DEBUG   [poll]    -> read  st2mot    
12:53:07.898  DEBUG   [poll]    <- read  st2mot     ret=0  data=['0x00', '0x00']
12:53:07.898  DEBUG   [poll]    -> read  st0cur    
12:53:07.902  DEBUG   [poll]    <- read  st0cur     ret=0  data=['0xfe', '0x01', '0x01', '0x02']
12:53:08.904  DEBUG   [poll]    -> read  st2mot    
12:53:08.907  DEBUG   [poll]    <- read  st2mot     ret=0  data=['0x00', '0x00']
12:53:08.907  DEBUG   [poll]    -> read  st0cur    
12:53:08.912  DEBUG   [poll]    <- read  st0cur     ret=0  data=['0xfe', '0x01', '0x01', '0x02']
12:53:09.913  DEBUG   [poll]    -> read  st2mot    
12:53:09.917  DEBUG   [poll]    <- read  st2mot     ret=0  data=['0x00', '0x00']
12:53:09.917  DEBUG   [poll]    -> read  st0cur    
12:53:09.921  DEBUG   [poll]    <- read  st0cur     ret=0  data=['0xfe', '0x01', '0x00', '0x02']
12:53:10.923  DEBUG   [poll]    -> read  st2mot    
12:53:10.926  DEBUG   [poll]    <- read  st2mot     ret=0  data=['0x00', '0x00']
12:53:10.926  DEBUG   [poll]    -> read  st0cur    
12:53:10.931  DEBUG   [poll]    <- read  st0cur     ret=0  data=['0xfe', '0x01', '0x01', '0x02']
12:53:11.932  DEBUG   [poll]    -> read  st2mot    
12:53:11.939  DEBUG   [poll]    <- read  st2mot     ret=0  data=['0x00', '0x00']
12:53:11.939  DEBUG   [poll]    -> read  st0cur    
12:53:11.943  DEBUG   [poll]    <- read  st0cur     ret=0  data=['0xfe', '0x01', '0x01', '0x02']
12:53:12.945  DEBUG   [poll]    -> read  st2mot    
12:53:12.948  DEBUG   [poll]    <- read  st2mot     ret=0  data=['0x00', '0x00']
12:53:12.949  DEBUG   [poll]    -> read  st0cur    
12:53:12.953  DEBUG   [poll]    <- read  st0cur     ret=0  data=['0xfe', '0x01', '0x01', '0x02']
12:53:13.954  DEBUG   [poll]    -> read  st2mot    
12:53:13.958  DEBUG   [poll]    <- read  st2mot     ret=0  data=['0x00', '0x00']
12:53:13.958  DEBUG   [poll]    -> read  st0cur    
12:53:13.962  DEBUG   [poll]    <- read  st0cur     ret=0  data=['0xfe', '0x01', '0x01', '0x02']
12:53:14.964  DEBUG   [poll]    -> read  st2mot    
12:53:14.967  DEBUG   [poll]    <- read  st2mot     ret=0  data=['0x00', '0x00']
12:53:14.967  DEBUG   [poll]    -> read  st0cur    
12:53:14.971  DEBUG   [poll]    <- read  st0cur     ret=0  data=['0xfd', '0x01', '0x01', '0x02']
12:53:15.973  DEBUG   [poll]    -> read  st2mot    
12:53:15.976  DEBUG   [poll]    <- read  st2mot     ret=0  data=['0x00', '0x00']
12:53:15.977  DEBUG   [poll]    -> read  st0cur    
12:53:15.981  DEBUG   [poll]    <- read  st0cur     ret=0  data=['0xfe', '0x01', '0x01', '0x02']
12:53:16.982  DEBUG   [poll]    -> read  st2mot    
12:53:16.986  DEBUG   [poll]    <- read  st2mot     ret=0  data=['0x00', '0x00']
12:53:16.986  DEBUG   [poll]    -> read  st0cur    
12:53:16.991  DEBUG   [poll]    <- read  st0cur     ret=0  data=['0xfe', '0x01', '0x01', '0x02']
12:53:17.992  DEBUG   [poll]    -> read  st2mot    
12:53:17.995  DEBUG   [poll]    <- read  st2mot     ret=0  data=['0x00', '0x00']
12:53:17.996  DEBUG   [poll]    -> read  st0cur    
12:53:18.000  DEBUG   [poll]    <- read  st0cur     ret=0  data=['0xfe', '0x01', '0x01', '0x02']
12:53:19.002  DEBUG   [poll]    -> read  st2mot    
12:53:19.005  DEBUG   [poll]    <- read  st2mot     ret=0  data=['0x00', '0x00']
12:53:19.006  DEBUG   [poll]    -> read  st0cur    
12:53:19.010  DEBUG   [poll]    <- read  st0cur     ret=0  data=['0xfe', '0x01', '0x01', '0x02']
12:53:20.012  DEBUG   [poll]    -> read  st2mot    
12:53:20.015  DEBUG   [poll]    <- read  st2mot     ret=0  data=['0x00', '0x00']
12:53:20.015  DEBUG   [poll]    -> read  st0cur    
12:53:20.019  DEBUG   [poll]    <- read  st0cur     ret=0  data=['0xfe', '0x01', '0x01', '0x02']
12:53:21.021  DEBUG   [poll]    -> read  st2mot    
12:53:21.024  DEBUG   [poll]    <- read  st2mot     ret=0  data=['0x00', '0x00']
12:53:21.025  DEBUG   [poll]    -> read  st0cur    
12:53:21.029  DEBUG   [poll]    <- read  st0cur     ret=0  data=['0xfe', '0x01', '0x01', '0x02']
12:53:22.030  DEBUG   [poll]    -> read  st2mot    
12:53:22.037  DEBUG   [poll]    <- read  st2mot     ret=0  data=['0x00', '0x00']
12:53:22.038  DEBUG   [poll]    -> read  st0cur    
12:53:22.042  DEBUG   [poll]    <- read  st0cur     ret=0  data=['0xfe', '0x01', '0x01', '0x02']
12:53:23.044  DEBUG   [poll]    -> read  st2mot    
12:53:23.047  DEBUG   [poll]    <- read  st2mot     ret=0  data=['0x00', '0x00']
12:53:23.047  DEBUG   [poll]    -> read  st0cur    
12:53:23.052  DEBUG   [poll]    <- read  st0cur     ret=0  data=['0xfe', '0x01', '0x01', '0x02']
12:53:24.053  DEBUG   [poll]    -> read  st2mot    
12:53:24.056  DEBUG   [poll]    <- read  st2mot     ret=0  data=['0x00', '0x00']
12:53:24.057  DEBUG   [poll]    -> read  st0cur    
12:53:24.061  DEBUG   [poll]    <- read  st0cur     ret=0  data=['0xfe', '0x01', '0x01', '0x02']
12:53:25.062  DEBUG   [poll]    -> read  st2mot    
12:53:25.066  DEBUG   [poll]    <- read  st2mot     ret=0  data=['0x00', '0x00']
12:53:25.066  DEBUG   [poll]    -> read  st0cur    
12:53:25.071  DEBUG   [poll]    <- read  st0cur     ret=0  data=['0xfe', '0x01', '0x01', '0x02']
12:53:26.072  DEBUG   [poll]    -> read  st2mot    
12:53:26.075  DEBUG   [poll]    <- read  st2mot     ret=0  data=['0x00', '0x00']
12:53:26.076  DEBUG   [poll]    -> read  st0cur    
12:53:26.080  DEBUG   [poll]    <- read  st0cur     ret=0  data=['0xfe', '0x01', '0x01', '0x02']
12:53:27.081  DEBUG   [poll]    -> read  st2mot    
12:53:27.088  DEBUG   [poll]    <- read  st2mot     ret=0  data=['0x00', '0x00']
12:53:27.089  DEBUG   [poll]    -> read  st0cur    
12:53:27.093  DEBUG   [poll]    <- read  st0cur     ret=0  data=['0xfe', '0x01', '0x01', '0x02']
12:53:28.094  DEBUG   [poll]    -> read  st2mot    
12:53:28.098  DEBUG   [poll]    <- read  st2mot     ret=0  data=['0x00', '0x00']
12:53:28.098  DEBUG   [poll]    -> read  st0cur    
12:53:28.102  DEBUG   [poll]    <- read  st0cur     ret=0  data=['0xfe', '0x01', '0x01', '0x02']
12:53:29.104  DEBUG   [poll]    -> read  st2mot    
12:53:29.107  DEBUG   [poll]    <- read  st2mot     ret=0  data=['0x00', '0x00']
12:53:29.108  DEBUG   [poll]    -> read  st0cur    
12:53:29.112  DEBUG   [poll]    <- read  st0cur     ret=0  data=['0xfe', '0x01', '0x01', '0x02']
12:53:30.113  DEBUG   [poll]    -> read  st2mot    
12:53:30.117  DEBUG   [poll]    <- read  st2mot     ret=0  data=['0x00', '0x00']
12:53:30.117  DEBUG   [poll]    -> read  st0cur    
12:53:30.121  DEBUG   [poll]    <- read  st0cur     ret=0  data=['0xfd', '0x01', '0x01', '0x02']
12:53:31.123  DEBUG   [poll]    -> read  st2mot    
12:53:31.126  DEBUG   [poll]    <- read  st2mot     ret=0  data=['0x00', '0x00']
12:53:31.126  DEBUG   [poll]    -> read  st0cur    
12:53:31.131  DEBUG   [poll]    <- read  st0cur     ret=0  data=['0xfe', '0x01', '0x01', '0x02']
12:53:32.132  DEBUG   [poll]    -> read  st2mot    
12:53:32.139  DEBUG   [poll]    <- read  st2mot     ret=0  data=['0x00', '0x00']
12:53:32.139  DEBUG   [poll]    -> read  st0cur    
12:53:32.144  DEBUG   [poll]    <- read  st0cur     ret=0  data=['0xfe', '0x01', '0x01', '0x02']
12:53:33.145  DEBUG   [poll]    -> read  st2mot    
12:53:33.148  DEBUG   [poll]    <- read  st2mot     ret=0  data=['0x00', '0x00']
12:53:33.149  DEBUG   [poll]    -> read  st0cur    
12:53:33.153  DEBUG   [poll]    <- read  st0cur     ret=0  data=['0xfe', '0x01', '0x01', '0x02']
12:53:34.154  DEBUG   [poll]    -> read  st2mot    
12:53:34.158  DEBUG   [poll]    <- read  st2mot     ret=0  data=['0x00', '0x00']
12:53:34.158  DEBUG   [poll]    -> read  st0cur    
12:53:34.162  DEBUG   [poll]    <- read  st0cur     ret=0  data=['0xfe', '0x01', '0x01', '0x02']
12:53:35.164  DEBUG   [poll]    -> read  st2mot    
12:53:35.167  DEBUG   [poll]    <- read  st2mot     ret=0  data=['0x00', '0x00']
12:53:35.168  DEBUG   [poll]    -> read  st0cur    
12:53:35.172  DEBUG   [poll]    <- read  st0cur     ret=0  data=['0xfe', '0x01', '0x01', '0x02']
12:53:36.173  DEBUG   [poll]    -> read  st2mot    
12:53:36.177  DEBUG   [poll]    <- read  st2mot     ret=0  data=['0x00', '0x00']
12:53:36.177  DEBUG   [poll]    -> read  st0cur    
12:53:36.181  DEBUG   [poll]    <- read  st0cur     ret=0  data=['0xfe', '0x01', '0x01', '0x02']
12:53:37.183  DEBUG   [poll]    -> read  st2mot    
12:53:37.190  DEBUG   [poll]    <- read  st2mot     ret=0  data=['0x00', '0x00']
12:53:37.190  DEBUG   [poll]    -> read  st0cur    
12:53:37.194  DEBUG   [poll]    <- read  st0cur     ret=0  data=['0xfe', '0x01', '0x01', '0x02']
12:53:38.196  DEBUG   [poll]    -> read  st2mot    
12:53:38.199  DEBUG   [poll]    <- read  st2mot     ret=0  data=['0x00', '0x00']
12:53:38.200  DEBUG   [poll]    -> read  st0cur    
12:53:38.204  DEBUG   [poll]    <- read  st0cur     ret=0  data=['0xfe', '0x01', '0x01', '0x02']
12:53:39.205  DEBUG   [poll]    -> read  st2mot    
12:53:39.209  DEBUG   [poll]    <- read  st2mot     ret=0  data=['0x00', '0x00']
12:53:39.209  DEBUG   [poll]    -> read  st0cur    
12:53:39.213  DEBUG   [poll]    <- read  st0cur     ret=0  data=['0xfe', '0x01', '0x00', '0x02']
12:53:40.215  DEBUG   [poll]    -> read  st2mot    
12:53:40.218  DEBUG   [poll]    <- read  st2mot     ret=0  data=['0x00', '0x00']
12:53:40.219  DEBUG   [poll]    -> read  st0cur    
12:53:40.223  DEBUG   [poll]    <- read  st0cur     ret=0  data=['0xfe', '0x01', '0x00', '0x02']
12:53:41.224  DEBUG   [poll]    -> read  st2mot    
12:53:41.228  DEBUG   [poll]    <- read  st2mot     ret=0  data=['0x00', '0x00']
12:53:41.228  DEBUG   [poll]    -> read  st0cur    
12:53:41.232  DEBUG   [poll]    <- read  st0cur     ret=0  data=['0xfe', '0x01', '0x01', '0x02']
12:53:42.234  DEBUG   [poll]    -> read  st2mot    
12:53:42.241  DEBUG   [poll]    <- read  st2mot     ret=0  data=['0x00', '0x00']
12:53:42.241  DEBUG   [poll]    -> read  st0cur    
12:53:42.245  DEBUG   [poll]    <- read  st0cur     ret=0  data=['0xfe', '0x01', '0x01', '0x02']
12:53:43.247  DEBUG   [poll]    -> read  st2mot    
12:53:43.250  DEBUG   [poll]    <- read  st2mot     ret=0  data=['0x00', '0x00']
12:53:43.250  DEBUG   [poll]    -> read  st0cur    
12:53:43.255  DEBUG   [poll]    <- read  st0cur     ret=0  data=['0xfe', '0x01', '0x00', '0x02']
12:53:44.256  DEBUG   [poll]    -> read  st2mot    
12:53:44.259  DEBUG   [poll]    <- read  st2mot     ret=0  data=['0x00', '0x00']
12:53:44.260  DEBUG   [poll]    -> read  st0cur    
12:53:44.264  DEBUG   [poll]    <- read  st0cur     ret=0  data=['0xfe', '0x01', '0x01', '0x02']
12:53:45.266  DEBUG   [poll]    -> read  st2mot    
12:53:45.269  DEBUG   [poll]    <- read  st2mot     ret=0  data=['0x00', '0x00']
12:53:45.269  DEBUG   [poll]    -> read  st0cur    
12:53:45.274  DEBUG   [poll]    <- read  st0cur     ret=0  data=['0xfe', '0x01', '0x00', '0x02']
12:53:46.275  DEBUG   [poll]    -> read  st2mot    
12:53:46.278  DEBUG   [poll]    <- read  st2mot     ret=0  data=['0x00', '0x00']
12:53:46.279  DEBUG   [poll]    -> read  st0cur    
12:53:46.283  DEBUG   [poll]    <- read  st0cur     ret=0  data=['0xfe', '0x01', '0x01', '0x02']
12:53:47.285  DEBUG   [poll]    -> read  st2mot    
12:53:47.292  DEBUG   [poll]    <- read  st2mot     ret=0  data=['0x00', '0x00']
12:53:47.292  DEBUG   [poll]    -> read  st0cur    
12:53:47.297  DEBUG   [poll]    <- read  st0cur     ret=0  data=['0xfe', '0x01', '0x01', '0x02']
12:53:48.298  DEBUG   [poll]    -> read  st2mot    
12:53:48.302  DEBUG   [poll]    <- read  st2mot     ret=0  data=['0x00', '0x00']
12:53:48.302  DEBUG   [poll]    -> read  st0cur    
12:53:48.306  DEBUG   [poll]    <- read  st0cur     ret=0  data=['0xfe', '0x01', '0x00', '0x02']
12:53:49.308  DEBUG   [poll]    -> read  st2mot    
12:53:49.311  DEBUG   [poll]    <- read  st2mot     ret=0  data=['0x00', '0x00']
12:53:49.311  DEBUG   [poll]    -> read  st0cur    
12:53:49.316  DEBUG   [poll]    <- read  st0cur     ret=0  data=['0xfe', '0x01', '0x01', '0x02']
12:53:50.317  DEBUG   [poll]    -> read  st2mot    
12:53:50.321  DEBUG   [poll]    <- read  st2mot     ret=0  data=['0x00', '0x00']
12:53:50.321  DEBUG   [poll]    -> read  st0cur    
12:53:50.325  DEBUG   [poll]    <- read  st0cur     ret=0  data=['0xfe', '0x01', '0x01', '0x02']
12:53:51.327  DEBUG   [poll]    -> read  st2mot    
12:53:51.330  DEBUG   [poll]    <- read  st2mot     ret=0  data=['0x00', '0x00']
12:53:51.331  DEBUG   [poll]    -> read  st0cur    
12:53:51.335  DEBUG   [poll]    <- read  st0cur     ret=0  data=['0xfe', '0x01', '0x01', '0x02']
12:53:52.336  DEBUG   [poll]    -> read  st2mot    
12:53:52.343  DEBUG   [poll]    <- read  st2mot     ret=0  data=['0x00', '0x00']
12:53:52.344  DEBUG   [poll]    -> read  st0cur    
12:53:52.348  DEBUG   [poll]    <- read  st0cur     ret=0  data=['0xfe', '0x01', '0x01', '0x02']
12:53:53.349  DEBUG   [poll]    -> read  st2mot    
12:53:53.353  DEBUG   [poll]    <- read  st2mot     ret=0  data=['0x00', '0x00']
12:53:53.353  DEBUG   [poll]    -> read  st0cur    
12:53:53.357  DEBUG   [poll]    <- read  st0cur     ret=0  data=['0xfe', '0x01', '0x01', '0x02']
12:53:54.359  DEBUG   [poll]    -> read  st2mot    
12:53:54.362  DEBUG   [poll]    <- read  st2mot     ret=0  data=['0x00', '0x00']
12:53:54.363  DEBUG   [poll]    -> read  st0cur    
12:53:54.367  DEBUG   [poll]    <- read  st0cur     ret=0  data=['0xfe', '0x01', '0x00', '0x02']
12:53:55.368  DEBUG   [poll]    -> read  st2mot    
12:53:55.372  DEBUG   [poll]    <- read  st2mot     ret=0  data=['0x00', '0x00']
12:53:55.372  DEBUG   [poll]    -> read  st0cur    
12:53:55.376  DEBUG   [poll]    <- read  st0cur     ret=0  data=['0xfe', '0x01', '0x01', '0x02']
12:53:56.378  DEBUG   [poll]    -> read  st2mot    
12:53:56.381  DEBUG   [poll]    <- read  st2mot     ret=0  data=['0x00', '0x00']
12:53:56.382  DEBUG   [poll]    -> read  st0cur    
12:53:56.386  DEBUG   [poll]    <- read  st0cur     ret=0  data=['0xfe', '0x01', '0x01', '0x02']
12:53:57.387  DEBUG   [poll]    -> read  st2mot    
12:53:57.394  DEBUG   [poll]    <- read  st2mot     ret=0  data=['0x00', '0x00']
12:53:57.394  DEBUG   [poll]    -> read  st0cur    
12:53:57.399  DEBUG   [poll]    <- read  st0cur     ret=0  data=['0xfe', '0x01', '0x01', '0x02']
12:53:58.400  DEBUG   [poll]    -> read  st2mot    
12:53:58.404  DEBUG   [poll]    <- read  st2mot     ret=0  data=['0x00', '0x00']
12:53:58.404  DEBUG   [poll]    -> read  st0cur    
12:53:58.408  DEBUG   [poll]    <- read  st0cur     ret=0  data=['0xfe', '0x01', '0x01', '0x02']
12:53:59.410  DEBUG   [poll]    -> read  st2mot    
12:53:59.413  DEBUG   [poll]    <- read  st2mot     ret=0  data=['0x00', '0x00']
12:53:59.413  DEBUG   [poll]    -> read  st0cur    
12:53:59.418  DEBUG   [poll]    <- read  st0cur     ret=0  data=['0xfe', '0x01', '0x01', '0x02']
12:54:00.419  DEBUG   [poll]    -> read  st2mot    
12:54:00.422  DEBUG   [poll]    <- read  st2mot     ret=0  data=['0x00', '0x00']
12:54:00.423  DEBUG   [poll]    -> read  st0cur    
12:54:00.427  DEBUG   [poll]    <- read  st0cur     ret=0  data=['0xfe', '0x01', '0x01', '0x02']
12:54:01.429  DEBUG   [poll]    -> read  st2mot    
12:54:01.432  DEBUG   [poll]    <- read  st2mot     ret=0  data=['0x00', '0x00']
12:54:01.432  DEBUG   [poll]    -> read  st0cur    
12:54:01.437  DEBUG   [poll]    <- read  st0cur     ret=0  data=['0xfe', '0x01', '0x00', '0x02']
12:54:02.438  DEBUG   [poll]    -> read  st2mot    
12:54:02.445  DEBUG   [poll]    <- read  st2mot     ret=0  data=['0x00', '0x00']
12:54:02.445  DEBUG   [poll]    -> read  st0cur    
12:54:02.450  DEBUG   [poll]    <- read  st0cur     ret=0  data=['0xfe', '0x01', '0x01', '0x02']
12:54:03.451  DEBUG   [poll]    -> read  st2mot    
12:54:03.455  DEBUG   [poll]    <- read  st2mot     ret=0  data=['0x00', '0x00']
12:54:03.455  DEBUG   [poll]    -> read  st0cur    
12:54:03.459  DEBUG   [poll]    <- read  st0cur     ret=0  data=['0xfe', '0x01', '0x01', '0x02']
12:54:04.461  DEBUG   [poll]    -> read  st2mot    
12:54:04.464  DEBUG   [poll]    <- read  st2mot     ret=0  data=['0x00', '0x00']
12:54:04.464  DEBUG   [poll]    -> read  st0cur    
12:54:04.469  DEBUG   [poll]    <- read  st0cur     ret=0  data=['0xfe', '0x01', '0x00', '0x02']
12:54:05.470  DEBUG   [poll]    -> read  st2mot    
12:54:05.474  DEBUG   [poll]    <- read  st2mot     ret=0  data=['0x00', '0x00']
12:54:05.474  DEBUG   [poll]    -> read  st0cur    
12:54:05.478  DEBUG   [poll]    <- read  st0cur     ret=0  data=['0xfe', '0x01', '0x01', '0x02']
12:54:06.480  DEBUG   [poll]    -> read  st2mot    
12:54:06.483  DEBUG   [poll]    <- read  st2mot     ret=0  data=['0x00', '0x00']
12:54:06.483  DEBUG   [poll]    -> read  st0cur    
12:54:06.488  DEBUG   [poll]    <- read  st0cur     ret=0  data=['0xfe', '0x01', '0x00', '0x02']
12:54:07.489  DEBUG   [poll]    -> read  st2mot    
12:54:07.496  DEBUG   [poll]    <- read  st2mot     ret=0  data=['0x00', '0x00']
12:54:07.496  DEBUG   [poll]    -> read  st0cur    
12:54:07.501  DEBUG   [poll]    <- read  st0cur     ret=0  data=['0xfe', '0x01', '0x01', '0x02']
12:54:08.502  DEBUG   [poll]    -> read  st2mot    
12:54:08.506  DEBUG   [poll]    <- read  st2mot     ret=0  data=['0x00', '0x00']
12:54:08.506  DEBUG   [poll]    -> read  st0cur    
12:54:08.510  DEBUG   [poll]    <- read  st0cur     ret=0  data=['0xfe', '0x01', '0x01', '0x02']
12:54:09.512  DEBUG   [poll]    -> read  st2mot    
12:54:09.515  DEBUG   [poll]    <- read  st2mot     ret=0  data=['0x00', '0x00']
12:54:09.515  DEBUG   [poll]    -> read  st0cur    
12:54:09.520  DEBUG   [poll]    <- read  st0cur     ret=0  data=['0xfe', '0x01', '0x00', '0x02']
12:54:10.521  DEBUG   [poll]    -> read  st2mot    
12:54:10.524  DEBUG   [poll]    <- read  st2mot     ret=0  data=['0x00', '0x00']
12:54:10.525  DEBUG   [poll]    -> read  st0cur    
12:54:10.529  DEBUG   [poll]    <- read  st0cur     ret=0  data=['0xfe', '0x01', '0x01', '0x02']
12:54:11.530  DEBUG   [poll]    -> read  st2mot    
12:54:11.534  DEBUG   [poll]    <- read  st2mot     ret=0  data=['0x00', '0x00']
12:54:11.534  DEBUG   [poll]    -> read  st0cur    
12:54:11.538  DEBUG   [poll]    <- read  st0cur     ret=0  data=['0xfe', '0x01', '0x01', '0x02']
12:54:12.540  DEBUG   [poll]    -> read  st2mot    
12:54:12.547  DEBUG   [poll]    <- read  st2mot     ret=0  data=['0x00', '0x00']
12:54:12.547  DEBUG   [poll]    -> read  st0cur    
12:54:12.551  DEBUG   [poll]    <- read  st0cur     ret=0  data=['0xfe', '0x01', '0x01', '0x02']
12:54:13.553  DEBUG   [poll]    -> read  st2mot    
12:54:13.556  DEBUG   [poll]    <- read  st2mot     ret=0  data=['0x00', '0x00']
12:54:13.557  DEBUG   [poll]    -> read  st0cur    
12:54:13.561  DEBUG   [poll]    <- read  st0cur     ret=0  data=['0xfe', '0x01', '0x01', '0x02']
12:54:14.563  DEBUG   [poll]    -> read  st2mot    
12:54:14.566  DEBUG   [poll]    <- read  st2mot     ret=0  data=['0x00', '0x00']
12:54:14.566  DEBUG   [poll]    -> read  st0cur    
12:54:14.571  DEBUG   [poll]    <- read  st0cur     ret=0  data=['0xfd', '0x01', '0x01', '0x02']
12:54:15.572  DEBUG   [poll]    -> read  st2mot    
12:54:15.576  DEBUG   [poll]    <- read  st2mot     ret=0  data=['0x00', '0x00']
12:54:15.576  DEBUG   [poll]    -> read  st0cur    
12:54:15.580  DEBUG   [poll]    <- read  st0cur     ret=0  data=['0xfd', '0x01', '0x00', '0x02']
12:54:16.582  DEBUG   [poll]    -> read  st2mot    
12:54:16.585  DEBUG   [poll]    <- read  st2mot     ret=0  data=['0x00', '0x00']
12:54:16.586  DEBUG   [poll]    -> read  st0cur    
12:54:16.590  DEBUG   [poll]    <- read  st0cur     ret=0  data=['0xfe', '0x01', '0x00', '0x02']
12:54:17.592  DEBUG   [poll]    -> read  st2mot    
12:54:17.598  DEBUG   [poll]    <- read  st2mot     ret=0  data=['0x00', '0x00']
12:54:17.599  DEBUG   [poll]    -> read  st0cur    
12:54:17.603  DEBUG   [poll]    <- read  st0cur     ret=0  data=['0xfe', '0x01', '0x01', '0x02']
12:54:18.605  DEBUG   [poll]    -> read  st2mot    
12:54:18.608  DEBUG   [poll]    <- read  st2mot     ret=0  data=['0x00', '0x00']
12:54:18.609  DEBUG   [poll]    -> read  st0cur    
12:54:18.613  DEBUG   [poll]    <- read  st0cur     ret=0  data=['0xfe', '0x01', '0x00', '0x02']
12:54:19.614  DEBUG   [poll]    -> read  st2mot    
12:54:19.618  DEBUG   [poll]    <- read  st2mot     ret=0  data=['0x00', '0x00']
12:54:19.618  DEBUG   [poll]    -> read  st0cur    
12:54:19.622  DEBUG   [poll]    <- read  st0cur     ret=0  data=['0xfe', '0x01', '0x00', '0x02']
12:54:20.624  DEBUG   [poll]    -> read  st2mot    
12:54:20.627  DEBUG   [poll]    <- read  st2mot     ret=0  data=['0x00', '0x00']
12:54:20.627  DEBUG   [poll]    -> read  st0cur    
12:54:20.632  DEBUG   [poll]    <- read  st0cur     ret=0  data=['0xfe', '0x01', '0x01', '0x02']
12:54:21.633  DEBUG   [poll]    -> read  st2mot    
12:54:21.637  DEBUG   [poll]    <- read  st2mot     ret=0  data=['0x00', '0x00']
12:54:21.637  DEBUG   [poll]    -> read  st0cur    
12:54:21.641  DEBUG   [poll]    <- read  st0cur     ret=0  data=['0xfe', '0x01', '0x00', '0x02']
12:54:22.643  DEBUG   [poll]    -> read  st2mot    
12:54:22.650  DEBUG   [poll]    <- read  st2mot     ret=0  data=['0x00', '0x00']
12:54:22.651  DEBUG   [poll]    -> read  st0cur    
12:54:22.655  DEBUG   [poll]    <- read  st0cur     ret=0  data=['0xfe', '0x01', '0x01', '0x02']
12:54:23.656  DEBUG   [poll]    -> read  st2mot    
12:54:23.660  DEBUG   [poll]    <- read  st2mot     ret=0  data=['0x00', '0x00']
12:54:23.660  DEBUG   [poll]    -> read  st0cur    
12:54:23.665  DEBUG   [poll]    <- read  st0cur     ret=0  data=['0xfe', '0x01', '0x01', '0x02']
12:54:24.666  DEBUG   [poll]    -> read  st2mot    
12:54:24.669  DEBUG   [poll]    <- read  st2mot     ret=0  data=['0x00', '0x00']
12:54:24.670  DEBUG   [poll]    -> read  st0cur    
12:54:24.674  DEBUG   [poll]    <- read  st0cur     ret=0  data=['0xfe', '0x01', '0x00', '0x02']
12:54:25.675  DEBUG   [poll]    -> read  st2mot    
12:54:25.679  DEBUG   [poll]    <- read  st2mot     ret=0  data=['0x00', '0x00']
12:54:25.679  DEBUG   [poll]    -> read  st0cur    
12:54:25.683  DEBUG   [poll]    <- read  st0cur     ret=0  data=['0xfd', '0x01', '0x01', '0x02']
12:54:26.685  DEBUG   [poll]    -> read  st2mot    
12:54:26.688  DEBUG   [poll]    <- read  st2mot     ret=0  data=['0x00', '0x00']
12:54:26.689  DEBUG   [poll]    -> read  st0cur    
12:54:26.693  DEBUG   [poll]    <- read  st0cur     ret=0  data=['0xfd', '0x01', '0x01', '0x02']
12:54:27.694  DEBUG   [poll]    -> read  st2mot    
12:54:27.701  DEBUG   [poll]    <- read  st2mot     ret=0  data=['0x00', '0x00']
12:54:27.702  DEBUG   [poll]    -> read  st0cur    
12:54:27.706  DEBUG   [poll]    <- read  st0cur     ret=0  data=['0xfe', '0x01', '0x01', '0x02']
12:54:28.707  DEBUG   [poll]    -> read  st2mot    
12:54:28.711  DEBUG   [poll]    <- read  st2mot     ret=0  data=['0x00', '0x00']
12:54:28.711  DEBUG   [poll]    -> read  st0cur    
12:54:28.715  DEBUG   [poll]    <- read  st0cur     ret=0  data=['0xfe', '0x01', '0x01', '0x02']
12:54:29.717  DEBUG   [poll]    -> read  st2mot    
12:54:29.720  DEBUG   [poll]    <- read  st2mot     ret=0  data=['0x00', '0x00']
12:54:29.721  DEBUG   [poll]    -> read  st0cur    
12:54:29.725  DEBUG   [poll]    <- read  st0cur     ret=0  data=['0xfe', '0x01', '0x01', '0x02']
12:54:30.726  DEBUG   [poll]    -> read  st2mot    
12:54:30.730  DEBUG   [poll]    <- read  st2mot     ret=0  data=['0x00', '0x00']
12:54:30.730  DEBUG   [poll]    -> read  st0cur    
12:54:30.734  DEBUG   [poll]    <- read  st0cur     ret=0  data=['0xfe', '0x01', '0x00', '0x02']
12:54:31.736  DEBUG   [poll]    -> read  st2mot    
12:54:31.739  DEBUG   [poll]    <- read  st2mot     ret=0  data=['0x00', '0x00']
12:54:31.739  DEBUG   [poll]    -> read  st0cur    
12:54:31.744  DEBUG   [poll]    <- read  st0cur     ret=0  data=['0xfe', '0x01', '0x01', '0x02']
12:54:32.745  DEBUG   [poll]    -> read  st2mot    
12:54:32.752  DEBUG   [poll]    <- read  st2mot     ret=0  data=['0x00', '0x00']
12:54:32.753  DEBUG   [poll]    -> read  st0cur    
12:54:32.757  DEBUG   [poll]    <- read  st0cur     ret=0  data=['0xfe', '0x01', '0x01', '0x02']
12:54:33.758  DEBUG   [poll]    -> read  st2mot    
12:54:33.762  DEBUG   [poll]    <- read  st2mot     ret=0  data=['0x00', '0x00']
12:54:33.762  DEBUG   [poll]    -> read  st0cur    
12:54:33.766  DEBUG   [poll]    <- read  st0cur     ret=0  data=['0xfe', '0x01', '0x01', '0x02']
12:54:34.768  DEBUG   [poll]    -> read  st2mot    
12:54:34.771  DEBUG   [poll]    <- read  st2mot     ret=0  data=['0x00', '0x00']
12:54:34.772  DEBUG   [poll]    -> read  st0cur    
12:54:34.776  DEBUG   [poll]    <- read  st0cur     ret=0  data=['0xfe', '0x01', '0x01', '0x02']
12:54:35.777  DEBUG   [poll]    -> read  st2mot    
12:54:35.781  DEBUG   [poll]    <- read  st2mot     ret=0  data=['0x00', '0x00']
12:54:35.781  DEBUG   [poll]    -> read  st0cur    
12:54:35.785  DEBUG   [poll]    <- read  st0cur     ret=0  data=['0xfe', '0x01', '0x01', '0x02']
12:54:36.787  DEBUG   [poll]    -> read  st2mot    
12:54:36.790  DEBUG   [poll]    <- read  st2mot     ret=0  data=['0x00', '0x00']
12:54:36.791  DEBUG   [poll]    -> read  st0cur    
12:54:36.795  DEBUG   [poll]    <- read  st0cur     ret=0  data=['0xfe', '0x01', '0x00', '0x02']
12:54:37.796  DEBUG   [poll]    -> read  st2mot    
12:54:37.803  DEBUG   [poll]    <- read  st2mot     ret=0  data=['0x00', '0x00']
12:54:37.803  DEBUG   [poll]    -> read  st0cur    
12:54:37.807  DEBUG   [poll]    <- read  st0cur     ret=0  data=['0xfe', '0x01', '0x00', '0x02']
12:54:38.809  DEBUG   [poll]    -> read  st2mot    
12:54:38.812  DEBUG   [poll]    <- read  st2mot     ret=0  data=['0x00', '0x00']
12:54:38.813  DEBUG   [poll]    -> read  st0cur    
12:54:38.817  DEBUG   [poll]    <- read  st0cur     ret=0  data=['0xfe', '0x01', '0x01', '0x02']
12:54:39.818  DEBUG   [poll]    -> read  st2mot    
12:54:39.822  DEBUG   [poll]    <- read  st2mot     ret=0  data=['0x00', '0x00']
12:54:39.822  DEBUG   [poll]    -> read  st0cur    
12:54:39.826  DEBUG   [poll]    <- read  st0cur     ret=0  data=['0xfe', '0x01', '0x01', '0x02']
12:54:40.828  DEBUG   [poll]    -> read  st2mot    
12:54:40.831  DEBUG   [poll]    <- read  st2mot     ret=0  data=['0x00', '0x00']
12:54:40.831  DEBUG   [poll]    -> read  st0cur    
12:54:40.836  DEBUG   [poll]    <- read  st0cur     ret=0  data=['0xfe', '0x01', '0x01', '0x02']
12:54:41.837  DEBUG   [poll]    -> read  st2mot    
12:54:41.840  DEBUG   [poll]    <- read  st2mot     ret=0  data=['0x00', '0x00']
12:54:41.841  DEBUG   [poll]    -> read  st0cur    
12:54:41.845  DEBUG   [poll]    <- read  st0cur     ret=0  data=['0xfe', '0x01', '0x01', '0x02']
12:54:42.847  DEBUG   [poll]    -> read  st2mot    
12:54:42.853  DEBUG   [poll]    <- read  st2mot     ret=0  data=['0x00', '0x00']
12:54:42.854  DEBUG   [poll]    -> read  st0cur    
12:54:42.858  DEBUG   [poll]    <- read  st0cur     ret=0  data=['0xfe', '0x01', '0x01', '0x02']
12:54:43.860  DEBUG   [poll]    -> read  st2mot    
12:54:43.863  DEBUG   [poll]    <- read  st2mot     ret=0  data=['0x00', '0x00']
12:54:43.863  DEBUG   [poll]    -> read  st0cur    
12:54:43.868  DEBUG   [poll]    <- read  st0cur     ret=0  data=['0xfe', '0x01', '0x01', '0x02']
12:54:44.869  DEBUG   [poll]    -> read  st2mot    
12:54:44.872  DEBUG   [poll]    <- read  st2mot     ret=0  data=['0x00', '0x00']
12:54:44.873  DEBUG   [poll]    -> read  st0cur    
12:54:44.877  DEBUG   [poll]    <- read  st0cur     ret=0  data=['0xfe', '0x01', '0x01', '0x02']
12:54:45.879  DEBUG   [poll]    -> read  st2mot    
12:54:45.882  DEBUG   [poll]    <- read  st2mot     ret=0  data=['0x00', '0x00']
12:54:45.882  DEBUG   [poll]    -> read  st0cur    
12:54:45.886  DEBUG   [poll]    <- read  st0cur     ret=0  data=['0xfe', '0x01', '0x01', '0x02']
12:54:46.888  DEBUG   [poll]    -> read  st2mot    
12:54:46.891  DEBUG   [poll]    <- read  st2mot     ret=0  data=['0x00', '0x00']
12:54:46.892  DEBUG   [poll]    -> read  st0cur    
12:54:46.896  DEBUG   [poll]    <- read  st0cur     ret=0  data=['0xfe', '0x01', '0x01', '0x02']
12:54:47.897  DEBUG   [poll]    -> read  st2mot    
12:54:47.904  DEBUG   [poll]    <- read  st2mot     ret=0  data=['0x00', '0x00']
12:54:47.905  DEBUG   [poll]    -> read  st0cur    
12:54:47.909  DEBUG   [poll]    <- read  st0cur     ret=0  data=['0xfe', '0x01', '0x00', '0x02']
12:54:48.910  DEBUG   [poll]    -> read  st2mot    
12:54:48.914  DEBUG   [poll]    <- read  st2mot     ret=0  data=['0x00', '0x00']
12:54:48.914  DEBUG   [poll]    -> read  st0cur    
12:54:48.918  DEBUG   [poll]    <- read  st0cur     ret=0  data=['0xfe', '0x01', '0x00', '0x02']
12:54:49.920  DEBUG   [poll]    -> read  st2mot    
12:54:49.923  DEBUG   [poll]    <- read  st2mot     ret=0  data=['0x00', '0x00']
12:54:49.923  DEBUG   [poll]    -> read  st0cur    
12:54:49.928  DEBUG   [poll]    <- read  st0cur     ret=0  data=['0xfe', '0x01', '0x00', '0x02']
12:54:50.929  DEBUG   [poll]    -> read  st2mot    
12:54:50.933  DEBUG   [poll]    <- read  st2mot     ret=0  data=['0x00', '0x00']
12:54:50.933  DEBUG   [poll]    -> read  st0cur    
12:54:50.937  DEBUG   [poll]    <- read  st0cur     ret=0  data=['0xfd', '0x01', '0x01', '0x02']
12:54:51.939  DEBUG   [poll]    -> read  st2mot    
12:54:51.942  DEBUG   [poll]    <- read  st2mot     ret=0  data=['0x00', '0x00']
12:54:51.942  DEBUG   [poll]    -> read  st0cur    
12:54:51.947  DEBUG   [poll]    <- read  st0cur     ret=0  data=['0xfe', '0x01', '0x01', '0x02']
12:54:52.948  DEBUG   [poll]    -> read  st2mot    
12:54:52.955  DEBUG   [poll]    <- read  st2mot     ret=0  data=['0x00', '0x00']
12:54:52.955  DEBUG   [poll]    -> read  st0cur    
12:54:52.960  DEBUG   [poll]    <- read  st0cur     ret=0  data=['0xfe', '0x01', '0x00', '0x02']
12:54:53.961  DEBUG   [poll]    -> read  st2mot    
12:54:53.965  DEBUG   [poll]    <- read  st2mot     ret=0  data=['0x00', '0x00']
12:54:53.965  DEBUG   [poll]    -> read  st0cur    
12:54:53.969  DEBUG   [poll]    <- read  st0cur     ret=0  data=['0xfe', '0x01', '0x01', '0x02']
12:54:54.971  DEBUG   [poll]    -> read  st2mot    
12:54:54.974  DEBUG   [poll]    <- read  st2mot     ret=0  data=['0x00', '0x00']
12:54:54.974  DEBUG   [poll]    -> read  st0cur    
12:54:54.979  DEBUG   [poll]    <- read  st0cur     ret=0  data=['0xfe', '0x01', '0x00', '0x02']
12:54:55.980  DEBUG   [poll]    -> read  st2mot    
12:54:55.984  DEBUG   [poll]    <- read  st2mot     ret=0  data=['0x00', '0x00']
12:54:55.984  DEBUG   [poll]    -> read  st0cur    
12:54:55.988  DEBUG   [poll]    <- read  st0cur     ret=0  data=['0xfe', '0x01', '0x01', '0x02']
12:54:56.990  DEBUG   [poll]    -> read  st2mot    
12:54:56.993  DEBUG   [poll]    <- read  st2mot     ret=0  data=['0x00', '0x00']
12:54:56.993  DEBUG   [poll]    -> read  st0cur    
12:54:56.998  DEBUG   [poll]    <- read  st0cur     ret=0  data=['0xfe', '0x01', '0x01', '0x02']
12:54:57.999  DEBUG   [poll]    -> read  st2mot    
12:54:58.006  DEBUG   [poll]    <- read  st2mot     ret=0  data=['0x00', '0x00']
12:54:58.006  DEBUG   [poll]    -> read  st0cur    
12:54:58.011  DEBUG   [poll]    <- read  st0cur     ret=0  data=['0xfe', '0x01', '0x00', '0x02']
12:54:59.012  DEBUG   [poll]    -> read  st2mot    
12:54:59.015  DEBUG   [poll]    <- read  st2mot     ret=0  data=['0x00', '0x00']
12:54:59.016  DEBUG   [poll]    -> read  st0cur    
12:54:59.020  DEBUG   [poll]    <- read  st0cur     ret=0  data=['0xfe', '0x01', '0x01', '0x02']
12:55:00.022  DEBUG   [poll]    -> read  st2mot    
12:55:00.025  DEBUG   [poll]    <- read  st2mot     ret=0  data=['0x00', '0x00']
12:55:00.025  DEBUG   [poll]    -> read  st0cur    
12:55:00.029  DEBUG   [poll]    <- read  st0cur     ret=0  data=['0xfe', '0x01', '0x01', '0x02']
12:55:01.031  DEBUG   [poll]    -> read  st2mot    
12:55:01.034  DEBUG   [poll]    <- read  st2mot     ret=0  data=['0x00', '0x00']
12:55:01.034  DEBUG   [poll]    -> read  st0cur    
12:55:01.039  DEBUG   [poll]    <- read  st0cur     ret=0  data=['0xfe', '0x01', '0x01', '0x02']
12:55:02.040  DEBUG   [poll]    -> read  st2mot    
12:55:02.044  DEBUG   [poll]    <- read  st2mot     ret=0  data=['0x00', '0x00']
12:55:02.044  DEBUG   [poll]    -> read  st0cur    
12:55:02.048  DEBUG   [poll]    <- read  st0cur     ret=0  data=['0xfe', '0x01', '0x01', '0x02']
12:55:03.050  DEBUG   [poll]    -> read  st2mot    
12:55:03.057  DEBUG   [poll]    <- read  st2mot     ret=0  data=['0x00', '0x00']
12:55:03.057  DEBUG   [poll]    -> read  st0cur    
12:55:03.061  DEBUG   [poll]    <- read  st0cur     ret=0  data=['0xfe', '0x01', '0x01', '0x02']
12:55:04.063  DEBUG   [poll]    -> read  st2mot    
12:55:04.066  DEBUG   [poll]    <- read  st2mot     ret=0  data=['0x00', '0x00']
12:55:04.067  DEBUG   [poll]    -> read  st0cur    
12:55:04.071  DEBUG   [poll]    <- read  st0cur     ret=0  data=['0xfe', '0x01', '0x01', '0x02']
12:55:05.072  DEBUG   [poll]    -> read  st2mot    
12:55:05.076  DEBUG   [poll]    <- read  st2mot     ret=0  data=['0x00', '0x00']
12:55:05.076  DEBUG   [poll]    -> read  st0cur    
12:55:05.080  DEBUG   [poll]    <- read  st0cur     ret=0  data=['0xfe', '0x01', '0x00', '0x02']
12:55:06.082  DEBUG   [poll]    -> read  st2mot    
12:55:06.085  DEBUG   [poll]    <- read  st2mot     ret=0  data=['0x00', '0x00']
12:55:06.086  DEBUG   [poll]    -> read  st0cur    
12:55:06.090  DEBUG   [poll]    <- read  st0cur     ret=0  data=['0xfe', '0x01', '0x01', '0x02']
12:55:07.091  DEBUG   [poll]    -> read  st2mot    
12:55:07.095  DEBUG   [poll]    <- read  st2mot     ret=0  data=['0x00', '0x00']
12:55:07.095  DEBUG   [poll]    -> read  st0cur    
12:55:07.099  DEBUG   [poll]    <- read  st0cur     ret=0  data=['0xfe', '0x01', '0x01', '0x02']
12:55:08.101  DEBUG   [poll]    -> read  st2mot    
12:55:08.110  DEBUG   [poll]    <- read  st2mot     ret=0  data=['0x00', '0x00']
12:55:08.110  DEBUG   [poll]    -> read  st0cur    
12:55:08.115  DEBUG   [poll]    <- read  st0cur     ret=0  data=['0xfe', '0x01', '0x00', '0x02']
12:55:09.116  DEBUG   [poll]    -> read  st2mot    
12:55:09.120  DEBUG   [poll]    <- read  st2mot     ret=0  data=['0x00', '0x00']
12:55:09.120  DEBUG   [poll]    -> read  st0cur    
12:55:09.124  DEBUG   [poll]    <- read  st0cur     ret=0  data=['0xfe', '0x01', '0x00', '0x02']
12:55:10.126  DEBUG   [poll]    -> read  st2mot    
12:55:10.129  DEBUG   [poll]    <- read  st2mot     ret=0  data=['0x00', '0x00']
12:55:10.129  DEBUG   [poll]    -> read  st0cur    
12:55:10.134  DEBUG   [poll]    <- read  st0cur     ret=0  data=['0xfe', '0x01', '0x00', '0x02']
12:55:11.135  DEBUG   [poll]    -> read  st2mot    
12:55:11.138  DEBUG   [poll]    <- read  st2mot     ret=0  data=['0x00', '0x00']
12:55:11.139  DEBUG   [poll]    -> read  st0cur    
12:55:11.143  DEBUG   [poll]    <- read  st0cur     ret=0  data=['0xfe', '0x01', '0x01', '0x02']
12:55:12.144  DEBUG   [poll]    -> read  st2mot    
12:55:12.148  DEBUG   [poll]    <- read  st2mot     ret=0  data=['0x00', '0x00']
12:55:12.148  DEBUG   [poll]    -> read  st0cur    
12:55:12.152  DEBUG   [poll]    <- read  st0cur     ret=0  data=['0xfe', '0x01', '0x01', '0x02']
12:55:13.154  DEBUG   [poll]    -> read  st2mot    
12:55:13.161  DEBUG   [poll]    <- read  st2mot     ret=0  data=['0x00', '0x00']
12:55:13.161  DEBUG   [poll]    -> read  st0cur    
12:55:13.165  DEBUG   [poll]    <- read  st0cur     ret=0  data=['0xfd', '0x01', '0x01', '0x02']
12:55:14.167  DEBUG   [poll]    -> read  st2mot    
12:55:14.170  DEBUG   [poll]    <- read  st2mot     ret=0  data=['0x00', '0x00']
12:55:14.171  DEBUG   [poll]    -> read  st0cur    
12:55:14.175  DEBUG   [poll]    <- read  st0cur     ret=0  data=['0xfe', '0x01', '0x00', '0x02']
12:55:15.176  DEBUG   [poll]    -> read  st2mot    
12:55:15.180  DEBUG   [poll]    <- read  st2mot     ret=0  data=['0x00', '0x00']
12:55:15.180  DEBUG   [poll]    -> read  st0cur    
12:55:15.185  DEBUG   [poll]    <- read  st0cur     ret=0  data=['0xfe', '0x01', '0x01', '0x02']
12:55:16.186  DEBUG   [poll]    -> read  st2mot    
12:55:16.189  DEBUG   [poll]    <- read  st2mot     ret=0  data=['0x00', '0x00']
12:55:16.190  DEBUG   [poll]    -> read  st0cur    
12:55:16.194  DEBUG   [poll]    <- read  st0cur     ret=0  data=['0xfe', '0x01', '0x01', '0x02']
12:55:17.196  DEBUG   [poll]    -> read  st2mot    
12:55:17.199  DEBUG   [poll]    <- read  st2mot     ret=0  data=['0x00', '0x00']
12:55:17.199  DEBUG   [poll]    -> read  st0cur    
12:55:17.203  DEBUG   [poll]    <- read  st0cur     ret=0  data=['0xfe', '0x01', '0x01', '0x02']
12:55:18.205  DEBUG   [poll]    -> read  st2mot    
12:55:18.212  DEBUG   [poll]    <- read  st2mot     ret=0  data=['0x00', '0x00']
12:55:18.212  DEBUG   [poll]    -> read  st0cur    
12:55:18.216  DEBUG   [poll]    <- read  st0cur     ret=0  data=['0xfe', '0x01', '0x01', '0x02']
12:55:19.218  DEBUG   [poll]    -> read  st2mot    
12:55:19.221  DEBUG   [poll]    <- read  st2mot     ret=0  data=['0x00', '0x00']
12:55:19.222  DEBUG   [poll]    -> read  st0cur    
12:55:19.226  DEBUG   [poll]    <- read  st0cur     ret=0  data=['0xfe', '0x01', '0x00', '0x02']
12:55:20.227  DEBUG   [poll]    -> read  st2mot    
12:55:20.231  DEBUG   [poll]    <- read  st2mot     ret=0  data=['0x00', '0x00']
12:55:20.231  DEBUG   [poll]    -> read  st0cur    
12:55:20.235  DEBUG   [poll]    <- read  st0cur     ret=0  data=['0xfe', '0x01', '0x01', '0x02']
12:55:21.237  DEBUG   [poll]    -> read  st2mot    
12:55:21.240  DEBUG   [poll]    <- read  st2mot     ret=0  data=['0x00', '0x00']
12:55:21.241  DEBUG   [poll]    -> read  st0cur    
12:55:21.245  DEBUG   [poll]    <- read  st0cur     ret=0  data=['0xfe', '0x01', '0x01', '0x02']
12:55:22.246  DEBUG   [poll]    -> read  st2mot    
12:55:22.250  DEBUG   [poll]    <- read  st2mot     ret=0  data=['0x00', '0x00']
12:55:22.250  DEBUG   [poll]    -> read  st0cur    
12:55:22.254  DEBUG   [poll]    <- read  st0cur     ret=0  data=['0xfe', '0x01', '0x00', '0x02']
12:55:23.256  DEBUG   [poll]    -> read  st2mot    
12:55:23.263  DEBUG   [poll]    <- read  st2mot     ret=0  data=['0x00', '0x00']
12:55:23.264  DEBUG   [poll]    -> read  st0cur    
12:55:23.268  DEBUG   [poll]    <- read  st0cur     ret=0  data=['0xfe', '0x01', '0x00', '0x02']
12:55:24.269  DEBUG   [poll]    -> read  st2mot    
12:55:24.273  DEBUG   [poll]    <- read  st2mot     ret=0  data=['0x00', '0x00']
12:55:24.273  DEBUG   [poll]    -> read  st0cur    
12:55:24.277  DEBUG   [poll]    <- read  st0cur     ret=0  data=['0xfe', '0x01', '0x01', '0x02']
12:55:25.279  DEBUG   [poll]    -> read  st2mot    
12:55:25.282  DEBUG   [poll]    <- read  st2mot     ret=0  data=['0x00', '0x00']
12:55:25.283  DEBUG   [poll]    -> read  st0cur    
12:55:25.287  DEBUG   [poll]    <- read  st0cur     ret=0  data=['0xfe', '0x01', '0x01', '0x02']
12:55:26.288  DEBUG   [poll]    -> read  st2mot    
12:55:26.292  DEBUG   [poll]    <- read  st2mot     ret=0  data=['0x00', '0x00']
12:55:26.292  DEBUG   [poll]    -> read  st0cur    
12:55:26.296  DEBUG   [poll]    <- read  st0cur     ret=0  data=['0xfe', '0x01', '0x01', '0x02']
12:55:27.298  DEBUG   [poll]    -> read  st2mot    
12:55:27.301  DEBUG   [poll]    <- read  st2mot     ret=0  data=['0x00', '0x00']
12:55:27.302  DEBUG   [poll]    -> read  st0cur    
12:55:27.306  DEBUG   [poll]    <- read  st0cur     ret=0  data=['0xfe', '0x01', '0x01', '0x02']
12:55:28.307  DEBUG   [poll]    -> read  st2mot    
12:55:28.315  DEBUG   [poll]    <- read  st2mot     ret=0  data=['0x00', '0x00']
12:55:28.315  DEBUG   [poll]    -> read  st0cur    
12:55:28.319  DEBUG   [poll]    <- read  st0cur     ret=0  data=['0xfd', '0x01', '0x01', '0x02']
12:55:29.321  DEBUG   [poll]    -> read  st2mot    
12:55:29.324  DEBUG   [poll]    <- read  st2mot     ret=0  data=['0x00', '0x00']
12:55:29.325  DEBUG   [poll]    -> read  st0cur    
12:55:29.329  DEBUG   [poll]    <- read  st0cur     ret=0  data=['0xfe', '0x01', '0x01', '0x02']
12:55:30.330  DEBUG   [poll]    -> read  st2mot    
12:55:30.334  DEBUG   [poll]    <- read  st2mot     ret=0  data=['0x00', '0x00']
12:55:30.334  DEBUG   [poll]    -> read  st0cur    
12:55:30.338  DEBUG   [poll]    <- read  st0cur     ret=0  data=['0xfe', '0x01', '0x00', '0x02']
12:55:31.340  DEBUG   [poll]    -> read  st2mot    
12:55:31.343  DEBUG   [poll]    <- read  st2mot     ret=0  data=['0x00', '0x00']
12:55:31.343  DEBUG   [poll]    -> read  st0cur    
12:55:31.348  DEBUG   [poll]    <- read  st0cur     ret=0  data=['0xfe', '0x01', '0x01', '0x02']
12:55:32.349  DEBUG   [poll]    -> read  st2mot    
12:55:32.352  DEBUG   [poll]    <- read  st2mot     ret=0  data=['0x00', '0x00']
12:55:32.353  DEBUG   [poll]    -> read  st0cur    
12:55:32.357  DEBUG   [poll]    <- read  st0cur     ret=0  data=['0xfe', '0x01', '0x01', '0x02']
12:55:33.358  DEBUG   [poll]    -> read  st2mot    
12:55:33.365  DEBUG   [poll]    <- read  st2mot     ret=0  data=['0x00', '0x00']
12:55:33.365  DEBUG   [poll]    -> read  st0cur    
12:55:33.370  DEBUG   [poll]    <- read  st0cur     ret=0  data=['0xfe', '0x01', '0x01', '0x02']
12:55:34.371  DEBUG   [poll]    -> read  st2mot    
12:55:34.374  DEBUG   [poll]    <- read  st2mot     ret=0  data=['0x00', '0x00']
12:55:34.375  DEBUG   [poll]    -> read  st0cur    
12:55:34.379  DEBUG   [poll]    <- read  st0cur     ret=0  data=['0xfe', '0x01', '0x00', '0x02']
12:55:35.381  DEBUG   [poll]    -> read  st2mot    
12:55:35.384  DEBUG   [poll]    <- read  st2mot     ret=0  data=['0x00', '0x00']
12:55:35.384  DEBUG   [poll]    -> read  st0cur    
12:55:35.389  DEBUG   [poll]    <- read  st0cur     ret=0  data=['0xfe', '0x01', '0x00', '0x02']
12:55:36.390  DEBUG   [poll]    -> read  st2mot    
12:55:36.393  DEBUG   [poll]    <- read  st2mot     ret=0  data=['0x00', '0x00']
12:55:36.394  DEBUG   [poll]    -> read  st0cur    
12:55:36.398  DEBUG   [poll]    <- read  st0cur     ret=0  data=['0xfe', '0x01', '0x00', '0x02']
12:55:37.400  DEBUG   [poll]    -> read  st2mot    
12:55:37.403  DEBUG   [poll]    <- read  st2mot     ret=0  data=['0x00', '0x00']
12:55:37.403  DEBUG   [poll]    -> read  st0cur    
12:55:37.408  DEBUG   [poll]    <- read  st0cur     ret=0  data=['0xfd', '0x01', '0x01', '0x02']
12:55:38.409  DEBUG   [poll]    -> read  st2mot    
12:55:38.416  DEBUG   [poll]    <- read  st2mot     ret=0  data=['0x00', '0x00']
12:55:38.416  DEBUG   [poll]    -> read  st0cur    
12:55:38.421  DEBUG   [poll]    <- read  st0cur     ret=0  data=['0xfe', '0x01', '0x01', '0x02']
12:55:39.422  DEBUG   [poll]    -> read  st2mot    
12:55:39.425  DEBUG   [poll]    <- read  st2mot     ret=0  data=['0x00', '0x00']
12:55:39.426  DEBUG   [poll]    -> read  st0cur    
12:55:39.430  DEBUG   [poll]    <- read  st0cur     ret=0  data=['0xfe', '0x01', '0x01', '0x02']
12:55:40.432  DEBUG   [poll]    -> read  st2mot    
12:55:40.435  DEBUG   [poll]    <- read  st2mot     ret=0  data=['0x00', '0x00']
12:55:40.435  DEBUG   [poll]    -> read  st0cur    
12:55:40.439  DEBUG   [poll]    <- read  st0cur     ret=0  data=['0xfe', '0x01', '0x00', '0x02']
12:55:41.441  DEBUG   [poll]    -> read  st2mot    
12:55:41.444  DEBUG   [poll]    <- read  st2mot     ret=0  data=['0x00', '0x00']
12:55:41.445  DEBUG   [poll]    -> read  st0cur    
12:55:41.449  DEBUG   [poll]    <- read  st0cur     ret=0  data=['0xfe', '0x01', '0x01', '0x02']
12:55:42.450  DEBUG   [poll]    -> read  st2mot    
12:55:42.454  DEBUG   [poll]    <- read  st2mot     ret=0  data=['0x00', '0x00']
12:55:42.454  DEBUG   [poll]    -> read  st0cur    
12:55:42.458  DEBUG   [poll]    <- read  st0cur     ret=0  data=['0xfe', '0x01', '0x01', '0x02']
12:55:43.460  DEBUG   [poll]    -> read  st2mot    
12:55:43.467  DEBUG   [poll]    <- read  st2mot     ret=0  data=['0x00', '0x00']
12:55:43.467  DEBUG   [poll]    -> read  st0cur    
12:55:43.471  DEBUG   [poll]    <- read  st0cur     ret=0  data=['0xfe', '0x01', '0x01', '0x02']
12:55:44.473  DEBUG   [poll]    -> read  st2mot    
12:55:44.476  DEBUG   [poll]    <- read  st2mot     ret=0  data=['0x00', '0x00']
12:55:44.477  DEBUG   [poll]    -> read  st0cur    
12:55:44.481  DEBUG   [poll]    <- read  st0cur     ret=0  data=['0xfe', '0x01', '0x00', '0x02']
12:55:45.482  DEBUG   [poll]    -> read  st2mot    
12:55:45.486  DEBUG   [poll]    <- read  st2mot     ret=0  data=['0x00', '0x00']
12:55:45.486  DEBUG   [poll]    -> read  st0cur    
12:55:45.490  DEBUG   [poll]    <- read  st0cur     ret=0  data=['0xfe', '0x01', '0x01', '0x02']
12:55:46.492  DEBUG   [poll]    -> read  st2mot    
12:55:46.495  DEBUG   [poll]    <- read  st2mot     ret=0  data=['0x00', '0x00']
12:55:46.495  DEBUG   [poll]    -> read  st0cur    
12:55:46.500  DEBUG   [poll]    <- read  st0cur     ret=0  data=['0xfe', '0x01', '0x00', '0x02']
12:55:47.501  DEBUG   [poll]    -> read  st2mot    
12:55:47.504  DEBUG   [poll]    <- read  st2mot     ret=0  data=['0x00', '0x00']
12:55:47.505  DEBUG   [poll]    -> read  st0cur    
12:55:47.509  DEBUG   [poll]    <- read  st0cur     ret=0  data=['0xfe', '0x01', '0x00', '0x02']
12:55:48.511  DEBUG   [poll]    -> read  st2mot    
12:55:48.517  DEBUG   [poll]    <- read  st2mot     ret=0  data=['0x00', '0x00']
12:55:48.518  DEBUG   [poll]    -> read  st0cur    
12:55:48.522  DEBUG   [poll]    <- read  st0cur     ret=0  data=['0xfe', '0x01', '0x01', '0x02']
12:55:49.523  DEBUG   [poll]    -> read  st2mot    
12:55:49.527  DEBUG   [poll]    <- read  st2mot     ret=0  data=['0x00', '0x00']
12:55:49.527  DEBUG   [poll]    -> read  st0cur    
12:55:49.532  DEBUG   [poll]    <- read  st0cur     ret=0  data=['0xfe', '0x01', '0x01', '0x02']
12:55:50.533  DEBUG   [poll]    -> read  st2mot    
12:55:50.536  DEBUG   [poll]    <- read  st2mot     ret=0  data=['0x00', '0x00']
12:55:50.537  DEBUG   [poll]    -> read  st0cur    
12:55:50.541  DEBUG   [poll]    <- read  st0cur     ret=0  data=['0xfe', '0x01', '0x01', '0x02']
12:55:51.542  DEBUG   [poll]    -> read  st2mot    
12:55:51.546  DEBUG   [poll]    <- read  st2mot     ret=0  data=['0x00', '0x00']
12:55:51.546  DEBUG   [poll]    -> read  st0cur    
12:55:51.550  DEBUG   [poll]    <- read  st0cur     ret=0  data=['0xfe', '0x01', '0x00', '0x02']
12:55:52.552  DEBUG   [poll]    -> read  st2mot    
12:55:52.555  DEBUG   [poll]    <- read  st2mot     ret=0  data=['0x00', '0x00']
12:55:52.556  DEBUG   [poll]    -> read  st0cur    
12:55:52.560  DEBUG   [poll]    <- read  st0cur     ret=0  data=['0xfe', '0x01', '0x01', '0x02']
12:55:53.561  DEBUG   [poll]    -> read  st2mot    
12:55:53.569  DEBUG   [poll]    <- read  st2mot     ret=0  data=['0x00', '0x00']
12:55:53.569  DEBUG   [poll]    -> read  st0cur    
12:55:53.573  DEBUG   [poll]    <- read  st0cur     ret=0  data=['0xfd', '0x01', '0x00', '0x02']
12:55:54.575  DEBUG   [poll]    -> read  st2mot    
12:55:54.578  DEBUG   [poll]    <- read  st2mot     ret=0  data=['0x00', '0x00']
12:55:54.579  DEBUG   [poll]    -> read  st0cur    
12:55:54.583  DEBUG   [poll]    <- read  st0cur     ret=0  data=['0xfe', '0x01', '0x01', '0x02']
12:55:55.584  DEBUG   [poll]    -> read  st2mot    
12:55:55.588  DEBUG   [poll]    <- read  st2mot     ret=0  data=['0x00', '0x00']
12:55:55.588  DEBUG   [poll]    -> read  st0cur    
12:55:55.592  DEBUG   [poll]    <- read  st0cur     ret=0  data=['0xfe', '0x01', '0x01', '0x02']
12:55:56.594  DEBUG   [poll]    -> read  st2mot    
12:55:56.597  DEBUG   [poll]    <- read  st2mot     ret=0  data=['0x00', '0x00']
12:55:56.597  DEBUG   [poll]    -> read  st0cur    
12:55:56.602  DEBUG   [poll]    <- read  st0cur     ret=0  data=['0xfe', '0x01', '0x01', '0x02']
12:55:57.603  DEBUG   [poll]    -> read  st2mot    
12:55:57.606  DEBUG   [poll]    <- read  st2mot     ret=0  data=['0x00', '0x00']
12:55:57.607  DEBUG   [poll]    -> read  st0cur    
12:55:57.611  DEBUG   [poll]    <- read  st0cur     ret=0  data=['0xfe', '0x01', '0x01', '0x02']
12:55:58.613  DEBUG   [poll]    -> read  st2mot    
12:55:58.621  DEBUG   [poll]    <- read  st2mot     ret=0  data=['0x00', '0x00']
12:55:58.622  DEBUG   [poll]    -> read  st0cur    
12:55:58.626  DEBUG   [poll]    <- read  st0cur     ret=0  data=['0xfe', '0x01', '0x00', '0x02']
12:55:59.628  DEBUG   [poll]    -> read  st2mot    
12:55:59.631  DEBUG   [poll]    <- read  st2mot     ret=0  data=['0x00', '0x00']
12:55:59.631  DEBUG   [poll]    -> read  st0cur    
12:55:59.635  DEBUG   [poll]    <- read  st0cur     ret=0  data=['0xfe', '0x01', '0x00', '0x02']
12:56:00.637  DEBUG   [poll]    -> read  st2mot    
12:56:00.640  DEBUG   [poll]    <- read  st2mot     ret=0  data=['0x00', '0x00']
12:56:00.641  DEBUG   [poll]    -> read  st0cur    
12:56:00.645  DEBUG   [poll]    <- read  st0cur     ret=0  data=['0xfe', '0x01', '0x00', '0x02']
12:56:01.646  DEBUG   [poll]    -> read  st2mot    
12:56:01.650  DEBUG   [poll]    <- read  st2mot     ret=0  data=['0x00', '0x00']
12:56:01.650  DEBUG   [poll]    -> read  st0cur    
12:56:01.655  DEBUG   [poll]    <- read  st0cur     ret=0  data=['0xfe', '0x01', '0x01', '0x02']
12:56:02.656  DEBUG   [poll]    -> read  st2mot    
12:56:02.659  DEBUG   [poll]    <- read  st2mot     ret=0  data=['0x00', '0x00']
12:56:02.660  DEBUG   [poll]    -> read  st0cur    
12:56:02.664  DEBUG   [poll]    <- read  st0cur     ret=0  data=['0xfe', '0x01', '0x01', '0x02']
12:56:03.666  DEBUG   [poll]    -> read  st2mot    
12:56:03.672  DEBUG   [poll]    <- read  st2mot     ret=0  data=['0x00', '0x00']
12:56:03.673  DEBUG   [poll]    -> read  st0cur    
12:56:03.677  DEBUG   [poll]    <- read  st0cur     ret=0  data=['0xfe', '0x01', '0x01', '0x02']
12:56:04.679  DEBUG   [poll]    -> read  st2mot    
12:56:04.682  DEBUG   [poll]    <- read  st2mot     ret=0  data=['0x00', '0x00']
12:56:04.682  DEBUG   [poll]    -> read  st0cur    
12:56:04.687  DEBUG   [poll]    <- read  st0cur     ret=0  data=['0xfe', '0x01', '0x01', '0x02']
12:56:05.688  DEBUG   [poll]    -> read  st2mot    
12:56:05.692  DEBUG   [poll]    <- read  st2mot     ret=0  data=['0x00', '0x00']
12:56:05.692  DEBUG   [poll]    -> read  st0cur    
12:56:05.696  DEBUG   [poll]    <- read  st0cur     ret=0  data=['0xfe', '0x01', '0x00', '0x02']
12:56:06.698  DEBUG   [poll]    -> read  st2mot    
12:56:06.701  DEBUG   [poll]    <- read  st2mot     ret=0  data=['0x00', '0x00']
12:56:06.701  DEBUG   [poll]    -> read  st0cur    
12:56:06.706  DEBUG   [poll]    <- read  st0cur     ret=0  data=['0xfe', '0x01', '0x01', '0x02']
12:56:07.707  DEBUG   [poll]    -> read  st2mot    
12:56:07.710  DEBUG   [poll]    <- read  st2mot     ret=0  data=['0x00', '0x00']
12:56:07.711  DEBUG   [poll]    -> read  st0cur    
12:56:07.715  DEBUG   [poll]    <- read  st0cur     ret=0  data=['0xfe', '0x01', '0x00', '0x02']
12:56:08.717  DEBUG   [poll]    -> read  st2mot    
12:56:08.723  DEBUG   [poll]    <- read  st2mot     ret=0  data=['0x00', '0x00']
12:56:08.723  DEBUG   [poll]    -> read  st0cur    
12:56:08.728  DEBUG   [poll]    <- read  st0cur     ret=0  data=['0xfe', '0x01', '0x00', '0x02']
12:56:09.729  DEBUG   [poll]    -> read  st2mot    
12:56:09.733  DEBUG   [poll]    <- read  st2mot     ret=0  data=['0x00', '0x00']
12:56:09.733  DEBUG   [poll]    -> read  st0cur    
12:56:09.737  DEBUG   [poll]    <- read  st0cur     ret=0  data=['0xfe', '0x01', '0x01', '0x02']
12:56:10.739  DEBUG   [poll]    -> read  st2mot    
12:56:10.742  DEBUG   [poll]    <- read  st2mot     ret=0  data=['0x00', '0x00']
12:56:10.742  DEBUG   [poll]    -> read  st0cur    
12:56:10.747  DEBUG   [poll]    <- read  st0cur     ret=0  data=['0xfe', '0x01', '0x00', '0x02']
12:56:11.748  DEBUG   [poll]    -> read  st2mot    
12:56:11.751  DEBUG   [poll]    <- read  st2mot     ret=0  data=['0x00', '0x00']
12:56:11.752  DEBUG   [poll]    -> read  st0cur    
12:56:11.756  DEBUG   [poll]    <- read  st0cur     ret=0  data=['0xfe', '0x01', '0x01', '0x02']
12:56:12.757  DEBUG   [poll]    -> read  st2mot    
12:56:12.761  DEBUG   [poll]    <- read  st2mot     ret=0  data=['0x00', '0x00']
12:56:12.761  DEBUG   [poll]    -> read  st0cur    
12:56:12.766  DEBUG   [poll]    <- read  st0cur     ret=0  data=['0xfe', '0x01', '0x01', '0x02']
12:56:13.767  DEBUG   [poll]    -> read  st2mot    
12:56:13.774  DEBUG   [poll]    <- read  st2mot     ret=0  data=['0x00', '0x00']
12:56:13.774  DEBUG   [poll]    -> read  st0cur    
12:56:13.779  DEBUG   [poll]    <- read  st0cur     ret=0  data=['0xfe', '0x01', '0x01', '0x02']
12:56:14.780  DEBUG   [poll]    -> read  st2mot    
12:56:14.783  DEBUG   [poll]    <- read  st2mot     ret=0  data=['0x00', '0x00']
12:56:14.784  DEBUG   [poll]    -> read  st0cur    
12:56:14.788  DEBUG   [poll]    <- read  st0cur     ret=0  data=['0xfd', '0x01', '0x01', '0x02']
12:56:15.789  DEBUG   [poll]    -> read  st2mot    
12:56:15.793  DEBUG   [poll]    <- read  st2mot     ret=0  data=['0x00', '0x00']
12:56:15.793  DEBUG   [poll]    -> read  st0cur    
12:56:15.797  DEBUG   [poll]    <- read  st0cur     ret=0  data=['0xfe', '0x01', '0x00', '0x02']
12:56:16.799  DEBUG   [poll]    -> read  st2mot    
12:56:16.802  DEBUG   [poll]    <- read  st2mot     ret=0  data=['0x00', '0x00']
12:56:16.803  DEBUG   [poll]    -> read  st0cur    
12:56:16.807  DEBUG   [poll]    <- read  st0cur     ret=0  data=['0xfe', '0x01', '0x01', '0x02']
12:56:17.808  DEBUG   [poll]    -> read  st2mot    
12:56:17.812  DEBUG   [poll]    <- read  st2mot     ret=0  data=['0x00', '0x00']
12:56:17.812  DEBUG   [poll]    -> read  st0cur    
12:56:17.816  DEBUG   [poll]    <- read  st0cur     ret=0  data=['0xfe', '0x01', '0x00', '0x02']
12:56:18.818  DEBUG   [poll]    -> read  st2mot    
12:56:18.825  DEBUG   [poll]    <- read  st2mot     ret=0  data=['0x00', '0x00']
12:56:18.825  DEBUG   [poll]    -> read  st0cur    
12:56:18.829  DEBUG   [poll]    <- read  st0cur     ret=0  data=['0xfe', '0x01', '0x01', '0x02']
12:56:19.831  DEBUG   [poll]    -> read  st2mot    
12:56:19.834  DEBUG   [poll]    <- read  st2mot     ret=0  data=['0x00', '0x00']
12:56:19.835  DEBUG   [poll]    -> read  st0cur    
12:56:19.839  DEBUG   [poll]    <- read  st0cur     ret=0  data=['0xfe', '0x01', '0x01', '0x02']
12:56:20.840  DEBUG   [poll]    -> read  st2mot    
12:56:20.844  DEBUG   [poll]    <- read  st2mot     ret=0  data=['0x00', '0x00']
12:56:20.844  DEBUG   [poll]    -> read  st0cur    
12:56:20.848  DEBUG   [poll]    <- read  st0cur     ret=0  data=['0xfe', '0x01', '0x01', '0x02']
12:56:21.850  DEBUG   [poll]    -> read  st2mot    
12:56:21.853  DEBUG   [poll]    <- read  st2mot     ret=0  data=['0x00', '0x00']
12:56:21.853  DEBUG   [poll]    -> read  st0cur    
12:56:21.858  DEBUG   [poll]    <- read  st0cur     ret=0  data=['0xfe', '0x01', '0x01', '0x02']
12:56:22.859  DEBUG   [poll]    -> read  st2mot    
12:56:22.863  DEBUG   [poll]    <- read  st2mot     ret=0  data=['0x00', '0x00']
12:56:22.863  DEBUG   [poll]    -> read  st0cur    
12:56:22.867  DEBUG   [poll]    <- read  st0cur     ret=0  data=['0xfe', '0x01', '0x01', '0x02']
12:56:23.869  DEBUG   [poll]    -> read  st2mot    
12:56:23.876  DEBUG   [poll]    <- read  st2mot     ret=0  data=['0x00', '0x00']
12:56:23.876  DEBUG   [poll]    -> read  st0cur    
12:56:23.881  DEBUG   [poll]    <- read  st0cur     ret=0  data=['0xfe', '0x01', '0x01', '0x02']
12:56:24.882  DEBUG   [poll]    -> read  st2mot    
12:56:24.885  DEBUG   [poll]    <- read  st2mot     ret=0  data=['0x00', '0x00']
12:56:24.886  DEBUG   [poll]    -> read  st0cur    
12:56:24.890  DEBUG   [poll]    <- read  st0cur     ret=0  data=['0xfe', '0x01', '0x01', '0x02']
12:56:25.892  DEBUG   [poll]    -> read  st2mot    
12:56:25.895  DEBUG   [poll]    <- read  st2mot     ret=0  data=['0x00', '0x00']
12:56:25.895  DEBUG   [poll]    -> read  st0cur    
12:56:25.900  DEBUG   [poll]    <- read  st0cur     ret=0  data=['0xfe', '0x01', '0x00', '0x02']
12:56:26.901  DEBUG   [poll]    -> read  st2mot    
12:56:26.905  DEBUG   [poll]    <- read  st2mot     ret=0  data=['0x00', '0x00']
12:56:26.905  DEBUG   [poll]    -> read  st0cur    
12:56:26.909  DEBUG   [poll]    <- read  st0cur     ret=0  data=['0xfe', '0x01', '0x01', '0x02']
12:56:27.911  DEBUG   [poll]    -> read  st2mot    
12:56:27.914  DEBUG   [poll]    <- read  st2mot     ret=0  data=['0x00', '0x00']
12:56:27.915  DEBUG   [poll]    -> read  st0cur    
12:56:27.919  DEBUG   [poll]    <- read  st0cur     ret=0  data=['0xfe', '0x01', '0x01', '0x02']
12:56:28.920  DEBUG   [poll]    -> read  st2mot    
12:56:28.927  DEBUG   [poll]    <- read  st2mot     ret=0  data=['0x00', '0x00']
12:56:28.927  DEBUG   [poll]    -> read  st0cur    
12:56:28.932  DEBUG   [poll]    <- read  st0cur     ret=0  data=['0xfe', '0x01', '0x01', '0x02']
12:56:29.933  DEBUG   [poll]    -> read  st2mot    
12:56:29.937  DEBUG   [poll]    <- read  st2mot     ret=0  data=['0x00', '0x00']
12:56:29.937  DEBUG   [poll]    -> read  st0cur    
12:56:29.941  DEBUG   [poll]    <- read  st0cur     ret=0  data=['0xfe', '0x01', '0x01', '0x02']
12:56:30.943  DEBUG   [poll]    -> read  st2mot    
12:56:30.946  DEBUG   [poll]    <- read  st2mot     ret=0  data=['0x00', '0x00']
12:56:30.946  DEBUG   [poll]    -> read  st0cur    
12:56:30.951  DEBUG   [poll]    <- read  st0cur     ret=0  data=['0xfe', '0x01', '0x01', '0x02']
12:56:31.952  DEBUG   [poll]    -> read  st2mot    
12:56:31.955  DEBUG   [poll]    <- read  st2mot     ret=0  data=['0x00', '0x00']
12:56:31.956  DEBUG   [poll]    -> read  st0cur    
12:56:31.960  DEBUG   [poll]    <- read  st0cur     ret=0  data=['0xfe', '0x01', '0x01', '0x02']
12:56:32.961  DEBUG   [poll]    -> read  st2mot    
12:56:32.965  DEBUG   [poll]    <- read  st2mot     ret=0  data=['0x00', '0x00']
12:56:32.965  DEBUG   [poll]    -> read  st0cur    
12:56:32.969  DEBUG   [poll]    <- read  st0cur     ret=0  data=['0xfd', '0x01', '0x01', '0x02']
12:56:33.971  DEBUG   [poll]    -> read  st2mot    
12:56:33.978  DEBUG   [poll]    <- read  st2mot     ret=0  data=['0x00', '0x00']
12:56:33.978  DEBUG   [poll]    -> read  st0cur    
12:56:33.982  DEBUG   [poll]    <- read  st0cur     ret=0  data=['0xfe', '0x01', '0x01', '0x02']
12:56:34.984  DEBUG   [poll]    -> read  st2mot    
12:56:34.987  DEBUG   [poll]    <- read  st2mot     ret=0  data=['0x00', '0x00']
12:56:34.988  DEBUG   [poll]    -> read  st0cur    
12:56:34.992  DEBUG   [poll]    <- read  st0cur     ret=0  data=['0xfe', '0x01', '0x01', '0x02']
12:56:35.993  DEBUG   [poll]    -> read  st2mot    
12:56:35.997  DEBUG   [poll]    <- read  st2mot     ret=0  data=['0x00', '0x00']
12:56:35.997  DEBUG   [poll]    -> read  st0cur    
12:56:36.001  DEBUG   [poll]    <- read  st0cur     ret=0  data=['0xfe', '0x01', '0x01', '0x02']
12:56:37.003  DEBUG   [poll]    -> read  st2mot    
12:56:37.006  DEBUG   [poll]    <- read  st2mot     ret=0  data=['0x00', '0x00']
12:56:37.007  DEBUG   [poll]    -> read  st0cur    
12:56:37.011  DEBUG   [poll]    <- read  st0cur     ret=0  data=['0xfe', '0x01', '0x01', '0x02']
12:56:38.012  DEBUG   [poll]    -> read  st2mot    
12:56:38.016  DEBUG   [poll]    <- read  st2mot     ret=0  data=['0x00', '0x00']
12:56:38.016  DEBUG   [poll]    -> read  st0cur    
12:56:38.020  DEBUG   [poll]    <- read  st0cur     ret=0  data=['0xfd', '0x01', '0x00', '0x02']
12:56:39.022  DEBUG   [poll]    -> read  st2mot    
12:56:39.029  DEBUG   [poll]    <- read  st2mot     ret=0  data=['0x00', '0x00']
12:56:39.029  DEBUG   [poll]    -> read  st0cur    
12:56:39.033  DEBUG   [poll]    <- read  st0cur     ret=0  data=['0xfe', '0x01', '0x00', '0x02']
12:56:40.035  DEBUG   [poll]    -> read  st2mot    
12:56:40.038  DEBUG   [poll]    <- read  st2mot     ret=0  data=['0x00', '0x00']
12:56:40.039  DEBUG   [poll]    -> read  st0cur    
12:56:40.043  DEBUG   [poll]    <- read  st0cur     ret=0  data=['0xfe', '0x01', '0x01', '0x02']
12:56:41.044  DEBUG   [poll]    -> read  st2mot    
12:56:41.048  DEBUG   [poll]    <- read  st2mot     ret=0  data=['0x00', '0x00']
12:56:41.048  DEBUG   [poll]    -> read  st0cur    
12:56:41.052  DEBUG   [poll]    <- read  st0cur     ret=0  data=['0xfe', '0x01', '0x00', '0x02']
12:56:42.054  DEBUG   [poll]    -> read  st2mot    
12:56:42.057  DEBUG   [poll]    <- read  st2mot     ret=0  data=['0x00', '0x00']
12:56:42.057  DEBUG   [poll]    -> read  st0cur    
12:56:42.062  DEBUG   [poll]    <- read  st0cur     ret=0  data=['0xfe', '0x01', '0x01', '0x02']
12:56:43.063  DEBUG   [poll]    -> read  st2mot    
12:56:43.067  DEBUG   [poll]    <- read  st2mot     ret=0  data=['0x00', '0x00']
12:56:43.067  DEBUG   [poll]    -> read  st0cur    
12:56:43.071  DEBUG   [poll]    <- read  st0cur     ret=0  data=['0xfe', '0x01', '0x01', '0x02']
12:56:44.073  DEBUG   [poll]    -> read  st2mot    
12:56:44.079  DEBUG   [poll]    <- read  st2mot     ret=0  data=['0x00', '0x00']
12:56:44.080  DEBUG   [poll]    -> read  st0cur    
12:56:44.084  DEBUG   [poll]    <- read  st0cur     ret=0  data=['0xfe', '0x01', '0x01', '0x02']
12:56:45.086  DEBUG   [poll]    -> read  st2mot    
12:56:45.089  DEBUG   [poll]    <- read  st2mot     ret=0  data=['0x00', '0x00']
12:56:45.089  DEBUG   [poll]    -> read  st0cur    
12:56:45.094  DEBUG   [poll]    <- read  st0cur     ret=0  data=['0xfe', '0x01', '0x00', '0x02']
12:56:46.095  DEBUG   [poll]    -> read  st2mot    
12:56:46.098  DEBUG   [poll]    <- read  st2mot     ret=0  data=['0x00', '0x00']
12:56:46.099  DEBUG   [poll]    -> read  st0cur    
12:56:46.103  DEBUG   [poll]    <- read  st0cur     ret=0  data=['0xfe', '0x01', '0x01', '0x02']
12:56:47.104  DEBUG   [poll]    -> read  st2mot    
12:56:47.108  DEBUG   [poll]    <- read  st2mot     ret=0  data=['0x00', '0x00']
12:56:47.108  DEBUG   [poll]    -> read  st0cur    
12:56:47.112  DEBUG   [poll]    <- read  st0cur     ret=0  data=['0xfe', '0x01', '0x01', '0x02']
12:56:48.114  DEBUG   [poll]    -> read  st2mot    
12:56:48.117  DEBUG   [poll]    <- read  st2mot     ret=0  data=['0x00', '0x00']
12:56:48.118  DEBUG   [poll]    -> read  st0cur    
12:56:48.122  DEBUG   [poll]    <- read  st0cur     ret=0  data=['0xfe', '0x01', '0x01', '0x02']
12:56:49.123  DEBUG   [poll]    -> read  st2mot    
12:56:49.130  DEBUG   [poll]    <- read  st2mot     ret=0  data=['0x00', '0x00']
12:56:49.130  DEBUG   [poll]    -> read  st0cur    
12:56:49.135  DEBUG   [poll]    <- read  st0cur     ret=0  data=['0xfe', '0x01', '0x01', '0x02']
12:56:50.136  DEBUG   [poll]    -> read  st2mot    
12:56:50.139  DEBUG   [poll]    <- read  st2mot     ret=0  data=['0x00', '0x00']
12:56:50.140  DEBUG   [poll]    -> read  st0cur    
12:56:50.144  DEBUG   [poll]    <- read  st0cur     ret=0  data=['0xfe', '0x01', '0x01', '0x02']
12:56:51.146  DEBUG   [poll]    -> read  st2mot    
12:56:51.149  DEBUG   [poll]    <- read  st2mot     ret=0  data=['0x00', '0x00']
12:56:51.149  DEBUG   [poll]    -> read  st0cur    
12:56:51.154  DEBUG   [poll]    <- read  st0cur     ret=0  data=['0xfe', '0x01', '0x01', '0x02']
12:56:52.155  DEBUG   [poll]    -> read  st2mot    
12:56:52.158  DEBUG   [poll]    <- read  st2mot     ret=0  data=['0x00', '0x00']
12:56:52.159  DEBUG   [poll]    -> read  st0cur    
12:56:52.163  DEBUG   [poll]    <- read  st0cur     ret=0  data=['0xfe', '0x01', '0x01', '0x02']
12:56:53.164  DEBUG   [poll]    -> read  st2mot    
12:56:53.168  DEBUG   [poll]    <- read  st2mot     ret=0  data=['0x00', '0x00']
12:56:53.168  DEBUG   [poll]    -> read  st0cur    
12:56:53.172  DEBUG   [poll]    <- read  st0cur     ret=0  data=['0xfe', '0x01', '0x01', '0x02']
12:56:54.174  DEBUG   [poll]    -> read  st2mot    
12:56:54.184  DEBUG   [poll]    <- read  st2mot     ret=0  data=['0x00', '0x00']
12:56:54.184  DEBUG   [poll]    -> read  st0cur    
12:56:54.189  DEBUG   [poll]    <- read  st0cur     ret=0  data=['0xfe', '0x01', '0x00', '0x02']
12:56:55.190  DEBUG   [poll]    -> read  st2mot    
12:56:55.194  DEBUG   [poll]    <- read  st2mot     ret=0  data=['0x00', '0x00']
12:56:55.194  DEBUG   [poll]    -> read  st0cur    
12:56:55.198  DEBUG   [poll]    <- read  st0cur     ret=0  data=['0xfe', '0x01', '0x01', '0x02']
12:56:56.200  DEBUG   [poll]    -> read  st2mot    
12:56:56.203  DEBUG   [poll]    <- read  st2mot     ret=0  data=['0x00', '0x00']
12:56:56.203  DEBUG   [poll]    -> read  st0cur    
12:56:56.208  DEBUG   [poll]    <- read  st0cur     ret=0  data=['0xfe', '0x01', '0x01', '0x02']
12:56:57.209  DEBUG   [poll]    -> read  st2mot    
12:56:57.212  DEBUG   [poll]    <- read  st2mot     ret=0  data=['0x00', '0x00']
12:56:57.213  DEBUG   [poll]    -> read  st0cur    
12:56:57.217  DEBUG   [poll]    <- read  st0cur     ret=0  data=['0xfe', '0x01', '0x01', '0x02']
12:56:58.219  DEBUG   [poll]    -> read  st2mot    
12:56:58.222  DEBUG   [poll]    <- read  st2mot     ret=0  data=['0x00', '0x00']
12:56:58.222  DEBUG   [poll]    -> read  st0cur    
12:56:58.226  DEBUG   [poll]    <- read  st0cur     ret=0  data=['0xfe', '0x01', '0x01', '0x02']
12:56:59.228  DEBUG   [poll]    -> read  st2mot    
12:56:59.235  DEBUG   [poll]    <- read  st2mot     ret=0  data=['0x00', '0x00']
12:56:59.235  DEBUG   [poll]    -> read  st0cur    
12:56:59.240  DEBUG   [poll]    <- read  st0cur     ret=0  data=['0xfe', '0x01', '0x01', '0x02']
12:57:00.241  DEBUG   [poll]    -> read  st2mot    
12:57:00.244  DEBUG   [poll]    <- read  st2mot     ret=0  data=['0x00', '0x00']
12:57:00.245  DEBUG   [poll]    -> read  st0cur    
12:57:00.249  DEBUG   [poll]    <- read  st0cur     ret=0  data=['0xfe', '0x01', '0x01', '0x02']
12:57:01.251  DEBUG   [poll]    -> read  st2mot    
12:57:01.254  DEBUG   [poll]    <- read  st2mot     ret=0  data=['0x00', '0x00']
12:57:01.254  DEBUG   [poll]    -> read  st0cur    
12:57:01.259  DEBUG   [poll]    <- read  st0cur     ret=0  data=['0xfe', '0x01', '0x01', '0x02']
12:57:02.260  DEBUG   [poll]    -> read  st2mot    
12:57:02.264  DEBUG   [poll]    <- read  st2mot     ret=0  data=['0x00', '0x00']
12:57:02.264  DEBUG   [poll]    -> read  st0cur    
12:57:02.268  DEBUG   [poll]    <- read  st0cur     ret=0  data=['0xfe', '0x01', '0x01', '0x02']
12:57:03.270  DEBUG   [poll]    -> read  st2mot    
12:57:03.273  DEBUG   [poll]    <- read  st2mot     ret=0  data=['0x00', '0x00']
12:57:03.274  DEBUG   [poll]    -> read  st0cur    
12:57:03.278  DEBUG   [poll]    <- read  st0cur     ret=0  data=['0xfe', '0x01', '0x01', '0x02']
12:57:04.279  DEBUG   [poll]    -> read  st2mot    
12:57:04.286  DEBUG   [poll]    <- read  st2mot     ret=0  data=['0x00', '0x00']
12:57:04.286  DEBUG   [poll]    -> read  st0cur    
12:57:04.291  DEBUG   [poll]    <- read  st0cur     ret=0  data=['0xfe', '0x01', '0x00', '0x02']
12:57:05.292  DEBUG   [poll]    -> read  st2mot    
12:57:05.296  DEBUG   [poll]    <- read  st2mot     ret=0  data=['0x00', '0x00']
12:57:05.296  DEBUG   [poll]    -> read  st0cur    
12:57:05.300  DEBUG   [poll]    <- read  st0cur     ret=0  data=['0xfe', '0x01', '0x01', '0x02']
12:57:06.302  DEBUG   [poll]    -> read  st2mot    
12:57:06.305  DEBUG   [poll]    <- read  st2mot     ret=0  data=['0x00', '0x00']
12:57:06.306  DEBUG   [poll]    -> read  st0cur    
12:57:06.310  DEBUG   [poll]    <- read  st0cur     ret=0  data=['0xfe', '0x01', '0x01', '0x02']
12:57:07.311  DEBUG   [poll]    -> read  st2mot    
12:57:07.315  DEBUG   [poll]    <- read  st2mot     ret=0  data=['0x00', '0x00']
12:57:07.315  DEBUG   [poll]    -> read  st0cur    
12:57:07.319  DEBUG   [poll]    <- read  st0cur     ret=0  data=['0xfe', '0x01', '0x01', '0x02']
12:57:08.321  DEBUG   [poll]    -> read  st2mot    
12:57:08.324  DEBUG   [poll]    <- read  st2mot     ret=0  data=['0x00', '0x00']
12:57:08.324  DEBUG   [poll]    -> read  st0cur    
12:57:08.329  DEBUG   [poll]    <- read  st0cur     ret=0  data=['0xfe', '0x01', '0x01', '0x02']
12:57:09.330  DEBUG   [poll]    -> read  st2mot    
12:57:09.337  DEBUG   [poll]    <- read  st2mot     ret=0  data=['0x00', '0x00']
12:57:09.337  DEBUG   [poll]    -> read  st0cur    
12:57:09.342  DEBUG   [poll]    <- read  st0cur     ret=0  data=['0xfe', '0x01', '0x00', '0x02']
12:57:10.343  DEBUG   [poll]    -> read  st2mot    
12:57:10.347  DEBUG   [poll]    <- read  st2mot     ret=0  data=['0x00', '0x00']
12:57:10.347  DEBUG   [poll]    -> read  st0cur    
12:57:10.351  DEBUG   [poll]    <- read  st0cur     ret=0  data=['0xfe', '0x01', '0x01', '0x02']
12:57:11.353  DEBUG   [poll]    -> read  st2mot    
12:57:11.356  DEBUG   [poll]    <- read  st2mot     ret=0  data=['0x00', '0x00']
12:57:11.356  DEBUG   [poll]    -> read  st0cur    
12:57:11.361  DEBUG   [poll]    <- read  st0cur     ret=0  data=['0xfe', '0x01', '0x01', '0x02']
12:57:12.362  DEBUG   [poll]    -> read  st2mot    
12:57:12.365  DEBUG   [poll]    <- read  st2mot     ret=0  data=['0x00', '0x00']
12:57:12.366  DEBUG   [poll]    -> read  st0cur    
12:57:12.370  DEBUG   [poll]    <- read  st0cur     ret=0  data=['0xfe', '0x01', '0x00', '0x02']
12:57:13.371  DEBUG   [poll]    -> read  st2mot    
12:57:13.375  DEBUG   [poll]    <- read  st2mot     ret=0  data=['0x00', '0x00']
12:57:13.375  DEBUG   [poll]    -> read  st0cur    
12:57:13.380  DEBUG   [poll]    <- read  st0cur     ret=0  data=['0xfe', '0x01', '0x01', '0x02']
12:57:14.381  DEBUG   [poll]    -> read  st2mot    
12:57:14.384  DEBUG   [poll]    <- read  st2mot     ret=0  data=['0x00', '0x00']
12:57:14.385  DEBUG   [poll]    -> read  st0cur    
12:57:14.389  DEBUG   [poll]    <- read  st0cur     ret=0  data=['0xfe', '0x01', '0x01', '0x02']
12:57:15.391  DEBUG   [poll]    -> read  st2mot    
12:57:15.394  DEBUG   [poll]    <- read  st2mot     ret=0  data=['0x00', '0x00']
12:57:15.395  DEBUG   [poll]    -> read  st0cur    
12:57:15.399  DEBUG   [poll]    <- read  st0cur     ret=0  data=['0xfe', '0x01', '0x01', '0x02']
12:57:16.400  DEBUG   [poll]    -> read  st2mot    
12:57:16.404  DEBUG   [poll]    <- read  st2mot     ret=0  data=['0x00', '0x00']
12:57:16.404  DEBUG   [poll]    -> read  st0cur    
12:57:16.408  DEBUG   [poll]    <- read  st0cur     ret=0  data=['0xfe', '0x01', '0x01', '0x02']
12:57:17.410  DEBUG   [poll]    -> read  st2mot    
12:57:17.413  DEBUG   [poll]    <- read  st2mot     ret=0  data=['0x00', '0x00']
12:57:17.414  DEBUG   [poll]    -> read  st0cur    
12:57:17.418  DEBUG   [poll]    <- read  st0cur     ret=0  data=['0xfe', '0x01', '0x01', '0x02']
12:57:18.419  DEBUG   [poll]    -> read  st2mot    
12:57:18.423  DEBUG   [poll]    <- read  st2mot     ret=0  data=['0x00', '0x00']
12:57:18.423  DEBUG   [poll]    -> read  st0cur    
12:57:18.427  DEBUG   [poll]    <- read  st0cur     ret=0  data=['0xfe', '0x01', '0x01', '0x02']
12:57:19.429  DEBUG   [poll]    -> read  st2mot    
12:57:19.436  DEBUG   [poll]    <- read  st2mot     ret=0  data=['0x00', '0x00']
12:57:19.437  DEBUG   [poll]    -> read  st0cur    
12:57:19.441  DEBUG   [poll]    <- read  st0cur     ret=0  data=['0xfe', '0x01', '0x01', '0x02']
12:57:20.442  DEBUG   [poll]    -> read  st2mot    
12:57:20.446  DEBUG   [poll]    <- read  st2mot     ret=0  data=['0x00', '0x00']
12:57:20.446  DEBUG   [poll]    -> read  st0cur    
12:57:20.450  DEBUG   [poll]    <- read  st0cur     ret=0  data=['0xfe', '0x01', '0x00', '0x02']
12:57:21.452  DEBUG   [poll]    -> read  st2mot    
12:57:21.455  DEBUG   [poll]    <- read  st2mot     ret=0  data=['0x00', '0x00']
12:57:21.456  DEBUG   [poll]    -> read  st0cur    
12:57:21.460  DEBUG   [poll]    <- read  st0cur     ret=0  data=['0xfe', '0x01', '0x01', '0x02']
12:57:22.461  DEBUG   [poll]    -> read  st2mot    
12:57:22.465  DEBUG   [poll]    <- read  st2mot     ret=0  data=['0x00', '0x00']
12:57:22.465  DEBUG   [poll]    -> read  st0cur    
12:57:22.469  DEBUG   [poll]    <- read  st0cur     ret=0  data=['0xfe', '0x01', '0x01', '0x02']
12:57:23.471  DEBUG   [poll]    -> read  st2mot    
12:57:23.474  DEBUG   [poll]    <- read  st2mot     ret=0  data=['0x00', '0x00']
12:57:23.475  DEBUG   [poll]    -> read  st0cur    
12:57:23.479  DEBUG   [poll]    <- read  st0cur     ret=0  data=['0xfe', '0x01', '0x00', '0x02']
12:57:24.480  DEBUG   [poll]    -> read  st2mot    
12:57:24.487  DEBUG   [poll]    <- read  st2mot     ret=0  data=['0x00', '0x00']
12:57:24.488  DEBUG   [poll]    -> read  st0cur    
12:57:24.492  DEBUG   [poll]    <- read  st0cur     ret=0  data=['0xfe', '0x01', '0x01', '0x02']
12:57:25.494  DEBUG   [poll]    -> read  st2mot    
12:57:25.497  DEBUG   [poll]    <- read  st2mot     ret=0  data=['0x00', '0x00']
12:57:25.497  DEBUG   [poll]    -> read  st0cur    
12:57:25.502  DEBUG   [poll]    <- read  st0cur     ret=0  data=['0xfe', '0x01', '0x01', '0x02']
12:57:26.503  DEBUG   [poll]    -> read  st2mot    
12:57:26.506  DEBUG   [poll]    <- read  st2mot     ret=0  data=['0x00', '0x00']
12:57:26.507  DEBUG   [poll]    -> read  st0cur    
12:57:26.511  DEBUG   [poll]    <- read  st0cur     ret=0  data=['0xfe', '0x01', '0x01', '0x02']
12:57:27.513  DEBUG   [poll]    -> read  st2mot    
12:57:27.516  DEBUG   [poll]    <- read  st2mot     ret=0  data=['0x00', '0x00']
12:57:27.516  DEBUG   [poll]    -> read  st0cur    
12:57:27.521  DEBUG   [poll]    <- read  st0cur     ret=0  data=['0xfe', '0x01', '0x01', '0x02']
12:57:28.522  DEBUG   [poll]    -> read  st2mot    
12:57:28.526  DEBUG   [poll]    <- read  st2mot     ret=0  data=['0x00', '0x00']
12:57:28.526  DEBUG   [poll]    -> read  st0cur    
12:57:28.530  DEBUG   [poll]    <- read  st0cur     ret=0  data=['0xfe', '0x01', '0x01', '0x02']
12:57:29.532  DEBUG   [poll]    -> read  st2mot    
12:57:29.539  DEBUG   [poll]    <- read  st2mot     ret=0  data=['0x00', '0x00']
12:57:29.539  DEBUG   [poll]    -> read  st0cur    
12:57:29.543  DEBUG   [poll]    <- read  st0cur     ret=0  data=['0xfe', '0x01', '0x01', '0x02']
12:57:30.545  DEBUG   [poll]    -> read  st2mot    
12:57:30.548  DEBUG   [poll]    <- read  st2mot     ret=0  data=['0x00', '0x00']
12:57:30.548  DEBUG   [poll]    -> read  st0cur    
12:57:30.553  DEBUG   [poll]    <- read  st0cur     ret=0  data=['0xfe', '0x01', '0x00', '0x02']
12:57:31.554  DEBUG   [poll]    -> read  st2mot    
12:57:31.557  DEBUG   [poll]    <- read  st2mot     ret=0  data=['0x00', '0x00']
12:57:31.558  DEBUG   [poll]    -> read  st0cur    
12:57:31.562  DEBUG   [poll]    <- read  st0cur     ret=0  data=['0xfe', '0x01', '0x01', '0x02']
12:57:32.564  DEBUG   [poll]    -> read  st2mot    
12:57:32.567  DEBUG   [poll]    <- read  st2mot     ret=0  data=['0x00', '0x00']
12:57:32.567  DEBUG   [poll]    -> read  st0cur    
12:57:32.572  DEBUG   [poll]    <- read  st0cur     ret=0  data=['0xfe', '0x01', '0x01', '0x02']
12:57:33.573  DEBUG   [poll]    -> read  st2mot    
12:57:33.576  DEBUG   [poll]    <- read  st2mot     ret=0  data=['0x00', '0x00']
12:57:33.577  DEBUG   [poll]    -> read  st0cur    
12:57:33.581  DEBUG   [poll]    <- read  st0cur     ret=0  data=['0xfe', '0x01', '0x01', '0x02']
12:57:34.582  DEBUG   [poll]    -> read  st2mot    
12:57:34.589  DEBUG   [poll]    <- read  st2mot     ret=0  data=['0x00', '0x00']
12:57:34.590  DEBUG   [poll]    -> read  st0cur    
12:57:34.594  DEBUG   [poll]    <- read  st0cur     ret=0  data=['0xfe', '0x01', '0x01', '0x02']
12:57:35.595  DEBUG   [poll]    -> read  st2mot    
12:57:35.599  DEBUG   [poll]    <- read  st2mot     ret=0  data=['0x00', '0x00']
12:57:35.599  DEBUG   [poll]    -> read  st0cur    
12:57:35.603  DEBUG   [poll]    <- read  st0cur     ret=0  data=['0xfe', '0x01', '0x01', '0x02']
12:57:36.605  DEBUG   [poll]    -> read  st2mot    
12:57:36.608  DEBUG   [poll]    <- read  st2mot     ret=0  data=['0x00', '0x00']
12:57:36.609  DEBUG   [poll]    -> read  st0cur    
12:57:36.613  DEBUG   [poll]    <- read  st0cur     ret=0  data=['0xfe', '0x01', '0x01', '0x02']
12:57:37.614  DEBUG   [poll]    -> read  st2mot    
12:57:37.618  DEBUG   [poll]    <- read  st2mot     ret=0  data=['0x00', '0x00']
12:57:37.618  DEBUG   [poll]    -> read  st0cur    
12:57:37.622  DEBUG   [poll]    <- read  st0cur     ret=0  data=['0xfe', '0x01', '0x01', '0x02']
12:57:38.624  DEBUG   [poll]    -> read  st2mot    
12:57:38.627  DEBUG   [poll]    <- read  st2mot     ret=0  data=['0x00', '0x00']
12:57:38.627  DEBUG   [poll]    -> read  st0cur    
12:57:38.631  DEBUG   [poll]    <- read  st0cur     ret=0  data=['0xfe', '0x01', '0x00', '0x02']
12:57:39.633  DEBUG   [poll]    -> read  st2mot    
12:57:39.640  DEBUG   [poll]    <- read  st2mot     ret=0  data=['0x00', '0x00']
12:57:39.640  DEBUG   [poll]    -> read  st0cur    
12:57:39.644  DEBUG   [poll]    <- read  st0cur     ret=0  data=['0xfe', '0x01', '0x01', '0x02']
12:57:40.646  DEBUG   [poll]    -> read  st2mot    
12:57:40.649  DEBUG   [poll]    <- read  st2mot     ret=0  data=['0x00', '0x00']
12:57:40.650  DEBUG   [poll]    -> read  st0cur    
12:57:40.654  DEBUG   [poll]    <- read  st0cur     ret=0  data=['0xfe', '0x01', '0x00', '0x02']
12:57:41.655  DEBUG   [poll]    -> read  st2mot    
12:57:41.659  DEBUG   [poll]    <- read  st2mot     ret=0  data=['0x00', '0x00']
12:57:41.659  DEBUG   [poll]    -> read  st0cur    
12:57:41.663  DEBUG   [poll]    <- read  st0cur     ret=0  data=['0xfe', '0x01', '0x01', '0x02']
12:57:42.665  DEBUG   [poll]    -> read  st2mot    
12:57:42.668  DEBUG   [poll]    <- read  st2mot     ret=0  data=['0x00', '0x00']
12:57:42.668  DEBUG   [poll]    -> read  st0cur    
12:57:42.673  DEBUG   [poll]    <- read  st0cur     ret=0  data=['0xfe', '0x01', '0x01', '0x02']
12:57:43.674  DEBUG   [poll]    -> read  st2mot    
12:57:43.677  DEBUG   [poll]    <- read  st2mot     ret=0  data=['0x00', '0x00']
12:57:43.678  DEBUG   [poll]    -> read  st0cur    
12:57:43.682  DEBUG   [poll]    <- read  st0cur     ret=0  data=['0xfe', '0x01', '0x01', '0x02']
12:57:44.684  DEBUG   [poll]    -> read  st2mot    
12:57:44.690  DEBUG   [poll]    <- read  st2mot     ret=0  data=['0x00', '0x00']
12:57:44.691  DEBUG   [poll]    -> read  st0cur    
12:57:44.695  DEBUG   [poll]    <- read  st0cur     ret=0  data=['0xfe', '0x01', '0x01', '0x02']
12:57:45.696  DEBUG   [poll]    -> read  st2mot    
12:57:45.700  DEBUG   [poll]    <- read  st2mot     ret=0  data=['0x00', '0x00']
12:57:45.700  DEBUG   [poll]    -> read  st0cur    
12:57:45.705  DEBUG   [poll]    <- read  st0cur     ret=0  data=['0xfe', '0x01', '0x00', '0x02']
12:57:46.706  DEBUG   [poll]    -> read  st2mot    
12:57:46.709  DEBUG   [poll]    <- read  st2mot     ret=0  data=['0x00', '0x00']
12:57:46.710  DEBUG   [poll]    -> read  st0cur    
12:57:46.714  DEBUG   [poll]    <- read  st0cur     ret=0  data=['0xfe', '0x01', '0x01', '0x02']
12:57:47.715  DEBUG   [poll]    -> read  st2mot    
12:57:47.719  DEBUG   [poll]    <- read  st2mot     ret=0  data=['0x00', '0x00']
12:57:47.719  DEBUG   [poll]    -> read  st0cur    
12:57:47.723  DEBUG   [poll]    <- read  st0cur     ret=0  data=['0xfe', '0x01', '0x01', '0x02']
12:57:48.725  DEBUG   [poll]    -> read  st2mot    
12:57:48.728  DEBUG   [poll]    <- read  st2mot     ret=0  data=['0x00', '0x00']
12:57:48.729  DEBUG   [poll]    -> read  st0cur    
12:57:48.733  DEBUG   [poll]    <- read  st0cur     ret=0  data=['0xfe', '0x01', '0x00', '0x02']
12:57:49.734  DEBUG   [poll]    -> read  st2mot    
12:57:49.744  DEBUG   [poll]    <- read  st2mot     ret=0  data=['0x00', '0x00']
12:57:49.744  DEBUG   [poll]    -> read  st0cur    
12:57:49.748  DEBUG   [poll]    <- read  st0cur     ret=0  data=['0xfe', '0x01', '0x00', '0x02']
12:57:50.750  DEBUG   [poll]    -> read  st2mot    
12:57:50.753  DEBUG   [poll]    <- read  st2mot     ret=0  data=['0x00', '0x00']
12:57:50.754  DEBUG   [poll]    -> read  st0cur    
12:57:50.758  DEBUG   [poll]    <- read  st0cur     ret=0  data=['0xfe', '0x01', '0x01', '0x02']
12:57:51.759  DEBUG   [poll]    -> read  st2mot    
12:57:51.763  DEBUG   [poll]    <- read  st2mot     ret=0  data=['0x00', '0x00']
12:57:51.763  DEBUG   [poll]    -> read  st0cur    
12:57:51.767  DEBUG   [poll]    <- read  st0cur     ret=0  data=['0xfe', '0x01', '0x00', '0x02']
12:57:52.769  DEBUG   [poll]    -> read  st2mot    
12:57:52.772  DEBUG   [poll]    <- read  st2mot     ret=0  data=['0x00', '0x00']
12:57:52.772  DEBUG   [poll]    -> read  st0cur    
12:57:52.777  DEBUG   [poll]    <- read  st0cur     ret=0  data=['0xfe', '0x01', '0x01', '0x02']
12:57:53.778  DEBUG   [poll]    -> read  st2mot    
12:57:53.781  DEBUG   [poll]    <- read  st2mot     ret=0  data=['0x00', '0x00']
12:57:53.782  DEBUG   [poll]    -> read  st0cur    
12:57:53.786  DEBUG   [poll]    <- read  st0cur     ret=0  data=['0xfe', '0x01', '0x00', '0x02']
12:57:54.788  DEBUG   [poll]    -> read  st2mot    
12:57:54.795  DEBUG   [poll]    <- read  st2mot     ret=0  data=['0x00', '0x00']
12:57:54.795  DEBUG   [poll]    -> read  st0cur    
12:57:54.799  DEBUG   [poll]    <- read  st0cur     ret=0  data=['0xfe', '0x01', '0x01', '0x02']
12:57:55.801  DEBUG   [poll]    -> read  st2mot    
12:57:55.804  DEBUG   [poll]    <- read  st2mot     ret=0  data=['0x00', '0x00']
12:57:55.805  DEBUG   [poll]    -> read  st0cur    
12:57:55.809  DEBUG   [poll]    <- read  st0cur     ret=0  data=['0xfe', '0x01', '0x01', '0x02']
12:57:56.810  DEBUG   [poll]    -> read  st2mot    
12:57:56.814  DEBUG   [poll]    <- read  st2mot     ret=0  data=['0x00', '0x00']
12:57:56.814  DEBUG   [poll]    -> read  st0cur    
12:57:56.818  DEBUG   [poll]    <- read  st0cur     ret=0  data=['0xfe', '0x01', '0x01', '0x02']
12:57:57.820  DEBUG   [poll]    -> read  st2mot    
12:57:57.823  DEBUG   [poll]    <- read  st2mot     ret=0  data=['0x00', '0x00']
12:57:57.823  DEBUG   [poll]    -> read  st0cur    
12:57:57.828  DEBUG   [poll]    <- read  st0cur     ret=0  data=['0xfe', '0x01', '0x01', '0x02']
12:57:58.829  DEBUG   [poll]    -> read  st2mot    
12:57:58.833  DEBUG   [poll]    <- read  st2mot     ret=0  data=['0x00', '0x00']
12:57:58.833  DEBUG   [poll]    -> read  st0cur    
12:57:58.837  DEBUG   [poll]    <- read  st0cur     ret=0  data=['0xfe', '0x01', '0x01', '0x02']
12:57:59.839  DEBUG   [poll]    -> read  st2mot    
12:57:59.845  DEBUG   [poll]    <- read  st2mot     ret=0  data=['0x00', '0x00']
12:57:59.846  DEBUG   [poll]    -> read  st0cur    
12:57:59.850  DEBUG   [poll]    <- read  st0cur     ret=0  data=['0xfe', '0x01', '0x01', '0x02']
12:58:00.851  DEBUG   [poll]    -> read  st2mot    
12:58:00.855  DEBUG   [poll]    <- read  st2mot     ret=0  data=['0x00', '0x00']
12:58:00.855  DEBUG   [poll]    -> read  st0cur    
12:58:00.859  DEBUG   [poll]    <- read  st0cur     ret=0  data=['0xfe', '0x01', '0x00', '0x02']
12:58:01.861  DEBUG   [poll]    -> read  st2mot    
12:58:01.864  DEBUG   [poll]    <- read  st2mot     ret=0  data=['0x00', '0x00']
12:58:01.865  DEBUG   [poll]    -> read  st0cur    
12:58:01.869  DEBUG   [poll]    <- read  st0cur     ret=0  data=['0xfe', '0x01', '0x00', '0x02']
12:58:02.870  DEBUG   [poll]    -> read  st2mot    
12:58:02.874  DEBUG   [poll]    <- read  st2mot     ret=0  data=['0x00', '0x00']
12:58:02.874  DEBUG   [poll]    -> read  st0cur    
12:58:02.878  DEBUG   [poll]    <- read  st0cur     ret=0  data=['0xfe', '0x01', '0x01', '0x02']
12:58:03.880  DEBUG   [poll]    -> read  st2mot    
12:58:03.883  DEBUG   [poll]    <- read  st2mot     ret=0  data=['0x00', '0x00']
12:58:03.884  DEBUG   [poll]    -> read  st0cur    
12:58:03.888  DEBUG   [poll]    <- read  st0cur     ret=0  data=['0xfe', '0x01', '0x01', '0x02']
12:58:04.889  DEBUG   [poll]    -> read  st2mot    
12:58:04.896  DEBUG   [poll]    <- read  st2mot     ret=0  data=['0x00', '0x00']
12:58:04.897  DEBUG   [poll]    -> read  st0cur    
12:58:04.901  DEBUG   [poll]    <- read  st0cur     ret=0  data=['0xfe', '0x01', '0x00', '0x02']
12:58:05.902  DEBUG   [poll]    -> read  st2mot    
12:58:05.906  DEBUG   [poll]    <- read  st2mot     ret=0  data=['0x00', '0x00']
12:58:05.906  DEBUG   [poll]    -> read  st0cur    
12:58:05.910  DEBUG   [poll]    <- read  st0cur     ret=0  data=['0xfe', '0x01', '0x01', '0x02']
12:58:06.912  DEBUG   [poll]    -> read  st2mot    
12:58:06.915  DEBUG   [poll]    <- read  st2mot     ret=0  data=['0x00', '0x00']
12:58:06.916  DEBUG   [poll]    -> read  st0cur    
12:58:06.920  DEBUG   [poll]    <- read  st0cur     ret=0  data=['0xfe', '0x01', '0x00', '0x02']
12:58:07.921  DEBUG   [poll]    -> read  st2mot    
12:58:07.925  DEBUG   [poll]    <- read  st2mot     ret=0  data=['0x00', '0x00']
12:58:07.925  DEBUG   [poll]    -> read  st0cur    
12:58:07.929  DEBUG   [poll]    <- read  st0cur     ret=0  data=['0xfe', '0x01', '0x00', '0x02']
12:58:08.931  DEBUG   [poll]    -> read  st2mot    
12:58:08.934  DEBUG   [poll]    <- read  st2mot     ret=0  data=['0x00', '0x00']
12:58:08.934  DEBUG   [poll]    -> read  st0cur    
12:58:08.939  DEBUG   [poll]    <- read  st0cur     ret=0  data=['0xfe', '0x01', '0x01', '0x02']
12:58:09.940  DEBUG   [poll]    -> read  st2mot    
12:58:09.947  DEBUG   [poll]    <- read  st2mot     ret=0  data=['0x00', '0x00']
12:58:09.947  DEBUG   [poll]    -> read  st0cur    
12:58:09.952  DEBUG   [poll]    <- read  st0cur     ret=0  data=['0xfe', '0x01', '0x01', '0x02']
12:58:10.953  DEBUG   [poll]    -> read  st2mot    
12:58:10.957  DEBUG   [poll]    <- read  st2mot     ret=0  data=['0x00', '0x00']
12:58:10.957  DEBUG   [poll]    -> read  st0cur    
12:58:10.961  DEBUG   [poll]    <- read  st0cur     ret=0  data=['0xfe', '0x01', '0x00', '0x02']
12:58:11.963  DEBUG   [poll]    -> read  st2mot    
12:58:11.966  DEBUG   [poll]    <- read  st2mot     ret=0  data=['0x00', '0x00']
12:58:11.966  DEBUG   [poll]    -> read  st0cur    
12:58:11.971  DEBUG   [poll]    <- read  st0cur     ret=0  data=['0xfe', '0x01', '0x01', '0x02']
12:58:12.972  DEBUG   [poll]    -> read  st2mot    
12:58:12.976  DEBUG   [poll]    <- read  st2mot     ret=0  data=['0x00', '0x00']
12:58:12.976  DEBUG   [poll]    -> read  st0cur    
12:58:12.980  DEBUG   [poll]    <- read  st0cur     ret=0  data=['0xfd', '0x01', '0x00', '0x02']
12:58:13.982  DEBUG   [poll]    -> read  st2mot    
12:58:13.985  DEBUG   [poll]    <- read  st2mot     ret=0  data=['0x00', '0x00']
12:58:13.986  DEBUG   [poll]    -> read  st0cur    
12:58:13.990  DEBUG   [poll]    <- read  st0cur     ret=0  data=['0xfe', '0x01', '0x00', '0x02']
12:58:14.991  DEBUG   [poll]    -> read  st2mot    
12:58:14.998  DEBUG   [poll]    <- read  st2mot     ret=0  data=['0x00', '0x00']
12:58:14.999  DEBUG   [poll]    -> read  st0cur    
12:58:15.003  DEBUG   [poll]    <- read  st0cur     ret=0  data=['0xfe', '0x01', '0x00', '0x02']
12:58:16.004  DEBUG   [poll]    -> read  st2mot    
12:58:16.008  DEBUG   [poll]    <- read  st2mot     ret=0  data=['0x00', '0x00']
12:58:16.008  DEBUG   [poll]    -> read  st0cur    
12:58:16.012  DEBUG   [poll]    <- read  st0cur     ret=0  data=['0xfe', '0x01', '0x00', '0x02']
12:58:17.014  DEBUG   [poll]    -> read  st2mot    
12:58:17.017  DEBUG   [poll]    <- read  st2mot     ret=0  data=['0x00', '0x00']
12:58:17.017  DEBUG   [poll]    -> read  st0cur    
12:58:17.022  DEBUG   [poll]    <- read  st0cur     ret=0  data=['0xfe', '0x01', '0x01', '0x02']
12:58:18.023  DEBUG   [poll]    -> read  st2mot    
12:58:18.027  DEBUG   [poll]    <- read  st2mot     ret=0  data=['0x00', '0x00']
12:58:18.027  DEBUG   [poll]    -> read  st0cur    
12:58:18.031  DEBUG   [poll]    <- read  st0cur     ret=0  data=['0xfe', '0x01', '0x00', '0x02']
12:58:19.033  DEBUG   [poll]    -> read  st2mot    
12:58:19.036  DEBUG   [poll]    <- read  st2mot     ret=0  data=['0x00', '0x00']
12:58:19.036  DEBUG   [poll]    -> read  st0cur    
12:58:19.041  DEBUG   [poll]    <- read  st0cur     ret=0  data=['0xfe', '0x01', '0x00', '0x02']
12:58:20.042  DEBUG   [poll]    -> read  st2mot    
12:58:20.049  DEBUG   [poll]    <- read  st2mot     ret=0  data=['0x00', '0x00']
12:58:20.049  DEBUG   [poll]    -> read  st0cur    
12:58:20.054  DEBUG   [poll]    <- read  st0cur     ret=0  data=['0xfe', '0x01', '0x00', '0x02']
12:58:21.055  DEBUG   [poll]    -> read  st2mot    
12:58:21.059  DEBUG   [poll]    <- read  st2mot     ret=0  data=['0x00', '0x00']
12:58:21.059  DEBUG   [poll]    -> read  st0cur    
12:58:21.063  DEBUG   [poll]    <- read  st0cur     ret=0  data=['0xfe', '0x01', '0x00', '0x02']
12:58:22.065  DEBUG   [poll]    -> read  st2mot    
12:58:22.068  DEBUG   [poll]    <- read  st2mot     ret=0  data=['0x00', '0x00']
12:58:22.068  DEBUG   [poll]    -> read  st0cur    
12:58:22.073  DEBUG   [poll]    <- read  st0cur     ret=0  data=['0xfe', '0x01', '0x01', '0x02']
12:58:23.074  DEBUG   [poll]    -> read  st2mot    
12:58:23.077  DEBUG   [poll]    <- read  st2mot     ret=0  data=['0x00', '0x00']
12:58:23.078  DEBUG   [poll]    -> read  st0cur    
12:58:23.082  DEBUG   [poll]    <- read  st0cur     ret=0  data=['0xfe', '0x01', '0x01', '0x02']
12:58:24.084  DEBUG   [poll]    -> read  st2mot    
12:58:24.087  DEBUG   [poll]    <- read  st2mot     ret=0  data=['0x00', '0x00']
12:58:24.087  DEBUG   [poll]    -> read  st0cur    
12:58:24.091  DEBUG   [poll]    <- read  st0cur     ret=0  data=['0xfe', '0x01', '0x01', '0x02']
12:58:25.093  DEBUG   [poll]    -> read  st2mot    
12:58:25.100  DEBUG   [poll]    <- read  st2mot     ret=0  data=['0x00', '0x00']
12:58:25.101  DEBUG   [poll]    -> read  st0cur    
12:58:25.105  DEBUG   [poll]    <- read  st0cur     ret=0  data=['0xfe', '0x01', '0x00', '0x02']
12:58:26.107  DEBUG   [poll]    -> read  st2mot    
12:58:26.110  DEBUG   [poll]    <- read  st2mot     ret=0  data=['0x00', '0x00']
12:58:26.110  DEBUG   [poll]    -> read  st0cur    
12:58:26.115  DEBUG   [poll]    <- read  st0cur     ret=0  data=['0xfe', '0x01', '0x01', '0x02']
12:58:27.116  DEBUG   [poll]    -> read  st2mot    
12:58:27.119  DEBUG   [poll]    <- read  st2mot     ret=0  data=['0x00', '0x00']
12:58:27.120  DEBUG   [poll]    -> read  st0cur    
12:58:27.124  DEBUG   [poll]    <- read  st0cur     ret=0  data=['0xfe', '0x01', '0x00', '0x02']
12:58:28.125  DEBUG   [poll]    -> read  st2mot    
12:58:28.129  DEBUG   [poll]    <- read  st2mot     ret=0  data=['0x00', '0x00']
12:58:28.129  DEBUG   [poll]    -> read  st0cur    
12:58:28.133  DEBUG   [poll]    <- read  st0cur     ret=0  data=['0xfe', '0x01', '0x00', '0x02']
12:58:29.135  DEBUG   [poll]    -> read  st2mot    
12:58:29.138  DEBUG   [poll]    <- read  st2mot     ret=0  data=['0x00', '0x00']
12:58:29.139  DEBUG   [poll]    -> read  st0cur    
12:58:29.143  DEBUG   [poll]    <- read  st0cur     ret=0  data=['0xfe', '0x01', '0x00', '0x02']
12:58:30.144  DEBUG   [poll]    -> read  st2mot    
12:58:30.151  DEBUG   [poll]    <- read  st2mot     ret=0  data=['0x00', '0x00']
12:58:30.152  DEBUG   [poll]    -> read  st0cur    
12:58:30.156  DEBUG   [poll]    <- read  st0cur     ret=0  data=['0xfe', '0x01', '0x00', '0x02']
12:58:31.157  DEBUG   [poll]    -> read  st2mot    
12:58:31.161  DEBUG   [poll]    <- read  st2mot     ret=0  data=['0x00', '0x00']
12:58:31.161  DEBUG   [poll]    -> read  st0cur    
12:58:31.165  DEBUG   [poll]    <- read  st0cur     ret=0  data=['0xfe', '0x01', '0x01', '0x02']
12:58:32.167  DEBUG   [poll]    -> read  st2mot    
12:58:32.170  DEBUG   [poll]    <- read  st2mot     ret=0  data=['0x00', '0x00']
12:58:32.171  DEBUG   [poll]    -> read  st0cur    
12:58:32.175  DEBUG   [poll]    <- read  st0cur     ret=0  data=['0xfe', '0x01', '0x01', '0x02']
12:58:33.176  DEBUG   [poll]    -> read  st2mot    
12:58:33.180  DEBUG   [poll]    <- read  st2mot     ret=0  data=['0x00', '0x00']
12:58:33.180  DEBUG   [poll]    -> read  st0cur    
12:58:33.184  DEBUG   [poll]    <- read  st0cur     ret=0  data=['0xfe', '0x01', '0x01', '0x02']
12:58:34.186  DEBUG   [poll]    -> read  st2mot    
12:58:34.189  DEBUG   [poll]    <- read  st2mot     ret=0  data=['0x00', '0x00']
12:58:34.189  DEBUG   [poll]    -> read  st0cur    
12:58:34.194  DEBUG   [poll]    <- read  st0cur     ret=0  data=['0xfe', '0x01', '0x01', '0x02']
12:58:35.195  DEBUG   [poll]    -> read  st2mot    
12:58:35.202  DEBUG   [poll]    <- read  st2mot     ret=0  data=['0x00', '0x00']
12:58:35.203  DEBUG   [poll]    -> read  st0cur    
12:58:35.207  DEBUG   [poll]    <- read  st0cur     ret=0  data=['0xfd', '0x01', '0x01', '0x02']
12:58:36.208  DEBUG   [poll]    -> read  st2mot    
12:58:36.212  DEBUG   [poll]    <- read  st2mot     ret=0  data=['0x00', '0x00']
12:58:36.212  DEBUG   [poll]    -> read  st0cur    
12:58:36.216  DEBUG   [poll]    <- read  st0cur     ret=0  data=['0xfe', '0x01', '0x01', '0x02']
12:58:37.217  DEBUG   [poll]    -> read  st2mot    
12:58:37.221  DEBUG   [poll]    <- read  st2mot     ret=0  data=['0x00', '0x00']
12:58:37.221  DEBUG   [poll]    -> read  st0cur    
12:58:37.225  DEBUG   [poll]    <- read  st0cur     ret=0  data=['0xfe', '0x01', '0x01', '0x02']
12:58:38.227  DEBUG   [poll]    -> read  st2mot    
12:58:38.230  DEBUG   [poll]    <- read  st2mot     ret=0  data=['0x00', '0x00']
12:58:38.231  DEBUG   [poll]    -> read  st0cur    
12:58:38.235  DEBUG   [poll]    <- read  st0cur     ret=0  data=['0xfe', '0x01', '0x00', '0x02']
12:58:39.236  DEBUG   [poll]    -> read  st2mot    
12:58:39.240  DEBUG   [poll]    <- read  st2mot     ret=0  data=['0x00', '0x00']
12:58:39.240  DEBUG   [poll]    -> read  st0cur    
12:58:39.244  DEBUG   [poll]    <- read  st0cur     ret=0  data=['0xfe', '0x01', '0x01', '0x02']
12:58:40.246  DEBUG   [poll]    -> read  st2mot    
12:58:40.252  DEBUG   [poll]    <- read  st2mot     ret=0  data=['0x00', '0x00']
12:58:40.253  DEBUG   [poll]    -> read  st0cur    
12:58:40.257  DEBUG   [poll]    <- read  st0cur     ret=0  data=['0xfe', '0x01', '0x01', '0x02']
12:58:41.259  DEBUG   [poll]    -> read  st2mot    
12:58:41.262  DEBUG   [poll]    <- read  st2mot     ret=0  data=['0x00', '0x00']
12:58:41.262  DEBUG   [poll]    -> read  st0cur    
12:58:41.267  DEBUG   [poll]    <- read  st0cur     ret=0  data=['0xfe', '0x01', '0x01', '0x02']
12:58:42.268  DEBUG   [poll]    -> read  st2mot    
12:58:42.271  DEBUG   [poll]    <- read  st2mot     ret=0  data=['0x00', '0x00']
12:58:42.272  DEBUG   [poll]    -> read  st0cur    
12:58:42.276  DEBUG   [poll]    <- read  st0cur     ret=0  data=['0xfe', '0x01', '0x01', '0x02']
12:58:43.278  DEBUG   [poll]    -> read  st2mot    
12:58:43.281  DEBUG   [poll]    <- read  st2mot     ret=0  data=['0x00', '0x00']
12:58:43.281  DEBUG   [poll]    -> read  st0cur    
12:58:43.286  DEBUG   [poll]    <- read  st0cur     ret=0  data=['0xfe', '0x01', '0x01', '0x02']
12:58:44.287  DEBUG   [poll]    -> read  st2mot    
12:58:44.290  DEBUG   [poll]    <- read  st2mot     ret=0  data=['0x00', '0x00']
12:58:44.291  DEBUG   [poll]    -> read  st0cur    
12:58:44.295  DEBUG   [poll]    <- read  st0cur     ret=0  data=['0xfe', '0x01', '0x01', '0x02']
12:58:45.297  DEBUG   [poll]    -> read  st2mot    
12:58:45.309  DEBUG   [poll]    <- read  st2mot     ret=0  data=['0x00', '0x00']
12:58:45.310  DEBUG   [poll]    -> read  st0cur    
12:58:45.314  DEBUG   [poll]    <- read  st0cur     ret=0  data=['0xfe', '0x01', '0x01', '0x02']
12:58:46.315  DEBUG   [poll]    -> read  st2mot    
12:58:46.319  DEBUG   [poll]    <- read  st2mot     ret=0  data=['0x00', '0x00']
12:58:46.319  DEBUG   [poll]    -> read  st0cur    
12:58:46.324  DEBUG   [poll]    <- read  st0cur     ret=0  data=['0xfe', '0x01', '0x01', '0x02']
12:58:47.325  DEBUG   [poll]    -> read  st2mot    
12:58:47.328  DEBUG   [poll]    <- read  st2mot     ret=0  data=['0x00', '0x00']
12:58:47.329  DEBUG   [poll]    -> read  st0cur    
12:58:47.333  DEBUG   [poll]    <- read  st0cur     ret=0  data=['0xfe', '0x01', '0x00', '0x02']
12:58:48.334  DEBUG   [poll]    -> read  st2mot    
12:58:48.338  DEBUG   [poll]    <- read  st2mot     ret=0  data=['0x00', '0x00']
12:58:48.338  DEBUG   [poll]    -> read  st0cur    
12:58:48.342  DEBUG   [poll]    <- read  st0cur     ret=0  data=['0xfe', '0x01', '0x01', '0x02']
12:58:49.344  DEBUG   [poll]    -> read  st2mot    
12:58:49.347  DEBUG   [poll]    <- read  st2mot     ret=0  data=['0x00', '0x00']
12:58:49.348  DEBUG   [poll]    -> read  st0cur    
12:58:49.352  DEBUG   [poll]    <- read  st0cur     ret=0  data=['0xfe', '0x01', '0x00', '0x02']
12:58:50.353  DEBUG   [poll]    -> read  st2mot    
12:58:50.360  DEBUG   [poll]    <- read  st2mot     ret=0  data=['0x00', '0x00']
12:58:50.361  DEBUG   [poll]    -> read  st0cur    
12:58:50.365  DEBUG   [poll]    <- read  st0cur     ret=0  data=['0xfe', '0x01', '0x00', '0x02']
12:58:51.366  DEBUG   [poll]    -> read  st2mot    
12:58:51.370  DEBUG   [poll]    <- read  st2mot     ret=0  data=['0x00', '0x00']
12:58:51.370  DEBUG   [poll]    -> read  st0cur    
12:58:51.374  DEBUG   [poll]    <- read  st0cur     ret=0  data=['0xfe', '0x01', '0x01', '0x02']
12:58:52.376  DEBUG   [poll]    -> read  st2mot    
12:58:52.379  DEBUG   [poll]    <- read  st2mot     ret=0  data=['0x00', '0x00']
12:58:52.380  DEBUG   [poll]    -> read  st0cur    
12:58:52.384  DEBUG   [poll]    <- read  st0cur     ret=0  data=['0xfe', '0x01', '0x00', '0x02']
12:58:53.385  DEBUG   [poll]    -> read  st2mot    
12:58:53.389  DEBUG   [poll]    <- read  st2mot     ret=0  data=['0x00', '0x00']
12:58:53.389  DEBUG   [poll]    -> read  st0cur    
12:58:53.393  DEBUG   [poll]    <- read  st0cur     ret=0  data=['0xfe', '0x01', '0x01', '0x02']
12:58:54.395  DEBUG   [poll]    -> read  st2mot    
12:58:54.398  DEBUG   [poll]    <- read  st2mot     ret=0  data=['0x00', '0x00']
12:58:54.399  DEBUG   [poll]    -> read  st0cur    
12:58:54.403  DEBUG   [poll]    <- read  st0cur     ret=0  data=['0xfe', '0x01', '0x01', '0x02']
12:58:55.404  DEBUG   [poll]    -> read  st2mot    
12:58:55.411  DEBUG   [poll]    <- read  st2mot     ret=0  data=['0x00', '0x00']
12:58:55.412  DEBUG   [poll]    -> read  st0cur    
12:58:55.416  DEBUG   [poll]    <- read  st0cur     ret=0  data=['0xfe', '0x01', '0x01', '0x02']
12:58:56.417  DEBUG   [poll]    -> read  st2mot    
12:58:56.421  DEBUG   [poll]    <- read  st2mot     ret=0  data=['0x00', '0x00']
12:58:56.421  DEBUG   [poll]    -> read  st0cur    
12:58:56.425  DEBUG   [poll]    <- read  st0cur     ret=0  data=['0xfe', '0x01', '0x00', '0x02']
12:58:57.427  DEBUG   [poll]    -> read  st2mot    
12:58:57.430  DEBUG   [poll]    <- read  st2mot     ret=0  data=['0x00', '0x00']
12:58:57.431  DEBUG   [poll]    -> read  st0cur    
12:58:57.435  DEBUG   [poll]    <- read  st0cur     ret=0  data=['0xfe', '0x01', '0x01', '0x02']
12:58:58.436  DEBUG   [poll]    -> read  st2mot    
12:58:58.440  DEBUG   [poll]    <- read  st2mot     ret=0  data=['0x00', '0x00']
12:58:58.440  DEBUG   [poll]    -> read  st0cur    
12:58:58.444  DEBUG   [poll]    <- read  st0cur     ret=0  data=['0xfe', '0x01', '0x01', '0x02']
12:58:59.446  DEBUG   [poll]    -> read  st2mot    
12:58:59.449  DEBUG   [poll]    <- read  st2mot     ret=0  data=['0x00', '0x00']
12:58:59.449  DEBUG   [poll]    -> read  st0cur    
12:58:59.454  DEBUG   [poll]    <- read  st0cur     ret=0  data=['0xfe', '0x01', '0x01', '0x02']
12:59:00.455  DEBUG   [poll]    -> read  st2mot    
12:59:00.462  DEBUG   [poll]    <- read  st2mot     ret=0  data=['0x00', '0x00']
12:59:00.462  DEBUG   [poll]    -> read  st0cur    
12:59:00.467  DEBUG   [poll]    <- read  st0cur     ret=0  data=['0xfe', '0x01', '0x01', '0x02']
12:59:01.468  DEBUG   [poll]    -> read  st2mot    
12:59:01.472  DEBUG   [poll]    <- read  st2mot     ret=0  data=['0x00', '0x00']
12:59:01.472  DEBUG   [poll]    -> read  st0cur    
12:59:01.476  DEBUG   [poll]    <- read  st0cur     ret=0  data=['0xfd', '0x01', '0x01', '0x02']
12:59:02.478  DEBUG   [poll]    -> read  st2mot    
12:59:02.481  DEBUG   [poll]    <- read  st2mot     ret=0  data=['0x00', '0x00']
12:59:02.482  DEBUG   [poll]    -> read  st0cur    
12:59:02.486  DEBUG   [poll]    <- read  st0cur     ret=0  data=['0xfe', '0x01', '0x01', '0x02']
12:59:03.487  DEBUG   [poll]    -> read  st2mot    
12:59:03.491  DEBUG   [poll]    <- read  st2mot     ret=0  data=['0x00', '0x00']
12:59:03.491  DEBUG   [poll]    -> read  st0cur    
12:59:03.495  DEBUG   [poll]    <- read  st0cur     ret=0  data=['0xfe', '0x01', '0x00', '0x02']
12:59:04.497  DEBUG   [poll]    -> read  st2mot    
12:59:04.500  DEBUG   [poll]    <- read  st2mot     ret=0  data=['0x00', '0x00']
12:59:04.501  DEBUG   [poll]    -> read  st0cur    
12:59:04.505  DEBUG   [poll]    <- read  st0cur     ret=0  data=['0xfd', '0x01', '0x00', '0x02']
12:59:05.506  DEBUG   [poll]    -> read  st2mot    
12:59:05.513  DEBUG   [poll]    <- read  st2mot     ret=0  data=['0x00', '0x00']
12:59:05.514  DEBUG   [poll]    -> read  st0cur    
12:59:05.518  DEBUG   [poll]    <- read  st0cur     ret=0  data=['0xfe', '0x01', '0x01', '0x02']
12:59:06.519  DEBUG   [poll]    -> read  st2mot    
12:59:06.523  DEBUG   [poll]    <- read  st2mot     ret=0  data=['0x00', '0x00']
12:59:06.523  DEBUG   [poll]    -> read  st0cur    
12:59:06.527  DEBUG   [poll]    <- read  st0cur     ret=0  data=['0xfe', '0x01', '0x01', '0x02']
12:59:07.529  DEBUG   [poll]    -> read  st2mot    
12:59:07.532  DEBUG   [poll]    <- read  st2mot     ret=0  data=['0x00', '0x00']
12:59:07.533  DEBUG   [poll]    -> read  st0cur    
12:59:07.537  DEBUG   [poll]    <- read  st0cur     ret=0  data=['0xfe', '0x01', '0x01', '0x02']
12:59:08.538  DEBUG   [poll]    -> read  st2mot    
12:59:08.542  DEBUG   [poll]    <- read  st2mot     ret=0  data=['0x00', '0x00']
12:59:08.542  DEBUG   [poll]    -> read  st0cur    
12:59:08.546  DEBUG   [poll]    <- read  st0cur     ret=0  data=['0xfe', '0x01', '0x01', '0x02']
12:59:09.548  DEBUG   [poll]    -> read  st2mot    
12:59:09.551  DEBUG   [poll]    <- read  st2mot     ret=0  data=['0x00', '0x00']
12:59:09.551  DEBUG   [poll]    -> read  st0cur    
12:59:09.556  DEBUG   [poll]    <- read  st0cur     ret=0  data=['0xfe', '0x01', '0x01', '0x02']
12:59:10.557  DEBUG   [poll]    -> read  st2mot    
12:59:10.564  DEBUG   [poll]    <- read  st2mot     ret=0  data=['0x00', '0x00']
12:59:10.564  DEBUG   [poll]    -> read  st0cur    
12:59:10.569  DEBUG   [poll]    <- read  st0cur     ret=0  data=['0xfe', '0x01', '0x01', '0x02']
12:59:11.570  DEBUG   [poll]    -> read  st2mot    
12:59:11.573  DEBUG   [poll]    <- read  st2mot     ret=0  data=['0x00', '0x00']
12:59:11.574  DEBUG   [poll]    -> read  st0cur    
12:59:11.578  DEBUG   [poll]    <- read  st0cur     ret=0  data=['0xfe', '0x01', '0x01', '0x02']
12:59:12.579  DEBUG   [poll]    -> read  st2mot    
12:59:12.583  DEBUG   [poll]    <- read  st2mot     ret=0  data=['0x00', '0x00']
12:59:12.583  DEBUG   [poll]    -> read  st0cur    
12:59:12.588  DEBUG   [poll]    <- read  st0cur     ret=0  data=['0xfe', '0x01', '0x01', '0x02']
12:59:13.589  DEBUG   [poll]    -> read  st2mot    
12:59:13.593  DEBUG   [poll]    <- read  st2mot     ret=0  data=['0x00', '0x00']
12:59:13.593  DEBUG   [poll]    -> read  st0cur    
12:59:13.597  DEBUG   [poll]    <- read  st0cur     ret=0  data=['0xfe', '0x01', '0x01', '0x02']
12:59:14.599  DEBUG   [poll]    -> read  st2mot    
12:59:14.602  DEBUG   [poll]    <- read  st2mot     ret=0  data=['0x00', '0x00']
12:59:14.603  DEBUG   [poll]    -> read  st0cur    
12:59:14.607  DEBUG   [poll]    <- read  st0cur     ret=0  data=['0xfd', '0x01', '0x01', '0x02']
12:59:15.608  DEBUG   [poll]    -> read  st2mot    
12:59:15.616  DEBUG   [poll]    <- read  st2mot     ret=0  data=['0x00', '0x00']
12:59:15.616  DEBUG   [poll]    -> read  st0cur    
12:59:15.620  DEBUG   [poll]    <- read  st0cur     ret=0  data=['0xfe', '0x01', '0x01', '0x02']
12:59:16.622  DEBUG   [poll]    -> read  st2mot    
12:59:16.625  DEBUG   [poll]    <- read  st2mot     ret=0  data=['0x00', '0x00']
12:59:16.626  DEBUG   [poll]    -> read  st0cur    
12:59:16.630  DEBUG   [poll]    <- read  st0cur     ret=0  data=['0xfe', '0x01', '0x00', '0x02']
12:59:17.631  DEBUG   [poll]    -> read  st2mot    
12:59:17.635  DEBUG   [poll]    <- read  st2mot     ret=0  data=['0x00', '0x00']
12:59:17.635  DEBUG   [poll]    -> read  st0cur    
12:59:17.639  DEBUG   [poll]    <- read  st0cur     ret=0  data=['0xfe', '0x01', '0x01', '0x02']
12:59:18.641  DEBUG   [poll]    -> read  st2mot    
12:59:18.644  DEBUG   [poll]    <- read  st2mot     ret=0  data=['0x00', '0x00']
12:59:18.644  DEBUG   [poll]    -> read  st0cur    
12:59:18.649  DEBUG   [poll]    <- read  st0cur     ret=0  data=['0xfe', '0x01', '0x01', '0x02']
12:59:19.650  DEBUG   [poll]    -> read  st2mot    
12:59:19.654  DEBUG   [poll]    <- read  st2mot     ret=0  data=['0x00', '0x00']
12:59:19.654  DEBUG   [poll]    -> read  st0cur    
12:59:19.658  DEBUG   [poll]    <- read  st0cur     ret=0  data=['0xfe', '0x01', '0x01', '0x02']
12:59:20.660  DEBUG   [poll]    -> read  st2mot    
12:59:20.666  DEBUG   [poll]    <- read  st2mot     ret=0  data=['0x00', '0x00']
12:59:20.667  DEBUG   [poll]    -> read  st0cur    
12:59:20.671  DEBUG   [poll]    <- read  st0cur     ret=0  data=['0xfe', '0x01', '0x01', '0x02']
12:59:21.672  DEBUG   [poll]    -> read  st2mot    
12:59:21.676  DEBUG   [poll]    <- read  st2mot     ret=0  data=['0x00', '0x00']
12:59:21.676  DEBUG   [poll]    -> read  st0cur    
12:59:21.680  DEBUG   [poll]    <- read  st0cur     ret=0  data=['0xfe', '0x01', '0x01', '0x02']
12:59:22.682  DEBUG   [poll]    -> read  st2mot    
12:59:22.685  DEBUG   [poll]    <- read  st2mot     ret=0  data=['0x00', '0x00']
12:59:22.686  DEBUG   [poll]    -> read  st0cur    
12:59:22.690  DEBUG   [poll]    <- read  st0cur     ret=0  data=['0xfe', '0x01', '0x01', '0x02']
12:59:23.691  DEBUG   [poll]    -> read  st2mot    
12:59:23.695  DEBUG   [poll]    <- read  st2mot     ret=0  data=['0x00', '0x00']
12:59:23.695  DEBUG   [poll]    -> read  st0cur    
12:59:23.699  DEBUG   [poll]    <- read  st0cur     ret=0  data=['0xfe', '0x01', '0x00', '0x02']
12:59:24.701  DEBUG   [poll]    -> read  st2mot    
12:59:24.704  DEBUG   [poll]    <- read  st2mot     ret=0  data=['0x00', '0x00']
12:59:24.705  DEBUG   [poll]    -> read  st0cur    
12:59:24.709  DEBUG   [poll]    <- read  st0cur     ret=0  data=['0xfe', '0x01', '0x01', '0x02']
12:59:25.711  DEBUG   [poll]    -> read  st2mot    
12:59:25.718  DEBUG   [poll]    <- read  st2mot     ret=0  data=['0x00', '0x00']
12:59:25.718  DEBUG   [poll]    -> read  st0cur    
12:59:25.723  DEBUG   [poll]    <- read  st0cur     ret=0  data=['0xfe', '0x01', '0x00', '0x02']
12:59:26.724  DEBUG   [poll]    -> read  st2mot    
12:59:26.727  DEBUG   [poll]    <- read  st2mot     ret=0  data=['0x00', '0x00']
12:59:26.728  DEBUG   [poll]    -> read  st0cur    
12:59:26.732  DEBUG   [poll]    <- read  st0cur     ret=0  data=['0xfe', '0x01', '0x00', '0x02']
12:59:27.734  DEBUG   [poll]    -> read  st2mot    
12:59:27.737  DEBUG   [poll]    <- read  st2mot     ret=0  data=['0x00', '0x00']
12:59:27.737  DEBUG   [poll]    -> read  st0cur    
12:59:27.742  DEBUG   [poll]    <- read  st0cur     ret=0  data=['0xfe', '0x01', '0x01', '0x02']
12:59:28.743  DEBUG   [poll]    -> read  st2mot    
12:59:28.747  DEBUG   [poll]    <- read  st2mot     ret=0  data=['0x00', '0x00']
12:59:28.747  DEBUG   [poll]    -> read  st0cur    
12:59:28.751  DEBUG   [poll]    <- read  st0cur     ret=0  data=['0xfe', '0x01', '0x01', '0x02']
12:59:29.753  DEBUG   [poll]    -> read  st2mot    
12:59:29.756  DEBUG   [poll]    <- read  st2mot     ret=0  data=['0x00', '0x00']
12:59:29.756  DEBUG   [poll]    -> read  st0cur    
12:59:29.761  DEBUG   [poll]    <- read  st0cur     ret=0  data=['0xfe', '0x01', '0x01', '0x02']
12:59:30.762  DEBUG   [poll]    -> read  st2mot    
12:59:30.769  DEBUG   [poll]    <- read  st2mot     ret=0  data=['0x00', '0x00']
12:59:30.770  DEBUG   [poll]    -> read  st0cur    
12:59:30.774  DEBUG   [poll]    <- read  st0cur     ret=0  data=['0xfd', '0x01', '0x01', '0x02']
12:59:31.776  DEBUG   [poll]    -> read  st2mot    
12:59:31.779  DEBUG   [poll]    <- read  st2mot     ret=0  data=['0x00', '0x00']
12:59:31.779  DEBUG   [poll]    -> read  st0cur    
12:59:31.783  DEBUG   [poll]    <- read  st0cur     ret=0  data=['0xfe', '0x01', '0x01', '0x02']
12:59:32.785  DEBUG   [poll]    -> read  st2mot    
12:59:32.788  DEBUG   [poll]    <- read  st2mot     ret=0  data=['0x00', '0x00']
12:59:32.789  DEBUG   [poll]    -> read  st0cur    
12:59:32.793  DEBUG   [poll]    <- read  st0cur     ret=0  data=['0xfe', '0x01', '0x01', '0x02']
12:59:33.794  DEBUG   [poll]    -> read  st2mot    
12:59:33.798  DEBUG   [poll]    <- read  st2mot     ret=0  data=['0x00', '0x00']
12:59:33.798  DEBUG   [poll]    -> read  st0cur    
12:59:33.802  DEBUG   [poll]    <- read  st0cur     ret=0  data=['0xfe', '0x01', '0x00', '0x02']
12:59:34.804  DEBUG   [poll]    -> read  st2mot    
12:59:34.807  DEBUG   [poll]    <- read  st2mot     ret=0  data=['0x00', '0x00']
12:59:34.808  DEBUG   [poll]    -> read  st0cur    
12:59:34.812  DEBUG   [poll]    <- read  st0cur     ret=0  data=['0xfe', '0x01', '0x00', '0x02']
12:59:35.813  DEBUG   [poll]    -> read  st2mot    
12:59:35.820  DEBUG   [poll]    <- read  st2mot     ret=0  data=['0x00', '0x00']
12:59:35.821  DEBUG   [poll]    -> read  st0cur    
12:59:35.825  DEBUG   [poll]    <- read  st0cur     ret=0  data=['0xfe', '0x01', '0x00', '0x02']
12:59:36.826  DEBUG   [poll]    -> read  st2mot    
12:59:36.830  DEBUG   [poll]    <- read  st2mot     ret=0  data=['0x00', '0x00']
12:59:36.830  DEBUG   [poll]    -> read  st0cur    
12:59:36.834  DEBUG   [poll]    <- read  st0cur     ret=0  data=['0xfe', '0x01', '0x00', '0x02']
12:59:37.836  DEBUG   [poll]    -> read  st2mot    
12:59:37.839  DEBUG   [poll]    <- read  st2mot     ret=0  data=['0x00', '0x00']
12:59:37.839  DEBUG   [poll]    -> read  st0cur    
12:59:37.844  DEBUG   [poll]    <- read  st0cur     ret=0  data=['0xfe', '0x01', '0x00', '0x02']
12:59:38.845  DEBUG   [poll]    -> read  st2mot    
12:59:38.848  DEBUG   [poll]    <- read  st2mot     ret=0  data=['0x00', '0x00']
12:59:38.849  DEBUG   [poll]    -> read  st0cur    
12:59:38.853  DEBUG   [poll]    <- read  st0cur     ret=0  data=['0xfe', '0x01', '0x01', '0x02']
12:59:39.855  DEBUG   [poll]    -> read  st2mot    
12:59:39.858  DEBUG   [poll]    <- read  st2mot     ret=0  data=['0x00', '0x00']
12:59:39.858  DEBUG   [poll]    -> read  st0cur    
12:59:39.862  DEBUG   [poll]    <- read  st0cur     ret=0  data=['0xfe', '0x01', '0x00', '0x02']
12:59:40.864  DEBUG   [poll]    -> read  st2mot    
12:59:40.871  DEBUG   [poll]    <- read  st2mot     ret=0  data=['0x00', '0x00']
12:59:40.871  DEBUG   [poll]    -> read  st0cur    
12:59:40.875  DEBUG   [poll]    <- read  st0cur     ret=0  data=['0xfe', '0x01', '0x00', '0x02']
12:59:41.877  DEBUG   [poll]    -> read  st2mot    
12:59:41.880  DEBUG   [poll]    <- read  st2mot     ret=0  data=['0x00', '0x00']
12:59:41.881  DEBUG   [poll]    -> read  st0cur    
12:59:41.885  DEBUG   [poll]    <- read  st0cur     ret=0  data=['0xfe', '0x01', '0x01', '0x02']
12:59:42.886  DEBUG   [poll]    -> read  st2mot    
12:59:42.890  DEBUG   [poll]    <- read  st2mot     ret=0  data=['0x00', '0x00']
12:59:42.890  DEBUG   [poll]    -> read  st0cur    
12:59:42.894  DEBUG   [poll]    <- read  st0cur     ret=0  data=['0xfe', '0x01', '0x01', '0x02']
12:59:43.896  DEBUG   [poll]    -> read  st2mot    
12:59:43.899  DEBUG   [poll]    <- read  st2mot     ret=0  data=['0x00', '0x00']
12:59:43.900  DEBUG   [poll]    -> read  st0cur    
12:59:43.904  DEBUG   [poll]    <- read  st0cur     ret=0  data=['0xfe', '0x01', '0x00', '0x02']
12:59:44.905  DEBUG   [poll]    -> read  st2mot    
12:59:44.909  DEBUG   [poll]    <- read  st2mot     ret=0  data=['0x00', '0x00']
12:59:44.909  DEBUG   [poll]    -> read  st0cur    
12:59:44.913  DEBUG   [poll]    <- read  st0cur     ret=0  data=['0xfe', '0x01', '0x01', '0x02']
12:59:45.915  DEBUG   [poll]    -> read  st2mot    
12:59:45.922  DEBUG   [poll]    <- read  st2mot     ret=0  data=['0x00', '0x00']
12:59:45.922  DEBUG   [poll]    -> read  st0cur    
12:59:45.926  DEBUG   [poll]    <- read  st0cur     ret=0  data=['0xfe', '0x01', '0x00', '0x02']
12:59:46.928  DEBUG   [poll]    -> read  st2mot    
12:59:46.931  DEBUG   [poll]    <- read  st2mot     ret=0  data=['0x00', '0x00']
12:59:46.932  DEBUG   [poll]    -> read  st0cur    
12:59:46.936  DEBUG   [poll]    <- read  st0cur     ret=0  data=['0xfd', '0x01', '0x01', '0x02']
12:59:47.937  DEBUG   [poll]    -> read  st2mot    
12:59:47.941  DEBUG   [poll]    <- read  st2mot     ret=0  data=['0x00', '0x00']
12:59:47.941  DEBUG   [poll]    -> read  st0cur    
12:59:47.945  DEBUG   [poll]    <- read  st0cur     ret=0  data=['0xfe', '0x01', '0x01', '0x02']
12:59:48.947  DEBUG   [poll]    -> read  st2mot    
12:59:48.950  DEBUG   [poll]    <- read  st2mot     ret=0  data=['0x00', '0x00']
12:59:48.950  DEBUG   [poll]    -> read  st0cur    
12:59:48.955  DEBUG   [poll]    <- read  st0cur     ret=0  data=['0xfe', '0x01', '0x00', '0x02']
12:59:49.956  DEBUG   [poll]    -> read  st2mot    
12:59:49.960  DEBUG   [poll]    <- read  st2mot     ret=0  data=['0x00', '0x00']
12:59:49.960  DEBUG   [poll]    -> read  st0cur    
12:59:49.964  DEBUG   [poll]    <- read  st0cur     ret=0  data=['0xfe', '0x01', '0x01', '0x02']
12:59:50.966  DEBUG   [poll]    -> read  st2mot    
12:59:50.972  DEBUG   [poll]    <- read  st2mot     ret=0  data=['0x00', '0x00']
12:59:50.973  DEBUG   [poll]    -> read  st0cur    
12:59:50.977  DEBUG   [poll]    <- read  st0cur     ret=0  data=['0xfe', '0x01', '0x01', '0x02']
12:59:51.979  DEBUG   [poll]    -> read  st2mot    
12:59:51.982  DEBUG   [poll]    <- read  st2mot     ret=0  data=['0x00', '0x00']
12:59:51.982  DEBUG   [poll]    -> read  st0cur    
12:59:51.987  DEBUG   [poll]    <- read  st0cur     ret=0  data=['0xfe', '0x01', '0x00', '0x02']
12:59:52.988  DEBUG   [poll]    -> read  st2mot    
12:59:52.991  DEBUG   [poll]    <- read  st2mot     ret=0  data=['0x00', '0x00']
12:59:52.992  DEBUG   [poll]    -> read  st0cur    
12:59:52.996  DEBUG   [poll]    <- read  st0cur     ret=0  data=['0xfe', '0x01', '0x01', '0x02']
12:59:53.998  DEBUG   [poll]    -> read  st2mot    
12:59:54.001  DEBUG   [poll]    <- read  st2mot     ret=0  data=['0x00', '0x00']
12:59:54.001  DEBUG   [poll]    -> read  st0cur    
12:59:54.006  DEBUG   [poll]    <- read  st0cur     ret=0  data=['0xfe', '0x01', '0x00', '0x02']
12:59:55.007  DEBUG   [poll]    -> read  st2mot    
12:59:55.010  DEBUG   [poll]    <- read  st2mot     ret=0  data=['0x00', '0x00']
12:59:55.011  DEBUG   [poll]    -> read  st0cur    
12:59:55.015  DEBUG   [poll]    <- read  st0cur     ret=0  data=['0xfe', '0x01', '0x00', '0x02']
12:59:56.017  DEBUG   [poll]    -> read  st2mot    
12:59:56.024  DEBUG   [poll]    <- read  st2mot     ret=0  data=['0x00', '0x00']
12:59:56.025  DEBUG   [poll]    -> read  st0cur    
12:59:56.029  DEBUG   [poll]    <- read  st0cur     ret=0  data=['0xfd', '0x01', '0x01', '0x02']
12:59:57.030  DEBUG   [poll]    -> read  st2mot    
12:59:57.034  DEBUG   [poll]    <- read  st2mot     ret=0  data=['0x00', '0x00']
12:59:57.034  DEBUG   [poll]    -> read  st0cur    
12:59:57.038  DEBUG   [poll]    <- read  st0cur     ret=0  data=['0xfe', '0x01', '0x00', '0x02']
12:59:58.040  DEBUG   [poll]    -> read  st2mot    
12:59:58.043  DEBUG   [poll]    <- read  st2mot     ret=0  data=['0x00', '0x00']
12:59:58.044  DEBUG   [poll]    -> read  st0cur    
12:59:58.048  DEBUG   [poll]    <- read  st0cur     ret=0  data=['0xfe', '0x01', '0x00', '0x02']
12:59:59.050  DEBUG   [poll]    -> read  st2mot    
12:59:59.053  DEBUG   [poll]    <- read  st2mot     ret=0  data=['0x00', '0x00']
12:59:59.053  DEBUG   [poll]    -> read  st0cur    
12:59:59.058  DEBUG   [poll]    <- read  st0cur     ret=0  data=['0xfe', '0x01', '0x01', '0x02']
13:00:00.059  DEBUG   [poll]    -> read  st2mot    
13:00:00.062  DEBUG   [poll]    <- read  st2mot     ret=0  data=['0x00', '0x00']
13:00:00.063  DEBUG   [poll]    -> read  st0cur    
13:00:00.067  DEBUG   [poll]    <- read  st0cur     ret=0  data=['0xfe', '0x01', '0x00', '0x02']
13:00:01.069  DEBUG   [poll]    -> read  st2mot    
13:00:01.075  DEBUG   [poll]    <- read  st2mot     ret=0  data=['0x00', '0x00']
13:00:01.076  DEBUG   [poll]    -> read  st0cur    
13:00:01.080  DEBUG   [poll]    <- read  st0cur     ret=0  data=['0xfe', '0x01', '0x00', '0x02']
13:00:02.082  DEBUG   [poll]    -> read  st2mot    
13:00:02.085  DEBUG   [poll]    <- read  st2mot     ret=0  data=['0x00', '0x00']
13:00:02.085  DEBUG   [poll]    -> read  st0cur    
13:00:02.090  DEBUG   [poll]    <- read  st0cur     ret=0  data=['0xfe', '0x01', '0x00', '0x02']
13:00:03.091  DEBUG   [poll]    -> read  st2mot    
13:00:03.095  DEBUG   [poll]    <- read  st2mot     ret=0  data=['0x00', '0x00']
13:00:03.095  DEBUG   [poll]    -> read  st0cur    
13:00:03.099  DEBUG   [poll]    <- read  st0cur     ret=0  data=['0xfe', '0x01', '0x01', '0x02']
13:00:04.101  DEBUG   [poll]    -> read  st2mot    
13:00:04.104  DEBUG   [poll]    <- read  st2mot     ret=0  data=['0x00', '0x00']
13:00:04.104  DEBUG   [poll]    -> read  st0cur    
13:00:04.109  DEBUG   [poll]    <- read  st0cur     ret=0  data=['0xfe', '0x01', '0x00', '0x02']
13:00:05.110  DEBUG   [poll]    -> read  st2mot    
13:00:05.113  DEBUG   [poll]    <- read  st2mot     ret=0  data=['0x00', '0x00']
13:00:05.114  DEBUG   [poll]    -> read  st0cur    
13:00:05.118  DEBUG   [poll]    <- read  st0cur     ret=0  data=['0xfe', '0x01', '0x01', '0x02']
13:00:06.120  DEBUG   [poll]    -> read  st2mot    
13:00:06.126  DEBUG   [poll]    <- read  st2mot     ret=0  data=['0x00', '0x00']
13:00:06.127  DEBUG   [poll]    -> read  st0cur    
13:00:06.131  DEBUG   [poll]    <- read  st0cur     ret=0  data=['0xfe', '0x01', '0x00', '0x02']
13:00:07.133  DEBUG   [poll]    -> read  st2mot    
13:00:07.136  DEBUG   [poll]    <- read  st2mot     ret=0  data=['0x00', '0x00']
13:00:07.136  DEBUG   [poll]    -> read  st0cur    
13:00:07.141  DEBUG   [poll]    <- read  st0cur     ret=0  data=['0xfe', '0x01', '0x01', '0x02']
13:00:08.142  DEBUG   [poll]    -> read  st2mot    
13:00:08.145  DEBUG   [poll]    <- read  st2mot     ret=0  data=['0x00', '0x00']
13:00:08.146  DEBUG   [poll]    -> read  st0cur    
13:00:08.150  DEBUG   [poll]    <- read  st0cur     ret=0  data=['0xfe', '0x01', '0x00', '0x02']
13:00:09.152  DEBUG   [poll]    -> read  st2mot    
13:00:09.155  DEBUG   [poll]    <- read  st2mot     ret=0  data=['0x00', '0x00']
13:00:09.155  DEBUG   [poll]    -> read  st0cur    
13:00:09.159  DEBUG   [poll]    <- read  st0cur     ret=0  data=['0xfe', '0x01', '0x01', '0x02']
13:00:10.161  DEBUG   [poll]    -> read  st2mot    
13:00:10.164  DEBUG   [poll]    <- read  st2mot     ret=0  data=['0x00', '0x00']
13:00:10.165  DEBUG   [poll]    -> read  st0cur    
13:00:10.169  DEBUG   [poll]    <- read  st0cur     ret=0  data=['0xfe', '0x01', '0x01', '0x02']
13:00:11.170  DEBUG   [poll]    -> read  st2mot    
13:00:11.177  DEBUG   [poll]    <- read  st2mot     ret=0  data=['0x00', '0x00']
13:00:11.177  DEBUG   [poll]    -> read  st0cur    
13:00:11.182  DEBUG   [poll]    <- read  st0cur     ret=0  data=['0xfe', '0x01', '0x00', '0x02']
13:00:12.183  DEBUG   [poll]    -> read  st2mot    
13:00:12.186  DEBUG   [poll]    <- read  st2mot     ret=0  data=['0x00', '0x00']
13:00:12.187  DEBUG   [poll]    -> read  st0cur    
13:00:12.191  DEBUG   [poll]    <- read  st0cur     ret=0  data=['0xfe', '0x01', '0x01', '0x02']
13:00:13.193  DEBUG   [poll]    -> read  st2mot    
13:00:13.196  DEBUG   [poll]    <- read  st2mot     ret=0  data=['0x00', '0x00']
13:00:13.196  DEBUG   [poll]    -> read  st0cur    
13:00:13.201  DEBUG   [poll]    <- read  st0cur     ret=0  data=['0xfe', '0x01', '0x01', '0x02']
13:00:14.202  DEBUG   [poll]    -> read  st2mot    
13:00:14.206  DEBUG   [poll]    <- read  st2mot     ret=0  data=['0x00', '0x00']
13:00:14.206  DEBUG   [poll]    -> read  st0cur    
13:00:14.210  DEBUG   [poll]    <- read  st0cur     ret=0  data=['0xfd', '0x01', '0x01', '0x02']
13:00:15.212  DEBUG   [poll]    -> read  st2mot    
13:00:15.215  DEBUG   [poll]    <- read  st2mot     ret=0  data=['0x00', '0x00']
13:00:15.216  DEBUG   [poll]    -> read  st0cur    
13:00:15.220  DEBUG   [poll]    <- read  st0cur     ret=0  data=['0xfe', '0x01', '0x00', '0x02']
13:00:16.221  DEBUG   [poll]    -> read  st2mot    
13:00:16.228  DEBUG   [poll]    <- read  st2mot     ret=0  data=['0x00', '0x00']
13:00:16.228  DEBUG   [poll]    -> read  st0cur    
13:00:16.233  DEBUG   [poll]    <- read  st0cur     ret=0  data=['0xfe', '0x01', '0x01', '0x02']
13:00:17.234  DEBUG   [poll]    -> read  st2mot    
13:00:17.237  DEBUG   [poll]    <- read  st2mot     ret=0  data=['0x00', '0x00']
13:00:17.238  DEBUG   [poll]    -> read  st0cur    
13:00:17.242  DEBUG   [poll]    <- read  st0cur     ret=0  data=['0xfe', '0x01', '0x00', '0x02']
13:00:18.243  DEBUG   [poll]    -> read  st2mot    
13:00:18.247  DEBUG   [poll]    <- read  st2mot     ret=0  data=['0x00', '0x00']
13:00:18.247  DEBUG   [poll]    -> read  st0cur    
13:00:18.251  DEBUG   [poll]    <- read  st0cur     ret=0  data=['0xfe', '0x01', '0x01', '0x02']
13:00:19.253  DEBUG   [poll]    -> read  st2mot    
13:00:19.256  DEBUG   [poll]    <- read  st2mot     ret=0  data=['0x00', '0x00']
13:00:19.257  DEBUG   [poll]    -> read  st0cur    
13:00:19.261  DEBUG   [poll]    <- read  st0cur     ret=0  data=['0xfe', '0x01', '0x01', '0x02']
13:00:20.262  DEBUG   [poll]    -> read  st2mot    
13:00:20.266  DEBUG   [poll]    <- read  st2mot     ret=0  data=['0x00', '0x00']
13:00:20.266  DEBUG   [poll]    -> read  st0cur    
13:00:20.270  DEBUG   [poll]    <- read  st0cur     ret=0  data=['0xfe', '0x01', '0x00', '0x02']
13:00:21.272  DEBUG   [poll]    -> read  st2mot    
13:00:21.279  DEBUG   [poll]    <- read  st2mot     ret=0  data=['0x00', '0x00']
13:00:21.279  DEBUG   [poll]    -> read  st0cur    
13:00:21.283  DEBUG   [poll]    <- read  st0cur     ret=0  data=['0xfd', '0x01', '0x01', '0x02']
13:00:22.285  DEBUG   [poll]    -> read  st2mot    
13:00:22.288  DEBUG   [poll]    <- read  st2mot     ret=0  data=['0x00', '0x00']
13:00:22.289  DEBUG   [poll]    -> read  st0cur    
13:00:22.293  DEBUG   [poll]    <- read  st0cur     ret=0  data=['0xfe', '0x01', '0x01', '0x02']
13:00:23.294  DEBUG   [poll]    -> read  st2mot    
13:00:23.298  DEBUG   [poll]    <- read  st2mot     ret=0  data=['0x00', '0x00']
13:00:23.298  DEBUG   [poll]    -> read  st0cur    
13:00:23.302  DEBUG   [poll]    <- read  st0cur     ret=0  data=['0xfe', '0x01', '0x01', '0x02']
13:00:24.304  DEBUG   [poll]    -> read  st2mot    
13:00:24.307  DEBUG   [poll]    <- read  st2mot     ret=0  data=['0x00', '0x00']
13:00:24.307  DEBUG   [poll]    -> read  st0cur    
13:00:24.312  DEBUG   [poll]    <- read  st0cur     ret=0  data=['0xfe', '0x01', '0x01', '0x02']
13:00:25.313  DEBUG   [poll]    -> read  st2mot    
13:00:25.317  DEBUG   [poll]    <- read  st2mot     ret=0  data=['0x00', '0x00']
13:00:25.317  DEBUG   [poll]    -> read  st0cur    
13:00:25.321  DEBUG   [poll]    <- read  st0cur     ret=0  data=['0xfe', '0x01', '0x00', '0x02']
13:00:26.323  DEBUG   [poll]    -> read  st2mot    
13:00:26.330  DEBUG   [poll]    <- read  st2mot     ret=0  data=['0x00', '0x00']
13:00:26.330  DEBUG   [poll]    -> read  st0cur    
13:00:26.335  DEBUG   [poll]    <- read  st0cur     ret=0  data=['0xfe', '0x01', '0x00', '0x02']
13:00:27.336  DEBUG   [poll]    -> read  st2mot    
13:00:27.340  DEBUG   [poll]    <- read  st2mot     ret=0  data=['0x00', '0x00']
13:00:27.340  DEBUG   [poll]    -> read  st0cur    
13:00:27.344  DEBUG   [poll]    <- read  st0cur     ret=0  data=['0xfe', '0x01', '0x00', '0x02']
13:00:28.346  DEBUG   [poll]    -> read  st2mot    
13:00:28.349  DEBUG   [poll]    <- read  st2mot     ret=0  data=['0x00', '0x00']
13:00:28.350  DEBUG   [poll]    -> read  st0cur    
13:00:28.354  DEBUG   [poll]    <- read  st0cur     ret=0  data=['0xfe', '0x01', '0x01', '0x02']
13:00:29.355  DEBUG   [poll]    -> read  st2mot    
13:00:29.359  DEBUG   [poll]    <- read  st2mot     ret=0  data=['0x00', '0x00']
13:00:29.359  DEBUG   [poll]    -> read  st0cur    
13:00:29.363  DEBUG   [poll]    <- read  st0cur     ret=0  data=['0xfe', '0x01', '0x01', '0x02']
13:00:30.365  DEBUG   [poll]    -> read  st2mot    
13:00:30.368  DEBUG   [poll]    <- read  st2mot     ret=0  data=['0x00', '0x00']
13:00:30.369  DEBUG   [poll]    -> read  st0cur    
13:00:30.373  DEBUG   [poll]    <- read  st0cur     ret=0  data=['0xfe', '0x01', '0x01', '0x02']
13:00:31.374  DEBUG   [poll]    -> read  st2mot    
13:00:31.381  DEBUG   [poll]    <- read  st2mot     ret=0  data=['0x00', '0x00']
13:00:31.381  DEBUG   [poll]    -> read  st0cur    
13:00:31.386  DEBUG   [poll]    <- read  st0cur     ret=0  data=['0xfe', '0x01', '0x01', '0x02']
13:00:32.387  DEBUG   [poll]    -> read  st2mot    
13:00:32.390  DEBUG   [poll]    <- read  st2mot     ret=0  data=['0x00', '0x00']
13:00:32.391  DEBUG   [poll]    -> read  st0cur    
13:00:32.395  DEBUG   [poll]    <- read  st0cur     ret=0  data=['0xfe', '0x01', '0x01', '0x02']
13:00:33.396  DEBUG   [poll]    -> read  st2mot    
13:00:33.400  DEBUG   [poll]    <- read  st2mot     ret=0  data=['0x00', '0x00']
13:00:33.400  DEBUG   [poll]    -> read  st0cur    
13:00:33.404  DEBUG   [poll]    <- read  st0cur     ret=0  data=['0xfe', '0x01', '0x01', '0x02']
13:00:34.406  DEBUG   [poll]    -> read  st2mot    
13:00:34.409  DEBUG   [poll]    <- read  st2mot     ret=0  data=['0x00', '0x00']
13:00:34.410  DEBUG   [poll]    -> read  st0cur    
13:00:34.414  DEBUG   [poll]    <- read  st0cur     ret=0  data=['0xfe', '0x01', '0x01', '0x02']
13:00:35.415  DEBUG   [poll]    -> read  st2mot    
13:00:35.419  DEBUG   [poll]    <- read  st2mot     ret=0  data=['0x00', '0x00']
13:00:35.419  DEBUG   [poll]    -> read  st0cur    
13:00:35.423  DEBUG   [poll]    <- read  st0cur     ret=0  data=['0xfe', '0x01', '0x01', '0x02']
13:00:36.425  DEBUG   [poll]    -> read  st2mot    
13:00:36.432  DEBUG   [poll]    <- read  st2mot     ret=0  data=['0x00', '0x00']
13:00:36.432  DEBUG   [poll]    -> read  st0cur    
13:00:36.436  DEBUG   [poll]    <- read  st0cur     ret=0  data=['0xfd', '0x01', '0x01', '0x02']
13:00:37.438  DEBUG   [poll]    -> read  st2mot    
13:00:37.441  DEBUG   [poll]    <- read  st2mot     ret=0  data=['0x00', '0x00']
13:00:37.442  DEBUG   [poll]    -> read  st0cur    
13:00:37.446  DEBUG   [poll]    <- read  st0cur     ret=0  data=['0xfe', '0x01', '0x01', '0x02']
13:00:38.447  DEBUG   [poll]    -> read  st2mot    
13:00:38.451  DEBUG   [poll]    <- read  st2mot     ret=0  data=['0x00', '0x00']
13:00:38.451  DEBUG   [poll]    -> read  st0cur    
13:00:38.455  DEBUG   [poll]    <- read  st0cur     ret=0  data=['0xfe', '0x01', '0x01', '0x02']
13:00:39.457  DEBUG   [poll]    -> read  st2mot    
13:00:39.460  DEBUG   [poll]    <- read  st2mot     ret=0  data=['0x00', '0x00']
13:00:39.460  DEBUG   [poll]    -> read  st0cur    
13:00:39.465  DEBUG   [poll]    <- read  st0cur     ret=0  data=['0xfe', '0x01', '0x01', '0x02']
13:00:40.466  DEBUG   [poll]    -> read  st2mot    
13:00:40.469  DEBUG   [poll]    <- read  st2mot     ret=0  data=['0x00', '0x00']
13:00:40.470  DEBUG   [poll]    -> read  st0cur    
13:00:40.474  DEBUG   [poll]    <- read  st0cur     ret=0  data=['0xfe', '0x01', '0x01', '0x02']
13:00:41.475  DEBUG   [poll]    -> read  st2mot    
13:00:41.482  DEBUG   [poll]    <- read  st2mot     ret=0  data=['0x00', '0x00']
13:00:41.483  DEBUG   [poll]    -> read  st0cur    
13:00:41.487  DEBUG   [poll]    <- read  st0cur     ret=0  data=['0xfe', '0x01', '0x01', '0x02']
13:00:42.488  DEBUG   [poll]    -> read  st2mot    
13:00:42.492  DEBUG   [poll]    <- read  st2mot     ret=0  data=['0x00', '0x00']
13:00:42.492  DEBUG   [poll]    -> read  st0cur    
13:00:42.496  DEBUG   [poll]    <- read  st0cur     ret=0  data=['0xfe', '0x01', '0x01', '0x02']
13:00:43.498  DEBUG   [poll]    -> read  st2mot    
13:00:43.501  DEBUG   [poll]    <- read  st2mot     ret=0  data=['0x00', '0x00']
13:00:43.502  DEBUG   [poll]    -> read  st0cur    
13:00:43.506  DEBUG   [poll]    <- read  st0cur     ret=0  data=['0xfe', '0x01', '0x01', '0x02']
13:00:44.507  DEBUG   [poll]    -> read  st2mot    
13:00:44.511  DEBUG   [poll]    <- read  st2mot     ret=0  data=['0x00', '0x00']
13:00:44.511  DEBUG   [poll]    -> read  st0cur    
13:00:44.515  DEBUG   [poll]    <- read  st0cur     ret=0  data=['0xfe', '0x01', '0x01', '0x02']
13:00:45.517  DEBUG   [poll]    -> read  st2mot    
13:00:45.520  DEBUG   [poll]    <- read  st2mot     ret=0  data=['0x00', '0x00']
13:00:45.521  DEBUG   [poll]    -> read  st0cur    
13:00:45.525  DEBUG   [poll]    <- read  st0cur     ret=0  data=['0xfe', '0x01', '0x01', '0x02']
13:00:46.526  DEBUG   [poll]    -> read  st2mot    
13:00:46.530  DEBUG   [poll]    <- read  st2mot     ret=0  data=['0x00', '0x00']
13:00:46.531  DEBUG   [poll]    -> read  st0cur    
13:00:46.535  DEBUG   [poll]    <- read  st0cur     ret=0  data=['0xfe', '0x01', '0x01', '0x02']
13:00:47.537  DEBUG   [poll]    -> read  st2mot    
13:00:47.540  DEBUG   [poll]    <- read  st2mot     ret=0  data=['0x00', '0x00']
13:00:47.540  DEBUG   [poll]    -> read  st0cur    
13:00:47.545  DEBUG   [poll]    <- read  st0cur     ret=0  data=['0xfe', '0x01', '0x01', '0x02']
13:00:48.546  DEBUG   [poll]    -> read  st2mot    
13:00:48.549  DEBUG   [poll]    <- read  st2mot     ret=0  data=['0x00', '0x00']
13:00:48.550  DEBUG   [poll]    -> read  st0cur    
13:00:48.554  DEBUG   [poll]    <- read  st0cur     ret=0  data=['0xfe', '0x01', '0x01', '0x02']
13:00:49.556  DEBUG   [poll]    -> read  st2mot    
13:00:49.559  DEBUG   [poll]    <- read  st2mot     ret=0  data=['0x00', '0x00']
13:00:49.559  DEBUG   [poll]    -> read  st0cur    
13:00:49.563  DEBUG   [poll]    <- read  st0cur     ret=0  data=['0xfe', '0x01', '0x01', '0x02']
13:00:50.565  DEBUG   [poll]    -> read  st2mot    
13:00:50.568  DEBUG   [poll]    <- read  st2mot     ret=0  data=['0x00', '0x00']
13:00:50.569  DEBUG   [poll]    -> read  st0cur    
13:00:50.573  DEBUG   [poll]    <- read  st0cur     ret=0  data=['0xfe', '0x01', '0x01', '0x02']
13:00:51.574  DEBUG   [poll]    -> read  st2mot    
13:00:51.581  DEBUG   [poll]    <- read  st2mot     ret=0  data=['0x00', '0x00']
13:00:51.582  DEBUG   [poll]    -> read  st0cur    
13:00:51.586  DEBUG   [poll]    <- read  st0cur     ret=0  data=['0xfe', '0x01', '0x01', '0x02']
13:00:52.587  DEBUG   [poll]    -> read  st2mot    
13:00:52.591  DEBUG   [poll]    <- read  st2mot     ret=0  data=['0x00', '0x00']
13:00:52.591  DEBUG   [poll]    -> read  st0cur    
13:00:52.595  DEBUG   [poll]    <- read  st0cur     ret=0  data=['0xfe', '0x01', '0x01', '0x02']
13:00:53.597  DEBUG   [poll]    -> read  st2mot    
13:00:53.600  DEBUG   [poll]    <- read  st2mot     ret=0  data=['0x00', '0x00']
13:00:53.600  DEBUG   [poll]    -> read  st0cur    
13:00:53.605  DEBUG   [poll]    <- read  st0cur     ret=0  data=['0xfe', '0x01', '0x01', '0x02']
13:00:54.606  DEBUG   [poll]    -> read  st2mot    
13:00:54.610  DEBUG   [poll]    <- read  st2mot     ret=0  data=['0x00', '0x00']
13:00:54.610  DEBUG   [poll]    -> read  st0cur    
13:00:54.614  DEBUG   [poll]    <- read  st0cur     ret=0  data=['0xfe', '0x01', '0x01', '0x02']
13:00:55.616  DEBUG   [poll]    -> read  st2mot    
13:00:55.619  DEBUG   [poll]    <- read  st2mot     ret=0  data=['0x00', '0x00']
13:00:55.619  DEBUG   [poll]    -> read  st0cur    
13:00:55.624  DEBUG   [poll]    <- read  st0cur     ret=0  data=['0xfe', '0x01', '0x01', '0x02']
13:00:56.625  DEBUG   [poll]    -> read  st2mot    
13:00:56.632  DEBUG   [poll]    <- read  st2mot     ret=0  data=['0x00', '0x00']
13:00:56.633  DEBUG   [poll]    -> read  st0cur    
13:00:56.637  DEBUG   [poll]    <- read  st0cur     ret=0  data=['0xfe', '0x01', '0x00', '0x02']
13:00:57.639  DEBUG   [poll]    -> read  st2mot    
13:00:57.642  DEBUG   [poll]    <- read  st2mot     ret=0  data=['0x00', '0x00']
13:00:57.642  DEBUG   [poll]    -> read  st0cur    
13:00:57.647  DEBUG   [poll]    <- read  st0cur     ret=0  data=['0xfe', '0x01', '0x01', '0x02']
13:00:58.648  DEBUG   [poll]    -> read  st2mot    
13:00:58.651  DEBUG   [poll]    <- read  st2mot     ret=0  data=['0x00', '0x00']
13:00:58.652  DEBUG   [poll]    -> read  st0cur    
13:00:58.656  DEBUG   [poll]    <- read  st0cur     ret=0  data=['0xfe', '0x01', '0x01', '0x02']
13:00:59.658  DEBUG   [poll]    -> read  st2mot    
13:00:59.661  DEBUG   [poll]    <- read  st2mot     ret=0  data=['0x00', '0x00']
13:00:59.661  DEBUG   [poll]    -> read  st0cur    
13:00:59.665  DEBUG   [poll]    <- read  st0cur     ret=0  data=['0xfe', '0x01', '0x01', '0x02']
13:01:00.667  DEBUG   [poll]    -> read  st2mot    
13:01:00.670  DEBUG   [poll]    <- read  st2mot     ret=0  data=['0x00', '0x00']
13:01:00.671  DEBUG   [poll]    -> read  st0cur    
13:01:00.675  DEBUG   [poll]    <- read  st0cur     ret=0  data=['0xfe', '0x01', '0x00', '0x02']
13:01:01.677  DEBUG   [poll]    -> read  st2mot    
13:01:01.684  DEBUG   [poll]    <- read  st2mot     ret=0  data=['0x00', '0x00']
13:01:01.684  DEBUG   [poll]    -> read  st0cur    
13:01:01.688  DEBUG   [poll]    <- read  st0cur     ret=0  data=['0xfe', '0x01', '0x01', '0x02']
13:01:02.690  DEBUG   [poll]    -> read  st2mot    
13:01:02.693  DEBUG   [poll]    <- read  st2mot     ret=0  data=['0x00', '0x00']
13:01:02.693  DEBUG   [poll]    -> read  st0cur    
13:01:02.698  DEBUG   [poll]    <- read  st0cur     ret=0  data=['0xfe', '0x01', '0x01', '0x02']
13:01:03.699  DEBUG   [poll]    -> read  st2mot    
13:01:03.703  DEBUG   [poll]    <- read  st2mot     ret=0  data=['0x00', '0x00']
13:01:03.703  DEBUG   [poll]    -> read  st0cur    
13:01:03.707  DEBUG   [poll]    <- read  st0cur     ret=0  data=['0xfe', '0x01', '0x01', '0x02']
13:01:04.709  DEBUG   [poll]    -> read  st2mot    
13:01:04.712  DEBUG   [poll]    <- read  st2mot     ret=0  data=['0x00', '0x00']
13:01:04.712  DEBUG   [poll]    -> read  st0cur    
13:01:04.717  DEBUG   [poll]    <- read  st0cur     ret=0  data=['0xfe', '0x01', '0x01', '0x02']
13:01:05.718  DEBUG   [poll]    -> read  st2mot    
13:01:05.721  DEBUG   [poll]    <- read  st2mot     ret=0  data=['0x00', '0x00']
13:01:05.722  DEBUG   [poll]    -> read  st0cur    
13:01:05.726  DEBUG   [poll]    <- read  st0cur     ret=0  data=['0xfe', '0x01', '0x01', '0x02']
13:01:06.728  DEBUG   [poll]    -> read  st2mot    
13:01:06.734  DEBUG   [poll]    <- read  st2mot     ret=0  data=['0x00', '0x00']
13:01:06.735  DEBUG   [poll]    -> read  st0cur    
13:01:06.739  DEBUG   [poll]    <- read  st0cur     ret=0  data=['0xfe', '0x01', '0x00', '0x02']
13:01:07.740  DEBUG   [poll]    -> read  st2mot    
13:01:07.744  DEBUG   [poll]    <- read  st2mot     ret=0  data=['0x00', '0x00']
13:01:07.744  DEBUG   [poll]    -> read  st0cur    
13:01:07.748  DEBUG   [poll]    <- read  st0cur     ret=0  data=['0xfe', '0x01', '0x01', '0x02']
13:01:08.750  DEBUG   [poll]    -> read  st2mot    
13:01:08.753  DEBUG   [poll]    <- read  st2mot     ret=0  data=['0x00', '0x00']
13:01:08.754  DEBUG   [poll]    -> read  st0cur    
13:01:08.758  DEBUG   [poll]    <- read  st0cur     ret=0  data=['0xfe', '0x01', '0x00', '0x02']
13:01:09.759  DEBUG   [poll]    -> read  st2mot    
13:01:09.763  DEBUG   [poll]    <- read  st2mot     ret=0  data=['0x00', '0x00']
13:01:09.763  DEBUG   [poll]    -> read  st0cur    
13:01:09.767  DEBUG   [poll]    <- read  st0cur     ret=0  data=['0xfe', '0x01', '0x01', '0x02']
13:01:10.769  DEBUG   [poll]    -> read  st2mot    
13:01:10.772  DEBUG   [poll]    <- read  st2mot     ret=0  data=['0x00', '0x00']
13:01:10.773  DEBUG   [poll]    -> read  st0cur    
13:01:10.777  DEBUG   [poll]    <- read  st0cur     ret=0  data=['0xfe', '0x01', '0x01', '0x02']
13:01:11.778  DEBUG   [poll]    -> read  st2mot    
13:01:11.785  DEBUG   [poll]    <- read  st2mot     ret=0  data=['0x00', '0x00']
13:01:11.785  DEBUG   [poll]    -> read  st0cur    
13:01:11.790  DEBUG   [poll]    <- read  st0cur     ret=0  data=['0xfe', '0x01', '0x00', '0x02']
13:01:12.791  DEBUG   [poll]    -> read  st2mot    
13:01:12.795  DEBUG   [poll]    <- read  st2mot     ret=0  data=['0x00', '0x00']
13:01:12.795  DEBUG   [poll]    -> read  st0cur    
13:01:12.799  DEBUG   [poll]    <- read  st0cur     ret=0  data=['0xfe', '0x01', '0x00', '0x02']
13:01:13.801  DEBUG   [poll]    -> read  st2mot    
13:01:13.804  DEBUG   [poll]    <- read  st2mot     ret=0  data=['0x00', '0x00']
13:01:13.805  DEBUG   [poll]    -> read  st0cur    
13:01:13.809  DEBUG   [poll]    <- read  st0cur     ret=0  data=['0xfd', '0x01', '0x00', '0x02']
13:01:14.810  DEBUG   [poll]    -> read  st2mot    
13:01:14.814  DEBUG   [poll]    <- read  st2mot     ret=0  data=['0x00', '0x00']
13:01:14.814  DEBUG   [poll]    -> read  st0cur    
13:01:14.818  DEBUG   [poll]    <- read  st0cur     ret=0  data=['0xfe', '0x01', '0x01', '0x02']
13:01:15.819  DEBUG   [poll]    -> read  st2mot    
13:01:15.823  DEBUG   [poll]    <- read  st2mot     ret=0  data=['0x00', '0x00']
13:01:15.823  DEBUG   [poll]    -> read  st0cur    
13:01:15.827  DEBUG   [poll]    <- read  st0cur     ret=0  data=['0xfe', '0x01', '0x01', '0x02']
13:01:16.829  DEBUG   [poll]    -> read  st2mot    
13:01:16.836  DEBUG   [poll]    <- read  st2mot     ret=0  data=['0x00', '0x00']
13:01:16.836  DEBUG   [poll]    -> read  st0cur    
13:01:16.841  DEBUG   [poll]    <- read  st0cur     ret=0  data=['0xfe', '0x01', '0x01', '0x02']
13:01:17.842  DEBUG   [poll]    -> read  st2mot    
13:01:17.845  DEBUG   [poll]    <- read  st2mot     ret=0  data=['0x00', '0x00']
13:01:17.846  DEBUG   [poll]    -> read  st0cur    
13:01:17.850  DEBUG   [poll]    <- read  st0cur     ret=0  data=['0xfe', '0x01', '0x00', '0x02']
13:01:18.852  DEBUG   [poll]    -> read  st2mot    
13:01:18.855  DEBUG   [poll]    <- read  st2mot     ret=0  data=['0x00', '0x00']
13:01:18.855  DEBUG   [poll]    -> read  st0cur    
13:01:18.859  DEBUG   [poll]    <- read  st0cur     ret=0  data=['0xfe', '0x01', '0x01', '0x02']
13:01:19.861  DEBUG   [poll]    -> read  st2mot    
13:01:19.864  DEBUG   [poll]    <- read  st2mot     ret=0  data=['0x00', '0x00']
13:01:19.865  DEBUG   [poll]    -> read  st0cur    
13:01:19.869  DEBUG   [poll]    <- read  st0cur     ret=0  data=['0xfe', '0x01', '0x00', '0x02']
13:01:20.870  DEBUG   [poll]    -> read  st2mot    
13:01:20.874  DEBUG   [poll]    <- read  st2mot     ret=0  data=['0x00', '0x00']
13:01:20.874  DEBUG   [poll]    -> read  st0cur    
13:01:20.878  DEBUG   [poll]    <- read  st0cur     ret=0  data=['0xfe', '0x01', '0x00', '0x02']
13:01:21.880  DEBUG   [poll]    -> read  st2mot    
13:01:21.886  DEBUG   [poll]    <- read  st2mot     ret=0  data=['0x00', '0x00']
13:01:21.887  DEBUG   [poll]    -> read  st0cur    
13:01:21.891  DEBUG   [poll]    <- read  st0cur     ret=0  data=['0xfe', '0x01', '0x00', '0x02']
13:01:22.893  DEBUG   [poll]    -> read  st2mot    
13:01:22.896  DEBUG   [poll]    <- read  st2mot     ret=0  data=['0x00', '0x00']
13:01:22.896  DEBUG   [poll]    -> read  st0cur    
13:01:22.901  DEBUG   [poll]    <- read  st0cur     ret=0  data=['0xfe', '0x01', '0x01', '0x02']
13:01:23.902  DEBUG   [poll]    -> read  st2mot    
13:01:23.906  DEBUG   [poll]    <- read  st2mot     ret=0  data=['0x00', '0x00']
13:01:23.906  DEBUG   [poll]    -> read  st0cur    
13:01:23.910  DEBUG   [poll]    <- read  st0cur     ret=0  data=['0xfe', '0x01', '0x00', '0x02']
13:01:24.912  DEBUG   [poll]    -> read  st2mot    
13:01:24.915  DEBUG   [poll]    <- read  st2mot     ret=0  data=['0x00', '0x00']
13:01:24.915  DEBUG   [poll]    -> read  st0cur    
13:01:24.920  DEBUG   [poll]    <- read  st0cur     ret=0  data=['0xfe', '0x01', '0x01', '0x02']
13:01:25.921  DEBUG   [poll]    -> read  st2mot    
13:01:25.925  DEBUG   [poll]    <- read  st2mot     ret=0  data=['0x00', '0x00']
13:01:25.925  DEBUG   [poll]    -> read  st0cur    
13:01:25.929  DEBUG   [poll]    <- read  st0cur     ret=0  data=['0xfe', '0x01', '0x01', '0x02']
13:01:26.931  DEBUG   [poll]    -> read  st2mot    
13:01:26.941  DEBUG   [poll]    <- read  st2mot     ret=0  data=['0x00', '0x00']
13:01:26.941  DEBUG   [poll]    -> read  st0cur    
13:01:26.946  DEBUG   [poll]    <- read  st0cur     ret=0  data=['0xfe', '0x01', '0x01', '0x02']
13:01:27.947  DEBUG   [poll]    -> read  st2mot    
13:01:27.951  DEBUG   [poll]    <- read  st2mot     ret=0  data=['0x00', '0x00']
13:01:27.951  DEBUG   [poll]    -> read  st0cur    
13:01:27.955  DEBUG   [poll]    <- read  st0cur     ret=0  data=['0xfe', '0x01', '0x01', '0x02']
13:01:28.957  DEBUG   [poll]    -> read  st2mot    
13:01:28.960  DEBUG   [poll]    <- read  st2mot     ret=0  data=['0x00', '0x00']
13:01:28.961  DEBUG   [poll]    -> read  st0cur    
13:01:28.965  DEBUG   [poll]    <- read  st0cur     ret=0  data=['0xfe', '0x01', '0x01', '0x02']
13:01:29.966  DEBUG   [poll]    -> read  st2mot    
13:01:29.970  DEBUG   [poll]    <- read  st2mot     ret=0  data=['0x00', '0x00']
13:01:29.970  DEBUG   [poll]    -> read  st0cur    
13:01:29.974  DEBUG   [poll]    <- read  st0cur     ret=0  data=['0xfe', '0x01', '0x01', '0x02']
13:01:30.976  DEBUG   [poll]    -> read  st2mot    
13:01:30.979  DEBUG   [poll]    <- read  st2mot     ret=0  data=['0x00', '0x00']
13:01:30.979  DEBUG   [poll]    -> read  st0cur    
13:01:30.984  DEBUG   [poll]    <- read  st0cur     ret=0  data=['0xfe', '0x01', '0x00', '0x02']
13:01:31.985  DEBUG   [poll]    -> read  st2mot    
13:01:31.992  DEBUG   [poll]    <- read  st2mot     ret=0  data=['0x00', '0x00']
13:01:31.992  DEBUG   [poll]    -> read  st0cur    
13:01:31.997  DEBUG   [poll]    <- read  st0cur     ret=0  data=['0xfe', '0x01', '0x01', '0x02']
13:01:32.998  DEBUG   [poll]    -> read  st2mot    
13:01:33.001  DEBUG   [poll]    <- read  st2mot     ret=0  data=['0x00', '0x00']
13:01:33.002  DEBUG   [poll]    -> read  st0cur    
13:01:33.006  DEBUG   [poll]    <- read  st0cur     ret=0  data=['0xfe', '0x01', '0x00', '0x02']
13:01:34.007  DEBUG   [poll]    -> read  st2mot    
13:01:34.011  DEBUG   [poll]    <- read  st2mot     ret=0  data=['0x00', '0x00']
13:01:34.011  DEBUG   [poll]    -> read  st0cur    
13:01:34.015  DEBUG   [poll]    <- read  st0cur     ret=0  data=['0xfd', '0x01', '0x01', '0x02']
13:01:35.017  DEBUG   [poll]    -> read  st2mot    
13:01:35.020  DEBUG   [poll]    <- read  st2mot     ret=0  data=['0x00', '0x00']
13:01:35.021  DEBUG   [poll]    -> read  st0cur    
13:01:35.025  DEBUG   [poll]    <- read  st0cur     ret=0  data=['0xfe', '0x01', '0x00', '0x02']
13:01:36.027  DEBUG   [poll]    -> read  st2mot    
13:01:36.030  DEBUG   [poll]    <- read  st2mot     ret=0  data=['0x00', '0x00']
13:01:36.030  DEBUG   [poll]    -> read  st0cur    
13:01:36.035  DEBUG   [poll]    <- read  st0cur     ret=0  data=['0xfd', '0x01', '0x01', '0x02']
13:01:37.036  DEBUG   [poll]    -> read  st2mot    
13:01:37.043  DEBUG   [poll]    <- read  st2mot     ret=0  data=['0x00', '0x00']
13:01:37.043  DEBUG   [poll]    -> read  st0cur    
13:01:37.047  DEBUG   [poll]    <- read  st0cur     ret=0  data=['0xfe', '0x01', '0x01', '0x02']
13:01:38.049  DEBUG   [poll]    -> read  st2mot    
13:01:38.052  DEBUG   [poll]    <- read  st2mot     ret=0  data=['0x00', '0x00']
13:01:38.053  DEBUG   [poll]    -> read  st0cur    
13:01:38.057  DEBUG   [poll]    <- read  st0cur     ret=0  data=['0xfe', '0x01', '0x01', '0x02']
13:01:39.058  DEBUG   [poll]    -> read  st2mot    
13:01:39.062  DEBUG   [poll]    <- read  st2mot     ret=0  data=['0x00', '0x00']
13:01:39.062  DEBUG   [poll]    -> read  st0cur    
13:01:39.066  DEBUG   [poll]    <- read  st0cur     ret=0  data=['0xfe', '0x01', '0x01', '0x02']
13:01:40.068  DEBUG   [poll]    -> read  st2mot    
13:01:40.071  DEBUG   [poll]    <- read  st2mot     ret=0  data=['0x00', '0x00']
13:01:40.072  DEBUG   [poll]    -> read  st0cur    
13:01:40.076  DEBUG   [poll]    <- read  st0cur     ret=0  data=['0xfe', '0x01', '0x01', '0x02']
13:01:41.077  DEBUG   [poll]    -> read  st2mot    
13:01:41.081  DEBUG   [poll]    <- read  st2mot     ret=0  data=['0x00', '0x00']
13:01:41.081  DEBUG   [poll]    -> read  st0cur    
13:01:41.085  DEBUG   [poll]    <- read  st0cur     ret=0  data=['0xfd', '0x01', '0x01', '0x02']
13:01:42.087  DEBUG   [poll]    -> read  st2mot    
13:01:42.094  DEBUG   [poll]    <- read  st2mot     ret=0  data=['0x00', '0x00']
13:01:42.094  DEBUG   [poll]    -> read  st0cur    
13:01:42.098  DEBUG   [poll]    <- read  st0cur     ret=0  data=['0xfe', '0x01', '0x01', '0x02']
13:01:43.100  DEBUG   [poll]    -> read  st2mot    
13:01:43.103  DEBUG   [poll]    <- read  st2mot     ret=0  data=['0x00', '0x00']
13:01:43.104  DEBUG   [poll]    -> read  st0cur    
13:01:43.108  DEBUG   [poll]    <- read  st0cur     ret=0  data=['0xfe', '0x01', '0x00', '0x02']
13:01:44.109  DEBUG   [poll]    -> read  st2mot    
13:01:44.113  DEBUG   [poll]    <- read  st2mot     ret=0  data=['0x00', '0x00']
13:01:44.113  DEBUG   [poll]    -> read  st0cur    
13:01:44.117  DEBUG   [poll]    <- read  st0cur     ret=0  data=['0xfe', '0x01', '0x01', '0x02']
13:01:45.119  DEBUG   [poll]    -> read  st2mot    
13:01:45.122  DEBUG   [poll]    <- read  st2mot     ret=0  data=['0x00', '0x00']
13:01:45.122  DEBUG   [poll]    -> read  st0cur    
13:01:45.127  DEBUG   [poll]    <- read  st0cur     ret=0  data=['0xfe', '0x01', '0x01', '0x02']
13:01:46.128  DEBUG   [poll]    -> read  st2mot    
13:01:46.132  DEBUG   [poll]    <- read  st2mot     ret=0  data=['0x00', '0x00']
13:01:46.132  DEBUG   [poll]    -> read  st0cur    
13:01:46.136  DEBUG   [poll]    <- read  st0cur     ret=0  data=['0xfe', '0x01', '0x01', '0x02']
13:01:47.138  DEBUG   [poll]    -> read  st2mot    
13:01:47.144  DEBUG   [poll]    <- read  st2mot     ret=0  data=['0x00', '0x00']
13:01:47.145  DEBUG   [poll]    -> read  st0cur    
13:01:47.149  DEBUG   [poll]    <- read  st0cur     ret=0  data=['0xfe', '0x01', '0x01', '0x02']
13:01:48.151  DEBUG   [poll]    -> read  st2mot    
13:01:48.154  DEBUG   [poll]    <- read  st2mot     ret=0  data=['0x00', '0x00']
13:01:48.154  DEBUG   [poll]    -> read  st0cur    
13:01:48.158  DEBUG   [poll]    <- read  st0cur     ret=0  data=['0xfe', '0x01', '0x01', '0x02']
13:01:49.160  DEBUG   [poll]    -> read  st2mot    
13:01:49.163  DEBUG   [poll]    <- read  st2mot     ret=0  data=['0x00', '0x00']
13:01:49.164  DEBUG   [poll]    -> read  st0cur    
13:01:49.168  DEBUG   [poll]    <- read  st0cur     ret=0  data=['0xfe', '0x01', '0x01', '0x02']
13:01:50.169  DEBUG   [poll]    -> read  st2mot    
13:01:50.173  DEBUG   [poll]    <- read  st2mot     ret=0  data=['0x00', '0x00']
13:01:50.173  DEBUG   [poll]    -> read  st0cur    
13:01:50.177  DEBUG   [poll]    <- read  st0cur     ret=0  data=['0xfe', '0x01', '0x00', '0x02']
13:01:51.179  DEBUG   [poll]    -> read  st2mot    
13:01:51.182  DEBUG   [poll]    <- read  st2mot     ret=0  data=['0x00', '0x00']
13:01:51.182  DEBUG   [poll]    -> read  st0cur    
13:01:51.187  DEBUG   [poll]    <- read  st0cur     ret=0  data=['0xfe', '0x01', '0x01', '0x02']
13:01:52.188  DEBUG   [poll]    -> read  st2mot    
13:01:52.195  DEBUG   [poll]    <- read  st2mot     ret=0  data=['0x00', '0x00']
13:01:52.195  DEBUG   [poll]    -> read  st0cur    
13:01:52.200  DEBUG   [poll]    <- read  st0cur     ret=0  data=['0xfe', '0x01', '0x01', '0x02']
13:01:53.201  DEBUG   [poll]    -> read  st2mot    
13:01:53.204  DEBUG   [poll]    <- read  st2mot     ret=0  data=['0x00', '0x00']
13:01:53.205  DEBUG   [poll]    -> read  st0cur    
13:01:53.209  DEBUG   [poll]    <- read  st0cur     ret=0  data=['0xfe', '0x01', '0x00', '0x02']
13:01:54.211  DEBUG   [poll]    -> read  st2mot    
13:01:54.214  DEBUG   [poll]    <- read  st2mot     ret=0  data=['0x00', '0x00']
13:01:54.214  DEBUG   [poll]    -> read  st0cur    
13:01:54.218  DEBUG   [poll]    <- read  st0cur     ret=0  data=['0xfe', '0x01', '0x01', '0x02']
13:01:55.220  DEBUG   [poll]    -> read  st2mot    
13:01:55.223  DEBUG   [poll]    <- read  st2mot     ret=0  data=['0x00', '0x00']
13:01:55.224  DEBUG   [poll]    -> read  st0cur    
13:01:55.228  DEBUG   [poll]    <- read  st0cur     ret=0  data=['0xfd', '0x01', '0x01', '0x02']
13:01:56.229  DEBUG   [poll]    -> read  st2mot    
13:01:56.233  DEBUG   [poll]    <- read  st2mot     ret=0  data=['0x00', '0x00']
13:01:56.233  DEBUG   [poll]    -> read  st0cur    
13:01:56.238  DEBUG   [poll]    <- read  st0cur     ret=0  data=['0xfe', '0x01', '0x01', '0x02']
13:01:57.239  DEBUG   [poll]    -> read  st2mot    
13:01:57.246  DEBUG   [poll]    <- read  st2mot     ret=0  data=['0x00', '0x00']
13:01:57.247  DEBUG   [poll]    -> read  st0cur    
13:01:57.251  DEBUG   [poll]    <- read  st0cur     ret=0  data=['0xfe', '0x01', '0x00', '0x02']
13:01:58.252  DEBUG   [poll]    -> read  st2mot    
13:01:58.256  DEBUG   [poll]    <- read  st2mot     ret=0  data=['0x00', '0x00']
13:01:58.256  DEBUG   [poll]    -> read  st0cur    
13:01:58.260  DEBUG   [poll]    <- read  st0cur     ret=0  data=['0xfe', '0x01', '0x01', '0x02']
13:01:59.262  DEBUG   [poll]    -> read  st2mot    
13:01:59.265  DEBUG   [poll]    <- read  st2mot     ret=0  data=['0x00', '0x00']
13:01:59.265  DEBUG   [poll]    -> read  st0cur    
13:01:59.270  DEBUG   [poll]    <- read  st0cur     ret=0  data=['0xfe', '0x01', '0x01', '0x02']
13:02:00.271  DEBUG   [poll]    -> read  st2mot    
13:02:00.274  DEBUG   [poll]    <- read  st2mot     ret=0  data=['0x00', '0x00']
13:02:00.275  DEBUG   [poll]    -> read  st0cur    
13:02:00.279  DEBUG   [poll]    <- read  st0cur     ret=0  data=['0xfe', '0x01', '0x01', '0x02']
13:02:01.281  DEBUG   [poll]    -> read  st2mot    
13:02:01.284  DEBUG   [poll]    <- read  st2mot     ret=0  data=['0x00', '0x00']
13:02:01.284  DEBUG   [poll]    -> read  st0cur    
13:02:01.289  DEBUG   [poll]    <- read  st0cur     ret=0  data=['0xfe', '0x01', '0x01', '0x02']
13:02:02.290  DEBUG   [poll]    -> read  st2mot    
13:02:02.297  DEBUG   [poll]    <- read  st2mot     ret=0  data=['0x00', '0x00']
13:02:02.297  DEBUG   [poll]    -> read  st0cur    
13:02:02.302  DEBUG   [poll]    <- read  st0cur     ret=0  data=['0xfe', '0x01', '0x01', '0x02']
13:02:03.303  DEBUG   [poll]    -> read  st2mot    
13:02:03.306  DEBUG   [poll]    <- read  st2mot     ret=0  data=['0x00', '0x00']
13:02:03.307  DEBUG   [poll]    -> read  st0cur    
13:02:03.311  DEBUG   [poll]    <- read  st0cur     ret=0  data=['0xfe', '0x01', '0x01', '0x02']
13:02:04.313  DEBUG   [poll]    -> read  st2mot    
13:02:04.316  DEBUG   [poll]    <- read  st2mot     ret=0  data=['0x00', '0x00']
13:02:04.316  DEBUG   [poll]    -> read  st0cur    
13:02:04.321  DEBUG   [poll]    <- read  st0cur     ret=0  data=['0xfe', '0x01', '0x01', '0x02']
13:02:05.322  DEBUG   [poll]    -> read  st2mot    
13:02:05.325  DEBUG   [poll]    <- read  st2mot     ret=0  data=['0x00', '0x00']
13:02:05.326  DEBUG   [poll]    -> read  st0cur    
13:02:05.330  DEBUG   [poll]    <- read  st0cur     ret=0  data=['0xfe', '0x01', '0x00', '0x02']
13:02:06.332  DEBUG   [poll]    -> read  st2mot    
13:02:06.335  DEBUG   [poll]    <- read  st2mot     ret=0  data=['0x00', '0x00']
13:02:06.335  DEBUG   [poll]    -> read  st0cur    
13:02:06.340  DEBUG   [poll]    <- read  st0cur     ret=0  data=['0xfe', '0x01', '0x01', '0x02']
13:02:07.341  DEBUG   [poll]    -> read  st2mot    
13:02:07.348  DEBUG   [poll]    <- read  st2mot     ret=0  data=['0x00', '0x00']
13:02:07.348  DEBUG   [poll]    -> read  st0cur    
13:02:07.353  DEBUG   [poll]    <- read  st0cur     ret=0  data=['0xfe', '0x01', '0x00', '0x02']
13:02:08.354  DEBUG   [poll]    -> read  st2mot    
13:02:08.357  DEBUG   [poll]    <- read  st2mot     ret=0  data=['0x00', '0x00']
13:02:08.358  DEBUG   [poll]    -> read  st0cur    
13:02:08.362  DEBUG   [poll]    <- read  st0cur     ret=0  data=['0xfe', '0x01', '0x01', '0x02']
13:02:09.363  DEBUG   [poll]    -> read  st2mot    
13:02:09.367  DEBUG   [poll]    <- read  st2mot     ret=0  data=['0x00', '0x00']
13:02:09.367  DEBUG   [poll]    -> read  st0cur    
13:02:09.371  DEBUG   [poll]    <- read  st0cur     ret=0  data=['0xfe', '0x01', '0x00', '0x02']
13:02:10.373  DEBUG   [poll]    -> read  st2mot    
13:02:10.376  DEBUG   [poll]    <- read  st2mot     ret=0  data=['0x00', '0x00']
13:02:10.377  DEBUG   [poll]    -> read  st0cur    
13:02:10.381  DEBUG   [poll]    <- read  st0cur     ret=0  data=['0xfe', '0x01', '0x01', '0x02']
13:02:11.382  DEBUG   [poll]    -> read  st2mot    
13:02:11.386  DEBUG   [poll]    <- read  st2mot     ret=0  data=['0x00', '0x00']
13:02:11.386  DEBUG   [poll]    -> read  st0cur    
13:02:11.390  DEBUG   [poll]    <- read  st0cur     ret=0  data=['0xfe', '0x01', '0x01', '0x02']
13:02:12.392  DEBUG   [poll]    -> read  st2mot    
13:02:12.399  DEBUG   [poll]    <- read  st2mot     ret=0  data=['0x00', '0x00']
13:02:12.399  DEBUG   [poll]    -> read  st0cur    
13:02:12.403  DEBUG   [poll]    <- read  st0cur     ret=0  data=['0xfe', '0x01', '0x01', '0x02']
13:02:13.405  DEBUG   [poll]    -> read  st2mot    
13:02:13.408  DEBUG   [poll]    <- read  st2mot     ret=0  data=['0x00', '0x00']
13:02:13.409  DEBUG   [poll]    -> read  st0cur    
13:02:13.413  DEBUG   [poll]    <- read  st0cur     ret=0  data=['0xfe', '0x01', '0x01', '0x02']
13:02:14.414  DEBUG   [poll]    -> read  st2mot    
13:02:14.418  DEBUG   [poll]    <- read  st2mot     ret=0  data=['0x00', '0x00']
13:02:14.418  DEBUG   [poll]    -> read  st0cur    
13:02:14.423  DEBUG   [poll]    <- read  st0cur     ret=0  data=['0xfe', '0x01', '0x01', '0x02']
13:02:15.424  DEBUG   [poll]    -> read  st2mot    
13:02:15.428  DEBUG   [poll]    <- read  st2mot     ret=0  data=['0x00', '0x00']
13:02:15.428  DEBUG   [poll]    -> read  st0cur    
13:02:15.432  DEBUG   [poll]    <- read  st0cur     ret=0  data=['0xfe', '0x01', '0x00', '0x02']
13:02:16.434  DEBUG   [poll]    -> read  st2mot    
13:02:16.437  DEBUG   [poll]    <- read  st2mot     ret=0  data=['0x00', '0x00']
13:02:16.438  DEBUG   [poll]    -> read  st0cur    
13:02:16.442  DEBUG   [poll]    <- read  st0cur     ret=0  data=['0xfd', '0x01', '0x00', '0x02']
13:02:17.443  DEBUG   [poll]    -> read  st2mot    
13:02:17.451  DEBUG   [poll]    <- read  st2mot     ret=0  data=['0x00', '0x00']
13:02:17.451  DEBUG   [poll]    -> read  st0cur    
13:02:17.455  DEBUG   [poll]    <- read  st0cur     ret=0  data=['0xfe', '0x01', '0x00', '0x02']
13:02:18.457  DEBUG   [poll]    -> read  st2mot    
13:02:18.460  DEBUG   [poll]    <- read  st2mot     ret=0  data=['0x00', '0x00']
13:02:18.460  DEBUG   [poll]    -> read  st0cur    
13:02:18.465  DEBUG   [poll]    <- read  st0cur     ret=0  data=['0xfe', '0x01', '0x01', '0x02']
13:02:19.466  DEBUG   [poll]    -> read  st2mot    
13:02:19.470  DEBUG   [poll]    <- read  st2mot     ret=0  data=['0x00', '0x00']
13:02:19.470  DEBUG   [poll]    -> read  st0cur    
13:02:19.474  DEBUG   [poll]    <- read  st0cur     ret=0  data=['0xfe', '0x01', '0x01', '0x02']
13:02:20.476  DEBUG   [poll]    -> read  st2mot    
13:02:20.479  DEBUG   [poll]    <- read  st2mot     ret=0  data=['0x00', '0x00']
13:02:20.479  DEBUG   [poll]    -> read  st0cur    
13:02:20.484  DEBUG   [poll]    <- read  st0cur     ret=0  data=['0xfe', '0x01', '0x01', '0x02']
13:02:21.485  DEBUG   [poll]    -> read  st2mot    
13:02:21.488  DEBUG   [poll]    <- read  st2mot     ret=0  data=['0x00', '0x00']
13:02:21.489  DEBUG   [poll]    -> read  st0cur    
13:02:21.493  DEBUG   [poll]    <- read  st0cur     ret=0  data=['0xfe', '0x01', '0x00', '0x02']
13:02:22.495  DEBUG   [poll]    -> read  st2mot    
13:02:22.501  DEBUG   [poll]    <- read  st2mot     ret=0  data=['0x00', '0x00']
13:02:22.502  DEBUG   [poll]    -> read  st0cur    
13:02:22.506  DEBUG   [poll]    <- read  st0cur     ret=0  data=['0xfe', '0x01', '0x01', '0x02']
13:02:23.508  DEBUG   [poll]    -> read  st2mot    
13:02:23.511  DEBUG   [poll]    <- read  st2mot     ret=0  data=['0x00', '0x00']
13:02:23.511  DEBUG   [poll]    -> read  st0cur    
13:02:23.516  DEBUG   [poll]    <- read  st0cur     ret=0  data=['0xfe', '0x01', '0x00', '0x02']
13:02:24.517  DEBUG   [poll]    -> read  st2mot    
13:02:24.520  DEBUG   [poll]    <- read  st2mot     ret=0  data=['0x00', '0x00']
13:02:24.521  DEBUG   [poll]    -> read  st0cur    
13:02:24.525  DEBUG   [poll]    <- read  st0cur     ret=0  data=['0xfe', '0x01', '0x01', '0x02']
13:02:25.527  DEBUG   [poll]    -> read  st2mot    
13:02:25.530  DEBUG   [poll]    <- read  st2mot     ret=0  data=['0x00', '0x00']
13:02:25.531  DEBUG   [poll]    -> read  st0cur    
13:02:25.535  DEBUG   [poll]    <- read  st0cur     ret=0  data=['0xfe', '0x01', '0x00', '0x02']
13:02:26.536  DEBUG   [poll]    -> read  st2mot    
13:02:26.540  DEBUG   [poll]    <- read  st2mot     ret=0  data=['0x00', '0x00']
13:02:26.540  DEBUG   [poll]    -> read  st0cur    
13:02:26.545  DEBUG   [poll]    <- read  st0cur     ret=0  data=['0xfe', '0x01', '0x01', '0x02']
13:02:27.546  DEBUG   [poll]    -> read  st2mot    
13:02:27.554  DEBUG   [poll]    <- read  st2mot     ret=0  data=['0x00', '0x00']
13:02:27.554  DEBUG   [poll]    -> read  st0cur    
13:02:27.558  DEBUG   [poll]    <- read  st0cur     ret=0  data=['0xfe', '0x01', '0x01', '0x02']
13:02:28.560  DEBUG   [poll]    -> read  st2mot    
13:02:28.563  DEBUG   [poll]    <- read  st2mot     ret=0  data=['0x00', '0x00']
13:02:28.564  DEBUG   [poll]    -> read  st0cur    
13:02:28.568  DEBUG   [poll]    <- read  st0cur     ret=0  data=['0xfe', '0x01', '0x01', '0x02']
13:02:29.569  DEBUG   [poll]    -> read  st2mot    
13:02:29.573  DEBUG   [poll]    <- read  st2mot     ret=0  data=['0x00', '0x00']
13:02:29.573  DEBUG   [poll]    -> read  st0cur    
13:02:29.577  DEBUG   [poll]    <- read  st0cur     ret=0  data=['0xfe', '0x01', '0x01', '0x02']
13:02:30.579  DEBUG   [poll]    -> read  st2mot    
13:02:30.582  DEBUG   [poll]    <- read  st2mot     ret=0  data=['0x00', '0x00']
13:02:30.583  DEBUG   [poll]    -> read  st0cur    
13:02:30.587  DEBUG   [poll]    <- read  st0cur     ret=0  data=['0xfe', '0x01', '0x01', '0x02']
13:02:31.588  DEBUG   [poll]    -> read  st2mot    
13:02:31.592  DEBUG   [poll]    <- read  st2mot     ret=0  data=['0x00', '0x00']
13:02:31.592  DEBUG   [poll]    -> read  st0cur    
13:02:31.596  DEBUG   [poll]    <- read  st0cur     ret=0  data=['0xfe', '0x01', '0x00', '0x02']
13:02:32.598  DEBUG   [poll]    -> read  st2mot    
13:02:32.605  DEBUG   [poll]    <- read  st2mot     ret=0  data=['0x00', '0x00']
13:02:32.605  DEBUG   [poll]    -> read  st0cur    
13:02:32.609  DEBUG   [poll]    <- read  st0cur     ret=0  data=['0xfe', '0x01', '0x01', '0x02']
13:02:33.611  DEBUG   [poll]    -> read  st2mot    
13:02:33.614  DEBUG   [poll]    <- read  st2mot     ret=0  data=['0x00', '0x00']
13:02:33.615  DEBUG   [poll]    -> read  st0cur    
13:02:33.619  DEBUG   [poll]    <- read  st0cur     ret=0  data=['0xfe', '0x01', '0x01', '0x02']
13:02:34.620  DEBUG   [poll]    -> read  st2mot    
13:02:34.624  DEBUG   [poll]    <- read  st2mot     ret=0  data=['0x00', '0x00']
13:02:34.624  DEBUG   [poll]    -> read  st0cur    
13:02:34.628  DEBUG   [poll]    <- read  st0cur     ret=0  data=['0xfe', '0x01', '0x01', '0x02']
13:02:35.630  DEBUG   [poll]    -> read  st2mot    
13:02:35.633  DEBUG   [poll]    <- read  st2mot     ret=0  data=['0x00', '0x00']
13:02:35.634  DEBUG   [poll]    -> read  st0cur    
13:02:35.638  DEBUG   [poll]    <- read  st0cur     ret=0  data=['0xfe', '0x01', '0x00', '0x02']
13:02:36.639  DEBUG   [poll]    -> read  st2mot    
13:02:36.643  DEBUG   [poll]    <- read  st2mot     ret=0  data=['0x00', '0x00']
13:02:36.643  DEBUG   [poll]    -> read  st0cur    
13:02:36.647  DEBUG   [poll]    <- read  st0cur     ret=0  data=['0xfe', '0x01', '0x01', '0x02']
13:02:37.649  DEBUG   [poll]    -> read  st2mot    
13:02:37.656  DEBUG   [poll]    <- read  st2mot     ret=0  data=['0x00', '0x00']
13:02:37.656  DEBUG   [poll]    -> read  st0cur    
13:02:37.661  DEBUG   [poll]    <- read  st0cur     ret=0  data=['0xfe', '0x01', '0x01', '0x02']
13:02:38.662  DEBUG   [poll]    -> read  st2mot    
13:02:38.666  DEBUG   [poll]    <- read  st2mot     ret=0  data=['0x00', '0x00']
13:02:38.666  DEBUG   [poll]    -> read  st0cur    
13:02:38.670  DEBUG   [poll]    <- read  st0cur     ret=0  data=['0xfe', '0x01', '0x01', '0x02']
13:02:39.672  DEBUG   [poll]    -> read  st2mot    
13:02:39.675  DEBUG   [poll]    <- read  st2mot     ret=0  data=['0x00', '0x00']
13:02:39.675  DEBUG   [poll]    -> read  st0cur    
13:02:39.680  DEBUG   [poll]    <- read  st0cur     ret=0  data=['0xfe', '0x01', '0x01', '0x02']
13:02:40.681  DEBUG   [poll]    -> read  st2mot    
13:02:40.684  DEBUG   [poll]    <- read  st2mot     ret=0  data=['0x00', '0x00']
13:02:40.685  DEBUG   [poll]    -> read  st0cur    
13:02:40.689  DEBUG   [poll]    <- read  st0cur     ret=0  data=['0xfe', '0x01', '0x00', '0x02']
13:02:41.691  DEBUG   [poll]    -> read  st2mot    
13:02:41.694  DEBUG   [poll]    <- read  st2mot     ret=0  data=['0x00', '0x00']
13:02:41.694  DEBUG   [poll]    -> read  st0cur    
13:02:41.698  DEBUG   [poll]    <- read  st0cur     ret=0  data=['0xfe', '0x01', '0x01', '0x02']
13:02:42.700  DEBUG   [poll]    -> read  st2mot    
13:02:42.707  DEBUG   [poll]    <- read  st2mot     ret=0  data=['0x00', '0x00']
13:02:42.707  DEBUG   [poll]    -> read  st0cur    
13:02:42.711  DEBUG   [poll]    <- read  st0cur     ret=0  data=['0xfe', '0x01', '0x01', '0x02']
13:02:43.713  DEBUG   [poll]    -> read  st2mot    
13:02:43.716  DEBUG   [poll]    <- read  st2mot     ret=0  data=['0x00', '0x00']
13:02:43.716  DEBUG   [poll]    -> read  st0cur    
13:02:43.721  DEBUG   [poll]    <- read  st0cur     ret=0  data=['0xfe', '0x01', '0x01', '0x02']
13:02:44.722  DEBUG   [poll]    -> read  st2mot    
13:02:44.726  DEBUG   [poll]    <- read  st2mot     ret=0  data=['0x00', '0x00']
13:02:44.726  DEBUG   [poll]    -> read  st0cur    
13:02:44.730  DEBUG   [poll]    <- read  st0cur     ret=0  data=['0xfe', '0x01', '0x00', '0x02']
13:02:45.732  DEBUG   [poll]    -> read  st2mot    
13:02:45.735  DEBUG   [poll]    <- read  st2mot     ret=0  data=['0x00', '0x00']
13:02:45.735  DEBUG   [poll]    -> read  st0cur    
13:02:45.740  DEBUG   [poll]    <- read  st0cur     ret=0  data=['0xfe', '0x01', '0x01', '0x02']
13:02:46.741  DEBUG   [poll]    -> read  st2mot    
13:02:46.745  DEBUG   [poll]    <- read  st2mot     ret=0  data=['0x00', '0x00']
13:02:46.745  DEBUG   [poll]    -> read  st0cur    
13:02:46.749  DEBUG   [poll]    <- read  st0cur     ret=0  data=['0xfe', '0x01', '0x00', '0x02']
13:02:47.751  DEBUG   [poll]    -> read  st2mot    
13:02:47.757  DEBUG   [poll]    <- read  st2mot     ret=0  data=['0x00', '0x00']
13:02:47.758  DEBUG   [poll]    -> read  st0cur    
13:02:47.762  DEBUG   [poll]    <- read  st0cur     ret=0  data=['0xfe', '0x01', '0x01', '0x02']
13:02:48.764  DEBUG   [poll]    -> read  st2mot    
13:02:48.767  DEBUG   [poll]    <- read  st2mot     ret=0  data=['0x00', '0x00']
13:02:48.767  DEBUG   [poll]    -> read  st0cur    
13:02:48.772  DEBUG   [poll]    <- read  st0cur     ret=0  data=['0xfe', '0x01', '0x01', '0x02']
13:02:49.773  DEBUG   [poll]    -> read  st2mot    
13:02:49.776  DEBUG   [poll]    <- read  st2mot     ret=0  data=['0x00', '0x00']
13:02:49.777  DEBUG   [poll]    -> read  st0cur    
13:02:49.781  DEBUG   [poll]    <- read  st0cur     ret=0  data=['0xfe', '0x01', '0x01', '0x02']
13:02:50.782  DEBUG   [poll]    -> read  st2mot    
13:02:50.786  DEBUG   [poll]    <- read  st2mot     ret=0  data=['0x00', '0x00']
13:02:50.786  DEBUG   [poll]    -> read  st0cur    
13:02:50.790  DEBUG   [poll]    <- read  st0cur     ret=0  data=['0xfe', '0x01', '0x00', '0x02']
13:02:51.792  DEBUG   [poll]    -> read  st2mot    
13:02:51.795  DEBUG   [poll]    <- read  st2mot     ret=0  data=['0x00', '0x00']
13:02:51.796  DEBUG   [poll]    -> read  st0cur    
13:02:51.800  DEBUG   [poll]    <- read  st0cur     ret=0  data=['0xfe', '0x01', '0x00', '0x02']
13:02:52.801  DEBUG   [poll]    -> read  st2mot    
13:02:52.808  DEBUG   [poll]    <- read  st2mot     ret=0  data=['0x00', '0x00']
13:02:52.808  DEBUG   [poll]    -> read  st0cur    
13:02:52.813  DEBUG   [poll]    <- read  st0cur     ret=0  data=['0xfe', '0x01', '0x01', '0x02']
13:02:53.814  DEBUG   [poll]    -> read  st2mot    
13:02:53.818  DEBUG   [poll]    <- read  st2mot     ret=0  data=['0x00', '0x00']
13:02:53.818  DEBUG   [poll]    -> read  st0cur    
13:02:53.822  DEBUG   [poll]    <- read  st0cur     ret=0  data=['0xfd', '0x01', '0x01', '0x02']
13:02:54.824  DEBUG   [poll]    -> read  st2mot    
13:02:54.827  DEBUG   [poll]    <- read  st2mot     ret=0  data=['0x00', '0x00']
13:02:54.827  DEBUG   [poll]    -> read  st0cur    
13:02:54.832  DEBUG   [poll]    <- read  st0cur     ret=0  data=['0xfe', '0x01', '0x01', '0x02']
13:02:55.833  DEBUG   [poll]    -> read  st2mot    
13:02:55.837  DEBUG   [poll]    <- read  st2mot     ret=0  data=['0x00', '0x00']
13:02:55.837  DEBUG   [poll]    -> read  st0cur    
13:02:55.841  DEBUG   [poll]    <- read  st0cur     ret=0  data=['0xfe', '0x01', '0x00', '0x02']
13:02:56.843  DEBUG   [poll]    -> read  st2mot    
13:02:56.846  DEBUG   [poll]    <- read  st2mot     ret=0  data=['0x00', '0x00']
13:02:56.847  DEBUG   [poll]    -> read  st0cur    
13:02:56.851  DEBUG   [poll]    <- read  st0cur     ret=0  data=['0xfe', '0x01', '0x01', '0x02']
13:02:57.852  DEBUG   [poll]    -> read  st2mot    
13:02:57.860  DEBUG   [poll]    <- read  st2mot     ret=0  data=['0x00', '0x00']
13:02:57.860  DEBUG   [poll]    -> read  st0cur    
13:02:57.864  DEBUG   [poll]    <- read  st0cur     ret=0  data=['0xfe', '0x01', '0x01', '0x02']
13:02:58.866  DEBUG   [poll]    -> read  st2mot    
13:02:58.869  DEBUG   [poll]    <- read  st2mot     ret=0  data=['0x00', '0x00']
13:02:58.870  DEBUG   [poll]    -> read  st0cur    
13:02:58.874  DEBUG   [poll]    <- read  st0cur     ret=0  data=['0xfe', '0x01', '0x01', '0x02']
13:02:59.875  DEBUG   [poll]    -> read  st2mot    
13:02:59.879  DEBUG   [poll]    <- read  st2mot     ret=0  data=['0x00', '0x00']
13:02:59.879  DEBUG   [poll]    -> read  st0cur    
13:02:59.883  DEBUG   [poll]    <- read  st0cur     ret=0  data=['0xfe', '0x01', '0x01', '0x02']
13:03:00.885  DEBUG   [poll]    -> read  st2mot    
13:03:00.888  DEBUG   [poll]    <- read  st2mot     ret=0  data=['0x00', '0x00']
13:03:00.888  DEBUG   [poll]    -> read  st0cur    
13:03:00.893  DEBUG   [poll]    <- read  st0cur     ret=0  data=['0xfe', '0x01', '0x00', '0x02']
13:03:01.894  DEBUG   [poll]    -> read  st2mot    
13:03:01.898  DEBUG   [poll]    <- read  st2mot     ret=0  data=['0x00', '0x00']
13:03:01.898  DEBUG   [poll]    -> read  st0cur    
13:03:01.902  DEBUG   [poll]    <- read  st0cur     ret=0  data=['0xfe', '0x01', '0x00', '0x02']
13:03:02.904  DEBUG   [poll]    -> read  st2mot    
13:03:02.911  DEBUG   [poll]    <- read  st2mot     ret=0  data=['0x00', '0x00']
13:03:02.911  DEBUG   [poll]    -> read  st0cur    
13:03:02.915  DEBUG   [poll]    <- read  st0cur     ret=0  data=['0xfe', '0x01', '0x01', '0x02']
13:03:03.917  DEBUG   [poll]    -> read  st2mot    
13:03:03.920  DEBUG   [poll]    <- read  st2mot     ret=0  data=['0x00', '0x00']
13:03:03.921  DEBUG   [poll]    -> read  st0cur    
13:03:03.925  DEBUG   [poll]    <- read  st0cur     ret=0  data=['0xfe', '0x01', '0x01', '0x02']
13:03:04.926  DEBUG   [poll]    -> read  st2mot    
13:03:04.930  DEBUG   [poll]    <- read  st2mot     ret=0  data=['0x00', '0x00']
13:03:04.930  DEBUG   [poll]    -> read  st0cur    
13:03:04.935  DEBUG   [poll]    <- read  st0cur     ret=0  data=['0xfd', '0x01', '0x00', '0x02']
13:03:05.936  DEBUG   [poll]    -> read  st2mot    
13:03:05.939  DEBUG   [poll]    <- read  st2mot     ret=0  data=['0x00', '0x00']
13:03:05.940  DEBUG   [poll]    -> read  st0cur    
13:03:05.944  DEBUG   [poll]    <- read  st0cur     ret=0  data=['0xfe', '0x01', '0x00', '0x02']
13:03:06.946  DEBUG   [poll]    -> read  st2mot    
13:03:06.949  DEBUG   [poll]    <- read  st2mot     ret=0  data=['0x00', '0x00']
13:03:06.949  DEBUG   [poll]    -> read  st0cur    
13:03:06.953  DEBUG   [poll]    <- read  st0cur     ret=0  data=['0xfe', '0x01', '0x01', '0x02']
13:03:07.955  DEBUG   [poll]    -> read  st2mot    
13:03:07.962  DEBUG   [poll]    <- read  st2mot     ret=0  data=['0x00', '0x00']
13:03:07.962  DEBUG   [poll]    -> read  st0cur    
13:03:07.967  DEBUG   [poll]    <- read  st0cur     ret=0  data=['0xfe', '0x01', '0x01', '0x02']
13:03:08.968  DEBUG   [poll]    -> read  st2mot    
13:03:08.971  DEBUG   [poll]    <- read  st2mot     ret=0  data=['0x00', '0x00']
13:03:08.972  DEBUG   [poll]    -> read  st0cur    
13:03:08.976  DEBUG   [poll]    <- read  st0cur     ret=0  data=['0xfe', '0x01', '0x01', '0x02']
13:03:09.978  DEBUG   [poll]    -> read  st2mot    
13:03:09.981  DEBUG   [poll]    <- read  st2mot     ret=0  data=['0x00', '0x00']
13:03:09.981  DEBUG   [poll]    -> read  st0cur    
13:03:09.985  DEBUG   [poll]    <- read  st0cur     ret=0  data=['0xfe', '0x01', '0x01', '0x02']
13:03:10.987  DEBUG   [poll]    -> read  st2mot    
13:03:10.990  DEBUG   [poll]    <- read  st2mot     ret=0  data=['0x00', '0x00']
13:03:10.991  DEBUG   [poll]    -> read  st0cur    
13:03:10.995  DEBUG   [poll]    <- read  st0cur     ret=0  data=['0xfe', '0x01', '0x01', '0x02']
13:03:11.996  DEBUG   [poll]    -> read  st2mot    
13:03:12.000  DEBUG   [poll]    <- read  st2mot     ret=0  data=['0x00', '0x00']
13:03:12.000  DEBUG   [poll]    -> read  st0cur    
13:03:12.004  DEBUG   [poll]    <- read  st0cur     ret=0  data=['0xfe', '0x01', '0x01', '0x02']
13:03:13.006  DEBUG   [poll]    -> read  st2mot    
13:03:13.013  DEBUG   [poll]    <- read  st2mot     ret=0  data=['0x00', '0x00']
13:03:13.013  DEBUG   [poll]    -> read  st0cur    
13:03:13.018  DEBUG   [poll]    <- read  st0cur     ret=0  data=['0xfe', '0x01', '0x01', '0x02']
13:03:14.019  DEBUG   [poll]    -> read  st2mot    
13:03:14.023  DEBUG   [poll]    <- read  st2mot     ret=0  data=['0x00', '0x00']
13:03:14.023  DEBUG   [poll]    -> read  st0cur    
13:03:14.027  DEBUG   [poll]    <- read  st0cur     ret=0  data=['0xfe', '0x01', '0x01', '0x02']
13:03:15.029  DEBUG   [poll]    -> read  st2mot    
13:03:15.032  DEBUG   [poll]    <- read  st2mot     ret=0  data=['0x00', '0x00']
13:03:15.033  DEBUG   [poll]    -> read  st0cur    
13:03:15.037  DEBUG   [poll]    <- read  st0cur     ret=0  data=['0xfe', '0x01', '0x01', '0x02']
13:03:16.038  DEBUG   [poll]    -> read  st2mot    
13:03:16.042  DEBUG   [poll]    <- read  st2mot     ret=0  data=['0x00', '0x00']
13:03:16.042  DEBUG   [poll]    -> read  st0cur    
13:03:16.046  DEBUG   [poll]    <- read  st0cur     ret=0  data=['0xfe', '0x01', '0x01', '0x02']
13:03:17.048  DEBUG   [poll]    -> read  st2mot    
13:03:17.051  DEBUG   [poll]    <- read  st2mot     ret=0  data=['0x00', '0x00']
13:03:17.052  DEBUG   [poll]    -> read  st0cur    
13:03:17.056  DEBUG   [poll]    <- read  st0cur     ret=0  data=['0xfd', '0x01', '0x00', '0x02']
13:03:18.057  DEBUG   [poll]    -> read  st2mot    
13:03:18.064  DEBUG   [poll]    <- read  st2mot     ret=0  data=['0x00', '0x00']
13:03:18.064  DEBUG   [poll]    -> read  st0cur    
13:03:18.069  DEBUG   [poll]    <- read  st0cur     ret=0  data=['0xfe', '0x01', '0x01', '0x02']
13:03:19.070  DEBUG   [poll]    -> read  st2mot    
13:03:19.073  DEBUG   [poll]    <- read  st2mot     ret=0  data=['0x00', '0x00']
13:03:19.074  DEBUG   [poll]    -> read  st0cur    
13:03:19.078  DEBUG   [poll]    <- read  st0cur     ret=0  data=['0xfe', '0x01', '0x00', '0x02']
13:03:20.080  DEBUG   [poll]    -> read  st2mot    
13:03:20.083  DEBUG   [poll]    <- read  st2mot     ret=0  data=['0x00', '0x00']
13:03:20.083  DEBUG   [poll]    -> read  st0cur    
13:03:20.088  DEBUG   [poll]    <- read  st0cur     ret=0  data=['0xfe', '0x01', '0x01', '0x02']
13:03:21.089  DEBUG   [poll]    -> read  st2mot    
13:03:21.092  DEBUG   [poll]    <- read  st2mot     ret=0  data=['0x00', '0x00']
13:03:21.093  DEBUG   [poll]    -> read  st0cur    
13:03:21.097  DEBUG   [poll]    <- read  st0cur     ret=0  data=['0xfe', '0x01', '0x01', '0x02']
13:03:22.098  DEBUG   [poll]    -> read  st2mot    
13:03:22.102  DEBUG   [poll]    <- read  st2mot     ret=0  data=['0x00', '0x00']
13:03:22.102  DEBUG   [poll]    -> read  st0cur    
13:03:22.106  DEBUG   [poll]    <- read  st0cur     ret=0  data=['0xfe', '0x01', '0x01', '0x02']
13:03:23.108  DEBUG   [poll]    -> read  st2mot    
13:03:23.115  DEBUG   [poll]    <- read  st2mot     ret=0  data=['0x00', '0x00']
13:03:23.115  DEBUG   [poll]    -> read  st0cur    
13:03:23.119  DEBUG   [poll]    <- read  st0cur     ret=0  data=['0xfe', '0x01', '0x00', '0x02']
13:03:24.121  DEBUG   [poll]    -> read  st2mot    
13:03:24.124  DEBUG   [poll]    <- read  st2mot     ret=0  data=['0x00', '0x00']
13:03:24.124  DEBUG   [poll]    -> read  st0cur    
13:03:24.129  DEBUG   [poll]    <- read  st0cur     ret=0  data=['0xfe', '0x01', '0x01', '0x02']
13:03:25.130  DEBUG   [poll]    -> read  st2mot    
13:03:25.134  DEBUG   [poll]    <- read  st2mot     ret=0  data=['0x00', '0x00']
13:03:25.134  DEBUG   [poll]    -> read  st0cur    
13:03:25.138  DEBUG   [poll]    <- read  st0cur     ret=0  data=['0xfd', '0x01', '0x01', '0x02']
13:03:26.140  DEBUG   [poll]    -> read  st2mot    
13:03:26.143  DEBUG   [poll]    <- read  st2mot     ret=0  data=['0x00', '0x00']
13:03:26.144  DEBUG   [poll]    -> read  st0cur    
13:03:26.148  DEBUG   [poll]    <- read  st0cur     ret=0  data=['0xfe', '0x01', '0x01', '0x02']
13:03:27.149  DEBUG   [poll]    -> read  st2mot    
13:03:27.153  DEBUG   [poll]    <- read  st2mot     ret=0  data=['0x00', '0x00']
13:03:27.153  DEBUG   [poll]    -> read  st0cur    
13:03:27.157  DEBUG   [poll]    <- read  st0cur     ret=0  data=['0xfe', '0x01', '0x00', '0x02']
13:03:28.159  DEBUG   [poll]    -> read  st2mot    
13:03:28.166  DEBUG   [poll]    <- read  st2mot     ret=0  data=['0x00', '0x00']
13:03:28.167  DEBUG   [poll]    -> read  st0cur    
13:03:28.171  DEBUG   [poll]    <- read  st0cur     ret=0  data=['0xfe', '0x01', '0x00', '0x02']
13:03:29.172  DEBUG   [poll]    -> read  st2mot    
13:03:29.176  DEBUG   [poll]    <- read  st2mot     ret=0  data=['0x00', '0x00']
13:03:29.176  DEBUG   [poll]    -> read  st0cur    
13:03:29.180  DEBUG   [poll]    <- read  st0cur     ret=0  data=['0xfd', '0x01', '0x01', '0x02']
13:03:30.182  DEBUG   [poll]    -> read  st2mot    
13:03:30.185  DEBUG   [poll]    <- read  st2mot     ret=0  data=['0x00', '0x00']
13:03:30.185  DEBUG   [poll]    -> read  st0cur    
13:03:30.190  DEBUG   [poll]    <- read  st0cur     ret=0  data=['0xfe', '0x01', '0x00', '0x02']
13:03:31.191  DEBUG   [poll]    -> read  st2mot    
13:03:31.194  DEBUG   [poll]    <- read  st2mot     ret=0  data=['0x00', '0x00']
13:03:31.195  DEBUG   [poll]    -> read  st0cur    
13:03:31.199  DEBUG   [poll]    <- read  st0cur     ret=0  data=['0xfe', '0x01', '0x01', '0x02']
13:03:32.201  DEBUG   [poll]    -> read  st2mot    
13:03:32.204  DEBUG   [poll]    <- read  st2mot     ret=0  data=['0x00', '0x00']
13:03:32.204  DEBUG   [poll]    -> read  st0cur    
13:03:32.208  DEBUG   [poll]    <- read  st0cur     ret=0  data=['0xfe', '0x01', '0x00', '0x02']
13:03:33.210  DEBUG   [poll]    -> read  st2mot    
13:03:33.218  DEBUG   [poll]    <- read  st2mot     ret=0  data=['0x00', '0x00']
13:03:33.218  DEBUG   [poll]    -> read  st0cur    
13:03:33.223  DEBUG   [poll]    <- read  st0cur     ret=0  data=['0xfe', '0x01', '0x01', '0x02']
13:03:34.224  DEBUG   [poll]    -> read  st2mot    
13:03:34.227  DEBUG   [poll]    <- read  st2mot     ret=0  data=['0x00', '0x00']
13:03:34.228  DEBUG   [poll]    -> read  st0cur    
13:03:34.232  DEBUG   [poll]    <- read  st0cur     ret=0  data=['0xfe', '0x01', '0x01', '0x02']
13:03:35.233  DEBUG   [poll]    -> read  st2mot    
13:03:35.237  DEBUG   [poll]    <- read  st2mot     ret=0  data=['0x00', '0x00']
13:03:35.237  DEBUG   [poll]    -> read  st0cur    
13:03:35.241  DEBUG   [poll]    <- read  st0cur     ret=0  data=['0xfe', '0x01', '0x01', '0x02']
13:03:36.243  DEBUG   [poll]    -> read  st2mot    
13:03:36.246  DEBUG   [poll]    <- read  st2mot     ret=0  data=['0x00', '0x00']
13:03:36.247  DEBUG   [poll]    -> read  st0cur    
13:03:36.251  DEBUG   [poll]    <- read  st0cur     ret=0  data=['0xfe', '0x01', '0x01', '0x02']
13:03:37.252  DEBUG   [poll]    -> read  st2mot    
13:03:37.256  DEBUG   [poll]    <- read  st2mot     ret=0  data=['0x00', '0x00']
13:03:37.256  DEBUG   [poll]    -> read  st0cur    
13:03:37.260  DEBUG   [poll]    <- read  st0cur     ret=0  data=['0xfe', '0x01', '0x01', '0x02']
13:03:38.262  DEBUG   [poll]    -> read  st2mot    
13:03:38.268  DEBUG   [poll]    <- read  st2mot     ret=0  data=['0x00', '0x00']
13:03:38.269  DEBUG   [poll]    -> read  st0cur    
13:03:38.273  DEBUG   [poll]    <- read  st0cur     ret=0  data=['0xfe', '0x01', '0x01', '0x02']
13:03:39.275  DEBUG   [poll]    -> read  st2mot    
13:03:39.278  DEBUG   [poll]    <- read  st2mot     ret=0  data=['0x00', '0x00']
13:03:39.278  DEBUG   [poll]    -> read  st0cur    
13:03:39.283  DEBUG   [poll]    <- read  st0cur     ret=0  data=['0xfe', '0x01', '0x01', '0x02']
13:03:40.284  DEBUG   [poll]    -> read  st2mot    
13:03:40.287  DEBUG   [poll]    <- read  st2mot     ret=0  data=['0x00', '0x00']
13:03:40.288  DEBUG   [poll]    -> read  st0cur    
13:03:40.292  DEBUG   [poll]    <- read  st0cur     ret=0  data=['0xfe', '0x01', '0x01', '0x02']
13:03:41.293  DEBUG   [poll]    -> read  st2mot    
13:03:41.297  DEBUG   [poll]    <- read  st2mot     ret=0  data=['0x00', '0x00']
13:03:41.297  DEBUG   [poll]    -> read  st0cur    
13:03:41.301  DEBUG   [poll]    <- read  st0cur     ret=0  data=['0xfe', '0x01', '0x01', '0x02']
13:03:42.303  DEBUG   [poll]    -> read  st2mot    
13:03:42.306  DEBUG   [poll]    <- read  st2mot     ret=0  data=['0x00', '0x00']
13:03:42.307  DEBUG   [poll]    -> read  st0cur    
13:03:42.311  DEBUG   [poll]    <- read  st0cur     ret=0  data=['0xfe', '0x01', '0x01', '0x02']
13:03:43.312  DEBUG   [poll]    -> read  st2mot    
13:03:43.319  DEBUG   [poll]    <- read  st2mot     ret=0  data=['0x00', '0x00']
13:03:43.319  DEBUG   [poll]    -> read  st0cur    
13:03:43.324  DEBUG   [poll]    <- read  st0cur     ret=0  data=['0xfe', '0x01', '0x01', '0x02']
13:03:44.325  DEBUG   [poll]    -> read  st2mot    
13:03:44.329  DEBUG   [poll]    <- read  st2mot     ret=0  data=['0x00', '0x00']
13:03:44.329  DEBUG   [poll]    -> read  st0cur    
13:03:44.333  DEBUG   [poll]    <- read  st0cur     ret=0  data=['0xfe', '0x01', '0x01', '0x02']
13:03:45.335  DEBUG   [poll]    -> read  st2mot    
13:03:45.338  DEBUG   [poll]    <- read  st2mot     ret=0  data=['0x00', '0x00']
13:03:45.338  DEBUG   [poll]    -> read  st0cur    
13:03:45.343  DEBUG   [poll]    <- read  st0cur     ret=0  data=['0xfe', '0x01', '0x01', '0x02']
13:03:46.344  DEBUG   [poll]    -> read  st2mot    
13:03:46.348  DEBUG   [poll]    <- read  st2mot     ret=0  data=['0x00', '0x00']
13:03:46.348  DEBUG   [poll]    -> read  st0cur    
13:03:46.352  DEBUG   [poll]    <- read  st0cur     ret=0  data=['0xfe', '0x01', '0x01', '0x02']
13:03:47.354  DEBUG   [poll]    -> read  st2mot    
13:03:47.357  DEBUG   [poll]    <- read  st2mot     ret=0  data=['0x00', '0x00']
13:03:47.357  DEBUG   [poll]    -> read  st0cur    
13:03:47.362  DEBUG   [poll]    <- read  st0cur     ret=0  data=['0xfe', '0x01', '0x01', '0x02']
13:03:48.363  DEBUG   [poll]    -> read  st2mot    
13:03:48.370  DEBUG   [poll]    <- read  st2mot     ret=0  data=['0x00', '0x00']
13:03:48.370  DEBUG   [poll]    -> read  st0cur    
13:03:48.375  DEBUG   [poll]    <- read  st0cur     ret=0  data=['0xfe', '0x01', '0x01', '0x02']
13:03:49.376  DEBUG   [poll]    -> read  st2mot    
13:03:49.380  DEBUG   [poll]    <- read  st2mot     ret=0  data=['0x00', '0x00']
13:03:49.380  DEBUG   [poll]    -> read  st0cur    
13:03:49.384  DEBUG   [poll]    <- read  st0cur     ret=0  data=['0xfe', '0x01', '0x01', '0x02']
13:03:50.386  DEBUG   [poll]    -> read  st2mot    
13:03:50.389  DEBUG   [poll]    <- read  st2mot     ret=0  data=['0x00', '0x00']
13:03:50.389  DEBUG   [poll]    -> read  st0cur    
13:03:50.394  DEBUG   [poll]    <- read  st0cur     ret=0  data=['0xfe', '0x01', '0x01', '0x02']
13:03:51.395  DEBUG   [poll]    -> read  st2mot    
13:03:51.398  DEBUG   [poll]    <- read  st2mot     ret=0  data=['0x00', '0x00']
13:03:51.399  DEBUG   [poll]    -> read  st0cur    
13:03:51.403  DEBUG   [poll]    <- read  st0cur     ret=0  data=['0xfe', '0x01', '0x01', '0x02']
13:03:52.405  DEBUG   [poll]    -> read  st2mot    
13:03:52.408  DEBUG   [poll]    <- read  st2mot     ret=0  data=['0x00', '0x00']
13:03:52.408  DEBUG   [poll]    -> read  st0cur    
13:03:52.413  DEBUG   [poll]    <- read  st0cur     ret=0  data=['0xfe', '0x01', '0x01', '0x02']
13:03:53.414  DEBUG   [poll]    -> read  st2mot    
13:03:53.421  DEBUG   [poll]    <- read  st2mot     ret=0  data=['0x00', '0x00']
13:03:53.421  DEBUG   [poll]    -> read  st0cur    
13:03:53.426  DEBUG   [poll]    <- read  st0cur     ret=0  data=['0xfe', '0x01', '0x01', '0x02']
13:03:54.427  DEBUG   [poll]    -> read  st2mot    
13:03:54.430  DEBUG   [poll]    <- read  st2mot     ret=0  data=['0x00', '0x00']
13:03:54.431  DEBUG   [poll]    -> read  st0cur    
13:03:54.435  DEBUG   [poll]    <- read  st0cur     ret=0  data=['0xfe', '0x01', '0x01', '0x02']
13:03:55.437  DEBUG   [poll]    -> read  st2mot    
13:03:55.440  DEBUG   [poll]    <- read  st2mot     ret=0  data=['0x00', '0x00']
13:03:55.440  DEBUG   [poll]    -> read  st0cur    
13:03:55.445  DEBUG   [poll]    <- read  st0cur     ret=0  data=['0xfe', '0x01', '0x01', '0x02']
13:03:56.446  DEBUG   [poll]    -> read  st2mot    
13:03:56.449  DEBUG   [poll]    <- read  st2mot     ret=0  data=['0x00', '0x00']
13:03:56.450  DEBUG   [poll]    -> read  st0cur    
13:03:56.454  DEBUG   [poll]    <- read  st0cur     ret=0  data=['0xfe', '0x01', '0x00', '0x02']
13:03:57.455  DEBUG   [poll]    -> read  st2mot    
13:03:57.459  DEBUG   [poll]    <- read  st2mot     ret=0  data=['0x00', '0x00']
13:03:57.459  DEBUG   [poll]    -> read  st0cur    
13:03:57.464  DEBUG   [poll]    <- read  st0cur     ret=0  data=['0xfe', '0x01', '0x01', '0x02']
13:03:58.465  DEBUG   [poll]    -> read  st2mot    
13:03:58.472  DEBUG   [poll]    <- read  st2mot     ret=0  data=['0x00', '0x00']
13:03:58.473  DEBUG   [poll]    -> read  st0cur    
13:03:58.477  DEBUG   [poll]    <- read  st0cur     ret=0  data=['0xfe', '0x01', '0x01', '0x02']
13:03:59.479  DEBUG   [poll]    -> read  st2mot    
13:03:59.482  DEBUG   [poll]    <- read  st2mot     ret=0  data=['0x00', '0x00']
13:03:59.482  DEBUG   [poll]    -> read  st0cur    
13:03:59.487  DEBUG   [poll]    <- read  st0cur     ret=0  data=['0xfe', '0x01', '0x01', '0x02']
13:04:00.488  DEBUG   [poll]    -> read  st2mot    
13:04:00.491  DEBUG   [poll]    <- read  st2mot     ret=0  data=['0x00', '0x00']
13:04:00.492  DEBUG   [poll]    -> read  st0cur    
13:04:00.496  DEBUG   [poll]    <- read  st0cur     ret=0  data=['0xfd', '0x01', '0x01', '0x02']
13:04:01.498  DEBUG   [poll]    -> read  st2mot    
13:04:01.501  DEBUG   [poll]    <- read  st2mot     ret=0  data=['0x00', '0x00']
13:04:01.501  DEBUG   [poll]    -> read  st0cur    
13:04:01.506  DEBUG   [poll]    <- read  st0cur     ret=0  data=['0xfe', '0x01', '0x01', '0x02']
13:04:02.507  DEBUG   [poll]    -> read  st2mot    
13:04:02.511  DEBUG   [poll]    <- read  st2mot     ret=0  data=['0x00', '0x00']
13:04:02.511  DEBUG   [poll]    -> read  st0cur    
13:04:02.515  DEBUG   [poll]    <- read  st0cur     ret=0  data=['0xfe', '0x01', '0x01', '0x02']
13:04:03.517  DEBUG   [poll]    -> read  st2mot    
13:04:03.524  DEBUG   [poll]    <- read  st2mot     ret=0  data=['0x00', '0x00']
13:04:03.524  DEBUG   [poll]    -> read  st0cur    
13:04:03.528  DEBUG   [poll]    <- read  st0cur     ret=0  data=['0xfe', '0x01', '0x01', '0x02']
13:04:04.530  DEBUG   [poll]    -> read  st2mot    
13:04:04.533  DEBUG   [poll]    <- read  st2mot     ret=0  data=['0x00', '0x00']
13:04:04.533  DEBUG   [poll]    -> read  st0cur    
13:04:04.538  DEBUG   [poll]    <- read  st0cur     ret=0  data=['0xfe', '0x01', '0x01', '0x02']
13:04:05.539  DEBUG   [poll]    -> read  st2mot    
13:04:05.542  DEBUG   [poll]    <- read  st2mot     ret=0  data=['0x00', '0x00']
13:04:05.543  DEBUG   [poll]    -> read  st0cur    
13:04:05.547  DEBUG   [poll]    <- read  st0cur     ret=0  data=['0xfe', '0x01', '0x01', '0x02']
13:04:06.549  DEBUG   [poll]    -> read  st2mot    
13:04:06.552  DEBUG   [poll]    <- read  st2mot     ret=0  data=['0x00', '0x00']
13:04:06.552  DEBUG   [poll]    -> read  st0cur    
13:04:06.557  DEBUG   [poll]    <- read  st0cur     ret=0  data=['0xfe', '0x01', '0x01', '0x02']
13:04:07.558  DEBUG   [poll]    -> read  st2mot    
13:04:07.561  DEBUG   [poll]    <- read  st2mot     ret=0  data=['0x00', '0x00']
13:04:07.562  DEBUG   [poll]    -> read  st0cur    
13:04:07.566  DEBUG   [poll]    <- read  st0cur     ret=0  data=['0xfe', '0x01', '0x01', '0x02']
13:04:08.567  DEBUG   [poll]    -> read  st2mot    
13:04:08.575  DEBUG   [poll]    <- read  st2mot     ret=0  data=['0x00', '0x00']
13:04:08.575  DEBUG   [poll]    -> read  st0cur    
13:04:08.579  DEBUG   [poll]    <- read  st0cur     ret=0  data=['0xfe', '0x01', '0x01', '0x02']
13:04:09.581  DEBUG   [poll]    -> read  st2mot    
13:04:09.584  DEBUG   [poll]    <- read  st2mot     ret=0  data=['0x00', '0x00']
13:04:09.584  DEBUG   [poll]    -> read  st0cur    
13:04:09.589  DEBUG   [poll]    <- read  st0cur     ret=0  data=['0xfe', '0x01', '0x01', '0x02']
13:04:10.590  DEBUG   [poll]    -> read  st2mot    
13:04:10.593  DEBUG   [poll]    <- read  st2mot     ret=0  data=['0x00', '0x00']
13:04:10.594  DEBUG   [poll]    -> read  st0cur    
13:04:10.598  DEBUG   [poll]    <- read  st0cur     ret=0  data=['0xfe', '0x01', '0x01', '0x02']
13:04:11.599  DEBUG   [poll]    -> read  st2mot    
13:04:11.603  DEBUG   [poll]    <- read  st2mot     ret=0  data=['0x00', '0x00']
13:04:11.603  DEBUG   [poll]    -> read  st0cur    
13:04:11.607  DEBUG   [poll]    <- read  st0cur     ret=0  data=['0xfe', '0x01', '0x01', '0x02']
13:04:12.609  DEBUG   [poll]    -> read  st2mot    
13:04:12.612  DEBUG   [poll]    <- read  st2mot     ret=0  data=['0x00', '0x00']
13:04:12.613  DEBUG   [poll]    -> read  st0cur    
13:04:12.617  DEBUG   [poll]    <- read  st0cur     ret=0  data=['0xfe', '0x01', '0x01', '0x02']
13:04:13.618  DEBUG   [poll]    -> read  st2mot    
13:04:13.625  DEBUG   [poll]    <- read  st2mot     ret=0  data=['0x00', '0x00']
13:04:13.625  DEBUG   [poll]    -> read  st0cur    
13:04:13.630  DEBUG   [poll]    <- read  st0cur     ret=0  data=['0xfe', '0x01', '0x01', '0x02']
13:04:14.631  DEBUG   [poll]    -> read  st2mot    
13:04:14.634  DEBUG   [poll]    <- read  st2mot     ret=0  data=['0x00', '0x00']
13:04:14.634  DEBUG   [poll]    -> read  st0cur    
13:04:14.639  DEBUG   [poll]    <- read  st0cur     ret=0  data=['0xfe', '0x01', '0x01', '0x02']
13:04:15.640  DEBUG   [poll]    -> read  st2mot    
13:04:15.644  DEBUG   [poll]    <- read  st2mot     ret=0  data=['0x00', '0x00']
13:04:15.644  DEBUG   [poll]    -> read  st0cur    
13:04:15.648  DEBUG   [poll]    <- read  st0cur     ret=0  data=['0xfd', '0x01', '0x01', '0x02']
13:04:16.650  DEBUG   [poll]    -> read  st2mot    
13:04:16.653  DEBUG   [poll]    <- read  st2mot     ret=0  data=['0x00', '0x00']
13:04:16.654  DEBUG   [poll]    -> read  st0cur    
13:04:16.658  DEBUG   [poll]    <- read  st0cur     ret=0  data=['0xfe', '0x01', '0x00', '0x02']
13:04:17.659  DEBUG   [poll]    -> read  st2mot    
13:04:17.663  DEBUG   [poll]    <- read  st2mot     ret=0  data=['0x00', '0x00']
13:04:17.663  DEBUG   [poll]    -> read  st0cur    
13:04:17.667  DEBUG   [poll]    <- read  st0cur     ret=0  data=['0xfe', '0x01', '0x01', '0x02']
13:04:18.669  DEBUG   [poll]    -> read  st2mot    
13:04:18.676  DEBUG   [poll]    <- read  st2mot     ret=0  data=['0x00', '0x00']
13:04:18.676  DEBUG   [poll]    -> read  st0cur    
13:04:18.680  DEBUG   [poll]    <- read  st0cur     ret=0  data=['0xfe', '0x01', '0x01', '0x02']
13:04:19.682  DEBUG   [poll]    -> read  st2mot    
13:04:19.685  DEBUG   [poll]    <- read  st2mot     ret=0  data=['0x00', '0x00']
13:04:19.685  DEBUG   [poll]    -> read  st0cur    
13:04:19.690  DEBUG   [poll]    <- read  st0cur     ret=0  data=['0xfe', '0x01', '0x01', '0x02']
13:04:20.691  DEBUG   [poll]    -> read  st2mot    
13:04:20.694  DEBUG   [poll]    <- read  st2mot     ret=0  data=['0x00', '0x00']
13:04:20.695  DEBUG   [poll]    -> read  st0cur    
13:04:20.699  DEBUG   [poll]    <- read  st0cur     ret=0  data=['0xfe', '0x01', '0x01', '0x02']
13:04:21.700  DEBUG   [poll]    -> read  st2mot    
13:04:21.704  DEBUG   [poll]    <- read  st2mot     ret=0  data=['0x00', '0x00']
13:04:21.704  DEBUG   [poll]    -> read  st0cur    
13:04:21.708  DEBUG   [poll]    <- read  st0cur     ret=0  data=['0xfe', '0x01', '0x01', '0x02']
13:04:22.710  DEBUG   [poll]    -> read  st2mot    
13:04:22.713  DEBUG   [poll]    <- read  st2mot     ret=0  data=['0x00', '0x00']
13:04:22.714  DEBUG   [poll]    -> read  st0cur    
13:04:22.718  DEBUG   [poll]    <- read  st0cur     ret=0  data=['0xfe', '0x01', '0x01', '0x02']
13:04:23.719  DEBUG   [poll]    -> read  st2mot    
13:04:23.726  DEBUG   [poll]    <- read  st2mot     ret=0  data=['0x00', '0x00']
13:04:23.727  DEBUG   [poll]    -> read  st0cur    
13:04:23.731  DEBUG   [poll]    <- read  st0cur     ret=0  data=['0xfe', '0x01', '0x01', '0x02']
13:04:24.732  DEBUG   [poll]    -> read  st2mot    
13:04:24.736  DEBUG   [poll]    <- read  st2mot     ret=0  data=['0x00', '0x00']
13:04:24.736  DEBUG   [poll]    -> read  st0cur    
13:04:24.740  DEBUG   [poll]    <- read  st0cur     ret=0  data=['0xfe', '0x01', '0x01', '0x02']
13:04:25.742  DEBUG   [poll]    -> read  st2mot    
13:04:25.745  DEBUG   [poll]    <- read  st2mot     ret=0  data=['0x00', '0x00']
13:04:25.746  DEBUG   [poll]    -> read  st0cur    
13:04:25.750  DEBUG   [poll]    <- read  st0cur     ret=0  data=['0xfe', '0x01', '0x01', '0x02']
13:04:26.751  DEBUG   [poll]    -> read  st2mot    
13:04:26.755  DEBUG   [poll]    <- read  st2mot     ret=0  data=['0x00', '0x00']
13:04:26.755  DEBUG   [poll]    -> read  st0cur    
13:04:26.759  DEBUG   [poll]    <- read  st0cur     ret=0  data=['0xfe', '0x01', '0x01', '0x02']
13:04:27.761  DEBUG   [poll]    -> read  st2mot    
13:04:27.764  DEBUG   [poll]    <- read  st2mot     ret=0  data=['0x00', '0x00']
13:04:27.765  DEBUG   [poll]    -> read  st0cur    
13:04:27.769  DEBUG   [poll]    <- read  st0cur     ret=0  data=['0xfe', '0x01', '0x01', '0x02']
13:04:28.770  DEBUG   [poll]    -> read  st2mot    
13:04:28.778  DEBUG   [poll]    <- read  st2mot     ret=0  data=['0x00', '0x00']
13:04:28.778  DEBUG   [poll]    -> read  st0cur    
13:04:28.783  DEBUG   [poll]    <- read  st0cur     ret=0  data=['0xfe', '0x01', '0x01', '0x02']
13:04:29.784  DEBUG   [poll]    -> read  st2mot    
13:04:29.787  DEBUG   [poll]    <- read  st2mot     ret=0  data=['0x00', '0x00']
13:04:29.788  DEBUG   [poll]    -> read  st0cur    
13:04:29.792  DEBUG   [poll]    <- read  st0cur     ret=0  data=['0xfe', '0x01', '0x00', '0x02']
13:04:30.793  DEBUG   [poll]    -> read  st2mot    
13:04:30.797  DEBUG   [poll]    <- read  st2mot     ret=0  data=['0x00', '0x00']
13:04:30.797  DEBUG   [poll]    -> read  st0cur    
13:04:30.801  DEBUG   [poll]    <- read  st0cur     ret=0  data=['0xfe', '0x01', '0x01', '0x02']
13:04:31.803  DEBUG   [poll]    -> read  st2mot    
13:04:31.806  DEBUG   [poll]    <- read  st2mot     ret=0  data=['0x00', '0x00']
13:04:31.807  DEBUG   [poll]    -> read  st0cur    
13:04:31.811  DEBUG   [poll]    <- read  st0cur     ret=0  data=['0xfe', '0x01', '0x01', '0x02']
13:04:32.812  DEBUG   [poll]    -> read  st2mot    
13:04:32.816  DEBUG   [poll]    <- read  st2mot     ret=0  data=['0x00', '0x00']
13:04:32.816  DEBUG   [poll]    -> read  st0cur    
13:04:32.820  DEBUG   [poll]    <- read  st0cur     ret=0  data=['0xfe', '0x01', '0x00', '0x02']
13:04:33.822  DEBUG   [poll]    -> read  st2mot    
13:04:33.828  DEBUG   [poll]    <- read  st2mot     ret=0  data=['0x00', '0x00']
13:04:33.829  DEBUG   [poll]    -> read  st0cur    
13:04:33.833  DEBUG   [poll]    <- read  st0cur     ret=0  data=['0xfe', '0x01', '0x01', '0x02']
13:04:34.835  DEBUG   [poll]    -> read  st2mot    
13:04:34.838  DEBUG   [poll]    <- read  st2mot     ret=0  data=['0x00', '0x00']
13:04:34.838  DEBUG   [poll]    -> read  st0cur    
13:04:34.843  DEBUG   [poll]    <- read  st0cur     ret=0  data=['0xfe', '0x01', '0x01', '0x02']
13:04:35.844  DEBUG   [poll]    -> read  st2mot    
13:04:35.847  DEBUG   [poll]    <- read  st2mot     ret=0  data=['0x00', '0x00']
13:04:35.848  DEBUG   [poll]    -> read  st0cur    
13:04:35.852  DEBUG   [poll]    <- read  st0cur     ret=0  data=['0xfe', '0x01', '0x01', '0x02']
13:04:36.853  DEBUG   [poll]    -> read  st2mot    
13:04:36.857  DEBUG   [poll]    <- read  st2mot     ret=0  data=['0x00', '0x00']
13:04:36.857  DEBUG   [poll]    -> read  st0cur    
13:04:36.861  DEBUG   [poll]    <- read  st0cur     ret=0  data=['0xfe', '0x01', '0x01', '0x02']
13:04:37.863  DEBUG   [poll]    -> read  st2mot    
13:04:37.866  DEBUG   [poll]    <- read  st2mot     ret=0  data=['0x00', '0x00']
13:04:37.867  DEBUG   [poll]    -> read  st0cur    
13:04:37.871  DEBUG   [poll]    <- read  st0cur     ret=0  data=['0xfe', '0x01', '0x01', '0x02']
13:04:38.873  DEBUG   [poll]    -> read  st2mot    
13:04:38.880  DEBUG   [poll]    <- read  st2mot     ret=0  data=['0x00', '0x00']
13:04:38.880  DEBUG   [poll]    -> read  st0cur    
13:04:38.885  DEBUG   [poll]    <- read  st0cur     ret=0  data=['0xfe', '0x01', '0x01', '0x02']
13:04:39.886  DEBUG   [poll]    -> read  st2mot    
13:04:39.889  DEBUG   [poll]    <- read  st2mot     ret=0  data=['0x00', '0x00']
13:04:39.890  DEBUG   [poll]    -> read  st0cur    
13:04:39.894  DEBUG   [poll]    <- read  st0cur     ret=0  data=['0xfd', '0x01', '0x01', '0x02']
13:04:40.896  DEBUG   [poll]    -> read  st2mot    
13:04:40.899  DEBUG   [poll]    <- read  st2mot     ret=0  data=['0x00', '0x00']
13:04:40.899  DEBUG   [poll]    -> read  st0cur    
13:04:40.904  DEBUG   [poll]    <- read  st0cur     ret=0  data=['0xfe', '0x01', '0x01', '0x02']
13:04:41.905  DEBUG   [poll]    -> read  st2mot    
13:04:41.908  DEBUG   [poll]    <- read  st2mot     ret=0  data=['0x00', '0x00']
13:04:41.909  DEBUG   [poll]    -> read  st0cur    
13:04:41.913  DEBUG   [poll]    <- read  st0cur     ret=0  data=['0xfe', '0x01', '0x01', '0x02']
13:04:42.914  DEBUG   [poll]    -> read  st2mot    
13:04:42.918  DEBUG   [poll]    <- read  st2mot     ret=0  data=['0x00', '0x00']
13:04:42.918  DEBUG   [poll]    -> read  st0cur    
13:04:42.922  DEBUG   [poll]    <- read  st0cur     ret=0  data=['0xfe', '0x01', '0x01', '0x02']
13:04:43.924  DEBUG   [poll]    -> read  st2mot    
13:04:43.931  DEBUG   [poll]    <- read  st2mot     ret=0  data=['0x00', '0x00']
13:04:43.931  DEBUG   [poll]    -> read  st0cur    
13:04:43.936  DEBUG   [poll]    <- read  st0cur     ret=0  data=['0xfe', '0x01', '0x01', '0x02']
13:04:44.937  DEBUG   [poll]    -> read  st2mot    
13:04:44.940  DEBUG   [poll]    <- read  st2mot     ret=0  data=['0x00', '0x00']
13:04:44.941  DEBUG   [poll]    -> read  st0cur    
13:04:44.945  DEBUG   [poll]    <- read  st0cur     ret=0  data=['0xfe', '0x01', '0x01', '0x02']
13:04:45.947  DEBUG   [poll]    -> read  st2mot    
13:04:45.950  DEBUG   [poll]    <- read  st2mot     ret=0  data=['0x00', '0x00']
13:04:45.950  DEBUG   [poll]    -> read  st0cur    
13:04:45.955  DEBUG   [poll]    <- read  st0cur     ret=0  data=['0xfe', '0x01', '0x01', '0x02']
13:04:46.956  DEBUG   [poll]    -> read  st2mot    
13:04:46.959  DEBUG   [poll]    <- read  st2mot     ret=0  data=['0x00', '0x00']
13:04:46.960  DEBUG   [poll]    -> read  st0cur    
13:04:46.964  DEBUG   [poll]    <- read  st0cur     ret=0  data=['0xfe', '0x01', '0x01', '0x02']
13:04:47.965  DEBUG   [poll]    -> read  st2mot    
13:04:47.969  DEBUG   [poll]    <- read  st2mot     ret=0  data=['0x00', '0x00']
13:04:47.969  DEBUG   [poll]    -> read  st0cur    
13:04:47.973  DEBUG   [poll]    <- read  st0cur     ret=0  data=['0xfe', '0x01', '0x01', '0x02']
13:04:48.975  DEBUG   [poll]    -> read  st2mot    
13:04:48.982  DEBUG   [poll]    <- read  st2mot     ret=0  data=['0x00', '0x00']
13:04:48.982  DEBUG   [poll]    -> read  st0cur    
13:04:48.986  DEBUG   [poll]    <- read  st0cur     ret=0  data=['0xfe', '0x01', '0x01', '0x02']
13:04:49.988  DEBUG   [poll]    -> read  st2mot    
13:04:49.991  DEBUG   [poll]    <- read  st2mot     ret=0  data=['0x00', '0x00']
13:04:49.991  DEBUG   [poll]    -> read  st0cur    
13:04:49.996  DEBUG   [poll]    <- read  st0cur     ret=0  data=['0xfe', '0x01', '0x01', '0x02']
13:04:50.997  DEBUG   [poll]    -> read  st2mot    
13:04:51.000  DEBUG   [poll]    <- read  st2mot     ret=0  data=['0x00', '0x00']
13:04:51.001  DEBUG   [poll]    -> read  st0cur    
13:04:51.005  DEBUG   [poll]    <- read  st0cur     ret=0  data=['0xfe', '0x01', '0x00', '0x02']
13:04:52.007  DEBUG   [poll]    -> read  st2mot    
13:04:52.010  DEBUG   [poll]    <- read  st2mot     ret=0  data=['0x00', '0x00']
13:04:52.010  DEBUG   [poll]    -> read  st0cur    
13:04:52.015  DEBUG   [poll]    <- read  st0cur     ret=0  data=['0xfe', '0x01', '0x01', '0x02']
13:04:53.016  DEBUG   [poll]    -> read  st2mot    
13:04:53.019  DEBUG   [poll]    <- read  st2mot     ret=0  data=['0x00', '0x00']
13:04:53.020  DEBUG   [poll]    -> read  st0cur    
13:04:53.024  DEBUG   [poll]    <- read  st0cur     ret=0  data=['0xfe', '0x01', '0x00', '0x02']
13:04:54.025  DEBUG   [poll]    -> read  st2mot    
13:04:54.032  DEBUG   [poll]    <- read  st2mot     ret=0  data=['0x00', '0x00']
13:04:54.033  DEBUG   [poll]    -> read  st0cur    
13:04:54.037  DEBUG   [poll]    <- read  st0cur     ret=0  data=['0xfe', '0x01', '0x01', '0x02']
13:04:55.038  DEBUG   [poll]    -> read  st2mot    
13:04:55.042  DEBUG   [poll]    <- read  st2mot     ret=0  data=['0x00', '0x00']
13:04:55.042  DEBUG   [poll]    -> read  st0cur    
13:04:55.046  DEBUG   [poll]    <- read  st0cur     ret=0  data=['0xfe', '0x01', '0x01', '0x02']
13:04:56.048  DEBUG   [poll]    -> read  st2mot    
13:04:56.051  DEBUG   [poll]    <- read  st2mot     ret=0  data=['0x00', '0x00']
13:04:56.052  DEBUG   [poll]    -> read  st0cur    
13:04:56.056  DEBUG   [poll]    <- read  st0cur     ret=0  data=['0xfe', '0x01', '0x01', '0x02']
13:04:57.057  DEBUG   [poll]    -> read  st2mot    
13:04:57.061  DEBUG   [poll]    <- read  st2mot     ret=0  data=['0x00', '0x00']
13:04:57.061  DEBUG   [poll]    -> read  st0cur    
13:04:57.065  DEBUG   [poll]    <- read  st0cur     ret=0  data=['0xfe', '0x01', '0x01', '0x02']
13:04:58.067  DEBUG   [poll]    -> read  st2mot    
13:04:58.070  DEBUG   [poll]    <- read  st2mot     ret=0  data=['0x00', '0x00']
13:04:58.071  DEBUG   [poll]    -> read  st0cur    
13:04:58.075  DEBUG   [poll]    <- read  st0cur     ret=0  data=['0xfe', '0x01', '0x01', '0x02']
13:04:59.076  DEBUG   [poll]    -> read  st2mot    
13:04:59.083  DEBUG   [poll]    <- read  st2mot     ret=0  data=['0x00', '0x00']
13:04:59.084  DEBUG   [poll]    -> read  st0cur    
13:04:59.088  DEBUG   [poll]    <- read  st0cur     ret=0  data=['0xfe', '0x01', '0x01', '0x02']
13:05:00.090  DEBUG   [poll]    -> read  st2mot    
13:05:00.093  DEBUG   [poll]    <- read  st2mot     ret=0  data=['0x00', '0x00']
13:05:00.093  DEBUG   [poll]    -> read  st0cur    
13:05:00.097  DEBUG   [poll]    <- read  st0cur     ret=0  data=['0xfe', '0x01', '0x01', '0x02']
13:05:00.129  INFO    client connected
13:05:00.130  DEBUG   [client]  -> write cntl0mot   data=['0xf6', '0xfd']
13:05:00.134  DEBUG   [client]  -> write cntl3mot   data=['0x00', '0x00']
13:05:00.137  DEBUG   [client]  -> write cntl3mot   data=['0x03', '0xe8']
13:05:00.141  DEBUG   [client]  -> read  st2mot    
13:05:00.144  DEBUG   [client]  <- read  st2mot     ret=0  data=['0x00', '0x00']
13:05:00.145  DEBUG   [client]  -> read  st0cur    
13:05:00.149  DEBUG   [client]  <- read  st0cur     ret=0  data=['0xfe', '0x01', '0x01', '0x02']
13:05:00.341  DEBUG   [client]  -> read  st2mot    
13:05:00.344  DEBUG   [client]  <- read  st2mot     ret=0  data=['0x00', '0x00']
13:05:00.541  DEBUG   [client]  -> read  st2mot    
13:05:00.544  DEBUG   [client]  <- read  st2mot     ret=0  data=['0x00', '0x00']
13:05:00.742  DEBUG   [client]  -> read  st2mot    
13:05:00.745  DEBUG   [client]  <- read  st2mot     ret=0  data=['0xe1', '0x00']
13:05:00.942  DEBUG   [client]  -> read  st2mot    
13:05:00.945  DEBUG   [client]  <- read  st2mot     ret=0  data=['0x7e', '0x04']
13:05:01.098  DEBUG   [poll]    -> read  st2mot    
13:05:01.102  DEBUG   [poll]    <- read  st2mot     ret=0  data=['0x14', '0x05']
13:05:01.102  DEBUG   [poll]    -> read  st0cur    
13:05:01.106  DEBUG   [poll]    <- read  st0cur     ret=0  data=['0xf7', '0x01', '0xfa', '0x01']
13:05:01.141  DEBUG   [client]  -> read  st2mot    
13:05:01.145  DEBUG   [client]  <- read  st2mot     ret=0  data=['0x14', '0x05']
13:05:01.146  DEBUG   [client]  -> read  st0cur    
13:05:01.151  DEBUG   [client]  <- read  st0cur     ret=0  data=['0xf7', '0x01', '0xfa', '0x01']
13:05:01.342  DEBUG   [client]  -> read  st2mot    
13:05:01.345  DEBUG   [client]  <- read  st2mot     ret=0  data=['0x97', '0x04']
13:05:01.542  DEBUG   [client]  -> read  st2mot    
13:05:01.545  DEBUG   [client]  <- read  st2mot     ret=0  data=['0x33', '0x04']
13:05:01.742  DEBUG   [client]  -> read  st2mot    
13:05:01.745  DEBUG   [client]  <- read  st2mot     ret=0  data=['0xcf', '0x03']
13:05:01.942  DEBUG   [client]  -> read  st2mot    
13:05:01.945  DEBUG   [client]  <- read  st2mot     ret=0  data=['0xcf', '0x03']
13:05:02.108  DEBUG   [poll]    -> read  st2mot    
13:05:02.111  DEBUG   [poll]    <- read  st2mot     ret=0  data=['0xcf', '0x03']
13:05:02.112  DEBUG   [poll]    -> read  st0cur    
13:05:02.116  DEBUG   [poll]    <- read  st0cur     ret=0  data=['0xf4', '0x01', '0xf6', '0x01']
13:05:02.141  DEBUG   [client]  -> read  st2mot    
13:05:02.145  DEBUG   [client]  <- read  st2mot     ret=0  data=['0xcf', '0x03']
13:05:02.146  DEBUG   [client]  -> read  st0cur    
13:05:02.151  DEBUG   [client]  <- read  st0cur     ret=0  data=['0xf4', '0x01', '0xf6', '0x01']
13:05:02.342  DEBUG   [client]  -> read  st2mot    
13:05:02.345  DEBUG   [client]  <- read  st2mot     ret=0  data=['0xe8', '0x03']
13:05:02.542  DEBUG   [client]  -> read  st2mot    
13:05:02.545  DEBUG   [client]  <- read  st2mot     ret=0  data=['0xe8', '0x03']
13:05:02.742  DEBUG   [client]  -> read  st2mot    
13:05:02.745  DEBUG   [client]  <- read  st2mot     ret=0  data=['0xe8', '0x03']
13:05:02.942  DEBUG   [client]  -> read  st2mot    
13:05:02.945  DEBUG   [client]  <- read  st2mot     ret=0  data=['0xe8', '0x03']
13:05:03.117  DEBUG   [poll]    -> read  st2mot    
13:05:03.121  DEBUG   [poll]    <- read  st2mot     ret=0  data=['0xe8', '0x03']
13:05:03.121  DEBUG   [poll]    -> read  st0cur    
13:05:03.125  DEBUG   [poll]    <- read  st0cur     ret=0  data=['0xf5', '0x01', '0xf7', '0x01']
13:05:03.141  DEBUG   [client]  -> read  st2mot    
13:05:03.145  DEBUG   [client]  <- read  st2mot     ret=0  data=['0xe8', '0x03']
13:05:03.147  DEBUG   [client]  -> read  st0cur    
13:05:03.151  DEBUG   [client]  <- read  st0cur     ret=0  data=['0xf5', '0x01', '0xf7', '0x01']
13:05:03.342  DEBUG   [client]  -> read  st2mot    
13:05:03.345  DEBUG   [client]  <- read  st2mot     ret=0  data=['0xcf', '0x03']
13:05:03.542  DEBUG   [client]  -> read  st2mot    
13:05:03.545  DEBUG   [client]  <- read  st2mot     ret=0  data=['0xe8', '0x03']
13:05:03.742  DEBUG   [client]  -> read  st2mot    
13:05:03.745  DEBUG   [client]  <- read  st2mot     ret=0  data=['0xe8', '0x03']
13:05:03.942  DEBUG   [client]  -> read  st2mot    
13:05:03.945  DEBUG   [client]  <- read  st2mot     ret=0  data=['0x01', '0x04']
13:05:04.127  DEBUG   [poll]    -> read  st2mot    
13:05:04.131  DEBUG   [poll]    <- read  st2mot     ret=0  data=['0xcf', '0x03']
13:05:04.132  DEBUG   [poll]    -> read  st0cur    
13:05:04.136  DEBUG   [poll]    <- read  st0cur     ret=0  data=['0xf5', '0x01', '0xf7', '0x01']
13:05:04.141  DEBUG   [client]  -> read  st2mot    
13:05:04.145  DEBUG   [client]  <- read  st2mot     ret=0  data=['0xcf', '0x03']
13:05:04.146  DEBUG   [client]  -> read  st0cur    
13:05:04.151  DEBUG   [client]  <- read  st0cur     ret=0  data=['0xf5', '0x01', '0xf7', '0x01']
13:05:04.342  DEBUG   [client]  -> read  st2mot    
13:05:04.345  DEBUG   [client]  <- read  st2mot     ret=0  data=['0xe8', '0x03']
13:05:04.542  DEBUG   [client]  -> read  st2mot    
13:05:04.545  DEBUG   [client]  <- read  st2mot     ret=0  data=['0xe8', '0x03']
13:05:04.742  DEBUG   [client]  -> read  st2mot    
13:05:04.745  DEBUG   [client]  <- read  st2mot     ret=0  data=['0xe8', '0x03']
13:05:04.942  DEBUG   [client]  -> read  st2mot    
13:05:04.945  DEBUG   [client]  <- read  st2mot     ret=0  data=['0xe8', '0x03']
13:05:05.138  DEBUG   [poll]    -> read  st2mot    
13:05:05.142  DEBUG   [poll]    <- read  st2mot     ret=0  data=['0xe8', '0x03']
13:05:05.142  DEBUG   [poll]    -> read  st0cur    
13:05:05.147  DEBUG   [poll]    <- read  st0cur     ret=0  data=['0xf4', '0x01', '0xf6', '0x01']
13:05:05.147  DEBUG   [client]  -> read  st2mot    
13:05:05.150  DEBUG   [client]  <- read  st2mot     ret=0  data=['0xe8', '0x03']
13:05:05.152  DEBUG   [client]  -> read  st0cur    
13:05:05.158  DEBUG   [client]  <- read  st0cur     ret=0  data=['0xf4', '0x01', '0xf6', '0x01']
13:05:05.342  DEBUG   [client]  -> read  st2mot    
13:05:05.345  DEBUG   [client]  <- read  st2mot     ret=0  data=['0xcf', '0x03']
13:05:05.542  DEBUG   [client]  -> read  st2mot    
13:05:05.545  DEBUG   [client]  <- read  st2mot     ret=0  data=['0xe8', '0x03']
13:05:05.742  DEBUG   [client]  -> read  st2mot    
13:05:05.745  DEBUG   [client]  <- read  st2mot     ret=0  data=['0xe8', '0x03']
13:05:05.942  DEBUG   [client]  -> read  st2mot    
13:05:05.945  DEBUG   [client]  <- read  st2mot     ret=0  data=['0xe8', '0x03']
13:05:06.141  DEBUG   [client]  -> read  st2mot    
13:05:06.145  DEBUG   [client]  <- read  st2mot     ret=0  data=['0xe8', '0x03']
13:05:06.146  DEBUG   [client]  -> read  st0cur    
13:05:06.150  DEBUG   [client]  <- read  st0cur     ret=0  data=['0xf6', '0x01', '0xf5', '0x01']
13:05:06.151  DEBUG   [poll]    -> read  st2mot    
13:05:06.154  DEBUG   [poll]    <- read  st2mot     ret=0  data=['0xcf', '0x03']
13:05:06.154  DEBUG   [poll]    -> read  st0cur    
13:05:06.158  DEBUG   [poll]    <- read  st0cur     ret=0  data=['0xf6', '0x01', '0xf5', '0x01']
13:05:06.342  DEBUG   [client]  -> read  st2mot    
13:05:06.345  DEBUG   [client]  <- read  st2mot     ret=0  data=['0xe8', '0x03']
13:05:06.542  DEBUG   [client]  -> read  st2mot    
13:05:06.545  DEBUG   [client]  <- read  st2mot     ret=0  data=['0x01', '0x04']
13:05:06.742  DEBUG   [client]  -> read  st2mot    
13:05:06.745  DEBUG   [client]  <- read  st2mot     ret=0  data=['0xe8', '0x03']
13:05:06.942  DEBUG   [client]  -> read  st2mot    
13:05:06.945  DEBUG   [client]  <- read  st2mot     ret=0  data=['0xe8', '0x03']
13:05:06.947  DEBUG   [client]  -> write cntl3mot   data=['0x03', '0x20']
13:05:07.160  DEBUG   [poll]    -> read  st2mot    
13:05:07.163  DEBUG   [poll]    <- read  st2mot     ret=0  data=['0xcf', '0x03']
13:05:07.164  DEBUG   [poll]    -> read  st0cur    
13:05:07.168  DEBUG   [poll]    <- read  st0cur     ret=0  data=['0xf6', '0x01', '0xf7', '0x01']
13:05:07.202  DEBUG   [client]  -> write cntl3mot   data=['0x02', '0x58']
13:05:07.458  DEBUG   [client]  -> write cntl3mot   data=['0x01', '0x90']
13:05:07.713  DEBUG   [client]  -> write cntl3mot   data=['0x00', '0xc8']
13:05:07.969  DEBUG   [client]  -> write cntl3mot   data=['0x00', '0x00']
13:05:07.973  WARNING client disconnected — stopping motor
13:05:07.974  DEBUG   [client]  -> write cntl3mot   data=['0x00', '0x00']
13:05:07.978  INFO    client disconnected
13:05:08.169  DEBUG   [poll]    -> read  st2mot    
13:05:08.173  DEBUG   [poll]    <- read  st2mot     ret=0  data=['0x19', '0x00']
13:05:08.173  DEBUG   [poll]    -> read  st0cur    
13:05:08.177  DEBUG   [poll]    <- read  st0cur     ret=0  data=['0xf9', '0x01', '0xfa', '0x01']
13:05:09.178  DEBUG   [poll]    -> read  st2mot    
13:05:09.182  DEBUG   [poll]    <- read  st2mot     ret=0  data=['0x00', '0x00']
13:05:09.183  DEBUG   [poll]    -> read  st0cur    
13:05:09.187  DEBUG   [poll]    <- read  st0cur     ret=0  data=['0xfe', '0x01', '0x01', '0x02']
13:05:10.188  DEBUG   [poll]    -> read  st2mot    
13:05:10.192  DEBUG   [poll]    <- read  st2mot     ret=0  data=['0x00', '0x00']
13:05:10.192  DEBUG   [poll]    -> read  st0cur    
13:05:10.196  DEBUG   [poll]    <- read  st0cur     ret=0  data=['0xfd', '0x01', '0x01', '0x02']
13:05:11.198  DEBUG   [poll]    -> read  st2mot    
13:05:11.201  DEBUG   [poll]    <- read  st2mot     ret=0  data=['0x00', '0x00']
13:05:11.202  DEBUG   [poll]    -> read  st0cur    
13:05:11.206  DEBUG   [poll]    <- read  st0cur     ret=0  data=['0xfe', '0x01', '0x01', '0x02']
13:05:12.207  DEBUG   [poll]    -> read  st2mot    
13:05:12.211  DEBUG   [poll]    <- read  st2mot     ret=0  data=['0x00', '0x00']
13:05:12.211  DEBUG   [poll]    -> read  st0cur    
13:05:12.215  DEBUG   [poll]    <- read  st0cur     ret=0  data=['0xfe', '0x01', '0x01', '0x02']
13:05:13.217  DEBUG   [poll]    -> read  st2mot    
13:05:13.220  DEBUG   [poll]    <- read  st2mot     ret=0  data=['0x00', '0x00']
13:05:13.221  DEBUG   [poll]    -> read  st0cur    
13:05:13.225  DEBUG   [poll]    <- read  st0cur     ret=0  data=['0xfe', '0x01', '0x01', '0x02']
13:05:14.227  DEBUG   [poll]    -> read  st2mot    
13:05:14.230  DEBUG   [poll]    <- read  st2mot     ret=0  data=['0x00', '0x00']
13:05:14.230  DEBUG   [poll]    -> read  st0cur    
13:05:14.235  DEBUG   [poll]    <- read  st0cur     ret=0  data=['0xfe', '0x01', '0x01', '0x02']
13:05:15.154  INFO    client connected
13:05:15.154  DEBUG   [client]  -> write cntl0mot   data=['0x00', '0xfd']
13:05:15.158  DEBUG   [client]  -> write cntl3mot   data=['0x00', '0x00']
13:05:15.161  DEBUG   [client]  -> write cntl3mot   data=['0x03', '0xe8']
13:05:15.165  DEBUG   [client]  -> read  st2mot    
13:05:15.168  DEBUG   [client]  <- read  st2mot     ret=0  data=['0x00', '0x00']
13:05:15.169  DEBUG   [client]  -> read  st0cur    
13:05:15.173  DEBUG   [client]  <- read  st0cur     ret=0  data=['0xfd', '0x01', '0x01', '0x02']
13:05:15.236  DEBUG   [poll]    -> read  st2mot    
13:05:15.239  DEBUG   [poll]    <- read  st2mot     ret=0  data=['0x00', '0x00']
13:05:15.239  DEBUG   [poll]    -> read  st0cur    
13:05:15.243  DEBUG   [poll]    <- read  st0cur     ret=0  data=['0xfd', '0x01', '0x01', '0x02']
13:05:15.365  DEBUG   [client]  -> read  st2mot    
13:05:15.368  DEBUG   [client]  <- read  st2mot     ret=0  data=['0x32', '0x00']
13:05:15.565  DEBUG   [client]  -> read  st2mot    
13:05:15.569  DEBUG   [client]  <- read  st2mot     ret=0  data=['0x84', '0x03']
13:05:15.766  DEBUG   [client]  -> read  st2mot    
13:05:15.769  DEBUG   [client]  <- read  st2mot     ret=0  data=['0xb6', '0x03']
13:05:15.966  DEBUG   [client]  -> read  st2mot    
13:05:15.969  DEBUG   [client]  <- read  st2mot     ret=0  data=['0x07', '0x03']
13:05:16.166  DEBUG   [client]  -> read  st2mot    
13:05:16.169  DEBUG   [client]  <- read  st2mot     ret=0  data=['0x9d', '0x03']
13:05:16.171  DEBUG   [client]  -> read  st0cur    
13:05:16.175  DEBUG   [client]  <- read  st0cur     ret=0  data=['0xf5', '0x01', '0xf7', '0x01']
13:05:16.245  DEBUG   [poll]    -> read  st2mot    
13:05:16.248  DEBUG   [poll]    <- read  st2mot     ret=0  data=['0xb6', '0x03']
13:05:16.248  DEBUG   [poll]    -> read  st0cur    
13:05:16.253  DEBUG   [poll]    <- read  st0cur     ret=0  data=['0xf5', '0x01', '0xf7', '0x01']
13:05:16.366  DEBUG   [client]  -> read  st2mot    
13:05:16.369  DEBUG   [client]  <- read  st2mot     ret=0  data=['0x9d', '0x03']
13:05:16.566  DEBUG   [client]  -> read  st2mot    
13:05:16.569  DEBUG   [client]  <- read  st2mot     ret=0  data=['0xb6', '0x03']
13:05:16.766  DEBUG   [client]  -> read  st2mot    
13:05:16.769  DEBUG   [client]  <- read  st2mot     ret=0  data=['0xcf', '0x03']
13:05:16.966  DEBUG   [client]  -> read  st2mot    
13:05:16.969  DEBUG   [client]  <- read  st2mot     ret=0  data=['0xcf', '0x03']
13:05:17.166  DEBUG   [client]  -> read  st2mot    
13:05:17.169  DEBUG   [client]  <- read  st2mot     ret=0  data=['0xe8', '0x03']
13:05:17.171  DEBUG   [client]  -> read  st0cur    
13:05:17.175  DEBUG   [client]  <- read  st0cur     ret=0  data=['0xf5', '0x01', '0xf4', '0x01']
13:05:17.254  DEBUG   [poll]    -> read  st2mot    
13:05:17.258  DEBUG   [poll]    <- read  st2mot     ret=0  data=['0xe8', '0x03']
13:05:17.258  DEBUG   [poll]    -> read  st0cur    
13:05:17.262  DEBUG   [poll]    <- read  st0cur     ret=0  data=['0xf5', '0x01', '0xf4', '0x01']
13:05:17.366  DEBUG   [client]  -> read  st2mot    
13:05:17.369  DEBUG   [client]  <- read  st2mot     ret=0  data=['0xcf', '0x03']
13:05:17.566  DEBUG   [client]  -> read  st2mot    
13:05:17.569  DEBUG   [client]  <- read  st2mot     ret=0  data=['0xe8', '0x03']
13:05:17.766  DEBUG   [client]  -> read  st2mot    
13:05:17.769  DEBUG   [client]  <- read  st2mot     ret=0  data=['0xcf', '0x03']
13:05:17.966  DEBUG   [client]  -> read  st2mot    
13:05:17.969  DEBUG   [client]  <- read  st2mot     ret=0  data=['0xe8', '0x03']
13:05:18.166  DEBUG   [client]  -> read  st2mot    
13:05:18.169  DEBUG   [client]  <- read  st2mot     ret=0  data=['0xe8', '0x03']
13:05:18.171  DEBUG   [client]  -> read  st0cur    
13:05:18.175  DEBUG   [client]  <- read  st0cur     ret=0  data=['0xf6', '0x01', '0xf6', '0x01']
13:05:18.264  DEBUG   [poll]    -> read  st2mot    
13:05:18.267  DEBUG   [poll]    <- read  st2mot     ret=0  data=['0xcf', '0x03']
13:05:18.267  DEBUG   [poll]    -> read  st0cur    
13:05:18.271  DEBUG   [poll]    <- read  st0cur     ret=0  data=['0xf6', '0x01', '0xf6', '0x01']
13:05:18.366  DEBUG   [client]  -> read  st2mot    
13:05:18.369  DEBUG   [client]  <- read  st2mot     ret=0  data=['0x01', '0x04']
13:05:18.566  DEBUG   [client]  -> read  st2mot    
13:05:18.569  DEBUG   [client]  <- read  st2mot     ret=0  data=['0xe8', '0x03']
13:05:18.766  DEBUG   [client]  -> read  st2mot    
13:05:18.769  DEBUG   [client]  <- read  st2mot     ret=0  data=['0x1a', '0x04']
13:05:18.966  DEBUG   [client]  -> read  st2mot    
13:05:18.969  DEBUG   [client]  <- read  st2mot     ret=0  data=['0xcf', '0x03']
13:05:19.166  DEBUG   [client]  -> read  st2mot    
13:05:19.169  DEBUG   [client]  <- read  st2mot     ret=0  data=['0xe8', '0x03']
13:05:19.171  DEBUG   [client]  -> read  st0cur    
13:05:19.176  DEBUG   [client]  <- read  st0cur     ret=0  data=['0xf4', '0x01', '0xf5', '0x01']
13:05:19.273  DEBUG   [poll]    -> read  st2mot    
13:05:19.276  DEBUG   [poll]    <- read  st2mot     ret=0  data=['0xcf', '0x03']
13:05:19.278  DEBUG   [poll]    -> read  st0cur    
13:05:19.282  DEBUG   [poll]    <- read  st0cur     ret=0  data=['0xf4', '0x01', '0xf5', '0x01']
13:05:19.366  DEBUG   [client]  -> read  st2mot    
13:05:19.369  DEBUG   [client]  <- read  st2mot     ret=0  data=['0xe8', '0x03']
13:05:19.566  DEBUG   [client]  -> read  st2mot    
13:05:19.569  DEBUG   [client]  <- read  st2mot     ret=0  data=['0xe8', '0x03']
13:05:19.766  DEBUG   [client]  -> read  st2mot    
13:05:19.769  DEBUG   [client]  <- read  st2mot     ret=0  data=['0x01', '0x04']
13:05:19.966  DEBUG   [client]  -> read  st2mot    
13:05:19.969  DEBUG   [client]  <- read  st2mot     ret=0  data=['0xe8', '0x03']
13:05:20.166  DEBUG   [client]  -> read  st2mot    
13:05:20.169  DEBUG   [client]  <- read  st2mot     ret=0  data=['0xe8', '0x03']
13:05:20.171  DEBUG   [client]  -> read  st0cur    
13:05:20.176  DEBUG   [client]  <- read  st0cur     ret=0  data=['0xf7', '0x01', '0xf6', '0x01']
13:05:20.283  DEBUG   [poll]    -> read  st2mot    
13:05:20.287  DEBUG   [poll]    <- read  st2mot     ret=0  data=['0x01', '0x04']
13:05:20.287  DEBUG   [poll]    -> read  st0cur    
13:05:20.291  DEBUG   [poll]    <- read  st0cur     ret=0  data=['0xf7', '0x01', '0xf6', '0x01']
13:05:20.366  DEBUG   [client]  -> read  st2mot    
13:05:20.369  DEBUG   [client]  <- read  st2mot     ret=0  data=['0xcf', '0x03']
13:05:20.566  DEBUG   [client]  -> read  st2mot    
13:05:20.569  DEBUG   [client]  <- read  st2mot     ret=0  data=['0x1a', '0x04']
13:05:20.766  DEBUG   [client]  -> read  st2mot    
13:05:20.769  DEBUG   [client]  <- read  st2mot     ret=0  data=['0xe8', '0x03']
13:05:20.966  DEBUG   [client]  -> read  st2mot    
13:05:20.969  DEBUG   [client]  <- read  st2mot     ret=0  data=['0x01', '0x04']
13:05:21.166  DEBUG   [client]  -> read  st2mot    
13:05:21.169  DEBUG   [client]  <- read  st2mot     ret=0  data=['0x01', '0x04']
13:05:21.171  DEBUG   [client]  -> read  st0cur    
13:05:21.176  DEBUG   [client]  <- read  st0cur     ret=0  data=['0xf5', '0x01', '0xf4', '0x01']
13:05:21.293  DEBUG   [poll]    -> read  st2mot    
13:05:21.296  DEBUG   [poll]    <- read  st2mot     ret=0  data=['0xcf', '0x03']
13:05:21.296  DEBUG   [poll]    -> read  st0cur    
13:05:21.301  DEBUG   [poll]    <- read  st0cur     ret=0  data=['0xf5', '0x01', '0xf4', '0x01']
13:05:21.366  DEBUG   [client]  -> read  st2mot    
13:05:21.369  DEBUG   [client]  <- read  st2mot     ret=0  data=['0xcf', '0x03']
13:05:21.566  DEBUG   [client]  -> read  st2mot    
13:05:21.569  DEBUG   [client]  <- read  st2mot     ret=0  data=['0x01', '0x04']
13:05:21.766  DEBUG   [client]  -> read  st2mot    
13:05:21.769  DEBUG   [client]  <- read  st2mot     ret=0  data=['0xcf', '0x03']
13:05:21.966  DEBUG   [client]  -> read  st2mot    
13:05:21.969  DEBUG   [client]  <- read  st2mot     ret=0  data=['0x01', '0x04']
13:05:21.971  DEBUG   [client]  -> write cntl3mot   data=['0x03', '0x20']
13:05:22.227  DEBUG   [client]  -> write cntl3mot   data=['0x02', '0x58']
13:05:22.302  DEBUG   [poll]    -> read  st2mot    
13:05:22.306  DEBUG   [poll]    <- read  st2mot     ret=0  data=['0xd5', '0x02']
13:05:22.306  DEBUG   [poll]    -> read  st0cur    
13:05:22.310  DEBUG   [poll]    <- read  st0cur     ret=0  data=['0xf7', '0x01', '0xf7', '0x01']
13:05:22.483  DEBUG   [client]  -> write cntl3mot   data=['0x01', '0x90']
13:05:22.739  DEBUG   [client]  -> write cntl3mot   data=['0x00', '0xc8']
13:05:22.994  DEBUG   [client]  -> write cntl3mot   data=['0x00', '0x00']
13:05:22.999  WARNING client disconnected — stopping motor
13:05:23.000  DEBUG   [client]  -> write cntl3mot   data=['0x00', '0x00']
13:05:23.004  INFO    client disconnected
13:05:23.312  DEBUG   [poll]    -> read  st2mot    
13:05:23.315  DEBUG   [poll]    <- read  st2mot     ret=0  data=['0x00', '0x00']
13:05:23.315  DEBUG   [poll]    -> read  st0cur    
13:05:23.319  DEBUG   [poll]    <- read  st0cur     ret=0  data=['0xf9', '0x01', '0xfc', '0x01']
13:05:23.319  WARNING *** OBSERVED STALL SIGNATURE (not acted on yet) — current=-0.34A while rpm=0 ***
13:05:24.321  DEBUG   [poll]    -> read  st2mot    
13:05:24.324  DEBUG   [poll]    <- read  st2mot     ret=0  data=['0x00', '0x00']
13:05:24.325  DEBUG   [poll]    -> read  st0cur    
13:05:24.330  DEBUG   [poll]    <- read  st0cur     ret=0  data=['0xfe', '0x01', '0x01', '0x02']
13:05:25.331  DEBUG   [poll]    -> read  st2mot    
13:05:25.335  DEBUG   [poll]    <- read  st2mot     ret=0  data=['0x00', '0x00']
13:05:25.335  DEBUG   [poll]    -> read  st0cur    
13:05:25.339  DEBUG   [poll]    <- read  st0cur     ret=0  data=['0xfe', '0x01', '0x01', '0x02']
13:05:26.341  DEBUG   [poll]    -> read  st2mot    
13:05:26.344  DEBUG   [poll]    <- read  st2mot     ret=0  data=['0x00', '0x00']
13:05:26.344  DEBUG   [poll]    -> read  st0cur    
13:05:26.349  DEBUG   [poll]    <- read  st0cur     ret=0  data=['0xfe', '0x01', '0x01', '0x02']
13:05:27.350  DEBUG   [poll]    -> read  st2mot    
13:05:27.354  DEBUG   [poll]    <- read  st2mot     ret=0  data=['0x00', '0x00']
13:05:27.354  DEBUG   [poll]    -> read  st0cur    
13:05:27.358  DEBUG   [poll]    <- read  st0cur     ret=0  data=['0xfe', '0x01', '0x01', '0x02']
13:05:28.360  DEBUG   [poll]    -> read  st2mot    
13:05:28.363  DEBUG   [poll]    <- read  st2mot     ret=0  data=['0x00', '0x00']
13:05:28.364  DEBUG   [poll]    -> read  st0cur    
13:05:28.368  DEBUG   [poll]    <- read  st0cur     ret=0  data=['0xfe', '0x01', '0x01', '0x02']
13:05:29.369  DEBUG   [poll]    -> read  st2mot    
13:05:29.377  DEBUG   [poll]    <- read  st2mot     ret=0  data=['0x00', '0x00']
13:05:29.377  DEBUG   [poll]    -> read  st0cur    
13:05:29.382  DEBUG   [poll]    <- read  st0cur     ret=0  data=['0xfe', '0x01', '0x01', '0x02']
13:05:30.165  INFO    client connected
13:05:30.166  DEBUG   [client]  -> write cntl0mot   data=['0x0a', '0xfd']
13:05:30.169  DEBUG   [client]  -> write cntl3mot   data=['0x00', '0x00']
13:05:30.173  DEBUG   [client]  -> write cntl3mot   data=['0x03', '0xe8']
13:05:30.177  DEBUG   [client]  -> read  st2mot    
13:05:30.180  DEBUG   [client]  <- read  st2mot     ret=0  data=['0x00', '0x00']
13:05:30.181  DEBUG   [client]  -> read  st0cur    
13:05:30.185  DEBUG   [client]  <- read  st0cur     ret=0  data=['0xfd', '0x01', '0x01', '0x02']
13:05:30.377  DEBUG   [client]  -> read  st2mot    
13:05:30.380  DEBUG   [client]  <- read  st2mot     ret=0  data=['0x26', '0x02']
13:05:30.383  DEBUG   [poll]    -> read  st2mot    
13:05:30.386  DEBUG   [poll]    <- read  st2mot     ret=0  data=['0x26', '0x02']
13:05:30.386  DEBUG   [poll]    -> read  st0cur    
13:05:30.390  DEBUG   [poll]    <- read  st0cur     ret=0  data=['0xfd', '0x01', '0x01', '0x02']
13:05:30.577  DEBUG   [client]  -> read  st2mot    
13:05:30.580  DEBUG   [client]  <- read  st2mot     ret=0  data=['0xee', '0x02']
13:05:30.777  DEBUG   [client]  -> read  st2mot    
13:05:30.780  DEBUG   [client]  <- read  st2mot     ret=0  data=['0x71', '0x02']
13:05:30.977  DEBUG   [client]  -> read  st2mot    
13:05:30.981  DEBUG   [client]  <- read  st2mot     ret=0  data=['0x6b', '0x03']
13:05:31.177  DEBUG   [client]  -> read  st2mot    
13:05:31.181  DEBUG   [client]  <- read  st2mot     ret=0  data=['0x20', '0x03']
13:05:31.182  DEBUG   [client]  -> read  st0cur    
13:05:31.187  DEBUG   [client]  <- read  st0cur     ret=0  data=['0xf7', '0x01', '0xf8', '0x01']
13:05:31.377  DEBUG   [client]  -> read  st2mot    
13:05:31.381  DEBUG   [client]  <- read  st2mot     ret=0  data=['0x84', '0x03']
13:05:31.392  DEBUG   [poll]    -> read  st2mot    
13:05:31.395  DEBUG   [poll]    <- read  st2mot     ret=0  data=['0x84', '0x03']
13:05:31.395  DEBUG   [poll]    -> read  st0cur    
13:05:31.400  DEBUG   [poll]    <- read  st0cur     ret=0  data=['0xf7', '0x01', '0xf8', '0x01']
13:05:31.577  DEBUG   [client]  -> read  st2mot    
13:05:31.581  DEBUG   [client]  <- read  st2mot     ret=0  data=['0x39', '0x03']
13:05:31.777  DEBUG   [client]  -> read  st2mot    
13:05:31.781  DEBUG   [client]  <- read  st2mot     ret=0  data=['0xcf', '0x03']
13:05:31.977  DEBUG   [client]  -> read  st2mot    
13:05:31.981  DEBUG   [client]  <- read  st2mot     ret=0  data=['0x84', '0x03']
13:05:32.177  DEBUG   [client]  -> read  st2mot    
13:05:32.181  DEBUG   [client]  <- read  st2mot     ret=0  data=['0xb6', '0x03']
13:05:32.182  DEBUG   [client]  -> read  st0cur    
13:05:32.187  DEBUG   [client]  <- read  st0cur     ret=0  data=['0xf6', '0x01', '0xf6', '0x01']
13:05:32.377  DEBUG   [client]  -> read  st2mot    
13:05:32.381  DEBUG   [client]  <- read  st2mot     ret=0  data=['0xb6', '0x03']
13:05:32.401  DEBUG   [poll]    -> read  st2mot    
13:05:32.405  DEBUG   [poll]    <- read  st2mot     ret=0  data=['0xb6', '0x03']
13:05:32.405  DEBUG   [poll]    -> read  st0cur    
13:05:32.409  DEBUG   [poll]    <- read  st0cur     ret=0  data=['0xf6', '0x01', '0xf6', '0x01']
13:05:32.577  DEBUG   [client]  -> read  st2mot    
13:05:32.581  DEBUG   [client]  <- read  st2mot     ret=0  data=['0xb6', '0x03']
13:05:32.777  DEBUG   [client]  -> read  st2mot    
13:05:32.781  DEBUG   [client]  <- read  st2mot     ret=0  data=['0xb6', '0x03']
13:05:32.977  DEBUG   [client]  -> read  st2mot    
13:05:32.981  DEBUG   [client]  <- read  st2mot     ret=0  data=['0xe8', '0x03']
13:05:33.177  DEBUG   [client]  -> read  st2mot    
13:05:33.181  DEBUG   [client]  <- read  st2mot     ret=0  data=['0xe8', '0x03']
13:05:33.182  DEBUG   [client]  -> read  st0cur    
13:05:33.187  DEBUG   [client]  <- read  st0cur     ret=0  data=['0xf5', '0x01', '0xf6', '0x01']
13:05:33.377  DEBUG   [client]  -> read  st2mot    
13:05:33.381  DEBUG   [client]  <- read  st2mot     ret=0  data=['0xcf', '0x03']
13:05:33.411  DEBUG   [poll]    -> read  st2mot    
13:05:33.415  DEBUG   [poll]    <- read  st2mot     ret=0  data=['0xcf', '0x03']
13:05:33.415  DEBUG   [poll]    -> read  st0cur    
13:05:33.419  DEBUG   [poll]    <- read  st0cur     ret=0  data=['0xf5', '0x01', '0xf6', '0x01']
13:05:33.577  DEBUG   [client]  -> read  st2mot    
13:05:33.581  DEBUG   [client]  <- read  st2mot     ret=0  data=['0xcf', '0x03']
13:05:33.777  DEBUG   [client]  -> read  st2mot    
13:05:33.781  DEBUG   [client]  <- read  st2mot     ret=0  data=['0xe8', '0x03']
13:05:33.977  DEBUG   [client]  -> read  st2mot    
13:05:33.981  DEBUG   [client]  <- read  st2mot     ret=0  data=['0xcf', '0x03']
13:05:34.177  DEBUG   [client]  -> read  st2mot    
13:05:34.181  DEBUG   [client]  <- read  st2mot     ret=0  data=['0x1a', '0x04']
13:05:34.182  DEBUG   [client]  -> read  st0cur    
13:05:34.187  DEBUG   [client]  <- read  st0cur     ret=0  data=['0xf5', '0x01', '0xf6', '0x01']
13:05:34.377  DEBUG   [client]  -> read  st2mot    
13:05:34.384  DEBUG   [client]  <- read  st2mot     ret=0  data=['0xcf', '0x03']
13:05:34.421  DEBUG   [poll]    -> read  st2mot    
13:05:34.424  DEBUG   [poll]    <- read  st2mot     ret=0  data=['0xcf', '0x03']
13:05:34.424  DEBUG   [poll]    -> read  st0cur    
13:05:34.429  DEBUG   [poll]    <- read  st0cur     ret=0  data=['0xf5', '0x01', '0xf6', '0x01']
13:05:34.577  DEBUG   [client]  -> read  st2mot    
13:05:34.581  DEBUG   [client]  <- read  st2mot     ret=0  data=['0xe8', '0x03']
13:05:34.777  DEBUG   [client]  -> read  st2mot    
13:05:34.781  DEBUG   [client]  <- read  st2mot     ret=0  data=['0xcf', '0x03']
13:05:34.977  DEBUG   [client]  -> read  st2mot    
13:05:34.981  DEBUG   [client]  <- read  st2mot     ret=0  data=['0x01', '0x04']
13:05:35.177  DEBUG   [client]  -> read  st2mot    
13:05:35.181  DEBUG   [client]  <- read  st2mot     ret=0  data=['0xe8', '0x03']
13:05:35.182  DEBUG   [client]  -> read  st0cur    
13:05:35.187  DEBUG   [client]  <- read  st0cur     ret=0  data=['0xf6', '0x01', '0xf4', '0x01']
13:05:35.377  DEBUG   [client]  -> read  st2mot    
13:05:35.381  DEBUG   [client]  <- read  st2mot     ret=0  data=['0x01', '0x04']
13:05:35.430  DEBUG   [poll]    -> read  st2mot    
13:05:35.434  DEBUG   [poll]    <- read  st2mot     ret=0  data=['0x01', '0x04']
13:05:35.434  DEBUG   [poll]    -> read  st0cur    
13:05:35.438  DEBUG   [poll]    <- read  st0cur     ret=0  data=['0xf6', '0x01', '0xf4', '0x01']
13:05:35.577  DEBUG   [client]  -> read  st2mot    
13:05:35.581  DEBUG   [client]  <- read  st2mot     ret=0  data=['0xe8', '0x03']
13:05:35.777  DEBUG   [client]  -> read  st2mot    
13:05:35.781  DEBUG   [client]  <- read  st2mot     ret=0  data=['0xcf', '0x03']
13:05:35.977  DEBUG   [client]  -> read  st2mot    
13:05:35.981  DEBUG   [client]  <- read  st2mot     ret=0  data=['0xe8', '0x03']
13:05:36.177  DEBUG   [client]  -> read  st2mot    
13:05:36.181  DEBUG   [client]  <- read  st2mot     ret=0  data=['0x01', '0x04']
13:05:36.182  DEBUG   [client]  -> read  st0cur    
13:05:36.187  DEBUG   [client]  <- read  st0cur     ret=0  data=['0xf4', '0x01', '0xf6', '0x01']
13:05:36.377  DEBUG   [client]  -> read  st2mot    
13:05:36.381  DEBUG   [client]  <- read  st2mot     ret=0  data=['0xcf', '0x03']
13:05:36.440  DEBUG   [poll]    -> read  st2mot    
13:05:36.443  DEBUG   [poll]    <- read  st2mot     ret=0  data=['0xe8', '0x03']
13:05:36.444  DEBUG   [poll]    -> read  st0cur    
13:05:36.448  DEBUG   [poll]    <- read  st0cur     ret=0  data=['0xf4', '0x01', '0xf6', '0x01']
13:05:36.577  DEBUG   [client]  -> read  st2mot    
13:05:36.581  DEBUG   [client]  <- read  st2mot     ret=0  data=['0xe8', '0x03']
13:05:36.777  DEBUG   [client]  -> read  st2mot    
13:05:36.781  DEBUG   [client]  <- read  st2mot     ret=0  data=['0xcf', '0x03']
13:05:36.977  DEBUG   [client]  -> read  st2mot    
13:05:36.981  DEBUG   [client]  <- read  st2mot     ret=0  data=['0xe8', '0x03']
13:05:36.982  DEBUG   [client]  -> write cntl3mot   data=['0x03', '0x20']
13:05:37.238  DEBUG   [client]  -> write cntl3mot   data=['0x02', '0x58']
13:05:37.449  DEBUG   [poll]    -> read  st2mot    
13:05:37.453  DEBUG   [poll]    <- read  st2mot     ret=0  data=['0x58', '0x02']
13:05:37.453  DEBUG   [poll]    -> read  st0cur    
13:05:37.457  DEBUG   [poll]    <- read  st0cur     ret=0  data=['0xf6', '0x01', '0xf6', '0x01']
13:05:37.493  DEBUG   [client]  -> write cntl3mot   data=['0x01', '0x90']
13:05:37.749  DEBUG   [client]  -> write cntl3mot   data=['0x00', '0xc8']
13:05:38.004  DEBUG   [client]  -> write cntl3mot   data=['0x00', '0x00']
13:05:38.008  WARNING client disconnected — stopping motor
13:05:38.009  DEBUG   [client]  -> write cntl3mot   data=['0x00', '0x00']
13:05:38.014  INFO    client disconnected
13:05:38.459  DEBUG   [poll]    -> read  st2mot    
13:05:38.462  DEBUG   [poll]    <- read  st2mot     ret=0  data=['0x00', '0x00']
13:05:38.462  DEBUG   [poll]    -> read  st0cur    
13:05:38.466  DEBUG   [poll]    <- read  st0cur     ret=0  data=['0xf9', '0x01', '0xfb', '0x01']
13:05:38.466  WARNING *** OBSERVED STALL SIGNATURE (not acted on yet) — current=-0.34A while rpm=0 ***
13:05:39.468  DEBUG   [poll]    -> read  st2mot    
13:05:39.471  DEBUG   [poll]    <- read  st2mot     ret=0  data=['0x00', '0x00']
13:05:39.472  DEBUG   [poll]    -> read  st0cur    
13:05:39.477  DEBUG   [poll]    <- read  st0cur     ret=0  data=['0xfe', '0x01', '0x01', '0x02']
13:05:40.478  DEBUG   [poll]    -> read  st2mot    
13:05:40.482  DEBUG   [poll]    <- read  st2mot     ret=0  data=['0x00', '0x00']
13:05:40.482  DEBUG   [poll]    -> read  st0cur    
13:05:40.486  DEBUG   [poll]    <- read  st0cur     ret=0  data=['0xfe', '0x01', '0x01', '0x02']
13:05:41.488  DEBUG   [poll]    -> read  st2mot    
13:05:41.491  DEBUG   [poll]    <- read  st2mot     ret=0  data=['0x00', '0x00']
13:05:41.491  DEBUG   [poll]    -> read  st0cur    
13:05:41.496  DEBUG   [poll]    <- read  st0cur     ret=0  data=['0xfe', '0x01', '0x01', '0x02']
13:05:42.497  DEBUG   [poll]    -> read  st2mot    
13:05:42.500  DEBUG   [poll]    <- read  st2mot     ret=0  data=['0x00', '0x00']
13:05:42.501  DEBUG   [poll]    -> read  st0cur    
13:05:42.505  DEBUG   [poll]    <- read  st0cur     ret=0  data=['0xfe', '0x01', '0x01', '0x02']
13:05:43.507  DEBUG   [poll]    -> read  st2mot    
13:05:43.510  DEBUG   [poll]    <- read  st2mot     ret=0  data=['0x00', '0x00']
13:05:43.510  DEBUG   [poll]    -> read  st0cur    
13:05:43.515  DEBUG   [poll]    <- read  st0cur     ret=0  data=['0xfe', '0x01', '0x01', '0x02']
13:05:44.516  DEBUG   [poll]    -> read  st2mot    
13:05:44.523  DEBUG   [poll]    <- read  st2mot     ret=0  data=['0x00', '0x00']
13:05:44.523  DEBUG   [poll]    -> read  st0cur    
13:05:44.528  DEBUG   [poll]    <- read  st0cur     ret=0  data=['0xfe', '0x01', '0x01', '0x02']
13:05:45.170  INFO    client connected
13:05:45.171  DEBUG   [client]  -> write cntl0mot   data=['0xf6', '0x00']
13:05:45.175  DEBUG   [client]  -> write cntl3mot   data=['0x00', '0x00']
13:05:45.178  DEBUG   [client]  -> write cntl3mot   data=['0x03', '0xe8']
13:05:45.182  DEBUG   [client]  -> read  st2mot    
13:05:45.185  DEBUG   [client]  <- read  st2mot     ret=0  data=['0x00', '0x00']
13:05:45.190  DEBUG   [client]  -> read  st0cur    
13:05:45.194  DEBUG   [client]  <- read  st0cur     ret=0  data=['0xfe', '0x01', '0x01', '0x02']
13:05:45.382  DEBUG   [client]  -> read  st2mot    
13:05:45.385  DEBUG   [client]  <- read  st2mot     ret=0  data=['0x00', '0x00']
13:05:45.529  DEBUG   [poll]    -> read  st2mot    
13:05:45.532  DEBUG   [poll]    <- read  st2mot     ret=0  data=['0x00', '0x00']
13:05:45.532  DEBUG   [poll]    -> read  st0cur    
13:05:45.536  DEBUG   [poll]    <- read  st0cur     ret=0  data=['0xfe', '0x01', '0x01', '0x02']
13:05:45.582  DEBUG   [client]  -> read  st2mot    
13:05:45.585  DEBUG   [client]  <- read  st2mot     ret=0  data=['0x00', '0x00']
13:05:45.782  DEBUG   [client]  -> read  st2mot    
13:05:45.785  DEBUG   [client]  <- read  st2mot     ret=0  data=['0xa9', '0x01']
13:05:45.982  DEBUG   [client]  -> read  st2mot    
13:05:45.986  DEBUG   [client]  <- read  st2mot     ret=0  data=['0x46', '0x05']
13:05:46.182  DEBUG   [client]  -> read  st2mot    
13:05:46.186  DEBUG   [client]  <- read  st2mot     ret=0  data=['0x5f', '0x05']
13:05:46.187  DEBUG   [client]  -> read  st0cur    
13:05:46.192  DEBUG   [client]  <- read  st0cur     ret=0  data=['0xf5', '0x01', '0xf7', '0x01']
13:05:46.382  DEBUG   [client]  -> read  st2mot    
13:05:46.386  DEBUG   [client]  <- read  st2mot     ret=0  data=['0x97', '0x04']
13:05:46.538  DEBUG   [poll]    -> read  st2mot    
13:05:46.541  DEBUG   [poll]    <- read  st2mot     ret=0  data=['0x1a', '0x04']
13:05:46.541  DEBUG   [poll]    -> read  st0cur    
13:05:46.546  DEBUG   [poll]    <- read  st0cur     ret=0  data=['0xf5', '0x01', '0xf7', '0x01']
13:05:46.582  DEBUG   [client]  -> read  st2mot    
13:05:46.586  DEBUG   [client]  <- read  st2mot     ret=0  data=['0xe8', '0x03']
13:05:46.782  DEBUG   [client]  -> read  st2mot    
13:05:46.786  DEBUG   [client]  <- read  st2mot     ret=0  data=['0x9d', '0x03']
13:05:46.982  DEBUG   [client]  -> read  st2mot    
13:05:46.986  DEBUG   [client]  <- read  st2mot     ret=0  data=['0xcf', '0x03']
13:05:47.182  DEBUG   [client]  -> read  st2mot    
13:05:47.186  DEBUG   [client]  <- read  st2mot     ret=0  data=['0xe8', '0x03']
13:05:47.187  DEBUG   [client]  -> read  st0cur    
13:05:47.192  DEBUG   [client]  <- read  st0cur     ret=0  data=['0xf6', '0x01', '0xf5', '0x01']
13:05:47.382  DEBUG   [client]  -> read  st2mot    
13:05:47.386  DEBUG   [client]  <- read  st2mot     ret=0  data=['0xe8', '0x03']
13:05:47.547  DEBUG   [poll]    -> read  st2mot    
13:05:47.551  DEBUG   [poll]    <- read  st2mot     ret=0  data=['0xe8', '0x03']
13:05:47.551  DEBUG   [poll]    -> read  st0cur    
13:05:47.555  DEBUG   [poll]    <- read  st0cur     ret=0  data=['0xf6', '0x01', '0xf5', '0x01']
13:05:47.582  DEBUG   [client]  -> read  st2mot    
13:05:47.586  DEBUG   [client]  <- read  st2mot     ret=0  data=['0x01', '0x04']
13:05:47.782  DEBUG   [client]  -> read  st2mot    
13:05:47.786  DEBUG   [client]  <- read  st2mot     ret=0  data=['0xe8', '0x03']
13:05:47.982  DEBUG   [client]  -> read  st2mot    
13:05:47.986  DEBUG   [client]  <- read  st2mot     ret=0  data=['0xe8', '0x03']
13:05:48.182  DEBUG   [client]  -> read  st2mot    
13:05:48.186  DEBUG   [client]  <- read  st2mot     ret=0  data=['0xe8', '0x03']
13:05:48.187  DEBUG   [client]  -> read  st0cur    
13:05:48.192  DEBUG   [client]  <- read  st0cur     ret=0  data=['0xf5', '0x01', '0xf5', '0x01']
13:05:48.382  DEBUG   [client]  -> read  st2mot    
13:05:48.386  DEBUG   [client]  <- read  st2mot     ret=0  data=['0xe8', '0x03']
13:05:48.557  DEBUG   [poll]    -> read  st2mot    
13:05:48.560  DEBUG   [poll]    <- read  st2mot     ret=0  data=['0xe8', '0x03']
13:05:48.561  DEBUG   [poll]    -> read  st0cur    
13:05:48.565  DEBUG   [poll]    <- read  st0cur     ret=0  data=['0xf5', '0x01', '0xf5', '0x01']
13:05:48.582  DEBUG   [client]  -> read  st2mot    
13:05:48.586  DEBUG   [client]  <- read  st2mot     ret=0  data=['0xcf', '0x03']
13:05:48.782  DEBUG   [client]  -> read  st2mot    
13:05:48.786  DEBUG   [client]  <- read  st2mot     ret=0  data=['0x01', '0x04']
13:05:48.982  DEBUG   [client]  -> read  st2mot    
13:05:48.986  DEBUG   [client]  <- read  st2mot     ret=0  data=['0xe8', '0x03']
13:05:49.182  DEBUG   [client]  -> read  st2mot    
13:05:49.186  DEBUG   [client]  <- read  st2mot     ret=0  data=['0xe8', '0x03']
13:05:49.187  DEBUG   [client]  -> read  st0cur    
13:05:49.192  DEBUG   [client]  <- read  st0cur     ret=0  data=['0xf5', '0x01', '0xf7', '0x01']
13:05:49.382  DEBUG   [client]  -> read  st2mot    
13:05:49.386  DEBUG   [client]  <- read  st2mot     ret=0  data=['0xe8', '0x03']
13:05:49.567  DEBUG   [poll]    -> read  st2mot    
13:05:49.575  DEBUG   [poll]    <- read  st2mot     ret=0  data=['0xe8', '0x03']
13:05:49.576  DEBUG   [poll]    -> read  st0cur    
13:05:49.580  DEBUG   [poll]    <- read  st0cur     ret=0  data=['0xf5', '0x01', '0xf7', '0x01']
13:05:49.582  DEBUG   [client]  -> read  st2mot    
13:05:49.586  DEBUG   [client]  <- read  st2mot     ret=0  data=['0xe8', '0x03']
13:05:49.782  DEBUG   [client]  -> read  st2mot    
13:05:49.786  DEBUG   [client]  <- read  st2mot     ret=0  data=['0xe8', '0x03']
13:05:49.982  DEBUG   [client]  -> read  st2mot    
13:05:49.986  DEBUG   [client]  <- read  st2mot     ret=0  data=['0xe8', '0x03']
13:05:50.182  DEBUG   [client]  -> read  st2mot    
13:05:50.186  DEBUG   [client]  <- read  st2mot     ret=0  data=['0x01', '0x04']
13:05:50.187  DEBUG   [client]  -> read  st0cur    
13:05:50.192  DEBUG   [client]  <- read  st0cur     ret=0  data=['0xf5', '0x01', '0xf6', '0x01']
13:05:50.382  DEBUG   [client]  -> read  st2mot    
13:05:50.386  DEBUG   [client]  <- read  st2mot     ret=0  data=['0xcf', '0x03']
13:05:50.581  DEBUG   [poll]    -> read  st2mot    
13:05:50.585  DEBUG   [poll]    <- read  st2mot     ret=0  data=['0xe8', '0x03']
13:05:50.585  DEBUG   [poll]    -> read  st0cur    
13:05:50.590  DEBUG   [poll]    <- read  st0cur     ret=0  data=['0xf5', '0x01', '0xf6', '0x01']
13:05:50.590  DEBUG   [client]  -> read  st2mot    
13:05:50.593  DEBUG   [client]  <- read  st2mot     ret=0  data=['0xe8', '0x03']
13:05:50.782  DEBUG   [client]  -> read  st2mot    
13:05:50.786  DEBUG   [client]  <- read  st2mot     ret=0  data=['0xe8', '0x03']
13:05:50.982  DEBUG   [client]  -> read  st2mot    
13:05:50.986  DEBUG   [client]  <- read  st2mot     ret=0  data=['0xe8', '0x03']
13:05:51.182  DEBUG   [client]  -> read  st2mot    
13:05:51.186  DEBUG   [client]  <- read  st2mot     ret=0  data=['0xe8', '0x03']
13:05:51.187  DEBUG   [client]  -> read  st0cur    
13:05:51.192  DEBUG   [client]  <- read  st0cur     ret=0  data=['0xf5', '0x01', '0xf6', '0x01']
13:05:51.382  DEBUG   [client]  -> read  st2mot    
13:05:51.386  DEBUG   [client]  <- read  st2mot     ret=0  data=['0xe8', '0x03']
13:05:51.582  DEBUG   [client]  -> read  st2mot    
13:05:51.586  DEBUG   [client]  <- read  st2mot     ret=0  data=['0x01', '0x04']
13:05:51.591  DEBUG   [poll]    -> read  st2mot    
13:05:51.594  DEBUG   [poll]    <- read  st2mot     ret=0  data=['0x01', '0x04']
13:05:51.595  DEBUG   [poll]    -> read  st0cur    
13:05:51.599  DEBUG   [poll]    <- read  st0cur     ret=0  data=['0xf5', '0x01', '0xf6', '0x01']
13:05:51.782  DEBUG   [client]  -> read  st2mot    
13:05:51.786  DEBUG   [client]  <- read  st2mot     ret=0  data=['0xe8', '0x03']
13:05:51.982  DEBUG   [client]  -> read  st2mot    
13:05:51.986  DEBUG   [client]  <- read  st2mot     ret=0  data=['0xe8', '0x03']
13:05:51.988  DEBUG   [client]  -> write cntl3mot   data=['0x03', '0x20']
13:05:52.243  DEBUG   [client]  -> write cntl3mot   data=['0x02', '0x58']
13:05:52.499  DEBUG   [client]  -> write cntl3mot   data=['0x01', '0x90']
13:05:52.601  DEBUG   [poll]    -> read  st2mot    
13:05:52.604  DEBUG   [poll]    <- read  st2mot     ret=0  data=['0x3f', '0x02']
13:05:52.605  DEBUG   [poll]    -> read  st0cur    
13:05:52.609  DEBUG   [poll]    <- read  st0cur     ret=0  data=['0xf5', '0x01', '0xf6', '0x01']
13:05:52.754  DEBUG   [client]  -> write cntl3mot   data=['0x00', '0xc8']
13:05:53.010  DEBUG   [client]  -> write cntl3mot   data=['0x00', '0x00']
13:05:53.015  WARNING client disconnected — stopping motor
13:05:53.016  DEBUG   [client]  -> write cntl3mot   data=['0x00', '0x00']
13:05:53.021  INFO    client disconnected
13:05:53.610  DEBUG   [poll]    -> read  st2mot    
13:05:53.613  DEBUG   [poll]    <- read  st2mot     ret=0  data=['0x00', '0x00']
13:05:53.614  DEBUG   [poll]    -> read  st0cur    
13:05:53.618  DEBUG   [poll]    <- read  st0cur     ret=0  data=['0xfa', '0x01', '0xfc', '0x01']
13:05:53.618  WARNING *** OBSERVED STALL SIGNATURE (not acted on yet) — current=-0.29A while rpm=0 ***
13:05:54.619  DEBUG   [poll]    -> read  st2mot    
13:05:54.627  DEBUG   [poll]    <- read  st2mot     ret=0  data=['0x00', '0x00']
13:05:54.627  DEBUG   [poll]    -> read  st0cur    
13:05:54.631  DEBUG   [poll]    <- read  st0cur     ret=0  data=['0xfe', '0x01', '0x01', '0x02']
13:05:55.633  DEBUG   [poll]    -> read  st2mot    
13:05:55.636  DEBUG   [poll]    <- read  st2mot     ret=0  data=['0x00', '0x00']
13:05:55.637  DEBUG   [poll]    -> read  st0cur    
13:05:55.641  DEBUG   [poll]    <- read  st0cur     ret=0  data=['0xfe', '0x01', '0x01', '0x02']
13:05:56.642  DEBUG   [poll]    -> read  st2mot    
13:05:56.646  DEBUG   [poll]    <- read  st2mot     ret=0  data=['0x00', '0x00']
13:05:56.646  DEBUG   [poll]    -> read  st0cur    
13:05:56.650  DEBUG   [poll]    <- read  st0cur     ret=0  data=['0xfe', '0x01', '0x01', '0x02']
13:05:57.652  DEBUG   [poll]    -> read  st2mot    
13:05:57.655  DEBUG   [poll]    <- read  st2mot     ret=0  data=['0x00', '0x00']
13:05:57.656  DEBUG   [poll]    -> read  st0cur    
13:05:57.660  DEBUG   [poll]    <- read  st0cur     ret=0  data=['0xfe', '0x01', '0x01', '0x02']
13:05:58.661  DEBUG   [poll]    -> read  st2mot    
13:05:58.665  DEBUG   [poll]    <- read  st2mot     ret=0  data=['0x00', '0x00']
13:05:58.665  DEBUG   [poll]    -> read  st0cur    
13:05:58.669  DEBUG   [poll]    <- read  st0cur     ret=0  data=['0xfe', '0x01', '0x01', '0x02']
13:05:59.671  DEBUG   [poll]    -> read  st2mot    
13:05:59.678  DEBUG   [poll]    <- read  st2mot     ret=0  data=['0x00', '0x00']
13:05:59.679  DEBUG   [poll]    -> read  st0cur    
13:05:59.683  DEBUG   [poll]    <- read  st0cur     ret=0  data=['0xfe', '0x01', '0x01', '0x02']
13:06:00.229  INFO    client connected
13:06:00.230  DEBUG   [client]  -> write cntl0mot   data=['0x00', '0x00']
13:06:00.233  DEBUG   [client]  -> write cntl3mot   data=['0x00', '0x00']
13:06:00.237  DEBUG   [client]  -> write cntl3mot   data=['0x03', '0xe8']
13:06:00.240  DEBUG   [client]  -> read  st2mot    
13:06:00.244  DEBUG   [client]  <- read  st2mot     ret=0  data=['0x00', '0x00']
13:06:00.245  DEBUG   [client]  -> read  st0cur    
13:06:00.249  DEBUG   [client]  <- read  st0cur     ret=0  data=['0xfe', '0x01', '0x01', '0x02']
13:06:00.441  DEBUG   [client]  -> read  st2mot    
13:06:00.444  DEBUG   [client]  <- read  st2mot     ret=0  data=['0x00', '0x00']
13:06:00.641  DEBUG   [client]  -> read  st2mot    
13:06:00.644  DEBUG   [client]  <- read  st2mot     ret=0  data=['0x71', '0x02']
13:06:00.685  DEBUG   [poll]    -> read  st2mot    
13:06:00.688  DEBUG   [poll]    <- read  st2mot     ret=0  data=['0xcf', '0x03']
13:06:00.688  DEBUG   [poll]    -> read  st0cur    
13:06:00.692  DEBUG   [poll]    <- read  st0cur     ret=0  data=['0xfe', '0x01', '0x01', '0x02']
13:06:00.841  DEBUG   [client]  -> read  st2mot    
13:06:00.844  DEBUG   [client]  <- read  st2mot     ret=0  data=['0xb6', '0x03']
13:06:01.041  DEBUG   [client]  -> read  st2mot    
13:06:01.045  DEBUG   [client]  <- read  st2mot     ret=0  data=['0x20', '0x03']
13:06:01.241  DEBUG   [client]  -> read  st2mot    
13:06:01.245  DEBUG   [client]  <- read  st2mot     ret=0  data=['0x9d', '0x03']
13:06:01.246  DEBUG   [client]  -> read  st0cur    
13:06:01.251  DEBUG   [client]  <- read  st0cur     ret=0  data=['0xf5', '0x01', '0xf8', '0x01']
13:06:01.441  DEBUG   [client]  -> read  st2mot    
13:06:01.445  DEBUG   [client]  <- read  st2mot     ret=0  data=['0xb6', '0x03']
13:06:01.641  DEBUG   [client]  -> read  st2mot    
13:06:01.645  DEBUG   [client]  <- read  st2mot     ret=0  data=['0x9d', '0x03']
13:06:01.693  DEBUG   [poll]    -> read  st2mot    
13:06:01.696  DEBUG   [poll]    <- read  st2mot     ret=0  data=['0xb6', '0x03']
13:06:01.697  DEBUG   [poll]    -> read  st0cur    
13:06:01.701  DEBUG   [poll]    <- read  st0cur     ret=0  data=['0xf5', '0x01', '0xf8', '0x01']
13:06:01.841  DEBUG   [client]  -> read  st2mot    
13:06:01.845  DEBUG   [client]  <- read  st2mot     ret=0  data=['0xb6', '0x03']
13:06:02.041  DEBUG   [client]  -> read  st2mot    
13:06:02.045  DEBUG   [client]  <- read  st2mot     ret=0  data=['0xcf', '0x03']
13:06:02.241  DEBUG   [client]  -> read  st2mot    
13:06:02.245  DEBUG   [client]  <- read  st2mot     ret=0  data=['0xb6', '0x03']
13:06:02.246  DEBUG   [client]  -> read  st0cur    
13:06:02.251  DEBUG   [client]  <- read  st0cur     ret=0  data=['0xf4', '0x01', '0xf5', '0x01']
13:06:02.441  DEBUG   [client]  -> read  st2mot    
13:06:02.445  DEBUG   [client]  <- read  st2mot     ret=0  data=['0xe8', '0x03']
13:06:02.641  DEBUG   [client]  -> read  st2mot    
13:06:02.645  DEBUG   [client]  <- read  st2mot     ret=0  data=['0xcf', '0x03']
13:06:02.703  DEBUG   [poll]    -> read  st2mot    
13:06:02.706  DEBUG   [poll]    <- read  st2mot     ret=0  data=['0xe8', '0x03']
13:06:02.706  DEBUG   [poll]    -> read  st0cur    
13:06:02.711  DEBUG   [poll]    <- read  st0cur     ret=0  data=['0xf4', '0x01', '0xf5', '0x01']
13:06:02.841  DEBUG   [client]  -> read  st2mot    
13:06:02.845  DEBUG   [client]  <- read  st2mot     ret=0  data=['0xe8', '0x03']
13:06:03.041  DEBUG   [client]  -> read  st2mot    
13:06:03.045  DEBUG   [client]  <- read  st2mot     ret=0  data=['0x01', '0x04']
13:06:03.241  DEBUG   [client]  -> read  st2mot    
13:06:03.245  DEBUG   [client]  <- read  st2mot     ret=0  data=['0xe8', '0x03']
13:06:03.247  DEBUG   [client]  -> read  st0cur    
13:06:03.251  DEBUG   [client]  <- read  st0cur     ret=0  data=['0xf4', '0x01', '0xf3', '0x01']
13:06:03.441  DEBUG   [client]  -> read  st2mot    
13:06:03.445  DEBUG   [client]  <- read  st2mot     ret=0  data=['0x1a', '0x04']
13:06:03.641  DEBUG   [client]  -> read  st2mot    
13:06:03.645  DEBUG   [client]  <- read  st2mot     ret=0  data=['0xe8', '0x03']
13:06:03.712  DEBUG   [poll]    -> read  st2mot    
13:06:03.716  DEBUG   [poll]    <- read  st2mot     ret=0  data=['0xe8', '0x03']
13:06:03.716  DEBUG   [poll]    -> read  st0cur    
13:06:03.720  DEBUG   [poll]    <- read  st0cur     ret=0  data=['0xf4', '0x01', '0xf3', '0x01']
13:06:03.841  DEBUG   [client]  -> read  st2mot    
13:06:03.845  DEBUG   [client]  <- read  st2mot     ret=0  data=['0x1a', '0x04']
13:06:04.041  DEBUG   [client]  -> read  st2mot    
13:06:04.045  DEBUG   [client]  <- read  st2mot     ret=0  data=['0xe8', '0x03']
13:06:04.241  DEBUG   [client]  -> read  st2mot    
13:06:04.245  DEBUG   [client]  <- read  st2mot     ret=0  data=['0x01', '0x04']
13:06:04.246  DEBUG   [client]  -> read  st0cur    
13:06:04.251  DEBUG   [client]  <- read  st0cur     ret=0  data=['0xf4', '0x01', '0xf5', '0x01']
13:06:04.441  DEBUG   [client]  -> read  st2mot    
13:06:04.445  DEBUG   [client]  <- read  st2mot     ret=0  data=['0xe8', '0x03']
13:06:04.641  DEBUG   [client]  -> read  st2mot    
13:06:04.645  DEBUG   [client]  <- read  st2mot     ret=0  data=['0xe8', '0x03']
13:06:04.722  DEBUG   [poll]    -> read  st2mot    
13:06:04.730  DEBUG   [poll]    <- read  st2mot     ret=0  data=['0xe8', '0x03']
13:06:04.730  DEBUG   [poll]    -> read  st0cur    
13:06:04.734  DEBUG   [poll]    <- read  st0cur     ret=0  data=['0xf4', '0x01', '0xf5', '0x01']
13:06:04.841  DEBUG   [client]  -> read  st2mot    
13:06:04.845  DEBUG   [client]  <- read  st2mot     ret=0  data=['0xe8', '0x03']
13:06:05.041  DEBUG   [client]  -> read  st2mot    
13:06:05.045  DEBUG   [client]  <- read  st2mot     ret=0  data=['0x01', '0x04']
13:06:05.241  DEBUG   [client]  -> read  st2mot    
13:06:05.245  DEBUG   [client]  <- read  st2mot     ret=0  data=['0x01', '0x04']
13:06:05.246  DEBUG   [client]  -> read  st0cur    
13:06:05.251  DEBUG   [client]  <- read  st0cur     ret=0  data=['0xf6', '0x01', '0xf4', '0x01']
13:06:05.441  DEBUG   [client]  -> read  st2mot    
13:06:05.445  DEBUG   [client]  <- read  st2mot     ret=0  data=['0xe8', '0x03']
13:06:05.641  DEBUG   [client]  -> read  st2mot    
13:06:05.645  DEBUG   [client]  <- read  st2mot     ret=0  data=['0x01', '0x04']
13:06:05.736  DEBUG   [poll]    -> read  st2mot    
13:06:05.739  DEBUG   [poll]    <- read  st2mot     ret=0  data=['0xe8', '0x03']
13:06:05.740  DEBUG   [poll]    -> read  st0cur    
13:06:05.744  DEBUG   [poll]    <- read  st0cur     ret=0  data=['0xf6', '0x01', '0xf4', '0x01']
13:06:05.841  DEBUG   [client]  -> read  st2mot    
13:06:05.845  DEBUG   [client]  <- read  st2mot     ret=0  data=['0xb6', '0x03']
13:06:06.041  DEBUG   [client]  -> read  st2mot    
13:06:06.045  DEBUG   [client]  <- read  st2mot     ret=0  data=['0x01', '0x04']
13:06:06.241  DEBUG   [client]  -> read  st2mot    
13:06:06.245  DEBUG   [client]  <- read  st2mot     ret=0  data=['0xcf', '0x03']
13:06:06.247  DEBUG   [client]  -> read  st0cur    
13:06:06.251  DEBUG   [client]  <- read  st0cur     ret=0  data=['0xf5', '0x01', '0xf7', '0x01']
13:06:06.441  DEBUG   [client]  -> read  st2mot    
13:06:06.445  DEBUG   [client]  <- read  st2mot     ret=0  data=['0xe8', '0x03']
13:06:06.641  DEBUG   [client]  -> read  st2mot    
13:06:06.645  DEBUG   [client]  <- read  st2mot     ret=0  data=['0xe8', '0x03']
13:06:06.746  DEBUG   [poll]    -> read  st2mot    
13:06:06.749  DEBUG   [poll]    <- read  st2mot     ret=0  data=['0xcf', '0x03']
13:06:06.749  DEBUG   [poll]    -> read  st0cur    
13:06:06.754  DEBUG   [poll]    <- read  st0cur     ret=0  data=['0xf5', '0x01', '0xf7', '0x01']
13:06:06.841  DEBUG   [client]  -> read  st2mot    
13:06:06.845  DEBUG   [client]  <- read  st2mot     ret=0  data=['0xe8', '0x03']
13:06:07.041  DEBUG   [client]  -> read  st2mot    
13:06:07.045  DEBUG   [client]  <- read  st2mot     ret=0  data=['0xcf', '0x03']
13:06:07.047  DEBUG   [client]  -> write cntl3mot   data=['0x03', '0x20']
13:06:07.302  DEBUG   [client]  -> write cntl3mot   data=['0x02', '0x58']
13:06:07.558  DEBUG   [client]  -> write cntl3mot   data=['0x01', '0x90']
13:06:07.755  DEBUG   [poll]    -> read  st2mot    
13:06:07.759  DEBUG   [poll]    <- read  st2mot     ret=0  data=['0xdb', '0x01']
13:06:07.759  DEBUG   [poll]    -> read  st0cur    
13:06:07.763  DEBUG   [poll]    <- read  st0cur     ret=0  data=['0xf7', '0x01', '0xf6', '0x01']
13:06:07.813  DEBUG   [client]  -> write cntl3mot   data=['0x00', '0xc8']
13:06:08.069  DEBUG   [client]  -> write cntl3mot   data=['0x00', '0x00']
13:06:08.074  WARNING client disconnected — stopping motor
13:06:08.075  DEBUG   [client]  -> write cntl3mot   data=['0x00', '0x00']
13:06:08.079  INFO    client disconnected
13:06:08.765  DEBUG   [poll]    -> read  st2mot    
13:06:08.768  DEBUG   [poll]    <- read  st2mot     ret=0  data=['0x00', '0x00']
13:06:08.769  DEBUG   [poll]    -> read  st0cur    
13:06:08.773  DEBUG   [poll]    <- read  st0cur     ret=0  data=['0xf9', '0x01', '0xfa', '0x01']
13:06:08.773  WARNING *** OBSERVED STALL SIGNATURE (not acted on yet) — current=-0.34A while rpm=0 ***
13:06:09.775  DEBUG   [poll]    -> read  st2mot    
13:06:09.783  DEBUG   [poll]    <- read  st2mot     ret=0  data=['0x00', '0x00']
13:06:09.783  DEBUG   [poll]    -> read  st0cur    
13:06:09.787  DEBUG   [poll]    <- read  st0cur     ret=0  data=['0xfe', '0x01', '0x01', '0x02']
13:06:10.789  DEBUG   [poll]    -> read  st2mot    
13:06:10.792  DEBUG   [poll]    <- read  st2mot     ret=0  data=['0x00', '0x00']
13:06:10.793  DEBUG   [poll]    -> read  st0cur    
13:06:10.797  DEBUG   [poll]    <- read  st0cur     ret=0  data=['0xfe', '0x01', '0x01', '0x02']
13:06:11.798  DEBUG   [poll]    -> read  st2mot    
13:06:11.802  DEBUG   [poll]    <- read  st2mot     ret=0  data=['0x00', '0x00']
13:06:11.802  DEBUG   [poll]    -> read  st0cur    
13:06:11.806  DEBUG   [poll]    <- read  st0cur     ret=0  data=['0xfe', '0x01', '0x01', '0x02']
13:06:12.808  DEBUG   [poll]    -> read  st2mot    
13:06:12.811  DEBUG   [poll]    <- read  st2mot     ret=0  data=['0x00', '0x00']
13:06:12.811  DEBUG   [poll]    -> read  st0cur    
13:06:12.815  DEBUG   [poll]    <- read  st0cur     ret=0  data=['0xfe', '0x01', '0x01', '0x02']
13:06:12.961  INFO    client connected
13:06:12.962  DEBUG   [client]  -> write cntl0mot   data=['0x0a', '0x00']
13:06:12.966  DEBUG   [client]  -> write cntl3mot   data=['0x00', '0x00']
13:06:12.969  DEBUG   [client]  -> write cntl3mot   data=['0x03', '0xe8']
13:06:12.975  DEBUG   [client]  -> read  st2mot    
13:06:12.978  DEBUG   [client]  <- read  st2mot     ret=0  data=['0x00', '0x00']
13:06:12.979  DEBUG   [client]  -> read  st0cur    
13:06:12.983  DEBUG   [client]  <- read  st0cur     ret=0  data=['0xfe', '0x01', '0x01', '0x02']
13:06:13.176  DEBUG   [client]  -> read  st2mot    
13:06:13.178  DEBUG   [client]  <- read  st2mot     ret=0  data=['0x84', '0x03']
13:06:13.376  DEBUG   [client]  -> read  st2mot    
13:06:13.379  DEBUG   [client]  <- read  st2mot     ret=0  data=['0x3f', '0x02']
13:06:13.576  DEBUG   [client]  -> read  st2mot    
13:06:13.580  DEBUG   [client]  <- read  st2mot     ret=0  data=['0x52', '0x03']
13:06:13.776  DEBUG   [client]  -> read  st2mot    
13:06:13.779  DEBUG   [client]  <- read  st2mot     ret=0  data=['0xee', '0x02']
13:06:13.817  DEBUG   [poll]    -> read  st2mot    
13:06:13.820  DEBUG   [poll]    <- read  st2mot     ret=0  data=['0xee', '0x02']
13:06:13.821  DEBUG   [poll]    -> read  st0cur    
13:06:13.825  DEBUG   [poll]    <- read  st0cur     ret=0  data=['0xfd', '0x01', '0xfc', '0x01']
13:06:13.976  DEBUG   [client]  -> read  st2mot    
13:06:13.979  DEBUG   [client]  <- read  st2mot     ret=0  data=['0x6b', '0x03']
13:06:13.981  DEBUG   [client]  -> read  st0cur    
13:06:13.985  DEBUG   [client]  <- read  st0cur     ret=0  data=['0xfd', '0x01', '0xfc', '0x01']
13:06:14.176  DEBUG   [client]  -> read  st2mot    
13:06:14.179  DEBUG   [client]  <- read  st2mot     ret=0  data=['0x84', '0x03']
13:06:14.376  DEBUG   [client]  -> read  st2mot    
13:06:14.379  DEBUG   [client]  <- read  st2mot     ret=0  data=['0x9d', '0x03']
13:06:14.576  DEBUG   [client]  -> read  st2mot    
13:06:14.579  DEBUG   [client]  <- read  st2mot     ret=0  data=['0x9d', '0x03']
13:06:14.781  DEBUG   [client]  -> read  st2mot    
13:06:14.785  DEBUG   [client]  <- read  st2mot     ret=0  data=['0xcf', '0x03']
13:06:14.826  DEBUG   [poll]    -> read  st2mot    
13:06:14.830  DEBUG   [poll]    <- read  st2mot     ret=0  data=['0xcf', '0x03']
13:06:14.830  DEBUG   [poll]    -> read  st0cur    
13:06:14.834  DEBUG   [poll]    <- read  st0cur     ret=0  data=['0xf4', '0x01', '0xf7', '0x01']
13:06:14.976  DEBUG   [client]  -> read  st2mot    
13:06:14.979  DEBUG   [client]  <- read  st2mot     ret=0  data=['0x9d', '0x03']
13:06:14.981  DEBUG   [client]  -> read  st0cur    
13:06:14.985  DEBUG   [client]  <- read  st0cur     ret=0  data=['0xf4', '0x01', '0xf7', '0x01']
13:06:15.176  DEBUG   [client]  -> read  st2mot    
13:06:15.179  DEBUG   [client]  <- read  st2mot     ret=0  data=['0x84', '0x03']
13:06:15.376  DEBUG   [client]  -> read  st2mot    
13:06:15.379  DEBUG   [client]  <- read  st2mot     ret=0  data=['0x9d', '0x03']
13:06:15.576  DEBUG   [client]  -> read  st2mot    
13:06:15.579  DEBUG   [client]  <- read  st2mot     ret=0  data=['0xcf', '0x03']
13:06:15.776  DEBUG   [client]  -> read  st2mot    
13:06:15.779  DEBUG   [client]  <- read  st2mot     ret=0  data=['0x01', '0x04']
13:06:15.835  DEBUG   [poll]    -> read  st2mot    
13:06:15.839  DEBUG   [poll]    <- read  st2mot     ret=0  data=['0xcf', '0x03']
13:06:15.839  DEBUG   [poll]    -> read  st0cur    
13:06:15.844  DEBUG   [poll]    <- read  st0cur     ret=0  data=['0xf6', '0x01', '0xf5', '0x01']
13:06:15.976  DEBUG   [client]  -> read  st2mot    
13:06:15.979  DEBUG   [client]  <- read  st2mot     ret=0  data=['0xe8', '0x03']
13:06:15.981  DEBUG   [client]  -> read  st0cur    
13:06:15.985  DEBUG   [client]  <- read  st0cur     ret=0  data=['0xf6', '0x01', '0xf5', '0x01']
13:06:16.176  DEBUG   [client]  -> read  st2mot    
13:06:16.179  DEBUG   [client]  <- read  st2mot     ret=0  data=['0x01', '0x04']
13:06:16.376  DEBUG   [client]  -> read  st2mot    
13:06:16.379  DEBUG   [client]  <- read  st2mot     ret=0  data=['0xe8', '0x03']
13:06:16.576  DEBUG   [client]  -> read  st2mot    
13:06:16.579  DEBUG   [client]  <- read  st2mot     ret=0  data=['0xe8', '0x03']
13:06:16.776  DEBUG   [client]  -> read  st2mot    
13:06:16.779  DEBUG   [client]  <- read  st2mot     ret=0  data=['0xe8', '0x03']
13:06:16.845  DEBUG   [poll]    -> read  st2mot    
13:06:16.849  DEBUG   [poll]    <- read  st2mot     ret=0  data=['0xe8', '0x03']
13:06:16.849  DEBUG   [poll]    -> read  st0cur    
13:06:16.853  DEBUG   [poll]    <- read  st0cur     ret=0  data=['0xf4', '0x01', '0xf6', '0x01']
13:06:16.976  DEBUG   [client]  -> read  st2mot    
13:06:16.979  DEBUG   [client]  <- read  st2mot     ret=0  data=['0xe8', '0x03']
13:06:16.981  DEBUG   [client]  -> read  st0cur    
13:06:16.985  DEBUG   [client]  <- read  st0cur     ret=0  data=['0xf4', '0x01', '0xf6', '0x01']
13:06:17.176  DEBUG   [client]  -> read  st2mot    
13:06:17.179  DEBUG   [client]  <- read  st2mot     ret=0  data=['0x01', '0x04']
13:06:17.376  DEBUG   [client]  -> read  st2mot    
13:06:17.379  DEBUG   [client]  <- read  st2mot     ret=0  data=['0xe8', '0x03']
13:06:17.576  DEBUG   [client]  -> read  st2mot    
13:06:17.579  DEBUG   [client]  <- read  st2mot     ret=0  data=['0xe8', '0x03']
13:06:17.776  DEBUG   [client]  -> read  st2mot    
13:06:17.779  DEBUG   [client]  <- read  st2mot     ret=0  data=['0xe8', '0x03']
13:06:17.855  DEBUG   [poll]    -> read  st2mot    
13:06:17.858  DEBUG   [poll]    <- read  st2mot     ret=0  data=['0x01', '0x04']
13:06:17.859  DEBUG   [poll]    -> read  st0cur    
13:06:17.863  DEBUG   [poll]    <- read  st0cur     ret=0  data=['0xf5', '0x01', '0xf8', '0x01']
13:06:17.976  DEBUG   [client]  -> read  st2mot    
13:06:17.979  DEBUG   [client]  <- read  st2mot     ret=0  data=['0xe8', '0x03']
13:06:17.981  DEBUG   [client]  -> read  st0cur    
13:06:17.985  DEBUG   [client]  <- read  st0cur     ret=0  data=['0xf5', '0x01', '0xf8', '0x01']
13:06:18.176  DEBUG   [client]  -> read  st2mot    
13:06:18.179  DEBUG   [client]  <- read  st2mot     ret=0  data=['0xe8', '0x03']
13:06:18.376  DEBUG   [client]  -> read  st2mot    
13:06:18.379  DEBUG   [client]  <- read  st2mot     ret=0  data=['0xcf', '0x03']
13:06:18.576  DEBUG   [client]  -> read  st2mot    
13:06:18.579  DEBUG   [client]  <- read  st2mot     ret=0  data=['0x01', '0x04']
13:06:18.776  DEBUG   [client]  -> read  st2mot    
13:06:18.779  DEBUG   [client]  <- read  st2mot     ret=0  data=['0xcf', '0x03']
13:06:18.864  DEBUG   [poll]    -> read  st2mot    
13:06:18.868  DEBUG   [poll]    <- read  st2mot     ret=0  data=['0xe8', '0x03']
13:06:18.868  DEBUG   [poll]    -> read  st0cur    
13:06:18.872  DEBUG   [poll]    <- read  st0cur     ret=0  data=['0xf7', '0x01', '0xf7', '0x01']
13:06:18.976  DEBUG   [client]  -> read  st2mot    
13:06:18.979  DEBUG   [client]  <- read  st2mot     ret=0  data=['0x1a', '0x04']
13:06:18.981  DEBUG   [client]  -> read  st0cur    
13:06:18.985  DEBUG   [client]  <- read  st0cur     ret=0  data=['0xf7', '0x01', '0xf7', '0x01']
13:06:19.176  DEBUG   [client]  -> read  st2mot    
13:06:19.179  DEBUG   [client]  <- read  st2mot     ret=0  data=['0xcf', '0x03']
13:06:19.376  DEBUG   [client]  -> read  st2mot    
13:06:19.379  DEBUG   [client]  <- read  st2mot     ret=0  data=['0x1a', '0x04']
13:06:19.576  DEBUG   [client]  -> read  st2mot    
13:06:19.579  DEBUG   [client]  <- read  st2mot     ret=0  data=['0xcf', '0x03']
13:06:19.785  DEBUG   [client]  -> read  st2mot    
13:06:19.789  DEBUG   [client]  <- read  st2mot     ret=0  data=['0x1a', '0x04']
13:06:19.790  DEBUG   [client]  -> write cntl3mot   data=['0x03', '0x20']
13:06:19.874  DEBUG   [poll]    -> read  st2mot    
13:06:19.877  DEBUG   [poll]    <- read  st2mot     ret=0  data=['0x1a', '0x04']
13:06:19.878  DEBUG   [poll]    -> read  st0cur    
13:06:19.882  DEBUG   [poll]    <- read  st0cur     ret=0  data=['0xf5', '0x01', '0xf8', '0x01']
13:06:20.046  DEBUG   [client]  -> write cntl3mot   data=['0x02', '0x58']
13:06:20.301  DEBUG   [client]  -> write cntl3mot   data=['0x01', '0x90']
13:06:20.557  DEBUG   [client]  -> write cntl3mot   data=['0x00', '0xc8']
13:06:20.812  DEBUG   [client]  -> write cntl3mot   data=['0x00', '0x00']
13:06:20.817  WARNING client disconnected — stopping motor
13:06:20.818  DEBUG   [client]  -> write cntl3mot   data=['0x00', '0x00']
13:06:20.822  INFO    client disconnected
13:06:20.883  DEBUG   [poll]    -> read  st2mot    
13:06:20.886  DEBUG   [poll]    <- read  st2mot     ret=0  data=['0xc8', '0x00']
13:06:20.887  DEBUG   [poll]    -> read  st0cur    
13:06:20.891  DEBUG   [poll]    <- read  st0cur     ret=0  data=['0xf6', '0x01', '0xf7', '0x01']
13:06:21.892  DEBUG   [poll]    -> read  st2mot    
13:06:21.896  DEBUG   [poll]    <- read  st2mot     ret=0  data=['0x00', '0x00']
13:06:21.896  DEBUG   [poll]    -> read  st0cur    
13:06:21.900  DEBUG   [poll]    <- read  st0cur     ret=0  data=['0xfb', '0x01', '0xfe', '0x01']
13:06:21.901  WARNING *** OBSERVED STALL SIGNATURE (not acted on yet) — current=-0.24A while rpm=0 ***
13:06:22.902  DEBUG   [poll]    -> read  st2mot    
13:06:22.906  DEBUG   [poll]    <- read  st2mot     ret=0  data=['0x00', '0x00']
13:06:22.906  DEBUG   [poll]    -> read  st0cur    
13:06:22.911  DEBUG   [poll]    <- read  st0cur     ret=0  data=['0xfe', '0x01', '0x01', '0x02']
13:06:23.912  DEBUG   [poll]    -> read  st2mot    
13:06:23.915  DEBUG   [poll]    <- read  st2mot     ret=0  data=['0x00', '0x00']
13:06:23.916  DEBUG   [poll]    -> read  st0cur    
13:06:23.920  DEBUG   [poll]    <- read  st0cur     ret=0  data=['0xfe', '0x01', '0x01', '0x02']
13:06:24.922  DEBUG   [poll]    -> read  st2mot    
13:06:24.925  DEBUG   [poll]    <- read  st2mot     ret=0  data=['0x00', '0x00']
13:06:24.926  DEBUG   [poll]    -> read  st0cur    
13:06:24.930  DEBUG   [poll]    <- read  st0cur     ret=0  data=['0xfe', '0x01', '0x01', '0x02']
13:06:25.760  INFO    client connected
13:06:25.761  DEBUG   [client]  -> write cntl0mot   data=['0xf6', '0x03']
13:06:25.765  DEBUG   [client]  -> write cntl3mot   data=['0x00', '0x00']
13:06:25.768  DEBUG   [client]  -> write cntl3mot   data=['0x03', '0xe8']
13:06:25.772  DEBUG   [client]  -> read  st2mot    
13:06:25.775  DEBUG   [client]  <- read  st2mot     ret=0  data=['0x00', '0x00']
13:06:25.776  DEBUG   [client]  -> read  st0cur    
13:06:25.780  DEBUG   [client]  <- read  st0cur     ret=0  data=['0xfe', '0x01', '0x01', '0x02']
13:06:25.932  DEBUG   [poll]    -> read  st2mot    
13:06:25.935  DEBUG   [poll]    <- read  st2mot     ret=0  data=['0x00', '0x00']
13:06:25.935  DEBUG   [poll]    -> read  st0cur    
13:06:25.939  DEBUG   [poll]    <- read  st0cur     ret=0  data=['0xfe', '0x01', '0x01', '0x02']
13:06:25.972  DEBUG   [client]  -> read  st2mot    
13:06:25.975  DEBUG   [client]  <- read  st2mot     ret=0  data=['0x00', '0x00']
13:06:26.172  DEBUG   [client]  -> read  st2mot    
13:06:26.175  DEBUG   [client]  <- read  st2mot     ret=0  data=['0x32', '0x00']
13:06:26.372  DEBUG   [client]  -> read  st2mot    
13:06:26.375  DEBUG   [client]  <- read  st2mot     ret=0  data=['0x01', '0x04']
13:06:26.573  DEBUG   [client]  -> read  st2mot    
13:06:26.576  DEBUG   [client]  <- read  st2mot     ret=0  data=['0x5f', '0x05']
13:06:26.773  DEBUG   [client]  -> read  st2mot    
13:06:26.776  DEBUG   [client]  <- read  st2mot     ret=0  data=['0xc9', '0x04']
13:06:26.778  DEBUG   [client]  -> read  st0cur    
13:06:26.782  DEBUG   [client]  <- read  st0cur     ret=0  data=['0xf9', '0x01', '0xff', '0x01']
13:06:26.940  DEBUG   [poll]    -> read  st2mot    
13:06:26.944  DEBUG   [poll]    <- read  st2mot     ret=0  data=['0x4c', '0x04']
13:06:26.944  DEBUG   [poll]    -> read  st0cur    
13:06:26.948  DEBUG   [poll]    <- read  st0cur     ret=0  data=['0xf9', '0x01', '0xff', '0x01']
13:06:26.973  DEBUG   [client]  -> read  st2mot    
13:06:26.976  DEBUG   [client]  <- read  st2mot     ret=0  data=['0x4c', '0x04']
13:06:27.173  DEBUG   [client]  -> read  st2mot    
13:06:27.176  DEBUG   [client]  <- read  st2mot     ret=0  data=['0xe8', '0x03']
13:06:27.373  DEBUG   [client]  -> read  st2mot    
13:06:27.376  DEBUG   [client]  <- read  st2mot     ret=0  data=['0x9d', '0x03']
13:06:27.573  DEBUG   [client]  -> read  st2mot    
13:06:27.576  DEBUG   [client]  <- read  st2mot     ret=0  data=['0xcf', '0x03']
13:06:27.773  DEBUG   [client]  -> read  st2mot    
13:06:27.776  DEBUG   [client]  <- read  st2mot     ret=0  data=['0xe8', '0x03']
13:06:27.778  DEBUG   [client]  -> read  st0cur    
13:06:27.782  DEBUG   [client]  <- read  st0cur     ret=0  data=['0xf5', '0x01', '0xf6', '0x01']
13:06:27.950  DEBUG   [poll]    -> read  st2mot    
13:06:27.953  DEBUG   [poll]    <- read  st2mot     ret=0  data=['0x01', '0x04']
13:06:27.953  DEBUG   [poll]    -> read  st0cur    
13:06:27.958  DEBUG   [poll]    <- read  st0cur     ret=0  data=['0xf5', '0x01', '0xf6', '0x01']
13:06:27.973  DEBUG   [client]  -> read  st2mot    
13:06:27.976  DEBUG   [client]  <- read  st2mot     ret=0  data=['0x01', '0x04']
13:06:28.173  DEBUG   [client]  -> read  st2mot    
13:06:28.176  DEBUG   [client]  <- read  st2mot     ret=0  data=['0xe8', '0x03']
13:06:28.373  DEBUG   [client]  -> read  st2mot    
13:06:28.376  DEBUG   [client]  <- read  st2mot     ret=0  data=['0xe8', '0x03']
13:06:28.573  DEBUG   [client]  -> read  st2mot    
13:06:28.576  DEBUG   [client]  <- read  st2mot     ret=0  data=['0xe8', '0x03']
13:06:28.773  DEBUG   [client]  -> read  st2mot    
13:06:28.776  DEBUG   [client]  <- read  st2mot     ret=0  data=['0xe8', '0x03']
13:06:28.778  DEBUG   [client]  -> read  st0cur    
13:06:28.782  DEBUG   [client]  <- read  st0cur     ret=0  data=['0xf5', '0x01', '0xf5', '0x01']
13:06:28.959  DEBUG   [poll]    -> read  st2mot    
13:06:28.963  DEBUG   [poll]    <- read  st2mot     ret=0  data=['0xe8', '0x03']
13:06:28.963  DEBUG   [poll]    -> read  st0cur    
13:06:28.967  DEBUG   [poll]    <- read  st0cur     ret=0  data=['0xf5', '0x01', '0xf5', '0x01']
13:06:28.973  DEBUG   [client]  -> read  st2mot    
13:06:28.976  DEBUG   [client]  <- read  st2mot     ret=0  data=['0xe8', '0x03']
13:06:29.173  DEBUG   [client]  -> read  st2mot    
13:06:29.176  DEBUG   [client]  <- read  st2mot     ret=0  data=['0xe8', '0x03']
13:06:29.373  DEBUG   [client]  -> read  st2mot    
13:06:29.376  DEBUG   [client]  <- read  st2mot     ret=0  data=['0x01', '0x04']
13:06:29.573  DEBUG   [client]  -> read  st2mot    
13:06:29.576  DEBUG   [client]  <- read  st2mot     ret=0  data=['0xe8', '0x03']
13:06:29.773  DEBUG   [client]  -> read  st2mot    
13:06:29.776  DEBUG   [client]  <- read  st2mot     ret=0  data=['0xcf', '0x03']
13:06:29.778  DEBUG   [client]  -> read  st0cur    
13:06:29.782  DEBUG   [client]  <- read  st0cur     ret=0  data=['0xf6', '0x01', '0xf6', '0x01']
13:06:29.969  DEBUG   [poll]    -> read  st2mot    
13:06:29.972  DEBUG   [poll]    <- read  st2mot     ret=0  data=['0xe8', '0x03']
13:06:29.974  DEBUG   [poll]    -> read  st0cur    
13:06:29.978  DEBUG   [poll]    <- read  st0cur     ret=0  data=['0xf6', '0x01', '0xf6', '0x01']
13:06:29.979  DEBUG   [client]  -> read  st2mot    
13:06:29.982  DEBUG   [client]  <- read  st2mot     ret=0  data=['0xe8', '0x03']
13:06:30.173  DEBUG   [client]  -> read  st2mot    
13:06:30.176  DEBUG   [client]  <- read  st2mot     ret=0  data=['0xe8', '0x03']
13:06:30.373  DEBUG   [client]  -> read  st2mot    
13:06:30.376  DEBUG   [client]  <- read  st2mot     ret=0  data=['0xe8', '0x03']
13:06:30.573  DEBUG   [client]  -> read  st2mot    
13:06:30.576  DEBUG   [client]  <- read  st2mot     ret=0  data=['0xcf', '0x03']
13:06:30.773  DEBUG   [client]  -> read  st2mot    
13:06:30.776  DEBUG   [client]  <- read  st2mot     ret=0  data=['0xe8', '0x03']
13:06:30.778  DEBUG   [client]  -> read  st0cur    
13:06:30.782  DEBUG   [client]  <- read  st0cur     ret=0  data=['0xf6', '0x01', '0xf5', '0x01']
13:06:30.973  DEBUG   [client]  -> read  st2mot    
13:06:30.976  DEBUG   [client]  <- read  st2mot     ret=0  data=['0xcf', '0x03']
13:06:30.980  DEBUG   [poll]    -> read  st2mot    
13:06:30.983  DEBUG   [poll]    <- read  st2mot     ret=0  data=['0xcf', '0x03']
13:06:30.984  DEBUG   [poll]    -> read  st0cur    
13:06:30.988  DEBUG   [poll]    <- read  st0cur     ret=0  data=['0xf6', '0x01', '0xf5', '0x01']
13:06:31.173  DEBUG   [client]  -> read  st2mot    
13:06:31.176  DEBUG   [client]  <- read  st2mot     ret=0  data=['0x01', '0x04']
13:06:31.373  DEBUG   [client]  -> read  st2mot    
13:06:31.376  DEBUG   [client]  <- read  st2mot     ret=0  data=['0xe8', '0x03']
13:06:31.573  DEBUG   [client]  -> read  st2mot    
13:06:31.576  DEBUG   [client]  <- read  st2mot     ret=0  data=['0xe8', '0x03']
13:06:31.773  DEBUG   [client]  -> read  st2mot    
13:06:31.776  DEBUG   [client]  <- read  st2mot     ret=0  data=['0xe8', '0x03']
13:06:31.778  DEBUG   [client]  -> read  st0cur    
13:06:31.782  DEBUG   [client]  <- read  st0cur     ret=0  data=['0xf6', '0x01', '0xf7', '0x01']
13:06:31.973  DEBUG   [client]  -> read  st2mot    
13:06:31.976  DEBUG   [client]  <- read  st2mot     ret=0  data=['0xe8', '0x03']
13:06:31.990  DEBUG   [poll]    -> read  st2mot    
13:06:31.993  DEBUG   [poll]    <- read  st2mot     ret=0  data=['0xe8', '0x03']
13:06:31.993  DEBUG   [poll]    -> read  st0cur    
13:06:31.998  DEBUG   [poll]    <- read  st0cur     ret=0  data=['0xf6', '0x01', '0xf7', '0x01']
13:06:32.173  DEBUG   [client]  -> read  st2mot    
13:06:32.176  DEBUG   [client]  <- read  st2mot     ret=0  data=['0xe8', '0x03']
13:06:32.373  DEBUG   [client]  -> read  st2mot    
13:06:32.376  DEBUG   [client]  <- read  st2mot     ret=0  data=['0xe8', '0x03']
13:06:32.573  DEBUG   [client]  -> read  st2mot    
13:06:32.576  DEBUG   [client]  <- read  st2mot     ret=0  data=['0x01', '0x04']
13:06:32.578  DEBUG   [client]  -> write cntl3mot   data=['0x03', '0x20']
13:06:32.834  DEBUG   [client]  -> write cntl3mot   data=['0x02', '0x58']
13:06:32.999  DEBUG   [poll]    -> read  st2mot    
13:06:33.003  DEBUG   [poll]    <- read  st2mot     ret=0  data=['0xa3', '0x02']
13:06:33.003  DEBUG   [poll]    -> read  st0cur    
13:06:33.007  DEBUG   [poll]    <- read  st0cur     ret=0  data=['0xf5', '0x01', '0xf3', '0x01']
13:06:33.089  DEBUG   [client]  -> write cntl3mot   data=['0x01', '0x90']
13:06:33.345  DEBUG   [client]  -> write cntl3mot   data=['0x00', '0xc8']
13:06:33.600  DEBUG   [client]  -> write cntl3mot   data=['0x00', '0x00']
13:06:33.611  WARNING client disconnected — stopping motor
13:06:33.612  DEBUG   [client]  -> write cntl3mot   data=['0x00', '0x00']
13:06:33.616  INFO    client disconnected
13:06:34.009  DEBUG   [poll]    -> read  st2mot    
13:06:34.012  DEBUG   [poll]    <- read  st2mot     ret=0  data=['0x00', '0x00']
13:06:34.012  DEBUG   [poll]    -> read  st0cur    
13:06:34.016  DEBUG   [poll]    <- read  st0cur     ret=0  data=['0xf8', '0x01', '0xf9', '0x01']
13:06:34.016  WARNING *** OBSERVED STALL SIGNATURE (not acted on yet) — current=-0.39A while rpm=0 ***
13:06:35.018  DEBUG   [poll]    -> read  st2mot    
13:06:35.021  DEBUG   [poll]    <- read  st2mot     ret=0  data=['0x00', '0x00']
13:06:35.022  DEBUG   [poll]    -> read  st0cur    
13:06:35.026  DEBUG   [poll]    <- read  st0cur     ret=0  data=['0xfd', '0x01', '0xff', '0x01']
13:06:36.028  DEBUG   [poll]    -> read  st2mot    
13:06:36.031  DEBUG   [poll]    <- read  st2mot     ret=0  data=['0x00', '0x00']
13:06:36.031  DEBUG   [poll]    -> read  st0cur    
13:06:36.036  DEBUG   [poll]    <- read  st0cur     ret=0  data=['0xfe', '0x01', '0x01', '0x02']
13:06:37.037  DEBUG   [poll]    -> read  st2mot    
13:06:37.041  DEBUG   [poll]    <- read  st2mot     ret=0  data=['0x00', '0x00']
13:06:37.041  DEBUG   [poll]    -> read  st0cur    
13:06:37.045  DEBUG   [poll]    <- read  st0cur     ret=0  data=['0xfe', '0x01', '0x01', '0x02']
13:06:38.047  DEBUG   [poll]    -> read  st2mot    
13:06:38.050  DEBUG   [poll]    <- read  st2mot     ret=0  data=['0x00', '0x00']
13:06:38.051  DEBUG   [poll]    -> read  st0cur    
13:06:38.055  DEBUG   [poll]    <- read  st0cur     ret=0  data=['0xfe', '0x01', '0x01', '0x02']
13:06:38.408  INFO    client connected
13:06:38.409  DEBUG   [client]  -> write cntl0mot   data=['0x00', '0x03']
13:06:38.413  DEBUG   [client]  -> write cntl3mot   data=['0x00', '0x00']
13:06:38.416  DEBUG   [client]  -> write cntl3mot   data=['0x03', '0xe8']
13:06:38.420  DEBUG   [client]  -> read  st2mot    
13:06:38.423  DEBUG   [client]  <- read  st2mot     ret=0  data=['0x00', '0x00']
13:06:38.424  DEBUG   [client]  -> read  st0cur    
13:06:38.430  DEBUG   [client]  <- read  st0cur     ret=0  data=['0xfd', '0x01', '0x01', '0x02']
13:06:38.620  DEBUG   [client]  -> read  st2mot    
13:06:38.623  DEBUG   [client]  <- read  st2mot     ret=0  data=['0x4b', '0x00']
13:06:38.820  DEBUG   [client]  -> read  st2mot    
13:06:38.823  DEBUG   [client]  <- read  st2mot     ret=0  data=['0x52', '0x03']
13:06:39.020  DEBUG   [client]  -> read  st2mot    
13:06:39.024  DEBUG   [client]  <- read  st2mot     ret=0  data=['0x20', '0x03']
13:06:39.057  DEBUG   [poll]    -> read  st2mot    
13:06:39.060  DEBUG   [poll]    <- read  st2mot     ret=0  data=['0x20', '0x03']
13:06:39.061  DEBUG   [poll]    -> read  st0cur    
13:06:39.065  DEBUG   [poll]    <- read  st0cur     ret=0  data=['0xfd', '0x01', '0x01', '0x02']
13:06:39.220  DEBUG   [client]  -> read  st2mot    
13:06:39.224  DEBUG   [client]  <- read  st2mot     ret=0  data=['0x39', '0x03']
13:06:39.420  DEBUG   [client]  -> read  st2mot    
13:06:39.424  DEBUG   [client]  <- read  st2mot     ret=0  data=['0xb6', '0x03']
13:06:39.426  DEBUG   [client]  -> read  st0cur    
13:06:39.430  DEBUG   [client]  <- read  st0cur     ret=0  data=['0xf7', '0x01', '0xf9', '0x01']
13:06:39.620  DEBUG   [client]  -> read  st2mot    
13:06:39.624  DEBUG   [client]  <- read  st2mot     ret=0  data=['0xb6', '0x03']
13:06:39.820  DEBUG   [client]  -> read  st2mot    
13:06:39.824  DEBUG   [client]  <- read  st2mot     ret=0  data=['0xb6', '0x03']
13:06:40.020  DEBUG   [client]  -> read  st2mot    
13:06:40.024  DEBUG   [client]  <- read  st2mot     ret=0  data=['0xcf', '0x03']
13:06:40.066  DEBUG   [poll]    -> read  st2mot    
13:06:40.070  DEBUG   [poll]    <- read  st2mot     ret=0  data=['0xcf', '0x03']
13:06:40.070  DEBUG   [poll]    -> read  st0cur    
13:06:40.074  DEBUG   [poll]    <- read  st0cur     ret=0  data=['0xf7', '0x01', '0xf9', '0x01']
13:06:40.220  DEBUG   [client]  -> read  st2mot    
13:06:40.224  DEBUG   [client]  <- read  st2mot     ret=0  data=['0xe8', '0x03']
13:06:40.420  DEBUG   [client]  -> read  st2mot    
13:06:40.424  DEBUG   [client]  <- read  st2mot     ret=0  data=['0xcf', '0x03']
13:06:40.426  DEBUG   [client]  -> read  st0cur    
13:06:40.430  DEBUG   [client]  <- read  st0cur     ret=0  data=['0xf3', '0x01', '0xf6', '0x01']
13:06:40.620  DEBUG   [client]  -> read  st2mot    
13:06:40.624  DEBUG   [client]  <- read  st2mot     ret=0  data=['0xe8', '0x03']
13:06:40.820  DEBUG   [client]  -> read  st2mot    
13:06:40.824  DEBUG   [client]  <- read  st2mot     ret=0  data=['0xe8', '0x03']
13:06:41.020  DEBUG   [client]  -> read  st2mot    
13:06:41.024  DEBUG   [client]  <- read  st2mot     ret=0  data=['0xe8', '0x03']
13:06:41.076  DEBUG   [poll]    -> read  st2mot    
13:06:41.079  DEBUG   [poll]    <- read  st2mot     ret=0  data=['0xe8', '0x03']
13:06:41.080  DEBUG   [poll]    -> read  st0cur    
13:06:41.084  DEBUG   [poll]    <- read  st0cur     ret=0  data=['0xf3', '0x01', '0xf6', '0x01']
13:06:41.220  DEBUG   [client]  -> read  st2mot    
13:06:41.224  DEBUG   [client]  <- read  st2mot     ret=0  data=['0xe8', '0x03']
13:06:41.420  DEBUG   [client]  -> read  st2mot    
13:06:41.424  DEBUG   [client]  <- read  st2mot     ret=0  data=['0xe8', '0x03']
13:06:41.426  DEBUG   [client]  -> read  st0cur    
13:06:41.430  DEBUG   [client]  <- read  st0cur     ret=0  data=['0xf5', '0x01', '0xf5', '0x01']
13:06:41.620  DEBUG   [client]  -> read  st2mot    
13:06:41.624  DEBUG   [client]  <- read  st2mot     ret=0  data=['0xe8', '0x03']
13:06:41.820  DEBUG   [client]  -> read  st2mot    
13:06:41.824  DEBUG   [client]  <- read  st2mot     ret=0  data=['0xe8', '0x03']
13:06:42.021  DEBUG   [client]  -> read  st2mot    
13:06:42.024  DEBUG   [client]  <- read  st2mot     ret=0  data=['0xe8', '0x03']
13:06:42.086  DEBUG   [poll]    -> read  st2mot    
13:06:42.089  DEBUG   [poll]    <- read  st2mot     ret=0  data=['0xcf', '0x03']
13:06:42.090  DEBUG   [poll]    -> read  st0cur    
13:06:42.094  DEBUG   [poll]    <- read  st0cur     ret=0  data=['0xf5', '0x01', '0xf5', '0x01']
13:06:42.220  DEBUG   [client]  -> read  st2mot    
13:06:42.224  DEBUG   [client]  <- read  st2mot     ret=0  data=['0xe8', '0x03']
13:06:42.420  DEBUG   [client]  -> read  st2mot    
13:06:42.424  DEBUG   [client]  <- read  st2mot     ret=0  data=['0x01', '0x04']
13:06:42.426  DEBUG   [client]  -> read  st0cur    
13:06:42.430  DEBUG   [client]  <- read  st0cur     ret=0  data=['0xf5', '0x01', '0xf5', '0x01']
13:06:42.620  DEBUG   [client]  -> read  st2mot    
13:06:42.624  DEBUG   [client]  <- read  st2mot     ret=0  data=['0xe8', '0x03']
13:06:42.820  DEBUG   [client]  -> read  st2mot    
13:06:42.824  DEBUG   [client]  <- read  st2mot     ret=0  data=['0xe8', '0x03']
13:06:43.020  DEBUG   [client]  -> read  st2mot    
13:06:43.024  DEBUG   [client]  <- read  st2mot     ret=0  data=['0x01', '0x04']
13:06:43.096  DEBUG   [poll]    -> read  st2mot    
13:06:43.099  DEBUG   [poll]    <- read  st2mot     ret=0  data=['0xe8', '0x03']
13:06:43.099  DEBUG   [poll]    -> read  st0cur    
13:06:43.104  DEBUG   [poll]    <- read  st0cur     ret=0  data=['0xf5', '0x01', '0xf5', '0x01']
13:06:43.220  DEBUG   [client]  -> read  st2mot    
13:06:43.224  DEBUG   [client]  <- read  st2mot     ret=0  data=['0xe8', '0x03']
13:06:43.421  DEBUG   [client]  -> read  st2mot    
13:06:43.424  DEBUG   [client]  <- read  st2mot     ret=0  data=['0xe8', '0x03']
13:06:43.426  DEBUG   [client]  -> read  st0cur    
13:06:43.430  DEBUG   [client]  <- read  st0cur     ret=0  data=['0xf7', '0x01', '0xf7', '0x01']
13:06:43.620  DEBUG   [client]  -> read  st2mot    
13:06:43.624  DEBUG   [client]  <- read  st2mot     ret=0  data=['0xe8', '0x03']
13:06:43.820  DEBUG   [client]  -> read  st2mot    
13:06:43.824  DEBUG   [client]  <- read  st2mot     ret=0  data=['0xe8', '0x03']
13:06:44.020  DEBUG   [client]  -> read  st2mot    
13:06:44.024  DEBUG   [client]  <- read  st2mot     ret=0  data=['0x01', '0x04']
13:06:44.105  DEBUG   [poll]    -> read  st2mot    
13:06:44.109  DEBUG   [poll]    <- read  st2mot     ret=0  data=['0xb6', '0x03']
13:06:44.109  DEBUG   [poll]    -> read  st0cur    
13:06:44.113  DEBUG   [poll]    <- read  st0cur     ret=0  data=['0xf7', '0x01', '0xf7', '0x01']
13:06:44.220  DEBUG   [client]  -> read  st2mot    
13:06:44.224  DEBUG   [client]  <- read  st2mot     ret=0  data=['0xe8', '0x03']
13:06:44.420  DEBUG   [client]  -> read  st2mot    
13:06:44.424  DEBUG   [client]  <- read  st2mot     ret=0  data=['0xe8', '0x03']
13:06:44.426  DEBUG   [client]  -> read  st0cur    
13:06:44.430  DEBUG   [client]  <- read  st0cur     ret=0  data=['0xf6', '0x01', '0xf3', '0x01']
13:06:44.620  DEBUG   [client]  -> read  st2mot    
13:06:44.624  DEBUG   [client]  <- read  st2mot     ret=0  data=['0x01', '0x04']
13:06:44.820  DEBUG   [client]  -> read  st2mot    
13:06:44.824  DEBUG   [client]  <- read  st2mot     ret=0  data=['0xe8', '0x03']
13:06:45.020  DEBUG   [client]  -> read  st2mot    
13:06:45.024  DEBUG   [client]  <- read  st2mot     ret=0  data=['0xe8', '0x03']
13:06:45.115  DEBUG   [poll]    -> read  st2mot    
13:06:45.118  DEBUG   [poll]    <- read  st2mot     ret=0  data=['0xe8', '0x03']
13:06:45.119  DEBUG   [poll]    -> read  st0cur    
13:06:45.123  DEBUG   [poll]    <- read  st0cur     ret=0  data=['0xf6', '0x01', '0xf3', '0x01']
13:06:45.220  DEBUG   [client]  -> read  st2mot    
13:06:45.224  DEBUG   [client]  <- read  st2mot     ret=0  data=['0x01', '0x04']
13:06:45.226  DEBUG   [client]  -> write cntl3mot   data=['0x03', '0x20']
13:06:45.481  DEBUG   [client]  -> write cntl3mot   data=['0x02', '0x58']
13:06:45.737  DEBUG   [client]  -> write cntl3mot   data=['0x01', '0x90']
13:06:45.992  DEBUG   [client]  -> write cntl3mot   data=['0x00', '0xc8']
13:06:46.124  DEBUG   [poll]    -> read  st2mot    
13:06:46.128  DEBUG   [poll]    <- read  st2mot     ret=0  data=['0x2c', '0x01']
13:06:46.128  DEBUG   [poll]    -> read  st0cur    
13:06:46.133  DEBUG   [poll]    <- read  st0cur     ret=0  data=['0xf6', '0x01', '0xf4', '0x01']
13:06:46.248  DEBUG   [client]  -> write cntl3mot   data=['0x00', '0x00']
13:06:46.252  WARNING client disconnected — stopping motor
13:06:46.253  DEBUG   [client]  -> write cntl3mot   data=['0x00', '0x00']
13:06:46.257  INFO    client disconnected
13:06:47.134  DEBUG   [poll]    -> read  st2mot    
13:06:47.137  DEBUG   [poll]    <- read  st2mot     ret=0  data=['0x00', '0x00']
13:06:47.138  DEBUG   [poll]    -> read  st0cur    
13:06:47.142  DEBUG   [poll]    <- read  st0cur     ret=0  data=['0xf8', '0x01', '0xfc', '0x01']
13:06:47.142  WARNING *** OBSERVED STALL SIGNATURE (not acted on yet) — current=-0.39A while rpm=0 ***
13:06:48.144  DEBUG   [poll]    -> read  st2mot    
13:06:48.148  DEBUG   [poll]    <- read  st2mot     ret=0  data=['0x00', '0x00']
13:06:48.148  DEBUG   [poll]    -> read  st0cur    
13:06:48.152  DEBUG   [poll]    <- read  st0cur     ret=0  data=['0xfe', '0x01', '0x01', '0x02']
13:06:49.154  DEBUG   [poll]    -> read  st2mot    
13:06:49.157  DEBUG   [poll]    <- read  st2mot     ret=0  data=['0x00', '0x00']
13:06:49.157  DEBUG   [poll]    -> read  st0cur    
13:06:49.162  DEBUG   [poll]    <- read  st0cur     ret=0  data=['0xfe', '0x01', '0x01', '0x02']
13:06:50.163  DEBUG   [poll]    -> read  st2mot    
13:06:50.167  DEBUG   [poll]    <- read  st2mot     ret=0  data=['0x00', '0x00']
13:06:50.167  DEBUG   [poll]    -> read  st0cur    
13:06:50.171  DEBUG   [poll]    <- read  st0cur     ret=0  data=['0xfe', '0x01', '0x01', '0x02']
13:06:51.118  INFO    client connected
13:06:51.119  DEBUG   [client]  -> write cntl0mot   data=['0x0a', '0x03']
13:06:51.122  DEBUG   [client]  -> write cntl3mot   data=['0x00', '0x00']
13:06:51.126  DEBUG   [client]  -> write cntl3mot   data=['0x03', '0xe8']
13:06:51.130  DEBUG   [client]  -> read  st2mot    
13:06:51.133  DEBUG   [client]  <- read  st2mot     ret=0  data=['0x00', '0x00']
13:06:51.134  DEBUG   [client]  -> read  st0cur    
13:06:51.140  DEBUG   [client]  <- read  st0cur     ret=0  data=['0xfe', '0x01', '0x01', '0x02']
13:06:51.173  DEBUG   [poll]    -> read  st2mot    
13:06:51.176  DEBUG   [poll]    <- read  st2mot     ret=0  data=['0x32', '0x00']
13:06:51.176  DEBUG   [poll]    -> read  st0cur    
13:06:51.180  DEBUG   [poll]    <- read  st0cur     ret=0  data=['0xfe', '0x01', '0x01', '0x02']
13:06:51.330  DEBUG   [client]  -> read  st2mot    
13:06:51.333  DEBUG   [client]  <- read  st2mot     ret=0  data=['0xee', '0x02']
13:06:51.530  DEBUG   [client]  -> read  st2mot    
13:06:51.533  DEBUG   [client]  <- read  st2mot     ret=0  data=['0xbc', '0x02']
13:06:51.730  DEBUG   [client]  -> read  st2mot    
13:06:51.733  DEBUG   [client]  <- read  st2mot     ret=0  data=['0xbc', '0x02']
13:06:51.930  DEBUG   [client]  -> read  st2mot    
13:06:51.934  DEBUG   [client]  <- read  st2mot     ret=0  data=['0x84', '0x03']
13:06:52.130  DEBUG   [client]  -> read  st2mot    
13:06:52.134  DEBUG   [client]  <- read  st2mot     ret=0  data=['0x39', '0x03']
13:06:52.135  DEBUG   [client]  -> read  st0cur    
13:06:52.140  DEBUG   [client]  <- read  st0cur     ret=0  data=['0xfc', '0x01', '0xfd', '0x01']
13:06:52.181  DEBUG   [poll]    -> read  st2mot    
13:06:52.185  DEBUG   [poll]    <- read  st2mot     ret=0  data=['0x9d', '0x03']
13:06:52.185  DEBUG   [poll]    -> read  st0cur    
13:06:52.189  DEBUG   [poll]    <- read  st0cur     ret=0  data=['0xfc', '0x01', '0xfd', '0x01']
13:06:52.330  DEBUG   [client]  -> read  st2mot    
13:06:52.334  DEBUG   [client]  <- read  st2mot     ret=0  data=['0x9d', '0x03']
13:06:52.530  DEBUG   [client]  -> read  st2mot    
13:06:52.534  DEBUG   [client]  <- read  st2mot     ret=0  data=['0x9d', '0x03']
13:06:52.730  DEBUG   [client]  -> read  st2mot    
13:06:52.734  DEBUG   [client]  <- read  st2mot     ret=0  data=['0x9d', '0x03']
13:06:52.930  DEBUG   [client]  -> read  st2mot    
13:06:52.934  DEBUG   [client]  <- read  st2mot     ret=0  data=['0xe8', '0x03']
13:06:53.130  DEBUG   [client]  -> read  st2mot    
13:06:53.134  DEBUG   [client]  <- read  st2mot     ret=0  data=['0x9d', '0x03']
13:06:53.135  DEBUG   [client]  -> read  st0cur    
13:06:53.140  DEBUG   [client]  <- read  st0cur     ret=0  data=['0xf6', '0x01', '0xf8', '0x01']
13:06:53.191  DEBUG   [poll]    -> read  st2mot    
13:06:53.194  DEBUG   [poll]    <- read  st2mot     ret=0  data=['0x9d', '0x03']
13:06:53.195  DEBUG   [poll]    -> read  st0cur    
13:06:53.199  DEBUG   [poll]    <- read  st0cur     ret=0  data=['0xf6', '0x01', '0xf8', '0x01']
13:06:53.330  DEBUG   [client]  -> read  st2mot    
13:06:53.334  DEBUG   [client]  <- read  st2mot     ret=0  data=['0xcf', '0x03']
13:06:53.530  DEBUG   [client]  -> read  st2mot    
13:06:53.534  DEBUG   [client]  <- read  st2mot     ret=0  data=['0xcf', '0x03']
13:06:53.730  DEBUG   [client]  -> read  st2mot    
13:06:53.734  DEBUG   [client]  <- read  st2mot     ret=0  data=['0xcf', '0x03']
13:06:53.930  DEBUG   [client]  -> read  st2mot    
13:06:53.934  DEBUG   [client]  <- read  st2mot     ret=0  data=['0xcf', '0x03']
13:06:54.130  DEBUG   [client]  -> read  st2mot    
13:06:54.134  DEBUG   [client]  <- read  st2mot     ret=0  data=['0xe8', '0x03']
13:06:54.135  DEBUG   [client]  -> read  st0cur    
13:06:54.140  DEBUG   [client]  <- read  st0cur     ret=0  data=['0xf4', '0x01', '0xf6', '0x01']
13:06:54.201  DEBUG   [poll]    -> read  st2mot    
13:06:54.204  DEBUG   [poll]    <- read  st2mot     ret=0  data=['0xe8', '0x03']
13:06:54.204  DEBUG   [poll]    -> read  st0cur    
13:06:54.209  DEBUG   [poll]    <- read  st0cur     ret=0  data=['0xf4', '0x01', '0xf6', '0x01']
13:06:54.330  DEBUG   [client]  -> read  st2mot    
13:06:54.334  DEBUG   [client]  <- read  st2mot     ret=0  data=['0x01', '0x04']
13:06:54.530  DEBUG   [client]  -> read  st2mot    
13:06:54.534  DEBUG   [client]  <- read  st2mot     ret=0  data=['0xcf', '0x03']
13:06:54.730  DEBUG   [client]  -> read  st2mot    
13:06:54.734  DEBUG   [client]  <- read  st2mot     ret=0  data=['0x01', '0x04']
13:06:54.930  DEBUG   [client]  -> read  st2mot    
13:06:54.934  DEBUG   [client]  <- read  st2mot     ret=0  data=['0xe8', '0x03']
13:06:55.130  DEBUG   [client]  -> read  st2mot    
13:06:55.134  DEBUG   [client]  <- read  st2mot     ret=0  data=['0xe8', '0x03']
13:06:55.135  DEBUG   [client]  -> read  st0cur    
13:06:55.140  DEBUG   [client]  <- read  st0cur     ret=0  data=['0xf4', '0x01', '0xf6', '0x01']
13:06:55.210  DEBUG   [poll]    -> read  st2mot    
13:06:55.214  DEBUG   [poll]    <- read  st2mot     ret=0  data=['0x1a', '0x04']
13:06:55.215  DEBUG   [poll]    -> read  st0cur    
13:06:55.220  DEBUG   [poll]    <- read  st0cur     ret=0  data=['0xf4', '0x01', '0xf6', '0x01']
13:06:55.330  DEBUG   [client]  -> read  st2mot    
13:06:55.334  DEBUG   [client]  <- read  st2mot     ret=0  data=['0xcf', '0x03']
13:06:55.530  DEBUG   [client]  -> read  st2mot    
13:06:55.534  DEBUG   [client]  <- read  st2mot     ret=0  data=['0xe8', '0x03']
13:06:55.730  DEBUG   [client]  -> read  st2mot    
13:06:55.734  DEBUG   [client]  <- read  st2mot     ret=0  data=['0xe8', '0x03']
13:06:55.930  DEBUG   [client]  -> read  st2mot    
13:06:55.934  DEBUG   [client]  <- read  st2mot     ret=0  data=['0x01', '0x04']
13:06:56.130  DEBUG   [client]  -> read  st2mot    
13:06:56.134  DEBUG   [client]  <- read  st2mot     ret=0  data=['0xb6', '0x03']
13:06:56.135  DEBUG   [client]  -> read  st0cur    
13:06:56.140  DEBUG   [client]  <- read  st0cur     ret=0  data=['0xf4', '0x01', '0xf8', '0x01']
13:06:56.221  DEBUG   [poll]    -> read  st2mot    
13:06:56.224  DEBUG   [poll]    <- read  st2mot     ret=0  data=['0xb6', '0x03']
13:06:56.225  DEBUG   [poll]    -> read  st0cur    
13:06:56.229  DEBUG   [poll]    <- read  st0cur     ret=0  data=['0xf4', '0x01', '0xf8', '0x01']
13:06:56.330  DEBUG   [client]  -> read  st2mot    
13:06:56.334  DEBUG   [client]  <- read  st2mot     ret=0  data=['0x1a', '0x04']
13:06:56.530  DEBUG   [client]  -> read  st2mot    
13:06:56.534  DEBUG   [client]  <- read  st2mot     ret=0  data=['0xcf', '0x03']
13:06:56.730  DEBUG   [client]  -> read  st2mot    
13:06:56.734  DEBUG   [client]  <- read  st2mot     ret=0  data=['0x01', '0x04']
13:06:56.930  DEBUG   [client]  -> read  st2mot    
13:06:56.934  DEBUG   [client]  <- read  st2mot     ret=0  data=['0xb6', '0x03']
13:06:57.130  DEBUG   [client]  -> read  st2mot    
13:06:57.134  DEBUG   [client]  <- read  st2mot     ret=0  data=['0x1a', '0x04']
13:06:57.135  DEBUG   [client]  -> read  st0cur    
13:06:57.140  DEBUG   [client]  <- read  st0cur     ret=0  data=['0xf7', '0x01', '0xf5', '0x01']
13:06:57.230  DEBUG   [poll]    -> read  st2mot    
13:06:57.234  DEBUG   [poll]    <- read  st2mot     ret=0  data=['0xe8', '0x03']
13:06:57.234  DEBUG   [poll]    -> read  st0cur    
13:06:57.238  DEBUG   [poll]    <- read  st0cur     ret=0  data=['0xf7', '0x01', '0xf5', '0x01']
13:06:57.330  DEBUG   [client]  -> read  st2mot    
13:06:57.334  DEBUG   [client]  <- read  st2mot     ret=0  data=['0xb6', '0x03']
13:06:57.530  DEBUG   [client]  -> read  st2mot    
13:06:57.534  DEBUG   [client]  <- read  st2mot     ret=0  data=['0xe8', '0x03']
13:06:57.730  DEBUG   [client]  -> read  st2mot    
13:06:57.734  DEBUG   [client]  <- read  st2mot     ret=0  data=['0xe8', '0x03']
13:06:57.930  DEBUG   [client]  -> read  st2mot    
13:06:57.934  DEBUG   [client]  <- read  st2mot     ret=0  data=['0xe8', '0x03']
13:06:57.935  DEBUG   [client]  -> write cntl3mot   data=['0x03', '0x20']
13:06:58.191  DEBUG   [client]  -> write cntl3mot   data=['0x02', '0x58']
13:06:58.240  DEBUG   [poll]    -> read  st2mot    
13:06:58.243  DEBUG   [poll]    <- read  st2mot     ret=0  data=['0xd5', '0x02']
13:06:58.243  DEBUG   [poll]    -> read  st0cur    
13:06:58.247  DEBUG   [poll]    <- read  st0cur     ret=0  data=['0xf6', '0x01', '0xf6', '0x01']
13:06:58.447  DEBUG   [client]  -> write cntl3mot   data=['0x01', '0x90']
13:06:58.703  DEBUG   [client]  -> write cntl3mot   data=['0x00', '0xc8']
13:06:58.958  DEBUG   [client]  -> write cntl3mot   data=['0x00', '0x00']
13:06:58.963  WARNING client disconnected — stopping motor
13:06:58.964  DEBUG   [client]  -> write cntl3mot   data=['0x00', '0x00']
13:06:58.968  INFO    client disconnected
13:06:59.249  DEBUG   [poll]    -> read  st2mot    
13:06:59.252  DEBUG   [poll]    <- read  st2mot     ret=0  data=['0x00', '0x00']
13:06:59.252  DEBUG   [poll]    -> read  st0cur    
13:06:59.256  DEBUG   [poll]    <- read  st0cur     ret=0  data=['0xf6', '0x01', '0xf7', '0x01']
13:06:59.256  WARNING *** OBSERVED STALL SIGNATURE (not acted on yet) — current=-0.49A while rpm=0 ***
13:07:00.258  DEBUG   [poll]    -> read  st2mot    
13:07:00.261  DEBUG   [poll]    <- read  st2mot     ret=0  data=['0x00', '0x00']
13:07:00.262  DEBUG   [poll]    -> read  st0cur    
13:07:00.267  DEBUG   [poll]    <- read  st0cur     ret=0  data=['0xfc', '0x01', '0xfe', '0x01']
13:07:00.267  WARNING *** OBSERVED STALL SIGNATURE (not acted on yet) — current=-0.20A while rpm=0 ***
