13:31:32.406  INFO    === watchdog.py — LIVE bus ===
13:31:32.415  INFO    listening on /tmp/motorwatchdog.sock
13:31:33.416  DEBUG   [poll]    -> read  st2mot    
13:31:33.419  DEBUG   [poll]    <- read  st2mot     ret=0  data=['0x00', '0x00']
13:31:33.423  DEBUG   [poll]    -> read  st0cur    
13:31:33.427  DEBUG   [poll]    <- read  st0cur     ret=0  data=['0xfe', '0x01', '0x01', '0x02']
13:31:34.429  DEBUG   [poll]    -> read  st2mot    
13:31:34.432  DEBUG   [poll]    <- read  st2mot     ret=0  data=['0x00', '0x00']
13:31:34.433  DEBUG   [poll]    -> read  st0cur    
13:31:34.437  DEBUG   [poll]    <- read  st0cur     ret=0  data=['0xfe', '0x01', '0x01', '0x02']
13:31:35.438  DEBUG   [poll]    -> read  st2mot    
13:31:35.442  DEBUG   [poll]    <- read  st2mot     ret=0  data=['0x00', '0x00']
13:31:35.442  DEBUG   [poll]    -> read  st0cur    
13:31:35.447  DEBUG   [poll]    <- read  st0cur     ret=0  data=['0xfe', '0x01', '0x01', '0x02']
13:31:36.448  DEBUG   [poll]    -> read  st2mot    
13:31:36.451  DEBUG   [poll]    <- read  st2mot     ret=0  data=['0x00', '0x00']
13:31:36.451  DEBUG   [poll]    -> read  st0cur    
13:31:36.455  DEBUG   [poll]    <- read  st0cur     ret=0  data=['0xfe', '0x01', '0x01', '0x02']
13:31:37.457  DEBUG   [poll]    -> read  st2mot    
13:31:37.460  DEBUG   [poll]    <- read  st2mot     ret=0  data=['0x00', '0x00']
13:31:37.460  DEBUG   [poll]    -> read  st0cur    
13:31:37.465  DEBUG   [poll]    <- read  st0cur     ret=0  data=['0xfe', '0x01', '0x01', '0x02']
13:31:38.466  DEBUG   [poll]    -> read  st2mot    
13:31:38.470  DEBUG   [poll]    <- read  st2mot     ret=0  data=['0x00', '0x00']
13:31:38.470  DEBUG   [poll]    -> read  st0cur    
13:31:38.475  DEBUG   [poll]    <- read  st0cur     ret=0  data=['0xfe', '0x01', '0x01', '0x02']
13:31:39.476  DEBUG   [poll]    -> read  st2mot    
13:31:39.480  DEBUG   [poll]    <- read  st2mot     ret=0  data=['0x00', '0x00']
13:31:39.480  DEBUG   [poll]    -> read  st0cur    
13:31:39.484  DEBUG   [poll]    <- read  st0cur     ret=0  data=['0xfe', '0x01', '0x01', '0x02']
13:31:40.486  DEBUG   [poll]    -> read  st2mot    
13:31:40.489  DEBUG   [poll]    <- read  st2mot     ret=0  data=['0x00', '0x00']
13:31:40.490  DEBUG   [poll]    -> read  st0cur    
13:31:40.494  DEBUG   [poll]    <- read  st0cur     ret=0  data=['0xfe', '0x01', '0x01', '0x02']
13:31:41.495  DEBUG   [poll]    -> read  st2mot    
13:31:41.499  DEBUG   [poll]    <- read  st2mot     ret=0  data=['0x00', '0x00']
13:31:41.499  DEBUG   [poll]    -> read  st0cur    
13:31:41.503  DEBUG   [poll]    <- read  st0cur     ret=0  data=['0xfe', '0x01', '0x01', '0x02']
13:31:42.505  DEBUG   [poll]    -> read  st2mot    
13:31:42.508  DEBUG   [poll]    <- read  st2mot     ret=0  data=['0x00', '0x00']
13:31:42.509  DEBUG   [poll]    -> read  st0cur    
13:31:42.513  DEBUG   [poll]    <- read  st0cur     ret=0  data=['0xfe', '0x01', '0x01', '0x02']
13:31:43.514  DEBUG   [poll]    -> read  st2mot    
13:31:43.518  DEBUG   [poll]    <- read  st2mot     ret=0  data=['0x00', '0x00']
13:31:43.518  DEBUG   [poll]    -> read  st0cur    
13:31:43.522  DEBUG   [poll]    <- read  st0cur     ret=0  data=['0xfe', '0x01', '0x01', '0x02']
13:31:44.524  DEBUG   [poll]    -> read  st2mot    
13:31:44.527  DEBUG   [poll]    <- read  st2mot     ret=0  data=['0x00', '0x00']
13:31:44.528  DEBUG   [poll]    -> read  st0cur    
13:31:44.532  DEBUG   [poll]    <- read  st0cur     ret=0  data=['0xfe', '0x01', '0x01', '0x02']
13:31:45.533  DEBUG   [poll]    -> read  st2mot    
13:31:45.537  DEBUG   [poll]    <- read  st2mot     ret=0  data=['0x00', '0x00']
13:31:45.537  DEBUG   [poll]    -> read  st0cur    
13:31:45.541  DEBUG   [poll]    <- read  st0cur     ret=0  data=['0xfe', '0x01', '0x01', '0x02']
13:31:46.543  DEBUG   [poll]    -> read  st2mot    
13:31:46.546  DEBUG   [poll]    <- read  st2mot     ret=0  data=['0x00', '0x00']
13:31:46.547  DEBUG   [poll]    -> read  st0cur    
13:31:46.551  DEBUG   [poll]    <- read  st0cur     ret=0  data=['0xfe', '0x01', '0x01', '0x02']
13:31:47.552  DEBUG   [poll]    -> read  st2mot    
13:31:47.556  DEBUG   [poll]    <- read  st2mot     ret=0  data=['0x00', '0x00']
13:31:47.556  DEBUG   [poll]    -> read  st0cur    
13:31:47.560  DEBUG   [poll]    <- read  st0cur     ret=0  data=['0xfe', '0x01', '0x01', '0x02']
13:31:48.562  DEBUG   [poll]    -> read  st2mot    
13:31:48.565  DEBUG   [poll]    <- read  st2mot     ret=0  data=['0x00', '0x00']
13:31:48.566  DEBUG   [poll]    -> read  st0cur    
13:31:48.570  DEBUG   [poll]    <- read  st0cur     ret=0  data=['0xfe', '0x01', '0x01', '0x02']
13:31:49.571  DEBUG   [poll]    -> read  st2mot    
13:31:49.575  DEBUG   [poll]    <- read  st2mot     ret=0  data=['0x00', '0x00']
13:31:49.575  DEBUG   [poll]    -> read  st0cur    
13:31:49.579  DEBUG   [poll]    <- read  st0cur     ret=0  data=['0xfe', '0x01', '0x01', '0x02']
13:31:50.581  DEBUG   [poll]    -> read  st2mot    
13:31:50.584  DEBUG   [poll]    <- read  st2mot     ret=0  data=['0x00', '0x00']
13:31:50.585  DEBUG   [poll]    -> read  st0cur    
13:31:50.589  DEBUG   [poll]    <- read  st0cur     ret=0  data=['0xfe', '0x01', '0x01', '0x02']
13:31:51.591  DEBUG   [poll]    -> read  st2mot    
13:31:51.594  DEBUG   [poll]    <- read  st2mot     ret=0  data=['0x00', '0x00']
13:31:51.594  DEBUG   [poll]    -> read  st0cur    
13:31:51.599  DEBUG   [poll]    <- read  st0cur     ret=0  data=['0xfe', '0x01', '0x01', '0x02']
13:31:52.600  DEBUG   [poll]    -> read  st2mot    
13:31:52.604  DEBUG   [poll]    <- read  st2mot     ret=0  data=['0x00', '0x00']
13:31:52.604  DEBUG   [poll]    -> read  st0cur    
13:31:52.608  DEBUG   [poll]    <- read  st0cur     ret=0  data=['0xfe', '0x01', '0x01', '0x02']
13:31:53.610  DEBUG   [poll]    -> read  st2mot    
13:31:53.613  DEBUG   [poll]    <- read  st2mot     ret=0  data=['0x00', '0x00']
13:31:53.616  DEBUG   [poll]    -> read  st0cur    
13:31:53.621  DEBUG   [poll]    <- read  st0cur     ret=0  data=['0xfe', '0x01', '0x01', '0x02']
13:31:54.622  DEBUG   [poll]    -> read  st2mot    
13:31:54.626  DEBUG   [poll]    <- read  st2mot     ret=0  data=['0x00', '0x00']
13:31:54.626  DEBUG   [poll]    -> read  st0cur    
13:31:54.630  DEBUG   [poll]    <- read  st0cur     ret=0  data=['0xfe', '0x01', '0x01', '0x02']
13:31:55.632  DEBUG   [poll]    -> read  st2mot    
13:31:55.635  DEBUG   [poll]    <- read  st2mot     ret=0  data=['0x00', '0x00']
13:31:55.636  DEBUG   [poll]    -> read  st0cur    
13:31:55.640  DEBUG   [poll]    <- read  st0cur     ret=0  data=['0xfe', '0x01', '0x01', '0x02']
13:31:56.641  DEBUG   [poll]    -> read  st2mot    
13:31:56.645  DEBUG   [poll]    <- read  st2mot     ret=0  data=['0x00', '0x00']
13:31:56.645  DEBUG   [poll]    -> read  st0cur    
13:31:56.649  DEBUG   [poll]    <- read  st0cur     ret=0  data=['0xfe', '0x01', '0x01', '0x02']
13:31:57.651  DEBUG   [poll]    -> read  st2mot    
13:31:57.654  DEBUG   [poll]    <- read  st2mot     ret=0  data=['0x00', '0x00']
13:31:57.654  DEBUG   [poll]    -> read  st0cur    
13:31:57.659  DEBUG   [poll]    <- read  st0cur     ret=0  data=['0xfe', '0x01', '0x01', '0x02']
13:31:58.469  INFO    client connected
13:31:58.470  DEBUG   [client]  -> write cntl3mot   data=['0x00', '0x00']
13:31:58.473  DEBUG   [client]  -> write cntl3mot   data=['0x03', '0xe8']
13:31:58.477  DEBUG   [client]  -> read  st2mot    
13:31:58.480  DEBUG   [client]  <- read  st2mot     ret=0  data=['0x00', '0x00']
13:31:58.481  DEBUG   [client]  -> read  st0cur    
13:31:58.485  DEBUG   [client]  <- read  st0cur     ret=0  data=['0xfe', '0x01', '0x01', '0x02']
13:31:58.660  DEBUG   [poll]    -> read  st2mot    
13:31:58.663  DEBUG   [poll]    <- read  st2mot     ret=0  data=['0x00', '0x00']
13:31:58.666  DEBUG   [poll]    -> read  st0cur    
13:31:58.670  DEBUG   [poll]    <- read  st0cur     ret=0  data=['0xfe', '0x01', '0x01', '0x02']
13:31:58.677  DEBUG   [client]  -> read  st2mot    
13:31:58.680  DEBUG   [client]  <- read  st2mot     ret=0  data=['0x00', '0x00']
13:31:58.877  DEBUG   [client]  -> read  st2mot    
13:31:58.880  DEBUG   [client]  <- read  st2mot     ret=0  data=['0xa3', '0x02']
13:31:59.077  DEBUG   [client]  -> read  st2mot    
13:31:59.081  DEBUG   [client]  <- read  st2mot     ret=0  data=['0x52', '0x03']
13:31:59.278  DEBUG   [client]  -> read  st2mot    
13:31:59.281  DEBUG   [client]  <- read  st2mot     ret=0  data=['0x52', '0x03']
13:31:59.478  DEBUG   [client]  -> read  st2mot    
13:31:59.481  DEBUG   [client]  <- read  st2mot     ret=0  data=['0xb6', '0x03']
13:31:59.483  DEBUG   [client]  -> read  st0cur    
13:31:59.487  DEBUG   [client]  <- read  st0cur     ret=0  data=['0xfa', '0x01', '0xfd', '0x01']
13:31:59.671  DEBUG   [poll]    -> read  st2mot    
13:31:59.675  DEBUG   [poll]    <- read  st2mot     ret=0  data=['0xb6', '0x03']
13:31:59.675  DEBUG   [poll]    -> read  st0cur    
13:31:59.679  DEBUG   [poll]    <- read  st0cur     ret=0  data=['0xfa', '0x01', '0xfd', '0x01']
13:31:59.680  DEBUG   [client]  -> read  st2mot    
13:31:59.683  DEBUG   [client]  <- read  st2mot     ret=0  data=['0xb6', '0x03']
13:31:59.878  DEBUG   [client]  -> read  st2mot    
13:31:59.881  DEBUG   [client]  <- read  st2mot     ret=0  data=['0xe8', '0x03']
13:32:00.078  DEBUG   [client]  -> read  st2mot    
13:32:00.081  DEBUG   [client]  <- read  st2mot     ret=0  data=['0xcf', '0x03']
13:32:00.278  DEBUG   [client]  -> read  st2mot    
13:32:00.281  DEBUG   [client]  <- read  st2mot     ret=0  data=['0xe8', '0x03']
13:32:00.478  DEBUG   [client]  -> read  st2mot    
13:32:00.481  DEBUG   [client]  <- read  st2mot     ret=0  data=['0xcf', '0x03']
13:32:00.483  DEBUG   [client]  -> read  st0cur    
13:32:00.487  DEBUG   [client]  <- read  st0cur     ret=0  data=['0xf4', '0x01', '0xf5', '0x01']
13:32:00.678  DEBUG   [client]  -> read  st2mot    
13:32:00.681  DEBUG   [client]  <- read  st2mot     ret=0  data=['0xe8', '0x03']
13:32:00.682  DEBUG   [poll]    -> read  st2mot    
13:32:00.685  DEBUG   [poll]    <- read  st2mot     ret=0  data=['0xe8', '0x03']
13:32:00.686  DEBUG   [poll]    -> read  st0cur    
13:32:00.690  DEBUG   [poll]    <- read  st0cur     ret=0  data=['0xf4', '0x01', '0xf5', '0x01']
13:32:00.878  DEBUG   [client]  -> read  st2mot    
13:32:00.881  DEBUG   [client]  <- read  st2mot     ret=0  data=['0xe8', '0x03']
13:32:01.078  DEBUG   [client]  -> read  st2mot    
13:32:01.081  DEBUG   [client]  <- read  st2mot     ret=0  data=['0xe8', '0x03']
13:32:01.278  DEBUG   [client]  -> read  st2mot    
13:32:01.281  DEBUG   [client]  <- read  st2mot     ret=0  data=['0xe8', '0x03']
13:32:01.478  DEBUG   [client]  -> read  st2mot    
13:32:01.481  DEBUG   [client]  <- read  st2mot     ret=0  data=['0xcf', '0x03']
13:32:01.483  DEBUG   [client]  -> read  st0cur    
13:32:01.487  DEBUG   [client]  <- read  st0cur     ret=0  data=['0xf5', '0x01', '0xf7', '0x01']
13:32:01.678  DEBUG   [client]  -> read  st2mot    
13:32:01.681  DEBUG   [client]  <- read  st2mot     ret=0  data=['0xe8', '0x03']
13:32:01.692  DEBUG   [poll]    -> read  st2mot    
13:32:01.695  DEBUG   [poll]    <- read  st2mot     ret=0  data=['0xe8', '0x03']
13:32:01.695  DEBUG   [poll]    -> read  st0cur    
13:32:01.700  DEBUG   [poll]    <- read  st0cur     ret=0  data=['0xf5', '0x01', '0xf7', '0x01']
13:32:01.878  DEBUG   [client]  -> read  st2mot    
13:32:01.881  DEBUG   [client]  <- read  st2mot     ret=0  data=['0xcf', '0x03']
13:32:02.078  DEBUG   [client]  -> read  st2mot    
13:32:02.081  DEBUG   [client]  <- read  st2mot     ret=0  data=['0xe8', '0x03']
13:32:02.278  DEBUG   [client]  -> read  st2mot    
13:32:02.281  DEBUG   [client]  <- read  st2mot     ret=0  data=['0xe8', '0x03']
13:32:02.478  DEBUG   [client]  -> read  st2mot    
13:32:02.481  DEBUG   [client]  <- read  st2mot     ret=0  data=['0xe8', '0x03']
13:32:02.483  DEBUG   [client]  -> read  st0cur    
13:32:02.487  DEBUG   [client]  <- read  st0cur     ret=0  data=['0xf6', '0x01', '0xf6', '0x01']
13:32:02.678  DEBUG   [client]  -> read  st2mot    
13:32:02.681  DEBUG   [client]  <- read  st2mot     ret=0  data=['0xcf', '0x03']
13:32:02.701  DEBUG   [poll]    -> read  st2mot    
13:32:02.705  DEBUG   [poll]    <- read  st2mot     ret=0  data=['0xcf', '0x03']
13:32:02.705  DEBUG   [poll]    -> read  st0cur    
13:32:02.710  DEBUG   [poll]    <- read  st0cur     ret=0  data=['0xf6', '0x01', '0xf6', '0x01']
13:32:02.878  DEBUG   [client]  -> read  st2mot    
13:32:02.881  DEBUG   [client]  <- read  st2mot     ret=0  data=['0x01', '0x04']
13:32:03.078  DEBUG   [client]  -> read  st2mot    
13:32:03.081  DEBUG   [client]  <- read  st2mot     ret=0  data=['0x01', '0x04']
13:32:03.278  DEBUG   [client]  -> read  st2mot    
13:32:03.281  DEBUG   [client]  <- read  st2mot     ret=0  data=['0xe8', '0x03']
13:32:03.478  DEBUG   [client]  -> read  st2mot    
13:32:03.481  DEBUG   [client]  <- read  st2mot     ret=0  data=['0x01', '0x04']
13:32:03.483  DEBUG   [client]  -> read  st0cur    
13:32:03.487  DEBUG   [client]  <- read  st0cur     ret=0  data=['0xf6', '0x01', '0xf4', '0x01']
13:32:03.678  DEBUG   [client]  -> read  st2mot    
13:32:03.684  DEBUG   [client]  <- read  st2mot     ret=0  data=['0xcf', '0x03']
13:32:03.711  DEBUG   [poll]    -> read  st2mot    
13:32:03.715  DEBUG   [poll]    <- read  st2mot     ret=0  data=['0x01', '0x04']
13:32:03.715  DEBUG   [poll]    -> read  st0cur    
13:32:03.720  DEBUG   [poll]    <- read  st0cur     ret=0  data=['0xf6', '0x01', '0xf4', '0x01']
13:32:03.878  DEBUG   [client]  -> read  st2mot    
13:32:03.881  DEBUG   [client]  <- read  st2mot     ret=0  data=['0xe8', '0x03']
13:32:04.078  DEBUG   [client]  -> read  st2mot    
13:32:04.081  DEBUG   [client]  <- read  st2mot     ret=0  data=['0xe8', '0x03']
13:32:04.278  DEBUG   [client]  -> read  st2mot    
13:32:04.281  DEBUG   [client]  <- read  st2mot     ret=0  data=['0xe8', '0x03']
13:32:04.478  DEBUG   [client]  -> read  st2mot    
13:32:04.481  DEBUG   [client]  <- read  st2mot     ret=0  data=['0xcf', '0x03']
13:32:04.483  DEBUG   [client]  -> read  st0cur    
13:32:04.487  DEBUG   [client]  <- read  st0cur     ret=0  data=['0xf6', '0x01', '0xf8', '0x01']
13:32:04.678  DEBUG   [client]  -> read  st2mot    
13:32:04.681  DEBUG   [client]  <- read  st2mot     ret=0  data=['0x01', '0x04']
13:32:04.721  DEBUG   [poll]    -> read  st2mot    
13:32:04.725  DEBUG   [poll]    <- read  st2mot     ret=0  data=['0xe8', '0x03']
13:32:04.725  DEBUG   [poll]    -> read  st0cur    
13:32:04.730  DEBUG   [poll]    <- read  st0cur     ret=0  data=['0xf6', '0x01', '0xf8', '0x01']
13:32:04.878  DEBUG   [client]  -> read  st2mot    
13:32:04.881  DEBUG   [client]  <- read  st2mot     ret=0  data=['0xe8', '0x03']
13:32:05.078  DEBUG   [client]  -> read  st2mot    
13:32:05.081  DEBUG   [client]  <- read  st2mot     ret=0  data=['0xe8', '0x03']
13:32:05.278  DEBUG   [client]  -> read  st2mot    
13:32:05.281  DEBUG   [client]  <- read  st2mot     ret=0  data=['0xe8', '0x03']
13:32:05.283  DEBUG   [client]  -> write cntl3mot   data=['0x03', '0x20']
13:32:05.539  DEBUG   [client]  -> write cntl3mot   data=['0x02', '0x58']
13:32:05.732  DEBUG   [poll]    -> read  st2mot    
13:32:05.735  DEBUG   [poll]    <- read  st2mot     ret=0  data=['0x58', '0x02']
13:32:05.736  DEBUG   [poll]    -> read  st0cur    
13:32:05.740  DEBUG   [poll]    <- read  st0cur     ret=0  data=['0xf5', '0x01', '0xf8', '0x01']
13:32:05.794  DEBUG   [client]  -> write cntl3mot   data=['0x01', '0x90']
13:32:06.050  DEBUG   [client]  -> write cntl3mot   data=['0x00', '0xc8']
13:32:06.306  DEBUG   [client]  -> write cntl3mot   data=['0x00', '0x00']
13:32:06.310  WARNING client disconnected — stopping motor
13:32:06.311  DEBUG   [client]  -> write cntl3mot   data=['0x00', '0x00']
13:32:06.315  INFO    client disconnected
13:32:06.741  DEBUG   [poll]    -> read  st2mot    
13:32:06.745  DEBUG   [poll]    <- read  st2mot     ret=0  data=['0x00', '0x00']
13:32:06.745  DEBUG   [poll]    -> read  st0cur    
13:32:06.749  DEBUG   [poll]    <- read  st0cur     ret=0  data=['0xf7', '0x01', '0xf8', '0x01']
13:32:06.750  WARNING *** OBSERVED STALL SIGNATURE (not acted on yet) — current=-0.44A while rpm=0 ***
13:32:07.752  DEBUG   [poll]    -> read  st2mot    
13:32:07.755  DEBUG   [poll]    <- read  st2mot     ret=0  data=['0x00', '0x00']
13:32:07.755  DEBUG   [poll]    -> read  st0cur    
13:32:07.760  DEBUG   [poll]    <- read  st0cur     ret=0  data=['0xfc', '0x01', '0xff', '0x01']
13:32:07.760  WARNING *** OBSERVED STALL SIGNATURE (not acted on yet) — current=-0.20A while rpm=0 ***
13:32:08.762  DEBUG   [poll]    -> read  st2mot    
13:32:08.765  DEBUG   [poll]    <- read  st2mot     ret=0  data=['0x00', '0x00']
13:32:08.767  DEBUG   [poll]    -> read  st0cur    
13:32:08.772  DEBUG   [poll]    <- read  st0cur     ret=0  data=['0xfe', '0x01', '0x01', '0x02']
13:32:09.773  DEBUG   [poll]    -> read  st2mot    
13:32:09.776  DEBUG   [poll]    <- read  st2mot     ret=0  data=['0x00', '0x00']
13:32:09.777  DEBUG   [poll]    -> read  st0cur    
13:32:09.781  DEBUG   [poll]    <- read  st0cur     ret=0  data=['0xfe', '0x01', '0x01', '0x02']
13:32:10.783  DEBUG   [poll]    -> read  st2mot    
13:32:10.786  DEBUG   [poll]    <- read  st2mot     ret=0  data=['0x00', '0x00']
13:32:10.786  DEBUG   [poll]    -> read  st0cur    
13:32:10.791  DEBUG   [poll]    <- read  st0cur     ret=0  data=['0xfe', '0x01', '0x01', '0x02']
13:32:11.792  DEBUG   [poll]    -> read  st2mot    
13:32:11.796  DEBUG   [poll]    <- read  st2mot     ret=0  data=['0x00', '0x00']
13:32:11.796  DEBUG   [poll]    -> read  st0cur    
13:32:11.800  DEBUG   [poll]    <- read  st0cur     ret=0  data=['0xfe', '0x01', '0x01', '0x02']
13:32:12.802  DEBUG   [poll]    -> read  st2mot    
13:32:12.805  DEBUG   [poll]    <- read  st2mot     ret=0  data=['0x00', '0x00']
13:32:12.805  DEBUG   [poll]    -> read  st0cur    
13:32:12.810  DEBUG   [poll]    <- read  st0cur     ret=0  data=['0xfe', '0x01', '0x01', '0x02']
13:32:13.811  DEBUG   [poll]    -> read  st2mot    
13:32:13.815  DEBUG   [poll]    <- read  st2mot     ret=0  data=['0x00', '0x00']
13:32:13.815  DEBUG   [poll]    -> read  st0cur    
13:32:13.819  DEBUG   [poll]    <- read  st0cur     ret=0  data=['0xfe', '0x01', '0x01', '0x02']
13:32:14.821  DEBUG   [poll]    -> read  st2mot    
13:32:14.825  DEBUG   [poll]    <- read  st2mot     ret=0  data=['0x00', '0x00']
13:32:14.825  DEBUG   [poll]    -> read  st0cur    
13:32:14.829  DEBUG   [poll]    <- read  st0cur     ret=0  data=['0xfe', '0x01', '0x01', '0x02']
13:32:15.831  DEBUG   [poll]    -> read  st2mot    
13:32:15.834  DEBUG   [poll]    <- read  st2mot     ret=0  data=['0x00', '0x00']
13:32:15.834  DEBUG   [poll]    -> read  st0cur    
13:32:15.839  DEBUG   [poll]    <- read  st0cur     ret=0  data=['0xfd', '0x01', '0x01', '0x02']
13:32:16.840  DEBUG   [poll]    -> read  st2mot    
13:32:16.844  DEBUG   [poll]    <- read  st2mot     ret=0  data=['0x00', '0x00']
13:32:16.844  DEBUG   [poll]    -> read  st0cur    
13:32:16.848  DEBUG   [poll]    <- read  st0cur     ret=0  data=['0xfe', '0x01', '0x01', '0x02']
13:32:17.850  DEBUG   [poll]    -> read  st2mot    
13:32:17.853  DEBUG   [poll]    <- read  st2mot     ret=0  data=['0x00', '0x00']
13:32:17.854  DEBUG   [poll]    -> read  st0cur    
13:32:17.858  DEBUG   [poll]    <- read  st0cur     ret=0  data=['0xfe', '0x01', '0x01', '0x02']
13:32:18.859  DEBUG   [poll]    -> read  st2mot    
13:32:18.863  DEBUG   [poll]    <- read  st2mot     ret=0  data=['0x00', '0x00']
13:32:18.863  DEBUG   [poll]    -> read  st0cur    
13:32:18.868  DEBUG   [poll]    <- read  st0cur     ret=0  data=['0xfe', '0x01', '0x01', '0x02']
13:32:19.869  DEBUG   [poll]    -> read  st2mot    
13:32:19.873  DEBUG   [poll]    <- read  st2mot     ret=0  data=['0x00', '0x00']
13:32:19.873  DEBUG   [poll]    -> read  st0cur    
13:32:19.877  DEBUG   [poll]    <- read  st0cur     ret=0  data=['0xfe', '0x01', '0x01', '0x02']
13:32:20.879  DEBUG   [poll]    -> read  st2mot    
13:32:20.882  DEBUG   [poll]    <- read  st2mot     ret=0  data=['0x00', '0x00']
13:32:20.882  DEBUG   [poll]    -> read  st0cur    
13:32:20.887  DEBUG   [poll]    <- read  st0cur     ret=0  data=['0xfe', '0x01', '0x01', '0x02']
13:32:21.888  DEBUG   [poll]    -> read  st2mot    
13:32:21.892  DEBUG   [poll]    <- read  st2mot     ret=0  data=['0x00', '0x00']
13:32:21.892  DEBUG   [poll]    -> read  st0cur    
13:32:21.896  DEBUG   [poll]    <- read  st0cur     ret=0  data=['0xfe', '0x01', '0x01', '0x02']
13:32:22.898  DEBUG   [poll]    -> read  st2mot    
13:32:22.901  DEBUG   [poll]    <- read  st2mot     ret=0  data=['0x00', '0x00']
13:32:22.902  DEBUG   [poll]    -> read  st0cur    
13:32:22.906  DEBUG   [poll]    <- read  st0cur     ret=0  data=['0xfe', '0x01', '0x01', '0x02']
13:32:23.907  DEBUG   [poll]    -> read  st2mot    
13:32:23.911  DEBUG   [poll]    <- read  st2mot     ret=0  data=['0x00', '0x00']
13:32:23.911  DEBUG   [poll]    -> read  st0cur    
13:32:23.916  DEBUG   [poll]    <- read  st0cur     ret=0  data=['0xfe', '0x01', '0x01', '0x02']
13:32:24.917  DEBUG   [poll]    -> read  st2mot    
13:32:24.920  DEBUG   [poll]    <- read  st2mot     ret=0  data=['0x00', '0x00']
13:32:24.921  DEBUG   [poll]    -> read  st0cur    
13:32:24.925  DEBUG   [poll]    <- read  st0cur     ret=0  data=['0xfe', '0x01', '0x01', '0x02']
13:32:25.926  DEBUG   [poll]    -> read  st2mot    
13:32:25.930  DEBUG   [poll]    <- read  st2mot     ret=0  data=['0x00', '0x00']
13:32:25.930  DEBUG   [poll]    -> read  st0cur    
13:32:25.934  DEBUG   [poll]    <- read  st0cur     ret=0  data=['0xfe', '0x01', '0x01', '0x02']
13:32:26.936  DEBUG   [poll]    -> read  st2mot    
13:32:26.939  DEBUG   [poll]    <- read  st2mot     ret=0  data=['0x00', '0x00']
13:32:26.939  DEBUG   [poll]    -> read  st0cur    
13:32:26.944  DEBUG   [poll]    <- read  st0cur     ret=0  data=['0xfe', '0x01', '0x01', '0x02']
13:32:27.945  DEBUG   [poll]    -> read  st2mot    
13:32:27.949  DEBUG   [poll]    <- read  st2mot     ret=0  data=['0x00', '0x00']
13:32:27.949  DEBUG   [poll]    -> read  st0cur    
13:32:27.953  DEBUG   [poll]    <- read  st0cur     ret=0  data=['0xfe', '0x01', '0x01', '0x02']
13:32:28.955  DEBUG   [poll]    -> read  st2mot    
13:32:28.958  DEBUG   [poll]    <- read  st2mot     ret=0  data=['0x00', '0x00']
13:32:28.959  DEBUG   [poll]    -> read  st0cur    
13:32:28.963  DEBUG   [poll]    <- read  st0cur     ret=0  data=['0xfe', '0x01', '0x01', '0x02']
13:32:29.965  DEBUG   [poll]    -> read  st2mot    
13:32:29.968  DEBUG   [poll]    <- read  st2mot     ret=0  data=['0x00', '0x00']
13:32:29.968  DEBUG   [poll]    -> read  st0cur    
13:32:29.973  DEBUG   [poll]    <- read  st0cur     ret=0  data=['0xfe', '0x01', '0x01', '0x02']
13:32:30.974  DEBUG   [poll]    -> read  st2mot    
13:32:30.977  DEBUG   [poll]    <- read  st2mot     ret=0  data=['0x00', '0x00']
13:32:30.978  DEBUG   [poll]    -> read  st0cur    
13:32:30.982  DEBUG   [poll]    <- read  st0cur     ret=0  data=['0xfe', '0x01', '0x01', '0x02']
13:32:31.984  DEBUG   [poll]    -> read  st2mot    
13:32:31.987  DEBUG   [poll]    <- read  st2mot     ret=0  data=['0x00', '0x00']
13:32:31.987  DEBUG   [poll]    -> read  st0cur    
13:32:31.992  DEBUG   [poll]    <- read  st0cur     ret=0  data=['0xfe', '0x01', '0x01', '0x02']
13:32:32.993  DEBUG   [poll]    -> read  st2mot    
13:32:32.996  DEBUG   [poll]    <- read  st2mot     ret=0  data=['0x00', '0x00']
13:32:32.997  DEBUG   [poll]    -> read  st0cur    
13:32:33.001  DEBUG   [poll]    <- read  st0cur     ret=0  data=['0xfe', '0x01', '0x01', '0x02']
13:32:34.002  DEBUG   [poll]    -> read  st2mot    
13:32:34.006  DEBUG   [poll]    <- read  st2mot     ret=0  data=['0x00', '0x00']
13:32:34.008  DEBUG   [poll]    -> read  st0cur    
13:32:34.012  DEBUG   [poll]    <- read  st0cur     ret=0  data=['0xfe', '0x01', '0x01', '0x02']
13:32:35.013  DEBUG   [poll]    -> read  st2mot    
13:32:35.017  DEBUG   [poll]    <- read  st2mot     ret=0  data=['0x00', '0x00']
13:32:35.017  DEBUG   [poll]    -> read  st0cur    
13:32:35.022  DEBUG   [poll]    <- read  st0cur     ret=0  data=['0xfe', '0x01', '0x01', '0x02']
13:32:36.023  DEBUG   [poll]    -> read  st2mot    
13:32:36.026  DEBUG   [poll]    <- read  st2mot     ret=0  data=['0x00', '0x00']
13:32:36.027  DEBUG   [poll]    -> read  st0cur    
13:32:36.031  DEBUG   [poll]    <- read  st0cur     ret=0  data=['0xfe', '0x01', '0x01', '0x02']
13:32:37.032  DEBUG   [poll]    -> read  st2mot    
13:32:37.036  DEBUG   [poll]    <- read  st2mot     ret=0  data=['0x00', '0x00']
13:32:37.036  DEBUG   [poll]    -> read  st0cur    
13:32:37.040  DEBUG   [poll]    <- read  st0cur     ret=0  data=['0xfe', '0x01', '0x01', '0x02']
13:32:38.042  DEBUG   [poll]    -> read  st2mot    
13:32:38.045  DEBUG   [poll]    <- read  st2mot     ret=0  data=['0x00', '0x00']
13:32:38.046  DEBUG   [poll]    -> read  st0cur    
13:32:38.050  DEBUG   [poll]    <- read  st0cur     ret=0  data=['0xfe', '0x01', '0x01', '0x02']
13:32:39.051  DEBUG   [poll]    -> read  st2mot    
13:32:39.055  DEBUG   [poll]    <- read  st2mot     ret=0  data=['0x00', '0x00']
13:32:39.055  DEBUG   [poll]    -> read  st0cur    
13:32:39.060  DEBUG   [poll]    <- read  st0cur     ret=0  data=['0xfe', '0x01', '0x01', '0x02']
13:32:40.061  DEBUG   [poll]    -> read  st2mot    
13:32:40.065  DEBUG   [poll]    <- read  st2mot     ret=0  data=['0x00', '0x00']
13:32:40.065  DEBUG   [poll]    -> read  st0cur    
13:32:40.069  DEBUG   [poll]    <- read  st0cur     ret=0  data=['0xfe', '0x01', '0x01', '0x02']
13:32:41.071  DEBUG   [poll]    -> read  st2mot    
13:32:41.074  DEBUG   [poll]    <- read  st2mot     ret=0  data=['0x00', '0x00']
13:32:41.074  DEBUG   [poll]    -> read  st0cur    
13:32:41.079  DEBUG   [poll]    <- read  st0cur     ret=0  data=['0xfe', '0x01', '0x01', '0x02']
13:32:42.080  DEBUG   [poll]    -> read  st2mot    
13:32:42.083  DEBUG   [poll]    <- read  st2mot     ret=0  data=['0x00', '0x00']
13:32:42.084  DEBUG   [poll]    -> read  st0cur    
13:32:42.088  DEBUG   [poll]    <- read  st0cur     ret=0  data=['0xfe', '0x01', '0x01', '0x02']
13:32:43.089  DEBUG   [poll]    -> read  st2mot    
13:32:43.093  DEBUG   [poll]    <- read  st2mot     ret=0  data=['0x00', '0x00']
13:32:43.093  DEBUG   [poll]    -> read  st0cur    
13:32:43.097  DEBUG   [poll]    <- read  st0cur     ret=0  data=['0xfe', '0x01', '0x01', '0x02']
13:32:44.099  DEBUG   [poll]    -> read  st2mot    
13:32:44.102  DEBUG   [poll]    <- read  st2mot     ret=0  data=['0x00', '0x00']
13:32:44.103  DEBUG   [poll]    -> read  st0cur    
13:32:44.107  DEBUG   [poll]    <- read  st0cur     ret=0  data=['0xfe', '0x01', '0x01', '0x02']
13:32:45.109  DEBUG   [poll]    -> read  st2mot    
13:32:45.112  DEBUG   [poll]    <- read  st2mot     ret=0  data=['0x00', '0x00']
13:32:45.112  DEBUG   [poll]    -> read  st0cur    
13:32:45.117  DEBUG   [poll]    <- read  st0cur     ret=0  data=['0xfe', '0x01', '0x01', '0x02']
13:32:46.118  DEBUG   [poll]    -> read  st2mot    
13:32:46.121  DEBUG   [poll]    <- read  st2mot     ret=0  data=['0x00', '0x00']
13:32:46.122  DEBUG   [poll]    -> read  st0cur    
13:32:46.126  DEBUG   [poll]    <- read  st0cur     ret=0  data=['0xfe', '0x01', '0x01', '0x02']
13:32:47.128  DEBUG   [poll]    -> read  st2mot    
13:32:47.131  DEBUG   [poll]    <- read  st2mot     ret=0  data=['0x00', '0x00']
13:32:47.131  DEBUG   [poll]    -> read  st0cur    
13:32:47.136  DEBUG   [poll]    <- read  st0cur     ret=0  data=['0xfe', '0x01', '0x01', '0x02']
13:32:48.137  DEBUG   [poll]    -> read  st2mot    
13:32:48.140  DEBUG   [poll]    <- read  st2mot     ret=0  data=['0x00', '0x00']
13:32:48.141  DEBUG   [poll]    -> read  st0cur    
13:32:48.145  DEBUG   [poll]    <- read  st0cur     ret=0  data=['0xfe', '0x01', '0x01', '0x02']
13:32:49.146  DEBUG   [poll]    -> read  st2mot    
13:32:49.150  DEBUG   [poll]    <- read  st2mot     ret=0  data=['0x00', '0x00']
13:32:49.150  DEBUG   [poll]    -> read  st0cur    
13:32:49.155  DEBUG   [poll]    <- read  st0cur     ret=0  data=['0xfe', '0x01', '0x01', '0x02']
13:32:50.156  DEBUG   [poll]    -> read  st2mot    
13:32:50.160  DEBUG   [poll]    <- read  st2mot     ret=0  data=['0x00', '0x00']
13:32:50.160  DEBUG   [poll]    -> read  st0cur    
13:32:50.164  DEBUG   [poll]    <- read  st0cur     ret=0  data=['0xfe', '0x01', '0x01', '0x02']
13:32:51.166  DEBUG   [poll]    -> read  st2mot    
13:32:51.169  DEBUG   [poll]    <- read  st2mot     ret=0  data=['0x00', '0x00']
13:32:51.169  DEBUG   [poll]    -> read  st0cur    
13:32:51.174  DEBUG   [poll]    <- read  st0cur     ret=0  data=['0xfe', '0x01', '0x01', '0x02']
13:32:52.175  DEBUG   [poll]    -> read  st2mot    
13:32:52.178  DEBUG   [poll]    <- read  st2mot     ret=0  data=['0x00', '0x00']
13:32:52.179  DEBUG   [poll]    -> read  st0cur    
13:32:52.183  DEBUG   [poll]    <- read  st0cur     ret=0  data=['0xfe', '0x01', '0x01', '0x02']
13:32:53.185  DEBUG   [poll]    -> read  st2mot    
13:32:53.188  DEBUG   [poll]    <- read  st2mot     ret=0  data=['0x00', '0x00']
13:32:53.188  DEBUG   [poll]    -> read  st0cur    
13:32:53.192  DEBUG   [poll]    <- read  st0cur     ret=0  data=['0xfe', '0x01', '0x01', '0x02']
13:32:54.194  DEBUG   [poll]    -> read  st2mot    
13:32:54.197  DEBUG   [poll]    <- read  st2mot     ret=0  data=['0x00', '0x00']
13:32:54.198  DEBUG   [poll]    -> read  st0cur    
13:32:54.202  DEBUG   [poll]    <- read  st0cur     ret=0  data=['0xfe', '0x01', '0x01', '0x02']
13:32:55.204  DEBUG   [poll]    -> read  st2mot    
13:32:55.207  DEBUG   [poll]    <- read  st2mot     ret=0  data=['0x00', '0x00']
13:32:55.207  DEBUG   [poll]    -> read  st0cur    
13:32:55.212  DEBUG   [poll]    <- read  st0cur     ret=0  data=['0xfe', '0x01', '0x01', '0x02']
13:32:56.213  DEBUG   [poll]    -> read  st2mot    
13:32:56.216  DEBUG   [poll]    <- read  st2mot     ret=0  data=['0x00', '0x00']
13:32:56.217  DEBUG   [poll]    -> read  st0cur    
13:32:56.221  DEBUG   [poll]    <- read  st0cur     ret=0  data=['0xfe', '0x01', '0x01', '0x02']
13:32:57.223  DEBUG   [poll]    -> read  st2mot    
13:32:57.226  DEBUG   [poll]    <- read  st2mot     ret=0  data=['0x00', '0x00']
13:32:57.226  DEBUG   [poll]    -> read  st0cur    
13:32:57.231  DEBUG   [poll]    <- read  st0cur     ret=0  data=['0xfe', '0x01', '0x01', '0x02']
13:32:58.232  DEBUG   [poll]    -> read  st2mot    
13:32:58.235  DEBUG   [poll]    <- read  st2mot     ret=0  data=['0x00', '0x00']
13:32:58.236  DEBUG   [poll]    -> read  st0cur    
13:32:58.240  DEBUG   [poll]    <- read  st0cur     ret=0  data=['0xfe', '0x01', '0x01', '0x02']
13:32:59.241  DEBUG   [poll]    -> read  st2mot    
13:32:59.245  DEBUG   [poll]    <- read  st2mot     ret=0  data=['0x00', '0x00']
13:32:59.245  DEBUG   [poll]    -> read  st0cur    
13:32:59.250  DEBUG   [poll]    <- read  st0cur     ret=0  data=['0xfe', '0x01', '0x01', '0x02']
13:33:00.251  DEBUG   [poll]    -> read  st2mot    
13:33:00.255  DEBUG   [poll]    <- read  st2mot     ret=0  data=['0x00', '0x00']
13:33:00.255  DEBUG   [poll]    -> read  st0cur    
13:33:00.259  DEBUG   [poll]    <- read  st0cur     ret=0  data=['0xfe', '0x01', '0x01', '0x02']
13:33:01.261  DEBUG   [poll]    -> read  st2mot    
13:33:01.264  DEBUG   [poll]    <- read  st2mot     ret=0  data=['0x00', '0x00']
13:33:01.265  DEBUG   [poll]    -> read  st0cur    
13:33:01.269  DEBUG   [poll]    <- read  st0cur     ret=0  data=['0xfe', '0x01', '0x01', '0x02']
13:33:02.270  DEBUG   [poll]    -> read  st2mot    
13:33:02.274  DEBUG   [poll]    <- read  st2mot     ret=0  data=['0x00', '0x00']
13:33:02.274  DEBUG   [poll]    -> read  st0cur    
13:33:02.279  DEBUG   [poll]    <- read  st0cur     ret=0  data=['0xfe', '0x01', '0x01', '0x02']
13:33:03.280  DEBUG   [poll]    -> read  st2mot    
13:33:03.283  DEBUG   [poll]    <- read  st2mot     ret=0  data=['0x00', '0x00']
13:33:03.284  DEBUG   [poll]    -> read  st0cur    
13:33:03.288  DEBUG   [poll]    <- read  st0cur     ret=0  data=['0xfe', '0x01', '0x01', '0x02']
13:33:04.289  DEBUG   [poll]    -> read  st2mot    
13:33:04.293  DEBUG   [poll]    <- read  st2mot     ret=0  data=['0x00', '0x00']
13:33:04.293  DEBUG   [poll]    -> read  st0cur    
13:33:04.297  DEBUG   [poll]    <- read  st0cur     ret=0  data=['0xfe', '0x01', '0x01', '0x02']
13:33:05.299  DEBUG   [poll]    -> read  st2mot    
13:33:05.302  DEBUG   [poll]    <- read  st2mot     ret=0  data=['0x00', '0x00']
13:33:05.303  DEBUG   [poll]    -> read  st0cur    
13:33:05.307  DEBUG   [poll]    <- read  st0cur     ret=0  data=['0xfd', '0x01', '0x01', '0x02']
13:33:06.308  DEBUG   [poll]    -> read  st2mot    
13:33:06.312  DEBUG   [poll]    <- read  st2mot     ret=0  data=['0x00', '0x00']
13:33:06.312  DEBUG   [poll]    -> read  st0cur    
13:33:06.316  DEBUG   [poll]    <- read  st0cur     ret=0  data=['0xfe', '0x01', '0x01', '0x02']
13:33:07.318  DEBUG   [poll]    -> read  st2mot    
13:33:07.321  DEBUG   [poll]    <- read  st2mot     ret=0  data=['0x00', '0x00']
13:33:07.322  DEBUG   [poll]    -> read  st0cur    
13:33:07.326  DEBUG   [poll]    <- read  st0cur     ret=0  data=['0xfe', '0x01', '0x01', '0x02']
13:33:08.327  DEBUG   [poll]    -> read  st2mot    
13:33:08.331  DEBUG   [poll]    <- read  st2mot     ret=0  data=['0x00', '0x00']
13:33:08.331  DEBUG   [poll]    -> read  st0cur    
13:33:08.335  DEBUG   [poll]    <- read  st0cur     ret=0  data=['0xfe', '0x01', '0x01', '0x02']
13:33:09.337  DEBUG   [poll]    -> read  st2mot    
13:33:09.340  DEBUG   [poll]    <- read  st2mot     ret=0  data=['0x00', '0x00']
13:33:09.341  DEBUG   [poll]    -> read  st0cur    
13:33:09.345  DEBUG   [poll]    <- read  st0cur     ret=0  data=['0xfe', '0x01', '0x01', '0x02']
13:33:10.346  DEBUG   [poll]    -> read  st2mot    
13:33:10.350  DEBUG   [poll]    <- read  st2mot     ret=0  data=['0x00', '0x00']
13:33:10.350  DEBUG   [poll]    -> read  st0cur    
13:33:10.354  DEBUG   [poll]    <- read  st0cur     ret=0  data=['0xfe', '0x01', '0x01', '0x02']
13:33:11.356  DEBUG   [poll]    -> read  st2mot    
13:33:11.359  DEBUG   [poll]    <- read  st2mot     ret=0  data=['0x00', '0x00']
13:33:11.359  DEBUG   [poll]    -> read  st0cur    
13:33:11.364  DEBUG   [poll]    <- read  st0cur     ret=0  data=['0xfe', '0x01', '0x01', '0x02']
13:33:12.365  DEBUG   [poll]    -> read  st2mot    
13:33:12.369  DEBUG   [poll]    <- read  st2mot     ret=0  data=['0x00', '0x00']
13:33:12.369  DEBUG   [poll]    -> read  st0cur    
13:33:12.373  DEBUG   [poll]    <- read  st0cur     ret=0  data=['0xfd', '0x01', '0x01', '0x02']
13:33:13.375  DEBUG   [poll]    -> read  st2mot    
13:33:13.378  DEBUG   [poll]    <- read  st2mot     ret=0  data=['0x00', '0x00']
13:33:13.378  DEBUG   [poll]    -> read  st0cur    
13:33:13.382  DEBUG   [poll]    <- read  st0cur     ret=0  data=['0xfe', '0x01', '0x01', '0x02']
13:33:14.384  DEBUG   [poll]    -> read  st2mot    
13:33:14.387  DEBUG   [poll]    <- read  st2mot     ret=0  data=['0x00', '0x00']
13:33:14.390  DEBUG   [poll]    -> read  st0cur    
13:33:14.395  DEBUG   [poll]    <- read  st0cur     ret=0  data=['0xfe', '0x01', '0x01', '0x02']
13:33:15.396  DEBUG   [poll]    -> read  st2mot    
13:33:15.400  DEBUG   [poll]    <- read  st2mot     ret=0  data=['0x00', '0x00']
13:33:15.400  DEBUG   [poll]    -> read  st0cur    
13:33:15.404  DEBUG   [poll]    <- read  st0cur     ret=0  data=['0xfd', '0x01', '0x01', '0x02']
13:33:16.406  DEBUG   [poll]    -> read  st2mot    
13:33:16.409  DEBUG   [poll]    <- read  st2mot     ret=0  data=['0x00', '0x00']
13:33:16.410  DEBUG   [poll]    -> read  st0cur    
13:33:16.414  DEBUG   [poll]    <- read  st0cur     ret=0  data=['0xfe', '0x01', '0x01', '0x02']
13:33:17.415  DEBUG   [poll]    -> read  st2mot    
13:33:17.419  DEBUG   [poll]    <- read  st2mot     ret=0  data=['0x00', '0x00']
13:33:17.419  DEBUG   [poll]    -> read  st0cur    
13:33:17.423  DEBUG   [poll]    <- read  st0cur     ret=0  data=['0xfe', '0x01', '0x01', '0x02']
13:33:18.425  DEBUG   [poll]    -> read  st2mot    
13:33:18.428  DEBUG   [poll]    <- read  st2mot     ret=0  data=['0x00', '0x00']
13:33:18.429  DEBUG   [poll]    -> read  st0cur    
13:33:18.433  DEBUG   [poll]    <- read  st0cur     ret=0  data=['0xfe', '0x01', '0x01', '0x02']
13:33:19.434  DEBUG   [poll]    -> read  st2mot    
13:33:19.438  DEBUG   [poll]    <- read  st2mot     ret=0  data=['0x00', '0x00']
13:33:19.439  DEBUG   [poll]    -> read  st0cur    
13:33:19.443  DEBUG   [poll]    <- read  st0cur     ret=0  data=['0xfe', '0x01', '0x01', '0x02']
13:33:20.445  DEBUG   [poll]    -> read  st2mot    
13:33:20.448  DEBUG   [poll]    <- read  st2mot     ret=0  data=['0x00', '0x00']
13:33:20.449  DEBUG   [poll]    -> read  st0cur    
13:33:20.453  DEBUG   [poll]    <- read  st0cur     ret=0  data=['0xfe', '0x01', '0x01', '0x02']
13:33:21.454  DEBUG   [poll]    -> read  st2mot    
13:33:21.458  DEBUG   [poll]    <- read  st2mot     ret=0  data=['0x00', '0x00']
13:33:21.458  DEBUG   [poll]    -> read  st0cur    
13:33:21.462  DEBUG   [poll]    <- read  st0cur     ret=0  data=['0xfe', '0x01', '0x01', '0x02']
13:33:22.464  DEBUG   [poll]    -> read  st2mot    
13:33:22.467  DEBUG   [poll]    <- read  st2mot     ret=0  data=['0x00', '0x00']
13:33:22.467  DEBUG   [poll]    -> read  st0cur    
13:33:22.472  DEBUG   [poll]    <- read  st0cur     ret=0  data=['0xfe', '0x01', '0x01', '0x02']
13:33:23.473  DEBUG   [poll]    -> read  st2mot    
13:33:23.476  DEBUG   [poll]    <- read  st2mot     ret=0  data=['0x00', '0x00']
13:33:23.477  DEBUG   [poll]    -> read  st0cur    
13:33:23.481  DEBUG   [poll]    <- read  st0cur     ret=0  data=['0xfe', '0x01', '0x01', '0x02']
13:33:24.482  DEBUG   [poll]    -> read  st2mot    
13:33:24.485  DEBUG   [poll]    <- read  st2mot     ret=0  data=['0x00', '0x00']
13:33:24.485  DEBUG   [poll]    -> read  st0cur    
13:33:24.490  DEBUG   [poll]    <- read  st0cur     ret=0  data=['0xfe', '0x01', '0x01', '0x02']
13:33:25.491  DEBUG   [poll]    -> read  st2mot    
13:33:25.495  DEBUG   [poll]    <- read  st2mot     ret=0  data=['0x00', '0x00']
13:33:25.495  DEBUG   [poll]    -> read  st0cur    
13:33:25.499  DEBUG   [poll]    <- read  st0cur     ret=0  data=['0xfe', '0x01', '0x01', '0x02']
13:33:26.501  DEBUG   [poll]    -> read  st2mot    
13:33:26.504  DEBUG   [poll]    <- read  st2mot     ret=0  data=['0x00', '0x00']
13:33:26.504  DEBUG   [poll]    -> read  st0cur    
13:33:26.509  DEBUG   [poll]    <- read  st0cur     ret=0  data=['0xfe', '0x01', '0x01', '0x02']
13:33:27.510  DEBUG   [poll]    -> read  st2mot    
13:33:27.513  DEBUG   [poll]    <- read  st2mot     ret=0  data=['0x00', '0x00']
13:33:27.514  DEBUG   [poll]    -> read  st0cur    
13:33:27.518  DEBUG   [poll]    <- read  st0cur     ret=0  data=['0xfe', '0x01', '0x01', '0x02']
13:33:28.519  DEBUG   [poll]    -> read  st2mot    
13:33:28.523  DEBUG   [poll]    <- read  st2mot     ret=0  data=['0x00', '0x00']
13:33:28.523  DEBUG   [poll]    -> read  st0cur    
13:33:28.527  DEBUG   [poll]    <- read  st0cur     ret=0  data=['0xfe', '0x01', '0x01', '0x02']
13:33:29.529  DEBUG   [poll]    -> read  st2mot    
13:33:29.532  DEBUG   [poll]    <- read  st2mot     ret=0  data=['0x00', '0x00']
13:33:29.533  DEBUG   [poll]    -> read  st0cur    
13:33:29.537  DEBUG   [poll]    <- read  st0cur     ret=0  data=['0xfe', '0x01', '0x01', '0x02']
13:33:30.539  DEBUG   [poll]    -> read  st2mot    
13:33:30.542  DEBUG   [poll]    <- read  st2mot     ret=0  data=['0x00', '0x00']
13:33:30.542  DEBUG   [poll]    -> read  st0cur    
13:33:30.547  DEBUG   [poll]    <- read  st0cur     ret=0  data=['0xfe', '0x01', '0x01', '0x02']
13:33:31.548  DEBUG   [poll]    -> read  st2mot    
13:33:31.551  DEBUG   [poll]    <- read  st2mot     ret=0  data=['0x00', '0x00']
13:33:31.552  DEBUG   [poll]    -> read  st0cur    
13:33:31.556  DEBUG   [poll]    <- read  st0cur     ret=0  data=['0xfe', '0x01', '0x01', '0x02']
13:33:32.557  DEBUG   [poll]    -> read  st2mot    
13:33:32.561  DEBUG   [poll]    <- read  st2mot     ret=0  data=['0x00', '0x00']
13:33:32.561  DEBUG   [poll]    -> read  st0cur    
13:33:32.565  DEBUG   [poll]    <- read  st0cur     ret=0  data=['0xfe', '0x01', '0x01', '0x02']
13:33:33.567  DEBUG   [poll]    -> read  st2mot    
13:33:33.570  DEBUG   [poll]    <- read  st2mot     ret=0  data=['0x00', '0x00']
13:33:33.571  DEBUG   [poll]    -> read  st0cur    
13:33:33.575  DEBUG   [poll]    <- read  st0cur     ret=0  data=['0xfe', '0x01', '0x01', '0x02']
13:33:34.576  DEBUG   [poll]    -> read  st2mot    
13:33:34.580  DEBUG   [poll]    <- read  st2mot     ret=0  data=['0x00', '0x00']
13:33:34.580  DEBUG   [poll]    -> read  st0cur    
13:33:34.584  DEBUG   [poll]    <- read  st0cur     ret=0  data=['0xfe', '0x01', '0x01', '0x02']
13:33:35.586  DEBUG   [poll]    -> read  st2mot    
13:33:35.589  DEBUG   [poll]    <- read  st2mot     ret=0  data=['0x00', '0x00']
13:33:35.590  DEBUG   [poll]    -> read  st0cur    
13:33:35.594  DEBUG   [poll]    <- read  st0cur     ret=0  data=['0xfe', '0x01', '0x01', '0x02']
13:33:36.595  DEBUG   [poll]    -> read  st2mot    
13:33:36.599  DEBUG   [poll]    <- read  st2mot     ret=0  data=['0x00', '0x00']
13:33:36.599  DEBUG   [poll]    -> read  st0cur    
13:33:36.603  DEBUG   [poll]    <- read  st0cur     ret=0  data=['0xfe', '0x01', '0x01', '0x02']
13:33:37.605  DEBUG   [poll]    -> read  st2mot    
13:33:37.608  DEBUG   [poll]    <- read  st2mot     ret=0  data=['0x00', '0x00']
13:33:37.609  DEBUG   [poll]    -> read  st0cur    
13:33:37.613  DEBUG   [poll]    <- read  st0cur     ret=0  data=['0xfe', '0x01', '0x01', '0x02']
13:33:38.614  DEBUG   [poll]    -> read  st2mot    
13:33:38.618  DEBUG   [poll]    <- read  st2mot     ret=0  data=['0x00', '0x00']
13:33:38.618  DEBUG   [poll]    -> read  st0cur    
13:33:38.622  DEBUG   [poll]    <- read  st0cur     ret=0  data=['0xfe', '0x01', '0x01', '0x02']
13:33:39.624  DEBUG   [poll]    -> read  st2mot    
13:33:39.627  DEBUG   [poll]    <- read  st2mot     ret=0  data=['0x00', '0x00']
13:33:39.628  DEBUG   [poll]    -> read  st0cur    
13:33:39.632  DEBUG   [poll]    <- read  st0cur     ret=0  data=['0xfe', '0x01', '0x01', '0x02']
13:33:40.633  DEBUG   [poll]    -> read  st2mot    
13:33:40.637  DEBUG   [poll]    <- read  st2mot     ret=0  data=['0x00', '0x00']
13:33:40.637  DEBUG   [poll]    -> read  st0cur    
13:33:40.641  DEBUG   [poll]    <- read  st0cur     ret=0  data=['0xfe', '0x01', '0x01', '0x02']
13:33:41.643  DEBUG   [poll]    -> read  st2mot    
13:33:41.646  DEBUG   [poll]    <- read  st2mot     ret=0  data=['0x00', '0x00']
13:33:41.646  DEBUG   [poll]    -> read  st0cur    
13:33:41.651  DEBUG   [poll]    <- read  st0cur     ret=0  data=['0xfe', '0x01', '0x01', '0x02']
13:33:42.652  DEBUG   [poll]    -> read  st2mot    
13:33:42.655  DEBUG   [poll]    <- read  st2mot     ret=0  data=['0x00', '0x00']
13:33:42.656  DEBUG   [poll]    -> read  st0cur    
13:33:42.660  DEBUG   [poll]    <- read  st0cur     ret=0  data=['0xfe', '0x01', '0x01', '0x02']
13:33:43.661  DEBUG   [poll]    -> read  st2mot    
13:33:43.665  DEBUG   [poll]    <- read  st2mot     ret=0  data=['0x00', '0x00']
13:33:43.665  DEBUG   [poll]    -> read  st0cur    
13:33:43.669  DEBUG   [poll]    <- read  st0cur     ret=0  data=['0xfe', '0x01', '0x01', '0x02']
13:33:44.671  DEBUG   [poll]    -> read  st2mot    
13:33:44.674  DEBUG   [poll]    <- read  st2mot     ret=0  data=['0x00', '0x00']
13:33:44.676  DEBUG   [poll]    -> read  st0cur    
13:33:44.680  DEBUG   [poll]    <- read  st0cur     ret=0  data=['0xfe', '0x01', '0x01', '0x02']
13:33:45.681  DEBUG   [poll]    -> read  st2mot    
13:33:45.685  DEBUG   [poll]    <- read  st2mot     ret=0  data=['0x00', '0x00']
13:33:45.685  DEBUG   [poll]    -> read  st0cur    
13:33:45.689  DEBUG   [poll]    <- read  st0cur     ret=0  data=['0xfe', '0x01', '0x01', '0x02']
13:33:46.691  DEBUG   [poll]    -> read  st2mot    
13:33:46.694  DEBUG   [poll]    <- read  st2mot     ret=0  data=['0x00', '0x00']
13:33:46.695  DEBUG   [poll]    -> read  st0cur    
13:33:46.699  DEBUG   [poll]    <- read  st0cur     ret=0  data=['0xfe', '0x01', '0x01', '0x02']
13:33:47.700  DEBUG   [poll]    -> read  st2mot    
13:33:47.704  DEBUG   [poll]    <- read  st2mot     ret=0  data=['0x00', '0x00']
13:33:47.704  DEBUG   [poll]    -> read  st0cur    
13:33:47.708  DEBUG   [poll]    <- read  st0cur     ret=0  data=['0xfe', '0x01', '0x01', '0x02']
13:33:48.710  DEBUG   [poll]    -> read  st2mot    
13:33:48.713  DEBUG   [poll]    <- read  st2mot     ret=0  data=['0x00', '0x00']
13:33:48.713  DEBUG   [poll]    -> read  st0cur    
13:33:48.718  DEBUG   [poll]    <- read  st0cur     ret=0  data=['0xfe', '0x01', '0x01', '0x02']
13:33:49.719  DEBUG   [poll]    -> read  st2mot    
13:33:49.723  DEBUG   [poll]    <- read  st2mot     ret=0  data=['0x00', '0x00']
13:33:49.723  DEBUG   [poll]    -> read  st0cur    
13:33:49.727  DEBUG   [poll]    <- read  st0cur     ret=0  data=['0xfe', '0x01', '0x01', '0x02']
13:33:50.729  DEBUG   [poll]    -> read  st2mot    
13:33:50.732  DEBUG   [poll]    <- read  st2mot     ret=0  data=['0x00', '0x00']
13:33:50.733  DEBUG   [poll]    -> read  st0cur    
13:33:50.737  DEBUG   [poll]    <- read  st0cur     ret=0  data=['0xfe', '0x01', '0x01', '0x02']
13:33:51.738  DEBUG   [poll]    -> read  st2mot    
13:33:51.742  DEBUG   [poll]    <- read  st2mot     ret=0  data=['0x00', '0x00']
13:33:51.742  DEBUG   [poll]    -> read  st0cur    
13:33:51.746  DEBUG   [poll]    <- read  st0cur     ret=0  data=['0xfe', '0x01', '0x01', '0x02']
13:33:52.748  DEBUG   [poll]    -> read  st2mot    
13:33:52.751  DEBUG   [poll]    <- read  st2mot     ret=0  data=['0x00', '0x00']
13:33:52.751  DEBUG   [poll]    -> read  st0cur    
13:33:52.755  DEBUG   [poll]    <- read  st0cur     ret=0  data=['0xfe', '0x01', '0x01', '0x02']
13:33:53.757  DEBUG   [poll]    -> read  st2mot    
13:33:53.760  DEBUG   [poll]    <- read  st2mot     ret=0  data=['0x00', '0x00']
13:33:53.761  DEBUG   [poll]    -> read  st0cur    
13:33:53.765  DEBUG   [poll]    <- read  st0cur     ret=0  data=['0xfe', '0x01', '0x01', '0x02']
13:33:54.766  DEBUG   [poll]    -> read  st2mot    
13:33:54.770  DEBUG   [poll]    <- read  st2mot     ret=0  data=['0x00', '0x00']
13:33:54.770  DEBUG   [poll]    -> read  st0cur    
13:33:54.774  DEBUG   [poll]    <- read  st0cur     ret=0  data=['0xfe', '0x01', '0x01', '0x02']
13:33:55.776  DEBUG   [poll]    -> read  st2mot    
13:33:55.779  DEBUG   [poll]    <- read  st2mot     ret=0  data=['0x00', '0x00']
13:33:55.779  DEBUG   [poll]    -> read  st0cur    
13:33:55.784  DEBUG   [poll]    <- read  st0cur     ret=0  data=['0xfe', '0x01', '0x01', '0x02']
13:33:56.785  DEBUG   [poll]    -> read  st2mot    
13:33:56.789  DEBUG   [poll]    <- read  st2mot     ret=0  data=['0x00', '0x00']
13:33:56.789  DEBUG   [poll]    -> read  st0cur    
13:33:56.793  DEBUG   [poll]    <- read  st0cur     ret=0  data=['0xfe', '0x01', '0x01', '0x02']
13:33:57.795  DEBUG   [poll]    -> read  st2mot    
13:33:57.798  DEBUG   [poll]    <- read  st2mot     ret=0  data=['0x00', '0x00']
13:33:57.798  DEBUG   [poll]    -> read  st0cur    
13:33:57.803  DEBUG   [poll]    <- read  st0cur     ret=0  data=['0xfe', '0x01', '0x01', '0x02']
13:33:58.804  DEBUG   [poll]    -> read  st2mot    
13:33:58.807  DEBUG   [poll]    <- read  st2mot     ret=0  data=['0x00', '0x00']
13:33:58.808  DEBUG   [poll]    -> read  st0cur    
13:33:58.812  DEBUG   [poll]    <- read  st0cur     ret=0  data=['0xfe', '0x01', '0x01', '0x02']
13:33:59.813  DEBUG   [poll]    -> read  st2mot    
13:33:59.817  DEBUG   [poll]    <- read  st2mot     ret=0  data=['0x00', '0x00']
13:33:59.817  DEBUG   [poll]    -> read  st0cur    
13:33:59.822  DEBUG   [poll]    <- read  st0cur     ret=0  data=['0xfe', '0x01', '0x01', '0x02']
13:34:00.823  DEBUG   [poll]    -> read  st2mot    
13:34:00.826  DEBUG   [poll]    <- read  st2mot     ret=0  data=['0x00', '0x00']
13:34:00.827  DEBUG   [poll]    -> read  st0cur    
13:34:00.831  DEBUG   [poll]    <- read  st0cur     ret=0  data=['0xfe', '0x01', '0x01', '0x02']
13:34:01.833  DEBUG   [poll]    -> read  st2mot    
13:34:01.836  DEBUG   [poll]    <- read  st2mot     ret=0  data=['0x00', '0x00']
13:34:01.836  DEBUG   [poll]    -> read  st0cur    
13:34:01.841  DEBUG   [poll]    <- read  st0cur     ret=0  data=['0xfe', '0x01', '0x01', '0x02']
13:34:02.842  DEBUG   [poll]    -> read  st2mot    
13:34:02.845  DEBUG   [poll]    <- read  st2mot     ret=0  data=['0x00', '0x00']
13:34:02.846  DEBUG   [poll]    -> read  st0cur    
13:34:02.850  DEBUG   [poll]    <- read  st0cur     ret=0  data=['0xfe', '0x01', '0x01', '0x02']
13:34:03.851  DEBUG   [poll]    -> read  st2mot    
13:34:03.855  DEBUG   [poll]    <- read  st2mot     ret=0  data=['0x00', '0x00']
13:34:03.855  DEBUG   [poll]    -> read  st0cur    
13:34:03.859  DEBUG   [poll]    <- read  st0cur     ret=0  data=['0xfe', '0x01', '0x01', '0x02']
13:34:04.861  DEBUG   [poll]    -> read  st2mot    
13:34:04.864  DEBUG   [poll]    <- read  st2mot     ret=0  data=['0x00', '0x00']
13:34:04.865  DEBUG   [poll]    -> read  st0cur    
13:34:04.869  DEBUG   [poll]    <- read  st0cur     ret=0  data=['0xfe', '0x01', '0x01', '0x02']
13:34:05.871  DEBUG   [poll]    -> read  st2mot    
13:34:05.874  DEBUG   [poll]    <- read  st2mot     ret=0  data=['0x00', '0x00']
13:34:05.874  DEBUG   [poll]    -> read  st0cur    
13:34:05.878  DEBUG   [poll]    <- read  st0cur     ret=0  data=['0xfe', '0x01', '0x01', '0x02']
13:34:06.880  DEBUG   [poll]    -> read  st2mot    
13:34:06.883  DEBUG   [poll]    <- read  st2mot     ret=0  data=['0x00', '0x00']
13:34:06.884  DEBUG   [poll]    -> read  st0cur    
13:34:06.888  DEBUG   [poll]    <- read  st0cur     ret=0  data=['0xfe', '0x01', '0x01', '0x02']
13:34:07.889  DEBUG   [poll]    -> read  st2mot    
13:34:07.893  DEBUG   [poll]    <- read  st2mot     ret=0  data=['0x00', '0x00']
13:34:07.893  DEBUG   [poll]    -> read  st0cur    
13:34:07.897  DEBUG   [poll]    <- read  st0cur     ret=0  data=['0xfe', '0x01', '0x01', '0x02']
13:34:08.899  DEBUG   [poll]    -> read  st2mot    
13:34:08.902  DEBUG   [poll]    <- read  st2mot     ret=0  data=['0x00', '0x00']
13:34:08.903  DEBUG   [poll]    -> read  st0cur    
13:34:08.907  DEBUG   [poll]    <- read  st0cur     ret=0  data=['0xfe', '0x01', '0x01', '0x02']
13:34:09.908  DEBUG   [poll]    -> read  st2mot    
13:34:09.912  DEBUG   [poll]    <- read  st2mot     ret=0  data=['0x00', '0x00']
13:34:09.912  DEBUG   [poll]    -> read  st0cur    
13:34:09.916  DEBUG   [poll]    <- read  st0cur     ret=0  data=['0xfe', '0x01', '0x01', '0x02']
13:34:10.918  DEBUG   [poll]    -> read  st2mot    
13:34:10.921  DEBUG   [poll]    <- read  st2mot     ret=0  data=['0x00', '0x00']
13:34:10.922  DEBUG   [poll]    -> read  st0cur    
13:34:10.926  DEBUG   [poll]    <- read  st0cur     ret=0  data=['0xfe', '0x01', '0x01', '0x02']
13:34:11.927  DEBUG   [poll]    -> read  st2mot    
13:34:11.931  DEBUG   [poll]    <- read  st2mot     ret=0  data=['0x00', '0x00']
13:34:11.931  DEBUG   [poll]    -> read  st0cur    
13:34:11.935  DEBUG   [poll]    <- read  st0cur     ret=0  data=['0xfe', '0x01', '0x01', '0x02']
13:34:12.937  DEBUG   [poll]    -> read  st2mot    
13:34:12.940  DEBUG   [poll]    <- read  st2mot     ret=0  data=['0x00', '0x00']
13:34:12.940  DEBUG   [poll]    -> read  st0cur    
13:34:12.945  DEBUG   [poll]    <- read  st0cur     ret=0  data=['0xfe', '0x01', '0x01', '0x02']
13:34:13.946  DEBUG   [poll]    -> read  st2mot    
13:34:13.950  DEBUG   [poll]    <- read  st2mot     ret=0  data=['0x00', '0x00']
13:34:13.950  DEBUG   [poll]    -> read  st0cur    
13:34:13.954  DEBUG   [poll]    <- read  st0cur     ret=0  data=['0xfe', '0x01', '0x01', '0x02']
13:34:14.956  DEBUG   [poll]    -> read  st2mot    
13:34:14.959  DEBUG   [poll]    <- read  st2mot     ret=0  data=['0x00', '0x00']
13:34:14.960  DEBUG   [poll]    -> read  st0cur    
13:34:14.964  DEBUG   [poll]    <- read  st0cur     ret=0  data=['0xfe', '0x01', '0x01', '0x02']
13:34:15.965  DEBUG   [poll]    -> read  st2mot    
13:34:15.969  DEBUG   [poll]    <- read  st2mot     ret=0  data=['0x00', '0x00']
13:34:15.969  DEBUG   [poll]    -> read  st0cur    
13:34:15.973  DEBUG   [poll]    <- read  st0cur     ret=0  data=['0xfe', '0x01', '0x01', '0x02']
13:34:16.975  DEBUG   [poll]    -> read  st2mot    
13:34:16.978  DEBUG   [poll]    <- read  st2mot     ret=0  data=['0x00', '0x00']
13:34:16.979  DEBUG   [poll]    -> read  st0cur    
13:34:16.983  DEBUG   [poll]    <- read  st0cur     ret=0  data=['0xfe', '0x01', '0x01', '0x02']
13:34:17.985  DEBUG   [poll]    -> read  st2mot    
13:34:17.988  DEBUG   [poll]    <- read  st2mot     ret=0  data=['0x00', '0x00']
13:34:17.989  DEBUG   [poll]    -> read  st0cur    
13:34:17.993  DEBUG   [poll]    <- read  st0cur     ret=0  data=['0xfd', '0x01', '0x01', '0x02']
13:34:18.994  DEBUG   [poll]    -> read  st2mot    
13:34:18.998  DEBUG   [poll]    <- read  st2mot     ret=0  data=['0x00', '0x00']
13:34:18.998  DEBUG   [poll]    -> read  st0cur    
13:34:19.002  DEBUG   [poll]    <- read  st0cur     ret=0  data=['0xfe', '0x01', '0x01', '0x02']
13:34:20.004  DEBUG   [poll]    -> read  st2mot    
13:34:20.007  DEBUG   [poll]    <- read  st2mot     ret=0  data=['0x00', '0x00']
13:34:20.008  DEBUG   [poll]    -> read  st0cur    
13:34:20.012  DEBUG   [poll]    <- read  st0cur     ret=0  data=['0xfe', '0x01', '0x01', '0x02']
13:34:21.014  DEBUG   [poll]    -> read  st2mot    
13:34:21.017  DEBUG   [poll]    <- read  st2mot     ret=0  data=['0x00', '0x00']
13:34:21.018  DEBUG   [poll]    -> read  st0cur    
13:34:21.022  DEBUG   [poll]    <- read  st0cur     ret=0  data=['0xfe', '0x01', '0x01', '0x02']
13:34:22.023  DEBUG   [poll]    -> read  st2mot    
13:34:22.027  DEBUG   [poll]    <- read  st2mot     ret=0  data=['0x00', '0x00']
13:34:22.027  DEBUG   [poll]    -> read  st0cur    
13:34:22.031  DEBUG   [poll]    <- read  st0cur     ret=0  data=['0xfe', '0x01', '0x01', '0x02']
13:34:23.033  DEBUG   [poll]    -> read  st2mot    
13:34:23.036  DEBUG   [poll]    <- read  st2mot     ret=0  data=['0x00', '0x00']
13:34:23.036  DEBUG   [poll]    -> read  st0cur    
13:34:23.041  DEBUG   [poll]    <- read  st0cur     ret=0  data=['0xfe', '0x01', '0x01', '0x02']
13:34:24.042  DEBUG   [poll]    -> read  st2mot    
13:34:24.045  DEBUG   [poll]    <- read  st2mot     ret=0  data=['0x00', '0x00']
13:34:24.046  DEBUG   [poll]    -> read  st0cur    
13:34:24.050  DEBUG   [poll]    <- read  st0cur     ret=0  data=['0xfd', '0x01', '0x01', '0x02']
13:34:25.051  DEBUG   [poll]    -> read  st2mot    
13:34:25.055  DEBUG   [poll]    <- read  st2mot     ret=0  data=['0x00', '0x00']
13:34:25.055  DEBUG   [poll]    -> read  st0cur    
13:34:25.060  DEBUG   [poll]    <- read  st0cur     ret=0  data=['0xfe', '0x01', '0x01', '0x02']
13:34:26.061  DEBUG   [poll]    -> read  st2mot    
13:34:26.064  DEBUG   [poll]    <- read  st2mot     ret=0  data=['0x00', '0x00']
13:34:26.065  DEBUG   [poll]    -> read  st0cur    
13:34:26.069  DEBUG   [poll]    <- read  st0cur     ret=0  data=['0xfe', '0x01', '0x01', '0x02']
13:34:27.070  DEBUG   [poll]    -> read  st2mot    
13:34:27.074  DEBUG   [poll]    <- read  st2mot     ret=0  data=['0x00', '0x00']
13:34:27.074  DEBUG   [poll]    -> read  st0cur    
13:34:27.078  DEBUG   [poll]    <- read  st0cur     ret=0  data=['0xfe', '0x01', '0x01', '0x02']
13:34:28.080  DEBUG   [poll]    -> read  st2mot    
13:34:28.083  DEBUG   [poll]    <- read  st2mot     ret=0  data=['0x00', '0x00']
13:34:28.084  DEBUG   [poll]    -> read  st0cur    
13:34:28.088  DEBUG   [poll]    <- read  st0cur     ret=0  data=['0xfe', '0x01', '0x01', '0x02']
13:34:29.089  DEBUG   [poll]    -> read  st2mot    
13:34:29.093  DEBUG   [poll]    <- read  st2mot     ret=0  data=['0x00', '0x00']
13:34:29.093  DEBUG   [poll]    -> read  st0cur    
13:34:29.097  DEBUG   [poll]    <- read  st0cur     ret=0  data=['0xfe', '0x01', '0x01', '0x02']
13:34:30.099  DEBUG   [poll]    -> read  st2mot    
13:34:30.102  DEBUG   [poll]    <- read  st2mot     ret=0  data=['0x00', '0x00']
13:34:30.103  DEBUG   [poll]    -> read  st0cur    
13:34:30.107  DEBUG   [poll]    <- read  st0cur     ret=0  data=['0xfe', '0x01', '0x01', '0x02']
13:34:31.108  DEBUG   [poll]    -> read  st2mot    
13:34:31.112  DEBUG   [poll]    <- read  st2mot     ret=0  data=['0x00', '0x00']
13:34:31.112  DEBUG   [poll]    -> read  st0cur    
13:34:31.116  DEBUG   [poll]    <- read  st0cur     ret=0  data=['0xfe', '0x01', '0x01', '0x02']
13:34:32.118  DEBUG   [poll]    -> read  st2mot    
13:34:32.121  DEBUG   [poll]    <- read  st2mot     ret=0  data=['0x00', '0x00']
13:34:32.122  DEBUG   [poll]    -> read  st0cur    
13:34:32.126  DEBUG   [poll]    <- read  st0cur     ret=0  data=['0xfe', '0x01', '0x01', '0x02']
13:34:33.127  DEBUG   [poll]    -> read  st2mot    
13:34:33.131  DEBUG   [poll]    <- read  st2mot     ret=0  data=['0x00', '0x00']
13:34:33.131  DEBUG   [poll]    -> read  st0cur    
13:34:33.135  DEBUG   [poll]    <- read  st0cur     ret=0  data=['0xfe', '0x01', '0x01', '0x02']
13:34:34.137  DEBUG   [poll]    -> read  st2mot    
13:34:34.140  DEBUG   [poll]    <- read  st2mot     ret=0  data=['0x00', '0x00']
13:34:34.141  DEBUG   [poll]    -> read  st0cur    
13:34:34.145  DEBUG   [poll]    <- read  st0cur     ret=0  data=['0xfe', '0x01', '0x01', '0x02']
13:34:35.146  DEBUG   [poll]    -> read  st2mot    
13:34:35.150  DEBUG   [poll]    <- read  st2mot     ret=0  data=['0x00', '0x00']
13:34:35.150  DEBUG   [poll]    -> read  st0cur    
13:34:35.155  DEBUG   [poll]    <- read  st0cur     ret=0  data=['0xfe', '0x01', '0x01', '0x02']
13:34:36.156  DEBUG   [poll]    -> read  st2mot    
13:34:36.159  DEBUG   [poll]    <- read  st2mot     ret=0  data=['0x00', '0x00']
13:34:36.160  DEBUG   [poll]    -> read  st0cur    
13:34:36.164  DEBUG   [poll]    <- read  st0cur     ret=0  data=['0xfe', '0x01', '0x01', '0x02']
13:34:37.166  DEBUG   [poll]    -> read  st2mot    
13:34:37.169  DEBUG   [poll]    <- read  st2mot     ret=0  data=['0x00', '0x00']
13:34:37.169  DEBUG   [poll]    -> read  st0cur    
13:34:37.173  DEBUG   [poll]    <- read  st0cur     ret=0  data=['0xfe', '0x01', '0x01', '0x02']
13:34:38.175  DEBUG   [poll]    -> read  st2mot    
13:34:38.178  DEBUG   [poll]    <- read  st2mot     ret=0  data=['0x00', '0x00']
13:34:38.179  DEBUG   [poll]    -> read  st0cur    
13:34:38.183  DEBUG   [poll]    <- read  st0cur     ret=0  data=['0xfe', '0x01', '0x01', '0x02']
13:34:39.184  DEBUG   [poll]    -> read  st2mot    
13:34:39.188  DEBUG   [poll]    <- read  st2mot     ret=0  data=['0x00', '0x00']
13:34:39.188  DEBUG   [poll]    -> read  st0cur    
13:34:39.192  DEBUG   [poll]    <- read  st0cur     ret=0  data=['0xfe', '0x01', '0x01', '0x02']
13:34:40.194  DEBUG   [poll]    -> read  st2mot    
13:34:40.197  DEBUG   [poll]    <- read  st2mot     ret=0  data=['0x00', '0x00']
13:34:40.198  DEBUG   [poll]    -> read  st0cur    
13:34:40.202  DEBUG   [poll]    <- read  st0cur     ret=0  data=['0xfe', '0x01', '0x01', '0x02']
13:34:41.203  DEBUG   [poll]    -> read  st2mot    
13:34:41.207  DEBUG   [poll]    <- read  st2mot     ret=0  data=['0x00', '0x00']
13:34:41.207  DEBUG   [poll]    -> read  st0cur    
13:34:41.211  DEBUG   [poll]    <- read  st0cur     ret=0  data=['0xfe', '0x01', '0x01', '0x02']
13:34:42.213  DEBUG   [poll]    -> read  st2mot    
13:34:42.216  DEBUG   [poll]    <- read  st2mot     ret=0  data=['0x00', '0x00']
13:34:42.217  DEBUG   [poll]    -> read  st0cur    
13:34:42.221  DEBUG   [poll]    <- read  st0cur     ret=0  data=['0xfe', '0x01', '0x01', '0x02']
13:34:43.222  DEBUG   [poll]    -> read  st2mot    
13:34:43.226  DEBUG   [poll]    <- read  st2mot     ret=0  data=['0x00', '0x00']
13:34:43.226  DEBUG   [poll]    -> read  st0cur    
13:34:43.230  DEBUG   [poll]    <- read  st0cur     ret=0  data=['0xfe', '0x01', '0x01', '0x02']
13:34:44.232  DEBUG   [poll]    -> read  st2mot    
13:34:44.235  DEBUG   [poll]    <- read  st2mot     ret=0  data=['0x00', '0x00']
13:34:44.235  DEBUG   [poll]    -> read  st0cur    
13:34:44.240  DEBUG   [poll]    <- read  st0cur     ret=0  data=['0xfe', '0x01', '0x01', '0x02']
13:34:45.241  DEBUG   [poll]    -> read  st2mot    
13:34:45.245  DEBUG   [poll]    <- read  st2mot     ret=0  data=['0x00', '0x00']
13:34:45.245  DEBUG   [poll]    -> read  st0cur    
13:34:45.250  DEBUG   [poll]    <- read  st0cur     ret=0  data=['0xfe', '0x01', '0x01', '0x02']
13:34:46.251  DEBUG   [poll]    -> read  st2mot    
13:34:46.255  DEBUG   [poll]    <- read  st2mot     ret=0  data=['0x00', '0x00']
13:34:46.255  DEBUG   [poll]    -> read  st0cur    
13:34:46.259  DEBUG   [poll]    <- read  st0cur     ret=0  data=['0xfe', '0x01', '0x01', '0x02']
13:34:47.261  DEBUG   [poll]    -> read  st2mot    
13:34:47.264  DEBUG   [poll]    <- read  st2mot     ret=0  data=['0x00', '0x00']
13:34:47.264  DEBUG   [poll]    -> read  st0cur    
13:34:47.269  DEBUG   [poll]    <- read  st0cur     ret=0  data=['0xfe', '0x01', '0x01', '0x02']
13:34:48.270  DEBUG   [poll]    -> read  st2mot    
13:34:48.274  DEBUG   [poll]    <- read  st2mot     ret=0  data=['0x00', '0x00']
13:34:48.274  DEBUG   [poll]    -> read  st0cur    
13:34:48.278  DEBUG   [poll]    <- read  st0cur     ret=0  data=['0xfe', '0x01', '0x01', '0x02']
13:34:49.280  DEBUG   [poll]    -> read  st2mot    
13:34:49.283  DEBUG   [poll]    <- read  st2mot     ret=0  data=['0x00', '0x00']
13:34:49.283  DEBUG   [poll]    -> read  st0cur    
13:34:49.288  DEBUG   [poll]    <- read  st0cur     ret=0  data=['0xfe', '0x01', '0x01', '0x02']
13:34:50.289  DEBUG   [poll]    -> read  st2mot    
13:34:50.292  DEBUG   [poll]    <- read  st2mot     ret=0  data=['0x00', '0x00']
13:34:50.293  DEBUG   [poll]    -> read  st0cur    
13:34:50.297  DEBUG   [poll]    <- read  st0cur     ret=0  data=['0xfe', '0x01', '0x01', '0x02']
13:34:51.299  DEBUG   [poll]    -> read  st2mot    
13:34:51.302  DEBUG   [poll]    <- read  st2mot     ret=0  data=['0x00', '0x00']
13:34:51.302  DEBUG   [poll]    -> read  st0cur    
13:34:51.306  DEBUG   [poll]    <- read  st0cur     ret=0  data=['0xfe', '0x01', '0x01', '0x02']
13:34:52.308  DEBUG   [poll]    -> read  st2mot    
13:34:52.311  DEBUG   [poll]    <- read  st2mot     ret=0  data=['0x00', '0x00']
13:34:52.312  DEBUG   [poll]    -> read  st0cur    
13:34:52.316  DEBUG   [poll]    <- read  st0cur     ret=0  data=['0xfe', '0x01', '0x01', '0x02']
13:34:53.317  DEBUG   [poll]    -> read  st2mot    
13:34:53.321  DEBUG   [poll]    <- read  st2mot     ret=0  data=['0x00', '0x00']
13:34:53.321  DEBUG   [poll]    -> read  st0cur    
13:34:53.325  DEBUG   [poll]    <- read  st0cur     ret=0  data=['0xfe', '0x01', '0x01', '0x02']
13:34:54.327  DEBUG   [poll]    -> read  st2mot    
13:34:54.330  DEBUG   [poll]    <- read  st2mot     ret=0  data=['0x00', '0x00']
13:34:54.330  DEBUG   [poll]    -> read  st0cur    
13:34:54.335  DEBUG   [poll]    <- read  st0cur     ret=0  data=['0xfe', '0x01', '0x01', '0x02']
13:34:55.336  DEBUG   [poll]    -> read  st2mot    
13:34:55.339  DEBUG   [poll]    <- read  st2mot     ret=0  data=['0x00', '0x00']
13:34:55.340  DEBUG   [poll]    -> read  st0cur    
13:34:55.344  DEBUG   [poll]    <- read  st0cur     ret=0  data=['0xfe', '0x01', '0x01', '0x02']
13:34:56.346  DEBUG   [poll]    -> read  st2mot    
13:34:56.349  DEBUG   [poll]    <- read  st2mot     ret=0  data=['0x00', '0x00']
13:34:56.349  DEBUG   [poll]    -> read  st0cur    
13:34:56.354  DEBUG   [poll]    <- read  st0cur     ret=0  data=['0xfe', '0x01', '0x01', '0x02']
13:34:57.355  DEBUG   [poll]    -> read  st2mot    
13:34:57.358  DEBUG   [poll]    <- read  st2mot     ret=0  data=['0x00', '0x00']
13:34:57.359  DEBUG   [poll]    -> read  st0cur    
13:34:57.363  DEBUG   [poll]    <- read  st0cur     ret=0  data=['0xfe', '0x01', '0x01', '0x02']
13:34:58.364  DEBUG   [poll]    -> read  st2mot    
13:34:58.368  DEBUG   [poll]    <- read  st2mot     ret=0  data=['0x00', '0x00']
13:34:58.368  DEBUG   [poll]    -> read  st0cur    
13:34:58.372  DEBUG   [poll]    <- read  st0cur     ret=0  data=['0xfe', '0x01', '0x01', '0x02']
13:34:59.374  DEBUG   [poll]    -> read  st2mot    
13:34:59.377  DEBUG   [poll]    <- read  st2mot     ret=0  data=['0x00', '0x00']
13:34:59.378  DEBUG   [poll]    -> read  st0cur    
13:34:59.382  DEBUG   [poll]    <- read  st0cur     ret=0  data=['0xfe', '0x01', '0x01', '0x02']
13:35:00.383  DEBUG   [poll]    -> read  st2mot    
13:35:00.387  DEBUG   [poll]    <- read  st2mot     ret=0  data=['0x00', '0x00']
13:35:00.387  DEBUG   [poll]    -> read  st0cur    
13:35:00.391  DEBUG   [poll]    <- read  st0cur     ret=0  data=['0xfe', '0x01', '0x01', '0x02']
13:35:01.393  DEBUG   [poll]    -> read  st2mot    
13:35:01.396  DEBUG   [poll]    <- read  st2mot     ret=0  data=['0x00', '0x00']
13:35:01.397  DEBUG   [poll]    -> read  st0cur    
13:35:01.401  DEBUG   [poll]    <- read  st0cur     ret=0  data=['0xfe', '0x01', '0x01', '0x02']
13:35:02.402  DEBUG   [poll]    -> read  st2mot    
13:35:02.406  DEBUG   [poll]    <- read  st2mot     ret=0  data=['0x00', '0x00']
13:35:02.406  DEBUG   [poll]    -> read  st0cur    
13:35:02.410  DEBUG   [poll]    <- read  st0cur     ret=0  data=['0xfe', '0x01', '0x01', '0x02']
13:35:03.412  DEBUG   [poll]    -> read  st2mot    
13:35:03.415  DEBUG   [poll]    <- read  st2mot     ret=0  data=['0x00', '0x00']
13:35:03.416  DEBUG   [poll]    -> read  st0cur    
13:35:03.420  DEBUG   [poll]    <- read  st0cur     ret=0  data=['0xfe', '0x01', '0x01', '0x02']
13:35:04.421  DEBUG   [poll]    -> read  st2mot    
13:35:04.425  DEBUG   [poll]    <- read  st2mot     ret=0  data=['0x00', '0x00']
13:35:04.425  DEBUG   [poll]    -> read  st0cur    
13:35:04.429  DEBUG   [poll]    <- read  st0cur     ret=0  data=['0xfe', '0x01', '0x01', '0x02']
13:35:05.431  DEBUG   [poll]    -> read  st2mot    
13:35:05.434  DEBUG   [poll]    <- read  st2mot     ret=0  data=['0x00', '0x00']
13:35:05.435  DEBUG   [poll]    -> read  st0cur    
13:35:05.439  DEBUG   [poll]    <- read  st0cur     ret=0  data=['0xfe', '0x01', '0x01', '0x02']
13:35:06.440  DEBUG   [poll]    -> read  st2mot    
13:35:06.444  DEBUG   [poll]    <- read  st2mot     ret=0  data=['0x00', '0x00']
13:35:06.444  DEBUG   [poll]    -> read  st0cur    
13:35:06.448  DEBUG   [poll]    <- read  st0cur     ret=0  data=['0xfe', '0x01', '0x01', '0x02']
13:35:07.450  DEBUG   [poll]    -> read  st2mot    
13:35:07.453  DEBUG   [poll]    <- read  st2mot     ret=0  data=['0x00', '0x00']
13:35:07.453  DEBUG   [poll]    -> read  st0cur    
13:35:07.458  DEBUG   [poll]    <- read  st0cur     ret=0  data=['0xfe', '0x01', '0x01', '0x02']
13:35:08.459  DEBUG   [poll]    -> read  st2mot    
13:35:08.462  DEBUG   [poll]    <- read  st2mot     ret=0  data=['0x00', '0x00']
13:35:08.463  DEBUG   [poll]    -> read  st0cur    
13:35:08.467  DEBUG   [poll]    <- read  st0cur     ret=0  data=['0xfe', '0x01', '0x01', '0x02']
13:35:09.468  DEBUG   [poll]    -> read  st2mot    
13:35:09.472  DEBUG   [poll]    <- read  st2mot     ret=0  data=['0x00', '0x00']
13:35:09.472  DEBUG   [poll]    -> read  st0cur    
13:35:09.476  DEBUG   [poll]    <- read  st0cur     ret=0  data=['0xfe', '0x01', '0x01', '0x02']
13:35:10.478  DEBUG   [poll]    -> read  st2mot    
13:35:10.481  DEBUG   [poll]    <- read  st2mot     ret=0  data=['0x00', '0x00']
13:35:10.482  DEBUG   [poll]    -> read  st0cur    
13:35:10.486  DEBUG   [poll]    <- read  st0cur     ret=0  data=['0xfe', '0x01', '0x01', '0x02']
13:35:11.487  DEBUG   [poll]    -> read  st2mot    
13:35:11.491  DEBUG   [poll]    <- read  st2mot     ret=0  data=['0x00', '0x00']
13:35:11.491  DEBUG   [poll]    -> read  st0cur    
13:35:11.495  DEBUG   [poll]    <- read  st0cur     ret=0  data=['0xfe', '0x01', '0x01', '0x02']
13:35:12.497  DEBUG   [poll]    -> read  st2mot    
13:35:12.500  DEBUG   [poll]    <- read  st2mot     ret=0  data=['0x00', '0x00']
13:35:12.501  DEBUG   [poll]    -> read  st0cur    
13:35:12.505  DEBUG   [poll]    <- read  st0cur     ret=0  data=['0xfe', '0x01', '0x01', '0x02']
13:35:13.506  DEBUG   [poll]    -> read  st2mot    
13:35:13.510  DEBUG   [poll]    <- read  st2mot     ret=0  data=['0x00', '0x00']
13:35:13.510  DEBUG   [poll]    -> read  st0cur    
13:35:13.514  DEBUG   [poll]    <- read  st0cur     ret=0  data=['0xfe', '0x01', '0x01', '0x02']
13:35:14.516  DEBUG   [poll]    -> read  st2mot    
13:35:14.519  DEBUG   [poll]    <- read  st2mot     ret=0  data=['0x00', '0x00']
13:35:14.519  DEBUG   [poll]    -> read  st0cur    
13:35:14.524  DEBUG   [poll]    <- read  st0cur     ret=0  data=['0xfe', '0x01', '0x01', '0x02']
13:35:15.525  DEBUG   [poll]    -> read  st2mot    
13:35:15.529  DEBUG   [poll]    <- read  st2mot     ret=0  data=['0x00', '0x00']
13:35:15.529  DEBUG   [poll]    -> read  st0cur    
13:35:15.533  DEBUG   [poll]    <- read  st0cur     ret=0  data=['0xfd', '0x01', '0x01', '0x02']
13:35:16.535  DEBUG   [poll]    -> read  st2mot    
13:35:16.538  DEBUG   [poll]    <- read  st2mot     ret=0  data=['0x00', '0x00']
13:35:16.539  DEBUG   [poll]    -> read  st0cur    
13:35:16.543  DEBUG   [poll]    <- read  st0cur     ret=0  data=['0xfe', '0x01', '0x01', '0x02']
13:35:17.544  DEBUG   [poll]    -> read  st2mot    
13:35:17.548  DEBUG   [poll]    <- read  st2mot     ret=0  data=['0x00', '0x00']
13:35:17.548  DEBUG   [poll]    -> read  st0cur    
13:35:17.553  DEBUG   [poll]    <- read  st0cur     ret=0  data=['0xfe', '0x01', '0x01', '0x02']
13:35:18.554  DEBUG   [poll]    -> read  st2mot    
13:35:18.558  DEBUG   [poll]    <- read  st2mot     ret=0  data=['0x00', '0x00']
13:35:18.558  DEBUG   [poll]    -> read  st0cur    
13:35:18.562  DEBUG   [poll]    <- read  st0cur     ret=0  data=['0xfe', '0x01', '0x01', '0x02']
13:35:19.564  DEBUG   [poll]    -> read  st2mot    
13:35:19.567  DEBUG   [poll]    <- read  st2mot     ret=0  data=['0x00', '0x00']
13:35:19.567  DEBUG   [poll]    -> read  st0cur    
13:35:19.572  DEBUG   [poll]    <- read  st0cur     ret=0  data=['0xfe', '0x01', '0x01', '0x02']
13:35:20.573  DEBUG   [poll]    -> read  st2mot    
13:35:20.577  DEBUG   [poll]    <- read  st2mot     ret=0  data=['0x00', '0x00']
13:35:20.577  DEBUG   [poll]    -> read  st0cur    
13:35:20.582  DEBUG   [poll]    <- read  st0cur     ret=0  data=['0xfe', '0x01', '0x01', '0x02']
13:35:21.583  DEBUG   [poll]    -> read  st2mot    
13:35:21.586  DEBUG   [poll]    <- read  st2mot     ret=0  data=['0x00', '0x00']
13:35:21.587  DEBUG   [poll]    -> read  st0cur    
13:35:21.591  DEBUG   [poll]    <- read  st0cur     ret=0  data=['0xfe', '0x01', '0x01', '0x02']
13:35:22.592  DEBUG   [poll]    -> read  st2mot    
13:35:22.596  DEBUG   [poll]    <- read  st2mot     ret=0  data=['0x00', '0x00']
13:35:22.596  DEBUG   [poll]    -> read  st0cur    
13:35:22.600  DEBUG   [poll]    <- read  st0cur     ret=0  data=['0xfe', '0x01', '0x01', '0x02']
13:35:23.602  DEBUG   [poll]    -> read  st2mot    
13:35:23.605  DEBUG   [poll]    <- read  st2mot     ret=0  data=['0x00', '0x00']
13:35:23.605  DEBUG   [poll]    -> read  st0cur    
13:35:23.610  DEBUG   [poll]    <- read  st0cur     ret=0  data=['0xfe', '0x01', '0x01', '0x02']
13:35:24.611  DEBUG   [poll]    -> read  st2mot    
13:35:24.615  DEBUG   [poll]    <- read  st2mot     ret=0  data=['0x00', '0x00']
13:35:24.615  DEBUG   [poll]    -> read  st0cur    
13:35:24.619  DEBUG   [poll]    <- read  st0cur     ret=0  data=['0xfe', '0x01', '0x01', '0x02']
13:35:25.621  DEBUG   [poll]    -> read  st2mot    
13:35:25.624  DEBUG   [poll]    <- read  st2mot     ret=0  data=['0x00', '0x00']
13:35:25.625  DEBUG   [poll]    -> read  st0cur    
13:35:25.629  DEBUG   [poll]    <- read  st0cur     ret=0  data=['0xfe', '0x01', '0x01', '0x02']
13:35:26.630  DEBUG   [poll]    -> read  st2mot    
13:35:26.634  DEBUG   [poll]    <- read  st2mot     ret=0  data=['0x00', '0x00']
13:35:26.634  DEBUG   [poll]    -> read  st0cur    
13:35:26.638  DEBUG   [poll]    <- read  st0cur     ret=0  data=['0xfe', '0x01', '0x01', '0x02']
13:35:27.640  DEBUG   [poll]    -> read  st2mot    
13:35:27.643  DEBUG   [poll]    <- read  st2mot     ret=0  data=['0x00', '0x00']
13:35:27.643  DEBUG   [poll]    -> read  st0cur    
13:35:27.648  DEBUG   [poll]    <- read  st0cur     ret=0  data=['0xfd', '0x01', '0x01', '0x02']
13:35:28.649  DEBUG   [poll]    -> read  st2mot    
13:35:28.652  DEBUG   [poll]    <- read  st2mot     ret=0  data=['0x00', '0x00']
13:35:28.652  DEBUG   [poll]    -> read  st0cur    
13:35:28.656  DEBUG   [poll]    <- read  st0cur     ret=0  data=['0xfe', '0x01', '0x01', '0x02']
13:35:29.657  DEBUG   [poll]    -> read  st2mot    
13:35:29.661  DEBUG   [poll]    <- read  st2mot     ret=0  data=['0x00', '0x00']
13:35:29.661  DEBUG   [poll]    -> read  st0cur    
13:35:29.665  DEBUG   [poll]    <- read  st0cur     ret=0  data=['0xfe', '0x01', '0x01', '0x02']
13:35:30.667  DEBUG   [poll]    -> read  st2mot    
13:35:30.670  DEBUG   [poll]    <- read  st2mot     ret=0  data=['0x00', '0x00']
13:35:30.672  DEBUG   [poll]    -> read  st0cur    
13:35:30.676  DEBUG   [poll]    <- read  st0cur     ret=0  data=['0xfe', '0x01', '0x01', '0x02']
13:35:31.678  DEBUG   [poll]    -> read  st2mot    
13:35:31.681  DEBUG   [poll]    <- read  st2mot     ret=0  data=['0x00', '0x00']
13:35:31.681  DEBUG   [poll]    -> read  st0cur    
13:35:31.686  DEBUG   [poll]    <- read  st0cur     ret=0  data=['0xfe', '0x01', '0x01', '0x02']
13:35:32.687  DEBUG   [poll]    -> read  st2mot    
13:35:32.690  DEBUG   [poll]    <- read  st2mot     ret=0  data=['0x00', '0x00']
13:35:32.691  DEBUG   [poll]    -> read  st0cur    
13:35:32.695  DEBUG   [poll]    <- read  st0cur     ret=0  data=['0xfe', '0x01', '0x01', '0x02']
13:35:33.697  DEBUG   [poll]    -> read  st2mot    
13:35:33.700  DEBUG   [poll]    <- read  st2mot     ret=0  data=['0x00', '0x00']
13:35:33.700  DEBUG   [poll]    -> read  st0cur    
13:35:33.704  DEBUG   [poll]    <- read  st0cur     ret=0  data=['0xfe', '0x01', '0x02', '0x02']
13:35:34.706  DEBUG   [poll]    -> read  st2mot    
13:35:34.709  DEBUG   [poll]    <- read  st2mot     ret=0  data=['0x00', '0x00']
13:35:34.710  DEBUG   [poll]    -> read  st0cur    
13:35:34.714  DEBUG   [poll]    <- read  st0cur     ret=0  data=['0xfe', '0x01', '0x01', '0x02']
13:35:35.715  DEBUG   [poll]    -> read  st2mot    
13:35:35.719  DEBUG   [poll]    <- read  st2mot     ret=0  data=['0x00', '0x00']
13:35:35.719  DEBUG   [poll]    -> read  st0cur    
13:35:35.723  DEBUG   [poll]    <- read  st0cur     ret=0  data=['0xfe', '0x01', '0x01', '0x02']
13:35:36.725  DEBUG   [poll]    -> read  st2mot    
13:35:36.728  DEBUG   [poll]    <- read  st2mot     ret=0  data=['0x00', '0x00']
13:35:36.729  DEBUG   [poll]    -> read  st0cur    
13:35:36.733  DEBUG   [poll]    <- read  st0cur     ret=0  data=['0xfe', '0x01', '0x01', '0x02']
13:35:37.734  DEBUG   [poll]    -> read  st2mot    
13:35:37.738  DEBUG   [poll]    <- read  st2mot     ret=0  data=['0x00', '0x00']
13:35:37.738  DEBUG   [poll]    -> read  st0cur    
13:35:37.742  DEBUG   [poll]    <- read  st0cur     ret=0  data=['0xfe', '0x01', '0x01', '0x02']
13:35:38.744  DEBUG   [poll]    -> read  st2mot    
13:35:38.747  DEBUG   [poll]    <- read  st2mot     ret=0  data=['0x00', '0x00']
13:35:38.748  DEBUG   [poll]    -> read  st0cur    
13:35:38.752  DEBUG   [poll]    <- read  st0cur     ret=0  data=['0xfe', '0x01', '0x01', '0x02']
13:35:39.753  DEBUG   [poll]    -> read  st2mot    
13:35:39.757  DEBUG   [poll]    <- read  st2mot     ret=0  data=['0x00', '0x00']
13:35:39.757  DEBUG   [poll]    -> read  st0cur    
13:35:39.761  DEBUG   [poll]    <- read  st0cur     ret=0  data=['0xfe', '0x01', '0x00', '0x02']
13:35:40.763  DEBUG   [poll]    -> read  st2mot    
13:35:40.766  DEBUG   [poll]    <- read  st2mot     ret=0  data=['0x00', '0x00']
13:35:40.767  DEBUG   [poll]    -> read  st0cur    
13:35:40.771  DEBUG   [poll]    <- read  st0cur     ret=0  data=['0xfe', '0x01', '0x01', '0x02']
13:35:41.772  DEBUG   [poll]    -> read  st2mot    
13:35:41.776  DEBUG   [poll]    <- read  st2mot     ret=0  data=['0x00', '0x00']
13:35:41.776  DEBUG   [poll]    -> read  st0cur    
13:35:41.780  DEBUG   [poll]    <- read  st0cur     ret=0  data=['0xfe', '0x01', '0x01', '0x02']
13:35:42.782  DEBUG   [poll]    -> read  st2mot    
13:35:42.785  DEBUG   [poll]    <- read  st2mot     ret=0  data=['0x00', '0x00']
13:35:42.786  DEBUG   [poll]    -> read  st0cur    
13:35:42.790  DEBUG   [poll]    <- read  st0cur     ret=0  data=['0xfe', '0x01', '0x01', '0x02']
13:35:43.791  DEBUG   [poll]    -> read  st2mot    
13:35:43.795  DEBUG   [poll]    <- read  st2mot     ret=0  data=['0x00', '0x00']
13:35:43.795  DEBUG   [poll]    -> read  st0cur    
13:35:43.799  DEBUG   [poll]    <- read  st0cur     ret=0  data=['0xfe', '0x01', '0x01', '0x02']
13:35:44.801  DEBUG   [poll]    -> read  st2mot    
13:35:44.804  DEBUG   [poll]    <- read  st2mot     ret=0  data=['0x00', '0x00']
13:35:44.805  DEBUG   [poll]    -> read  st0cur    
13:35:44.809  DEBUG   [poll]    <- read  st0cur     ret=0  data=['0xfe', '0x01', '0x01', '0x02']
13:35:45.810  DEBUG   [poll]    -> read  st2mot    
13:35:45.814  DEBUG   [poll]    <- read  st2mot     ret=0  data=['0x00', '0x00']
13:35:45.815  DEBUG   [poll]    -> read  st0cur    
13:35:45.819  DEBUG   [poll]    <- read  st0cur     ret=0  data=['0xfe', '0x01', '0x01', '0x02']
13:35:46.821  DEBUG   [poll]    -> read  st2mot    
13:35:46.824  DEBUG   [poll]    <- read  st2mot     ret=0  data=['0x00', '0x00']
13:35:46.825  DEBUG   [poll]    -> read  st0cur    
13:35:46.829  DEBUG   [poll]    <- read  st0cur     ret=0  data=['0xfd', '0x01', '0x01', '0x02']
13:35:47.830  DEBUG   [poll]    -> read  st2mot    
13:35:47.834  DEBUG   [poll]    <- read  st2mot     ret=0  data=['0x00', '0x00']
13:35:47.834  DEBUG   [poll]    -> read  st0cur    
13:35:47.839  DEBUG   [poll]    <- read  st0cur     ret=0  data=['0xfe', '0x01', '0x01', '0x02']
13:35:48.840  DEBUG   [poll]    -> read  st2mot    
13:35:48.843  DEBUG   [poll]    <- read  st2mot     ret=0  data=['0x00', '0x00']
13:35:48.844  DEBUG   [poll]    -> read  st0cur    
13:35:48.848  DEBUG   [poll]    <- read  st0cur     ret=0  data=['0xfe', '0x01', '0x01', '0x02']
13:35:49.849  DEBUG   [poll]    -> read  st2mot    
13:35:49.853  DEBUG   [poll]    <- read  st2mot     ret=0  data=['0x00', '0x00']
13:35:49.853  DEBUG   [poll]    -> read  st0cur    
13:35:49.857  DEBUG   [poll]    <- read  st0cur     ret=0  data=['0xfe', '0x01', '0x01', '0x02']
13:35:50.859  DEBUG   [poll]    -> read  st2mot    
13:35:50.862  DEBUG   [poll]    <- read  st2mot     ret=0  data=['0x00', '0x00']
13:35:50.863  DEBUG   [poll]    -> read  st0cur    
13:35:50.867  DEBUG   [poll]    <- read  st0cur     ret=0  data=['0xfe', '0x01', '0x01', '0x02']
13:35:51.868  DEBUG   [poll]    -> read  st2mot    
13:35:51.872  DEBUG   [poll]    <- read  st2mot     ret=0  data=['0x00', '0x00']
13:35:51.872  DEBUG   [poll]    -> read  st0cur    
13:35:51.876  DEBUG   [poll]    <- read  st0cur     ret=0  data=['0xfe', '0x01', '0x01', '0x02']
13:35:52.878  DEBUG   [poll]    -> read  st2mot    
13:35:52.881  DEBUG   [poll]    <- read  st2mot     ret=0  data=['0x00', '0x00']
13:35:52.882  DEBUG   [poll]    -> read  st0cur    
13:35:52.886  DEBUG   [poll]    <- read  st0cur     ret=0  data=['0xfe', '0x01', '0x01', '0x02']
13:35:53.887  DEBUG   [poll]    -> read  st2mot    
13:35:53.891  DEBUG   [poll]    <- read  st2mot     ret=0  data=['0x00', '0x00']
13:35:53.891  DEBUG   [poll]    -> read  st0cur    
13:35:53.895  DEBUG   [poll]    <- read  st0cur     ret=0  data=['0xfe', '0x01', '0x01', '0x02']
13:35:54.897  DEBUG   [poll]    -> read  st2mot    
13:35:54.900  DEBUG   [poll]    <- read  st2mot     ret=0  data=['0x00', '0x00']
13:35:54.900  DEBUG   [poll]    -> read  st0cur    
13:35:54.905  DEBUG   [poll]    <- read  st0cur     ret=0  data=['0xfd', '0x01', '0x01', '0x02']
13:35:55.906  DEBUG   [poll]    -> read  st2mot    
13:35:55.910  DEBUG   [poll]    <- read  st2mot     ret=0  data=['0x00', '0x00']
13:35:55.910  DEBUG   [poll]    -> read  st0cur    
13:35:55.914  DEBUG   [poll]    <- read  st0cur     ret=0  data=['0xfe', '0x01', '0x01', '0x02']
13:35:56.916  DEBUG   [poll]    -> read  st2mot    
13:35:56.919  DEBUG   [poll]    <- read  st2mot     ret=0  data=['0x00', '0x00']
13:35:56.920  DEBUG   [poll]    -> read  st0cur    
13:35:56.924  DEBUG   [poll]    <- read  st0cur     ret=0  data=['0xfe', '0x01', '0x01', '0x02']
13:35:57.925  DEBUG   [poll]    -> read  st2mot    
13:35:57.929  DEBUG   [poll]    <- read  st2mot     ret=0  data=['0x00', '0x00']
13:35:57.929  DEBUG   [poll]    -> read  st0cur    
13:35:57.933  DEBUG   [poll]    <- read  st0cur     ret=0  data=['0xfe', '0x01', '0x01', '0x02']
13:35:58.935  DEBUG   [poll]    -> read  st2mot    
13:35:58.938  DEBUG   [poll]    <- read  st2mot     ret=0  data=['0x00', '0x00']
13:35:58.938  DEBUG   [poll]    -> read  st0cur    
13:35:58.943  DEBUG   [poll]    <- read  st0cur     ret=0  data=['0xfe', '0x01', '0x01', '0x02']
13:35:59.944  DEBUG   [poll]    -> read  st2mot    
13:35:59.947  DEBUG   [poll]    <- read  st2mot     ret=0  data=['0x00', '0x00']
13:35:59.948  DEBUG   [poll]    -> read  st0cur    
13:35:59.952  DEBUG   [poll]    <- read  st0cur     ret=0  data=['0xfe', '0x01', '0x01', '0x02']
13:36:00.953  DEBUG   [poll]    -> read  st2mot    
13:36:00.957  DEBUG   [poll]    <- read  st2mot     ret=0  data=['0x00', '0x00']
13:36:00.957  DEBUG   [poll]    -> read  st0cur    
13:36:00.962  DEBUG   [poll]    <- read  st0cur     ret=0  data=['0xfe', '0x01', '0x01', '0x02']
13:36:01.963  DEBUG   [poll]    -> read  st2mot    
13:36:01.967  DEBUG   [poll]    <- read  st2mot     ret=0  data=['0x00', '0x00']
13:36:01.967  DEBUG   [poll]    -> read  st0cur    
13:36:01.972  DEBUG   [poll]    <- read  st0cur     ret=0  data=['0xfe', '0x01', '0x01', '0x02']
13:36:02.973  DEBUG   [poll]    -> read  st2mot    
13:36:02.976  DEBUG   [poll]    <- read  st2mot     ret=0  data=['0x00', '0x00']
13:36:02.977  DEBUG   [poll]    -> read  st0cur    
13:36:02.981  DEBUG   [poll]    <- read  st0cur     ret=0  data=['0xfd', '0x01', '0x01', '0x02']
13:36:03.982  DEBUG   [poll]    -> read  st2mot    
13:36:03.986  DEBUG   [poll]    <- read  st2mot     ret=0  data=['0x00', '0x00']
13:36:03.986  DEBUG   [poll]    -> read  st0cur    
13:36:03.990  DEBUG   [poll]    <- read  st0cur     ret=0  data=['0xfe', '0x01', '0x01', '0x02']
13:36:04.992  DEBUG   [poll]    -> read  st2mot    
13:36:04.995  DEBUG   [poll]    <- read  st2mot     ret=0  data=['0x00', '0x00']
13:36:04.995  DEBUG   [poll]    -> read  st0cur    
13:36:05.000  DEBUG   [poll]    <- read  st0cur     ret=0  data=['0xfe', '0x01', '0x01', '0x02']
13:36:06.001  DEBUG   [poll]    -> read  st2mot    
13:36:06.005  DEBUG   [poll]    <- read  st2mot     ret=0  data=['0x00', '0x00']
13:36:06.005  DEBUG   [poll]    -> read  st0cur    
13:36:06.009  DEBUG   [poll]    <- read  st0cur     ret=0  data=['0xfd', '0x01', '0x01', '0x02']
13:36:07.011  DEBUG   [poll]    -> read  st2mot    
13:36:07.014  DEBUG   [poll]    <- read  st2mot     ret=0  data=['0x00', '0x00']
13:36:07.015  DEBUG   [poll]    -> read  st0cur    
13:36:07.019  DEBUG   [poll]    <- read  st0cur     ret=0  data=['0xfe', '0x01', '0x01', '0x02']
13:36:08.020  DEBUG   [poll]    -> read  st2mot    
13:36:08.024  DEBUG   [poll]    <- read  st2mot     ret=0  data=['0x00', '0x00']
13:36:08.024  DEBUG   [poll]    -> read  st0cur    
13:36:08.028  DEBUG   [poll]    <- read  st0cur     ret=0  data=['0xfe', '0x01', '0x01', '0x02']
13:36:09.030  DEBUG   [poll]    -> read  st2mot    
13:36:09.033  DEBUG   [poll]    <- read  st2mot     ret=0  data=['0x00', '0x00']
13:36:09.033  DEBUG   [poll]    -> read  st0cur    
13:36:09.038  DEBUG   [poll]    <- read  st0cur     ret=0  data=['0xfe', '0x01', '0x01', '0x02']
13:36:10.039  DEBUG   [poll]    -> read  st2mot    
13:36:10.042  DEBUG   [poll]    <- read  st2mot     ret=0  data=['0x00', '0x00']
13:36:10.043  DEBUG   [poll]    -> read  st0cur    
13:36:10.047  DEBUG   [poll]    <- read  st0cur     ret=0  data=['0xfe', '0x01', '0x01', '0x02']
13:36:11.048  DEBUG   [poll]    -> read  st2mot    
13:36:11.052  DEBUG   [poll]    <- read  st2mot     ret=0  data=['0x00', '0x00']
13:36:11.052  DEBUG   [poll]    -> read  st0cur    
13:36:11.057  DEBUG   [poll]    <- read  st0cur     ret=0  data=['0xfe', '0x01', '0x01', '0x02']
13:36:12.003  INFO    client connected
13:36:12.005  DEBUG   [client]  -> write cntl0mot   data=['0xf6', '0xfa']
13:36:12.008  DEBUG   [client]  -> write cntl3mot   data=['0x00', '0x00']
13:36:12.012  DEBUG   [client]  -> write cntl3mot   data=['0x03', '0xe8']
13:36:12.016  DEBUG   [client]  -> read  st2mot    
13:36:12.019  DEBUG   [client]  <- read  st2mot     ret=0  data=['0x00', '0x00']
13:36:12.019  DEBUG   [client]  -> read  st0cur    
13:36:12.023  DEBUG   [client]  <- read  st0cur     ret=0  data=['0xfe', '0x01', '0x01', '0x02']
13:36:12.058  DEBUG   [poll]    -> read  st2mot    
13:36:12.061  DEBUG   [poll]    <- read  st2mot     ret=0  data=['0x19', '0x00']
13:36:12.061  DEBUG   [poll]    -> read  st0cur    
13:36:12.065  DEBUG   [poll]    <- read  st0cur     ret=0  data=['0xfe', '0x01', '0x01', '0x02']
13:36:12.216  DEBUG   [client]  -> read  st2mot    
13:36:12.219  DEBUG   [client]  <- read  st2mot     ret=0  data=['0x00', '0x00']
13:36:12.416  DEBUG   [client]  -> read  st2mot    
13:36:12.419  DEBUG   [client]  <- read  st2mot     ret=0  data=['0x00', '0x00']
13:36:12.616  DEBUG   [client]  -> read  st2mot    
13:36:12.620  DEBUG   [client]  <- read  st2mot     ret=0  data=['0xc8', '0x00']
13:36:12.817  DEBUG   [client]  -> read  st2mot    
13:36:12.820  DEBUG   [client]  <- read  st2mot     ret=0  data=['0x7e', '0x04']
13:36:13.017  DEBUG   [client]  -> read  st2mot    
13:36:13.020  DEBUG   [client]  <- read  st2mot     ret=0  data=['0x2d', '0x05']
13:36:13.022  DEBUG   [client]  -> read  st0cur    
13:36:13.026  DEBUG   [client]  <- read  st0cur     ret=0  data=['0xf8', '0x01', '0xfc', '0x01']
13:36:13.067  DEBUG   [poll]    -> read  st2mot    
13:36:13.070  DEBUG   [poll]    <- read  st2mot     ret=0  data=['0xfb', '0x04']
13:36:13.070  DEBUG   [poll]    -> read  st0cur    
13:36:13.074  DEBUG   [poll]    <- read  st0cur     ret=0  data=['0xf8', '0x01', '0xfc', '0x01']
13:36:13.216  DEBUG   [client]  -> read  st2mot    
13:36:13.220  DEBUG   [client]  <- read  st2mot     ret=0  data=['0x97', '0x04']
13:36:13.417  DEBUG   [client]  -> read  st2mot    
13:36:13.420  DEBUG   [client]  <- read  st2mot     ret=0  data=['0x33', '0x04']
13:36:13.617  DEBUG   [client]  -> read  st2mot    
13:36:13.620  DEBUG   [client]  <- read  st2mot     ret=0  data=['0x01', '0x04']
13:36:13.817  DEBUG   [client]  -> read  st2mot    
13:36:13.820  DEBUG   [client]  <- read  st2mot     ret=0  data=['0xcf', '0x03']
13:36:14.017  DEBUG   [client]  -> read  st2mot    
13:36:14.020  DEBUG   [client]  <- read  st2mot     ret=0  data=['0xcf', '0x03']
13:36:14.022  DEBUG   [client]  -> read  st0cur    
13:36:14.026  DEBUG   [client]  <- read  st0cur     ret=0  data=['0xf4', '0x01', '0xf3', '0x01']
13:36:14.076  DEBUG   [poll]    -> read  st2mot    
13:36:14.079  DEBUG   [poll]    <- read  st2mot     ret=0  data=['0xcf', '0x03']
13:36:14.080  DEBUG   [poll]    -> read  st0cur    
13:36:14.084  DEBUG   [poll]    <- read  st0cur     ret=0  data=['0xf4', '0x01', '0xf3', '0x01']
13:36:14.216  DEBUG   [client]  -> read  st2mot    
13:36:14.220  DEBUG   [client]  <- read  st2mot     ret=0  data=['0xe8', '0x03']
13:36:14.417  DEBUG   [client]  -> read  st2mot    
13:36:14.420  DEBUG   [client]  <- read  st2mot     ret=0  data=['0xe8', '0x03']
13:36:14.617  DEBUG   [client]  -> read  st2mot    
13:36:14.620  DEBUG   [client]  <- read  st2mot     ret=0  data=['0xe8', '0x03']
13:36:14.817  DEBUG   [client]  -> read  st2mot    
13:36:14.820  DEBUG   [client]  <- read  st2mot     ret=0  data=['0xe8', '0x03']
13:36:15.017  DEBUG   [client]  -> read  st2mot    
13:36:15.020  DEBUG   [client]  <- read  st2mot     ret=0  data=['0xe8', '0x03']
13:36:15.022  DEBUG   [client]  -> read  st0cur    
13:36:15.026  DEBUG   [client]  <- read  st0cur     ret=0  data=['0xf5', '0x01', '0xf6', '0x01']
13:36:15.085  DEBUG   [poll]    -> read  st2mot    
13:36:15.089  DEBUG   [poll]    <- read  st2mot     ret=0  data=['0xe8', '0x03']
13:36:15.089  DEBUG   [poll]    -> read  st0cur    
13:36:15.093  DEBUG   [poll]    <- read  st0cur     ret=0  data=['0xf5', '0x01', '0xf6', '0x01']
13:36:15.217  DEBUG   [client]  -> read  st2mot    
13:36:15.220  DEBUG   [client]  <- read  st2mot     ret=0  data=['0xe8', '0x03']
13:36:15.417  DEBUG   [client]  -> read  st2mot    
13:36:15.420  DEBUG   [client]  <- read  st2mot     ret=0  data=['0xe8', '0x03']
13:36:15.617  DEBUG   [client]  -> read  st2mot    
13:36:15.620  DEBUG   [client]  <- read  st2mot     ret=0  data=['0x01', '0x04']
13:36:15.817  DEBUG   [client]  -> read  st2mot    
13:36:15.820  DEBUG   [client]  <- read  st2mot     ret=0  data=['0xcf', '0x03']
13:36:16.017  DEBUG   [client]  -> read  st2mot    
13:36:16.020  DEBUG   [client]  <- read  st2mot     ret=0  data=['0xe8', '0x03']
13:36:16.022  DEBUG   [client]  -> read  st0cur    
13:36:16.026  DEBUG   [client]  <- read  st0cur     ret=0  data=['0xf7', '0x01', '0xf7', '0x01']
13:36:16.095  DEBUG   [poll]    -> read  st2mot    
13:36:16.098  DEBUG   [poll]    <- read  st2mot     ret=0  data=['0x01', '0x04']
13:36:16.100  DEBUG   [poll]    -> read  st0cur    
13:36:16.104  DEBUG   [poll]    <- read  st0cur     ret=0  data=['0xf7', '0x01', '0xf7', '0x01']
13:36:16.217  DEBUG   [client]  -> read  st2mot    
13:36:16.220  DEBUG   [client]  <- read  st2mot     ret=0  data=['0xe8', '0x03']
13:36:16.417  DEBUG   [client]  -> read  st2mot    
13:36:16.420  DEBUG   [client]  <- read  st2mot     ret=0  data=['0xe8', '0x03']
13:36:16.617  DEBUG   [client]  -> read  st2mot    
13:36:16.620  DEBUG   [client]  <- read  st2mot     ret=0  data=['0x01', '0x04']
13:36:16.817  DEBUG   [client]  -> read  st2mot    
13:36:16.820  DEBUG   [client]  <- read  st2mot     ret=0  data=['0xe8', '0x03']
13:36:17.016  DEBUG   [client]  -> read  st2mot    
13:36:17.020  DEBUG   [client]  <- read  st2mot     ret=0  data=['0xe8', '0x03']
13:36:17.021  DEBUG   [client]  -> read  st0cur    
13:36:17.026  DEBUG   [client]  <- read  st0cur     ret=0  data=['0xf5', '0x01', '0xf6', '0x01']
13:36:17.106  DEBUG   [poll]    -> read  st2mot    
13:36:17.109  DEBUG   [poll]    <- read  st2mot     ret=0  data=['0xcf', '0x03']
13:36:17.110  DEBUG   [poll]    -> read  st0cur    
13:36:17.114  DEBUG   [poll]    <- read  st0cur     ret=0  data=['0xf5', '0x01', '0xf6', '0x01']
13:36:17.216  DEBUG   [client]  -> read  st2mot    
13:36:17.220  DEBUG   [client]  <- read  st2mot     ret=0  data=['0x01', '0x04']
13:36:17.417  DEBUG   [client]  -> read  st2mot    
13:36:17.420  DEBUG   [client]  <- read  st2mot     ret=0  data=['0xe8', '0x03']
13:36:17.617  DEBUG   [client]  -> read  st2mot    
13:36:17.620  DEBUG   [client]  <- read  st2mot     ret=0  data=['0xe8', '0x03']
13:36:17.817  DEBUG   [client]  -> read  st2mot    
13:36:17.820  DEBUG   [client]  <- read  st2mot     ret=0  data=['0xe8', '0x03']
13:36:18.017  DEBUG   [client]  -> read  st2mot    
13:36:18.020  DEBUG   [client]  <- read  st2mot     ret=0  data=['0xcf', '0x03']
13:36:18.022  DEBUG   [client]  -> read  st0cur    
13:36:18.026  DEBUG   [client]  <- read  st0cur     ret=0  data=['0xf5', '0x01', '0xf6', '0x01']
13:36:18.115  DEBUG   [poll]    -> read  st2mot    
13:36:18.119  DEBUG   [poll]    <- read  st2mot     ret=0  data=['0x01', '0x04']
13:36:18.119  DEBUG   [poll]    -> read  st0cur    
13:36:18.123  DEBUG   [poll]    <- read  st0cur     ret=0  data=['0xf5', '0x01', '0xf6', '0x01']
13:36:18.217  DEBUG   [client]  -> read  st2mot    
13:36:18.220  DEBUG   [client]  <- read  st2mot     ret=0  data=['0xe8', '0x03']
13:36:18.417  DEBUG   [client]  -> read  st2mot    
13:36:18.420  DEBUG   [client]  <- read  st2mot     ret=0  data=['0xe8', '0x03']
13:36:18.617  DEBUG   [client]  -> read  st2mot    
13:36:18.620  DEBUG   [client]  <- read  st2mot     ret=0  data=['0x01', '0x04']
13:36:18.817  DEBUG   [client]  -> read  st2mot    
13:36:18.820  DEBUG   [client]  <- read  st2mot     ret=0  data=['0xe8', '0x03']
13:36:18.822  DEBUG   [client]  -> write cntl3mot   data=['0x03', '0x20']
13:36:19.077  DEBUG   [client]  -> write cntl3mot   data=['0x02', '0x58']
13:36:19.124  DEBUG   [poll]    -> read  st2mot    
13:36:19.128  DEBUG   [poll]    <- read  st2mot     ret=0  data=['0x6b', '0x03']
13:36:19.128  DEBUG   [poll]    -> read  st0cur    
13:36:19.132  DEBUG   [poll]    <- read  st0cur     ret=0  data=['0xf4', '0x01', '0xf8', '0x01']
13:36:19.333  DEBUG   [client]  -> write cntl3mot   data=['0x01', '0x90']
13:36:19.589  DEBUG   [client]  -> write cntl3mot   data=['0x00', '0xc8']
13:36:19.844  DEBUG   [client]  -> write cntl3mot   data=['0x00', '0x00']
13:36:19.849  WARNING client disconnected — stopping motor
13:36:19.850  DEBUG   [client]  -> write cntl3mot   data=['0x00', '0x00']
13:36:19.854  INFO    client disconnected
13:36:20.134  DEBUG   [poll]    -> read  st2mot    
13:36:20.137  DEBUG   [poll]    <- read  st2mot     ret=0  data=['0x00', '0x00']
13:36:20.138  DEBUG   [poll]    -> read  st0cur    
13:36:20.142  DEBUG   [poll]    <- read  st0cur     ret=0  data=['0xf8', '0x01', '0xf9', '0x01']
13:36:20.142  WARNING *** OBSERVED STALL SIGNATURE (not acted on yet) — current=-0.39A while rpm=0 ***
13:36:21.144  DEBUG   [poll]    -> read  st2mot    
13:36:21.148  DEBUG   [poll]    <- read  st2mot     ret=0  data=['0x00', '0x00']
13:36:21.149  DEBUG   [poll]    -> read  st0cur    
13:36:21.153  DEBUG   [poll]    <- read  st0cur     ret=0  data=['0xfd', '0x01', '0x01', '0x02']
13:36:22.154  DEBUG   [poll]    -> read  st2mot    
13:36:22.158  DEBUG   [poll]    <- read  st2mot     ret=0  data=['0x00', '0x00']
13:36:22.158  DEBUG   [poll]    -> read  st0cur    
13:36:22.162  DEBUG   [poll]    <- read  st0cur     ret=0  data=['0xfe', '0x01', '0x01', '0x02']
13:36:23.164  DEBUG   [poll]    -> read  st2mot    
13:36:23.167  DEBUG   [poll]    <- read  st2mot     ret=0  data=['0x00', '0x00']
13:36:23.167  DEBUG   [poll]    -> read  st0cur    
13:36:23.171  DEBUG   [poll]    <- read  st0cur     ret=0  data=['0xfd', '0x01', '0x01', '0x02']
13:36:24.172  DEBUG   [poll]    -> read  st2mot    
13:36:24.176  DEBUG   [poll]    <- read  st2mot     ret=0  data=['0x00', '0x00']
13:36:24.176  DEBUG   [poll]    -> read  st0cur    
13:36:24.180  DEBUG   [poll]    <- read  st0cur     ret=0  data=['0xfe', '0x01', '0x01', '0x02']
13:36:25.182  DEBUG   [poll]    -> read  st2mot    
13:36:25.185  DEBUG   [poll]    <- read  st2mot     ret=0  data=['0x00', '0x00']
13:36:25.186  DEBUG   [poll]    -> read  st0cur    
13:36:25.190  DEBUG   [poll]    <- read  st0cur     ret=0  data=['0xfe', '0x01', '0x01', '0x02']
13:36:26.191  DEBUG   [poll]    -> read  st2mot    
13:36:26.195  DEBUG   [poll]    <- read  st2mot     ret=0  data=['0x00', '0x00']
13:36:26.196  DEBUG   [poll]    -> read  st0cur    
13:36:26.200  DEBUG   [poll]    <- read  st0cur     ret=0  data=['0xfe', '0x01', '0x01', '0x02']
13:36:27.202  DEBUG   [poll]    -> read  st2mot    
13:36:27.205  DEBUG   [poll]    <- read  st2mot     ret=0  data=['0x00', '0x00']
13:36:27.206  DEBUG   [poll]    -> read  st0cur    
13:36:27.210  DEBUG   [poll]    <- read  st0cur     ret=0  data=['0xfe', '0x01', '0x01', '0x02']
13:36:28.212  DEBUG   [poll]    -> read  st2mot    
13:36:28.215  DEBUG   [poll]    <- read  st2mot     ret=0  data=['0x00', '0x00']
13:36:28.215  DEBUG   [poll]    -> read  st0cur    
13:36:28.220  DEBUG   [poll]    <- read  st0cur     ret=0  data=['0xfd', '0x01', '0x01', '0x02']
13:36:29.221  DEBUG   [poll]    -> read  st2mot    
13:36:29.225  DEBUG   [poll]    <- read  st2mot     ret=0  data=['0x00', '0x00']
13:36:29.225  DEBUG   [poll]    -> read  st0cur    
13:36:29.229  DEBUG   [poll]    <- read  st0cur     ret=0  data=['0xfe', '0x01', '0x00', '0x02']
13:36:30.231  DEBUG   [poll]    -> read  st2mot    
13:36:30.234  DEBUG   [poll]    <- read  st2mot     ret=0  data=['0x00', '0x00']
13:36:30.234  DEBUG   [poll]    -> read  st0cur    
13:36:30.239  DEBUG   [poll]    <- read  st0cur     ret=0  data=['0xfe', '0x01', '0x02', '0x02']
13:36:31.240  DEBUG   [poll]    -> read  st2mot    
13:36:31.243  DEBUG   [poll]    <- read  st2mot     ret=0  data=['0x00', '0x00']
13:36:31.244  DEBUG   [poll]    -> read  st0cur    
13:36:31.248  DEBUG   [poll]    <- read  st0cur     ret=0  data=['0xfd', '0x01', '0x01', '0x02']
13:36:32.250  DEBUG   [poll]    -> read  st2mot    
13:36:32.253  DEBUG   [poll]    <- read  st2mot     ret=0  data=['0x00', '0x00']
13:36:32.254  DEBUG   [poll]    -> read  st0cur    
13:36:32.258  DEBUG   [poll]    <- read  st0cur     ret=0  data=['0xfe', '0x01', '0x01', '0x02']
13:36:33.259  DEBUG   [poll]    -> read  st2mot    
13:36:33.263  DEBUG   [poll]    <- read  st2mot     ret=0  data=['0x00', '0x00']
13:36:33.263  DEBUG   [poll]    -> read  st0cur    
13:36:33.267  DEBUG   [poll]    <- read  st0cur     ret=0  data=['0xfe', '0x01', '0x01', '0x02']
13:36:34.269  DEBUG   [poll]    -> read  st2mot    
13:36:34.272  DEBUG   [poll]    <- read  st2mot     ret=0  data=['0x00', '0x00']
13:36:34.272  DEBUG   [poll]    -> read  st0cur    
13:36:34.277  DEBUG   [poll]    <- read  st0cur     ret=0  data=['0xfe', '0x01', '0x01', '0x02']
13:36:35.278  DEBUG   [poll]    -> read  st2mot    
13:36:35.282  DEBUG   [poll]    <- read  st2mot     ret=0  data=['0x00', '0x00']
13:36:35.282  DEBUG   [poll]    -> read  st0cur    
13:36:35.286  DEBUG   [poll]    <- read  st0cur     ret=0  data=['0xfe', '0x01', '0x01', '0x02']
13:36:36.288  DEBUG   [poll]    -> read  st2mot    
13:36:36.291  DEBUG   [poll]    <- read  st2mot     ret=0  data=['0x00', '0x00']
13:36:36.293  DEBUG   [poll]    -> read  st0cur    
13:36:36.297  DEBUG   [poll]    <- read  st0cur     ret=0  data=['0xfd', '0x01', '0x01', '0x02']
13:36:37.298  DEBUG   [poll]    -> read  st2mot    
13:36:37.302  DEBUG   [poll]    <- read  st2mot     ret=0  data=['0x00', '0x00']
13:36:37.302  DEBUG   [poll]    -> read  st0cur    
13:36:37.306  DEBUG   [poll]    <- read  st0cur     ret=0  data=['0xfe', '0x01', '0x01', '0x02']
13:36:38.308  DEBUG   [poll]    -> read  st2mot    
13:36:38.311  DEBUG   [poll]    <- read  st2mot     ret=0  data=['0x00', '0x00']
13:36:38.312  DEBUG   [poll]    -> read  st0cur    
13:36:38.316  DEBUG   [poll]    <- read  st0cur     ret=0  data=['0xfe', '0x01', '0x01', '0x02']
13:36:39.317  DEBUG   [poll]    -> read  st2mot    
13:36:39.321  DEBUG   [poll]    <- read  st2mot     ret=0  data=['0x00', '0x00']
13:36:39.321  DEBUG   [poll]    -> read  st0cur    
13:36:39.325  DEBUG   [poll]    <- read  st0cur     ret=0  data=['0xfe', '0x01', '0x01', '0x02']
13:36:40.327  DEBUG   [poll]    -> read  st2mot    
13:36:40.330  DEBUG   [poll]    <- read  st2mot     ret=0  data=['0x00', '0x00']
13:36:40.331  DEBUG   [poll]    -> read  st0cur    
13:36:40.335  DEBUG   [poll]    <- read  st0cur     ret=0  data=['0xfe', '0x01', '0x01', '0x02']
13:36:41.336  DEBUG   [poll]    -> read  st2mot    
13:36:41.340  DEBUG   [poll]    <- read  st2mot     ret=0  data=['0x00', '0x00']
13:36:41.340  DEBUG   [poll]    -> read  st0cur    
13:36:41.344  DEBUG   [poll]    <- read  st0cur     ret=0  data=['0xfe', '0x01', '0x01', '0x02']
13:36:42.346  DEBUG   [poll]    -> read  st2mot    
13:36:42.349  DEBUG   [poll]    <- read  st2mot     ret=0  data=['0x00', '0x00']
13:36:42.349  DEBUG   [poll]    -> read  st0cur    
13:36:42.354  DEBUG   [poll]    <- read  st0cur     ret=0  data=['0xfd', '0x01', '0x01', '0x02']
13:36:43.355  DEBUG   [poll]    -> read  st2mot    
13:36:43.358  DEBUG   [poll]    <- read  st2mot     ret=0  data=['0x00', '0x00']
13:36:43.359  DEBUG   [poll]    -> read  st0cur    
13:36:43.363  DEBUG   [poll]    <- read  st0cur     ret=0  data=['0xfe', '0x01', '0x00', '0x02']
13:36:44.365  DEBUG   [poll]    -> read  st2mot    
13:36:44.368  DEBUG   [poll]    <- read  st2mot     ret=0  data=['0x00', '0x00']
13:36:44.368  DEBUG   [poll]    -> read  st0cur    
13:36:44.373  DEBUG   [poll]    <- read  st0cur     ret=0  data=['0xfe', '0x01', '0x01', '0x02']
13:36:45.374  DEBUG   [poll]    -> read  st2mot    
13:36:45.377  DEBUG   [poll]    <- read  st2mot     ret=0  data=['0x00', '0x00']
13:36:45.378  DEBUG   [poll]    -> read  st0cur    
13:36:45.382  DEBUG   [poll]    <- read  st0cur     ret=0  data=['0xfe', '0x01', '0x01', '0x02']
13:36:46.383  DEBUG   [poll]    -> read  st2mot    
13:36:46.387  DEBUG   [poll]    <- read  st2mot     ret=0  data=['0x00', '0x00']
13:36:46.388  DEBUG   [poll]    -> read  st0cur    
13:36:46.392  DEBUG   [poll]    <- read  st0cur     ret=0  data=['0xfe', '0x01', '0x01', '0x02']
13:36:47.393  DEBUG   [poll]    -> read  st2mot    
13:36:47.397  DEBUG   [poll]    <- read  st2mot     ret=0  data=['0x00', '0x00']
13:36:47.397  DEBUG   [poll]    -> read  st0cur    
13:36:47.401  DEBUG   [poll]    <- read  st0cur     ret=0  data=['0xfe', '0x01', '0x01', '0x02']
13:36:48.403  DEBUG   [poll]    -> read  st2mot    
13:36:48.406  DEBUG   [poll]    <- read  st2mot     ret=0  data=['0x00', '0x00']
13:36:48.407  DEBUG   [poll]    -> read  st0cur    
13:36:48.411  DEBUG   [poll]    <- read  st0cur     ret=0  data=['0xfe', '0x01', '0x01', '0x02']
13:36:49.412  DEBUG   [poll]    -> read  st2mot    
13:36:49.416  DEBUG   [poll]    <- read  st2mot     ret=0  data=['0x00', '0x00']
13:36:49.416  DEBUG   [poll]    -> read  st0cur    
13:36:49.420  DEBUG   [poll]    <- read  st0cur     ret=0  data=['0xfe', '0x01', '0x01', '0x02']
13:36:50.422  DEBUG   [poll]    -> read  st2mot    
13:36:50.425  DEBUG   [poll]    <- read  st2mot     ret=0  data=['0x00', '0x00']
13:36:50.425  DEBUG   [poll]    -> read  st0cur    
13:36:50.429  DEBUG   [poll]    <- read  st0cur     ret=0  data=['0xfe', '0x01', '0x01', '0x02']
13:36:51.431  DEBUG   [poll]    -> read  st2mot    
13:36:51.434  DEBUG   [poll]    <- read  st2mot     ret=0  data=['0x00', '0x00']
13:36:51.435  DEBUG   [poll]    -> read  st0cur    
13:36:51.439  DEBUG   [poll]    <- read  st0cur     ret=0  data=['0xfe', '0x01', '0x01', '0x02']
13:36:52.440  DEBUG   [poll]    -> read  st2mot    
13:36:52.444  DEBUG   [poll]    <- read  st2mot     ret=0  data=['0x00', '0x00']
13:36:52.444  DEBUG   [poll]    -> read  st0cur    
13:36:52.448  DEBUG   [poll]    <- read  st0cur     ret=0  data=['0xfe', '0x01', '0x01', '0x02']
13:36:53.450  DEBUG   [poll]    -> read  st2mot    
13:36:53.453  DEBUG   [poll]    <- read  st2mot     ret=0  data=['0x00', '0x00']
13:36:53.454  DEBUG   [poll]    -> read  st0cur    
13:36:53.458  DEBUG   [poll]    <- read  st0cur     ret=0  data=['0xfe', '0x01', '0x01', '0x02']
13:36:54.459  DEBUG   [poll]    -> read  st2mot    
13:36:54.463  DEBUG   [poll]    <- read  st2mot     ret=0  data=['0x00', '0x00']
13:36:54.463  DEBUG   [poll]    -> read  st0cur    
13:36:54.467  DEBUG   [poll]    <- read  st0cur     ret=0  data=['0xfe', '0x01', '0x01', '0x02']
13:36:55.469  DEBUG   [poll]    -> read  st2mot    
13:36:55.472  DEBUG   [poll]    <- read  st2mot     ret=0  data=['0x00', '0x00']
13:36:55.472  DEBUG   [poll]    -> read  st0cur    
13:36:55.477  DEBUG   [poll]    <- read  st0cur     ret=0  data=['0xfe', '0x01', '0x01', '0x02']
13:36:56.478  DEBUG   [poll]    -> read  st2mot    
13:36:56.482  DEBUG   [poll]    <- read  st2mot     ret=0  data=['0x00', '0x00']
13:36:56.482  DEBUG   [poll]    -> read  st0cur    
13:36:56.486  DEBUG   [poll]    <- read  st0cur     ret=0  data=['0xfe', '0x01', '0x01', '0x02']
13:36:57.488  DEBUG   [poll]    -> read  st2mot    
13:36:57.491  DEBUG   [poll]    <- read  st2mot     ret=0  data=['0x00', '0x00']
13:36:57.492  DEBUG   [poll]    -> read  st0cur    
13:36:57.496  DEBUG   [poll]    <- read  st0cur     ret=0  data=['0xfe', '0x01', '0x01', '0x02']
13:36:58.497  DEBUG   [poll]    -> read  st2mot    
13:36:58.501  DEBUG   [poll]    <- read  st2mot     ret=0  data=['0x00', '0x00']
13:36:58.501  DEBUG   [poll]    -> read  st0cur    
13:36:58.505  DEBUG   [poll]    <- read  st0cur     ret=0  data=['0xfe', '0x01', '0x01', '0x02']
13:36:59.507  DEBUG   [poll]    -> read  st2mot    
13:36:59.510  DEBUG   [poll]    <- read  st2mot     ret=0  data=['0x00', '0x00']
13:36:59.511  DEBUG   [poll]    -> read  st0cur    
13:36:59.515  DEBUG   [poll]    <- read  st0cur     ret=0  data=['0xfe', '0x01', '0x01', '0x02']
13:37:00.516  DEBUG   [poll]    -> read  st2mot    
13:37:00.520  DEBUG   [poll]    <- read  st2mot     ret=0  data=['0x00', '0x00']
13:37:00.520  DEBUG   [poll]    -> read  st0cur    
13:37:00.524  DEBUG   [poll]    <- read  st0cur     ret=0  data=['0xfe', '0x01', '0x01', '0x02']
13:37:01.526  DEBUG   [poll]    -> read  st2mot    
13:37:01.529  DEBUG   [poll]    <- read  st2mot     ret=0  data=['0x00', '0x00']
13:37:01.530  DEBUG   [poll]    -> read  st0cur    
13:37:01.534  DEBUG   [poll]    <- read  st0cur     ret=0  data=['0xfe', '0x01', '0x01', '0x02']
13:37:02.535  DEBUG   [poll]    -> read  st2mot    
13:37:02.539  DEBUG   [poll]    <- read  st2mot     ret=0  data=['0x00', '0x00']
13:37:02.539  DEBUG   [poll]    -> read  st0cur    
13:37:02.543  DEBUG   [poll]    <- read  st0cur     ret=0  data=['0xfe', '0x01', '0x01', '0x02']
13:37:03.545  DEBUG   [poll]    -> read  st2mot    
13:37:03.548  DEBUG   [poll]    <- read  st2mot     ret=0  data=['0x00', '0x00']
13:37:03.548  DEBUG   [poll]    -> read  st0cur    
13:37:03.553  DEBUG   [poll]    <- read  st0cur     ret=0  data=['0xfe', '0x01', '0x01', '0x02']
13:37:04.554  DEBUG   [poll]    -> read  st2mot    
13:37:04.558  DEBUG   [poll]    <- read  st2mot     ret=0  data=['0x00', '0x00']
13:37:04.558  DEBUG   [poll]    -> read  st0cur    
13:37:04.562  DEBUG   [poll]    <- read  st0cur     ret=0  data=['0xfe', '0x01', '0x01', '0x02']
13:37:05.564  DEBUG   [poll]    -> read  st2mot    
13:37:05.567  DEBUG   [poll]    <- read  st2mot     ret=0  data=['0x00', '0x00']
13:37:05.567  DEBUG   [poll]    -> read  st0cur    
13:37:05.572  DEBUG   [poll]    <- read  st0cur     ret=0  data=['0xfe', '0x01', '0x01', '0x02']
13:37:06.573  DEBUG   [poll]    -> read  st2mot    
13:37:06.576  DEBUG   [poll]    <- read  st2mot     ret=0  data=['0x00', '0x00']
13:37:06.577  DEBUG   [poll]    -> read  st0cur    
13:37:06.581  DEBUG   [poll]    <- read  st0cur     ret=0  data=['0xfe', '0x01', '0x01', '0x02']
13:37:07.583  DEBUG   [poll]    -> read  st2mot    
13:37:07.586  DEBUG   [poll]    <- read  st2mot     ret=0  data=['0x00', '0x00']
13:37:07.587  DEBUG   [poll]    -> read  st0cur    
13:37:07.591  DEBUG   [poll]    <- read  st0cur     ret=0  data=['0xfe', '0x01', '0x01', '0x02']
13:37:08.592  DEBUG   [poll]    -> read  st2mot    
13:37:08.596  DEBUG   [poll]    <- read  st2mot     ret=0  data=['0x00', '0x00']
13:37:08.596  DEBUG   [poll]    -> read  st0cur    
13:37:08.600  DEBUG   [poll]    <- read  st0cur     ret=0  data=['0xfe', '0x01', '0x01', '0x02']
13:37:09.602  DEBUG   [poll]    -> read  st2mot    
13:37:09.605  DEBUG   [poll]    <- read  st2mot     ret=0  data=['0x00', '0x00']
13:37:09.605  DEBUG   [poll]    -> read  st0cur    
13:37:09.610  DEBUG   [poll]    <- read  st0cur     ret=0  data=['0xfe', '0x01', '0x01', '0x02']
13:37:10.611  DEBUG   [poll]    -> read  st2mot    
13:37:10.614  DEBUG   [poll]    <- read  st2mot     ret=0  data=['0x00', '0x00']
13:37:10.615  DEBUG   [poll]    -> read  st0cur    
13:37:10.619  DEBUG   [poll]    <- read  st0cur     ret=0  data=['0xfe', '0x01', '0x01', '0x02']
13:37:11.620  DEBUG   [poll]    -> read  st2mot    
13:37:11.624  DEBUG   [poll]    <- read  st2mot     ret=0  data=['0x00', '0x00']
13:37:11.624  DEBUG   [poll]    -> read  st0cur    
13:37:11.629  DEBUG   [poll]    <- read  st0cur     ret=0  data=['0xfe', '0x01', '0x01', '0x02']
13:37:12.630  DEBUG   [poll]    -> read  st2mot    
13:37:12.633  DEBUG   [poll]    <- read  st2mot     ret=0  data=['0x00', '0x00']
13:37:12.634  DEBUG   [poll]    -> read  st0cur    
13:37:12.638  DEBUG   [poll]    <- read  st0cur     ret=0  data=['0xfe', '0x01', '0x01', '0x02']
13:37:13.639  DEBUG   [poll]    -> read  st2mot    
13:37:13.643  DEBUG   [poll]    <- read  st2mot     ret=0  data=['0x00', '0x00']
13:37:13.643  DEBUG   [poll]    -> read  st0cur    
13:37:13.647  DEBUG   [poll]    <- read  st0cur     ret=0  data=['0xfe', '0x01', '0x01', '0x02']
13:37:14.649  DEBUG   [poll]    -> read  st2mot    
13:37:14.653  DEBUG   [poll]    <- read  st2mot     ret=0  data=['0x00', '0x00']
13:37:14.653  DEBUG   [poll]    -> read  st0cur    
13:37:14.657  DEBUG   [poll]    <- read  st0cur     ret=0  data=['0xfe', '0x01', '0x01', '0x02']
13:37:15.659  DEBUG   [poll]    -> read  st2mot    
13:37:15.662  DEBUG   [poll]    <- read  st2mot     ret=0  data=['0x00', '0x00']
13:37:15.663  DEBUG   [poll]    -> read  st0cur    
13:37:15.667  DEBUG   [poll]    <- read  st0cur     ret=0  data=['0xfe', '0x01', '0x01', '0x02']
13:37:16.668  DEBUG   [poll]    -> read  st2mot    
13:37:16.672  DEBUG   [poll]    <- read  st2mot     ret=0  data=['0x00', '0x00']
13:37:16.672  DEBUG   [poll]    -> read  st0cur    
13:37:16.677  DEBUG   [poll]    <- read  st0cur     ret=0  data=['0xfe', '0x01', '0x01', '0x02']
13:37:17.678  DEBUG   [poll]    -> read  st2mot    
13:37:17.682  DEBUG   [poll]    <- read  st2mot     ret=0  data=['0x00', '0x00']
13:37:17.682  DEBUG   [poll]    -> read  st0cur    
13:37:17.686  DEBUG   [poll]    <- read  st0cur     ret=0  data=['0xfe', '0x01', '0x01', '0x02']
13:37:18.688  DEBUG   [poll]    -> read  st2mot    
13:37:18.691  DEBUG   [poll]    <- read  st2mot     ret=0  data=['0x00', '0x00']
13:37:18.692  DEBUG   [poll]    -> read  st0cur    
13:37:18.696  DEBUG   [poll]    <- read  st0cur     ret=0  data=['0xfe', '0x01', '0x01', '0x02']
13:37:19.697  DEBUG   [poll]    -> read  st2mot    
13:37:19.701  DEBUG   [poll]    <- read  st2mot     ret=0  data=['0x00', '0x00']
13:37:19.701  DEBUG   [poll]    -> read  st0cur    
13:37:19.705  DEBUG   [poll]    <- read  st0cur     ret=0  data=['0xfd', '0x01', '0x01', '0x02']
13:37:20.707  DEBUG   [poll]    -> read  st2mot    
13:37:20.710  DEBUG   [poll]    <- read  st2mot     ret=0  data=['0x00', '0x00']
13:37:20.711  DEBUG   [poll]    -> read  st0cur    
13:37:20.715  DEBUG   [poll]    <- read  st0cur     ret=0  data=['0xfe', '0x01', '0x01', '0x02']
13:37:21.716  DEBUG   [poll]    -> read  st2mot    
13:37:21.720  DEBUG   [poll]    <- read  st2mot     ret=0  data=['0x00', '0x00']
13:37:21.720  DEBUG   [poll]    -> read  st0cur    
13:37:21.724  DEBUG   [poll]    <- read  st0cur     ret=0  data=['0xfe', '0x01', '0x00', '0x02']
13:37:22.726  DEBUG   [poll]    -> read  st2mot    
13:37:22.729  DEBUG   [poll]    <- read  st2mot     ret=0  data=['0x00', '0x00']
13:37:22.730  DEBUG   [poll]    -> read  st0cur    
13:37:22.734  DEBUG   [poll]    <- read  st0cur     ret=0  data=['0xfe', '0x01', '0x01', '0x02']
13:37:23.735  DEBUG   [poll]    -> read  st2mot    
13:37:23.739  DEBUG   [poll]    <- read  st2mot     ret=0  data=['0x00', '0x00']
13:37:23.739  DEBUG   [poll]    -> read  st0cur    
13:37:23.743  DEBUG   [poll]    <- read  st0cur     ret=0  data=['0xfe', '0x01', '0x01', '0x02']
13:37:24.745  DEBUG   [poll]    -> read  st2mot    
13:37:24.748  DEBUG   [poll]    <- read  st2mot     ret=0  data=['0x00', '0x00']
13:37:24.748  DEBUG   [poll]    -> read  st0cur    
13:37:24.753  DEBUG   [poll]    <- read  st0cur     ret=0  data=['0xfe', '0x01', '0x01', '0x02']
13:37:25.754  DEBUG   [poll]    -> read  st2mot    
13:37:25.758  DEBUG   [poll]    <- read  st2mot     ret=0  data=['0x00', '0x00']
13:37:25.758  DEBUG   [poll]    -> read  st0cur    
13:37:25.762  DEBUG   [poll]    <- read  st0cur     ret=0  data=['0xfe', '0x01', '0x01', '0x02']
13:37:26.764  DEBUG   [poll]    -> read  st2mot    
13:37:26.767  DEBUG   [poll]    <- read  st2mot     ret=0  data=['0x00', '0x00']
13:37:26.767  DEBUG   [poll]    -> read  st0cur    
13:37:26.772  DEBUG   [poll]    <- read  st0cur     ret=0  data=['0xfe', '0x01', '0x01', '0x02']
13:37:27.773  DEBUG   [poll]    -> read  st2mot    
13:37:27.777  DEBUG   [poll]    <- read  st2mot     ret=0  data=['0x00', '0x00']
13:37:27.777  DEBUG   [poll]    -> read  st0cur    
13:37:27.781  DEBUG   [poll]    <- read  st0cur     ret=0  data=['0xfe', '0x01', '0x01', '0x02']
13:37:28.783  DEBUG   [poll]    -> read  st2mot    
13:37:28.786  DEBUG   [poll]    <- read  st2mot     ret=0  data=['0x00', '0x00']
13:37:28.787  DEBUG   [poll]    -> read  st0cur    
13:37:28.791  DEBUG   [poll]    <- read  st0cur     ret=0  data=['0xfe', '0x01', '0x01', '0x02']
13:37:29.792  DEBUG   [poll]    -> read  st2mot    
13:37:29.796  DEBUG   [poll]    <- read  st2mot     ret=0  data=['0x00', '0x00']
13:37:29.796  DEBUG   [poll]    -> read  st0cur    
13:37:29.800  DEBUG   [poll]    <- read  st0cur     ret=0  data=['0xfe', '0x01', '0x01', '0x02']
13:37:30.802  DEBUG   [poll]    -> read  st2mot    
13:37:30.805  DEBUG   [poll]    <- read  st2mot     ret=0  data=['0x00', '0x00']
13:37:30.806  DEBUG   [poll]    -> read  st0cur    
13:37:30.810  DEBUG   [poll]    <- read  st0cur     ret=0  data=['0xfe', '0x01', '0x01', '0x02']
13:37:31.811  DEBUG   [poll]    -> read  st2mot    
13:37:31.815  DEBUG   [poll]    <- read  st2mot     ret=0  data=['0x00', '0x00']
13:37:31.815  DEBUG   [poll]    -> read  st0cur    
13:37:31.820  DEBUG   [poll]    <- read  st0cur     ret=0  data=['0xfe', '0x01', '0x01', '0x02']
13:37:32.821  DEBUG   [poll]    -> read  st2mot    
13:37:32.825  DEBUG   [poll]    <- read  st2mot     ret=0  data=['0x00', '0x00']
13:37:32.825  DEBUG   [poll]    -> read  st0cur    
13:37:32.829  DEBUG   [poll]    <- read  st0cur     ret=0  data=['0xfe', '0x01', '0x01', '0x02']
13:37:33.831  DEBUG   [poll]    -> read  st2mot    
13:37:33.834  DEBUG   [poll]    <- read  st2mot     ret=0  data=['0x00', '0x00']
13:37:33.835  DEBUG   [poll]    -> read  st0cur    
13:37:33.839  DEBUG   [poll]    <- read  st0cur     ret=0  data=['0xfe', '0x01', '0x01', '0x02']
13:37:34.840  DEBUG   [poll]    -> read  st2mot    
13:37:34.844  DEBUG   [poll]    <- read  st2mot     ret=0  data=['0x00', '0x00']
13:37:34.844  DEBUG   [poll]    -> read  st0cur    
13:37:34.848  DEBUG   [poll]    <- read  st0cur     ret=0  data=['0xfe', '0x01', '0x01', '0x02']
13:37:35.850  DEBUG   [poll]    -> read  st2mot    
13:37:35.853  DEBUG   [poll]    <- read  st2mot     ret=0  data=['0x00', '0x00']
13:37:35.854  DEBUG   [poll]    -> read  st0cur    
13:37:35.858  DEBUG   [poll]    <- read  st0cur     ret=0  data=['0xfe', '0x01', '0x01', '0x02']
13:37:36.859  DEBUG   [poll]    -> read  st2mot    
13:37:36.863  DEBUG   [poll]    <- read  st2mot     ret=0  data=['0x00', '0x00']
13:37:36.863  DEBUG   [poll]    -> read  st0cur    
13:37:36.867  DEBUG   [poll]    <- read  st0cur     ret=0  data=['0xfe', '0x01', '0x01', '0x02']
13:37:37.869  DEBUG   [poll]    -> read  st2mot    
13:37:37.872  DEBUG   [poll]    <- read  st2mot     ret=0  data=['0x00', '0x00']
13:37:37.873  DEBUG   [poll]    -> read  st0cur    
13:37:37.877  DEBUG   [poll]    <- read  st0cur     ret=0  data=['0xfe', '0x01', '0x01', '0x02']
13:37:38.878  DEBUG   [poll]    -> read  st2mot    
13:37:38.882  DEBUG   [poll]    <- read  st2mot     ret=0  data=['0x00', '0x00']
13:37:38.882  DEBUG   [poll]    -> read  st0cur    
13:37:38.886  DEBUG   [poll]    <- read  st0cur     ret=0  data=['0xfe', '0x01', '0x01', '0x02']
13:37:39.888  DEBUG   [poll]    -> read  st2mot    
13:37:39.891  DEBUG   [poll]    <- read  st2mot     ret=0  data=['0x00', '0x00']
13:37:39.891  DEBUG   [poll]    -> read  st0cur    
13:37:39.896  DEBUG   [poll]    <- read  st0cur     ret=0  data=['0xfe', '0x01', '0x01', '0x02']
13:37:40.897  DEBUG   [poll]    -> read  st2mot    
13:37:40.900  DEBUG   [poll]    <- read  st2mot     ret=0  data=['0x00', '0x00']
13:37:40.901  DEBUG   [poll]    -> read  st0cur    
13:37:40.905  DEBUG   [poll]    <- read  st0cur     ret=0  data=['0xfe', '0x01', '0x01', '0x02']
13:37:41.907  DEBUG   [poll]    -> read  st2mot    
13:37:41.910  DEBUG   [poll]    <- read  st2mot     ret=0  data=['0x00', '0x00']
13:37:41.913  DEBUG   [poll]    -> read  st0cur    
13:37:41.918  DEBUG   [poll]    <- read  st0cur     ret=0  data=['0xfe', '0x01', '0x01', '0x02']
13:37:42.919  DEBUG   [poll]    -> read  st2mot    
13:37:42.922  DEBUG   [poll]    <- read  st2mot     ret=0  data=['0x00', '0x00']
13:37:42.923  DEBUG   [poll]    -> read  st0cur    
13:37:42.927  DEBUG   [poll]    <- read  st0cur     ret=0  data=['0xfe', '0x01', '0x01', '0x02']
13:37:43.929  DEBUG   [poll]    -> read  st2mot    
13:37:43.932  DEBUG   [poll]    <- read  st2mot     ret=0  data=['0x00', '0x00']
13:37:43.932  DEBUG   [poll]    -> read  st0cur    
13:37:43.936  DEBUG   [poll]    <- read  st0cur     ret=0  data=['0xfe', '0x01', '0x01', '0x02']
13:37:44.938  DEBUG   [poll]    -> read  st2mot    
13:37:44.941  DEBUG   [poll]    <- read  st2mot     ret=0  data=['0x00', '0x00']
13:37:44.942  DEBUG   [poll]    -> read  st0cur    
13:37:44.946  DEBUG   [poll]    <- read  st0cur     ret=0  data=['0xfe', '0x01', '0x01', '0x02']
13:37:45.947  DEBUG   [poll]    -> read  st2mot    
13:37:45.951  DEBUG   [poll]    <- read  st2mot     ret=0  data=['0x00', '0x00']
13:37:45.951  DEBUG   [poll]    -> read  st0cur    
13:37:45.956  DEBUG   [poll]    <- read  st0cur     ret=0  data=['0xfe', '0x01', '0x01', '0x02']
13:37:46.957  DEBUG   [poll]    -> read  st2mot    
13:37:46.960  DEBUG   [poll]    <- read  st2mot     ret=0  data=['0x00', '0x00']
13:37:46.961  DEBUG   [poll]    -> read  st0cur    
13:37:46.965  DEBUG   [poll]    <- read  st0cur     ret=0  data=['0xfe', '0x01', '0x01', '0x02']
13:37:47.967  DEBUG   [poll]    -> read  st2mot    
13:37:47.970  DEBUG   [poll]    <- read  st2mot     ret=0  data=['0x00', '0x00']
13:37:47.971  DEBUG   [poll]    -> read  st0cur    
13:37:47.975  DEBUG   [poll]    <- read  st0cur     ret=0  data=['0xfe', '0x01', '0x01', '0x02']
13:37:48.976  DEBUG   [poll]    -> read  st2mot    
13:37:48.980  DEBUG   [poll]    <- read  st2mot     ret=0  data=['0x00', '0x00']
13:37:48.980  DEBUG   [poll]    -> read  st0cur    
13:37:48.984  DEBUG   [poll]    <- read  st0cur     ret=0  data=['0xfe', '0x01', '0x01', '0x02']
13:37:49.986  DEBUG   [poll]    -> read  st2mot    
13:37:49.989  DEBUG   [poll]    <- read  st2mot     ret=0  data=['0x00', '0x00']
13:37:49.990  DEBUG   [poll]    -> read  st0cur    
13:37:49.994  DEBUG   [poll]    <- read  st0cur     ret=0  data=['0xfe', '0x01', '0x01', '0x02']
13:37:50.995  DEBUG   [poll]    -> read  st2mot    
13:37:50.999  DEBUG   [poll]    <- read  st2mot     ret=0  data=['0x00', '0x00']
13:37:50.999  DEBUG   [poll]    -> read  st0cur    
13:37:51.003  DEBUG   [poll]    <- read  st0cur     ret=0  data=['0xfe', '0x01', '0x01', '0x02']
13:37:52.005  DEBUG   [poll]    -> read  st2mot    
13:37:52.008  DEBUG   [poll]    <- read  st2mot     ret=0  data=['0x00', '0x00']
13:37:52.008  DEBUG   [poll]    -> read  st0cur    
13:37:52.013  DEBUG   [poll]    <- read  st0cur     ret=0  data=['0xfe', '0x01', '0x01', '0x02']
13:37:53.014  DEBUG   [poll]    -> read  st2mot    
13:37:53.017  DEBUG   [poll]    <- read  st2mot     ret=0  data=['0x00', '0x00']
13:37:53.018  DEBUG   [poll]    -> read  st0cur    
13:37:53.022  DEBUG   [poll]    <- read  st0cur     ret=0  data=['0xfe', '0x01', '0x01', '0x02']
13:37:54.024  DEBUG   [poll]    -> read  st2mot    
13:37:54.027  DEBUG   [poll]    <- read  st2mot     ret=0  data=['0x00', '0x00']
13:37:54.027  DEBUG   [poll]    -> read  st0cur    
13:37:54.032  DEBUG   [poll]    <- read  st0cur     ret=0  data=['0xfe', '0x01', '0x01', '0x02']
13:37:55.033  DEBUG   [poll]    -> read  st2mot    
13:37:55.036  DEBUG   [poll]    <- read  st2mot     ret=0  data=['0x00', '0x00']
13:37:55.037  DEBUG   [poll]    -> read  st0cur    
13:37:55.041  DEBUG   [poll]    <- read  st0cur     ret=0  data=['0xfe', '0x01', '0x01', '0x02']
13:37:56.042  DEBUG   [poll]    -> read  st2mot    
13:37:56.046  DEBUG   [poll]    <- read  st2mot     ret=0  data=['0x00', '0x00']
13:37:56.046  DEBUG   [poll]    -> read  st0cur    
13:37:56.050  DEBUG   [poll]    <- read  st0cur     ret=0  data=['0xfe', '0x01', '0x01', '0x02']
13:37:57.052  DEBUG   [poll]    -> read  st2mot    
13:37:57.055  DEBUG   [poll]    <- read  st2mot     ret=0  data=['0x00', '0x00']
13:37:57.056  DEBUG   [poll]    -> read  st0cur    
13:37:57.060  DEBUG   [poll]    <- read  st0cur     ret=0  data=['0xfe', '0x01', '0x01', '0x02']
13:37:58.061  DEBUG   [poll]    -> read  st2mot    
13:37:58.065  DEBUG   [poll]    <- read  st2mot     ret=0  data=['0x00', '0x00']
13:37:58.065  DEBUG   [poll]    -> read  st0cur    
13:37:58.069  DEBUG   [poll]    <- read  st0cur     ret=0  data=['0xfe', '0x01', '0x01', '0x02']
13:37:59.071  DEBUG   [poll]    -> read  st2mot    
13:37:59.074  DEBUG   [poll]    <- read  st2mot     ret=0  data=['0x00', '0x00']
13:37:59.074  DEBUG   [poll]    -> read  st0cur    
13:37:59.079  DEBUG   [poll]    <- read  st0cur     ret=0  data=['0xfd', '0x01', '0x01', '0x02']
13:38:00.080  DEBUG   [poll]    -> read  st2mot    
13:38:00.083  DEBUG   [poll]    <- read  st2mot     ret=0  data=['0x00', '0x00']
13:38:00.084  DEBUG   [poll]    -> read  st0cur    
13:38:00.088  DEBUG   [poll]    <- read  st0cur     ret=0  data=['0xfe', '0x01', '0x01', '0x02']
13:38:01.089  DEBUG   [poll]    -> read  st2mot    
13:38:01.093  DEBUG   [poll]    <- read  st2mot     ret=0  data=['0x00', '0x00']
13:38:01.093  DEBUG   [poll]    -> read  st0cur    
13:38:01.097  DEBUG   [poll]    <- read  st0cur     ret=0  data=['0xfe', '0x01', '0x01', '0x02']
13:38:02.099  DEBUG   [poll]    -> read  st2mot    
13:38:02.102  DEBUG   [poll]    <- read  st2mot     ret=0  data=['0x00', '0x00']
13:38:02.103  DEBUG   [poll]    -> read  st0cur    
13:38:02.107  DEBUG   [poll]    <- read  st0cur     ret=0  data=['0xfe', '0x01', '0x01', '0x02']
13:38:03.108  DEBUG   [poll]    -> read  st2mot    
13:38:03.112  DEBUG   [poll]    <- read  st2mot     ret=0  data=['0x00', '0x00']
13:38:03.112  DEBUG   [poll]    -> read  st0cur    
13:38:03.116  DEBUG   [poll]    <- read  st0cur     ret=0  data=['0xfe', '0x01', '0x01', '0x02']
13:38:04.118  DEBUG   [poll]    -> read  st2mot    
13:38:04.121  DEBUG   [poll]    <- read  st2mot     ret=0  data=['0x00', '0x00']
13:38:04.121  DEBUG   [poll]    -> read  st0cur    
13:38:04.126  DEBUG   [poll]    <- read  st0cur     ret=0  data=['0xfe', '0x01', '0x01', '0x02']
13:38:05.127  DEBUG   [poll]    -> read  st2mot    
13:38:05.131  DEBUG   [poll]    <- read  st2mot     ret=0  data=['0x00', '0x00']
13:38:05.131  DEBUG   [poll]    -> read  st0cur    
13:38:05.135  DEBUG   [poll]    <- read  st0cur     ret=0  data=['0xfe', '0x01', '0x01', '0x02']
13:38:06.137  DEBUG   [poll]    -> read  st2mot    
13:38:06.140  DEBUG   [poll]    <- read  st2mot     ret=0  data=['0x00', '0x00']
13:38:06.140  DEBUG   [poll]    -> read  st0cur    
13:38:06.145  DEBUG   [poll]    <- read  st0cur     ret=0  data=['0xfe', '0x01', '0x01', '0x02']
13:38:07.146  DEBUG   [poll]    -> read  st2mot    
13:38:07.150  DEBUG   [poll]    <- read  st2mot     ret=0  data=['0x00', '0x00']
13:38:07.150  DEBUG   [poll]    -> read  st0cur    
13:38:07.154  DEBUG   [poll]    <- read  st0cur     ret=0  data=['0xfe', '0x01', '0x01', '0x02']
13:38:08.156  DEBUG   [poll]    -> read  st2mot    
13:38:08.159  DEBUG   [poll]    <- read  st2mot     ret=0  data=['0x00', '0x00']
13:38:08.160  DEBUG   [poll]    -> read  st0cur    
13:38:08.164  DEBUG   [poll]    <- read  st0cur     ret=0  data=['0xfe', '0x01', '0x00', '0x02']
13:38:09.165  DEBUG   [poll]    -> read  st2mot    
13:38:09.169  DEBUG   [poll]    <- read  st2mot     ret=0  data=['0x00', '0x00']
13:38:09.169  DEBUG   [poll]    -> read  st0cur    
13:38:09.173  DEBUG   [poll]    <- read  st0cur     ret=0  data=['0xfe', '0x01', '0x01', '0x02']
13:38:10.175  DEBUG   [poll]    -> read  st2mot    
13:38:10.178  DEBUG   [poll]    <- read  st2mot     ret=0  data=['0x00', '0x00']
13:38:10.179  DEBUG   [poll]    -> read  st0cur    
13:38:10.183  DEBUG   [poll]    <- read  st0cur     ret=0  data=['0xfe', '0x01', '0x01', '0x02']
13:38:11.184  DEBUG   [poll]    -> read  st2mot    
13:38:11.188  DEBUG   [poll]    <- read  st2mot     ret=0  data=['0x00', '0x00']
13:38:11.188  DEBUG   [poll]    -> read  st0cur    
13:38:11.192  DEBUG   [poll]    <- read  st0cur     ret=0  data=['0xfe', '0x01', '0x01', '0x02']
13:38:12.194  DEBUG   [poll]    -> read  st2mot    
13:38:12.197  DEBUG   [poll]    <- read  st2mot     ret=0  data=['0x00', '0x00']
13:38:12.198  DEBUG   [poll]    -> read  st0cur    
13:38:12.202  DEBUG   [poll]    <- read  st0cur     ret=0  data=['0xfe', '0x01', '0x01', '0x02']
13:38:13.203  DEBUG   [poll]    -> read  st2mot    
13:38:13.207  DEBUG   [poll]    <- read  st2mot     ret=0  data=['0x00', '0x00']
13:38:13.207  DEBUG   [poll]    -> read  st0cur    
13:38:13.211  DEBUG   [poll]    <- read  st0cur     ret=0  data=['0xfe', '0x01', '0x01', '0x02']
13:38:14.213  DEBUG   [poll]    -> read  st2mot    
13:38:14.216  DEBUG   [poll]    <- read  st2mot     ret=0  data=['0x00', '0x00']
13:38:14.217  DEBUG   [poll]    -> read  st0cur    
13:38:14.221  DEBUG   [poll]    <- read  st0cur     ret=0  data=['0xfe', '0x01', '0x01', '0x02']
13:38:15.222  DEBUG   [poll]    -> read  st2mot    
13:38:15.225  DEBUG   [poll]    <- read  st2mot     ret=0  data=['0x00', '0x00']
13:38:15.225  DEBUG   [poll]    -> read  st0cur    
13:38:15.230  DEBUG   [poll]    <- read  st0cur     ret=0  data=['0xfd', '0x01', '0x01', '0x02']
13:38:16.231  DEBUG   [poll]    -> read  st2mot    
13:38:16.235  DEBUG   [poll]    <- read  st2mot     ret=0  data=['0x00', '0x00']
13:38:16.235  DEBUG   [poll]    -> read  st0cur    
13:38:16.239  DEBUG   [poll]    <- read  st0cur     ret=0  data=['0xfe', '0x01', '0x01', '0x02']
13:38:17.241  DEBUG   [poll]    -> read  st2mot    
13:38:17.244  DEBUG   [poll]    <- read  st2mot     ret=0  data=['0x00', '0x00']
13:38:17.245  DEBUG   [poll]    -> read  st0cur    
13:38:17.249  DEBUG   [poll]    <- read  st0cur     ret=0  data=['0xfd', '0x01', '0x01', '0x02']
13:38:18.251  DEBUG   [poll]    -> read  st2mot    
13:38:18.254  DEBUG   [poll]    <- read  st2mot     ret=0  data=['0x00', '0x00']
13:38:18.255  DEBUG   [poll]    -> read  st0cur    
13:38:18.259  DEBUG   [poll]    <- read  st0cur     ret=0  data=['0xfe', '0x01', '0x01', '0x02']
13:38:19.260  DEBUG   [poll]    -> read  st2mot    
13:38:19.264  DEBUG   [poll]    <- read  st2mot     ret=0  data=['0x00', '0x00']
13:38:19.264  DEBUG   [poll]    -> read  st0cur    
13:38:19.268  DEBUG   [poll]    <- read  st0cur     ret=0  data=['0xfe', '0x01', '0x01', '0x02']
13:38:20.270  DEBUG   [poll]    -> read  st2mot    
13:38:20.273  DEBUG   [poll]    <- read  st2mot     ret=0  data=['0x00', '0x00']
13:38:20.274  DEBUG   [poll]    -> read  st0cur    
13:38:20.278  DEBUG   [poll]    <- read  st0cur     ret=0  data=['0xfe', '0x01', '0x01', '0x02']
13:38:21.279  DEBUG   [poll]    -> read  st2mot    
13:38:21.283  DEBUG   [poll]    <- read  st2mot     ret=0  data=['0x00', '0x00']
13:38:21.283  DEBUG   [poll]    -> read  st0cur    
13:38:21.287  DEBUG   [poll]    <- read  st0cur     ret=0  data=['0xfe', '0x01', '0x01', '0x02']
13:38:22.289  DEBUG   [poll]    -> read  st2mot    
13:38:22.292  DEBUG   [poll]    <- read  st2mot     ret=0  data=['0x00', '0x00']
13:38:22.293  DEBUG   [poll]    -> read  st0cur    
13:38:22.297  DEBUG   [poll]    <- read  st0cur     ret=0  data=['0xfe', '0x01', '0x01', '0x02']
13:38:23.298  DEBUG   [poll]    -> read  st2mot    
13:38:23.302  DEBUG   [poll]    <- read  st2mot     ret=0  data=['0x00', '0x00']
13:38:23.302  DEBUG   [poll]    -> read  st0cur    
13:38:23.306  DEBUG   [poll]    <- read  st0cur     ret=0  data=['0xfe', '0x01', '0x01', '0x02']
13:38:24.308  DEBUG   [poll]    -> read  st2mot    
13:38:24.311  DEBUG   [poll]    <- read  st2mot     ret=0  data=['0x00', '0x00']
13:38:24.311  DEBUG   [poll]    -> read  st0cur    
13:38:24.316  DEBUG   [poll]    <- read  st0cur     ret=0  data=['0xfe', '0x01', '0x01', '0x02']
13:38:25.317  DEBUG   [poll]    -> read  st2mot    
13:38:25.321  DEBUG   [poll]    <- read  st2mot     ret=0  data=['0x00', '0x00']
13:38:25.321  DEBUG   [poll]    -> read  st0cur    
13:38:25.325  DEBUG   [poll]    <- read  st0cur     ret=0  data=['0xfe', '0x01', '0x01', '0x02']
13:38:26.327  DEBUG   [poll]    -> read  st2mot    
13:38:26.330  DEBUG   [poll]    <- read  st2mot     ret=0  data=['0x00', '0x00']
13:38:26.330  DEBUG   [poll]    -> read  st0cur    
13:38:26.335  DEBUG   [poll]    <- read  st0cur     ret=0  data=['0xfe', '0x01', '0x01', '0x02']
13:38:27.336  DEBUG   [poll]    -> read  st2mot    
13:38:27.340  DEBUG   [poll]    <- read  st2mot     ret=0  data=['0x00', '0x00']
13:38:27.340  DEBUG   [poll]    -> read  st0cur    
13:38:27.345  DEBUG   [poll]    <- read  st0cur     ret=0  data=['0xfe', '0x01', '0x01', '0x02']
13:38:28.346  DEBUG   [poll]    -> read  st2mot    
13:38:28.349  DEBUG   [poll]    <- read  st2mot     ret=0  data=['0x00', '0x00']
13:38:28.350  DEBUG   [poll]    -> read  st0cur    
13:38:28.354  DEBUG   [poll]    <- read  st0cur     ret=0  data=['0xfe', '0x01', '0x01', '0x02']
13:38:29.355  DEBUG   [poll]    -> read  st2mot    
13:38:29.359  DEBUG   [poll]    <- read  st2mot     ret=0  data=['0x00', '0x00']
13:38:29.359  DEBUG   [poll]    -> read  st0cur    
13:38:29.363  DEBUG   [poll]    <- read  st0cur     ret=0  data=['0xfe', '0x01', '0x01', '0x02']
13:38:30.365  DEBUG   [poll]    -> read  st2mot    
13:38:30.368  DEBUG   [poll]    <- read  st2mot     ret=0  data=['0x00', '0x00']
13:38:30.369  DEBUG   [poll]    -> read  st0cur    
13:38:30.373  DEBUG   [poll]    <- read  st0cur     ret=0  data=['0xfe', '0x01', '0x01', '0x02']
13:38:31.374  DEBUG   [poll]    -> read  st2mot    
13:38:31.378  DEBUG   [poll]    <- read  st2mot     ret=0  data=['0x00', '0x00']
13:38:31.378  DEBUG   [poll]    -> read  st0cur    
13:38:31.382  DEBUG   [poll]    <- read  st0cur     ret=0  data=['0xfe', '0x01', '0x01', '0x02']
13:38:32.384  DEBUG   [poll]    -> read  st2mot    
13:38:32.387  DEBUG   [poll]    <- read  st2mot     ret=0  data=['0x00', '0x00']
13:38:32.388  DEBUG   [poll]    -> read  st0cur    
13:38:32.392  DEBUG   [poll]    <- read  st0cur     ret=0  data=['0xfe', '0x01', '0x01', '0x02']
13:38:33.394  DEBUG   [poll]    -> read  st2mot    
13:38:33.397  DEBUG   [poll]    <- read  st2mot     ret=0  data=['0x00', '0x00']
13:38:33.397  DEBUG   [poll]    -> read  st0cur    
13:38:33.401  DEBUG   [poll]    <- read  st0cur     ret=0  data=['0xfe', '0x01', '0x01', '0x02']
13:38:34.403  DEBUG   [poll]    -> read  st2mot    
13:38:34.406  DEBUG   [poll]    <- read  st2mot     ret=0  data=['0x00', '0x00']
13:38:34.407  DEBUG   [poll]    -> read  st0cur    
13:38:34.411  DEBUG   [poll]    <- read  st0cur     ret=0  data=['0xfe', '0x01', '0x01', '0x02']
13:38:35.412  DEBUG   [poll]    -> read  st2mot    
13:38:35.416  DEBUG   [poll]    <- read  st2mot     ret=0  data=['0x00', '0x00']
13:38:35.416  DEBUG   [poll]    -> read  st0cur    
13:38:35.420  DEBUG   [poll]    <- read  st0cur     ret=0  data=['0xfe', '0x01', '0x01', '0x02']
13:38:36.422  DEBUG   [poll]    -> read  st2mot    
13:38:36.425  DEBUG   [poll]    <- read  st2mot     ret=0  data=['0x00', '0x00']
13:38:36.425  DEBUG   [poll]    -> read  st0cur    
13:38:36.430  DEBUG   [poll]    <- read  st0cur     ret=0  data=['0xfe', '0x01', '0x02', '0x02']
13:38:37.431  DEBUG   [poll]    -> read  st2mot    
13:38:37.435  DEBUG   [poll]    <- read  st2mot     ret=0  data=['0x00', '0x00']
13:38:37.435  DEBUG   [poll]    -> read  st0cur    
13:38:37.439  DEBUG   [poll]    <- read  st0cur     ret=0  data=['0xfe', '0x01', '0x01', '0x02']
13:38:38.441  DEBUG   [poll]    -> read  st2mot    
13:38:38.444  DEBUG   [poll]    <- read  st2mot     ret=0  data=['0x00', '0x00']
13:38:38.445  DEBUG   [poll]    -> read  st0cur    
13:38:38.449  DEBUG   [poll]    <- read  st0cur     ret=0  data=['0xfe', '0x01', '0x01', '0x02']
13:38:39.450  DEBUG   [poll]    -> read  st2mot    
13:38:39.454  DEBUG   [poll]    <- read  st2mot     ret=0  data=['0x00', '0x00']
13:38:39.454  DEBUG   [poll]    -> read  st0cur    
13:38:39.458  DEBUG   [poll]    <- read  st0cur     ret=0  data=['0xfe', '0x01', '0x01', '0x02']
13:38:40.460  DEBUG   [poll]    -> read  st2mot    
13:38:40.463  DEBUG   [poll]    <- read  st2mot     ret=0  data=['0x00', '0x00']
13:38:40.464  DEBUG   [poll]    -> read  st0cur    
13:38:40.468  DEBUG   [poll]    <- read  st0cur     ret=0  data=['0xfe', '0x01', '0x01', '0x02']
13:38:41.469  DEBUG   [poll]    -> read  st2mot    
13:38:41.473  DEBUG   [poll]    <- read  st2mot     ret=0  data=['0x00', '0x00']
13:38:41.473  DEBUG   [poll]    -> read  st0cur    
13:38:41.477  DEBUG   [poll]    <- read  st0cur     ret=0  data=['0xfe', '0x01', '0x01', '0x02']
13:38:42.479  DEBUG   [poll]    -> read  st2mot    
13:38:42.482  DEBUG   [poll]    <- read  st2mot     ret=0  data=['0x00', '0x00']
13:38:42.483  DEBUG   [poll]    -> read  st0cur    
13:38:42.487  DEBUG   [poll]    <- read  st0cur     ret=0  data=['0xfe', '0x01', '0x01', '0x02']
13:38:43.488  DEBUG   [poll]    -> read  st2mot    
13:38:43.492  DEBUG   [poll]    <- read  st2mot     ret=0  data=['0x00', '0x00']
13:38:43.492  DEBUG   [poll]    -> read  st0cur    
13:38:43.496  DEBUG   [poll]    <- read  st0cur     ret=0  data=['0xfe', '0x01', '0x01', '0x02']
13:38:44.498  DEBUG   [poll]    -> read  st2mot    
13:38:44.501  DEBUG   [poll]    <- read  st2mot     ret=0  data=['0x00', '0x00']
13:38:44.502  DEBUG   [poll]    -> read  st0cur    
13:38:44.506  DEBUG   [poll]    <- read  st0cur     ret=0  data=['0xfe', '0x01', '0x01', '0x02']
13:38:45.507  DEBUG   [poll]    -> read  st2mot    
13:38:45.511  DEBUG   [poll]    <- read  st2mot     ret=0  data=['0x00', '0x00']
13:38:45.511  DEBUG   [poll]    -> read  st0cur    
13:38:45.515  DEBUG   [poll]    <- read  st0cur     ret=0  data=['0xfe', '0x01', '0x01', '0x02']
13:38:46.517  DEBUG   [poll]    -> read  st2mot    
13:38:46.520  DEBUG   [poll]    <- read  st2mot     ret=0  data=['0x00', '0x00']
13:38:46.520  DEBUG   [poll]    -> read  st0cur    
13:38:46.525  DEBUG   [poll]    <- read  st0cur     ret=0  data=['0xfe', '0x01', '0x01', '0x02']
13:38:47.526  DEBUG   [poll]    -> read  st2mot    
13:38:47.530  DEBUG   [poll]    <- read  st2mot     ret=0  data=['0x00', '0x00']
13:38:47.530  DEBUG   [poll]    -> read  st0cur    
13:38:47.535  DEBUG   [poll]    <- read  st0cur     ret=0  data=['0xfe', '0x01', '0x01', '0x02']
13:38:48.536  DEBUG   [poll]    -> read  st2mot    
13:38:48.540  DEBUG   [poll]    <- read  st2mot     ret=0  data=['0x00', '0x00']
13:38:48.540  DEBUG   [poll]    -> read  st0cur    
13:38:48.544  DEBUG   [poll]    <- read  st0cur     ret=0  data=['0xfe', '0x01', '0x01', '0x02']
13:38:49.546  DEBUG   [poll]    -> read  st2mot    
13:38:49.549  DEBUG   [poll]    <- read  st2mot     ret=0  data=['0x00', '0x00']
13:38:49.550  DEBUG   [poll]    -> read  st0cur    
13:38:49.554  DEBUG   [poll]    <- read  st0cur     ret=0  data=['0xfe', '0x01', '0x01', '0x02']
13:38:50.555  DEBUG   [poll]    -> read  st2mot    
13:38:50.559  DEBUG   [poll]    <- read  st2mot     ret=0  data=['0x00', '0x00']
13:38:50.559  DEBUG   [poll]    -> read  st0cur    
13:38:50.563  DEBUG   [poll]    <- read  st0cur     ret=0  data=['0xfd', '0x01', '0x01', '0x02']
13:38:51.565  DEBUG   [poll]    -> read  st2mot    
13:38:51.568  DEBUG   [poll]    <- read  st2mot     ret=0  data=['0x00', '0x00']
13:38:51.568  DEBUG   [poll]    -> read  st0cur    
13:38:51.573  DEBUG   [poll]    <- read  st0cur     ret=0  data=['0xfe', '0x01', '0x01', '0x02']
13:38:52.574  DEBUG   [poll]    -> read  st2mot    
13:38:52.578  DEBUG   [poll]    <- read  st2mot     ret=0  data=['0x00', '0x00']
13:38:52.578  DEBUG   [poll]    -> read  st0cur    
13:38:52.582  DEBUG   [poll]    <- read  st0cur     ret=0  data=['0xfe', '0x01', '0x01', '0x02']
13:38:53.584  DEBUG   [poll]    -> read  st2mot    
13:38:53.587  DEBUG   [poll]    <- read  st2mot     ret=0  data=['0x00', '0x00']
13:38:53.588  DEBUG   [poll]    -> read  st0cur    
13:38:53.592  DEBUG   [poll]    <- read  st0cur     ret=0  data=['0xfe', '0x01', '0x01', '0x02']
13:38:54.593  DEBUG   [poll]    -> read  st2mot    
13:38:54.597  DEBUG   [poll]    <- read  st2mot     ret=0  data=['0x00', '0x00']
13:38:54.597  DEBUG   [poll]    -> read  st0cur    
13:38:54.601  DEBUG   [poll]    <- read  st0cur     ret=0  data=['0xfe', '0x01', '0x01', '0x02']
13:38:55.603  DEBUG   [poll]    -> read  st2mot    
13:38:55.606  DEBUG   [poll]    <- read  st2mot     ret=0  data=['0x00', '0x00']
13:38:55.606  DEBUG   [poll]    -> read  st0cur    
13:38:55.611  DEBUG   [poll]    <- read  st0cur     ret=0  data=['0xfe', '0x01', '0x01', '0x02']
13:38:56.612  DEBUG   [poll]    -> read  st2mot    
13:38:56.615  DEBUG   [poll]    <- read  st2mot     ret=0  data=['0x00', '0x00']
13:38:56.616  DEBUG   [poll]    -> read  st0cur    
13:38:56.620  DEBUG   [poll]    <- read  st0cur     ret=0  data=['0xfe', '0x01', '0x01', '0x02']
13:38:57.622  DEBUG   [poll]    -> read  st2mot    
13:38:57.625  DEBUG   [poll]    <- read  st2mot     ret=0  data=['0x00', '0x00']
13:38:57.625  DEBUG   [poll]    -> read  st0cur    
13:38:57.630  DEBUG   [poll]    <- read  st0cur     ret=0  data=['0xfe', '0x01', '0x01', '0x02']
13:38:58.631  DEBUG   [poll]    -> read  st2mot    
13:38:58.635  DEBUG   [poll]    <- read  st2mot     ret=0  data=['0x00', '0x00']
13:38:58.635  DEBUG   [poll]    -> read  st0cur    
13:38:58.639  DEBUG   [poll]    <- read  st0cur     ret=0  data=['0xfe', '0x01', '0x01', '0x02']
13:38:59.640  DEBUG   [poll]    -> read  st2mot    
13:38:59.644  DEBUG   [poll]    <- read  st2mot     ret=0  data=['0x00', '0x00']
13:38:59.644  DEBUG   [poll]    -> read  st0cur    
13:38:59.648  DEBUG   [poll]    <- read  st0cur     ret=0  data=['0xfe', '0x01', '0x01', '0x02']
13:39:00.650  DEBUG   [poll]    -> read  st2mot    
13:39:00.653  DEBUG   [poll]    <- read  st2mot     ret=0  data=['0x00', '0x00']
13:39:00.653  DEBUG   [poll]    -> read  st0cur    
13:39:00.658  DEBUG   [poll]    <- read  st0cur     ret=0  data=['0xfe', '0x01', '0x01', '0x02']
13:39:01.659  DEBUG   [poll]    -> read  st2mot    
13:39:01.663  DEBUG   [poll]    <- read  st2mot     ret=0  data=['0x00', '0x00']
13:39:01.663  DEBUG   [poll]    -> read  st0cur    
13:39:01.667  DEBUG   [poll]    <- read  st0cur     ret=0  data=['0xfd', '0x01', '0x01', '0x02']
13:39:02.669  DEBUG   [poll]    -> read  st2mot    
13:39:02.672  DEBUG   [poll]    <- read  st2mot     ret=0  data=['0x00', '0x00']
13:39:02.673  DEBUG   [poll]    -> read  st0cur    
13:39:02.677  DEBUG   [poll]    <- read  st0cur     ret=0  data=['0xfe', '0x01', '0x01', '0x02']
13:39:03.678  DEBUG   [poll]    -> read  st2mot    
13:39:03.682  DEBUG   [poll]    <- read  st2mot     ret=0  data=['0x00', '0x00']
13:39:03.682  DEBUG   [poll]    -> read  st0cur    
13:39:03.687  DEBUG   [poll]    <- read  st0cur     ret=0  data=['0xfe', '0x01', '0x01', '0x02']
13:39:04.688  DEBUG   [poll]    -> read  st2mot    
13:39:04.691  DEBUG   [poll]    <- read  st2mot     ret=0  data=['0x00', '0x00']
13:39:04.692  DEBUG   [poll]    -> read  st0cur    
13:39:04.696  DEBUG   [poll]    <- read  st0cur     ret=0  data=['0xfe', '0x01', '0x01', '0x02']
13:39:05.698  DEBUG   [poll]    -> read  st2mot    
13:39:05.701  DEBUG   [poll]    <- read  st2mot     ret=0  data=['0x00', '0x00']
13:39:05.701  DEBUG   [poll]    -> read  st0cur    
13:39:05.706  DEBUG   [poll]    <- read  st0cur     ret=0  data=['0xfe', '0x01', '0x01', '0x02']
13:39:06.707  DEBUG   [poll]    -> read  st2mot    
13:39:06.710  DEBUG   [poll]    <- read  st2mot     ret=0  data=['0x00', '0x00']
13:39:06.711  DEBUG   [poll]    -> read  st0cur    
13:39:06.715  DEBUG   [poll]    <- read  st0cur     ret=0  data=['0xfe', '0x01', '0x01', '0x02']
13:39:07.717  DEBUG   [poll]    -> read  st2mot    
13:39:07.720  DEBUG   [poll]    <- read  st2mot     ret=0  data=['0x00', '0x00']
13:39:07.720  DEBUG   [poll]    -> read  st0cur    
13:39:07.725  DEBUG   [poll]    <- read  st0cur     ret=0  data=['0xfe', '0x01', '0x01', '0x02']
13:39:08.726  DEBUG   [poll]    -> read  st2mot    
13:39:08.730  DEBUG   [poll]    <- read  st2mot     ret=0  data=['0x00', '0x00']
13:39:08.730  DEBUG   [poll]    -> read  st0cur    
13:39:08.734  DEBUG   [poll]    <- read  st0cur     ret=0  data=['0xfe', '0x01', '0x01', '0x02']
13:39:09.736  DEBUG   [poll]    -> read  st2mot    
13:39:09.739  DEBUG   [poll]    <- read  st2mot     ret=0  data=['0x00', '0x00']
13:39:09.740  DEBUG   [poll]    -> read  st0cur    
13:39:09.744  DEBUG   [poll]    <- read  st0cur     ret=0  data=['0xfe', '0x01', '0x01', '0x02']
13:39:10.745  DEBUG   [poll]    -> read  st2mot    
13:39:10.749  DEBUG   [poll]    <- read  st2mot     ret=0  data=['0x00', '0x00']
13:39:10.749  DEBUG   [poll]    -> read  st0cur    
13:39:10.753  DEBUG   [poll]    <- read  st0cur     ret=0  data=['0xfe', '0x01', '0x01', '0x02']
13:39:11.755  DEBUG   [poll]    -> read  st2mot    
13:39:11.758  DEBUG   [poll]    <- read  st2mot     ret=0  data=['0x00', '0x00']
13:39:11.758  DEBUG   [poll]    -> read  st0cur    
13:39:11.763  DEBUG   [poll]    <- read  st0cur     ret=0  data=['0xfe', '0x01', '0x01', '0x02']
13:39:12.764  DEBUG   [poll]    -> read  st2mot    
13:39:12.768  DEBUG   [poll]    <- read  st2mot     ret=0  data=['0x00', '0x00']
13:39:12.768  DEBUG   [poll]    -> read  st0cur    
13:39:12.772  DEBUG   [poll]    <- read  st0cur     ret=0  data=['0xfe', '0x01', '0x01', '0x02']
13:39:13.774  DEBUG   [poll]    -> read  st2mot    
13:39:13.777  DEBUG   [poll]    <- read  st2mot     ret=0  data=['0x00', '0x00']
13:39:13.777  DEBUG   [poll]    -> read  st0cur    
13:39:13.782  DEBUG   [poll]    <- read  st0cur     ret=0  data=['0xfe', '0x01', '0x01', '0x02']
13:39:14.783  DEBUG   [poll]    -> read  st2mot    
13:39:14.786  DEBUG   [poll]    <- read  st2mot     ret=0  data=['0x00', '0x00']
13:39:14.787  DEBUG   [poll]    -> read  st0cur    
13:39:14.792  DEBUG   [poll]    <- read  st0cur     ret=0  data=['0xfe', '0x01', '0x01', '0x02']
13:39:15.793  DEBUG   [poll]    -> read  st2mot    
13:39:15.796  DEBUG   [poll]    <- read  st2mot     ret=0  data=['0x00', '0x00']
13:39:15.797  DEBUG   [poll]    -> read  st0cur    
13:39:15.801  DEBUG   [poll]    <- read  st0cur     ret=0  data=['0xfe', '0x01', '0x01', '0x02']
13:39:16.802  DEBUG   [poll]    -> read  st2mot    
13:39:16.806  DEBUG   [poll]    <- read  st2mot     ret=0  data=['0x00', '0x00']
13:39:16.806  DEBUG   [poll]    -> read  st0cur    
13:39:16.810  DEBUG   [poll]    <- read  st0cur     ret=0  data=['0xfe', '0x01', '0x01', '0x02']
13:39:17.812  DEBUG   [poll]    -> read  st2mot    
13:39:17.816  DEBUG   [poll]    <- read  st2mot     ret=0  data=['0x00', '0x00']
13:39:17.816  DEBUG   [poll]    -> read  st0cur    
13:39:17.820  DEBUG   [poll]    <- read  st0cur     ret=0  data=['0xfe', '0x01', '0x01', '0x02']
13:39:18.822  DEBUG   [poll]    -> read  st2mot    
13:39:18.825  DEBUG   [poll]    <- read  st2mot     ret=0  data=['0x00', '0x00']
13:39:18.825  DEBUG   [poll]    -> read  st0cur    
13:39:18.830  DEBUG   [poll]    <- read  st0cur     ret=0  data=['0xfe', '0x01', '0x01', '0x02']
13:39:19.831  DEBUG   [poll]    -> read  st2mot    
13:39:19.835  DEBUG   [poll]    <- read  st2mot     ret=0  data=['0x00', '0x00']
13:39:19.835  DEBUG   [poll]    -> read  st0cur    
13:39:19.839  DEBUG   [poll]    <- read  st0cur     ret=0  data=['0xfe', '0x01', '0x01', '0x02']
13:39:20.841  DEBUG   [poll]    -> read  st2mot    
13:39:20.844  DEBUG   [poll]    <- read  st2mot     ret=0  data=['0x00', '0x00']
13:39:20.845  DEBUG   [poll]    -> read  st0cur    
13:39:20.849  DEBUG   [poll]    <- read  st0cur     ret=0  data=['0xfe', '0x01', '0x01', '0x02']
13:39:21.850  DEBUG   [poll]    -> read  st2mot    
13:39:21.854  DEBUG   [poll]    <- read  st2mot     ret=0  data=['0x00', '0x00']
13:39:21.854  DEBUG   [poll]    -> read  st0cur    
13:39:21.859  DEBUG   [poll]    <- read  st0cur     ret=0  data=['0xfe', '0x01', '0x01', '0x02']
13:39:22.860  DEBUG   [poll]    -> read  st2mot    
13:39:22.863  DEBUG   [poll]    <- read  st2mot     ret=0  data=['0x00', '0x00']
13:39:22.864  DEBUG   [poll]    -> read  st0cur    
13:39:22.868  DEBUG   [poll]    <- read  st0cur     ret=0  data=['0xfe', '0x01', '0x01', '0x02']
13:39:23.870  DEBUG   [poll]    -> read  st2mot    
13:39:23.873  DEBUG   [poll]    <- read  st2mot     ret=0  data=['0x00', '0x00']
13:39:23.874  DEBUG   [poll]    -> read  st0cur    
13:39:23.878  DEBUG   [poll]    <- read  st0cur     ret=0  data=['0xfe', '0x01', '0x01', '0x02']
13:39:24.879  DEBUG   [poll]    -> read  st2mot    
13:39:24.883  DEBUG   [poll]    <- read  st2mot     ret=0  data=['0x00', '0x00']
13:39:24.883  DEBUG   [poll]    -> read  st0cur    
13:39:24.887  DEBUG   [poll]    <- read  st0cur     ret=0  data=['0xfe', '0x01', '0x01', '0x02']
13:39:25.889  DEBUG   [poll]    -> read  st2mot    
13:39:25.892  DEBUG   [poll]    <- read  st2mot     ret=0  data=['0x00', '0x00']
13:39:25.892  DEBUG   [poll]    -> read  st0cur    
13:39:25.897  DEBUG   [poll]    <- read  st0cur     ret=0  data=['0xfe', '0x01', '0x01', '0x02']
13:39:26.898  DEBUG   [poll]    -> read  st2mot    
13:39:26.901  DEBUG   [poll]    <- read  st2mot     ret=0  data=['0x00', '0x00']
13:39:26.902  DEBUG   [poll]    -> read  st0cur    
13:39:26.906  DEBUG   [poll]    <- read  st0cur     ret=0  data=['0xfe', '0x01', '0x01', '0x02']
13:39:27.907  DEBUG   [poll]    -> read  st2mot    
13:39:27.911  DEBUG   [poll]    <- read  st2mot     ret=0  data=['0x00', '0x00']
13:39:27.912  DEBUG   [poll]    -> read  st0cur    
13:39:27.916  DEBUG   [poll]    <- read  st0cur     ret=0  data=['0xfe', '0x01', '0x01', '0x02']
13:39:28.917  DEBUG   [poll]    -> read  st2mot    
13:39:28.921  DEBUG   [poll]    <- read  st2mot     ret=0  data=['0x00', '0x00']
13:39:28.921  DEBUG   [poll]    -> read  st0cur    
13:39:28.925  DEBUG   [poll]    <- read  st0cur     ret=0  data=['0xfe', '0x01', '0x01', '0x02']
13:39:29.927  DEBUG   [poll]    -> read  st2mot    
13:39:29.930  DEBUG   [poll]    <- read  st2mot     ret=0  data=['0x00', '0x00']
13:39:29.931  DEBUG   [poll]    -> read  st0cur    
13:39:29.935  DEBUG   [poll]    <- read  st0cur     ret=0  data=['0xfe', '0x01', '0x01', '0x02']
13:39:30.936  DEBUG   [poll]    -> read  st2mot    
13:39:30.940  DEBUG   [poll]    <- read  st2mot     ret=0  data=['0x00', '0x00']
13:39:30.940  DEBUG   [poll]    -> read  st0cur    
13:39:30.944  DEBUG   [poll]    <- read  st0cur     ret=0  data=['0xfe', '0x01', '0x01', '0x02']
13:39:31.946  DEBUG   [poll]    -> read  st2mot    
13:39:31.949  DEBUG   [poll]    <- read  st2mot     ret=0  data=['0x00', '0x00']
13:39:31.950  DEBUG   [poll]    -> read  st0cur    
13:39:31.954  DEBUG   [poll]    <- read  st0cur     ret=0  data=['0xfe', '0x01', '0x01', '0x02']
13:39:32.955  DEBUG   [poll]    -> read  st2mot    
13:39:32.959  DEBUG   [poll]    <- read  st2mot     ret=0  data=['0x00', '0x00']
13:39:32.959  DEBUG   [poll]    -> read  st0cur    
13:39:32.964  DEBUG   [poll]    <- read  st0cur     ret=0  data=['0xfe', '0x01', '0x01', '0x02']
13:39:33.965  DEBUG   [poll]    -> read  st2mot    
13:39:33.969  DEBUG   [poll]    <- read  st2mot     ret=0  data=['0x00', '0x00']
13:39:33.969  DEBUG   [poll]    -> read  st0cur    
13:39:33.973  DEBUG   [poll]    <- read  st0cur     ret=0  data=['0xfe', '0x01', '0x01', '0x02']
13:39:34.975  DEBUG   [poll]    -> read  st2mot    
13:39:34.978  DEBUG   [poll]    <- read  st2mot     ret=0  data=['0x00', '0x00']
13:39:34.978  DEBUG   [poll]    -> read  st0cur    
13:39:34.982  DEBUG   [poll]    <- read  st0cur     ret=0  data=['0xfe', '0x01', '0x02', '0x02']
13:39:35.984  DEBUG   [poll]    -> read  st2mot    
13:39:35.987  DEBUG   [poll]    <- read  st2mot     ret=0  data=['0x00', '0x00']
13:39:35.988  DEBUG   [poll]    -> read  st0cur    
13:39:35.992  DEBUG   [poll]    <- read  st0cur     ret=0  data=['0xfe', '0x01', '0x01', '0x02']
13:39:36.993  DEBUG   [poll]    -> read  st2mot    
13:39:36.997  DEBUG   [poll]    <- read  st2mot     ret=0  data=['0x00', '0x00']
13:39:36.997  DEBUG   [poll]    -> read  st0cur    
13:39:37.001  DEBUG   [poll]    <- read  st0cur     ret=0  data=['0xfe', '0x01', '0x01', '0x02']
13:39:38.003  DEBUG   [poll]    -> read  st2mot    
13:39:38.006  DEBUG   [poll]    <- read  st2mot     ret=0  data=['0x00', '0x00']
13:39:38.007  DEBUG   [poll]    -> read  st0cur    
13:39:38.011  DEBUG   [poll]    <- read  st0cur     ret=0  data=['0xfe', '0x01', '0x01', '0x02']
13:39:39.013  DEBUG   [poll]    -> read  st2mot    
13:39:39.016  DEBUG   [poll]    <- read  st2mot     ret=0  data=['0x00', '0x00']
13:39:39.016  DEBUG   [poll]    -> read  st0cur    
13:39:39.021  DEBUG   [poll]    <- read  st0cur     ret=0  data=['0xfe', '0x01', '0x01', '0x02']
13:39:40.022  DEBUG   [poll]    -> read  st2mot    
13:39:40.025  DEBUG   [poll]    <- read  st2mot     ret=0  data=['0x00', '0x00']
13:39:40.026  DEBUG   [poll]    -> read  st0cur    
13:39:40.030  DEBUG   [poll]    <- read  st0cur     ret=0  data=['0xfe', '0x01', '0x01', '0x02']
13:39:41.031  DEBUG   [poll]    -> read  st2mot    
13:39:41.035  DEBUG   [poll]    <- read  st2mot     ret=0  data=['0x00', '0x00']
13:39:41.035  DEBUG   [poll]    -> read  st0cur    
13:39:41.039  DEBUG   [poll]    <- read  st0cur     ret=0  data=['0xfe', '0x01', '0x01', '0x02']
13:39:42.041  DEBUG   [poll]    -> read  st2mot    
13:39:42.044  DEBUG   [poll]    <- read  st2mot     ret=0  data=['0x00', '0x00']
13:39:42.045  DEBUG   [poll]    -> read  st0cur    
13:39:42.049  DEBUG   [poll]    <- read  st0cur     ret=0  data=['0xfe', '0x01', '0x01', '0x02']
13:39:43.050  DEBUG   [poll]    -> read  st2mot    
13:39:43.054  DEBUG   [poll]    <- read  st2mot     ret=0  data=['0x00', '0x00']
13:39:43.054  DEBUG   [poll]    -> read  st0cur    
13:39:43.058  DEBUG   [poll]    <- read  st0cur     ret=0  data=['0xfe', '0x01', '0x01', '0x02']
13:39:44.060  DEBUG   [poll]    -> read  st2mot    
13:39:44.063  DEBUG   [poll]    <- read  st2mot     ret=0  data=['0x00', '0x00']
13:39:44.064  DEBUG   [poll]    -> read  st0cur    
13:39:44.068  DEBUG   [poll]    <- read  st0cur     ret=0  data=['0xfe', '0x01', '0x01', '0x02']
13:39:45.069  DEBUG   [poll]    -> read  st2mot    
13:39:45.073  DEBUG   [poll]    <- read  st2mot     ret=0  data=['0x00', '0x00']
13:39:45.073  DEBUG   [poll]    -> read  st0cur    
13:39:45.077  DEBUG   [poll]    <- read  st0cur     ret=0  data=['0xfe', '0x01', '0x01', '0x02']
13:39:46.079  DEBUG   [poll]    -> read  st2mot    
13:39:46.082  DEBUG   [poll]    <- read  st2mot     ret=0  data=['0x00', '0x00']
13:39:46.082  DEBUG   [poll]    -> read  st0cur    
13:39:46.087  DEBUG   [poll]    <- read  st0cur     ret=0  data=['0xfe', '0x01', '0x01', '0x02']
13:39:47.088  DEBUG   [poll]    -> read  st2mot    
13:39:47.092  DEBUG   [poll]    <- read  st2mot     ret=0  data=['0x00', '0x00']
13:39:47.092  DEBUG   [poll]    -> read  st0cur    
13:39:47.096  DEBUG   [poll]    <- read  st0cur     ret=0  data=['0xfe', '0x01', '0x01', '0x02']
13:39:48.098  DEBUG   [poll]    -> read  st2mot    
13:39:48.101  DEBUG   [poll]    <- read  st2mot     ret=0  data=['0x00', '0x00']
13:39:48.102  DEBUG   [poll]    -> read  st0cur    
13:39:48.106  DEBUG   [poll]    <- read  st0cur     ret=0  data=['0xfe', '0x01', '0x01', '0x02']
13:39:49.108  DEBUG   [poll]    -> read  st2mot    
13:39:49.111  DEBUG   [poll]    <- read  st2mot     ret=0  data=['0x00', '0x00']
13:39:49.111  DEBUG   [poll]    -> read  st0cur    
13:39:49.115  DEBUG   [poll]    <- read  st0cur     ret=0  data=['0xfe', '0x01', '0x01', '0x02']
13:39:50.117  DEBUG   [poll]    -> read  st2mot    
13:39:50.120  DEBUG   [poll]    <- read  st2mot     ret=0  data=['0x00', '0x00']
13:39:50.121  DEBUG   [poll]    -> read  st0cur    
13:39:50.125  DEBUG   [poll]    <- read  st0cur     ret=0  data=['0xfe', '0x01', '0x01', '0x02']
13:39:51.126  DEBUG   [poll]    -> read  st2mot    
13:39:51.130  DEBUG   [poll]    <- read  st2mot     ret=0  data=['0x00', '0x00']
13:39:51.130  DEBUG   [poll]    -> read  st0cur    
13:39:51.134  DEBUG   [poll]    <- read  st0cur     ret=0  data=['0xfe', '0x01', '0x01', '0x02']
13:39:52.136  DEBUG   [poll]    -> read  st2mot    
13:39:52.139  DEBUG   [poll]    <- read  st2mot     ret=0  data=['0x00', '0x00']
13:39:52.140  DEBUG   [poll]    -> read  st0cur    
13:39:52.144  DEBUG   [poll]    <- read  st0cur     ret=0  data=['0xfe', '0x01', '0x01', '0x02']
13:39:53.145  DEBUG   [poll]    -> read  st2mot    
13:39:53.149  DEBUG   [poll]    <- read  st2mot     ret=0  data=['0x00', '0x00']
13:39:53.150  DEBUG   [poll]    -> read  st0cur    
13:39:53.154  DEBUG   [poll]    <- read  st0cur     ret=0  data=['0xfe', '0x01', '0x01', '0x02']
13:39:54.156  DEBUG   [poll]    -> read  st2mot    
13:39:54.159  DEBUG   [poll]    <- read  st2mot     ret=0  data=['0x00', '0x00']
13:39:54.159  DEBUG   [poll]    -> read  st0cur    
13:39:54.164  DEBUG   [poll]    <- read  st0cur     ret=0  data=['0xfe', '0x01', '0x01', '0x02']
13:39:55.165  DEBUG   [poll]    -> read  st2mot    
13:39:55.168  DEBUG   [poll]    <- read  st2mot     ret=0  data=['0x00', '0x00']
13:39:55.169  DEBUG   [poll]    -> read  st0cur    
13:39:55.173  DEBUG   [poll]    <- read  st0cur     ret=0  data=['0xfe', '0x01', '0x01', '0x02']
13:39:56.174  DEBUG   [poll]    -> read  st2mot    
13:39:56.178  DEBUG   [poll]    <- read  st2mot     ret=0  data=['0x00', '0x00']
13:39:56.178  DEBUG   [poll]    -> read  st0cur    
13:39:56.182  DEBUG   [poll]    <- read  st0cur     ret=0  data=['0xfe', '0x01', '0x01', '0x02']
13:39:57.184  DEBUG   [poll]    -> read  st2mot    
13:39:57.187  DEBUG   [poll]    <- read  st2mot     ret=0  data=['0x00', '0x00']
13:39:57.188  DEBUG   [poll]    -> read  st0cur    
13:39:57.192  DEBUG   [poll]    <- read  st0cur     ret=0  data=['0xfe', '0x01', '0x01', '0x02']
13:39:58.193  DEBUG   [poll]    -> read  st2mot    
13:39:58.197  DEBUG   [poll]    <- read  st2mot     ret=0  data=['0x00', '0x00']
13:39:58.198  DEBUG   [poll]    -> read  st0cur    
13:39:58.202  DEBUG   [poll]    <- read  st0cur     ret=0  data=['0xfe', '0x01', '0x01', '0x02']
13:39:59.203  DEBUG   [poll]    -> read  st2mot    
13:39:59.207  DEBUG   [poll]    <- read  st2mot     ret=0  data=['0x00', '0x00']
13:39:59.207  DEBUG   [poll]    -> read  st0cur    
13:39:59.212  DEBUG   [poll]    <- read  st0cur     ret=0  data=['0xfe', '0x01', '0x01', '0x02']
13:40:00.213  DEBUG   [poll]    -> read  st2mot    
13:40:00.216  DEBUG   [poll]    <- read  st2mot     ret=0  data=['0x00', '0x00']
13:40:00.217  DEBUG   [poll]    -> read  st0cur    
13:40:00.221  DEBUG   [poll]    <- read  st0cur     ret=0  data=['0xfe', '0x01', '0x01', '0x02']
13:40:01.222  DEBUG   [poll]    -> read  st2mot    
13:40:01.226  DEBUG   [poll]    <- read  st2mot     ret=0  data=['0x00', '0x00']
13:40:01.226  DEBUG   [poll]    -> read  st0cur    
13:40:01.231  DEBUG   [poll]    <- read  st0cur     ret=0  data=['0xfe', '0x01', '0x01', '0x02']
13:40:02.232  DEBUG   [poll]    -> read  st2mot    
13:40:02.235  DEBUG   [poll]    <- read  st2mot     ret=0  data=['0x00', '0x00']
13:40:02.235  DEBUG   [poll]    -> read  st0cur    
13:40:02.240  DEBUG   [poll]    <- read  st0cur     ret=0  data=['0xfe', '0x01', '0x01', '0x02']
13:40:03.241  DEBUG   [poll]    -> read  st2mot    
13:40:03.244  DEBUG   [poll]    <- read  st2mot     ret=0  data=['0x00', '0x00']
13:40:03.244  DEBUG   [poll]    -> read  st0cur    
13:40:03.248  DEBUG   [poll]    <- read  st0cur     ret=0  data=['0xfe', '0x01', '0x01', '0x02']
13:40:04.250  DEBUG   [poll]    -> read  st2mot    
13:40:04.253  DEBUG   [poll]    <- read  st2mot     ret=0  data=['0x00', '0x00']
13:40:04.253  DEBUG   [poll]    -> read  st0cur    
13:40:04.258  DEBUG   [poll]    <- read  st0cur     ret=0  data=['0xfe', '0x01', '0x01', '0x02']
13:40:05.259  DEBUG   [poll]    -> read  st2mot    
13:40:05.262  DEBUG   [poll]    <- read  st2mot     ret=0  data=['0x00', '0x00']
13:40:05.263  DEBUG   [poll]    -> read  st0cur    
13:40:05.267  DEBUG   [poll]    <- read  st0cur     ret=0  data=['0xfe', '0x01', '0x01', '0x02']
13:40:06.268  DEBUG   [poll]    -> read  st2mot    
13:40:06.272  DEBUG   [poll]    <- read  st2mot     ret=0  data=['0x00', '0x00']
13:40:06.272  DEBUG   [poll]    -> read  st0cur    
13:40:06.276  DEBUG   [poll]    <- read  st0cur     ret=0  data=['0xfe', '0x01', '0x01', '0x02']
13:40:07.278  DEBUG   [poll]    -> read  st2mot    
13:40:07.281  DEBUG   [poll]    <- read  st2mot     ret=0  data=['0x00', '0x00']
13:40:07.282  DEBUG   [poll]    -> read  st0cur    
13:40:07.286  DEBUG   [poll]    <- read  st0cur     ret=0  data=['0xfe', '0x01', '0x01', '0x02']
13:40:08.287  DEBUG   [poll]    -> read  st2mot    
13:40:08.291  DEBUG   [poll]    <- read  st2mot     ret=0  data=['0x00', '0x00']
13:40:08.291  DEBUG   [poll]    -> read  st0cur    
13:40:08.296  DEBUG   [poll]    <- read  st0cur     ret=0  data=['0xfe', '0x01', '0x01', '0x02']
13:40:09.297  DEBUG   [poll]    -> read  st2mot    
13:40:09.301  DEBUG   [poll]    <- read  st2mot     ret=0  data=['0x00', '0x00']
13:40:09.301  DEBUG   [poll]    -> read  st0cur    
13:40:09.305  DEBUG   [poll]    <- read  st0cur     ret=0  data=['0xfe', '0x01', '0x01', '0x02']
13:40:10.307  DEBUG   [poll]    -> read  st2mot    
13:40:10.310  DEBUG   [poll]    <- read  st2mot     ret=0  data=['0x00', '0x00']
13:40:10.310  DEBUG   [poll]    -> read  st0cur    
13:40:10.315  DEBUG   [poll]    <- read  st0cur     ret=0  data=['0xfe', '0x01', '0x02', '0x02']
13:40:11.316  DEBUG   [poll]    -> read  st2mot    
13:40:11.320  DEBUG   [poll]    <- read  st2mot     ret=0  data=['0x00', '0x00']
13:40:11.320  DEBUG   [poll]    -> read  st0cur    
13:40:11.324  DEBUG   [poll]    <- read  st0cur     ret=0  data=['0xfe', '0x01', '0x01', '0x02']
13:40:12.326  DEBUG   [poll]    -> read  st2mot    
13:40:12.329  DEBUG   [poll]    <- read  st2mot     ret=0  data=['0x00', '0x00']
13:40:12.330  DEBUG   [poll]    -> read  st0cur    
13:40:12.334  DEBUG   [poll]    <- read  st0cur     ret=0  data=['0xfe', '0x01', '0x01', '0x02']
13:40:13.335  DEBUG   [poll]    -> read  st2mot    
13:40:13.339  DEBUG   [poll]    <- read  st2mot     ret=0  data=['0x00', '0x00']
13:40:13.339  DEBUG   [poll]    -> read  st0cur    
13:40:13.343  DEBUG   [poll]    <- read  st0cur     ret=0  data=['0xfe', '0x01', '0x01', '0x02']
13:40:14.345  DEBUG   [poll]    -> read  st2mot    
13:40:14.348  DEBUG   [poll]    <- read  st2mot     ret=0  data=['0x00', '0x00']
13:40:14.349  DEBUG   [poll]    -> read  st0cur    
13:40:14.353  DEBUG   [poll]    <- read  st0cur     ret=0  data=['0xfe', '0x01', '0x01', '0x02']
13:40:15.354  DEBUG   [poll]    -> read  st2mot    
13:40:15.358  DEBUG   [poll]    <- read  st2mot     ret=0  data=['0x00', '0x00']
13:40:15.358  DEBUG   [poll]    -> read  st0cur    
13:40:15.362  DEBUG   [poll]    <- read  st0cur     ret=0  data=['0xfe', '0x01', '0x02', '0x02']
13:40:16.364  DEBUG   [poll]    -> read  st2mot    
13:40:16.367  DEBUG   [poll]    <- read  st2mot     ret=0  data=['0x00', '0x00']
13:40:16.368  DEBUG   [poll]    -> read  st0cur    
13:40:16.372  DEBUG   [poll]    <- read  st0cur     ret=0  data=['0xfe', '0x01', '0x01', '0x02']
13:40:17.374  DEBUG   [poll]    -> read  st2mot    
13:40:17.377  DEBUG   [poll]    <- read  st2mot     ret=0  data=['0x00', '0x00']
13:40:17.378  DEBUG   [poll]    -> read  st0cur    
13:40:17.382  DEBUG   [poll]    <- read  st0cur     ret=0  data=['0xfd', '0x01', '0x01', '0x02']
13:40:18.383  DEBUG   [poll]    -> read  st2mot    
13:40:18.387  DEBUG   [poll]    <- read  st2mot     ret=0  data=['0x00', '0x00']
13:40:18.387  DEBUG   [poll]    -> read  st0cur    
13:40:18.392  DEBUG   [poll]    <- read  st0cur     ret=0  data=['0xfd', '0x01', '0x01', '0x02']
13:40:19.393  DEBUG   [poll]    -> read  st2mot    
13:40:19.396  DEBUG   [poll]    <- read  st2mot     ret=0  data=['0x00', '0x00']
13:40:19.397  DEBUG   [poll]    -> read  st0cur    
13:40:19.401  DEBUG   [poll]    <- read  st0cur     ret=0  data=['0xfe', '0x01', '0x01', '0x02']
13:40:20.402  DEBUG   [poll]    -> read  st2mot    
13:40:20.405  DEBUG   [poll]    <- read  st2mot     ret=0  data=['0x00', '0x00']
13:40:20.405  DEBUG   [poll]    -> read  st0cur    
13:40:20.409  DEBUG   [poll]    <- read  st0cur     ret=0  data=['0xfe', '0x01', '0x01', '0x02']
13:40:21.411  DEBUG   [poll]    -> read  st2mot    
13:40:21.414  DEBUG   [poll]    <- read  st2mot     ret=0  data=['0x00', '0x00']
13:40:21.415  DEBUG   [poll]    -> read  st0cur    
13:40:21.419  DEBUG   [poll]    <- read  st0cur     ret=0  data=['0xfe', '0x01', '0x01', '0x02']
13:40:22.421  DEBUG   [poll]    -> read  st2mot    
13:40:22.424  DEBUG   [poll]    <- read  st2mot     ret=0  data=['0x00', '0x00']
13:40:22.424  DEBUG   [poll]    -> read  st0cur    
13:40:22.428  DEBUG   [poll]    <- read  st0cur     ret=0  data=['0xfe', '0x01', '0x01', '0x02']
13:40:23.430  DEBUG   [poll]    -> read  st2mot    
13:40:23.433  DEBUG   [poll]    <- read  st2mot     ret=0  data=['0x00', '0x00']
13:40:23.434  DEBUG   [poll]    -> read  st0cur    
13:40:23.438  DEBUG   [poll]    <- read  st0cur     ret=0  data=['0xfe', '0x01', '0x01', '0x02']
13:40:24.272  INFO    client connected
13:40:24.273  DEBUG   [client]  -> write cntl0mot   data=['0xf6', '0xfa']
13:40:24.276  DEBUG   [client]  -> write cntl3mot   data=['0x00', '0x00']
13:40:24.280  DEBUG   [client]  -> write cntl3mot   data=['0x03', '0xe8']
13:40:24.286  DEBUG   [client]  -> read  st2mot    
13:40:24.289  DEBUG   [client]  <- read  st2mot     ret=0  data=['0x00', '0x00']
13:40:24.291  DEBUG   [client]  -> read  st0cur    
13:40:24.295  DEBUG   [client]  <- read  st0cur     ret=0  data=['0xfe', '0x01', '0x01', '0x02']
13:40:24.440  DEBUG   [poll]    -> read  st2mot    
13:40:24.443  DEBUG   [poll]    <- read  st2mot     ret=0  data=['0x00', '0x00']
13:40:24.443  DEBUG   [poll]    -> read  st0cur    
13:40:24.447  DEBUG   [poll]    <- read  st0cur     ret=0  data=['0xfd', '0x01', '0x00', '0x02']
13:40:24.486  DEBUG   [client]  -> read  st2mot    
13:40:24.489  DEBUG   [client]  <- read  st2mot     ret=0  data=['0x00', '0x00']
13:40:24.686  DEBUG   [client]  -> read  st2mot    
13:40:24.689  DEBUG   [client]  <- read  st2mot     ret=0  data=['0x00', '0x00']
13:40:24.887  DEBUG   [client]  -> read  st2mot    
13:40:24.890  DEBUG   [client]  <- read  st2mot     ret=0  data=['0xaf', '0x00']
13:40:25.087  DEBUG   [client]  -> read  st2mot    
13:40:25.090  DEBUG   [client]  <- read  st2mot     ret=0  data=['0x33', '0x04']
13:40:25.287  DEBUG   [client]  -> read  st2mot    
13:40:25.290  DEBUG   [client]  <- read  st2mot     ret=0  data=['0x2d', '0x05']
13:40:25.292  DEBUG   [client]  -> read  st0cur    
13:40:25.297  DEBUG   [client]  <- read  st0cur     ret=0  data=['0xfd', '0x01', '0x00', '0x02']
13:40:25.448  DEBUG   [poll]    -> read  st2mot    
13:40:25.452  DEBUG   [poll]    <- read  st2mot     ret=0  data=['0xb0', '0x04']
13:40:25.452  DEBUG   [poll]    -> read  st0cur    
13:40:25.456  DEBUG   [poll]    <- read  st0cur     ret=0  data=['0xf4', '0x01', '0xf3', '0x01']
13:40:25.486  DEBUG   [client]  -> read  st2mot    
13:40:25.490  DEBUG   [client]  <- read  st2mot     ret=0  data=['0xb0', '0x04']
13:40:25.687  DEBUG   [client]  -> read  st2mot    
13:40:25.690  DEBUG   [client]  <- read  st2mot     ret=0  data=['0x4c', '0x04']
13:40:25.886  DEBUG   [client]  -> read  st2mot    
13:40:25.890  DEBUG   [client]  <- read  st2mot     ret=0  data=['0x01', '0x04']
13:40:26.086  DEBUG   [client]  -> read  st2mot    
13:40:26.090  DEBUG   [client]  <- read  st2mot     ret=0  data=['0xe8', '0x03']
13:40:26.286  DEBUG   [client]  -> read  st2mot    
13:40:26.290  DEBUG   [client]  <- read  st2mot     ret=0  data=['0xcf', '0x03']
13:40:26.292  DEBUG   [client]  -> read  st0cur    
13:40:26.296  DEBUG   [client]  <- read  st0cur     ret=0  data=['0xf4', '0x01', '0xf3', '0x01']
13:40:26.458  DEBUG   [poll]    -> read  st2mot    
13:40:26.461  DEBUG   [poll]    <- read  st2mot     ret=0  data=['0xe8', '0x03']
13:40:26.462  DEBUG   [poll]    -> read  st0cur    
13:40:26.466  DEBUG   [poll]    <- read  st0cur     ret=0  data=['0xf6', '0x01', '0xf7', '0x01']
13:40:26.486  DEBUG   [client]  -> read  st2mot    
13:40:26.490  DEBUG   [client]  <- read  st2mot     ret=0  data=['0xe8', '0x03']
13:40:26.686  DEBUG   [client]  -> read  st2mot    
13:40:26.690  DEBUG   [client]  <- read  st2mot     ret=0  data=['0xe8', '0x03']
13:40:26.886  DEBUG   [client]  -> read  st2mot    
13:40:26.890  DEBUG   [client]  <- read  st2mot     ret=0  data=['0xcf', '0x03']
13:40:27.087  DEBUG   [client]  -> read  st2mot    
13:40:27.090  DEBUG   [client]  <- read  st2mot     ret=0  data=['0xe8', '0x03']
13:40:27.286  DEBUG   [client]  -> read  st2mot    
13:40:27.290  DEBUG   [client]  <- read  st2mot     ret=0  data=['0x01', '0x04']
13:40:27.292  DEBUG   [client]  -> read  st0cur    
13:40:27.296  DEBUG   [client]  <- read  st0cur     ret=0  data=['0xf6', '0x01', '0xf7', '0x01']
13:40:27.468  DEBUG   [poll]    -> read  st2mot    
13:40:27.471  DEBUG   [poll]    <- read  st2mot     ret=0  data=['0xcf', '0x03']
13:40:27.471  DEBUG   [poll]    -> read  st0cur    
13:40:27.476  DEBUG   [poll]    <- read  st0cur     ret=0  data=['0xf7', '0x01', '0xf6', '0x01']
13:40:27.486  DEBUG   [client]  -> read  st2mot    
13:40:27.490  DEBUG   [client]  <- read  st2mot     ret=0  data=['0x01', '0x04']
13:40:27.686  DEBUG   [client]  -> read  st2mot    
13:40:27.690  DEBUG   [client]  <- read  st2mot     ret=0  data=['0xe8', '0x03']
13:40:27.886  DEBUG   [client]  -> read  st2mot    
13:40:27.890  DEBUG   [client]  <- read  st2mot     ret=0  data=['0xe8', '0x03']
13:40:28.086  DEBUG   [client]  -> read  st2mot    
13:40:28.090  DEBUG   [client]  <- read  st2mot     ret=0  data=['0x01', '0x04']
13:40:28.286  DEBUG   [client]  -> read  st2mot    
13:40:28.290  DEBUG   [client]  <- read  st2mot     ret=0  data=['0xe8', '0x03']
13:40:28.292  DEBUG   [client]  -> read  st0cur    
13:40:28.296  DEBUG   [client]  <- read  st0cur     ret=0  data=['0xf7', '0x01', '0xf6', '0x01']
13:40:28.477  DEBUG   [poll]    -> read  st2mot    
13:40:28.481  DEBUG   [poll]    <- read  st2mot     ret=0  data=['0xcf', '0x03']
13:40:28.482  DEBUG   [poll]    -> read  st0cur    
13:40:28.487  DEBUG   [poll]    <- read  st0cur     ret=0  data=['0xf6', '0x01', '0xf8', '0x01']
13:40:28.488  DEBUG   [client]  -> read  st2mot    
13:40:28.491  DEBUG   [client]  <- read  st2mot     ret=0  data=['0xcf', '0x03']
13:40:28.687  DEBUG   [client]  -> read  st2mot    
13:40:28.690  DEBUG   [client]  <- read  st2mot     ret=0  data=['0x01', '0x04']
13:40:28.886  DEBUG   [client]  -> read  st2mot    
13:40:28.890  DEBUG   [client]  <- read  st2mot     ret=0  data=['0xe8', '0x03']
13:40:29.086  DEBUG   [client]  -> read  st2mot    
13:40:29.090  DEBUG   [client]  <- read  st2mot     ret=0  data=['0x01', '0x04']
13:40:29.286  DEBUG   [client]  -> read  st2mot    
13:40:29.290  DEBUG   [client]  <- read  st2mot     ret=0  data=['0xe8', '0x03']
13:40:29.292  DEBUG   [client]  -> read  st0cur    
13:40:29.296  DEBUG   [client]  <- read  st0cur     ret=0  data=['0xf6', '0x01', '0xf8', '0x01']
13:40:29.486  DEBUG   [client]  -> read  st2mot    
13:40:29.490  DEBUG   [client]  <- read  st2mot     ret=0  data=['0xcf', '0x03']
13:40:29.491  DEBUG   [poll]    -> read  st2mot    
13:40:29.494  DEBUG   [poll]    <- read  st2mot     ret=0  data=['0xcf', '0x03']
13:40:29.495  DEBUG   [poll]    -> read  st0cur    
13:40:29.499  DEBUG   [poll]    <- read  st0cur     ret=0  data=['0xf6', '0x01', '0xf6', '0x01']
13:40:29.687  DEBUG   [client]  -> read  st2mot    
13:40:29.690  DEBUG   [client]  <- read  st2mot     ret=0  data=['0x01', '0x04']
13:40:29.886  DEBUG   [client]  -> read  st2mot    
13:40:29.890  DEBUG   [client]  <- read  st2mot     ret=0  data=['0xcf', '0x03']
13:40:30.087  DEBUG   [client]  -> read  st2mot    
13:40:30.090  DEBUG   [client]  <- read  st2mot     ret=0  data=['0x01', '0x04']
13:40:30.287  DEBUG   [client]  -> read  st2mot    
13:40:30.290  DEBUG   [client]  <- read  st2mot     ret=0  data=['0xe8', '0x03']
13:40:30.292  DEBUG   [client]  -> read  st0cur    
13:40:30.296  DEBUG   [client]  <- read  st0cur     ret=0  data=['0xf6', '0x01', '0xf6', '0x01']
13:40:30.486  DEBUG   [client]  -> read  st2mot    
13:40:30.490  DEBUG   [client]  <- read  st2mot     ret=0  data=['0xe8', '0x03']
13:40:30.501  DEBUG   [poll]    -> read  st2mot    
13:40:30.504  DEBUG   [poll]    <- read  st2mot     ret=0  data=['0xe8', '0x03']
13:40:30.505  DEBUG   [poll]    -> read  st0cur    
13:40:30.509  DEBUG   [poll]    <- read  st0cur     ret=0  data=['0xf5', '0x01', '0xf7', '0x01']
13:40:30.686  DEBUG   [client]  -> read  st2mot    
13:40:30.690  DEBUG   [client]  <- read  st2mot     ret=0  data=['0xe8', '0x03']
13:40:30.886  DEBUG   [client]  -> read  st2mot    
13:40:30.890  DEBUG   [client]  <- read  st2mot     ret=0  data=['0xcf', '0x03']
13:40:31.086  DEBUG   [client]  -> read  st2mot    
13:40:31.090  DEBUG   [client]  <- read  st2mot     ret=0  data=['0xe8', '0x03']
13:40:31.092  DEBUG   [client]  -> write cntl3mot   data=['0x03', '0x20']
13:40:31.347  DEBUG   [client]  -> write cntl3mot   data=['0x02', '0x58']
13:40:31.510  DEBUG   [poll]    -> read  st2mot    
13:40:31.514  DEBUG   [poll]    <- read  st2mot     ret=0  data=['0x07', '0x03']
13:40:31.514  DEBUG   [poll]    -> read  st0cur    
13:40:31.518  DEBUG   [poll]    <- read  st0cur     ret=0  data=['0xf5', '0x01', '0xf8', '0x01']
13:40:31.603  DEBUG   [client]  -> write cntl3mot   data=['0x01', '0x90']
13:40:31.858  DEBUG   [client]  -> write cntl3mot   data=['0x00', '0xc8']
13:40:32.114  DEBUG   [client]  -> write cntl3mot   data=['0x00', '0x00']
13:40:32.118  WARNING client disconnected — stopping motor
13:40:32.119  DEBUG   [client]  -> write cntl3mot   data=['0x00', '0x00']
13:40:32.124  INFO    client disconnected
13:40:32.520  DEBUG   [poll]    -> read  st2mot    
13:40:32.523  DEBUG   [poll]    <- read  st2mot     ret=0  data=['0x00', '0x00']
13:40:32.524  DEBUG   [poll]    -> read  st0cur    
13:40:32.528  DEBUG   [poll]    <- read  st0cur     ret=0  data=['0xfa', '0x01', '0xfd', '0x01']
13:40:32.528  WARNING *** OBSERVED STALL SIGNATURE (not acted on yet) — current=-0.29A while rpm=0 ***
13:40:33.530  DEBUG   [poll]    -> read  st2mot    
13:40:33.534  DEBUG   [poll]    <- read  st2mot     ret=0  data=['0x00', '0x00']
13:40:33.534  DEBUG   [poll]    -> read  st0cur    
13:40:33.539  DEBUG   [poll]    <- read  st0cur     ret=0  data=['0xfe', '0x01', '0x01', '0x02']
13:40:34.540  DEBUG   [poll]    -> read  st2mot    
13:40:34.543  DEBUG   [poll]    <- read  st2mot     ret=0  data=['0x00', '0x00']
13:40:34.544  DEBUG   [poll]    -> read  st0cur    
13:40:34.548  DEBUG   [poll]    <- read  st0cur     ret=0  data=['0xfe', '0x01', '0x01', '0x02']
13:40:35.550  DEBUG   [poll]    -> read  st2mot    
13:40:35.553  DEBUG   [poll]    <- read  st2mot     ret=0  data=['0x00', '0x00']
13:40:35.553  DEBUG   [poll]    -> read  st0cur    
13:40:35.557  DEBUG   [poll]    <- read  st0cur     ret=0  data=['0xfd', '0x01', '0x01', '0x02']
13:40:36.558  DEBUG   [poll]    -> read  st2mot    
13:40:36.561  DEBUG   [poll]    <- read  st2mot     ret=0  data=['0x00', '0x00']
13:40:36.562  DEBUG   [poll]    -> read  st0cur    
13:40:36.566  DEBUG   [poll]    <- read  st0cur     ret=0  data=['0xfe', '0x01', '0x01', '0x02']
13:40:37.568  DEBUG   [poll]    -> read  st2mot    
13:40:37.571  DEBUG   [poll]    <- read  st2mot     ret=0  data=['0x00', '0x00']
13:40:37.571  DEBUG   [poll]    -> read  st0cur    
13:40:37.576  DEBUG   [poll]    <- read  st0cur     ret=0  data=['0xfe', '0x01', '0x01', '0x02']
13:40:38.577  DEBUG   [poll]    -> read  st2mot    
13:40:38.581  DEBUG   [poll]    <- read  st2mot     ret=0  data=['0x00', '0x00']
13:40:38.581  DEBUG   [poll]    -> read  st0cur    
13:40:38.586  DEBUG   [poll]    <- read  st0cur     ret=0  data=['0xfe', '0x01', '0x01', '0x02']
13:40:39.587  DEBUG   [poll]    -> read  st2mot    
13:40:39.590  DEBUG   [poll]    <- read  st2mot     ret=0  data=['0x00', '0x00']
13:40:39.591  DEBUG   [poll]    -> read  st0cur    
13:40:39.594  DEBUG   [poll]    <- read  st0cur     ret=0  data=['0xfe', '0x01', '0x01', '0x02']
13:40:40.596  DEBUG   [poll]    -> read  st2mot    
13:40:40.599  DEBUG   [poll]    <- read  st2mot     ret=0  data=['0x00', '0x00']
13:40:40.599  DEBUG   [poll]    -> read  st0cur    
13:40:40.604  DEBUG   [poll]    <- read  st0cur     ret=0  data=['0xfe', '0x01', '0x01', '0x02']
13:40:41.605  DEBUG   [poll]    -> read  st2mot    
13:40:41.609  DEBUG   [poll]    <- read  st2mot     ret=0  data=['0x00', '0x00']
13:40:41.609  DEBUG   [poll]    -> read  st0cur    
13:40:41.613  DEBUG   [poll]    <- read  st0cur     ret=0  data=['0xfe', '0x01', '0x01', '0x02']
13:40:42.615  DEBUG   [poll]    -> read  st2mot    
13:40:42.618  DEBUG   [poll]    <- read  st2mot     ret=0  data=['0x00', '0x00']
13:40:42.618  DEBUG   [poll]    -> read  st0cur    
13:40:42.622  DEBUG   [poll]    <- read  st0cur     ret=0  data=['0xfe', '0x01', '0x01', '0x02']
13:40:43.624  DEBUG   [poll]    -> read  st2mot    
13:40:43.627  DEBUG   [poll]    <- read  st2mot     ret=0  data=['0x00', '0x00']
13:40:43.628  DEBUG   [poll]    -> read  st0cur    
13:40:43.632  DEBUG   [poll]    <- read  st0cur     ret=0  data=['0xfe', '0x01', '0x01', '0x02']
13:40:44.634  DEBUG   [poll]    -> read  st2mot    
13:40:44.637  DEBUG   [poll]    <- read  st2mot     ret=0  data=['0x00', '0x00']
13:40:44.637  DEBUG   [poll]    -> read  st0cur    
13:40:44.642  DEBUG   [poll]    <- read  st0cur     ret=0  data=['0xfe', '0x01', '0x01', '0x02']
13:40:45.643  DEBUG   [poll]    -> read  st2mot    
13:40:45.647  DEBUG   [poll]    <- read  st2mot     ret=0  data=['0x00', '0x00']
13:40:45.647  DEBUG   [poll]    -> read  st0cur    
13:40:45.651  DEBUG   [poll]    <- read  st0cur     ret=0  data=['0xfe', '0x01', '0x01', '0x02']
13:40:46.653  DEBUG   [poll]    -> read  st2mot    
13:40:46.656  DEBUG   [poll]    <- read  st2mot     ret=0  data=['0x00', '0x00']
13:40:46.656  DEBUG   [poll]    -> read  st0cur    
13:40:46.660  DEBUG   [poll]    <- read  st0cur     ret=0  data=['0xfe', '0x01', '0x01', '0x02']
13:40:47.662  DEBUG   [poll]    -> read  st2mot    
13:40:47.665  DEBUG   [poll]    <- read  st2mot     ret=0  data=['0x00', '0x00']
13:40:47.666  DEBUG   [poll]    -> read  st0cur    
13:40:47.670  DEBUG   [poll]    <- read  st0cur     ret=0  data=['0xfe', '0x01', '0x01', '0x02']
13:40:48.671  DEBUG   [poll]    -> read  st2mot    
13:40:48.675  DEBUG   [poll]    <- read  st2mot     ret=0  data=['0x00', '0x00']
13:40:48.675  DEBUG   [poll]    -> read  st0cur    
13:40:48.680  DEBUG   [poll]    <- read  st0cur     ret=0  data=['0xfe', '0x01', '0x01', '0x02']
13:40:49.681  DEBUG   [poll]    -> read  st2mot    
13:40:49.685  DEBUG   [poll]    <- read  st2mot     ret=0  data=['0x00', '0x00']
13:40:49.685  DEBUG   [poll]    -> read  st0cur    
13:40:49.689  DEBUG   [poll]    <- read  st0cur     ret=0  data=['0xfe', '0x01', '0x01', '0x02']
13:40:50.691  DEBUG   [poll]    -> read  st2mot    
13:40:50.694  DEBUG   [poll]    <- read  st2mot     ret=0  data=['0x00', '0x00']
13:40:50.694  DEBUG   [poll]    -> read  st0cur    
13:40:50.698  DEBUG   [poll]    <- read  st0cur     ret=0  data=['0xfd', '0x01', '0x01', '0x02']
13:40:51.700  DEBUG   [poll]    -> read  st2mot    
13:40:51.703  DEBUG   [poll]    <- read  st2mot     ret=0  data=['0x00', '0x00']
13:40:51.704  DEBUG   [poll]    -> read  st0cur    
13:40:51.708  DEBUG   [poll]    <- read  st0cur     ret=0  data=['0xfe', '0x01', '0x01', '0x02']
13:40:52.709  DEBUG   [poll]    -> read  st2mot    
13:40:52.713  DEBUG   [poll]    <- read  st2mot     ret=0  data=['0x00', '0x00']
13:40:52.713  DEBUG   [poll]    -> read  st0cur    
13:40:52.717  DEBUG   [poll]    <- read  st0cur     ret=0  data=['0xfe', '0x01', '0x01', '0x02']
13:40:53.719  DEBUG   [poll]    -> read  st2mot    
13:40:53.722  DEBUG   [poll]    <- read  st2mot     ret=0  data=['0x00', '0x00']
13:40:53.723  DEBUG   [poll]    -> read  st0cur    
13:40:53.727  DEBUG   [poll]    <- read  st0cur     ret=0  data=['0xfe', '0x01', '0x01', '0x02']
13:40:54.728  DEBUG   [poll]    -> read  st2mot    
13:40:54.732  DEBUG   [poll]    <- read  st2mot     ret=0  data=['0x00', '0x00']
13:40:54.732  DEBUG   [poll]    -> read  st0cur    
13:40:54.736  DEBUG   [poll]    <- read  st0cur     ret=0  data=['0xfe', '0x01', '0x02', '0x02']
13:40:55.738  DEBUG   [poll]    -> read  st2mot    
13:40:55.741  DEBUG   [poll]    <- read  st2mot     ret=0  data=['0x00', '0x00']
13:40:55.742  DEBUG   [poll]    -> read  st0cur    
13:40:55.746  DEBUG   [poll]    <- read  st0cur     ret=0  data=['0xfe', '0x01', '0x01', '0x02']
13:40:56.747  DEBUG   [poll]    -> read  st2mot    
13:40:56.751  DEBUG   [poll]    <- read  st2mot     ret=0  data=['0x00', '0x00']
13:40:56.751  DEBUG   [poll]    -> read  st0cur    
13:40:56.755  DEBUG   [poll]    <- read  st0cur     ret=0  data=['0xfe', '0x01', '0x01', '0x02']
13:40:57.757  DEBUG   [poll]    -> read  st2mot    
13:40:57.760  DEBUG   [poll]    <- read  st2mot     ret=0  data=['0x00', '0x00']
13:40:57.761  DEBUG   [poll]    -> read  st0cur    
13:40:57.765  DEBUG   [poll]    <- read  st0cur     ret=0  data=['0xfe', '0x01', '0x01', '0x02']
13:40:58.766  DEBUG   [poll]    -> read  st2mot    
13:40:58.770  DEBUG   [poll]    <- read  st2mot     ret=0  data=['0x00', '0x00']
13:40:58.771  DEBUG   [poll]    -> read  st0cur    
13:40:58.775  DEBUG   [poll]    <- read  st0cur     ret=0  data=['0xfe', '0x01', '0x01', '0x02']
13:40:59.777  DEBUG   [poll]    -> read  st2mot    
13:40:59.780  DEBUG   [poll]    <- read  st2mot     ret=0  data=['0x00', '0x00']
13:40:59.780  DEBUG   [poll]    -> read  st0cur    
13:40:59.784  DEBUG   [poll]    <- read  st0cur     ret=0  data=['0xfe', '0x01', '0x01', '0x02']
13:41:00.786  DEBUG   [poll]    -> read  st2mot    
13:41:00.789  DEBUG   [poll]    <- read  st2mot     ret=0  data=['0x00', '0x00']
13:41:00.790  DEBUG   [poll]    -> read  st0cur    
13:41:00.794  DEBUG   [poll]    <- read  st0cur     ret=0  data=['0xfe', '0x01', '0x01', '0x02']
13:41:01.795  DEBUG   [poll]    -> read  st2mot    
13:41:01.799  DEBUG   [poll]    <- read  st2mot     ret=0  data=['0x00', '0x00']
13:41:01.799  DEBUG   [poll]    -> read  st0cur    
13:41:01.803  DEBUG   [poll]    <- read  st0cur     ret=0  data=['0xfe', '0x01', '0x01', '0x02']
13:41:02.805  DEBUG   [poll]    -> read  st2mot    
13:41:02.808  DEBUG   [poll]    <- read  st2mot     ret=0  data=['0x00', '0x00']
13:41:02.809  DEBUG   [poll]    -> read  st0cur    
13:41:02.813  DEBUG   [poll]    <- read  st0cur     ret=0  data=['0xfe', '0x01', '0x01', '0x02']
13:41:03.814  DEBUG   [poll]    -> read  st2mot    
13:41:03.818  DEBUG   [poll]    <- read  st2mot     ret=0  data=['0x00', '0x00']
13:41:03.818  DEBUG   [poll]    -> read  st0cur    
13:41:03.823  DEBUG   [poll]    <- read  st0cur     ret=0  data=['0xfd', '0x01', '0x02', '0x02']
13:41:04.824  DEBUG   [poll]    -> read  st2mot    
13:41:04.827  DEBUG   [poll]    <- read  st2mot     ret=0  data=['0x00', '0x00']
13:41:04.828  DEBUG   [poll]    -> read  st0cur    
13:41:04.832  DEBUG   [poll]    <- read  st0cur     ret=0  data=['0xfe', '0x01', '0x01', '0x02']
13:41:05.833  DEBUG   [poll]    -> read  st2mot    
13:41:05.837  DEBUG   [poll]    <- read  st2mot     ret=0  data=['0x00', '0x00']
13:41:05.837  DEBUG   [poll]    -> read  st0cur    
13:41:05.841  DEBUG   [poll]    <- read  st0cur     ret=0  data=['0xfe', '0x01', '0x01', '0x02']
13:41:06.843  DEBUG   [poll]    -> read  st2mot    
13:41:06.846  DEBUG   [poll]    <- read  st2mot     ret=0  data=['0x00', '0x00']
13:41:06.847  DEBUG   [poll]    -> read  st0cur    
13:41:06.851  DEBUG   [poll]    <- read  st0cur     ret=0  data=['0xfd', '0x01', '0x01', '0x02']
13:41:07.852  DEBUG   [poll]    -> read  st2mot    
13:41:07.856  DEBUG   [poll]    <- read  st2mot     ret=0  data=['0x00', '0x00']
13:41:07.856  DEBUG   [poll]    -> read  st0cur    
13:41:07.860  DEBUG   [poll]    <- read  st0cur     ret=0  data=['0xfe', '0x01', '0x01', '0x02']
13:41:08.862  DEBUG   [poll]    -> read  st2mot    
13:41:08.865  DEBUG   [poll]    <- read  st2mot     ret=0  data=['0x00', '0x00']
13:41:08.866  DEBUG   [poll]    -> read  st0cur    
13:41:08.870  DEBUG   [poll]    <- read  st0cur     ret=0  data=['0xfd', '0x01', '0x01', '0x02']
13:41:09.872  DEBUG   [poll]    -> read  st2mot    
13:41:09.875  DEBUG   [poll]    <- read  st2mot     ret=0  data=['0x00', '0x00']
13:41:09.875  DEBUG   [poll]    -> read  st0cur    
13:41:09.880  DEBUG   [poll]    <- read  st0cur     ret=0  data=['0xfe', '0x01', '0x02', '0x02']
13:41:10.881  DEBUG   [poll]    -> read  st2mot    
13:41:10.884  DEBUG   [poll]    <- read  st2mot     ret=0  data=['0x00', '0x00']
13:41:10.885  DEBUG   [poll]    -> read  st0cur    
13:41:10.889  DEBUG   [poll]    <- read  st0cur     ret=0  data=['0xfe', '0x01', '0x01', '0x02']
13:41:11.891  DEBUG   [poll]    -> read  st2mot    
13:41:11.894  DEBUG   [poll]    <- read  st2mot     ret=0  data=['0x00', '0x00']
13:41:11.894  DEBUG   [poll]    -> read  st0cur    
13:41:11.899  DEBUG   [poll]    <- read  st0cur     ret=0  data=['0xfe', '0x01', '0x01', '0x02']
13:41:12.900  DEBUG   [poll]    -> read  st2mot    
13:41:12.903  DEBUG   [poll]    <- read  st2mot     ret=0  data=['0x00', '0x00']
13:41:12.904  DEBUG   [poll]    -> read  st0cur    
13:41:12.908  DEBUG   [poll]    <- read  st0cur     ret=0  data=['0xfe', '0x01', '0x01', '0x02']
13:41:13.909  DEBUG   [poll]    -> read  st2mot    
13:41:13.913  DEBUG   [poll]    <- read  st2mot     ret=0  data=['0x00', '0x00']
13:41:13.913  DEBUG   [poll]    -> read  st0cur    
13:41:13.917  DEBUG   [poll]    <- read  st0cur     ret=0  data=['0xfd', '0x01', '0x01', '0x02']
13:41:14.919  DEBUG   [poll]    -> read  st2mot    
13:41:14.923  DEBUG   [poll]    <- read  st2mot     ret=0  data=['0x00', '0x00']
13:41:14.923  DEBUG   [poll]    -> read  st0cur    
13:41:14.928  DEBUG   [poll]    <- read  st0cur     ret=0  data=['0xfe', '0x01', '0x01', '0x02']
13:41:15.929  DEBUG   [poll]    -> read  st2mot    
13:41:15.933  DEBUG   [poll]    <- read  st2mot     ret=0  data=['0x00', '0x00']
13:41:15.933  DEBUG   [poll]    -> read  st0cur    
13:41:15.937  DEBUG   [poll]    <- read  st0cur     ret=0  data=['0xfe', '0x01', '0x02', '0x02']
13:41:16.939  DEBUG   [poll]    -> read  st2mot    
13:41:16.942  DEBUG   [poll]    <- read  st2mot     ret=0  data=['0x00', '0x00']
13:41:16.943  DEBUG   [poll]    -> read  st0cur    
13:41:16.947  DEBUG   [poll]    <- read  st0cur     ret=0  data=['0xfd', '0x01', '0x02', '0x02']
13:41:17.948  DEBUG   [poll]    -> read  st2mot    
13:41:17.952  DEBUG   [poll]    <- read  st2mot     ret=0  data=['0x00', '0x00']
13:41:17.952  DEBUG   [poll]    -> read  st0cur    
13:41:17.956  DEBUG   [poll]    <- read  st0cur     ret=0  data=['0xfd', '0x01', '0x01', '0x02']
13:41:18.958  DEBUG   [poll]    -> read  st2mot    
13:41:18.961  DEBUG   [poll]    <- read  st2mot     ret=0  data=['0x00', '0x00']
13:41:18.962  DEBUG   [poll]    -> read  st0cur    
13:41:18.966  DEBUG   [poll]    <- read  st0cur     ret=0  data=['0xfe', '0x01', '0x01', '0x02']
13:41:19.968  DEBUG   [poll]    -> read  st2mot    
13:41:19.971  DEBUG   [poll]    <- read  st2mot     ret=0  data=['0x00', '0x00']
13:41:19.971  DEBUG   [poll]    -> read  st0cur    
13:41:19.976  DEBUG   [poll]    <- read  st0cur     ret=0  data=['0xfe', '0x01', '0x01', '0x02']
13:41:20.977  DEBUG   [poll]    -> read  st2mot    
13:41:20.981  DEBUG   [poll]    <- read  st2mot     ret=0  data=['0x00', '0x00']
13:41:20.981  DEBUG   [poll]    -> read  st0cur    
13:41:20.985  DEBUG   [poll]    <- read  st0cur     ret=0  data=['0xfe', '0x01', '0x01', '0x02']
13:41:21.987  DEBUG   [poll]    -> read  st2mot    
13:41:21.990  DEBUG   [poll]    <- read  st2mot     ret=0  data=['0x00', '0x00']
13:41:21.991  DEBUG   [poll]    -> read  st0cur    
13:41:21.995  DEBUG   [poll]    <- read  st0cur     ret=0  data=['0xfe', '0x01', '0x01', '0x02']
13:41:22.996  DEBUG   [poll]    -> read  st2mot    
13:41:23.000  DEBUG   [poll]    <- read  st2mot     ret=0  data=['0x00', '0x00']
13:41:23.000  DEBUG   [poll]    -> read  st0cur    
13:41:23.004  DEBUG   [poll]    <- read  st0cur     ret=0  data=['0xfe', '0x01', '0x01', '0x02']
13:41:24.006  DEBUG   [poll]    -> read  st2mot    
13:41:24.009  DEBUG   [poll]    <- read  st2mot     ret=0  data=['0x00', '0x00']
13:41:24.010  DEBUG   [poll]    -> read  st0cur    
13:41:24.014  DEBUG   [poll]    <- read  st0cur     ret=0  data=['0xfe', '0x01', '0x01', '0x02']
13:41:25.016  DEBUG   [poll]    -> read  st2mot    
13:41:25.019  DEBUG   [poll]    <- read  st2mot     ret=0  data=['0x00', '0x00']
13:41:25.019  DEBUG   [poll]    -> read  st0cur    
13:41:25.024  DEBUG   [poll]    <- read  st0cur     ret=0  data=['0xfe', '0x01', '0x01', '0x02']
13:41:26.025  DEBUG   [poll]    -> read  st2mot    
13:41:26.028  DEBUG   [poll]    <- read  st2mot     ret=0  data=['0x00', '0x00']
13:41:26.029  DEBUG   [poll]    -> read  st0cur    
13:41:26.033  DEBUG   [poll]    <- read  st0cur     ret=0  data=['0xfd', '0x01', '0x01', '0x02']
13:41:27.034  DEBUG   [poll]    -> read  st2mot    
13:41:27.038  DEBUG   [poll]    <- read  st2mot     ret=0  data=['0x00', '0x00']
13:41:27.038  DEBUG   [poll]    -> read  st0cur    
13:41:27.043  DEBUG   [poll]    <- read  st0cur     ret=0  data=['0xfe', '0x01', '0x02', '0x02']
13:41:28.044  DEBUG   [poll]    -> read  st2mot    
13:41:28.047  DEBUG   [poll]    <- read  st2mot     ret=0  data=['0x00', '0x00']
13:41:28.048  DEBUG   [poll]    -> read  st0cur    
13:41:28.052  DEBUG   [poll]    <- read  st0cur     ret=0  data=['0xfe', '0x01', '0x02', '0x02']
13:41:29.053  DEBUG   [poll]    -> read  st2mot    
13:41:29.057  DEBUG   [poll]    <- read  st2mot     ret=0  data=['0x00', '0x00']
13:41:29.057  DEBUG   [poll]    -> read  st0cur    
13:41:29.062  DEBUG   [poll]    <- read  st0cur     ret=0  data=['0xfd', '0x01', '0x01', '0x02']
13:41:30.063  DEBUG   [poll]    -> read  st2mot    
13:41:30.067  DEBUG   [poll]    <- read  st2mot     ret=0  data=['0x00', '0x00']
13:41:30.067  DEBUG   [poll]    -> read  st0cur    
13:41:30.071  DEBUG   [poll]    <- read  st0cur     ret=0  data=['0xfe', '0x01', '0x01', '0x02']
13:41:31.073  DEBUG   [poll]    -> read  st2mot    
13:41:31.076  DEBUG   [poll]    <- read  st2mot     ret=0  data=['0x00', '0x00']
13:41:31.076  DEBUG   [poll]    -> read  st0cur    
13:41:31.081  DEBUG   [poll]    <- read  st0cur     ret=0  data=['0xfe', '0x01', '0x01', '0x02']
13:41:32.082  DEBUG   [poll]    -> read  st2mot    
13:41:32.086  DEBUG   [poll]    <- read  st2mot     ret=0  data=['0x00', '0x00']
13:41:32.086  DEBUG   [poll]    -> read  st0cur    
13:41:32.090  DEBUG   [poll]    <- read  st0cur     ret=0  data=['0xfe', '0x01', '0x01', '0x02']
13:41:33.092  DEBUG   [poll]    -> read  st2mot    
13:41:33.095  DEBUG   [poll]    <- read  st2mot     ret=0  data=['0x00', '0x00']
13:41:33.095  DEBUG   [poll]    -> read  st0cur    
13:41:33.099  DEBUG   [poll]    <- read  st0cur     ret=0  data=['0xfe', '0x01', '0x01', '0x02']
13:41:34.101  DEBUG   [poll]    -> read  st2mot    
13:41:34.104  DEBUG   [poll]    <- read  st2mot     ret=0  data=['0x00', '0x00']
13:41:34.105  DEBUG   [poll]    -> read  st0cur    
13:41:34.109  DEBUG   [poll]    <- read  st0cur     ret=0  data=['0xfe', '0x01', '0x01', '0x02']
13:41:35.111  DEBUG   [poll]    -> read  st2mot    
13:41:35.114  DEBUG   [poll]    <- read  st2mot     ret=0  data=['0x00', '0x00']
13:41:35.114  DEBUG   [poll]    -> read  st0cur    
13:41:35.118  DEBUG   [poll]    <- read  st0cur     ret=0  data=['0xfe', '0x01', '0x01', '0x02']
13:41:36.120  DEBUG   [poll]    -> read  st2mot    
13:41:36.123  DEBUG   [poll]    <- read  st2mot     ret=0  data=['0x00', '0x00']
13:41:36.124  DEBUG   [poll]    -> read  st0cur    
13:41:36.128  DEBUG   [poll]    <- read  st0cur     ret=0  data=['0xfe', '0x01', '0x01', '0x02']
13:41:37.129  DEBUG   [poll]    -> read  st2mot    
13:41:37.133  DEBUG   [poll]    <- read  st2mot     ret=0  data=['0x00', '0x00']
13:41:37.133  DEBUG   [poll]    -> read  st0cur    
13:41:37.137  DEBUG   [poll]    <- read  st0cur     ret=0  data=['0xfe', '0x01', '0x01', '0x02']
13:41:38.139  DEBUG   [poll]    -> read  st2mot    
13:41:38.142  DEBUG   [poll]    <- read  st2mot     ret=0  data=['0x00', '0x00']
13:41:38.142  DEBUG   [poll]    -> read  st0cur    
13:41:38.147  DEBUG   [poll]    <- read  st0cur     ret=0  data=['0xfe', '0x01', '0x01', '0x02']
13:41:39.148  DEBUG   [poll]    -> read  st2mot    
13:41:39.151  DEBUG   [poll]    <- read  st2mot     ret=0  data=['0x00', '0x00']
13:41:39.152  DEBUG   [poll]    -> read  st0cur    
13:41:39.156  DEBUG   [poll]    <- read  st0cur     ret=0  data=['0xfe', '0x01', '0x01', '0x02']
13:41:40.158  DEBUG   [poll]    -> read  st2mot    
13:41:40.161  DEBUG   [poll]    <- read  st2mot     ret=0  data=['0x00', '0x00']
13:41:40.161  DEBUG   [poll]    -> read  st0cur    
13:41:40.165  DEBUG   [poll]    <- read  st0cur     ret=0  data=['0xfe', '0x01', '0x01', '0x02']
13:41:40.393  INFO    client connected
13:41:40.394  DEBUG   [client]  -> write cntl0mot   data=['0xf6', '0xfa']
13:41:40.398  DEBUG   [client]  -> write cntl3mot   data=['0x00', '0x00']
13:41:40.401  DEBUG   [client]  -> write cntl3mot   data=['0x03', '0xe8']
13:41:40.405  DEBUG   [client]  -> read  st2mot    
13:41:40.408  DEBUG   [client]  <- read  st2mot     ret=0  data=['0x00', '0x00']
13:41:40.409  DEBUG   [client]  -> read  st0cur    
13:41:40.413  DEBUG   [client]  <- read  st0cur     ret=0  data=['0xfe', '0x01', '0x01', '0x02']
13:41:40.605  DEBUG   [client]  -> read  st2mot    
13:41:40.608  DEBUG   [client]  <- read  st2mot     ret=0  data=['0x00', '0x00']
13:41:40.805  DEBUG   [client]  -> read  st2mot    
13:41:40.808  DEBUG   [client]  <- read  st2mot     ret=0  data=['0x00', '0x00']
13:41:41.006  DEBUG   [client]  -> read  st2mot    
13:41:41.009  DEBUG   [client]  <- read  st2mot     ret=0  data=['0xaf', '0x00']
13:41:41.167  DEBUG   [poll]    -> read  st2mot    
13:41:41.170  DEBUG   [poll]    <- read  st2mot     ret=0  data=['0x4c', '0x04']
13:41:41.170  DEBUG   [poll]    -> read  st0cur    
13:41:41.175  DEBUG   [poll]    <- read  st0cur     ret=0  data=['0xfb', '0x01', '0xff', '0x01']
13:41:41.206  DEBUG   [client]  -> read  st2mot    
13:41:41.209  DEBUG   [client]  <- read  st2mot     ret=0  data=['0x4c', '0x04']
13:41:41.406  DEBUG   [client]  -> read  st2mot    
13:41:41.409  DEBUG   [client]  <- read  st2mot     ret=0  data=['0x14', '0x05']
13:41:41.411  DEBUG   [client]  -> read  st0cur    
13:41:41.415  DEBUG   [client]  <- read  st0cur     ret=0  data=['0xfb', '0x01', '0xff', '0x01']
13:41:41.606  DEBUG   [client]  -> read  st2mot    
13:41:41.609  DEBUG   [client]  <- read  st2mot     ret=0  data=['0xc9', '0x04']
13:41:41.806  DEBUG   [client]  -> read  st2mot    
13:41:41.809  DEBUG   [client]  <- read  st2mot     ret=0  data=['0x4c', '0x04']
13:41:42.006  DEBUG   [client]  -> read  st2mot    
13:41:42.009  DEBUG   [client]  <- read  st2mot     ret=0  data=['0xe8', '0x03']
13:41:42.176  DEBUG   [poll]    -> read  st2mot    
13:41:42.180  DEBUG   [poll]    <- read  st2mot     ret=0  data=['0xe8', '0x03']
13:41:42.180  DEBUG   [poll]    -> read  st0cur    
13:41:42.184  DEBUG   [poll]    <- read  st0cur     ret=0  data=['0xf5', '0x01', '0xf4', '0x01']
13:41:42.206  DEBUG   [client]  -> read  st2mot    
13:41:42.209  DEBUG   [client]  <- read  st2mot     ret=0  data=['0xe8', '0x03']
13:41:42.406  DEBUG   [client]  -> read  st2mot    
13:41:42.409  DEBUG   [client]  <- read  st2mot     ret=0  data=['0xcf', '0x03']
13:41:42.411  DEBUG   [client]  -> read  st0cur    
13:41:42.415  DEBUG   [client]  <- read  st0cur     ret=0  data=['0xf5', '0x01', '0xf4', '0x01']
13:41:42.606  DEBUG   [client]  -> read  st2mot    
13:41:42.609  DEBUG   [client]  <- read  st2mot     ret=0  data=['0xe8', '0x03']
13:41:42.806  DEBUG   [client]  -> read  st2mot    
13:41:42.809  DEBUG   [client]  <- read  st2mot     ret=0  data=['0xe8', '0x03']
13:41:43.006  DEBUG   [client]  -> read  st2mot    
13:41:43.009  DEBUG   [client]  <- read  st2mot     ret=0  data=['0xe8', '0x03']
13:41:43.186  DEBUG   [poll]    -> read  st2mot    
13:41:43.189  DEBUG   [poll]    <- read  st2mot     ret=0  data=['0x01', '0x04']
13:41:43.190  DEBUG   [poll]    -> read  st0cur    
13:41:43.194  DEBUG   [poll]    <- read  st0cur     ret=0  data=['0xf6', '0x01', '0xf7', '0x01']
13:41:43.206  DEBUG   [client]  -> read  st2mot    
13:41:43.209  DEBUG   [client]  <- read  st2mot     ret=0  data=['0xe8', '0x03']
13:41:43.406  DEBUG   [client]  -> read  st2mot    
13:41:43.409  DEBUG   [client]  <- read  st2mot     ret=0  data=['0xe8', '0x03']
13:41:43.411  DEBUG   [client]  -> read  st0cur    
13:41:43.415  DEBUG   [client]  <- read  st0cur     ret=0  data=['0xf6', '0x01', '0xf7', '0x01']
13:41:43.606  DEBUG   [client]  -> read  st2mot    
13:41:43.609  DEBUG   [client]  <- read  st2mot     ret=0  data=['0xe8', '0x03']
13:41:43.806  DEBUG   [client]  -> read  st2mot    
13:41:43.809  DEBUG   [client]  <- read  st2mot     ret=0  data=['0xe8', '0x03']
13:41:44.006  DEBUG   [client]  -> read  st2mot    
13:41:44.009  DEBUG   [client]  <- read  st2mot     ret=0  data=['0xe8', '0x03']
13:41:44.196  DEBUG   [poll]    -> read  st2mot    
13:41:44.199  DEBUG   [poll]    <- read  st2mot     ret=0  data=['0x01', '0x04']
13:41:44.200  DEBUG   [poll]    -> read  st0cur    
13:41:44.205  DEBUG   [poll]    <- read  st0cur     ret=0  data=['0xf5', '0x01', '0xf7', '0x01']
13:41:44.206  DEBUG   [client]  -> read  st2mot    
13:41:44.210  DEBUG   [client]  <- read  st2mot     ret=0  data=['0xe8', '0x03']
13:41:44.406  DEBUG   [client]  -> read  st2mot    
13:41:44.409  DEBUG   [client]  <- read  st2mot     ret=0  data=['0xe8', '0x03']
13:41:44.411  DEBUG   [client]  -> read  st0cur    
13:41:44.415  DEBUG   [client]  <- read  st0cur     ret=0  data=['0xf5', '0x01', '0xf7', '0x01']
13:41:44.606  DEBUG   [client]  -> read  st2mot    
13:41:44.609  DEBUG   [client]  <- read  st2mot     ret=0  data=['0xcf', '0x03']
13:41:44.806  DEBUG   [client]  -> read  st2mot    
13:41:44.809  DEBUG   [client]  <- read  st2mot     ret=0  data=['0xe8', '0x03']
13:41:45.006  DEBUG   [client]  -> read  st2mot    
13:41:45.009  DEBUG   [client]  <- read  st2mot     ret=0  data=['0xe8', '0x03']
13:41:45.206  DEBUG   [client]  -> read  st2mot    
13:41:45.209  DEBUG   [client]  <- read  st2mot     ret=0  data=['0xe8', '0x03']
13:41:45.210  DEBUG   [poll]    -> read  st2mot    
13:41:45.214  DEBUG   [poll]    <- read  st2mot     ret=0  data=['0xe8', '0x03']
13:41:45.214  DEBUG   [poll]    -> read  st0cur    
13:41:45.218  DEBUG   [poll]    <- read  st0cur     ret=0  data=['0xf6', '0x01', '0xf7', '0x01']
13:41:45.406  DEBUG   [client]  -> read  st2mot    
13:41:45.409  DEBUG   [client]  <- read  st2mot     ret=0  data=['0xe8', '0x03']
13:41:45.411  DEBUG   [client]  -> read  st0cur    
13:41:45.415  DEBUG   [client]  <- read  st0cur     ret=0  data=['0xf6', '0x01', '0xf7', '0x01']
13:41:45.606  DEBUG   [client]  -> read  st2mot    
13:41:45.609  DEBUG   [client]  <- read  st2mot     ret=0  data=['0x01', '0x04']
13:41:45.806  DEBUG   [client]  -> read  st2mot    
13:41:45.809  DEBUG   [client]  <- read  st2mot     ret=0  data=['0xcf', '0x03']
13:41:46.006  DEBUG   [client]  -> read  st2mot    
13:41:46.009  DEBUG   [client]  <- read  st2mot     ret=0  data=['0xcf', '0x03']
13:41:46.206  DEBUG   [client]  -> read  st2mot    
13:41:46.209  DEBUG   [client]  <- read  st2mot     ret=0  data=['0x01', '0x04']
13:41:46.220  DEBUG   [poll]    -> read  st2mot    
13:41:46.223  DEBUG   [poll]    <- read  st2mot     ret=0  data=['0x01', '0x04']
13:41:46.224  DEBUG   [poll]    -> read  st0cur    
13:41:46.228  DEBUG   [poll]    <- read  st0cur     ret=0  data=['0xf6', '0x01', '0xf6', '0x01']
13:41:46.406  DEBUG   [client]  -> read  st2mot    
13:41:46.409  DEBUG   [client]  <- read  st2mot     ret=0  data=['0xcf', '0x03']
13:41:46.410  DEBUG   [client]  -> read  st0cur    
13:41:46.415  DEBUG   [client]  <- read  st0cur     ret=0  data=['0xf6', '0x01', '0xf6', '0x01']
13:41:46.606  DEBUG   [client]  -> read  st2mot    
13:41:46.609  DEBUG   [client]  <- read  st2mot     ret=0  data=['0xe8', '0x03']
13:41:46.806  DEBUG   [client]  -> read  st2mot    
13:41:46.809  DEBUG   [client]  <- read  st2mot     ret=0  data=['0x01', '0x04']
13:41:47.006  DEBUG   [client]  -> read  st2mot    
13:41:47.009  DEBUG   [client]  <- read  st2mot     ret=0  data=['0xe8', '0x03']
13:41:47.206  DEBUG   [client]  -> read  st2mot    
13:41:47.209  DEBUG   [client]  <- read  st2mot     ret=0  data=['0xe8', '0x03']
13:41:47.211  DEBUG   [client]  -> write cntl3mot   data=['0x03', '0x20']
13:41:47.229  DEBUG   [poll]    -> read  st2mot    
13:41:47.233  DEBUG   [poll]    <- read  st2mot     ret=0  data=['0xe8', '0x03']
13:41:47.233  DEBUG   [poll]    -> read  st0cur    
13:41:47.238  DEBUG   [poll]    <- read  st0cur     ret=0  data=['0xf6', '0x01', '0xf7', '0x01']
13:41:47.466  DEBUG   [client]  -> write cntl3mot   data=['0x02', '0x58']
13:41:47.722  DEBUG   [client]  -> write cntl3mot   data=['0x01', '0x90']
13:41:47.978  DEBUG   [client]  -> write cntl3mot   data=['0x00', '0xc8']
13:41:48.234  DEBUG   [client]  -> write cntl3mot   data=['0x00', '0x00']
13:41:48.239  WARNING client disconnected — stopping motor
13:41:48.240  DEBUG   [client]  -> write cntl3mot   data=['0x00', '0x00']
13:41:48.249  INFO    client disconnected
13:41:48.250  DEBUG   [poll]    -> read  st2mot    
13:41:48.254  DEBUG   [poll]    <- read  st2mot     ret=0  data=['0x13', '0x01']
13:41:48.255  DEBUG   [poll]    -> read  st0cur    
13:41:48.260  DEBUG   [poll]    <- read  st0cur     ret=0  data=['0xf6', '0x01', '0xf9', '0x01']
13:41:49.262  DEBUG   [poll]    -> read  st2mot    
13:41:49.265  DEBUG   [poll]    <- read  st2mot     ret=0  data=['0x00', '0x00']
13:41:49.266  DEBUG   [poll]    -> read  st0cur    
13:41:49.271  DEBUG   [poll]    <- read  st0cur     ret=0  data=['0xfc', '0x01', '0xff', '0x01']
13:41:49.271  WARNING *** OBSERVED STALL SIGNATURE (not acted on yet) — current=-0.20A while rpm=0 ***
13:41:50.273  DEBUG   [poll]    -> read  st2mot    
13:41:50.276  DEBUG   [poll]    <- read  st2mot     ret=0  data=['0x00', '0x00']
13:41:50.276  DEBUG   [poll]    -> read  st0cur    
13:41:50.281  DEBUG   [poll]    <- read  st0cur     ret=0  data=['0xfd', '0x01', '0x01', '0x02']
13:41:51.282  DEBUG   [poll]    -> read  st2mot    
13:41:51.285  DEBUG   [poll]    <- read  st2mot     ret=0  data=['0x00', '0x00']
13:41:51.286  DEBUG   [poll]    -> read  st0cur    
13:41:51.290  DEBUG   [poll]    <- read  st0cur     ret=0  data=['0xfe', '0x01', '0x01', '0x02']
13:41:52.292  DEBUG   [poll]    -> read  st2mot    
13:41:52.295  DEBUG   [poll]    <- read  st2mot     ret=0  data=['0x00', '0x00']
13:41:52.296  DEBUG   [poll]    -> read  st0cur    
13:41:52.300  DEBUG   [poll]    <- read  st0cur     ret=0  data=['0xfe', '0x01', '0x01', '0x02']
13:41:53.301  DEBUG   [poll]    -> read  st2mot    
13:41:53.305  DEBUG   [poll]    <- read  st2mot     ret=0  data=['0x00', '0x00']
13:41:53.305  DEBUG   [poll]    -> read  st0cur    
13:41:53.310  DEBUG   [poll]    <- read  st0cur     ret=0  data=['0xfe', '0x01', '0x01', '0x02']
13:41:54.311  DEBUG   [poll]    -> read  st2mot    
13:41:54.314  DEBUG   [poll]    <- read  st2mot     ret=0  data=['0x00', '0x00']
13:41:54.316  DEBUG   [poll]    -> read  st0cur    
13:41:54.320  DEBUG   [poll]    <- read  st0cur     ret=0  data=['0xfe', '0x01', '0x01', '0x02']
13:41:55.321  DEBUG   [poll]    -> read  st2mot    
13:41:55.325  DEBUG   [poll]    <- read  st2mot     ret=0  data=['0x00', '0x00']
13:41:55.325  DEBUG   [poll]    -> read  st0cur    
13:41:55.329  DEBUG   [poll]    <- read  st0cur     ret=0  data=['0xfe', '0x01', '0x02', '0x02']
13:41:56.331  DEBUG   [poll]    -> read  st2mot    
13:41:56.334  DEBUG   [poll]    <- read  st2mot     ret=0  data=['0x00', '0x00']
13:41:56.335  DEBUG   [poll]    -> read  st0cur    
13:41:56.339  DEBUG   [poll]    <- read  st0cur     ret=0  data=['0xfe', '0x01', '0x01', '0x02']
13:41:57.341  DEBUG   [poll]    -> read  st2mot    
13:41:57.344  DEBUG   [poll]    <- read  st2mot     ret=0  data=['0x00', '0x00']
13:41:57.344  DEBUG   [poll]    -> read  st0cur    
13:41:57.349  DEBUG   [poll]    <- read  st0cur     ret=0  data=['0xfe', '0x01', '0x01', '0x02']
13:41:58.350  DEBUG   [poll]    -> read  st2mot    
13:41:58.354  DEBUG   [poll]    <- read  st2mot     ret=0  data=['0x00', '0x00']
13:41:58.354  DEBUG   [poll]    -> read  st0cur    
13:41:58.358  DEBUG   [poll]    <- read  st0cur     ret=0  data=['0xfe', '0x01', '0x01', '0x02']
13:41:59.360  DEBUG   [poll]    -> read  st2mot    
13:41:59.363  DEBUG   [poll]    <- read  st2mot     ret=0  data=['0x00', '0x00']
13:41:59.364  DEBUG   [poll]    -> read  st0cur    
13:41:59.368  DEBUG   [poll]    <- read  st0cur     ret=0  data=['0xfe', '0x01', '0x01', '0x02']
13:42:00.370  DEBUG   [poll]    -> read  st2mot    
13:42:00.373  DEBUG   [poll]    <- read  st2mot     ret=0  data=['0x00', '0x00']
13:42:00.373  DEBUG   [poll]    -> read  st0cur    
13:42:00.378  DEBUG   [poll]    <- read  st0cur     ret=0  data=['0xfe', '0x01', '0x01', '0x02']
13:42:01.379  DEBUG   [poll]    -> read  st2mot    
13:42:01.383  DEBUG   [poll]    <- read  st2mot     ret=0  data=['0x00', '0x00']
13:42:01.383  DEBUG   [poll]    -> read  st0cur    
13:42:01.387  DEBUG   [poll]    <- read  st0cur     ret=0  data=['0xfe', '0x01', '0x01', '0x02']
13:42:02.389  DEBUG   [poll]    -> read  st2mot    
13:42:02.392  DEBUG   [poll]    <- read  st2mot     ret=0  data=['0x00', '0x00']
13:42:02.392  DEBUG   [poll]    -> read  st0cur    
13:42:02.397  DEBUG   [poll]    <- read  st0cur     ret=0  data=['0xfe', '0x01', '0x01', '0x02']
13:42:03.398  DEBUG   [poll]    -> read  st2mot    
13:42:03.401  DEBUG   [poll]    <- read  st2mot     ret=0  data=['0x00', '0x00']
13:42:03.402  DEBUG   [poll]    -> read  st0cur    
13:42:03.406  DEBUG   [poll]    <- read  st0cur     ret=0  data=['0xfe', '0x01', '0x01', '0x02']
13:42:04.407  DEBUG   [poll]    -> read  st2mot    
13:42:04.411  DEBUG   [poll]    <- read  st2mot     ret=0  data=['0x00', '0x00']
13:42:04.411  DEBUG   [poll]    -> read  st0cur    
13:42:04.416  DEBUG   [poll]    <- read  st0cur     ret=0  data=['0xfe', '0x01', '0x01', '0x02']
13:42:05.417  DEBUG   [poll]    -> read  st2mot    
13:42:05.420  DEBUG   [poll]    <- read  st2mot     ret=0  data=['0x00', '0x00']
13:42:05.421  DEBUG   [poll]    -> read  st0cur    
13:42:05.425  DEBUG   [poll]    <- read  st0cur     ret=0  data=['0xfe', '0x01', '0x01', '0x02']
13:42:06.426  DEBUG   [poll]    -> read  st2mot    
13:42:06.430  DEBUG   [poll]    <- read  st2mot     ret=0  data=['0x00', '0x00']
13:42:06.430  DEBUG   [poll]    -> read  st0cur    
13:42:06.434  DEBUG   [poll]    <- read  st0cur     ret=0  data=['0xfe', '0x01', '0x01', '0x02']
13:42:07.436  DEBUG   [poll]    -> read  st2mot    
13:42:07.439  DEBUG   [poll]    <- read  st2mot     ret=0  data=['0x00', '0x00']
13:42:07.440  DEBUG   [poll]    -> read  st0cur    
13:42:07.444  DEBUG   [poll]    <- read  st0cur     ret=0  data=['0xfe', '0x01', '0x01', '0x02']
13:42:08.445  DEBUG   [poll]    -> read  st2mot    
13:42:08.448  DEBUG   [poll]    <- read  st2mot     ret=0  data=['0x00', '0x00']
13:42:08.449  DEBUG   [poll]    -> read  st0cur    
13:42:08.453  DEBUG   [poll]    <- read  st0cur     ret=0  data=['0xfe', '0x01', '0x01', '0x02']
13:42:09.455  DEBUG   [poll]    -> read  st2mot    
13:42:09.458  DEBUG   [poll]    <- read  st2mot     ret=0  data=['0x00', '0x00']
13:42:09.459  DEBUG   [poll]    -> read  st0cur    
13:42:09.463  DEBUG   [poll]    <- read  st0cur     ret=0  data=['0xfe', '0x01', '0x01', '0x02']
13:42:10.464  DEBUG   [poll]    -> read  st2mot    
13:42:10.468  DEBUG   [poll]    <- read  st2mot     ret=0  data=['0x00', '0x00']
13:42:10.468  DEBUG   [poll]    -> read  st0cur    
13:42:10.472  DEBUG   [poll]    <- read  st0cur     ret=0  data=['0xfe', '0x01', '0x02', '0x02']
13:42:11.474  DEBUG   [poll]    -> read  st2mot    
13:42:11.477  DEBUG   [poll]    <- read  st2mot     ret=0  data=['0x00', '0x00']
13:42:11.477  DEBUG   [poll]    -> read  st0cur    
13:42:11.482  DEBUG   [poll]    <- read  st0cur     ret=0  data=['0xfe', '0x01', '0x01', '0x02']
13:42:12.483  DEBUG   [poll]    -> read  st2mot    
13:42:12.486  DEBUG   [poll]    <- read  st2mot     ret=0  data=['0x00', '0x00']
13:42:12.487  DEBUG   [poll]    -> read  st0cur    
13:42:12.491  DEBUG   [poll]    <- read  st0cur     ret=0  data=['0xfe', '0x01', '0x01', '0x02']
13:42:13.493  DEBUG   [poll]    -> read  st2mot    
13:42:13.496  DEBUG   [poll]    <- read  st2mot     ret=0  data=['0x00', '0x00']
13:42:13.496  DEBUG   [poll]    -> read  st0cur    
13:42:13.500  DEBUG   [poll]    <- read  st0cur     ret=0  data=['0xfe', '0x01', '0x01', '0x02']
13:42:14.502  DEBUG   [poll]    -> read  st2mot    
13:42:14.505  DEBUG   [poll]    <- read  st2mot     ret=0  data=['0x00', '0x00']
13:42:14.506  DEBUG   [poll]    -> read  st0cur    
13:42:14.510  DEBUG   [poll]    <- read  st0cur     ret=0  data=['0xfe', '0x01', '0x01', '0x02']
13:42:15.512  DEBUG   [poll]    -> read  st2mot    
13:42:15.515  DEBUG   [poll]    <- read  st2mot     ret=0  data=['0x00', '0x00']
13:42:15.515  DEBUG   [poll]    -> read  st0cur    
13:42:15.520  DEBUG   [poll]    <- read  st0cur     ret=0  data=['0xfe', '0x01', '0x01', '0x02']
13:42:16.521  DEBUG   [poll]    -> read  st2mot    
13:42:16.524  DEBUG   [poll]    <- read  st2mot     ret=0  data=['0x00', '0x00']
13:42:16.525  DEBUG   [poll]    -> read  st0cur    
13:42:16.529  DEBUG   [poll]    <- read  st0cur     ret=0  data=['0xfd', '0x01', '0x01', '0x02']
13:42:17.531  DEBUG   [poll]    -> read  st2mot    
13:42:17.534  DEBUG   [poll]    <- read  st2mot     ret=0  data=['0x00', '0x00']
13:42:17.534  DEBUG   [poll]    -> read  st0cur    
13:42:17.539  DEBUG   [poll]    <- read  st0cur     ret=0  data=['0xfe', '0x01', '0x01', '0x02']
13:42:18.540  DEBUG   [poll]    -> read  st2mot    
13:42:18.543  DEBUG   [poll]    <- read  st2mot     ret=0  data=['0x00', '0x00']
13:42:18.544  DEBUG   [poll]    -> read  st0cur    
13:42:18.548  DEBUG   [poll]    <- read  st0cur     ret=0  data=['0xfe', '0x01', '0x01', '0x02']
13:42:19.549  DEBUG   [poll]    -> read  st2mot    
13:42:19.553  DEBUG   [poll]    <- read  st2mot     ret=0  data=['0x00', '0x00']
13:42:19.553  DEBUG   [poll]    -> read  st0cur    
13:42:19.558  DEBUG   [poll]    <- read  st0cur     ret=0  data=['0xfe', '0x01', '0x01', '0x02']
13:42:20.559  DEBUG   [poll]    -> read  st2mot    
13:42:20.563  DEBUG   [poll]    <- read  st2mot     ret=0  data=['0x00', '0x00']
13:42:20.563  DEBUG   [poll]    -> read  st0cur    
13:42:20.567  DEBUG   [poll]    <- read  st0cur     ret=0  data=['0xfe', '0x01', '0x01', '0x02']
13:42:21.569  DEBUG   [poll]    -> read  st2mot    
13:42:21.572  DEBUG   [poll]    <- read  st2mot     ret=0  data=['0x00', '0x00']
13:42:21.572  DEBUG   [poll]    -> read  st0cur    
13:42:21.577  DEBUG   [poll]    <- read  st0cur     ret=0  data=['0xfe', '0x01', '0x01', '0x02']
13:42:22.578  DEBUG   [poll]    -> read  st2mot    
13:42:22.581  DEBUG   [poll]    <- read  st2mot     ret=0  data=['0x00', '0x00']
13:42:22.582  DEBUG   [poll]    -> read  st0cur    
13:42:22.586  DEBUG   [poll]    <- read  st0cur     ret=0  data=['0xfe', '0x01', '0x01', '0x02']
13:42:23.587  DEBUG   [poll]    -> read  st2mot    
13:42:23.591  DEBUG   [poll]    <- read  st2mot     ret=0  data=['0x00', '0x00']
13:42:23.591  DEBUG   [poll]    -> read  st0cur    
13:42:23.595  DEBUG   [poll]    <- read  st0cur     ret=0  data=['0xfe', '0x01', '0x01', '0x02']
13:42:24.597  DEBUG   [poll]    -> read  st2mot    
13:42:24.600  DEBUG   [poll]    <- read  st2mot     ret=0  data=['0x00', '0x00']
13:42:24.601  DEBUG   [poll]    -> read  st0cur    
13:42:24.605  DEBUG   [poll]    <- read  st0cur     ret=0  data=['0xfe', '0x01', '0x01', '0x02']
13:42:25.606  DEBUG   [poll]    -> read  st2mot    
13:42:25.610  DEBUG   [poll]    <- read  st2mot     ret=0  data=['0x00', '0x00']
13:42:25.610  DEBUG   [poll]    -> read  st0cur    
13:42:25.614  DEBUG   [poll]    <- read  st0cur     ret=0  data=['0xfe', '0x01', '0x01', '0x02']
13:42:26.616  DEBUG   [poll]    -> read  st2mot    
13:42:26.619  DEBUG   [poll]    <- read  st2mot     ret=0  data=['0x00', '0x00']
13:42:26.620  DEBUG   [poll]    -> read  st0cur    
13:42:26.624  DEBUG   [poll]    <- read  st0cur     ret=0  data=['0xfe', '0x01', '0x02', '0x02']
13:42:27.625  DEBUG   [poll]    -> read  st2mot    
13:42:27.629  DEBUG   [poll]    <- read  st2mot     ret=0  data=['0x00', '0x00']
13:42:27.629  DEBUG   [poll]    -> read  st0cur    
13:42:27.633  DEBUG   [poll]    <- read  st0cur     ret=0  data=['0xfe', '0x01', '0x01', '0x02']
13:42:28.635  DEBUG   [poll]    -> read  st2mot    
13:42:28.638  DEBUG   [poll]    <- read  st2mot     ret=0  data=['0x00', '0x00']
13:42:28.638  DEBUG   [poll]    -> read  st0cur    
13:42:28.643  DEBUG   [poll]    <- read  st0cur     ret=0  data=['0xfe', '0x01', '0x01', '0x02']
13:42:29.644  DEBUG   [poll]    -> read  st2mot    
13:42:29.648  DEBUG   [poll]    <- read  st2mot     ret=0  data=['0x00', '0x00']
13:42:29.648  DEBUG   [poll]    -> read  st0cur    
13:42:29.653  DEBUG   [poll]    <- read  st0cur     ret=0  data=['0xfe', '0x01', '0x02', '0x02']
13:42:30.654  DEBUG   [poll]    -> read  st2mot    
13:42:30.657  DEBUG   [poll]    <- read  st2mot     ret=0  data=['0x00', '0x00']
13:42:30.658  DEBUG   [poll]    -> read  st0cur    
13:42:30.662  DEBUG   [poll]    <- read  st0cur     ret=0  data=['0xfe', '0x01', '0x01', '0x02']
13:42:31.663  DEBUG   [poll]    -> read  st2mot    
13:42:31.667  DEBUG   [poll]    <- read  st2mot     ret=0  data=['0x00', '0x00']
13:42:31.667  DEBUG   [poll]    -> read  st0cur    
13:42:31.672  DEBUG   [poll]    <- read  st0cur     ret=0  data=['0xfe', '0x01', '0x01', '0x02']
13:42:32.673  DEBUG   [poll]    -> read  st2mot    
13:42:32.676  DEBUG   [poll]    <- read  st2mot     ret=0  data=['0x00', '0x00']
13:42:32.677  DEBUG   [poll]    -> read  st0cur    
13:42:32.681  DEBUG   [poll]    <- read  st0cur     ret=0  data=['0xfd', '0x01', '0x02', '0x02']
13:42:33.683  DEBUG   [poll]    -> read  st2mot    
13:42:33.686  DEBUG   [poll]    <- read  st2mot     ret=0  data=['0x00', '0x00']
13:42:33.686  DEBUG   [poll]    -> read  st0cur    
13:42:33.691  DEBUG   [poll]    <- read  st0cur     ret=0  data=['0xfe', '0x01', '0x01', '0x02']
13:42:34.692  DEBUG   [poll]    -> read  st2mot    
13:42:34.695  DEBUG   [poll]    <- read  st2mot     ret=0  data=['0x00', '0x00']
13:42:34.698  DEBUG   [poll]    -> read  st0cur    
13:42:34.702  DEBUG   [poll]    <- read  st0cur     ret=0  data=['0xfe', '0x01', '0x01', '0x02']
13:42:35.704  DEBUG   [poll]    -> read  st2mot    
13:42:35.707  DEBUG   [poll]    <- read  st2mot     ret=0  data=['0x00', '0x00']
13:42:35.708  DEBUG   [poll]    -> read  st0cur    
13:42:35.712  DEBUG   [poll]    <- read  st0cur     ret=0  data=['0xfe', '0x01', '0x01', '0x02']
13:42:36.713  DEBUG   [poll]    -> read  st2mot    
13:42:36.717  DEBUG   [poll]    <- read  st2mot     ret=0  data=['0x00', '0x00']
13:42:36.717  DEBUG   [poll]    -> read  st0cur    
13:42:36.721  DEBUG   [poll]    <- read  st0cur     ret=0  data=['0xfe', '0x01', '0x01', '0x02']
13:42:37.723  DEBUG   [poll]    -> read  st2mot    
13:42:37.726  DEBUG   [poll]    <- read  st2mot     ret=0  data=['0x00', '0x00']
13:42:37.727  DEBUG   [poll]    -> read  st0cur    
13:42:37.731  DEBUG   [poll]    <- read  st0cur     ret=0  data=['0xfe', '0x01', '0x01', '0x02']
13:42:38.732  DEBUG   [poll]    -> read  st2mot    
13:42:38.736  DEBUG   [poll]    <- read  st2mot     ret=0  data=['0x00', '0x00']
13:42:38.736  DEBUG   [poll]    -> read  st0cur    
13:42:38.740  DEBUG   [poll]    <- read  st0cur     ret=0  data=['0xfe', '0x01', '0x01', '0x02']
13:42:39.742  DEBUG   [poll]    -> read  st2mot    
13:42:39.745  DEBUG   [poll]    <- read  st2mot     ret=0  data=['0x00', '0x00']
13:42:39.745  DEBUG   [poll]    -> read  st0cur    
13:42:39.750  DEBUG   [poll]    <- read  st0cur     ret=0  data=['0xfe', '0x01', '0x01', '0x02']
13:42:40.751  DEBUG   [poll]    -> read  st2mot    
13:42:40.755  DEBUG   [poll]    <- read  st2mot     ret=0  data=['0x00', '0x00']
13:42:40.755  DEBUG   [poll]    -> read  st0cur    
13:42:40.759  DEBUG   [poll]    <- read  st0cur     ret=0  data=['0xfe', '0x01', '0x01', '0x02']
13:42:41.761  DEBUG   [poll]    -> read  st2mot    
13:42:41.764  DEBUG   [poll]    <- read  st2mot     ret=0  data=['0x00', '0x00']
13:42:41.764  DEBUG   [poll]    -> read  st0cur    
13:42:41.768  DEBUG   [poll]    <- read  st0cur     ret=0  data=['0xfe', '0x01', '0x01', '0x02']
13:42:42.770  DEBUG   [poll]    -> read  st2mot    
13:42:42.773  DEBUG   [poll]    <- read  st2mot     ret=0  data=['0x00', '0x00']
13:42:42.774  DEBUG   [poll]    -> read  st0cur    
13:42:42.778  DEBUG   [poll]    <- read  st0cur     ret=0  data=['0xfe', '0x01', '0x01', '0x02']
13:42:43.779  DEBUG   [poll]    -> read  st2mot    
13:42:43.783  DEBUG   [poll]    <- read  st2mot     ret=0  data=['0x00', '0x00']
13:42:43.783  DEBUG   [poll]    -> read  st0cur    
13:42:43.787  DEBUG   [poll]    <- read  st0cur     ret=0  data=['0xfe', '0x01', '0x01', '0x02']
13:42:44.789  DEBUG   [poll]    -> read  st2mot    
13:42:44.792  DEBUG   [poll]    <- read  st2mot     ret=0  data=['0x00', '0x00']
13:42:44.792  DEBUG   [poll]    -> read  st0cur    
13:42:44.797  DEBUG   [poll]    <- read  st0cur     ret=0  data=['0xfe', '0x01', '0x02', '0x02']
13:42:45.798  DEBUG   [poll]    -> read  st2mot    
13:42:45.802  DEBUG   [poll]    <- read  st2mot     ret=0  data=['0x00', '0x00']
13:42:45.802  DEBUG   [poll]    -> read  st0cur    
13:42:45.806  DEBUG   [poll]    <- read  st0cur     ret=0  data=['0xfe', '0x01', '0x01', '0x02']
13:42:46.808  DEBUG   [poll]    -> read  st2mot    
13:42:46.811  DEBUG   [poll]    <- read  st2mot     ret=0  data=['0x00', '0x00']
13:42:46.811  DEBUG   [poll]    -> read  st0cur    
13:42:46.815  DEBUG   [poll]    <- read  st0cur     ret=0  data=['0xfe', '0x01', '0x01', '0x02']
13:42:47.817  DEBUG   [poll]    -> read  st2mot    
13:42:47.820  DEBUG   [poll]    <- read  st2mot     ret=0  data=['0x00', '0x00']
13:42:47.820  DEBUG   [poll]    -> read  st0cur    
13:42:47.824  DEBUG   [poll]    <- read  st0cur     ret=0  data=['0xfe', '0x01', '0x01', '0x02']
13:42:47.901  INFO    client connected
13:42:47.901  DEBUG   [client]  -> write cntl0mot   data=['0xf6', '0xfa']
13:42:47.905  DEBUG   [client]  -> write cntl3mot   data=['0x00', '0x00']
13:42:47.908  DEBUG   [client]  -> write cntl3mot   data=['0x03', '0xe8']
13:42:47.912  DEBUG   [client]  -> read  st2mot    
13:42:47.916  DEBUG   [client]  <- read  st2mot     ret=0  data=['0x00', '0x00']
13:42:47.917  DEBUG   [client]  -> read  st0cur    
13:42:47.922  DEBUG   [client]  <- read  st0cur     ret=0  data=['0xfe', '0x01', '0x01', '0x02']
13:42:48.112  DEBUG   [client]  -> read  st2mot    
13:42:48.115  DEBUG   [client]  <- read  st2mot     ret=0  data=['0x00', '0x00']
13:42:48.312  DEBUG   [client]  -> read  st2mot    
13:42:48.315  DEBUG   [client]  <- read  st2mot     ret=0  data=['0x00', '0x00']
13:42:48.512  DEBUG   [client]  -> read  st2mot    
13:42:48.516  DEBUG   [client]  <- read  st2mot     ret=0  data=['0x90', '0x01']
13:42:48.713  DEBUG   [client]  -> read  st2mot    
13:42:48.716  DEBUG   [client]  <- read  st2mot     ret=0  data=['0x7e', '0x04']
13:42:48.826  DEBUG   [poll]    -> read  st2mot    
13:42:48.829  DEBUG   [poll]    <- read  st2mot     ret=0  data=['0xc9', '0x04']
13:42:48.830  DEBUG   [poll]    -> read  st0cur    
13:42:48.834  DEBUG   [poll]    <- read  st0cur     ret=0  data=['0xfe', '0x01', '0x01', '0x02']
13:42:48.913  DEBUG   [client]  -> read  st2mot    
13:42:48.916  DEBUG   [client]  <- read  st2mot     ret=0  data=['0xc9', '0x04']
13:42:48.918  DEBUG   [client]  -> read  st0cur    
13:42:48.922  DEBUG   [client]  <- read  st0cur     ret=0  data=['0xf4', '0x01', '0xf5', '0x01']
13:42:49.113  DEBUG   [client]  -> read  st2mot    
13:42:49.116  DEBUG   [client]  <- read  st2mot     ret=0  data=['0x7e', '0x04']
13:42:49.313  DEBUG   [client]  -> read  st2mot    
13:42:49.316  DEBUG   [client]  <- read  st2mot     ret=0  data=['0x1a', '0x04']
13:42:49.513  DEBUG   [client]  -> read  st2mot    
13:42:49.516  DEBUG   [client]  <- read  st2mot     ret=0  data=['0xe8', '0x03']
13:42:49.713  DEBUG   [client]  -> read  st2mot    
13:42:49.716  DEBUG   [client]  <- read  st2mot     ret=0  data=['0xe8', '0x03']
13:42:49.835  DEBUG   [poll]    -> read  st2mot    
13:42:49.839  DEBUG   [poll]    <- read  st2mot     ret=0  data=['0xe8', '0x03']
13:42:49.840  DEBUG   [poll]    -> read  st0cur    
13:42:49.845  DEBUG   [poll]    <- read  st0cur     ret=0  data=['0xf4', '0x01', '0xf5', '0x01']
13:42:49.913  DEBUG   [client]  -> read  st2mot    
13:42:49.916  DEBUG   [client]  <- read  st2mot     ret=0  data=['0xe8', '0x03']
13:42:49.918  DEBUG   [client]  -> read  st0cur    
13:42:49.922  DEBUG   [client]  <- read  st0cur     ret=0  data=['0xf7', '0x01', '0xf8', '0x01']
13:42:50.113  DEBUG   [client]  -> read  st2mot    
13:42:50.116  DEBUG   [client]  <- read  st2mot     ret=0  data=['0x01', '0x04']
13:42:50.313  DEBUG   [client]  -> read  st2mot    
13:42:50.316  DEBUG   [client]  <- read  st2mot     ret=0  data=['0xe8', '0x03']
13:42:50.513  DEBUG   [client]  -> read  st2mot    
13:42:50.516  DEBUG   [client]  <- read  st2mot     ret=0  data=['0x01', '0x04']
13:42:50.713  DEBUG   [client]  -> read  st2mot    
13:42:50.716  DEBUG   [client]  <- read  st2mot     ret=0  data=['0x01', '0x04']
13:42:50.846  DEBUG   [poll]    -> read  st2mot    
13:42:50.850  DEBUG   [poll]    <- read  st2mot     ret=0  data=['0xe8', '0x03']
13:42:50.850  DEBUG   [poll]    -> read  st0cur    
13:42:50.854  DEBUG   [poll]    <- read  st0cur     ret=0  data=['0xf7', '0x01', '0xf8', '0x01']
13:42:50.913  DEBUG   [client]  -> read  st2mot    
13:42:50.916  DEBUG   [client]  <- read  st2mot     ret=0  data=['0xe8', '0x03']
13:42:50.918  DEBUG   [client]  -> read  st0cur    
13:42:50.922  DEBUG   [client]  <- read  st0cur     ret=0  data=['0xf6', '0x01', '0xf6', '0x01']
13:42:51.113  DEBUG   [client]  -> read  st2mot    
13:42:51.116  DEBUG   [client]  <- read  st2mot     ret=0  data=['0xe8', '0x03']
13:42:51.313  DEBUG   [client]  -> read  st2mot    
13:42:51.316  DEBUG   [client]  <- read  st2mot     ret=0  data=['0xe8', '0x03']
13:42:51.513  DEBUG   [client]  -> read  st2mot    
13:42:51.516  DEBUG   [client]  <- read  st2mot     ret=0  data=['0x01', '0x04']
13:42:51.713  DEBUG   [client]  -> read  st2mot    
13:42:51.716  DEBUG   [client]  <- read  st2mot     ret=0  data=['0xe8', '0x03']
13:42:51.856  DEBUG   [poll]    -> read  st2mot    
13:42:51.859  DEBUG   [poll]    <- read  st2mot     ret=0  data=['0xe8', '0x03']
13:42:51.860  DEBUG   [poll]    -> read  st0cur    
13:42:51.864  DEBUG   [poll]    <- read  st0cur     ret=0  data=['0xf6', '0x01', '0xf6', '0x01']
13:42:51.913  DEBUG   [client]  -> read  st2mot    
13:42:51.916  DEBUG   [client]  <- read  st2mot     ret=0  data=['0xe8', '0x03']
13:42:51.918  DEBUG   [client]  -> read  st0cur    
13:42:51.922  DEBUG   [client]  <- read  st0cur     ret=0  data=['0xf6', '0x01', '0xf6', '0x01']
13:42:52.113  DEBUG   [client]  -> read  st2mot    
13:42:52.116  DEBUG   [client]  <- read  st2mot     ret=0  data=['0xe8', '0x03']
13:42:52.313  DEBUG   [client]  -> read  st2mot    
13:42:52.316  DEBUG   [client]  <- read  st2mot     ret=0  data=['0x01', '0x04']
13:42:52.513  DEBUG   [client]  -> read  st2mot    
13:42:52.516  DEBUG   [client]  <- read  st2mot     ret=0  data=['0xe8', '0x03']
13:42:52.713  DEBUG   [client]  -> read  st2mot    
13:42:52.716  DEBUG   [client]  <- read  st2mot     ret=0  data=['0xcf', '0x03']
13:42:52.865  DEBUG   [poll]    -> read  st2mot    
13:42:52.869  DEBUG   [poll]    <- read  st2mot     ret=0  data=['0xe8', '0x03']
13:42:52.869  DEBUG   [poll]    -> read  st0cur    
13:42:52.873  DEBUG   [poll]    <- read  st0cur     ret=0  data=['0xf6', '0x01', '0xf6', '0x01']
13:42:52.913  DEBUG   [client]  -> read  st2mot    
13:42:52.916  DEBUG   [client]  <- read  st2mot     ret=0  data=['0xe8', '0x03']
13:42:52.918  DEBUG   [client]  -> read  st0cur    
13:42:52.922  DEBUG   [client]  <- read  st0cur     ret=0  data=['0xf6', '0x01', '0xf5', '0x01']
13:42:53.113  DEBUG   [client]  -> read  st2mot    
13:42:53.116  DEBUG   [client]  <- read  st2mot     ret=0  data=['0xe8', '0x03']
13:42:53.313  DEBUG   [client]  -> read  st2mot    
13:42:53.316  DEBUG   [client]  <- read  st2mot     ret=0  data=['0xe8', '0x03']
13:42:53.513  DEBUG   [client]  -> read  st2mot    
13:42:53.516  DEBUG   [client]  <- read  st2mot     ret=0  data=['0xe8', '0x03']
13:42:53.713  DEBUG   [client]  -> read  st2mot    
13:42:53.716  DEBUG   [client]  <- read  st2mot     ret=0  data=['0xe8', '0x03']
13:42:53.875  DEBUG   [poll]    -> read  st2mot    
13:42:53.878  DEBUG   [poll]    <- read  st2mot     ret=0  data=['0xe8', '0x03']
13:42:53.879  DEBUG   [poll]    -> read  st0cur    
13:42:53.883  DEBUG   [poll]    <- read  st0cur     ret=0  data=['0xf6', '0x01', '0xf5', '0x01']
13:42:53.913  DEBUG   [client]  -> read  st2mot    
13:42:53.916  DEBUG   [client]  <- read  st2mot     ret=0  data=['0xe8', '0x03']
13:42:53.918  DEBUG   [client]  -> read  st0cur    
13:42:53.922  DEBUG   [client]  <- read  st0cur     ret=0  data=['0xf6', '0x01', '0xf5', '0x01']
13:42:54.113  DEBUG   [client]  -> read  st2mot    
13:42:54.116  DEBUG   [client]  <- read  st2mot     ret=0  data=['0x01', '0x04']
13:42:54.313  DEBUG   [client]  -> read  st2mot    
13:42:54.316  DEBUG   [client]  <- read  st2mot     ret=0  data=['0xe8', '0x03']
13:42:54.513  DEBUG   [client]  -> read  st2mot    
13:42:54.516  DEBUG   [client]  <- read  st2mot     ret=0  data=['0x01', '0x04']
13:42:54.713  DEBUG   [client]  -> read  st2mot    
13:42:54.716  DEBUG   [client]  <- read  st2mot     ret=0  data=['0xcf', '0x03']
13:42:54.718  DEBUG   [client]  -> write cntl3mot   data=['0x03', '0x20']
13:42:54.884  DEBUG   [poll]    -> read  st2mot    
13:42:54.888  DEBUG   [poll]    <- read  st2mot     ret=0  data=['0xcf', '0x03']
13:42:54.888  DEBUG   [poll]    -> read  st0cur    
13:42:54.892  DEBUG   [poll]    <- read  st0cur     ret=0  data=['0xf6', '0x01', '0xf7', '0x01']
13:42:54.973  DEBUG   [client]  -> write cntl3mot   data=['0x02', '0x58']
13:42:55.229  DEBUG   [client]  -> write cntl3mot   data=['0x01', '0x90']
13:42:55.484  DEBUG   [client]  -> write cntl3mot   data=['0x00', '0xc8']
13:42:55.740  DEBUG   [client]  -> write cntl3mot   data=['0x00', '0x00']
13:42:55.744  WARNING client disconnected — stopping motor
13:42:55.746  DEBUG   [client]  -> write cntl3mot   data=['0x00', '0x00']
13:42:55.750  INFO    client disconnected
13:42:55.894  DEBUG   [poll]    -> read  st2mot    
13:42:55.897  DEBUG   [poll]    <- read  st2mot     ret=0  data=['0x7d', '0x00']
13:42:55.897  DEBUG   [poll]    -> read  st0cur    
13:42:55.901  DEBUG   [poll]    <- read  st0cur     ret=0  data=['0xf6', '0x01', '0xf6', '0x01']
13:42:56.902  DEBUG   [poll]    -> read  st2mot    
13:42:56.906  DEBUG   [poll]    <- read  st2mot     ret=0  data=['0x00', '0x00']
13:42:56.906  DEBUG   [poll]    -> read  st0cur    
13:42:56.910  DEBUG   [poll]    <- read  st0cur     ret=0  data=['0xfa', '0x01', '0xfb', '0x01']
13:42:56.911  WARNING *** OBSERVED STALL SIGNATURE (not acted on yet) — current=-0.29A while rpm=0 ***
13:42:57.912  DEBUG   [poll]    -> read  st2mot    
13:42:57.916  DEBUG   [poll]    <- read  st2mot     ret=0  data=['0x00', '0x00']
13:42:57.916  DEBUG   [poll]    -> read  st0cur    
13:42:57.920  DEBUG   [poll]    <- read  st0cur     ret=0  data=['0xfe', '0x01', '0x01', '0x02']
13:42:58.922  DEBUG   [poll]    -> read  st2mot    
13:42:58.925  DEBUG   [poll]    <- read  st2mot     ret=0  data=['0x00', '0x00']
13:42:58.925  DEBUG   [poll]    -> read  st0cur    
13:42:58.929  DEBUG   [poll]    <- read  st0cur     ret=0  data=['0xfe', '0x01', '0x01', '0x02']
13:42:59.931  DEBUG   [poll]    -> read  st2mot    
13:42:59.939  DEBUG   [poll]    <- read  st2mot     ret=0  data=['0x00', '0x00']
13:42:59.940  DEBUG   [poll]    -> read  st0cur    
13:42:59.944  DEBUG   [poll]    <- read  st0cur     ret=0  data=['0xfe', '0x01', '0x01', '0x02']
13:43:00.946  DEBUG   [poll]    -> read  st2mot    
13:43:00.949  DEBUG   [poll]    <- read  st2mot     ret=0  data=['0x00', '0x00']
13:43:00.949  DEBUG   [poll]    -> read  st0cur    
13:43:00.954  DEBUG   [poll]    <- read  st0cur     ret=0  data=['0xfe', '0x01', '0x01', '0x02']
13:43:01.955  DEBUG   [poll]    -> read  st2mot    
13:43:01.959  DEBUG   [poll]    <- read  st2mot     ret=0  data=['0x00', '0x00']
13:43:01.959  DEBUG   [poll]    -> read  st0cur    
13:43:01.963  DEBUG   [poll]    <- read  st0cur     ret=0  data=['0xfe', '0x01', '0x01', '0x02']
13:43:02.965  DEBUG   [poll]    -> read  st2mot    
13:43:02.968  DEBUG   [poll]    <- read  st2mot     ret=0  data=['0x00', '0x00']
13:43:02.969  DEBUG   [poll]    -> read  st0cur    
13:43:02.973  DEBUG   [poll]    <- read  st0cur     ret=0  data=['0xfe', '0x01', '0x01', '0x02']
13:43:03.974  DEBUG   [poll]    -> read  st2mot    
13:43:03.978  DEBUG   [poll]    <- read  st2mot     ret=0  data=['0x00', '0x00']
13:43:03.978  DEBUG   [poll]    -> read  st0cur    
13:43:03.982  DEBUG   [poll]    <- read  st0cur     ret=0  data=['0xfe', '0x01', '0x01', '0x02']
13:43:04.984  DEBUG   [poll]    -> read  st2mot    
13:43:04.988  DEBUG   [poll]    <- read  st2mot     ret=0  data=['0x00', '0x00']
13:43:04.988  DEBUG   [poll]    -> read  st0cur    
13:43:04.992  DEBUG   [poll]    <- read  st0cur     ret=0  data=['0xfe', '0x01', '0x01', '0x02']
13:43:05.994  DEBUG   [poll]    -> read  st2mot    
13:43:05.997  DEBUG   [poll]    <- read  st2mot     ret=0  data=['0x00', '0x00']
13:43:05.997  DEBUG   [poll]    -> read  st0cur    
13:43:06.002  DEBUG   [poll]    <- read  st0cur     ret=0  data=['0xfe', '0x01', '0x01', '0x02']
13:43:07.003  DEBUG   [poll]    -> read  st2mot    
13:43:07.007  DEBUG   [poll]    <- read  st2mot     ret=0  data=['0x00', '0x00']
13:43:07.007  DEBUG   [poll]    -> read  st0cur    
13:43:07.011  DEBUG   [poll]    <- read  st0cur     ret=0  data=['0xfe', '0x01', '0x01', '0x02']
13:43:08.013  DEBUG   [poll]    -> read  st2mot    
13:43:08.016  DEBUG   [poll]    <- read  st2mot     ret=0  data=['0x00', '0x00']
13:43:08.016  DEBUG   [poll]    -> read  st0cur    
13:43:08.021  DEBUG   [poll]    <- read  st0cur     ret=0  data=['0xfe', '0x01', '0x01', '0x02']
13:43:09.022  DEBUG   [poll]    -> read  st2mot    
13:43:09.025  DEBUG   [poll]    <- read  st2mot     ret=0  data=['0x00', '0x00']
13:43:09.026  DEBUG   [poll]    -> read  st0cur    
13:43:09.030  DEBUG   [poll]    <- read  st0cur     ret=0  data=['0xfe', '0x01', '0x01', '0x02']
13:43:10.032  DEBUG   [poll]    -> read  st2mot    
13:43:10.035  DEBUG   [poll]    <- read  st2mot     ret=0  data=['0x00', '0x00']
13:43:10.036  DEBUG   [poll]    -> read  st0cur    
13:43:10.040  DEBUG   [poll]    <- read  st0cur     ret=0  data=['0xfe', '0x01', '0x01', '0x02']
13:43:11.042  DEBUG   [poll]    -> read  st2mot    
13:43:11.045  DEBUG   [poll]    <- read  st2mot     ret=0  data=['0x00', '0x00']
13:43:11.045  DEBUG   [poll]    -> read  st0cur    
13:43:11.050  DEBUG   [poll]    <- read  st0cur     ret=0  data=['0xfe', '0x01', '0x01', '0x02']
13:43:12.051  DEBUG   [poll]    -> read  st2mot    
13:43:12.054  DEBUG   [poll]    <- read  st2mot     ret=0  data=['0x00', '0x00']
13:43:12.055  DEBUG   [poll]    -> read  st0cur    
13:43:12.059  DEBUG   [poll]    <- read  st0cur     ret=0  data=['0xfe', '0x01', '0x01', '0x02']
13:43:13.060  DEBUG   [poll]    -> read  st2mot    
13:43:13.064  DEBUG   [poll]    <- read  st2mot     ret=0  data=['0x00', '0x00']
13:43:13.064  DEBUG   [poll]    -> read  st0cur    
13:43:13.068  DEBUG   [poll]    <- read  st0cur     ret=0  data=['0xfe', '0x01', '0x01', '0x02']
13:43:14.070  DEBUG   [poll]    -> read  st2mot    
13:43:14.073  DEBUG   [poll]    <- read  st2mot     ret=0  data=['0x00', '0x00']
13:43:14.073  DEBUG   [poll]    -> read  st0cur    
13:43:14.078  DEBUG   [poll]    <- read  st0cur     ret=0  data=['0xfe', '0x01', '0x01', '0x02']
13:43:15.079  DEBUG   [poll]    -> read  st2mot    
13:43:15.086  DEBUG   [poll]    <- read  st2mot     ret=0  data=['0x00', '0x00']
13:43:15.087  DEBUG   [poll]    -> read  st0cur    
13:43:15.091  DEBUG   [poll]    <- read  st0cur     ret=0  data=['0xfe', '0x01', '0x01', '0x02']
13:43:16.092  DEBUG   [poll]    -> read  st2mot    
13:43:16.096  DEBUG   [poll]    <- read  st2mot     ret=0  data=['0x00', '0x00']
13:43:16.096  DEBUG   [poll]    -> read  st0cur    
13:43:16.100  DEBUG   [poll]    <- read  st0cur     ret=0  data=['0xfe', '0x01', '0x01', '0x02']
13:43:17.102  DEBUG   [poll]    -> read  st2mot    
13:43:17.105  DEBUG   [poll]    <- read  st2mot     ret=0  data=['0x00', '0x00']
13:43:17.106  DEBUG   [poll]    -> read  st0cur    
13:43:17.110  DEBUG   [poll]    <- read  st0cur     ret=0  data=['0xfe', '0x01', '0x01', '0x02']
13:43:18.111  DEBUG   [poll]    -> read  st2mot    
13:43:18.115  DEBUG   [poll]    <- read  st2mot     ret=0  data=['0x00', '0x00']
13:43:18.115  DEBUG   [poll]    -> read  st0cur    
13:43:18.119  DEBUG   [poll]    <- read  st0cur     ret=0  data=['0xfe', '0x01', '0x02', '0x02']
13:43:19.121  DEBUG   [poll]    -> read  st2mot    
13:43:19.124  DEBUG   [poll]    <- read  st2mot     ret=0  data=['0x00', '0x00']
13:43:19.125  DEBUG   [poll]    -> read  st0cur    
13:43:19.129  DEBUG   [poll]    <- read  st0cur     ret=0  data=['0xfe', '0x01', '0x01', '0x02']
13:43:20.130  DEBUG   [poll]    -> read  st2mot    
13:43:20.138  DEBUG   [poll]    <- read  st2mot     ret=0  data=['0x00', '0x00']
13:43:20.138  DEBUG   [poll]    -> read  st0cur    
13:43:20.142  DEBUG   [poll]    <- read  st0cur     ret=0  data=['0xfe', '0x01', '0x01', '0x02']
13:43:21.144  DEBUG   [poll]    -> read  st2mot    
13:43:21.147  DEBUG   [poll]    <- read  st2mot     ret=0  data=['0x00', '0x00']
13:43:21.147  DEBUG   [poll]    -> read  st0cur    
13:43:21.152  DEBUG   [poll]    <- read  st0cur     ret=0  data=['0xfe', '0x01', '0x01', '0x02']
13:43:22.153  DEBUG   [poll]    -> read  st2mot    
13:43:22.156  DEBUG   [poll]    <- read  st2mot     ret=0  data=['0x00', '0x00']
13:43:22.157  DEBUG   [poll]    -> read  st0cur    
13:43:22.161  DEBUG   [poll]    <- read  st0cur     ret=0  data=['0xfd', '0x01', '0x01', '0x02']
13:43:23.163  DEBUG   [poll]    -> read  st2mot    
13:43:23.166  DEBUG   [poll]    <- read  st2mot     ret=0  data=['0x00', '0x00']
13:43:23.166  DEBUG   [poll]    -> read  st0cur    
13:43:23.171  DEBUG   [poll]    <- read  st0cur     ret=0  data=['0xfe', '0x01', '0x01', '0x02']
13:43:24.172  DEBUG   [poll]    -> read  st2mot    
13:43:24.175  DEBUG   [poll]    <- read  st2mot     ret=0  data=['0x00', '0x00']
13:43:24.176  DEBUG   [poll]    -> read  st0cur    
13:43:24.180  DEBUG   [poll]    <- read  st0cur     ret=0  data=['0xfe', '0x01', '0x01', '0x02']
13:43:25.181  DEBUG   [poll]    -> read  st2mot    
13:43:25.189  DEBUG   [poll]    <- read  st2mot     ret=0  data=['0x00', '0x00']
13:43:25.189  DEBUG   [poll]    -> read  st0cur    
13:43:25.193  DEBUG   [poll]    <- read  st0cur     ret=0  data=['0xfe', '0x01', '0x01', '0x02']
13:43:26.195  DEBUG   [poll]    -> read  st2mot    
13:43:26.198  DEBUG   [poll]    <- read  st2mot     ret=0  data=['0x00', '0x00']
13:43:26.199  DEBUG   [poll]    -> read  st0cur    
13:43:26.203  DEBUG   [poll]    <- read  st0cur     ret=0  data=['0xfe', '0x01', '0x01', '0x02']
13:43:27.204  DEBUG   [poll]    -> read  st2mot    
13:43:27.208  DEBUG   [poll]    <- read  st2mot     ret=0  data=['0x00', '0x00']
13:43:27.208  DEBUG   [poll]    -> read  st0cur    
13:43:27.212  DEBUG   [poll]    <- read  st0cur     ret=0  data=['0xfe', '0x01', '0x01', '0x02']
13:43:28.214  DEBUG   [poll]    -> read  st2mot    
13:43:28.217  DEBUG   [poll]    <- read  st2mot     ret=0  data=['0x00', '0x00']
13:43:28.217  DEBUG   [poll]    -> read  st0cur    
13:43:28.222  DEBUG   [poll]    <- read  st0cur     ret=0  data=['0xfe', '0x01', '0x01', '0x02']
13:43:29.223  DEBUG   [poll]    -> read  st2mot    
13:43:29.226  DEBUG   [poll]    <- read  st2mot     ret=0  data=['0x00', '0x00']
13:43:29.227  DEBUG   [poll]    -> read  st0cur    
13:43:29.231  DEBUG   [poll]    <- read  st0cur     ret=0  data=['0xfe', '0x01', '0x01', '0x02']
13:43:30.233  DEBUG   [poll]    -> read  st2mot    
13:43:30.239  DEBUG   [poll]    <- read  st2mot     ret=0  data=['0x00', '0x00']
13:43:30.240  DEBUG   [poll]    -> read  st0cur    
13:43:30.244  DEBUG   [poll]    <- read  st0cur     ret=0  data=['0xfe', '0x01', '0x01', '0x02']
13:43:31.246  DEBUG   [poll]    -> read  st2mot    
13:43:31.249  DEBUG   [poll]    <- read  st2mot     ret=0  data=['0x00', '0x00']
13:43:31.249  DEBUG   [poll]    -> read  st0cur    
13:43:31.254  DEBUG   [poll]    <- read  st0cur     ret=0  data=['0xfe', '0x01', '0x01', '0x02']
13:43:32.255  DEBUG   [poll]    -> read  st2mot    
13:43:32.258  DEBUG   [poll]    <- read  st2mot     ret=0  data=['0x00', '0x00']
13:43:32.259  DEBUG   [poll]    -> read  st0cur    
13:43:32.263  DEBUG   [poll]    <- read  st0cur     ret=0  data=['0xfe', '0x01', '0x01', '0x02']
13:43:33.264  DEBUG   [poll]    -> read  st2mot    
13:43:33.268  DEBUG   [poll]    <- read  st2mot     ret=0  data=['0x00', '0x00']
13:43:33.268  DEBUG   [poll]    -> read  st0cur    
13:43:33.272  DEBUG   [poll]    <- read  st0cur     ret=0  data=['0xfe', '0x01', '0x01', '0x02']
13:43:34.274  DEBUG   [poll]    -> read  st2mot    
13:43:34.277  DEBUG   [poll]    <- read  st2mot     ret=0  data=['0x00', '0x00']
13:43:34.277  DEBUG   [poll]    -> read  st0cur    
13:43:34.282  DEBUG   [poll]    <- read  st0cur     ret=0  data=['0xfe', '0x01', '0x01', '0x02']
13:43:35.283  DEBUG   [poll]    -> read  st2mot    
13:43:35.290  DEBUG   [poll]    <- read  st2mot     ret=0  data=['0x00', '0x00']
13:43:35.291  DEBUG   [poll]    -> read  st0cur    
13:43:35.295  DEBUG   [poll]    <- read  st0cur     ret=0  data=['0xfe', '0x01', '0x01', '0x02']
13:43:36.297  DEBUG   [poll]    -> read  st2mot    
13:43:36.300  DEBUG   [poll]    <- read  st2mot     ret=0  data=['0x00', '0x00']
13:43:36.300  DEBUG   [poll]    -> read  st0cur    
13:43:36.305  DEBUG   [poll]    <- read  st0cur     ret=0  data=['0xfe', '0x01', '0x01', '0x02']
13:43:37.306  DEBUG   [poll]    -> read  st2mot    
13:43:37.309  DEBUG   [poll]    <- read  st2mot     ret=0  data=['0x00', '0x00']
13:43:37.310  DEBUG   [poll]    -> read  st0cur    
13:43:37.314  DEBUG   [poll]    <- read  st0cur     ret=0  data=['0xfe', '0x01', '0x01', '0x02']
13:43:38.315  DEBUG   [poll]    -> read  st2mot    
13:43:38.319  DEBUG   [poll]    <- read  st2mot     ret=0  data=['0x00', '0x00']
13:43:38.319  DEBUG   [poll]    -> read  st0cur    
13:43:38.323  DEBUG   [poll]    <- read  st0cur     ret=0  data=['0xfe', '0x01', '0x01', '0x02']
13:43:39.325  DEBUG   [poll]    -> read  st2mot    
13:43:39.328  DEBUG   [poll]    <- read  st2mot     ret=0  data=['0x00', '0x00']
13:43:39.329  DEBUG   [poll]    -> read  st0cur    
13:43:39.333  DEBUG   [poll]    <- read  st0cur     ret=0  data=['0xfe', '0x01', '0x01', '0x02']
13:43:40.334  DEBUG   [poll]    -> read  st2mot    
13:43:40.341  DEBUG   [poll]    <- read  st2mot     ret=0  data=['0x00', '0x00']
13:43:40.341  DEBUG   [poll]    -> read  st0cur    
13:43:40.345  DEBUG   [poll]    <- read  st0cur     ret=0  data=['0xfe', '0x01', '0x01', '0x02']
13:43:41.347  DEBUG   [poll]    -> read  st2mot    
13:43:41.350  DEBUG   [poll]    <- read  st2mot     ret=0  data=['0x00', '0x00']
13:43:41.351  DEBUG   [poll]    -> read  st0cur    
13:43:41.355  DEBUG   [poll]    <- read  st0cur     ret=0  data=['0xfe', '0x01', '0x01', '0x02']
13:43:42.356  DEBUG   [poll]    -> read  st2mot    
13:43:42.360  DEBUG   [poll]    <- read  st2mot     ret=0  data=['0x00', '0x00']
13:43:42.360  DEBUG   [poll]    -> read  st0cur    
13:43:42.364  DEBUG   [poll]    <- read  st0cur     ret=0  data=['0xfe', '0x01', '0x01', '0x02']
13:43:43.366  DEBUG   [poll]    -> read  st2mot    
13:43:43.369  DEBUG   [poll]    <- read  st2mot     ret=0  data=['0x00', '0x00']
13:43:43.369  DEBUG   [poll]    -> read  st0cur    
13:43:43.373  DEBUG   [poll]    <- read  st0cur     ret=0  data=['0xfe', '0x01', '0x01', '0x02']
13:43:44.375  DEBUG   [poll]    -> read  st2mot    
13:43:44.378  DEBUG   [poll]    <- read  st2mot     ret=0  data=['0x00', '0x00']
13:43:44.379  DEBUG   [poll]    -> read  st0cur    
13:43:44.383  DEBUG   [poll]    <- read  st0cur     ret=0  data=['0xfe', '0x01', '0x01', '0x02']
13:43:45.384  DEBUG   [poll]    -> read  st2mot    
13:43:45.391  DEBUG   [poll]    <- read  st2mot     ret=0  data=['0x00', '0x00']
13:43:45.392  DEBUG   [poll]    -> read  st0cur    
13:43:45.396  DEBUG   [poll]    <- read  st0cur     ret=0  data=['0xfe', '0x01', '0x01', '0x02']
13:43:46.397  DEBUG   [poll]    -> read  st2mot    
13:43:46.401  DEBUG   [poll]    <- read  st2mot     ret=0  data=['0x00', '0x00']
13:43:46.401  DEBUG   [poll]    -> read  st0cur    
13:43:46.405  DEBUG   [poll]    <- read  st0cur     ret=0  data=['0xfe', '0x01', '0x02', '0x02']
13:43:47.407  DEBUG   [poll]    -> read  st2mot    
13:43:47.410  DEBUG   [poll]    <- read  st2mot     ret=0  data=['0x00', '0x00']
13:43:47.410  DEBUG   [poll]    -> read  st0cur    
13:43:47.415  DEBUG   [poll]    <- read  st0cur     ret=0  data=['0xfe', '0x01', '0x01', '0x02']
13:43:48.416  DEBUG   [poll]    -> read  st2mot    
13:43:48.419  DEBUG   [poll]    <- read  st2mot     ret=0  data=['0x00', '0x00']
13:43:48.420  DEBUG   [poll]    -> read  st0cur    
13:43:48.424  DEBUG   [poll]    <- read  st0cur     ret=0  data=['0xfe', '0x01', '0x01', '0x02']
13:43:49.426  DEBUG   [poll]    -> read  st2mot    
13:43:49.429  DEBUG   [poll]    <- read  st2mot     ret=0  data=['0x00', '0x00']
13:43:49.429  DEBUG   [poll]    -> read  st0cur    
13:43:49.433  DEBUG   [poll]    <- read  st0cur     ret=0  data=['0xfe', '0x01', '0x01', '0x02']
13:43:50.435  DEBUG   [poll]    -> read  st2mot    
13:43:50.442  DEBUG   [poll]    <- read  st2mot     ret=0  data=['0x00', '0x00']
13:43:50.442  DEBUG   [poll]    -> read  st0cur    
13:43:50.446  DEBUG   [poll]    <- read  st0cur     ret=0  data=['0xfe', '0x01', '0x01', '0x02']
13:43:51.448  DEBUG   [poll]    -> read  st2mot    
13:43:51.451  DEBUG   [poll]    <- read  st2mot     ret=0  data=['0x00', '0x00']
13:43:51.451  DEBUG   [poll]    -> read  st0cur    
13:43:51.456  DEBUG   [poll]    <- read  st0cur     ret=0  data=['0xfe', '0x01', '0x01', '0x02']
13:43:52.457  DEBUG   [poll]    -> read  st2mot    
13:43:52.460  DEBUG   [poll]    <- read  st2mot     ret=0  data=['0x00', '0x00']
13:43:52.461  DEBUG   [poll]    -> read  st0cur    
13:43:52.465  DEBUG   [poll]    <- read  st0cur     ret=0  data=['0xfe', '0x01', '0x01', '0x02']
13:43:53.466  DEBUG   [poll]    -> read  st2mot    
13:43:53.470  DEBUG   [poll]    <- read  st2mot     ret=0  data=['0x00', '0x00']
13:43:53.470  DEBUG   [poll]    -> read  st0cur    
13:43:53.474  DEBUG   [poll]    <- read  st0cur     ret=0  data=['0xfe', '0x01', '0x01', '0x02']
13:43:54.476  DEBUG   [poll]    -> read  st2mot    
13:43:54.479  DEBUG   [poll]    <- read  st2mot     ret=0  data=['0x00', '0x00']
13:43:54.480  DEBUG   [poll]    -> read  st0cur    
13:43:54.484  DEBUG   [poll]    <- read  st0cur     ret=0  data=['0xfe', '0x01', '0x01', '0x02']
13:43:55.485  DEBUG   [poll]    -> read  st2mot    
13:43:55.492  DEBUG   [poll]    <- read  st2mot     ret=0  data=['0x00', '0x00']
13:43:55.492  DEBUG   [poll]    -> read  st0cur    
13:43:55.497  DEBUG   [poll]    <- read  st0cur     ret=0  data=['0xfd', '0x01', '0x01', '0x02']
13:43:56.498  DEBUG   [poll]    -> read  st2mot    
13:43:56.501  DEBUG   [poll]    <- read  st2mot     ret=0  data=['0x00', '0x00']
13:43:56.502  DEBUG   [poll]    -> read  st0cur    
13:43:56.506  DEBUG   [poll]    <- read  st0cur     ret=0  data=['0xfe', '0x01', '0x01', '0x02']
13:43:57.507  DEBUG   [poll]    -> read  st2mot    
13:43:57.511  DEBUG   [poll]    <- read  st2mot     ret=0  data=['0x00', '0x00']
13:43:57.511  DEBUG   [poll]    -> read  st0cur    
13:43:57.515  DEBUG   [poll]    <- read  st0cur     ret=0  data=['0xfe', '0x01', '0x01', '0x02']
13:43:58.517  DEBUG   [poll]    -> read  st2mot    
13:43:58.520  DEBUG   [poll]    <- read  st2mot     ret=0  data=['0x00', '0x00']
13:43:58.520  DEBUG   [poll]    -> read  st0cur    
13:43:58.525  DEBUG   [poll]    <- read  st0cur     ret=0  data=['0xfe', '0x01', '0x01', '0x02']
13:43:59.526  DEBUG   [poll]    -> read  st2mot    
13:43:59.529  DEBUG   [poll]    <- read  st2mot     ret=0  data=['0x00', '0x00']
13:43:59.530  DEBUG   [poll]    -> read  st0cur    
13:43:59.534  DEBUG   [poll]    <- read  st0cur     ret=0  data=['0xfe', '0x01', '0x01', '0x02']
13:44:00.536  DEBUG   [poll]    -> read  st2mot    
13:44:00.542  DEBUG   [poll]    <- read  st2mot     ret=0  data=['0x00', '0x00']
13:44:00.542  DEBUG   [poll]    -> read  st0cur    
13:44:00.546  DEBUG   [poll]    <- read  st0cur     ret=0  data=['0xfe', '0x01', '0x01', '0x02']
13:44:01.547  DEBUG   [poll]    -> read  st2mot    
13:44:01.551  DEBUG   [poll]    <- read  st2mot     ret=0  data=['0x00', '0x00']
13:44:01.551  DEBUG   [poll]    -> read  st0cur    
13:44:01.556  DEBUG   [poll]    <- read  st0cur     ret=0  data=['0xfd', '0x01', '0x01', '0x02']
13:44:02.557  DEBUG   [poll]    -> read  st2mot    
13:44:02.560  DEBUG   [poll]    <- read  st2mot     ret=0  data=['0x00', '0x00']
13:44:02.561  DEBUG   [poll]    -> read  st0cur    
13:44:02.565  DEBUG   [poll]    <- read  st0cur     ret=0  data=['0xfe', '0x01', '0x01', '0x02']
13:44:03.567  DEBUG   [poll]    -> read  st2mot    
13:44:03.570  DEBUG   [poll]    <- read  st2mot     ret=0  data=['0x00', '0x00']
13:44:03.570  DEBUG   [poll]    -> read  st0cur    
13:44:03.574  DEBUG   [poll]    <- read  st0cur     ret=0  data=['0xfe', '0x01', '0x01', '0x02']
13:44:04.576  DEBUG   [poll]    -> read  st2mot    
13:44:04.579  DEBUG   [poll]    <- read  st2mot     ret=0  data=['0x00', '0x00']
13:44:04.580  DEBUG   [poll]    -> read  st0cur    
13:44:04.584  DEBUG   [poll]    <- read  st0cur     ret=0  data=['0xfd', '0x01', '0x01', '0x02']
13:44:05.585  DEBUG   [poll]    -> read  st2mot    
13:44:05.592  DEBUG   [poll]    <- read  st2mot     ret=0  data=['0x00', '0x00']
13:44:05.593  DEBUG   [poll]    -> read  st0cur    
13:44:05.597  DEBUG   [poll]    <- read  st0cur     ret=0  data=['0xfe', '0x01', '0x02', '0x02']
13:44:06.598  DEBUG   [poll]    -> read  st2mot    
13:44:06.602  DEBUG   [poll]    <- read  st2mot     ret=0  data=['0x00', '0x00']
13:44:06.602  DEBUG   [poll]    -> read  st0cur    
13:44:06.606  DEBUG   [poll]    <- read  st0cur     ret=0  data=['0xfe', '0x01', '0x01', '0x02']
13:44:07.608  DEBUG   [poll]    -> read  st2mot    
13:44:07.611  DEBUG   [poll]    <- read  st2mot     ret=0  data=['0x00', '0x00']
13:44:07.612  DEBUG   [poll]    -> read  st0cur    
13:44:07.616  DEBUG   [poll]    <- read  st0cur     ret=0  data=['0xfe', '0x01', '0x02', '0x02']
13:44:08.617  DEBUG   [poll]    -> read  st2mot    
13:44:08.621  DEBUG   [poll]    <- read  st2mot     ret=0  data=['0x00', '0x00']
13:44:08.621  DEBUG   [poll]    -> read  st0cur    
13:44:08.626  DEBUG   [poll]    <- read  st0cur     ret=0  data=['0xfe', '0x01', '0x01', '0x02']
13:44:09.627  DEBUG   [poll]    -> read  st2mot    
13:44:09.630  DEBUG   [poll]    <- read  st2mot     ret=0  data=['0x00', '0x00']
13:44:09.631  DEBUG   [poll]    -> read  st0cur    
13:44:09.635  DEBUG   [poll]    <- read  st0cur     ret=0  data=['0xfe', '0x01', '0x02', '0x02']
13:44:10.636  DEBUG   [poll]    -> read  st2mot    
13:44:10.644  DEBUG   [poll]    <- read  st2mot     ret=0  data=['0x00', '0x00']
13:44:10.644  DEBUG   [poll]    -> read  st0cur    
13:44:10.649  DEBUG   [poll]    <- read  st0cur     ret=0  data=['0xfe', '0x01', '0x01', '0x02']
13:44:11.650  DEBUG   [poll]    -> read  st2mot    
13:44:11.653  DEBUG   [poll]    <- read  st2mot     ret=0  data=['0x00', '0x00']
13:44:11.654  DEBUG   [poll]    -> read  st0cur    
13:44:11.658  DEBUG   [poll]    <- read  st0cur     ret=0  data=['0xfe', '0x01', '0x01', '0x02']
13:44:12.660  DEBUG   [poll]    -> read  st2mot    
13:44:12.663  DEBUG   [poll]    <- read  st2mot     ret=0  data=['0x00', '0x00']
13:44:12.663  DEBUG   [poll]    -> read  st0cur    
13:44:12.667  DEBUG   [poll]    <- read  st0cur     ret=0  data=['0xfe', '0x01', '0x01', '0x02']
13:44:13.669  DEBUG   [poll]    -> read  st2mot    
13:44:13.672  DEBUG   [poll]    <- read  st2mot     ret=0  data=['0x00', '0x00']
13:44:13.673  DEBUG   [poll]    -> read  st0cur    
13:44:13.677  DEBUG   [poll]    <- read  st0cur     ret=0  data=['0xfe', '0x01', '0x01', '0x02']
13:44:14.678  DEBUG   [poll]    -> read  st2mot    
13:44:14.682  DEBUG   [poll]    <- read  st2mot     ret=0  data=['0x00', '0x00']
13:44:14.683  DEBUG   [poll]    -> read  st0cur    
13:44:14.687  DEBUG   [poll]    <- read  st0cur     ret=0  data=['0xfe', '0x01', '0x01', '0x02']
13:44:15.689  DEBUG   [poll]    -> read  st2mot    
13:44:15.696  DEBUG   [poll]    <- read  st2mot     ret=0  data=['0x00', '0x00']
13:44:15.696  DEBUG   [poll]    -> read  st0cur    
13:44:15.700  DEBUG   [poll]    <- read  st0cur     ret=0  data=['0xfe', '0x01', '0x01', '0x02']
13:44:16.702  DEBUG   [poll]    -> read  st2mot    
13:44:16.705  DEBUG   [poll]    <- read  st2mot     ret=0  data=['0x00', '0x00']
13:44:16.705  DEBUG   [poll]    -> read  st0cur    
13:44:16.710  DEBUG   [poll]    <- read  st0cur     ret=0  data=['0xfe', '0x01', '0x01', '0x02']
13:44:17.711  DEBUG   [poll]    -> read  st2mot    
13:44:17.715  DEBUG   [poll]    <- read  st2mot     ret=0  data=['0x00', '0x00']
13:44:17.715  DEBUG   [poll]    -> read  st0cur    
13:44:17.719  DEBUG   [poll]    <- read  st0cur     ret=0  data=['0xfe', '0x01', '0x01', '0x02']
13:44:18.721  DEBUG   [poll]    -> read  st2mot    
13:44:18.724  DEBUG   [poll]    <- read  st2mot     ret=0  data=['0x00', '0x00']
13:44:18.724  DEBUG   [poll]    -> read  st0cur    
13:44:18.728  DEBUG   [poll]    <- read  st0cur     ret=0  data=['0xfe', '0x01', '0x01', '0x02']
13:44:19.062  INFO    client connected
13:44:19.062  DEBUG   [client]  -> write cntl0mot   data=['0xf6', '0xf8']
13:44:19.066  DEBUG   [client]  -> write cntl3mot   data=['0x00', '0x00']
13:44:19.070  DEBUG   [client]  -> write cntl3mot   data=['0x03', '0xe8']
13:44:19.073  DEBUG   [client]  -> read  st2mot    
13:44:19.076  DEBUG   [client]  <- read  st2mot     ret=0  data=['0x00', '0x00']
13:44:19.077  DEBUG   [client]  -> read  st0cur    
13:44:19.081  DEBUG   [client]  <- read  st0cur     ret=0  data=['0xfe', '0x01', '0x01', '0x02']
13:44:19.274  DEBUG   [client]  -> read  st2mot    
13:44:19.276  DEBUG   [client]  <- read  st2mot     ret=0  data=['0x00', '0x00']
13:44:19.474  DEBUG   [client]  -> read  st2mot    
13:44:19.476  DEBUG   [client]  <- read  st2mot     ret=0  data=['0x00', '0x00']
13:44:19.674  DEBUG   [client]  -> read  st2mot    
13:44:19.677  DEBUG   [client]  <- read  st2mot     ret=0  data=['0x7d', '0x00']
13:44:19.730  DEBUG   [poll]    -> read  st2mot    
13:44:19.733  DEBUG   [poll]    <- read  st2mot     ret=0  data=['0x26', '0x02']
13:44:19.733  DEBUG   [poll]    -> read  st0cur    
13:44:19.738  DEBUG   [poll]    <- read  st0cur     ret=0  data=['0xfd', '0x01', '0x02', '0x02']
13:44:19.874  DEBUG   [client]  -> read  st2mot    
13:44:19.877  DEBUG   [client]  <- read  st2mot     ret=0  data=['0x9d', '0x03']
13:44:20.074  DEBUG   [client]  -> read  st2mot    
13:44:20.077  DEBUG   [client]  <- read  st2mot     ret=0  data=['0xb0', '0x04']
13:44:20.079  DEBUG   [client]  -> read  st0cur    
13:44:20.083  DEBUG   [client]  <- read  st0cur     ret=0  data=['0xfd', '0x01', '0x02', '0x02']
13:44:20.274  DEBUG   [client]  -> read  st2mot    
13:44:20.277  DEBUG   [client]  <- read  st2mot     ret=0  data=['0x7e', '0x04']
13:44:20.474  DEBUG   [client]  -> read  st2mot    
13:44:20.477  DEBUG   [client]  <- read  st2mot     ret=0  data=['0x33', '0x04']
13:44:20.674  DEBUG   [client]  -> read  st2mot    
13:44:20.677  DEBUG   [client]  <- read  st2mot     ret=0  data=['0x01', '0x04']
13:44:20.739  DEBUG   [poll]    -> read  st2mot    
13:44:20.747  DEBUG   [poll]    <- read  st2mot     ret=0  data=['0xe8', '0x03']
13:44:20.747  DEBUG   [poll]    -> read  st0cur    
13:44:20.752  DEBUG   [poll]    <- read  st0cur     ret=0  data=['0xf6', '0x01', '0xf6', '0x01']
13:44:20.874  DEBUG   [client]  -> read  st2mot    
13:44:20.877  DEBUG   [client]  <- read  st2mot     ret=0  data=['0xcf', '0x03']
13:44:21.074  DEBUG   [client]  -> read  st2mot    
13:44:21.077  DEBUG   [client]  <- read  st2mot     ret=0  data=['0xe8', '0x03']
13:44:21.079  DEBUG   [client]  -> read  st0cur    
13:44:21.083  DEBUG   [client]  <- read  st0cur     ret=0  data=['0xf6', '0x01', '0xf6', '0x01']
13:44:21.274  DEBUG   [client]  -> read  st2mot    
13:44:21.277  DEBUG   [client]  <- read  st2mot     ret=0  data=['0xcf', '0x03']
13:44:21.474  DEBUG   [client]  -> read  st2mot    
13:44:21.477  DEBUG   [client]  <- read  st2mot     ret=0  data=['0xe8', '0x03']
13:44:21.674  DEBUG   [client]  -> read  st2mot    
13:44:21.677  DEBUG   [client]  <- read  st2mot     ret=0  data=['0xe8', '0x03']
13:44:21.753  DEBUG   [poll]    -> read  st2mot    
13:44:21.757  DEBUG   [poll]    <- read  st2mot     ret=0  data=['0xcf', '0x03']
13:44:21.757  DEBUG   [poll]    -> read  st0cur    
13:44:21.761  DEBUG   [poll]    <- read  st0cur     ret=0  data=['0xf6', '0x01', '0xf8', '0x01']
13:44:21.874  DEBUG   [client]  -> read  st2mot    
13:44:21.877  DEBUG   [client]  <- read  st2mot     ret=0  data=['0xcf', '0x03']
13:44:22.074  DEBUG   [client]  -> read  st2mot    
13:44:22.077  DEBUG   [client]  <- read  st2mot     ret=0  data=['0xe8', '0x03']
13:44:22.079  DEBUG   [client]  -> read  st0cur    
13:44:22.083  DEBUG   [client]  <- read  st0cur     ret=0  data=['0xf6', '0x01', '0xf8', '0x01']
13:44:22.274  DEBUG   [client]  -> read  st2mot    
13:44:22.277  DEBUG   [client]  <- read  st2mot     ret=0  data=['0xe8', '0x03']
13:44:22.474  DEBUG   [client]  -> read  st2mot    
13:44:22.477  DEBUG   [client]  <- read  st2mot     ret=0  data=['0xe8', '0x03']
13:44:22.674  DEBUG   [client]  -> read  st2mot    
13:44:22.677  DEBUG   [client]  <- read  st2mot     ret=0  data=['0xe8', '0x03']
13:44:22.763  DEBUG   [poll]    -> read  st2mot    
13:44:22.766  DEBUG   [poll]    <- read  st2mot     ret=0  data=['0xe8', '0x03']
13:44:22.766  DEBUG   [poll]    -> read  st0cur    
13:44:22.771  DEBUG   [poll]    <- read  st0cur     ret=0  data=['0xf5', '0x01', '0xf6', '0x01']
13:44:22.874  DEBUG   [client]  -> read  st2mot    
13:44:22.877  DEBUG   [client]  <- read  st2mot     ret=0  data=['0xe8', '0x03']
13:44:23.074  DEBUG   [client]  -> read  st2mot    
13:44:23.077  DEBUG   [client]  <- read  st2mot     ret=0  data=['0x01', '0x04']
13:44:23.079  DEBUG   [client]  -> read  st0cur    
13:44:23.083  DEBUG   [client]  <- read  st0cur     ret=0  data=['0xf5', '0x01', '0xf6', '0x01']
13:44:23.274  DEBUG   [client]  -> read  st2mot    
13:44:23.277  DEBUG   [client]  <- read  st2mot     ret=0  data=['0xe8', '0x03']
13:44:23.474  DEBUG   [client]  -> read  st2mot    
13:44:23.477  DEBUG   [client]  <- read  st2mot     ret=0  data=['0xe8', '0x03']
13:44:23.674  DEBUG   [client]  -> read  st2mot    
13:44:23.677  DEBUG   [client]  <- read  st2mot     ret=0  data=['0xe8', '0x03']
13:44:23.772  DEBUG   [poll]    -> read  st2mot    
13:44:23.776  DEBUG   [poll]    <- read  st2mot     ret=0  data=['0xe8', '0x03']
13:44:23.776  DEBUG   [poll]    -> read  st0cur    
13:44:23.780  DEBUG   [poll]    <- read  st0cur     ret=0  data=['0xf6', '0x01', '0xf8', '0x01']
13:44:23.874  DEBUG   [client]  -> read  st2mot    
13:44:23.877  DEBUG   [client]  <- read  st2mot     ret=0  data=['0xe8', '0x03']
13:44:24.074  DEBUG   [client]  -> read  st2mot    
13:44:24.077  DEBUG   [client]  <- read  st2mot     ret=0  data=['0xcf', '0x03']
13:44:24.079  DEBUG   [client]  -> read  st0cur    
13:44:24.083  DEBUG   [client]  <- read  st0cur     ret=0  data=['0xf6', '0x01', '0xf8', '0x01']
13:44:24.274  DEBUG   [client]  -> read  st2mot    
13:44:24.277  DEBUG   [client]  <- read  st2mot     ret=0  data=['0xe8', '0x03']
13:44:24.474  DEBUG   [client]  -> read  st2mot    
13:44:24.477  DEBUG   [client]  <- read  st2mot     ret=0  data=['0xe8', '0x03']
13:44:24.674  DEBUG   [client]  -> read  st2mot    
13:44:24.677  DEBUG   [client]  <- read  st2mot     ret=0  data=['0xcf', '0x03']
13:44:24.782  DEBUG   [poll]    -> read  st2mot    
13:44:24.785  DEBUG   [poll]    <- read  st2mot     ret=0  data=['0xe8', '0x03']
13:44:24.786  DEBUG   [poll]    -> read  st0cur    
13:44:24.790  DEBUG   [poll]    <- read  st0cur     ret=0  data=['0xf7', '0x01', '0xf7', '0x01']
13:44:24.874  DEBUG   [client]  -> read  st2mot    
13:44:24.877  DEBUG   [client]  <- read  st2mot     ret=0  data=['0xe8', '0x03']
13:44:25.074  DEBUG   [client]  -> read  st2mot    
13:44:25.077  DEBUG   [client]  <- read  st2mot     ret=0  data=['0xe8', '0x03']
13:44:25.079  DEBUG   [client]  -> read  st0cur    
13:44:25.083  DEBUG   [client]  <- read  st0cur     ret=0  data=['0xf7', '0x01', '0xf7', '0x01']
13:44:25.274  DEBUG   [client]  -> read  st2mot    
13:44:25.277  DEBUG   [client]  <- read  st2mot     ret=0  data=['0xe8', '0x03']
13:44:25.474  DEBUG   [client]  -> read  st2mot    
13:44:25.477  DEBUG   [client]  <- read  st2mot     ret=0  data=['0xe8', '0x03']
13:44:25.674  DEBUG   [client]  -> read  st2mot    
13:44:25.677  DEBUG   [client]  <- read  st2mot     ret=0  data=['0xe8', '0x03']
13:44:25.791  DEBUG   [poll]    -> read  st2mot    
13:44:25.795  DEBUG   [poll]    <- read  st2mot     ret=0  data=['0x01', '0x04']
13:44:25.795  DEBUG   [poll]    -> read  st0cur    
13:44:25.799  DEBUG   [poll]    <- read  st0cur     ret=0  data=['0xf4', '0x01', '0xf6', '0x01']
13:44:25.874  DEBUG   [client]  -> read  st2mot    
13:44:25.877  DEBUG   [client]  <- read  st2mot     ret=0  data=['0xe8', '0x03']
13:44:25.879  DEBUG   [client]  -> write cntl3mot   data=['0x03', '0x20']
13:44:26.135  DEBUG   [client]  -> write cntl3mot   data=['0x02', '0x58']
13:44:26.391  DEBUG   [client]  -> write cntl3mot   data=['0x01', '0x90']
13:44:26.646  DEBUG   [client]  -> write cntl3mot   data=['0x00', '0xc8']
13:44:26.801  DEBUG   [poll]    -> read  st2mot    
13:44:26.805  DEBUG   [poll]    <- read  st2mot     ret=0  data=['0x5e', '0x01']
13:44:26.805  DEBUG   [poll]    -> read  st0cur    
13:44:26.809  DEBUG   [poll]    <- read  st0cur     ret=0  data=['0xf7', '0x01', '0xf8', '0x01']
13:44:26.902  DEBUG   [client]  -> write cntl3mot   data=['0x00', '0x00']
13:44:26.907  WARNING client disconnected — stopping motor
13:44:26.908  DEBUG   [client]  -> write cntl3mot   data=['0x00', '0x00']
13:44:26.912  INFO    client disconnected
13:44:27.811  DEBUG   [poll]    -> read  st2mot    
13:44:27.814  DEBUG   [poll]    <- read  st2mot     ret=0  data=['0x00', '0x00']
13:44:27.815  DEBUG   [poll]    -> read  st0cur    
13:44:27.819  DEBUG   [poll]    <- read  st0cur     ret=0  data=['0xfb', '0x01', '0xfe', '0x01']
13:44:27.819  WARNING *** OBSERVED STALL SIGNATURE (not acted on yet) — current=-0.24A while rpm=0 ***
13:44:28.821  DEBUG   [poll]    -> read  st2mot    
13:44:28.824  DEBUG   [poll]    <- read  st2mot     ret=0  data=['0x00', '0x00']
13:44:28.825  DEBUG   [poll]    -> read  st0cur    
13:44:28.829  DEBUG   [poll]    <- read  st0cur     ret=0  data=['0xfe', '0x01', '0x01', '0x02']
13:44:29.830  DEBUG   [poll]    -> read  st2mot    
13:44:29.834  DEBUG   [poll]    <- read  st2mot     ret=0  data=['0x00', '0x00']
13:44:29.834  DEBUG   [poll]    -> read  st0cur    
13:44:29.838  DEBUG   [poll]    <- read  st0cur     ret=0  data=['0xfe', '0x01', '0x01', '0x02']
13:44:30.840  DEBUG   [poll]    -> read  st2mot    
13:44:30.843  DEBUG   [poll]    <- read  st2mot     ret=0  data=['0x00', '0x00']
13:44:30.844  DEBUG   [poll]    -> read  st0cur    
13:44:30.848  DEBUG   [poll]    <- read  st0cur     ret=0  data=['0xfe', '0x01', '0x01', '0x02']
13:44:31.850  DEBUG   [poll]    -> read  st2mot    
13:44:31.853  DEBUG   [poll]    <- read  st2mot     ret=0  data=['0x00', '0x00']
13:44:31.853  DEBUG   [poll]    -> read  st0cur    
13:44:31.857  DEBUG   [poll]    <- read  st0cur     ret=0  data=['0xfe', '0x01', '0x01', '0x02']
13:44:32.859  DEBUG   [poll]    -> read  st2mot    
13:44:32.862  DEBUG   [poll]    <- read  st2mot     ret=0  data=['0x00', '0x00']
13:44:32.863  DEBUG   [poll]    -> read  st0cur    
13:44:32.867  DEBUG   [poll]    <- read  st0cur     ret=0  data=['0xfd', '0x01', '0x01', '0x02']
13:44:33.869  DEBUG   [poll]    -> read  st2mot    
13:44:33.872  DEBUG   [poll]    <- read  st2mot     ret=0  data=['0x00', '0x00']
13:44:33.872  DEBUG   [poll]    -> read  st0cur    
13:44:33.877  DEBUG   [poll]    <- read  st0cur     ret=0  data=['0xfd', '0x01', '0x01', '0x02']
13:44:34.878  DEBUG   [poll]    -> read  st2mot    
13:44:34.882  DEBUG   [poll]    <- read  st2mot     ret=0  data=['0x00', '0x00']
13:44:34.882  DEBUG   [poll]    -> read  st0cur    
13:44:34.886  DEBUG   [poll]    <- read  st0cur     ret=0  data=['0xfe', '0x01', '0x01', '0x02']
13:44:35.888  DEBUG   [poll]    -> read  st2mot    
13:44:35.895  DEBUG   [poll]    <- read  st2mot     ret=0  data=['0x00', '0x00']
13:44:35.895  DEBUG   [poll]    -> read  st0cur    
13:44:35.900  DEBUG   [poll]    <- read  st0cur     ret=0  data=['0xfd', '0x01', '0x01', '0x02']
13:44:36.901  DEBUG   [poll]    -> read  st2mot    
13:44:36.905  DEBUG   [poll]    <- read  st2mot     ret=0  data=['0x00', '0x00']
13:44:36.905  DEBUG   [poll]    -> read  st0cur    
13:44:36.909  DEBUG   [poll]    <- read  st0cur     ret=0  data=['0xfd', '0x01', '0x01', '0x02']
13:44:37.911  DEBUG   [poll]    -> read  st2mot    
13:44:37.914  DEBUG   [poll]    <- read  st2mot     ret=0  data=['0x00', '0x00']
13:44:37.914  DEBUG   [poll]    -> read  st0cur    
13:44:37.919  DEBUG   [poll]    <- read  st0cur     ret=0  data=['0xfe', '0x01', '0x01', '0x02']
13:44:38.920  DEBUG   [poll]    -> read  st2mot    
13:44:38.923  DEBUG   [poll]    <- read  st2mot     ret=0  data=['0x00', '0x00']
13:44:38.924  DEBUG   [poll]    -> read  st0cur    
13:44:38.928  DEBUG   [poll]    <- read  st0cur     ret=0  data=['0xfe', '0x01', '0x01', '0x02']
13:44:39.929  DEBUG   [poll]    -> read  st2mot    
13:44:39.933  DEBUG   [poll]    <- read  st2mot     ret=0  data=['0x00', '0x00']
13:44:39.933  DEBUG   [poll]    -> read  st0cur    
13:44:39.937  DEBUG   [poll]    <- read  st0cur     ret=0  data=['0xfe', '0x01', '0x01', '0x02']
13:44:40.939  DEBUG   [poll]    -> read  st2mot    
13:44:40.945  DEBUG   [poll]    <- read  st2mot     ret=0  data=['0x00', '0x00']
13:44:40.946  DEBUG   [poll]    -> read  st0cur    
13:44:40.950  DEBUG   [poll]    <- read  st0cur     ret=0  data=['0xfe', '0x01', '0x01', '0x02']
13:44:41.952  DEBUG   [poll]    -> read  st2mot    
13:44:41.955  DEBUG   [poll]    <- read  st2mot     ret=0  data=['0x00', '0x00']
13:44:41.955  DEBUG   [poll]    -> read  st0cur    
13:44:41.959  DEBUG   [poll]    <- read  st0cur     ret=0  data=['0xfe', '0x01', '0x01', '0x02']
13:44:42.961  DEBUG   [poll]    -> read  st2mot    
13:44:42.964  DEBUG   [poll]    <- read  st2mot     ret=0  data=['0x00', '0x00']
13:44:42.965  DEBUG   [poll]    -> read  st0cur    
13:44:42.969  DEBUG   [poll]    <- read  st0cur     ret=0  data=['0xfd', '0x01', '0x01', '0x02']
13:44:43.970  DEBUG   [poll]    -> read  st2mot    
13:44:43.974  DEBUG   [poll]    <- read  st2mot     ret=0  data=['0x00', '0x00']
13:44:43.974  DEBUG   [poll]    -> read  st0cur    
13:44:43.978  DEBUG   [poll]    <- read  st0cur     ret=0  data=['0xfe', '0x01', '0x01', '0x02']
13:44:44.980  DEBUG   [poll]    -> read  st2mot    
13:44:44.983  DEBUG   [poll]    <- read  st2mot     ret=0  data=['0x00', '0x00']
13:44:44.984  DEBUG   [poll]    -> read  st0cur    
13:44:44.988  DEBUG   [poll]    <- read  st0cur     ret=0  data=['0xfe', '0x01', '0x01', '0x02']
13:44:45.989  DEBUG   [poll]    -> read  st2mot    
13:44:45.996  DEBUG   [poll]    <- read  st2mot     ret=0  data=['0x00', '0x00']
13:44:45.997  DEBUG   [poll]    -> read  st0cur    
13:44:46.001  DEBUG   [poll]    <- read  st0cur     ret=0  data=['0xfe', '0x01', '0x01', '0x02']
13:44:47.003  DEBUG   [poll]    -> read  st2mot    
13:44:47.006  DEBUG   [poll]    <- read  st2mot     ret=0  data=['0x00', '0x00']
13:44:47.007  DEBUG   [poll]    -> read  st0cur    
13:44:47.011  DEBUG   [poll]    <- read  st0cur     ret=0  data=['0xfe', '0x01', '0x01', '0x02']
13:44:48.012  DEBUG   [poll]    -> read  st2mot    
13:44:48.015  DEBUG   [poll]    <- read  st2mot     ret=0  data=['0x00', '0x00']
13:44:48.016  DEBUG   [poll]    -> read  st0cur    
13:44:48.020  DEBUG   [poll]    <- read  st0cur     ret=0  data=['0xfe', '0x01', '0x01', '0x02']
13:44:49.022  DEBUG   [poll]    -> read  st2mot    
13:44:49.025  DEBUG   [poll]    <- read  st2mot     ret=0  data=['0x00', '0x00']
13:44:49.025  DEBUG   [poll]    -> read  st0cur    
13:44:49.030  DEBUG   [poll]    <- read  st0cur     ret=0  data=['0xfe', '0x01', '0x01', '0x02']
13:44:50.031  DEBUG   [poll]    -> read  st2mot    
13:44:50.034  DEBUG   [poll]    <- read  st2mot     ret=0  data=['0x00', '0x00']
13:44:50.035  DEBUG   [poll]    -> read  st0cur    
13:44:50.039  DEBUG   [poll]    <- read  st0cur     ret=0  data=['0xfe', '0x01', '0x01', '0x02']
13:44:51.040  DEBUG   [poll]    -> read  st2mot    
13:44:51.047  DEBUG   [poll]    <- read  st2mot     ret=0  data=['0x00', '0x00']
13:44:51.048  DEBUG   [poll]    -> read  st0cur    
13:44:51.052  DEBUG   [poll]    <- read  st0cur     ret=0  data=['0xfe', '0x01', '0x01', '0x02']
13:44:52.053  DEBUG   [poll]    -> read  st2mot    
13:44:52.057  DEBUG   [poll]    <- read  st2mot     ret=0  data=['0x00', '0x00']
13:44:52.057  DEBUG   [poll]    -> read  st0cur    
13:44:52.061  DEBUG   [poll]    <- read  st0cur     ret=0  data=['0xfe', '0x01', '0x02', '0x02']
13:44:53.063  DEBUG   [poll]    -> read  st2mot    
13:44:53.066  DEBUG   [poll]    <- read  st2mot     ret=0  data=['0x00', '0x00']
13:44:53.066  DEBUG   [poll]    -> read  st0cur    
13:44:53.071  DEBUG   [poll]    <- read  st0cur     ret=0  data=['0xfe', '0x01', '0x02', '0x02']
13:44:54.072  DEBUG   [poll]    -> read  st2mot    
13:44:54.075  DEBUG   [poll]    <- read  st2mot     ret=0  data=['0x00', '0x00']
13:44:54.076  DEBUG   [poll]    -> read  st0cur    
13:44:54.080  DEBUG   [poll]    <- read  st0cur     ret=0  data=['0xfd', '0x01', '0x01', '0x02']
13:44:55.082  DEBUG   [poll]    -> read  st2mot    
13:44:55.085  DEBUG   [poll]    <- read  st2mot     ret=0  data=['0x00', '0x00']
13:44:55.085  DEBUG   [poll]    -> read  st0cur    
13:44:55.089  DEBUG   [poll]    <- read  st0cur     ret=0  data=['0xfe', '0x01', '0x01', '0x02']
13:44:56.091  DEBUG   [poll]    -> read  st2mot    
13:44:56.098  DEBUG   [poll]    <- read  st2mot     ret=0  data=['0x00', '0x00']
13:44:56.098  DEBUG   [poll]    -> read  st0cur    
13:44:56.103  DEBUG   [poll]    <- read  st0cur     ret=0  data=['0xfe', '0x01', '0x01', '0x02']
13:44:57.104  DEBUG   [poll]    -> read  st2mot    
13:44:57.107  DEBUG   [poll]    <- read  st2mot     ret=0  data=['0x00', '0x00']
13:44:57.108  DEBUG   [poll]    -> read  st0cur    
13:44:57.112  DEBUG   [poll]    <- read  st0cur     ret=0  data=['0xfe', '0x01', '0x01', '0x02']
13:44:58.114  DEBUG   [poll]    -> read  st2mot    
13:44:58.117  DEBUG   [poll]    <- read  st2mot     ret=0  data=['0x00', '0x00']
13:44:58.117  DEBUG   [poll]    -> read  st0cur    
13:44:58.122  DEBUG   [poll]    <- read  st0cur     ret=0  data=['0xfe', '0x01', '0x01', '0x02']
13:44:59.123  DEBUG   [poll]    -> read  st2mot    
13:44:59.126  DEBUG   [poll]    <- read  st2mot     ret=0  data=['0x00', '0x00']
13:44:59.127  DEBUG   [poll]    -> read  st0cur    
13:44:59.131  DEBUG   [poll]    <- read  st0cur     ret=0  data=['0xfe', '0x01', '0x01', '0x02']
13:45:00.132  DEBUG   [poll]    -> read  st2mot    
13:45:00.136  DEBUG   [poll]    <- read  st2mot     ret=0  data=['0x00', '0x00']
13:45:00.136  DEBUG   [poll]    -> read  st0cur    
13:45:00.140  DEBUG   [poll]    <- read  st0cur     ret=0  data=['0xfe', '0x01', '0x01', '0x02']
13:45:01.142  DEBUG   [poll]    -> read  st2mot    
13:45:01.148  DEBUG   [poll]    <- read  st2mot     ret=0  data=['0x00', '0x00']
13:45:01.149  DEBUG   [poll]    -> read  st0cur    
13:45:01.153  DEBUG   [poll]    <- read  st0cur     ret=0  data=['0xfe', '0x01', '0x01', '0x02']
13:45:02.155  DEBUG   [poll]    -> read  st2mot    
13:45:02.158  DEBUG   [poll]    <- read  st2mot     ret=0  data=['0x00', '0x00']
13:45:02.158  DEBUG   [poll]    -> read  st0cur    
13:45:02.162  DEBUG   [poll]    <- read  st0cur     ret=0  data=['0xfe', '0x01', '0x01', '0x02']
13:45:03.164  DEBUG   [poll]    -> read  st2mot    
13:45:03.167  DEBUG   [poll]    <- read  st2mot     ret=0  data=['0x00', '0x00']
13:45:03.168  DEBUG   [poll]    -> read  st0cur    
13:45:03.172  DEBUG   [poll]    <- read  st0cur     ret=0  data=['0xfe', '0x01', '0x01', '0x02']
13:45:04.173  DEBUG   [poll]    -> read  st2mot    
13:45:04.177  DEBUG   [poll]    <- read  st2mot     ret=0  data=['0x00', '0x00']
13:45:04.177  DEBUG   [poll]    -> read  st0cur    
13:45:04.181  DEBUG   [poll]    <- read  st0cur     ret=0  data=['0xfe', '0x01', '0x01', '0x02']
13:45:05.183  DEBUG   [poll]    -> read  st2mot    
13:45:05.186  DEBUG   [poll]    <- read  st2mot     ret=0  data=['0x00', '0x00']
13:45:05.186  DEBUG   [poll]    -> read  st0cur    
13:45:05.191  DEBUG   [poll]    <- read  st0cur     ret=0  data=['0xfe', '0x01', '0x01', '0x02']
13:45:06.192  DEBUG   [poll]    -> read  st2mot    
13:45:06.199  DEBUG   [poll]    <- read  st2mot     ret=0  data=['0x00', '0x00']
13:45:06.199  DEBUG   [poll]    -> read  st0cur    
13:45:06.203  DEBUG   [poll]    <- read  st0cur     ret=0  data=['0xfe', '0x01', '0x01', '0x02']
13:45:07.205  DEBUG   [poll]    -> read  st2mot    
13:45:07.208  DEBUG   [poll]    <- read  st2mot     ret=0  data=['0x00', '0x00']
13:45:07.209  DEBUG   [poll]    -> read  st0cur    
13:45:07.213  DEBUG   [poll]    <- read  st0cur     ret=0  data=['0xfe', '0x01', '0x01', '0x02']
13:45:08.214  DEBUG   [poll]    -> read  st2mot    
13:45:08.218  DEBUG   [poll]    <- read  st2mot     ret=0  data=['0x00', '0x00']
13:45:08.218  DEBUG   [poll]    -> read  st0cur    
13:45:08.222  DEBUG   [poll]    <- read  st0cur     ret=0  data=['0xfe', '0x01', '0x01', '0x02']
13:45:09.224  DEBUG   [poll]    -> read  st2mot    
13:45:09.227  DEBUG   [poll]    <- read  st2mot     ret=0  data=['0x00', '0x00']
13:45:09.228  DEBUG   [poll]    -> read  st0cur    
13:45:09.232  DEBUG   [poll]    <- read  st0cur     ret=0  data=['0xfe', '0x01', '0x01', '0x02']
13:45:10.233  DEBUG   [poll]    -> read  st2mot    
13:45:10.237  DEBUG   [poll]    <- read  st2mot     ret=0  data=['0x00', '0x00']
13:45:10.237  DEBUG   [poll]    -> read  st0cur    
13:45:10.241  DEBUG   [poll]    <- read  st0cur     ret=0  data=['0xfe', '0x01', '0x01', '0x02']
13:45:11.243  DEBUG   [poll]    -> read  st2mot    
13:45:11.250  DEBUG   [poll]    <- read  st2mot     ret=0  data=['0x00', '0x00']
13:45:11.250  DEBUG   [poll]    -> read  st0cur    
13:45:11.254  DEBUG   [poll]    <- read  st0cur     ret=0  data=['0xfe', '0x01', '0x01', '0x02']
13:45:12.256  DEBUG   [poll]    -> read  st2mot    
13:45:12.259  DEBUG   [poll]    <- read  st2mot     ret=0  data=['0x00', '0x00']
13:45:12.260  DEBUG   [poll]    -> read  st0cur    
13:45:12.264  DEBUG   [poll]    <- read  st0cur     ret=0  data=['0xfe', '0x01', '0x01', '0x02']
13:45:13.265  DEBUG   [poll]    -> read  st2mot    
13:45:13.269  DEBUG   [poll]    <- read  st2mot     ret=0  data=['0x00', '0x00']
13:45:13.269  DEBUG   [poll]    -> read  st0cur    
13:45:13.273  DEBUG   [poll]    <- read  st0cur     ret=0  data=['0xfe', '0x01', '0x01', '0x02']
13:45:14.275  DEBUG   [poll]    -> read  st2mot    
13:45:14.278  DEBUG   [poll]    <- read  st2mot     ret=0  data=['0x00', '0x00']
13:45:14.278  DEBUG   [poll]    -> read  st0cur    
13:45:14.282  DEBUG   [poll]    <- read  st0cur     ret=0  data=['0xfe', '0x01', '0x01', '0x02']
13:45:15.284  DEBUG   [poll]    -> read  st2mot    
13:45:15.287  DEBUG   [poll]    <- read  st2mot     ret=0  data=['0x00', '0x00']
13:45:15.288  DEBUG   [poll]    -> read  st0cur    
13:45:15.292  DEBUG   [poll]    <- read  st0cur     ret=0  data=['0xfe', '0x01', '0x01', '0x02']
13:45:16.293  DEBUG   [poll]    -> read  st2mot    
13:45:16.300  DEBUG   [poll]    <- read  st2mot     ret=0  data=['0x00', '0x00']
13:45:16.301  DEBUG   [poll]    -> read  st0cur    
13:45:16.305  DEBUG   [poll]    <- read  st0cur     ret=0  data=['0xfd', '0x01', '0x01', '0x02']
13:45:17.306  DEBUG   [poll]    -> read  st2mot    
13:45:17.310  DEBUG   [poll]    <- read  st2mot     ret=0  data=['0x00', '0x00']
13:45:17.310  DEBUG   [poll]    -> read  st0cur    
13:45:17.314  DEBUG   [poll]    <- read  st0cur     ret=0  data=['0xfd', '0x01', '0x01', '0x02']
13:45:18.316  DEBUG   [poll]    -> read  st2mot    
13:45:18.319  DEBUG   [poll]    <- read  st2mot     ret=0  data=['0x00', '0x00']
13:45:18.320  DEBUG   [poll]    -> read  st0cur    
13:45:18.324  DEBUG   [poll]    <- read  st0cur     ret=0  data=['0xfe', '0x01', '0x01', '0x02']
13:45:19.325  DEBUG   [poll]    -> read  st2mot    
13:45:19.329  DEBUG   [poll]    <- read  st2mot     ret=0  data=['0x00', '0x00']
13:45:19.329  DEBUG   [poll]    -> read  st0cur    
13:45:19.333  DEBUG   [poll]    <- read  st0cur     ret=0  data=['0xfe', '0x01', '0x01', '0x02']
13:45:20.335  DEBUG   [poll]    -> read  st2mot    
13:45:20.338  DEBUG   [poll]    <- read  st2mot     ret=0  data=['0x00', '0x00']
13:45:20.338  DEBUG   [poll]    -> read  st0cur    
13:45:20.342  DEBUG   [poll]    <- read  st0cur     ret=0  data=['0xfe', '0x01', '0x01', '0x02']
13:45:21.344  DEBUG   [poll]    -> read  st2mot    
13:45:21.351  DEBUG   [poll]    <- read  st2mot     ret=0  data=['0x00', '0x00']
13:45:21.352  DEBUG   [poll]    -> read  st0cur    
13:45:21.356  DEBUG   [poll]    <- read  st0cur     ret=0  data=['0xfe', '0x01', '0x01', '0x02']
13:45:22.358  DEBUG   [poll]    -> read  st2mot    
13:45:22.361  DEBUG   [poll]    <- read  st2mot     ret=0  data=['0x00', '0x00']
13:45:22.361  DEBUG   [poll]    -> read  st0cur    
13:45:22.366  DEBUG   [poll]    <- read  st0cur     ret=0  data=['0xfe', '0x01', '0x01', '0x02']
13:45:23.367  DEBUG   [poll]    -> read  st2mot    
13:45:23.370  DEBUG   [poll]    <- read  st2mot     ret=0  data=['0x00', '0x00']
13:45:23.371  DEBUG   [poll]    -> read  st0cur    
13:45:23.375  DEBUG   [poll]    <- read  st0cur     ret=0  data=['0xfe', '0x01', '0x01', '0x02']
13:45:24.376  DEBUG   [poll]    -> read  st2mot    
13:45:24.380  DEBUG   [poll]    <- read  st2mot     ret=0  data=['0x00', '0x00']
13:45:24.380  DEBUG   [poll]    -> read  st0cur    
13:45:24.384  DEBUG   [poll]    <- read  st0cur     ret=0  data=['0xfe', '0x01', '0x01', '0x02']
13:45:25.386  DEBUG   [poll]    -> read  st2mot    
13:45:25.389  DEBUG   [poll]    <- read  st2mot     ret=0  data=['0x00', '0x00']
13:45:25.390  DEBUG   [poll]    -> read  st0cur    
13:45:25.394  DEBUG   [poll]    <- read  st0cur     ret=0  data=['0xfe', '0x01', '0x01', '0x02']
13:45:26.395  DEBUG   [poll]    -> read  st2mot    
13:45:26.402  DEBUG   [poll]    <- read  st2mot     ret=0  data=['0x00', '0x00']
13:45:26.402  DEBUG   [poll]    -> read  st0cur    
13:45:26.407  DEBUG   [poll]    <- read  st0cur     ret=0  data=['0xfe', '0x01', '0x01', '0x02']
13:45:27.408  DEBUG   [poll]    -> read  st2mot    
13:45:27.412  DEBUG   [poll]    <- read  st2mot     ret=0  data=['0x00', '0x00']
13:45:27.412  DEBUG   [poll]    -> read  st0cur    
13:45:27.416  DEBUG   [poll]    <- read  st0cur     ret=0  data=['0xfe', '0x01', '0x01', '0x02']
13:45:28.418  DEBUG   [poll]    -> read  st2mot    
13:45:28.421  DEBUG   [poll]    <- read  st2mot     ret=0  data=['0x00', '0x00']
13:45:28.421  DEBUG   [poll]    -> read  st0cur    
13:45:28.426  DEBUG   [poll]    <- read  st0cur     ret=0  data=['0xfe', '0x01', '0x01', '0x02']
13:45:29.427  DEBUG   [poll]    -> read  st2mot    
13:45:29.430  DEBUG   [poll]    <- read  st2mot     ret=0  data=['0x00', '0x00']
13:45:29.431  DEBUG   [poll]    -> read  st0cur    
13:45:29.435  DEBUG   [poll]    <- read  st0cur     ret=0  data=['0xfe', '0x01', '0x01', '0x02']
13:45:30.436  DEBUG   [poll]    -> read  st2mot    
13:45:30.440  DEBUG   [poll]    <- read  st2mot     ret=0  data=['0x00', '0x00']
13:45:30.440  DEBUG   [poll]    -> read  st0cur    
13:45:30.444  DEBUG   [poll]    <- read  st0cur     ret=0  data=['0xfe', '0x01', '0x01', '0x02']
13:45:31.446  DEBUG   [poll]    -> read  st2mot    
13:45:31.453  DEBUG   [poll]    <- read  st2mot     ret=0  data=['0x00', '0x00']
13:45:31.453  DEBUG   [poll]    -> read  st0cur    
13:45:31.457  DEBUG   [poll]    <- read  st0cur     ret=0  data=['0xfe', '0x01', '0x01', '0x02']
13:45:32.459  DEBUG   [poll]    -> read  st2mot    
13:45:32.462  DEBUG   [poll]    <- read  st2mot     ret=0  data=['0x00', '0x00']
13:45:32.463  DEBUG   [poll]    -> read  st0cur    
13:45:32.467  DEBUG   [poll]    <- read  st0cur     ret=0  data=['0xfe', '0x01', '0x01', '0x02']
13:45:33.468  DEBUG   [poll]    -> read  st2mot    
13:45:33.472  DEBUG   [poll]    <- read  st2mot     ret=0  data=['0x00', '0x00']
13:45:33.472  DEBUG   [poll]    -> read  st0cur    
13:45:33.476  DEBUG   [poll]    <- read  st0cur     ret=0  data=['0xfe', '0x01', '0x01', '0x02']
13:45:34.478  DEBUG   [poll]    -> read  st2mot    
13:45:34.481  DEBUG   [poll]    <- read  st2mot     ret=0  data=['0x00', '0x00']
13:45:34.482  DEBUG   [poll]    -> read  st0cur    
13:45:34.486  DEBUG   [poll]    <- read  st0cur     ret=0  data=['0xfe', '0x01', '0x01', '0x02']
13:45:35.487  DEBUG   [poll]    -> read  st2mot    
13:45:35.491  DEBUG   [poll]    <- read  st2mot     ret=0  data=['0x00', '0x00']
13:45:35.491  DEBUG   [poll]    -> read  st0cur    
13:45:35.495  DEBUG   [poll]    <- read  st0cur     ret=0  data=['0xfe', '0x01', '0x01', '0x02']
13:45:36.497  DEBUG   [poll]    -> read  st2mot    
13:45:36.503  DEBUG   [poll]    <- read  st2mot     ret=0  data=['0x00', '0x00']
13:45:36.503  DEBUG   [poll]    -> read  st0cur    
13:45:36.508  DEBUG   [poll]    <- read  st0cur     ret=0  data=['0xfe', '0x01', '0x01', '0x02']
13:45:37.509  DEBUG   [poll]    -> read  st2mot    
13:45:37.513  DEBUG   [poll]    <- read  st2mot     ret=0  data=['0x00', '0x00']
13:45:37.513  DEBUG   [poll]    -> read  st0cur    
13:45:37.517  DEBUG   [poll]    <- read  st0cur     ret=0  data=['0xfe', '0x01', '0x01', '0x02']
13:45:38.519  DEBUG   [poll]    -> read  st2mot    
13:45:38.522  DEBUG   [poll]    <- read  st2mot     ret=0  data=['0x00', '0x00']
13:45:38.522  DEBUG   [poll]    -> read  st0cur    
13:45:38.526  DEBUG   [poll]    <- read  st0cur     ret=0  data=['0xfe', '0x01', '0x01', '0x02']
13:45:38.719  INFO    client connected
13:45:38.720  DEBUG   [client]  -> write cntl0mot   data=['0xf6', '0xfa']
13:45:38.723  DEBUG   [client]  -> write cntl3mot   data=['0x00', '0x00']
13:45:38.727  DEBUG   [client]  -> write cntl3mot   data=['0x03', '0xe8']
13:45:38.730  DEBUG   [client]  -> read  st2mot    
13:45:38.733  DEBUG   [client]  <- read  st2mot     ret=0  data=['0x00', '0x00']
13:45:38.734  DEBUG   [client]  -> read  st0cur    
13:45:38.738  DEBUG   [client]  <- read  st0cur     ret=0  data=['0xfe', '0x01', '0x01', '0x02']
13:45:38.931  DEBUG   [client]  -> read  st2mot    
13:45:38.934  DEBUG   [client]  <- read  st2mot     ret=0  data=['0x00', '0x00']
13:45:39.131  DEBUG   [client]  -> read  st2mot    
13:45:39.134  DEBUG   [client]  <- read  st2mot     ret=0  data=['0x00', '0x00']
13:45:39.331  DEBUG   [client]  -> read  st2mot    
13:45:39.334  DEBUG   [client]  <- read  st2mot     ret=0  data=['0x4b', '0x00']
13:45:39.527  DEBUG   [poll]    -> read  st2mot    
13:45:39.531  DEBUG   [poll]    <- read  st2mot     ret=0  data=['0x33', '0x04']
13:45:39.531  DEBUG   [poll]    -> read  st0cur    
13:45:39.535  DEBUG   [poll]    <- read  st0cur     ret=0  data=['0xf9', '0x01', '0xf9', '0x01']
13:45:39.536  DEBUG   [client]  -> read  st2mot    
13:45:39.539  DEBUG   [client]  <- read  st2mot     ret=0  data=['0x33', '0x04']
13:45:39.731  DEBUG   [client]  -> read  st2mot    
13:45:39.735  DEBUG   [client]  <- read  st2mot     ret=0  data=['0x46', '0x05']
13:45:39.737  DEBUG   [client]  -> read  st0cur    
13:45:39.741  DEBUG   [client]  <- read  st0cur     ret=0  data=['0xf9', '0x01', '0xf9', '0x01']
13:45:39.931  DEBUG   [client]  -> read  st2mot    
13:45:39.935  DEBUG   [client]  <- read  st2mot     ret=0  data=['0xc9', '0x04']
13:45:40.131  DEBUG   [client]  -> read  st2mot    
13:45:40.135  DEBUG   [client]  <- read  st2mot     ret=0  data=['0x4c', '0x04']
13:45:40.331  DEBUG   [client]  -> read  st2mot    
13:45:40.335  DEBUG   [client]  <- read  st2mot     ret=0  data=['0xe8', '0x03']
13:45:40.531  DEBUG   [client]  -> read  st2mot    
13:45:40.535  DEBUG   [client]  <- read  st2mot     ret=0  data=['0xcf', '0x03']
13:45:40.537  DEBUG   [poll]    -> read  st2mot    
13:45:40.540  DEBUG   [poll]    <- read  st2mot     ret=0  data=['0xcf', '0x03']
13:45:40.541  DEBUG   [poll]    -> read  st0cur    
13:45:40.545  DEBUG   [poll]    <- read  st0cur     ret=0  data=['0xf5', '0x01', '0xf6', '0x01']
13:45:40.731  DEBUG   [client]  -> read  st2mot    
13:45:40.735  DEBUG   [client]  <- read  st2mot     ret=0  data=['0xe8', '0x03']
13:45:40.737  DEBUG   [client]  -> read  st0cur    
13:45:40.741  DEBUG   [client]  <- read  st0cur     ret=0  data=['0xf5', '0x01', '0xf6', '0x01']
13:45:40.931  DEBUG   [client]  -> read  st2mot    
13:45:40.935  DEBUG   [client]  <- read  st2mot     ret=0  data=['0xe8', '0x03']
13:45:41.131  DEBUG   [client]  -> read  st2mot    
13:45:41.135  DEBUG   [client]  <- read  st2mot     ret=0  data=['0xe8', '0x03']
13:45:41.331  DEBUG   [client]  -> read  st2mot    
13:45:41.335  DEBUG   [client]  <- read  st2mot     ret=0  data=['0xe8', '0x03']
13:45:41.531  DEBUG   [client]  -> read  st2mot    
13:45:41.538  DEBUG   [client]  <- read  st2mot     ret=0  data=['0xcf', '0x03']
13:45:41.546  DEBUG   [poll]    -> read  st2mot    
13:45:41.550  DEBUG   [poll]    <- read  st2mot     ret=0  data=['0xcf', '0x03']
13:45:41.550  DEBUG   [poll]    -> read  st0cur    
13:45:41.554  DEBUG   [poll]    <- read  st0cur     ret=0  data=['0xf5', '0x01', '0xf7', '0x01']
13:45:41.731  DEBUG   [client]  -> read  st2mot    
13:45:41.735  DEBUG   [client]  <- read  st2mot     ret=0  data=['0xe8', '0x03']
13:45:41.737  DEBUG   [client]  -> read  st0cur    
13:45:41.741  DEBUG   [client]  <- read  st0cur     ret=0  data=['0xf5', '0x01', '0xf7', '0x01']
13:45:41.931  DEBUG   [client]  -> read  st2mot    
13:45:41.935  DEBUG   [client]  <- read  st2mot     ret=0  data=['0x01', '0x04']
13:45:42.131  DEBUG   [client]  -> read  st2mot    
13:45:42.135  DEBUG   [client]  <- read  st2mot     ret=0  data=['0xe8', '0x03']
13:45:42.331  DEBUG   [client]  -> read  st2mot    
13:45:42.335  DEBUG   [client]  <- read  st2mot     ret=0  data=['0xe8', '0x03']
13:45:42.531  DEBUG   [client]  -> read  st2mot    
13:45:42.535  DEBUG   [client]  <- read  st2mot     ret=0  data=['0x01', '0x04']
13:45:42.556  DEBUG   [poll]    -> read  st2mot    
13:45:42.559  DEBUG   [poll]    <- read  st2mot     ret=0  data=['0x01', '0x04']
13:45:42.560  DEBUG   [poll]    -> read  st0cur    
13:45:42.564  DEBUG   [poll]    <- read  st0cur     ret=0  data=['0xf5', '0x01', '0xf7', '0x01']
13:45:42.731  DEBUG   [client]  -> read  st2mot    
13:45:42.735  DEBUG   [client]  <- read  st2mot     ret=0  data=['0xe8', '0x03']
13:45:42.736  DEBUG   [client]  -> read  st0cur    
13:45:42.740  DEBUG   [client]  <- read  st0cur     ret=0  data=['0xf5', '0x01', '0xf7', '0x01']
13:45:42.931  DEBUG   [client]  -> read  st2mot    
13:45:42.934  DEBUG   [client]  <- read  st2mot     ret=0  data=['0xe8', '0x03']
13:45:43.131  DEBUG   [client]  -> read  st2mot    
13:45:43.134  DEBUG   [client]  <- read  st2mot     ret=0  data=['0xe8', '0x03']
13:45:43.331  DEBUG   [client]  -> read  st2mot    
13:45:43.334  DEBUG   [client]  <- read  st2mot     ret=0  data=['0x01', '0x04']
13:45:43.531  DEBUG   [client]  -> read  st2mot    
13:45:43.534  DEBUG   [client]  <- read  st2mot     ret=0  data=['0xe8', '0x03']
13:45:43.566  DEBUG   [poll]    -> read  st2mot    
13:45:43.569  DEBUG   [poll]    <- read  st2mot     ret=0  data=['0xe8', '0x03']
13:45:43.570  DEBUG   [poll]    -> read  st0cur    
13:45:43.574  DEBUG   [poll]    <- read  st0cur     ret=0  data=['0xf5', '0x01', '0xf7', '0x01']
13:45:43.731  DEBUG   [client]  -> read  st2mot    
13:45:43.734  DEBUG   [client]  <- read  st2mot     ret=0  data=['0xe8', '0x03']
13:45:43.736  DEBUG   [client]  -> read  st0cur    
13:45:43.740  DEBUG   [client]  <- read  st0cur     ret=0  data=['0xf5', '0x01', '0xf7', '0x01']
13:45:43.931  DEBUG   [client]  -> read  st2mot    
13:45:43.934  DEBUG   [client]  <- read  st2mot     ret=0  data=['0xe8', '0x03']
13:45:44.131  DEBUG   [client]  -> read  st2mot    
13:45:44.134  DEBUG   [client]  <- read  st2mot     ret=0  data=['0xe8', '0x03']
13:45:44.331  DEBUG   [client]  -> read  st2mot    
13:45:44.334  DEBUG   [client]  <- read  st2mot     ret=0  data=['0xe8', '0x03']
13:45:44.531  DEBUG   [client]  -> read  st2mot    
13:45:44.534  DEBUG   [client]  <- read  st2mot     ret=0  data=['0xe8', '0x03']
13:45:44.575  DEBUG   [poll]    -> read  st2mot    
13:45:44.579  DEBUG   [poll]    <- read  st2mot     ret=0  data=['0xe8', '0x03']
13:45:44.579  DEBUG   [poll]    -> read  st0cur    
13:45:44.583  DEBUG   [poll]    <- read  st0cur     ret=0  data=['0xf7', '0x01', '0xf7', '0x01']
13:45:44.731  DEBUG   [client]  -> read  st2mot    
13:45:44.734  DEBUG   [client]  <- read  st2mot     ret=0  data=['0xe8', '0x03']
13:45:44.736  DEBUG   [client]  -> read  st0cur    
13:45:44.740  DEBUG   [client]  <- read  st0cur     ret=0  data=['0xf7', '0x01', '0xf7', '0x01']
13:45:44.931  DEBUG   [client]  -> read  st2mot    
13:45:44.934  DEBUG   [client]  <- read  st2mot     ret=0  data=['0xe8', '0x03']
13:45:45.131  DEBUG   [client]  -> read  st2mot    
13:45:45.134  DEBUG   [client]  <- read  st2mot     ret=0  data=['0xe8', '0x03']
13:45:45.331  DEBUG   [client]  -> read  st2mot    
13:45:45.335  DEBUG   [client]  <- read  st2mot     ret=0  data=['0xe8', '0x03']
13:45:45.531  DEBUG   [client]  -> read  st2mot    
13:45:45.534  DEBUG   [client]  <- read  st2mot     ret=0  data=['0xe8', '0x03']
13:45:45.536  DEBUG   [client]  -> write cntl3mot   data=['0x03', '0x20']
13:45:45.585  DEBUG   [poll]    -> read  st2mot    
13:45:45.588  DEBUG   [poll]    <- read  st2mot     ret=0  data=['0xcf', '0x03']
13:45:45.589  DEBUG   [poll]    -> read  st0cur    
13:45:45.593  DEBUG   [poll]    <- read  st0cur     ret=0  data=['0xf6', '0x01', '0xf5', '0x01']
13:45:45.792  DEBUG   [client]  -> write cntl3mot   data=['0x02', '0x58']
13:45:46.047  DEBUG   [client]  -> write cntl3mot   data=['0x01', '0x90']
13:45:46.303  DEBUG   [client]  -> write cntl3mot   data=['0x00', '0xc8']
13:45:46.559  DEBUG   [client]  -> write cntl3mot   data=['0x00', '0x00']
13:45:46.566  WARNING client disconnected — stopping motor
13:45:46.566  DEBUG   [client]  -> write cntl3mot   data=['0x00', '0x00']
13:45:46.570  INFO    client disconnected
13:45:46.595  DEBUG   [poll]    -> read  st2mot    
13:45:46.598  DEBUG   [poll]    <- read  st2mot     ret=0  data=['0xfa', '0x00']
13:45:46.599  DEBUG   [poll]    -> read  st0cur    
13:45:46.604  DEBUG   [poll]    <- read  st0cur     ret=0  data=['0xf9', '0x01', '0xfb', '0x01']
13:45:47.606  DEBUG   [poll]    -> read  st2mot    
13:45:47.609  DEBUG   [poll]    <- read  st2mot     ret=0  data=['0x00', '0x00']
13:45:47.609  DEBUG   [poll]    -> read  st0cur    
13:45:47.614  DEBUG   [poll]    <- read  st0cur     ret=0  data=['0xfe', '0x01', '0x01', '0x02']
13:45:48.615  DEBUG   [poll]    -> read  st2mot    
13:45:48.619  DEBUG   [poll]    <- read  st2mot     ret=0  data=['0x00', '0x00']
13:45:48.619  DEBUG   [poll]    -> read  st0cur    
13:45:48.623  DEBUG   [poll]    <- read  st0cur     ret=0  data=['0xfe', '0x01', '0x01', '0x02']
13:45:49.625  DEBUG   [poll]    -> read  st2mot    
13:45:49.628  DEBUG   [poll]    <- read  st2mot     ret=0  data=['0x00', '0x00']
13:45:49.628  DEBUG   [poll]    -> read  st0cur    
13:45:49.632  DEBUG   [poll]    <- read  st0cur     ret=0  data=['0xfe', '0x01', '0x01', '0x02']
