14:52:40.776  INFO    === watchdog.py — LIVE bus ===
14:52:40.784  INFO    listening on /tmp/motorwatchdog.sock
14:52:41.785  DEBUG   [poll]    -> read  st2mot    
14:52:41.789  DEBUG   [poll]    <- read  st2mot     ret=0  data=['0x00', '0x00']
14:52:41.789  DEBUG   [poll]    -> read  st0cur    
14:52:41.794  DEBUG   [poll]    <- read  st0cur     ret=0  data=['0x01', '0x02', '0x01', '0x02']
14:52:42.795  DEBUG   [poll]    -> read  st2mot    
14:52:42.799  DEBUG   [poll]    <- read  st2mot     ret=0  data=['0x00', '0x00']
14:52:42.799  DEBUG   [poll]    -> read  st0cur    
14:52:42.804  DEBUG   [poll]    <- read  st0cur     ret=0  data=['0x01', '0x02', '0x00', '0x02']
14:52:43.805  DEBUG   [poll]    -> read  st2mot    
14:52:43.809  DEBUG   [poll]    <- read  st2mot     ret=0  data=['0x00', '0x00']
14:52:43.809  DEBUG   [poll]    -> read  st0cur    
14:52:43.814  DEBUG   [poll]    <- read  st0cur     ret=0  data=['0x01', '0x02', '0x01', '0x02']
14:52:44.815  DEBUG   [poll]    -> read  st2mot    
14:52:44.819  DEBUG   [poll]    <- read  st2mot     ret=0  data=['0x00', '0x00']
14:52:44.819  DEBUG   [poll]    -> read  st0cur    
14:52:44.823  DEBUG   [poll]    <- read  st0cur     ret=0  data=['0x00', '0x02', '0x00', '0x02']
14:52:45.825  DEBUG   [poll]    -> read  st2mot    
14:52:45.834  DEBUG   [poll]    <- read  st2mot     ret=0  data=['0x00', '0x00']
14:52:45.834  DEBUG   [poll]    -> read  st0cur    
14:52:45.838  DEBUG   [poll]    <- read  st0cur     ret=0  data=['0x01', '0x02', '0x00', '0x02']
14:52:46.840  DEBUG   [poll]    -> read  st2mot    
14:52:46.843  DEBUG   [poll]    <- read  st2mot     ret=0  data=['0x00', '0x00']
14:52:46.844  DEBUG   [poll]    -> read  st0cur    
14:52:46.848  DEBUG   [poll]    <- read  st0cur     ret=0  data=['0x01', '0x02', '0x01', '0x02']
14:52:47.850  DEBUG   [poll]    -> read  st2mot    
14:52:47.853  DEBUG   [poll]    <- read  st2mot     ret=0  data=['0x00', '0x00']
14:52:47.853  DEBUG   [poll]    -> read  st0cur    
14:52:47.858  DEBUG   [poll]    <- read  st0cur     ret=0  data=['0x01', '0x02', '0x00', '0x02']
14:52:48.859  DEBUG   [poll]    -> read  st2mot    
14:52:48.862  DEBUG   [poll]    <- read  st2mot     ret=0  data=['0x00', '0x00']
14:52:48.863  DEBUG   [poll]    -> read  st0cur    
14:52:48.867  DEBUG   [poll]    <- read  st0cur     ret=0  data=['0x02', '0x02', '0x01', '0x02']
14:52:49.869  DEBUG   [poll]    -> read  st2mot    
14:52:49.872  DEBUG   [poll]    <- read  st2mot     ret=0  data=['0x00', '0x00']
14:52:49.872  DEBUG   [poll]    -> read  st0cur    
14:52:49.877  DEBUG   [poll]    <- read  st0cur     ret=0  data=['0x01', '0x02', '0x01', '0x02']
14:52:50.878  DEBUG   [poll]    -> read  st2mot    
14:52:50.885  DEBUG   [poll]    <- read  st2mot     ret=0  data=['0x00', '0x00']
14:52:50.886  DEBUG   [poll]    -> read  st0cur    
14:52:50.890  DEBUG   [poll]    <- read  st0cur     ret=0  data=['0x01', '0x02', '0x01', '0x02']
14:52:51.891  DEBUG   [poll]    -> read  st2mot    
14:52:51.895  DEBUG   [poll]    <- read  st2mot     ret=0  data=['0x00', '0x00']
14:52:51.895  DEBUG   [poll]    -> read  st0cur    
14:52:51.899  DEBUG   [poll]    <- read  st0cur     ret=0  data=['0x01', '0x02', '0x00', '0x02']
14:52:52.901  DEBUG   [poll]    -> read  st2mot    
14:52:52.904  DEBUG   [poll]    <- read  st2mot     ret=0  data=['0x00', '0x00']
14:52:52.905  DEBUG   [poll]    -> read  st0cur    
14:52:52.909  DEBUG   [poll]    <- read  st0cur     ret=0  data=['0x01', '0x02', '0x00', '0x02']
14:52:53.190  INFO    client connected
14:52:53.191  DEBUG   [client]  -> write cntl3mot   data=['0x00', '0x00']
14:52:53.195  DEBUG   [client]  -> write cntl3mot   data=['0x03', '0xe8']
14:52:53.198  DEBUG   [client]  -> read  st2mot    
14:52:53.201  DEBUG   [client]  <- read  st2mot     ret=0  data=['0x00', '0x00']
14:52:53.202  DEBUG   [client]  -> read  st0cur    
14:52:53.206  DEBUG   [client]  <- read  st0cur     ret=0  data=['0x01', '0x02', '0x00', '0x02']
14:52:53.399  DEBUG   [client]  -> read  st2mot    
14:52:53.402  DEBUG   [client]  <- read  st2mot     ret=0  data=['0xaf', '0x00']
14:52:53.599  DEBUG   [client]  -> read  st2mot    
14:52:53.602  DEBUG   [client]  <- read  st2mot     ret=0  data=['0x52', '0x03']
14:52:53.799  DEBUG   [client]  -> read  st2mot    
14:52:53.802  DEBUG   [client]  <- read  st2mot     ret=0  data=['0xa3', '0x02']
14:52:53.910  DEBUG   [poll]    -> read  st2mot    
14:52:53.914  DEBUG   [poll]    <- read  st2mot     ret=0  data=['0x39', '0x03']
14:52:53.914  DEBUG   [poll]    -> read  st0cur    
14:52:53.918  DEBUG   [poll]    <- read  st0cur     ret=0  data=['0xfc', '0x01', '0xfd', '0x01']
14:52:53.999  DEBUG   [client]  -> read  st2mot    
14:52:54.002  DEBUG   [client]  <- read  st2mot     ret=0  data=['0xb6', '0x03']
14:52:54.199  DEBUG   [client]  -> read  st2mot    
14:52:54.202  DEBUG   [client]  <- read  st2mot     ret=0  data=['0x84', '0x03']
14:52:54.204  DEBUG   [client]  -> read  st0cur    
14:52:54.208  DEBUG   [client]  <- read  st0cur     ret=0  data=['0xfc', '0x01', '0xfd', '0x01']
14:52:54.399  DEBUG   [client]  -> read  st2mot    
14:52:54.402  DEBUG   [client]  <- read  st2mot     ret=0  data=['0xb6', '0x03']
14:52:54.599  DEBUG   [client]  -> read  st2mot    
14:52:54.603  DEBUG   [client]  <- read  st2mot     ret=0  data=['0xcf', '0x03']
14:52:54.799  DEBUG   [client]  -> read  st2mot    
14:52:54.803  DEBUG   [client]  <- read  st2mot     ret=0  data=['0xcf', '0x03']
14:52:54.920  DEBUG   [poll]    -> read  st2mot    
14:52:54.923  DEBUG   [poll]    <- read  st2mot     ret=0  data=['0xcf', '0x03']
14:52:54.924  DEBUG   [poll]    -> read  st0cur    
14:52:54.928  DEBUG   [poll]    <- read  st0cur     ret=0  data=['0xf5', '0x01', '0xf6', '0x01']
14:52:54.999  DEBUG   [client]  -> read  st2mot    
14:52:55.002  DEBUG   [client]  <- read  st2mot     ret=0  data=['0xcf', '0x03']
14:52:55.199  DEBUG   [client]  -> read  st2mot    
14:52:55.203  DEBUG   [client]  <- read  st2mot     ret=0  data=['0xcf', '0x03']
14:52:55.204  DEBUG   [client]  -> read  st0cur    
14:52:55.209  DEBUG   [client]  <- read  st0cur     ret=0  data=['0xf5', '0x01', '0xf6', '0x01']
14:52:55.399  DEBUG   [client]  -> read  st2mot    
14:52:55.403  DEBUG   [client]  <- read  st2mot     ret=0  data=['0xe8', '0x03']
14:52:55.599  DEBUG   [client]  -> read  st2mot    
14:52:55.602  DEBUG   [client]  <- read  st2mot     ret=0  data=['0xe8', '0x03']
14:52:55.799  DEBUG   [client]  -> read  st2mot    
14:52:55.802  DEBUG   [client]  <- read  st2mot     ret=0  data=['0xe8', '0x03']
14:52:55.929  DEBUG   [poll]    -> read  st2mot    
14:52:55.933  DEBUG   [poll]    <- read  st2mot     ret=0  data=['0xe8', '0x03']
14:52:55.935  DEBUG   [poll]    -> read  st0cur    
14:52:55.939  DEBUG   [poll]    <- read  st0cur     ret=0  data=['0xf6', '0x01', '0xf6', '0x01']
14:52:55.999  DEBUG   [client]  -> read  st2mot    
14:52:56.002  DEBUG   [client]  <- read  st2mot     ret=0  data=['0xe8', '0x03']
14:52:56.199  DEBUG   [client]  -> read  st2mot    
14:52:56.203  DEBUG   [client]  <- read  st2mot     ret=0  data=['0xe8', '0x03']
14:52:56.204  DEBUG   [client]  -> read  st0cur    
14:52:56.209  DEBUG   [client]  <- read  st0cur     ret=0  data=['0xf6', '0x01', '0xf6', '0x01']
14:52:56.399  DEBUG   [client]  -> read  st2mot    
14:52:56.403  DEBUG   [client]  <- read  st2mot     ret=0  data=['0xe8', '0x03']
14:52:56.599  DEBUG   [client]  -> read  st2mot    
14:52:56.603  DEBUG   [client]  <- read  st2mot     ret=0  data=['0xe8', '0x03']
14:52:56.799  DEBUG   [client]  -> read  st2mot    
14:52:56.803  DEBUG   [client]  <- read  st2mot     ret=0  data=['0xe8', '0x03']
14:52:56.941  DEBUG   [poll]    -> read  st2mot    
14:52:56.944  DEBUG   [poll]    <- read  st2mot     ret=0  data=['0xe8', '0x03']
14:52:56.945  DEBUG   [poll]    -> read  st0cur    
14:52:56.949  DEBUG   [poll]    <- read  st0cur     ret=0  data=['0xf6', '0x01', '0xf7', '0x01']
14:52:56.999  DEBUG   [client]  -> read  st2mot    
14:52:57.002  DEBUG   [client]  <- read  st2mot     ret=0  data=['0xe8', '0x03']
14:52:57.199  DEBUG   [client]  -> read  st2mot    
14:52:57.202  DEBUG   [client]  <- read  st2mot     ret=0  data=['0x01', '0x04']
14:52:57.204  DEBUG   [client]  -> read  st0cur    
14:52:57.209  DEBUG   [client]  <- read  st0cur     ret=0  data=['0xf6', '0x01', '0xf7', '0x01']
14:52:57.399  DEBUG   [client]  -> read  st2mot    
14:52:57.402  DEBUG   [client]  <- read  st2mot     ret=0  data=['0xcf', '0x03']
14:52:57.599  DEBUG   [client]  -> read  st2mot    
14:52:57.602  DEBUG   [client]  <- read  st2mot     ret=0  data=['0xe8', '0x03']
14:52:57.799  DEBUG   [client]  -> read  st2mot    
14:52:57.802  DEBUG   [client]  <- read  st2mot     ret=0  data=['0xe8', '0x03']
14:52:57.950  DEBUG   [poll]    -> read  st2mot    
14:52:57.954  DEBUG   [poll]    <- read  st2mot     ret=0  data=['0xe8', '0x03']
14:52:57.954  DEBUG   [poll]    -> read  st0cur    
14:52:57.958  DEBUG   [poll]    <- read  st0cur     ret=0  data=['0xf6', '0x01', '0xf5', '0x01']
14:52:57.999  DEBUG   [client]  -> read  st2mot    
14:52:58.002  DEBUG   [client]  <- read  st2mot     ret=0  data=['0xe8', '0x03']
14:52:58.199  DEBUG   [client]  -> read  st2mot    
14:52:58.203  DEBUG   [client]  <- read  st2mot     ret=0  data=['0x01', '0x04']
14:52:58.204  DEBUG   [client]  -> read  st0cur    
14:52:58.209  DEBUG   [client]  <- read  st0cur     ret=0  data=['0xf6', '0x01', '0xf5', '0x01']
14:52:58.399  DEBUG   [client]  -> read  st2mot    
14:52:58.403  DEBUG   [client]  <- read  st2mot     ret=0  data=['0xcf', '0x03']
14:52:58.599  DEBUG   [client]  -> read  st2mot    
14:52:58.603  DEBUG   [client]  <- read  st2mot     ret=0  data=['0xe8', '0x03']
14:52:58.799  DEBUG   [client]  -> read  st2mot    
14:52:58.803  DEBUG   [client]  <- read  st2mot     ret=0  data=['0x01', '0x04']
14:52:58.960  DEBUG   [poll]    -> read  st2mot    
14:52:58.963  DEBUG   [poll]    <- read  st2mot     ret=0  data=['0x01', '0x04']
14:52:58.964  DEBUG   [poll]    -> read  st0cur    
14:52:58.968  DEBUG   [poll]    <- read  st0cur     ret=0  data=['0xf7', '0x01', '0xf6', '0x01']
14:52:58.999  DEBUG   [client]  -> read  st2mot    
14:52:59.002  DEBUG   [client]  <- read  st2mot     ret=0  data=['0xe8', '0x03']
14:52:59.199  DEBUG   [client]  -> read  st2mot    
14:52:59.202  DEBUG   [client]  <- read  st2mot     ret=0  data=['0xe8', '0x03']
14:52:59.204  DEBUG   [client]  -> read  st0cur    
14:52:59.209  DEBUG   [client]  <- read  st0cur     ret=0  data=['0xf7', '0x01', '0xf6', '0x01']
14:52:59.399  DEBUG   [client]  -> read  st2mot    
14:52:59.402  DEBUG   [client]  <- read  st2mot     ret=0  data=['0xcf', '0x03']
14:52:59.599  DEBUG   [client]  -> read  st2mot    
14:52:59.602  DEBUG   [client]  <- read  st2mot     ret=0  data=['0x01', '0x04']
14:52:59.799  DEBUG   [client]  -> read  st2mot    
14:52:59.802  DEBUG   [client]  <- read  st2mot     ret=0  data=['0xcf', '0x03']
14:52:59.969  DEBUG   [poll]    -> read  st2mot    
14:52:59.973  DEBUG   [poll]    <- read  st2mot     ret=0  data=['0xcf', '0x03']
14:52:59.973  DEBUG   [poll]    -> read  st0cur    
14:52:59.977  DEBUG   [poll]    <- read  st0cur     ret=0  data=['0xf7', '0x01', '0xf3', '0x01']
14:52:59.999  DEBUG   [client]  -> read  st2mot    
14:53:00.002  DEBUG   [client]  <- read  st2mot     ret=0  data=['0x01', '0x04']
14:53:00.004  DEBUG   [client]  -> write cntl3mot   data=['0x00', '0x00']
14:53:00.008  WARNING client disconnected — stopping motor
14:53:00.009  DEBUG   [client]  -> write cntl3mot   data=['0x00', '0x00']
14:53:00.013  INFO    client disconnected
14:53:00.979  DEBUG   [poll]    -> read  st2mot    
14:53:00.986  DEBUG   [poll]    <- read  st2mot     ret=0  data=['0x00', '0x00']
14:53:00.986  DEBUG   [poll]    -> read  st0cur    
14:53:00.991  DEBUG   [poll]    <- read  st0cur     ret=0  data=['0xfe', '0x01', '0xfd', '0x01']
14:53:01.992  DEBUG   [poll]    -> read  st2mot    
14:53:01.996  DEBUG   [poll]    <- read  st2mot     ret=0  data=['0x00', '0x00']
14:53:01.996  DEBUG   [poll]    -> read  st0cur    
14:53:02.000  DEBUG   [poll]    <- read  st0cur     ret=0  data=['0x01', '0x02', '0x00', '0x02']
14:53:03.002  DEBUG   [poll]    -> read  st2mot    
14:53:03.005  DEBUG   [poll]    <- read  st2mot     ret=0  data=['0x00', '0x00']
14:53:03.006  DEBUG   [poll]    -> read  st0cur    
14:53:03.010  DEBUG   [poll]    <- read  st0cur     ret=0  data=['0x01', '0x02', '0x00', '0x02']
14:53:04.012  DEBUG   [poll]    -> read  st2mot    
14:53:04.015  DEBUG   [poll]    <- read  st2mot     ret=0  data=['0x00', '0x00']
14:53:04.015  DEBUG   [poll]    -> read  st0cur    
14:53:04.020  DEBUG   [poll]    <- read  st0cur     ret=0  data=['0x01', '0x02', '0x01', '0x02']
14:53:05.021  DEBUG   [poll]    -> read  st2mot    
14:53:05.025  DEBUG   [poll]    <- read  st2mot     ret=0  data=['0x00', '0x00']
14:53:05.025  DEBUG   [poll]    -> read  st0cur    
14:53:05.029  DEBUG   [poll]    <- read  st0cur     ret=0  data=['0x01', '0x02', '0x00', '0x02']
14:53:06.031  DEBUG   [poll]    -> read  st2mot    
14:53:06.038  DEBUG   [poll]    <- read  st2mot     ret=0  data=['0x00', '0x00']
14:53:06.038  DEBUG   [poll]    -> read  st0cur    
14:53:06.042  DEBUG   [poll]    <- read  st0cur     ret=0  data=['0x01', '0x02', '0x00', '0x02']
14:53:07.044  DEBUG   [poll]    -> read  st2mot    
14:53:07.047  DEBUG   [poll]    <- read  st2mot     ret=0  data=['0x00', '0x00']
14:53:07.047  DEBUG   [poll]    -> read  st0cur    
14:53:07.052  DEBUG   [poll]    <- read  st0cur     ret=0  data=['0x01', '0x02', '0x01', '0x02']
14:53:08.053  DEBUG   [poll]    -> read  st2mot    
14:53:08.057  DEBUG   [poll]    <- read  st2mot     ret=0  data=['0x00', '0x00']
14:53:08.057  DEBUG   [poll]    -> read  st0cur    
14:53:08.061  DEBUG   [poll]    <- read  st0cur     ret=0  data=['0x01', '0x02', '0x00', '0x02']
14:53:09.063  DEBUG   [poll]    -> read  st2mot    
14:53:09.066  DEBUG   [poll]    <- read  st2mot     ret=0  data=['0x00', '0x00']
14:53:09.066  DEBUG   [poll]    -> read  st0cur    
14:53:09.071  DEBUG   [poll]    <- read  st0cur     ret=0  data=['0x01', '0x02', '0x01', '0x02']
14:53:10.072  DEBUG   [poll]    -> read  st2mot    
14:53:10.075  DEBUG   [poll]    <- read  st2mot     ret=0  data=['0x00', '0x00']
14:53:10.076  DEBUG   [poll]    -> read  st0cur    
14:53:10.080  DEBUG   [poll]    <- read  st0cur     ret=0  data=['0x01', '0x02', '0x00', '0x02']
14:53:11.081  DEBUG   [poll]    -> read  st2mot    
14:53:11.088  DEBUG   [poll]    <- read  st2mot     ret=0  data=['0x00', '0x00']
14:53:11.088  DEBUG   [poll]    -> read  st0cur    
14:53:11.093  DEBUG   [poll]    <- read  st0cur     ret=0  data=['0x01', '0x02', '0x00', '0x02']
14:53:12.094  DEBUG   [poll]    -> read  st2mot    
14:53:12.098  DEBUG   [poll]    <- read  st2mot     ret=0  data=['0x00', '0x00']
14:53:12.098  DEBUG   [poll]    -> read  st0cur    
14:53:12.102  DEBUG   [poll]    <- read  st0cur     ret=0  data=['0x01', '0x02', '0x00', '0x02']
14:53:13.104  DEBUG   [poll]    -> read  st2mot    
14:53:13.107  DEBUG   [poll]    <- read  st2mot     ret=0  data=['0x00', '0x00']
14:53:13.108  DEBUG   [poll]    -> read  st0cur    
14:53:13.112  DEBUG   [poll]    <- read  st0cur     ret=0  data=['0x01', '0x02', '0x00', '0x02']
14:53:14.114  DEBUG   [poll]    -> read  st2mot    
14:53:14.117  DEBUG   [poll]    <- read  st2mot     ret=0  data=['0x00', '0x00']
14:53:14.117  DEBUG   [poll]    -> read  st0cur    
14:53:14.122  DEBUG   [poll]    <- read  st0cur     ret=0  data=['0x01', '0x02', '0x01', '0x02']
14:53:15.123  DEBUG   [poll]    -> read  st2mot    
14:53:15.127  DEBUG   [poll]    <- read  st2mot     ret=0  data=['0x00', '0x00']
14:53:15.127  DEBUG   [poll]    -> read  st0cur    
14:53:15.131  DEBUG   [poll]    <- read  st0cur     ret=0  data=['0x01', '0x02', '0x01', '0x02']
14:53:16.133  DEBUG   [poll]    -> read  st2mot    
14:53:16.136  DEBUG   [poll]    <- read  st2mot     ret=0  data=['0x00', '0x00']
14:53:16.137  DEBUG   [poll]    -> read  st0cur    
14:53:16.142  DEBUG   [poll]    <- read  st0cur     ret=0  data=['0x01', '0x02', '0x00', '0x02']
14:53:17.143  DEBUG   [poll]    -> read  st2mot    
14:53:17.146  DEBUG   [poll]    <- read  st2mot     ret=0  data=['0x00', '0x00']
14:53:17.147  DEBUG   [poll]    -> read  st0cur    
14:53:17.151  DEBUG   [poll]    <- read  st0cur     ret=0  data=['0x01', '0x02', '0x00', '0x02']
14:53:18.153  DEBUG   [poll]    -> read  st2mot    
14:53:18.156  DEBUG   [poll]    <- read  st2mot     ret=0  data=['0x00', '0x00']
14:53:18.156  DEBUG   [poll]    -> read  st0cur    
14:53:18.161  DEBUG   [poll]    <- read  st0cur     ret=0  data=['0x01', '0x02', '0x01', '0x02']
14:53:19.162  DEBUG   [poll]    -> read  st2mot    
14:53:19.165  DEBUG   [poll]    <- read  st2mot     ret=0  data=['0x00', '0x00']
14:53:19.166  DEBUG   [poll]    -> read  st0cur    
14:53:19.170  DEBUG   [poll]    <- read  st0cur     ret=0  data=['0x01', '0x02', '0x00', '0x02']
14:53:20.171  DEBUG   [poll]    -> read  st2mot    
14:53:20.175  DEBUG   [poll]    <- read  st2mot     ret=0  data=['0x00', '0x00']
14:53:20.175  DEBUG   [poll]    -> read  st0cur    
14:53:20.179  DEBUG   [poll]    <- read  st0cur     ret=0  data=['0x01', '0x02', '0x00', '0x02']
14:53:21.181  DEBUG   [poll]    -> read  st2mot    
14:53:21.188  DEBUG   [poll]    <- read  st2mot     ret=0  data=['0x00', '0x00']
14:53:21.189  DEBUG   [poll]    -> read  st0cur    
14:53:21.193  DEBUG   [poll]    <- read  st0cur     ret=0  data=['0x01', '0x02', '0x01', '0x02']
14:53:22.194  DEBUG   [poll]    -> read  st2mot    
14:53:22.198  DEBUG   [poll]    <- read  st2mot     ret=0  data=['0x00', '0x00']
14:53:22.198  DEBUG   [poll]    -> read  st0cur    
14:53:22.202  DEBUG   [poll]    <- read  st0cur     ret=0  data=['0x01', '0x02', '0x00', '0x02']
14:53:23.204  DEBUG   [poll]    -> read  st2mot    
14:53:23.207  DEBUG   [poll]    <- read  st2mot     ret=0  data=['0x00', '0x00']
14:53:23.208  DEBUG   [poll]    -> read  st0cur    
14:53:23.212  DEBUG   [poll]    <- read  st0cur     ret=0  data=['0x01', '0x02', '0x01', '0x02']
14:53:24.213  DEBUG   [poll]    -> read  st2mot    
14:53:24.217  DEBUG   [poll]    <- read  st2mot     ret=0  data=['0x00', '0x00']
14:53:24.217  DEBUG   [poll]    -> read  st0cur    
14:53:24.221  DEBUG   [poll]    <- read  st0cur     ret=0  data=['0x01', '0x02', '0x01', '0x02']
14:53:25.223  DEBUG   [poll]    -> read  st2mot    
14:53:25.226  DEBUG   [poll]    <- read  st2mot     ret=0  data=['0x00', '0x00']
14:53:25.227  DEBUG   [poll]    -> read  st0cur    
14:53:25.231  DEBUG   [poll]    <- read  st0cur     ret=0  data=['0x01', '0x02', '0x00', '0x02']
14:53:26.232  DEBUG   [poll]    -> read  st2mot    
14:53:26.240  DEBUG   [poll]    <- read  st2mot     ret=0  data=['0x00', '0x00']
14:53:26.241  DEBUG   [poll]    -> read  st0cur    
14:53:26.245  DEBUG   [poll]    <- read  st0cur     ret=0  data=['0x01', '0x02', '0x00', '0x02']
14:53:27.246  DEBUG   [poll]    -> read  st2mot    
14:53:27.250  DEBUG   [poll]    <- read  st2mot     ret=0  data=['0x00', '0x00']
14:53:27.250  DEBUG   [poll]    -> read  st0cur    
14:53:27.254  DEBUG   [poll]    <- read  st0cur     ret=0  data=['0x01', '0x02', '0x00', '0x02']
14:53:28.256  DEBUG   [poll]    -> read  st2mot    
14:53:28.259  DEBUG   [poll]    <- read  st2mot     ret=0  data=['0x00', '0x00']
14:53:28.260  DEBUG   [poll]    -> read  st0cur    
14:53:28.264  DEBUG   [poll]    <- read  st0cur     ret=0  data=['0x01', '0x02', '0x01', '0x02']
14:53:29.265  DEBUG   [poll]    -> read  st2mot    
14:53:29.269  DEBUG   [poll]    <- read  st2mot     ret=0  data=['0x00', '0x00']
14:53:29.269  DEBUG   [poll]    -> read  st0cur    
14:53:29.273  DEBUG   [poll]    <- read  st0cur     ret=0  data=['0x01', '0x02', '0x01', '0x02']
14:53:30.275  DEBUG   [poll]    -> read  st2mot    
14:53:30.278  DEBUG   [poll]    <- read  st2mot     ret=0  data=['0x00', '0x00']
14:53:30.279  DEBUG   [poll]    -> read  st0cur    
14:53:30.283  DEBUG   [poll]    <- read  st0cur     ret=0  data=['0x01', '0x02', '0x00', '0x02']
14:53:31.284  DEBUG   [poll]    -> read  st2mot    
14:53:31.291  DEBUG   [poll]    <- read  st2mot     ret=0  data=['0x00', '0x00']
14:53:31.292  DEBUG   [poll]    -> read  st0cur    
14:53:31.296  DEBUG   [poll]    <- read  st0cur     ret=0  data=['0x01', '0x02', '0x00', '0x02']
14:53:32.297  DEBUG   [poll]    -> read  st2mot    
14:53:32.301  DEBUG   [poll]    <- read  st2mot     ret=0  data=['0x00', '0x00']
14:53:32.301  DEBUG   [poll]    -> read  st0cur    
14:53:32.305  DEBUG   [poll]    <- read  st0cur     ret=0  data=['0x01', '0x02', '0x01', '0x02']
14:53:33.307  DEBUG   [poll]    -> read  st2mot    
14:53:33.310  DEBUG   [poll]    <- read  st2mot     ret=0  data=['0x00', '0x00']
14:53:33.310  DEBUG   [poll]    -> read  st0cur    
14:53:33.315  DEBUG   [poll]    <- read  st0cur     ret=0  data=['0x01', '0x02', '0x01', '0x02']
14:53:34.316  DEBUG   [poll]    -> read  st2mot    
14:53:34.320  DEBUG   [poll]    <- read  st2mot     ret=0  data=['0x00', '0x00']
14:53:34.320  DEBUG   [poll]    -> read  st0cur    
14:53:34.324  DEBUG   [poll]    <- read  st0cur     ret=0  data=['0x01', '0x02', '0x00', '0x02']
14:53:35.326  DEBUG   [poll]    -> read  st2mot    
14:53:35.329  DEBUG   [poll]    <- read  st2mot     ret=0  data=['0x00', '0x00']
14:53:35.330  DEBUG   [poll]    -> read  st0cur    
14:53:35.334  DEBUG   [poll]    <- read  st0cur     ret=0  data=['0x01', '0x02', '0x00', '0x02']
14:53:36.335  DEBUG   [poll]    -> read  st2mot    
14:53:36.342  DEBUG   [poll]    <- read  st2mot     ret=0  data=['0x00', '0x00']
14:53:36.343  DEBUG   [poll]    -> read  st0cur    
14:53:36.347  DEBUG   [poll]    <- read  st0cur     ret=0  data=['0x01', '0x02', '0x00', '0x02']
14:53:37.349  DEBUG   [poll]    -> read  st2mot    
14:53:37.352  DEBUG   [poll]    <- read  st2mot     ret=0  data=['0x00', '0x00']
14:53:37.352  DEBUG   [poll]    -> read  st0cur    
14:53:37.356  DEBUG   [poll]    <- read  st0cur     ret=0  data=['0x01', '0x02', '0x00', '0x02']
14:53:38.358  DEBUG   [poll]    -> read  st2mot    
14:53:38.361  DEBUG   [poll]    <- read  st2mot     ret=0  data=['0x00', '0x00']
14:53:38.362  DEBUG   [poll]    -> read  st0cur    
14:53:38.366  DEBUG   [poll]    <- read  st0cur     ret=0  data=['0x01', '0x02', '0x00', '0x02']
14:53:39.367  DEBUG   [poll]    -> read  st2mot    
14:53:39.371  DEBUG   [poll]    <- read  st2mot     ret=0  data=['0x00', '0x00']
14:53:39.371  DEBUG   [poll]    -> read  st0cur    
14:53:39.375  DEBUG   [poll]    <- read  st0cur     ret=0  data=['0x01', '0x02', '0x00', '0x02']
14:53:40.377  DEBUG   [poll]    -> read  st2mot    
14:53:40.380  DEBUG   [poll]    <- read  st2mot     ret=0  data=['0x00', '0x00']
14:53:40.381  DEBUG   [poll]    -> read  st0cur    
14:53:40.385  DEBUG   [poll]    <- read  st0cur     ret=0  data=['0x01', '0x02', '0x00', '0x02']
14:53:41.386  DEBUG   [poll]    -> read  st2mot    
14:53:41.393  DEBUG   [poll]    <- read  st2mot     ret=0  data=['0x00', '0x00']
14:53:41.394  DEBUG   [poll]    -> read  st0cur    
14:53:41.398  DEBUG   [poll]    <- read  st0cur     ret=0  data=['0x01', '0x02', '0x00', '0x02']
14:53:42.399  DEBUG   [poll]    -> read  st2mot    
14:53:42.403  DEBUG   [poll]    <- read  st2mot     ret=0  data=['0x00', '0x00']
14:53:42.403  DEBUG   [poll]    -> read  st0cur    
14:53:42.407  DEBUG   [poll]    <- read  st0cur     ret=0  data=['0x01', '0x02', '0x01', '0x02']
14:53:43.409  DEBUG   [poll]    -> read  st2mot    
14:53:43.412  DEBUG   [poll]    <- read  st2mot     ret=0  data=['0x00', '0x00']
14:53:43.413  DEBUG   [poll]    -> read  st0cur    
14:53:43.417  DEBUG   [poll]    <- read  st0cur     ret=0  data=['0x00', '0x02', '0x00', '0x02']
14:53:44.418  DEBUG   [poll]    -> read  st2mot    
14:53:44.422  DEBUG   [poll]    <- read  st2mot     ret=0  data=['0x00', '0x00']
14:53:44.422  DEBUG   [poll]    -> read  st0cur    
14:53:44.426  DEBUG   [poll]    <- read  st0cur     ret=0  data=['0x01', '0x02', '0x00', '0x02']
14:53:45.428  DEBUG   [poll]    -> read  st2mot    
14:53:45.431  DEBUG   [poll]    <- read  st2mot     ret=0  data=['0x00', '0x00']
14:53:45.432  DEBUG   [poll]    -> read  st0cur    
14:53:45.436  DEBUG   [poll]    <- read  st0cur     ret=0  data=['0x01', '0x02', '0x00', '0x02']
14:53:46.437  DEBUG   [poll]    -> read  st2mot    
14:53:46.445  DEBUG   [poll]    <- read  st2mot     ret=0  data=['0x00', '0x00']
14:53:46.445  DEBUG   [poll]    -> read  st0cur    
14:53:46.449  DEBUG   [poll]    <- read  st0cur     ret=0  data=['0x01', '0x02', '0x00', '0x02']
14:53:47.451  DEBUG   [poll]    -> read  st2mot    
14:53:47.454  DEBUG   [poll]    <- read  st2mot     ret=0  data=['0x00', '0x00']
14:53:47.455  DEBUG   [poll]    -> read  st0cur    
14:53:47.459  DEBUG   [poll]    <- read  st0cur     ret=0  data=['0x01', '0x02', '0x00', '0x02']
14:53:48.460  DEBUG   [poll]    -> read  st2mot    
14:53:48.464  DEBUG   [poll]    <- read  st2mot     ret=0  data=['0x00', '0x00']
14:53:48.464  DEBUG   [poll]    -> read  st0cur    
14:53:48.468  DEBUG   [poll]    <- read  st0cur     ret=0  data=['0x00', '0x02', '0x00', '0x02']
14:53:49.470  DEBUG   [poll]    -> read  st2mot    
14:53:49.473  DEBUG   [poll]    <- read  st2mot     ret=0  data=['0x00', '0x00']
14:53:49.474  DEBUG   [poll]    -> read  st0cur    
14:53:49.478  DEBUG   [poll]    <- read  st0cur     ret=0  data=['0x01', '0x02', '0x00', '0x02']
14:53:50.480  DEBUG   [poll]    -> read  st2mot    
14:53:50.484  DEBUG   [poll]    <- read  st2mot     ret=0  data=['0x00', '0x00']
14:53:50.484  DEBUG   [poll]    -> read  st0cur    
14:53:50.488  DEBUG   [poll]    <- read  st0cur     ret=0  data=['0x01', '0x02', '0x00', '0x02']
14:53:51.490  DEBUG   [poll]    -> read  st2mot    
14:53:51.497  DEBUG   [poll]    <- read  st2mot     ret=0  data=['0x00', '0x00']
14:53:51.498  DEBUG   [poll]    -> read  st0cur    
14:53:51.502  DEBUG   [poll]    <- read  st0cur     ret=0  data=['0x01', '0x02', '0x00', '0x02']
14:53:52.504  DEBUG   [poll]    -> read  st2mot    
14:53:52.507  DEBUG   [poll]    <- read  st2mot     ret=0  data=['0x00', '0x00']
14:53:52.508  DEBUG   [poll]    -> read  st0cur    
14:53:52.512  DEBUG   [poll]    <- read  st0cur     ret=0  data=['0x01', '0x02', '0x00', '0x02']
14:53:53.513  DEBUG   [poll]    -> read  st2mot    
14:53:53.517  DEBUG   [poll]    <- read  st2mot     ret=0  data=['0x00', '0x00']
14:53:53.517  DEBUG   [poll]    -> read  st0cur    
14:53:53.521  DEBUG   [poll]    <- read  st0cur     ret=0  data=['0x01', '0x02', '0x00', '0x02']
14:53:54.523  DEBUG   [poll]    -> read  st2mot    
14:53:54.526  DEBUG   [poll]    <- read  st2mot     ret=0  data=['0x00', '0x00']
14:53:54.527  DEBUG   [poll]    -> read  st0cur    
14:53:54.531  DEBUG   [poll]    <- read  st0cur     ret=0  data=['0x01', '0x02', '0x00', '0x02']
14:53:55.532  DEBUG   [poll]    -> read  st2mot    
14:53:55.536  DEBUG   [poll]    <- read  st2mot     ret=0  data=['0x00', '0x00']
14:53:55.536  DEBUG   [poll]    -> read  st0cur    
14:53:55.540  DEBUG   [poll]    <- read  st0cur     ret=0  data=['0x01', '0x02', '0x01', '0x02']
14:53:56.542  DEBUG   [poll]    -> read  st2mot    
14:53:56.549  DEBUG   [poll]    <- read  st2mot     ret=0  data=['0x00', '0x00']
14:53:56.549  DEBUG   [poll]    -> read  st0cur    
14:53:56.553  DEBUG   [poll]    <- read  st0cur     ret=0  data=['0x01', '0x02', '0x01', '0x02']
14:53:57.555  DEBUG   [poll]    -> read  st2mot    
14:53:57.558  DEBUG   [poll]    <- read  st2mot     ret=0  data=['0x00', '0x00']
14:53:57.559  DEBUG   [poll]    -> read  st0cur    
14:53:57.563  DEBUG   [poll]    <- read  st0cur     ret=0  data=['0x01', '0x02', '0x00', '0x02']
14:53:58.564  DEBUG   [poll]    -> read  st2mot    
14:53:58.568  DEBUG   [poll]    <- read  st2mot     ret=0  data=['0x00', '0x00']
14:53:58.568  DEBUG   [poll]    -> read  st0cur    
14:53:58.572  DEBUG   [poll]    <- read  st0cur     ret=0  data=['0x01', '0x02', '0x00', '0x02']
14:53:59.574  DEBUG   [poll]    -> read  st2mot    
14:53:59.577  DEBUG   [poll]    <- read  st2mot     ret=0  data=['0x00', '0x00']
14:53:59.578  DEBUG   [poll]    -> read  st0cur    
14:53:59.582  DEBUG   [poll]    <- read  st0cur     ret=0  data=['0x01', '0x02', '0x01', '0x02']
14:54:00.583  DEBUG   [poll]    -> read  st2mot    
14:54:00.587  DEBUG   [poll]    <- read  st2mot     ret=0  data=['0x00', '0x00']
14:54:00.587  DEBUG   [poll]    -> read  st0cur    
14:54:00.591  DEBUG   [poll]    <- read  st0cur     ret=0  data=['0x01', '0x02', '0x01', '0x02']
14:54:01.593  DEBUG   [poll]    -> read  st2mot    
14:54:01.600  DEBUG   [poll]    <- read  st2mot     ret=0  data=['0x00', '0x00']
14:54:01.600  DEBUG   [poll]    -> read  st0cur    
14:54:01.604  DEBUG   [poll]    <- read  st0cur     ret=0  data=['0x01', '0x02', '0x00', '0x02']
14:54:02.606  DEBUG   [poll]    -> read  st2mot    
14:54:02.609  DEBUG   [poll]    <- read  st2mot     ret=0  data=['0x00', '0x00']
14:54:02.610  DEBUG   [poll]    -> read  st0cur    
14:54:02.614  DEBUG   [poll]    <- read  st0cur     ret=0  data=['0x01', '0x02', '0x00', '0x02']
14:54:03.615  DEBUG   [poll]    -> read  st2mot    
14:54:03.619  DEBUG   [poll]    <- read  st2mot     ret=0  data=['0x00', '0x00']
14:54:03.619  DEBUG   [poll]    -> read  st0cur    
14:54:03.623  DEBUG   [poll]    <- read  st0cur     ret=0  data=['0x01', '0x02', '0x01', '0x02']
14:54:04.625  DEBUG   [poll]    -> read  st2mot    
14:54:04.628  DEBUG   [poll]    <- read  st2mot     ret=0  data=['0x00', '0x00']
14:54:04.629  DEBUG   [poll]    -> read  st0cur    
14:54:04.633  DEBUG   [poll]    <- read  st0cur     ret=0  data=['0x01', '0x02', '0x01', '0x02']
14:54:05.634  DEBUG   [poll]    -> read  st2mot    
14:54:05.638  DEBUG   [poll]    <- read  st2mot     ret=0  data=['0x00', '0x00']
14:54:05.638  DEBUG   [poll]    -> read  st0cur    
14:54:05.643  DEBUG   [poll]    <- read  st0cur     ret=0  data=['0x01', '0x02', '0x00', '0x02']
14:54:06.644  DEBUG   [poll]    -> read  st2mot    
14:54:06.651  DEBUG   [poll]    <- read  st2mot     ret=0  data=['0x00', '0x00']
14:54:06.651  DEBUG   [poll]    -> read  st0cur    
14:54:06.656  DEBUG   [poll]    <- read  st0cur     ret=0  data=['0x01', '0x02', '0x01', '0x02']
14:54:07.657  DEBUG   [poll]    -> read  st2mot    
14:54:07.660  DEBUG   [poll]    <- read  st2mot     ret=0  data=['0x00', '0x00']
14:54:07.661  DEBUG   [poll]    -> read  st0cur    
14:54:07.665  DEBUG   [poll]    <- read  st0cur     ret=0  data=['0x01', '0x02', '0x01', '0x02']
14:54:08.666  DEBUG   [poll]    -> read  st2mot    
14:54:08.670  DEBUG   [poll]    <- read  st2mot     ret=0  data=['0x00', '0x00']
14:54:08.670  DEBUG   [poll]    -> read  st0cur    
14:54:08.674  DEBUG   [poll]    <- read  st0cur     ret=0  data=['0x01', '0x02', '0x01', '0x02']
14:54:09.676  DEBUG   [poll]    -> read  st2mot    
14:54:09.679  DEBUG   [poll]    <- read  st2mot     ret=0  data=['0x00', '0x00']
14:54:09.680  DEBUG   [poll]    -> read  st0cur    
14:54:09.684  DEBUG   [poll]    <- read  st0cur     ret=0  data=['0x01', '0x02', '0x01', '0x02']
14:54:10.685  DEBUG   [poll]    -> read  st2mot    
14:54:10.689  DEBUG   [poll]    <- read  st2mot     ret=0  data=['0x00', '0x00']
14:54:10.689  DEBUG   [poll]    -> read  st0cur    
14:54:10.693  DEBUG   [poll]    <- read  st0cur     ret=0  data=['0x01', '0x02', '0x01', '0x02']
14:54:11.695  DEBUG   [poll]    -> read  st2mot    
14:54:11.702  DEBUG   [poll]    <- read  st2mot     ret=0  data=['0x00', '0x00']
14:54:11.703  DEBUG   [poll]    -> read  st0cur    
14:54:11.707  DEBUG   [poll]    <- read  st0cur     ret=0  data=['0x01', '0x02', '0x01', '0x02']
14:54:12.708  DEBUG   [poll]    -> read  st2mot    
14:54:12.712  DEBUG   [poll]    <- read  st2mot     ret=0  data=['0x00', '0x00']
14:54:12.712  DEBUG   [poll]    -> read  st0cur    
14:54:12.717  DEBUG   [poll]    <- read  st0cur     ret=0  data=['0x01', '0x02', '0x01', '0x02']
14:54:13.718  DEBUG   [poll]    -> read  st2mot    
14:54:13.721  DEBUG   [poll]    <- read  st2mot     ret=0  data=['0x00', '0x00']
14:54:13.722  DEBUG   [poll]    -> read  st0cur    
14:54:13.726  DEBUG   [poll]    <- read  st0cur     ret=0  data=['0x01', '0x02', '0x01', '0x02']
14:54:14.728  DEBUG   [poll]    -> read  st2mot    
14:54:14.731  DEBUG   [poll]    <- read  st2mot     ret=0  data=['0x00', '0x00']
14:54:14.732  DEBUG   [poll]    -> read  st0cur    
14:54:14.736  DEBUG   [poll]    <- read  st0cur     ret=0  data=['0x01', '0x02', '0x00', '0x02']
14:54:15.737  DEBUG   [poll]    -> read  st2mot    
14:54:15.741  DEBUG   [poll]    <- read  st2mot     ret=0  data=['0x00', '0x00']
14:54:15.741  DEBUG   [poll]    -> read  st0cur    
14:54:15.745  DEBUG   [poll]    <- read  st0cur     ret=0  data=['0x01', '0x02', '0x01', '0x02']
14:54:16.747  DEBUG   [poll]    -> read  st2mot    
14:54:16.754  DEBUG   [poll]    <- read  st2mot     ret=0  data=['0x00', '0x00']
14:54:16.754  DEBUG   [poll]    -> read  st0cur    
14:54:16.759  DEBUG   [poll]    <- read  st0cur     ret=0  data=['0x01', '0x02', '0x00', '0x02']
14:54:17.760  DEBUG   [poll]    -> read  st2mot    
14:54:17.763  DEBUG   [poll]    <- read  st2mot     ret=0  data=['0x00', '0x00']
14:54:17.764  DEBUG   [poll]    -> read  st0cur    
14:54:17.768  DEBUG   [poll]    <- read  st0cur     ret=0  data=['0x01', '0x02', '0x00', '0x02']
14:54:18.770  DEBUG   [poll]    -> read  st2mot    
14:54:18.773  DEBUG   [poll]    <- read  st2mot     ret=0  data=['0x00', '0x00']
14:54:18.773  DEBUG   [poll]    -> read  st0cur    
14:54:18.778  DEBUG   [poll]    <- read  st0cur     ret=0  data=['0x01', '0x02', '0x00', '0x02']
14:54:19.779  DEBUG   [poll]    -> read  st2mot    
14:54:19.782  DEBUG   [poll]    <- read  st2mot     ret=0  data=['0x00', '0x00']
14:54:19.783  DEBUG   [poll]    -> read  st0cur    
14:54:19.787  DEBUG   [poll]    <- read  st0cur     ret=0  data=['0x01', '0x02', '0x01', '0x02']
14:54:20.788  DEBUG   [poll]    -> read  st2mot    
14:54:20.792  DEBUG   [poll]    <- read  st2mot     ret=0  data=['0x00', '0x00']
14:54:20.792  DEBUG   [poll]    -> read  st0cur    
14:54:20.796  DEBUG   [poll]    <- read  st0cur     ret=0  data=['0x01', '0x02', '0x00', '0x02']
14:54:21.798  DEBUG   [poll]    -> read  st2mot    
14:54:21.805  DEBUG   [poll]    <- read  st2mot     ret=0  data=['0x00', '0x00']
14:54:21.805  DEBUG   [poll]    -> read  st0cur    
14:54:21.809  DEBUG   [poll]    <- read  st0cur     ret=0  data=['0x01', '0x02', '0x00', '0x02']
14:54:22.811  DEBUG   [poll]    -> read  st2mot    
14:54:22.814  DEBUG   [poll]    <- read  st2mot     ret=0  data=['0x00', '0x00']
14:54:22.814  DEBUG   [poll]    -> read  st0cur    
14:54:22.819  DEBUG   [poll]    <- read  st0cur     ret=0  data=['0x01', '0x02', '0x01', '0x02']
14:54:23.820  DEBUG   [poll]    -> read  st2mot    
14:54:23.823  DEBUG   [poll]    <- read  st2mot     ret=0  data=['0x00', '0x00']
14:54:23.824  DEBUG   [poll]    -> read  st0cur    
14:54:23.828  DEBUG   [poll]    <- read  st0cur     ret=0  data=['0x01', '0x02', '0x01', '0x02']
14:54:24.830  DEBUG   [poll]    -> read  st2mot    
14:54:24.833  DEBUG   [poll]    <- read  st2mot     ret=0  data=['0x00', '0x00']
14:54:24.833  DEBUG   [poll]    -> read  st0cur    
14:54:24.837  DEBUG   [poll]    <- read  st0cur     ret=0  data=['0x01', '0x02', '0x00', '0x02']
14:54:25.839  DEBUG   [poll]    -> read  st2mot    
14:54:25.842  DEBUG   [poll]    <- read  st2mot     ret=0  data=['0x00', '0x00']
14:54:25.843  DEBUG   [poll]    -> read  st0cur    
14:54:25.847  DEBUG   [poll]    <- read  st0cur     ret=0  data=['0x01', '0x02', '0x00', '0x02']
14:54:26.848  DEBUG   [poll]    -> read  st2mot    
14:54:26.858  DEBUG   [poll]    <- read  st2mot     ret=0  data=['0x00', '0x00']
14:54:26.858  DEBUG   [poll]    -> read  st0cur    
14:54:26.862  DEBUG   [poll]    <- read  st0cur     ret=0  data=['0x01', '0x02', '0x00', '0x02']
14:54:27.864  DEBUG   [poll]    -> read  st2mot    
14:54:27.867  DEBUG   [poll]    <- read  st2mot     ret=0  data=['0x00', '0x00']
14:54:27.867  DEBUG   [poll]    -> read  st0cur    
14:54:27.872  DEBUG   [poll]    <- read  st0cur     ret=0  data=['0x01', '0x02', '0x00', '0x02']
14:54:28.873  DEBUG   [poll]    -> read  st2mot    
14:54:28.877  DEBUG   [poll]    <- read  st2mot     ret=0  data=['0x00', '0x00']
14:54:28.877  DEBUG   [poll]    -> read  st0cur    
14:54:28.881  DEBUG   [poll]    <- read  st0cur     ret=0  data=['0x01', '0x02', '0x01', '0x02']
14:54:29.883  DEBUG   [poll]    -> read  st2mot    
14:54:29.886  DEBUG   [poll]    <- read  st2mot     ret=0  data=['0x00', '0x00']
14:54:29.886  DEBUG   [poll]    -> read  st0cur    
14:54:29.891  DEBUG   [poll]    <- read  st0cur     ret=0  data=['0x01', '0x02', '0x00', '0x02']
14:54:30.892  DEBUG   [poll]    -> read  st2mot    
14:54:30.895  DEBUG   [poll]    <- read  st2mot     ret=0  data=['0x00', '0x00']
14:54:30.896  DEBUG   [poll]    -> read  st0cur    
14:54:30.900  DEBUG   [poll]    <- read  st0cur     ret=0  data=['0x01', '0x02', '0x01', '0x02']
14:54:31.902  DEBUG   [poll]    -> read  st2mot    
14:54:31.908  DEBUG   [poll]    <- read  st2mot     ret=0  data=['0x00', '0x00']
14:54:31.909  DEBUG   [poll]    -> read  st0cur    
14:54:31.913  DEBUG   [poll]    <- read  st0cur     ret=0  data=['0x01', '0x02', '0x01', '0x02']
14:54:32.914  DEBUG   [poll]    -> read  st2mot    
14:54:32.918  DEBUG   [poll]    <- read  st2mot     ret=0  data=['0x00', '0x00']
14:54:32.918  DEBUG   [poll]    -> read  st0cur    
14:54:32.922  DEBUG   [poll]    <- read  st0cur     ret=0  data=['0x01', '0x02', '0x00', '0x02']
14:54:33.924  DEBUG   [poll]    -> read  st2mot    
14:54:33.927  DEBUG   [poll]    <- read  st2mot     ret=0  data=['0x00', '0x00']
14:54:33.928  DEBUG   [poll]    -> read  st0cur    
14:54:33.932  DEBUG   [poll]    <- read  st0cur     ret=0  data=['0x01', '0x02', '0x00', '0x02']
14:54:34.933  DEBUG   [poll]    -> read  st2mot    
14:54:34.937  DEBUG   [poll]    <- read  st2mot     ret=0  data=['0x00', '0x00']
14:54:34.937  DEBUG   [poll]    -> read  st0cur    
14:54:34.941  DEBUG   [poll]    <- read  st0cur     ret=0  data=['0x01', '0x02', '0x01', '0x02']
14:54:35.943  DEBUG   [poll]    -> read  st2mot    
14:54:35.946  DEBUG   [poll]    <- read  st2mot     ret=0  data=['0x00', '0x00']
14:54:35.946  DEBUG   [poll]    -> read  st0cur    
14:54:35.951  DEBUG   [poll]    <- read  st0cur     ret=0  data=['0x01', '0x02', '0x00', '0x02']
14:54:36.952  DEBUG   [poll]    -> read  st2mot    
14:54:36.959  DEBUG   [poll]    <- read  st2mot     ret=0  data=['0x00', '0x00']
14:54:36.959  DEBUG   [poll]    -> read  st0cur    
14:54:36.964  DEBUG   [poll]    <- read  st0cur     ret=0  data=['0x01', '0x02', '0x01', '0x02']
14:54:37.965  DEBUG   [poll]    -> read  st2mot    
14:54:37.968  DEBUG   [poll]    <- read  st2mot     ret=0  data=['0x00', '0x00']
14:54:37.969  DEBUG   [poll]    -> read  st0cur    
14:54:37.973  DEBUG   [poll]    <- read  st0cur     ret=0  data=['0x01', '0x02', '0x00', '0x02']
14:54:38.974  DEBUG   [poll]    -> read  st2mot    
14:54:38.978  DEBUG   [poll]    <- read  st2mot     ret=0  data=['0x00', '0x00']
14:54:38.978  DEBUG   [poll]    -> read  st0cur    
14:54:38.982  DEBUG   [poll]    <- read  st0cur     ret=0  data=['0x01', '0x02', '0x00', '0x02']
14:54:39.984  DEBUG   [poll]    -> read  st2mot    
14:54:39.987  DEBUG   [poll]    <- read  st2mot     ret=0  data=['0x00', '0x00']
14:54:39.988  DEBUG   [poll]    -> read  st0cur    
14:54:39.992  DEBUG   [poll]    <- read  st0cur     ret=0  data=['0x01', '0x02', '0x00', '0x02']
14:54:40.993  DEBUG   [poll]    -> read  st2mot    
14:54:40.997  DEBUG   [poll]    <- read  st2mot     ret=0  data=['0x00', '0x00']
14:54:40.997  DEBUG   [poll]    -> read  st0cur    
14:54:41.001  DEBUG   [poll]    <- read  st0cur     ret=0  data=['0x01', '0x02', '0x00', '0x02']
14:54:42.003  DEBUG   [poll]    -> read  st2mot    
14:54:42.009  DEBUG   [poll]    <- read  st2mot     ret=0  data=['0x00', '0x00']
14:54:42.010  DEBUG   [poll]    -> read  st0cur    
14:54:42.014  DEBUG   [poll]    <- read  st0cur     ret=0  data=['0x01', '0x02', '0x00', '0x02']
14:54:43.015  DEBUG   [poll]    -> read  st2mot    
14:54:43.019  DEBUG   [poll]    <- read  st2mot     ret=0  data=['0x00', '0x00']
14:54:43.019  DEBUG   [poll]    -> read  st0cur    
14:54:43.023  DEBUG   [poll]    <- read  st0cur     ret=0  data=['0x01', '0x02', '0x01', '0x02']
14:54:44.025  DEBUG   [poll]    -> read  st2mot    
14:54:44.028  DEBUG   [poll]    <- read  st2mot     ret=0  data=['0x00', '0x00']
14:54:44.028  DEBUG   [poll]    -> read  st0cur    
14:54:44.033  DEBUG   [poll]    <- read  st0cur     ret=0  data=['0x01', '0x02', '0x00', '0x02']
14:54:45.034  DEBUG   [poll]    -> read  st2mot    
14:54:45.038  DEBUG   [poll]    <- read  st2mot     ret=0  data=['0x00', '0x00']
14:54:45.038  DEBUG   [poll]    -> read  st0cur    
14:54:45.042  DEBUG   [poll]    <- read  st0cur     ret=0  data=['0x01', '0x02', '0x01', '0x02']
14:54:46.044  DEBUG   [poll]    -> read  st2mot    
14:54:46.047  DEBUG   [poll]    <- read  st2mot     ret=0  data=['0x00', '0x00']
14:54:46.048  DEBUG   [poll]    -> read  st0cur    
14:54:46.052  DEBUG   [poll]    <- read  st0cur     ret=0  data=['0x01', '0x02', '0x00', '0x02']
14:54:47.053  DEBUG   [poll]    -> read  st2mot    
14:54:47.060  DEBUG   [poll]    <- read  st2mot     ret=0  data=['0x00', '0x00']
14:54:47.061  DEBUG   [poll]    -> read  st0cur    
14:54:47.065  DEBUG   [poll]    <- read  st0cur     ret=0  data=['0x01', '0x02', '0x00', '0x02']
14:54:48.066  DEBUG   [poll]    -> read  st2mot    
14:54:48.070  DEBUG   [poll]    <- read  st2mot     ret=0  data=['0x00', '0x00']
14:54:48.070  DEBUG   [poll]    -> read  st0cur    
14:54:48.074  DEBUG   [poll]    <- read  st0cur     ret=0  data=['0x01', '0x02', '0x00', '0x02']
14:54:49.076  DEBUG   [poll]    -> read  st2mot    
14:54:49.079  DEBUG   [poll]    <- read  st2mot     ret=0  data=['0x00', '0x00']
14:54:49.079  DEBUG   [poll]    -> read  st0cur    
14:54:49.084  DEBUG   [poll]    <- read  st0cur     ret=0  data=['0x01', '0x02', '0x01', '0x02']
14:54:50.085  DEBUG   [poll]    -> read  st2mot    
14:54:50.088  DEBUG   [poll]    <- read  st2mot     ret=0  data=['0x00', '0x00']
14:54:50.089  DEBUG   [poll]    -> read  st0cur    
14:54:50.093  DEBUG   [poll]    <- read  st0cur     ret=0  data=['0x01', '0x02', '0x00', '0x02']
14:54:51.094  DEBUG   [poll]    -> read  st2mot    
14:54:51.098  DEBUG   [poll]    <- read  st2mot     ret=0  data=['0x00', '0x00']
14:54:51.098  DEBUG   [poll]    -> read  st0cur    
14:54:51.102  DEBUG   [poll]    <- read  st0cur     ret=0  data=['0x01', '0x02', '0x01', '0x02']
14:54:52.104  DEBUG   [poll]    -> read  st2mot    
14:54:52.110  DEBUG   [poll]    <- read  st2mot     ret=0  data=['0x00', '0x00']
14:54:52.111  DEBUG   [poll]    -> read  st0cur    
14:54:52.115  DEBUG   [poll]    <- read  st0cur     ret=0  data=['0x01', '0x02', '0x00', '0x02']
14:54:53.117  DEBUG   [poll]    -> read  st2mot    
14:54:53.120  DEBUG   [poll]    <- read  st2mot     ret=0  data=['0x00', '0x00']
14:54:53.120  DEBUG   [poll]    -> read  st0cur    
14:54:53.125  DEBUG   [poll]    <- read  st0cur     ret=0  data=['0x01', '0x02', '0x01', '0x02']
14:54:54.126  DEBUG   [poll]    -> read  st2mot    
14:54:54.130  DEBUG   [poll]    <- read  st2mot     ret=0  data=['0x00', '0x00']
14:54:54.130  DEBUG   [poll]    -> read  st0cur    
14:54:54.134  DEBUG   [poll]    <- read  st0cur     ret=0  data=['0x01', '0x02', '0x00', '0x02']
14:54:55.136  DEBUG   [poll]    -> read  st2mot    
14:54:55.139  DEBUG   [poll]    <- read  st2mot     ret=0  data=['0x00', '0x00']
14:54:55.139  DEBUG   [poll]    -> read  st0cur    
14:54:55.144  DEBUG   [poll]    <- read  st0cur     ret=0  data=['0x01', '0x02', '0x01', '0x02']
14:54:56.145  DEBUG   [poll]    -> read  st2mot    
14:54:56.148  DEBUG   [poll]    <- read  st2mot     ret=0  data=['0x00', '0x00']
14:54:56.149  DEBUG   [poll]    -> read  st0cur    
14:54:56.153  DEBUG   [poll]    <- read  st0cur     ret=0  data=['0x01', '0x02', '0x00', '0x02']
14:54:57.155  DEBUG   [poll]    -> read  st2mot    
14:54:57.161  DEBUG   [poll]    <- read  st2mot     ret=0  data=['0x00', '0x00']
14:54:57.162  DEBUG   [poll]    -> read  st0cur    
14:54:57.166  DEBUG   [poll]    <- read  st0cur     ret=0  data=['0x01', '0x02', '0x00', '0x02']
14:54:58.167  DEBUG   [poll]    -> read  st2mot    
14:54:58.171  DEBUG   [poll]    <- read  st2mot     ret=0  data=['0x00', '0x00']
14:54:58.171  DEBUG   [poll]    -> read  st0cur    
14:54:58.176  DEBUG   [poll]    <- read  st0cur     ret=0  data=['0x01', '0x02', '0x00', '0x02']
14:54:59.177  DEBUG   [poll]    -> read  st2mot    
14:54:59.180  DEBUG   [poll]    <- read  st2mot     ret=0  data=['0x00', '0x00']
14:54:59.181  DEBUG   [poll]    -> read  st0cur    
14:54:59.185  DEBUG   [poll]    <- read  st0cur     ret=0  data=['0x01', '0x02', '0x01', '0x02']
14:55:00.186  DEBUG   [poll]    -> read  st2mot    
14:55:00.190  DEBUG   [poll]    <- read  st2mot     ret=0  data=['0x00', '0x00']
14:55:00.190  DEBUG   [poll]    -> read  st0cur    
14:55:00.194  DEBUG   [poll]    <- read  st0cur     ret=0  data=['0x01', '0x02', '0x00', '0x02']
14:55:01.196  DEBUG   [poll]    -> read  st2mot    
14:55:01.199  DEBUG   [poll]    <- read  st2mot     ret=0  data=['0x00', '0x00']
14:55:01.200  DEBUG   [poll]    -> read  st0cur    
14:55:01.204  DEBUG   [poll]    <- read  st0cur     ret=0  data=['0x01', '0x02', '0x00', '0x02']
14:55:02.205  DEBUG   [poll]    -> read  st2mot    
14:55:02.212  DEBUG   [poll]    <- read  st2mot     ret=0  data=['0x00', '0x00']
14:55:02.213  DEBUG   [poll]    -> read  st0cur    
14:55:02.217  DEBUG   [poll]    <- read  st0cur     ret=0  data=['0x01', '0x02', '0x00', '0x02']
14:55:03.218  DEBUG   [poll]    -> read  st2mot    
14:55:03.222  DEBUG   [poll]    <- read  st2mot     ret=0  data=['0x00', '0x00']
14:55:03.222  DEBUG   [poll]    -> read  st0cur    
14:55:03.226  DEBUG   [poll]    <- read  st0cur     ret=0  data=['0x01', '0x02', '0x00', '0x02']
14:55:04.228  DEBUG   [poll]    -> read  st2mot    
14:55:04.231  DEBUG   [poll]    <- read  st2mot     ret=0  data=['0x00', '0x00']
14:55:04.232  DEBUG   [poll]    -> read  st0cur    
14:55:04.236  DEBUG   [poll]    <- read  st0cur     ret=0  data=['0x01', '0x02', '0x00', '0x02']
14:55:05.237  DEBUG   [poll]    -> read  st2mot    
14:55:05.241  DEBUG   [poll]    <- read  st2mot     ret=0  data=['0x00', '0x00']
14:55:05.241  DEBUG   [poll]    -> read  st0cur    
14:55:05.245  DEBUG   [poll]    <- read  st0cur     ret=0  data=['0x01', '0x02', '0x00', '0x02']
14:55:06.247  DEBUG   [poll]    -> read  st2mot    
14:55:06.250  DEBUG   [poll]    <- read  st2mot     ret=0  data=['0x00', '0x00']
14:55:06.251  DEBUG   [poll]    -> read  st0cur    
14:55:06.255  DEBUG   [poll]    <- read  st0cur     ret=0  data=['0x01', '0x02', '0x00', '0x02']
14:55:07.256  DEBUG   [poll]    -> read  st2mot    
14:55:07.263  DEBUG   [poll]    <- read  st2mot     ret=0  data=['0x00', '0x00']
14:55:07.264  DEBUG   [poll]    -> read  st0cur    
14:55:07.268  DEBUG   [poll]    <- read  st0cur     ret=0  data=['0x01', '0x02', '0x01', '0x02']
14:55:08.269  DEBUG   [poll]    -> read  st2mot    
14:55:08.273  DEBUG   [poll]    <- read  st2mot     ret=0  data=['0x00', '0x00']
14:55:08.273  DEBUG   [poll]    -> read  st0cur    
14:55:08.277  DEBUG   [poll]    <- read  st0cur     ret=0  data=['0x01', '0x02', '0x01', '0x02']
14:55:09.279  DEBUG   [poll]    -> read  st2mot    
14:55:09.282  DEBUG   [poll]    <- read  st2mot     ret=0  data=['0x00', '0x00']
14:55:09.282  DEBUG   [poll]    -> read  st0cur    
14:55:09.287  DEBUG   [poll]    <- read  st0cur     ret=0  data=['0x01', '0x02', '0x00', '0x02']
14:55:10.288  DEBUG   [poll]    -> read  st2mot    
14:55:10.292  DEBUG   [poll]    <- read  st2mot     ret=0  data=['0x00', '0x00']
14:55:10.292  DEBUG   [poll]    -> read  st0cur    
14:55:10.296  DEBUG   [poll]    <- read  st0cur     ret=0  data=['0x01', '0x02', '0x01', '0x02']
14:55:11.298  DEBUG   [poll]    -> read  st2mot    
14:55:11.301  DEBUG   [poll]    <- read  st2mot     ret=0  data=['0x00', '0x00']
14:55:11.301  DEBUG   [poll]    -> read  st0cur    
14:55:11.306  DEBUG   [poll]    <- read  st0cur     ret=0  data=['0x01', '0x02', '0x01', '0x02']
14:55:12.307  DEBUG   [poll]    -> read  st2mot    
14:55:12.314  DEBUG   [poll]    <- read  st2mot     ret=0  data=['0x00', '0x00']
14:55:12.314  DEBUG   [poll]    -> read  st0cur    
14:55:12.318  DEBUG   [poll]    <- read  st0cur     ret=0  data=['0x01', '0x02', '0x00', '0x02']
14:55:13.320  DEBUG   [poll]    -> read  st2mot    
14:55:13.323  DEBUG   [poll]    <- read  st2mot     ret=0  data=['0x00', '0x00']
14:55:13.324  DEBUG   [poll]    -> read  st0cur    
14:55:13.328  DEBUG   [poll]    <- read  st0cur     ret=0  data=['0x01', '0x02', '0x00', '0x02']
14:55:14.330  DEBUG   [poll]    -> read  st2mot    
14:55:14.333  DEBUG   [poll]    <- read  st2mot     ret=0  data=['0x00', '0x00']
14:55:14.333  DEBUG   [poll]    -> read  st0cur    
14:55:14.338  DEBUG   [poll]    <- read  st0cur     ret=0  data=['0x01', '0x02', '0x01', '0x02']
14:55:15.339  DEBUG   [poll]    -> read  st2mot    
14:55:15.343  DEBUG   [poll]    <- read  st2mot     ret=0  data=['0x00', '0x00']
14:55:15.343  DEBUG   [poll]    -> read  st0cur    
14:55:15.347  DEBUG   [poll]    <- read  st0cur     ret=0  data=['0x01', '0x02', '0x01', '0x02']
14:55:16.349  DEBUG   [poll]    -> read  st2mot    
14:55:16.352  DEBUG   [poll]    <- read  st2mot     ret=0  data=['0x00', '0x00']
14:55:16.352  DEBUG   [poll]    -> read  st0cur    
14:55:16.357  DEBUG   [poll]    <- read  st0cur     ret=0  data=['0x01', '0x02', '0x00', '0x02']
14:55:17.358  DEBUG   [poll]    -> read  st2mot    
14:55:17.365  DEBUG   [poll]    <- read  st2mot     ret=0  data=['0x00', '0x00']
14:55:17.365  DEBUG   [poll]    -> read  st0cur    
14:55:17.370  DEBUG   [poll]    <- read  st0cur     ret=0  data=['0x01', '0x02', '0x00', '0x02']
14:55:18.371  DEBUG   [poll]    -> read  st2mot    
14:55:18.374  DEBUG   [poll]    <- read  st2mot     ret=0  data=['0x00', '0x00']
14:55:18.375  DEBUG   [poll]    -> read  st0cur    
14:55:18.379  DEBUG   [poll]    <- read  st0cur     ret=0  data=['0x01', '0x02', '0x01', '0x02']
14:55:19.380  DEBUG   [poll]    -> read  st2mot    
14:55:19.384  DEBUG   [poll]    <- read  st2mot     ret=0  data=['0x00', '0x00']
14:55:19.384  DEBUG   [poll]    -> read  st0cur    
14:55:19.388  DEBUG   [poll]    <- read  st0cur     ret=0  data=['0x01', '0x02', '0x01', '0x02']
14:55:20.390  DEBUG   [poll]    -> read  st2mot    
14:55:20.393  DEBUG   [poll]    <- read  st2mot     ret=0  data=['0x00', '0x00']
14:55:20.394  DEBUG   [poll]    -> read  st0cur    
14:55:20.398  DEBUG   [poll]    <- read  st0cur     ret=0  data=['0x01', '0x02', '0x00', '0x02']
14:55:21.399  DEBUG   [poll]    -> read  st2mot    
14:55:21.403  DEBUG   [poll]    <- read  st2mot     ret=0  data=['0x00', '0x00']
14:55:21.403  DEBUG   [poll]    -> read  st0cur    
14:55:21.407  DEBUG   [poll]    <- read  st0cur     ret=0  data=['0x01', '0x02', '0x00', '0x02']
14:55:22.409  DEBUG   [poll]    -> read  st2mot    
14:55:22.416  DEBUG   [poll]    <- read  st2mot     ret=0  data=['0x00', '0x00']
14:55:22.416  DEBUG   [poll]    -> read  st0cur    
14:55:22.420  DEBUG   [poll]    <- read  st0cur     ret=0  data=['0x01', '0x02', '0x00', '0x02']
14:55:23.422  DEBUG   [poll]    -> read  st2mot    
14:55:23.425  DEBUG   [poll]    <- read  st2mot     ret=0  data=['0x00', '0x00']
14:55:23.426  DEBUG   [poll]    -> read  st0cur    
14:55:23.430  DEBUG   [poll]    <- read  st0cur     ret=0  data=['0x01', '0x02', '0x00', '0x02']
14:55:24.431  DEBUG   [poll]    -> read  st2mot    
14:55:24.435  DEBUG   [poll]    <- read  st2mot     ret=0  data=['0x00', '0x00']
14:55:24.435  DEBUG   [poll]    -> read  st0cur    
14:55:24.439  DEBUG   [poll]    <- read  st0cur     ret=0  data=['0x01', '0x02', '0x01', '0x02']
14:55:25.441  DEBUG   [poll]    -> read  st2mot    
14:55:25.444  DEBUG   [poll]    <- read  st2mot     ret=0  data=['0x00', '0x00']
14:55:25.444  DEBUG   [poll]    -> read  st0cur    
14:55:25.448  DEBUG   [poll]    <- read  st0cur     ret=0  data=['0x01', '0x02', '0x00', '0x02']
14:55:26.450  DEBUG   [poll]    -> read  st2mot    
14:55:26.453  DEBUG   [poll]    <- read  st2mot     ret=0  data=['0x00', '0x00']
14:55:26.453  DEBUG   [poll]    -> read  st0cur    
14:55:26.458  DEBUG   [poll]    <- read  st0cur     ret=0  data=['0x01', '0x02', '0x00', '0x02']
14:55:27.459  DEBUG   [poll]    -> read  st2mot    
14:55:27.466  DEBUG   [poll]    <- read  st2mot     ret=0  data=['0x00', '0x00']
14:55:27.466  DEBUG   [poll]    -> read  st0cur    
14:55:27.470  DEBUG   [poll]    <- read  st0cur     ret=0  data=['0x01', '0x02', '0x00', '0x02']
14:55:28.472  DEBUG   [poll]    -> read  st2mot    
14:55:28.475  DEBUG   [poll]    <- read  st2mot     ret=0  data=['0x00', '0x00']
14:55:28.476  DEBUG   [poll]    -> read  st0cur    
14:55:28.480  DEBUG   [poll]    <- read  st0cur     ret=0  data=['0x01', '0x02', '0x00', '0x02']
14:55:29.481  DEBUG   [poll]    -> read  st2mot    
14:55:29.485  DEBUG   [poll]    <- read  st2mot     ret=0  data=['0x00', '0x00']
14:55:29.485  DEBUG   [poll]    -> read  st0cur    
14:55:29.489  DEBUG   [poll]    <- read  st0cur     ret=0  data=['0x01', '0x02', '0x00', '0x02']
14:55:30.491  DEBUG   [poll]    -> read  st2mot    
14:55:30.494  DEBUG   [poll]    <- read  st2mot     ret=0  data=['0x00', '0x00']
14:55:30.495  DEBUG   [poll]    -> read  st0cur    
14:55:30.499  DEBUG   [poll]    <- read  st0cur     ret=0  data=['0x01', '0x02', '0x01', '0x02']
14:55:31.500  DEBUG   [poll]    -> read  st2mot    
14:55:31.504  DEBUG   [poll]    <- read  st2mot     ret=0  data=['0x00', '0x00']
14:55:31.504  DEBUG   [poll]    -> read  st0cur    
14:55:31.508  DEBUG   [poll]    <- read  st0cur     ret=0  data=['0x01', '0x02', '0x00', '0x02']
14:55:32.510  DEBUG   [poll]    -> read  st2mot    
14:55:32.517  DEBUG   [poll]    <- read  st2mot     ret=0  data=['0x00', '0x00']
14:55:32.517  DEBUG   [poll]    -> read  st0cur    
14:55:32.522  DEBUG   [poll]    <- read  st0cur     ret=0  data=['0x01', '0x02', '0x01', '0x02']
14:55:33.523  DEBUG   [poll]    -> read  st2mot    
14:55:33.526  DEBUG   [poll]    <- read  st2mot     ret=0  data=['0x00', '0x00']
14:55:33.527  DEBUG   [poll]    -> read  st0cur    
14:55:33.531  DEBUG   [poll]    <- read  st0cur     ret=0  data=['0x01', '0x02', '0x00', '0x02']
14:55:34.533  DEBUG   [poll]    -> read  st2mot    
14:55:34.536  DEBUG   [poll]    <- read  st2mot     ret=0  data=['0x00', '0x00']
14:55:34.536  DEBUG   [poll]    -> read  st0cur    
14:55:34.541  DEBUG   [poll]    <- read  st0cur     ret=0  data=['0x01', '0x02', '0x00', '0x02']
14:55:35.542  DEBUG   [poll]    -> read  st2mot    
14:55:35.545  DEBUG   [poll]    <- read  st2mot     ret=0  data=['0x00', '0x00']
14:55:35.546  DEBUG   [poll]    -> read  st0cur    
14:55:35.550  DEBUG   [poll]    <- read  st0cur     ret=0  data=['0x01', '0x02', '0x01', '0x02']
14:55:36.551  DEBUG   [poll]    -> read  st2mot    
14:55:36.555  DEBUG   [poll]    <- read  st2mot     ret=0  data=['0x00', '0x00']
14:55:36.555  DEBUG   [poll]    -> read  st0cur    
14:55:36.559  DEBUG   [poll]    <- read  st0cur     ret=0  data=['0x01', '0x02', '0x01', '0x02']
14:55:37.561  DEBUG   [poll]    -> read  st2mot    
14:55:37.567  DEBUG   [poll]    <- read  st2mot     ret=0  data=['0x00', '0x00']
14:55:37.568  DEBUG   [poll]    -> read  st0cur    
14:55:37.572  DEBUG   [poll]    <- read  st0cur     ret=0  data=['0x01', '0x02', '0x00', '0x02']
14:55:38.574  DEBUG   [poll]    -> read  st2mot    
14:55:38.577  DEBUG   [poll]    <- read  st2mot     ret=0  data=['0x00', '0x00']
14:55:38.577  DEBUG   [poll]    -> read  st0cur    
14:55:38.582  DEBUG   [poll]    <- read  st0cur     ret=0  data=['0x01', '0x02', '0x00', '0x02']
14:55:39.583  DEBUG   [poll]    -> read  st2mot    
14:55:39.586  DEBUG   [poll]    <- read  st2mot     ret=0  data=['0x00', '0x00']
14:55:39.587  DEBUG   [poll]    -> read  st0cur    
14:55:39.591  DEBUG   [poll]    <- read  st0cur     ret=0  data=['0x01', '0x02', '0x01', '0x02']
14:55:40.592  DEBUG   [poll]    -> read  st2mot    
14:55:40.596  DEBUG   [poll]    <- read  st2mot     ret=0  data=['0x00', '0x00']
14:55:40.596  DEBUG   [poll]    -> read  st0cur    
14:55:40.600  DEBUG   [poll]    <- read  st0cur     ret=0  data=['0x01', '0x02', '0x00', '0x02']
14:55:41.602  DEBUG   [poll]    -> read  st2mot    
14:55:41.605  DEBUG   [poll]    <- read  st2mot     ret=0  data=['0x00', '0x00']
14:55:41.606  DEBUG   [poll]    -> read  st0cur    
14:55:41.610  DEBUG   [poll]    <- read  st0cur     ret=0  data=['0x01', '0x02', '0x00', '0x02']
14:55:42.611  DEBUG   [poll]    -> read  st2mot    
14:55:42.618  DEBUG   [poll]    <- read  st2mot     ret=0  data=['0x00', '0x00']
14:55:42.619  DEBUG   [poll]    -> read  st0cur    
14:55:42.623  DEBUG   [poll]    <- read  st0cur     ret=0  data=['0x01', '0x02', '0x00', '0x02']
14:55:43.624  DEBUG   [poll]    -> read  st2mot    
14:55:43.628  DEBUG   [poll]    <- read  st2mot     ret=0  data=['0x00', '0x00']
14:55:43.628  DEBUG   [poll]    -> read  st0cur    
14:55:43.632  DEBUG   [poll]    <- read  st0cur     ret=0  data=['0x01', '0x02', '0x01', '0x02']
14:55:44.634  DEBUG   [poll]    -> read  st2mot    
14:55:44.637  DEBUG   [poll]    <- read  st2mot     ret=0  data=['0x00', '0x00']
14:55:44.638  DEBUG   [poll]    -> read  st0cur    
14:55:44.642  DEBUG   [poll]    <- read  st0cur     ret=0  data=['0x01', '0x02', '0x00', '0x02']
14:55:45.643  DEBUG   [poll]    -> read  st2mot    
14:55:45.647  DEBUG   [poll]    <- read  st2mot     ret=0  data=['0x00', '0x00']
14:55:45.647  DEBUG   [poll]    -> read  st0cur    
14:55:45.652  DEBUG   [poll]    <- read  st0cur     ret=0  data=['0x01', '0x02', '0x01', '0x02']
14:55:46.653  DEBUG   [poll]    -> read  st2mot    
14:55:46.656  DEBUG   [poll]    <- read  st2mot     ret=0  data=['0x00', '0x00']
14:55:46.657  DEBUG   [poll]    -> read  st0cur    
14:55:46.661  DEBUG   [poll]    <- read  st0cur     ret=0  data=['0x01', '0x02', '0x01', '0x02']
14:55:47.662  DEBUG   [poll]    -> read  st2mot    
14:55:47.669  DEBUG   [poll]    <- read  st2mot     ret=0  data=['0x00', '0x00']
14:55:47.670  DEBUG   [poll]    -> read  st0cur    
14:55:47.674  DEBUG   [poll]    <- read  st0cur     ret=0  data=['0x01', '0x02', '0x00', '0x02']
14:55:48.675  DEBUG   [poll]    -> read  st2mot    
14:55:48.679  DEBUG   [poll]    <- read  st2mot     ret=0  data=['0x00', '0x00']
14:55:48.679  DEBUG   [poll]    -> read  st0cur    
14:55:48.683  DEBUG   [poll]    <- read  st0cur     ret=0  data=['0x01', '0x02', '0x00', '0x02']
14:55:49.685  DEBUG   [poll]    -> read  st2mot    
14:55:49.688  DEBUG   [poll]    <- read  st2mot     ret=0  data=['0x00', '0x00']
14:55:49.689  DEBUG   [poll]    -> read  st0cur    
14:55:49.693  DEBUG   [poll]    <- read  st0cur     ret=0  data=['0x01', '0x02', '0x01', '0x02']
14:55:50.694  DEBUG   [poll]    -> read  st2mot    
14:55:50.698  DEBUG   [poll]    <- read  st2mot     ret=0  data=['0x00', '0x00']
14:55:50.698  DEBUG   [poll]    -> read  st0cur    
14:55:50.702  DEBUG   [poll]    <- read  st0cur     ret=0  data=['0x01', '0x02', '0x00', '0x02']
14:55:51.704  DEBUG   [poll]    -> read  st2mot    
14:55:51.707  DEBUG   [poll]    <- read  st2mot     ret=0  data=['0x00', '0x00']
14:55:51.707  DEBUG   [poll]    -> read  st0cur    
14:55:51.712  DEBUG   [poll]    <- read  st0cur     ret=0  data=['0x01', '0x02', '0x00', '0x02']
14:55:52.713  DEBUG   [poll]    -> read  st2mot    
14:55:52.720  DEBUG   [poll]    <- read  st2mot     ret=0  data=['0x00', '0x00']
14:55:52.720  DEBUG   [poll]    -> read  st0cur    
14:55:52.725  DEBUG   [poll]    <- read  st0cur     ret=0  data=['0x01', '0x02', '0x01', '0x02']
14:55:53.726  DEBUG   [poll]    -> read  st2mot    
14:55:53.729  DEBUG   [poll]    <- read  st2mot     ret=0  data=['0x00', '0x00']
14:55:53.730  DEBUG   [poll]    -> read  st0cur    
14:55:53.734  DEBUG   [poll]    <- read  st0cur     ret=0  data=['0x01', '0x02', '0x00', '0x02']
14:55:54.735  DEBUG   [poll]    -> read  st2mot    
14:55:54.739  DEBUG   [poll]    <- read  st2mot     ret=0  data=['0x00', '0x00']
14:55:54.739  DEBUG   [poll]    -> read  st0cur    
14:55:54.743  DEBUG   [poll]    <- read  st0cur     ret=0  data=['0x01', '0x02', '0x01', '0x02']
14:55:55.745  DEBUG   [poll]    -> read  st2mot    
14:55:55.748  DEBUG   [poll]    <- read  st2mot     ret=0  data=['0x00', '0x00']
14:55:55.748  DEBUG   [poll]    -> read  st0cur    
14:55:55.752  DEBUG   [poll]    <- read  st0cur     ret=0  data=['0x01', '0x02', '0x01', '0x02']
14:55:56.753  DEBUG   [poll]    -> read  st2mot    
14:55:56.757  DEBUG   [poll]    <- read  st2mot     ret=0  data=['0x00', '0x00']
14:55:56.757  DEBUG   [poll]    -> read  st0cur    
14:55:56.761  DEBUG   [poll]    <- read  st0cur     ret=0  data=['0x01', '0x02', '0x00', '0x02']
14:55:57.763  DEBUG   [poll]    -> read  st2mot    
14:55:57.770  DEBUG   [poll]    <- read  st2mot     ret=0  data=['0x00', '0x00']
14:55:57.771  DEBUG   [poll]    -> read  st0cur    
14:55:57.775  DEBUG   [poll]    <- read  st0cur     ret=0  data=['0x01', '0x02', '0x00', '0x02']
14:55:58.776  DEBUG   [poll]    -> read  st2mot    
14:55:58.780  DEBUG   [poll]    <- read  st2mot     ret=0  data=['0x00', '0x00']
14:55:58.780  DEBUG   [poll]    -> read  st0cur    
14:55:58.784  DEBUG   [poll]    <- read  st0cur     ret=0  data=['0x01', '0x02', '0x01', '0x02']
14:55:59.786  DEBUG   [poll]    -> read  st2mot    
14:55:59.789  DEBUG   [poll]    <- read  st2mot     ret=0  data=['0x00', '0x00']
14:55:59.790  DEBUG   [poll]    -> read  st0cur    
14:55:59.794  DEBUG   [poll]    <- read  st0cur     ret=0  data=['0x01', '0x02', '0x00', '0x02']
14:56:00.795  DEBUG   [poll]    -> read  st2mot    
14:56:00.799  DEBUG   [poll]    <- read  st2mot     ret=0  data=['0x00', '0x00']
14:56:00.799  DEBUG   [poll]    -> read  st0cur    
14:56:00.803  DEBUG   [poll]    <- read  st0cur     ret=0  data=['0x01', '0x02', '0x00', '0x02']
14:56:01.805  DEBUG   [poll]    -> read  st2mot    
14:56:01.808  DEBUG   [poll]    <- read  st2mot     ret=0  data=['0x00', '0x00']
14:56:01.809  DEBUG   [poll]    -> read  st0cur    
14:56:01.813  DEBUG   [poll]    <- read  st0cur     ret=0  data=['0x01', '0x02', '0x01', '0x02']
14:56:02.814  DEBUG   [poll]    -> read  st2mot    
14:56:02.822  DEBUG   [poll]    <- read  st2mot     ret=0  data=['0x00', '0x00']
14:56:02.822  DEBUG   [poll]    -> read  st0cur    
14:56:02.826  DEBUG   [poll]    <- read  st0cur     ret=0  data=['0x01', '0x02', '0x01', '0x02']
14:56:03.828  DEBUG   [poll]    -> read  st2mot    
14:56:03.831  DEBUG   [poll]    <- read  st2mot     ret=0  data=['0x00', '0x00']
14:56:03.832  DEBUG   [poll]    -> read  st0cur    
14:56:03.836  DEBUG   [poll]    <- read  st0cur     ret=0  data=['0x01', '0x02', '0x00', '0x02']
14:56:04.837  DEBUG   [poll]    -> read  st2mot    
14:56:04.841  DEBUG   [poll]    <- read  st2mot     ret=0  data=['0x00', '0x00']
14:56:04.841  DEBUG   [poll]    -> read  st0cur    
14:56:04.845  DEBUG   [poll]    <- read  st0cur     ret=0  data=['0x01', '0x02', '0x00', '0x02']
14:56:05.847  DEBUG   [poll]    -> read  st2mot    
14:56:05.850  DEBUG   [poll]    <- read  st2mot     ret=0  data=['0x00', '0x00']
14:56:05.851  DEBUG   [poll]    -> read  st0cur    
14:56:05.855  DEBUG   [poll]    <- read  st0cur     ret=0  data=['0x01', '0x02', '0x00', '0x02']
14:56:06.856  DEBUG   [poll]    -> read  st2mot    
14:56:06.860  DEBUG   [poll]    <- read  st2mot     ret=0  data=['0x00', '0x00']
14:56:06.860  DEBUG   [poll]    -> read  st0cur    
14:56:06.864  DEBUG   [poll]    <- read  st0cur     ret=0  data=['0x01', '0x02', '0x00', '0x02']
14:56:07.866  DEBUG   [poll]    -> read  st2mot    
14:56:07.873  DEBUG   [poll]    <- read  st2mot     ret=0  data=['0x00', '0x00']
14:56:07.873  DEBUG   [poll]    -> read  st0cur    
14:56:07.877  DEBUG   [poll]    <- read  st0cur     ret=0  data=['0x01', '0x02', '0x01', '0x02']
14:56:08.879  DEBUG   [poll]    -> read  st2mot    
14:56:08.882  DEBUG   [poll]    <- read  st2mot     ret=0  data=['0x00', '0x00']
14:56:08.883  DEBUG   [poll]    -> read  st0cur    
14:56:08.887  DEBUG   [poll]    <- read  st0cur     ret=0  data=['0x01', '0x02', '0x00', '0x02']
14:56:09.888  DEBUG   [poll]    -> read  st2mot    
14:56:09.892  DEBUG   [poll]    <- read  st2mot     ret=0  data=['0x00', '0x00']
14:56:09.892  DEBUG   [poll]    -> read  st0cur    
14:56:09.896  DEBUG   [poll]    <- read  st0cur     ret=0  data=['0x01', '0x02', '0x01', '0x02']
14:56:10.898  DEBUG   [poll]    -> read  st2mot    
14:56:10.901  DEBUG   [poll]    <- read  st2mot     ret=0  data=['0x00', '0x00']
14:56:10.902  DEBUG   [poll]    -> read  st0cur    
14:56:10.906  DEBUG   [poll]    <- read  st0cur     ret=0  data=['0x01', '0x02', '0x00', '0x02']
14:56:11.907  DEBUG   [poll]    -> read  st2mot    
14:56:11.911  DEBUG   [poll]    <- read  st2mot     ret=0  data=['0x00', '0x00']
14:56:11.911  DEBUG   [poll]    -> read  st0cur    
14:56:11.915  DEBUG   [poll]    <- read  st0cur     ret=0  data=['0x01', '0x02', '0x01', '0x02']
14:56:12.917  DEBUG   [poll]    -> read  st2mot    
14:56:12.924  DEBUG   [poll]    <- read  st2mot     ret=0  data=['0x00', '0x00']
14:56:12.924  DEBUG   [poll]    -> read  st0cur    
14:56:12.928  DEBUG   [poll]    <- read  st0cur     ret=0  data=['0x01', '0x02', '0x01', '0x02']
14:56:13.930  DEBUG   [poll]    -> read  st2mot    
14:56:13.933  DEBUG   [poll]    <- read  st2mot     ret=0  data=['0x00', '0x00']
14:56:13.934  DEBUG   [poll]    -> read  st0cur    
14:56:13.938  DEBUG   [poll]    <- read  st0cur     ret=0  data=['0x01', '0x02', '0x00', '0x02']
14:56:14.940  DEBUG   [poll]    -> read  st2mot    
14:56:14.943  DEBUG   [poll]    <- read  st2mot     ret=0  data=['0x00', '0x00']
14:56:14.944  DEBUG   [poll]    -> read  st0cur    
14:56:14.948  DEBUG   [poll]    <- read  st0cur     ret=0  data=['0x01', '0x02', '0x00', '0x02']
14:56:15.949  DEBUG   [poll]    -> read  st2mot    
14:56:15.953  DEBUG   [poll]    <- read  st2mot     ret=0  data=['0x00', '0x00']
14:56:15.953  DEBUG   [poll]    -> read  st0cur    
14:56:15.957  DEBUG   [poll]    <- read  st0cur     ret=0  data=['0x01', '0x02', '0x01', '0x02']
14:56:16.959  DEBUG   [poll]    -> read  st2mot    
14:56:16.962  DEBUG   [poll]    <- read  st2mot     ret=0  data=['0x00', '0x00']
14:56:16.963  DEBUG   [poll]    -> read  st0cur    
14:56:16.967  DEBUG   [poll]    <- read  st0cur     ret=0  data=['0x01', '0x02', '0x00', '0x02']
14:56:17.968  DEBUG   [poll]    -> read  st2mot    
14:56:17.975  DEBUG   [poll]    <- read  st2mot     ret=0  data=['0x00', '0x00']
14:56:17.976  DEBUG   [poll]    -> read  st0cur    
14:56:17.980  DEBUG   [poll]    <- read  st0cur     ret=0  data=['0x01', '0x02', '0x00', '0x02']
14:56:18.981  DEBUG   [poll]    -> read  st2mot    
14:56:18.985  DEBUG   [poll]    <- read  st2mot     ret=0  data=['0x00', '0x00']
14:56:18.985  DEBUG   [poll]    -> read  st0cur    
14:56:18.989  DEBUG   [poll]    <- read  st0cur     ret=0  data=['0x01', '0x02', '0x00', '0x02']
14:56:19.991  DEBUG   [poll]    -> read  st2mot    
14:56:19.994  DEBUG   [poll]    <- read  st2mot     ret=0  data=['0x00', '0x00']
14:56:19.995  DEBUG   [poll]    -> read  st0cur    
14:56:19.999  DEBUG   [poll]    <- read  st0cur     ret=0  data=['0x01', '0x02', '0x00', '0x02']
14:56:21.000  DEBUG   [poll]    -> read  st2mot    
14:56:21.004  DEBUG   [poll]    <- read  st2mot     ret=0  data=['0x00', '0x00']
14:56:21.004  DEBUG   [poll]    -> read  st0cur    
14:56:21.008  DEBUG   [poll]    <- read  st0cur     ret=0  data=['0x01', '0x02', '0x01', '0x02']
14:56:22.010  DEBUG   [poll]    -> read  st2mot    
14:56:22.013  DEBUG   [poll]    <- read  st2mot     ret=0  data=['0x00', '0x00']
14:56:22.014  DEBUG   [poll]    -> read  st0cur    
14:56:22.018  DEBUG   [poll]    <- read  st0cur     ret=0  data=['0x01', '0x02', '0x00', '0x02']
14:56:23.019  DEBUG   [poll]    -> read  st2mot    
14:56:23.026  DEBUG   [poll]    <- read  st2mot     ret=0  data=['0x00', '0x00']
14:56:23.026  DEBUG   [poll]    -> read  st0cur    
14:56:23.031  DEBUG   [poll]    <- read  st0cur     ret=0  data=['0x01', '0x02', '0x00', '0x02']
14:56:24.032  DEBUG   [poll]    -> read  st2mot    
14:56:24.035  DEBUG   [poll]    <- read  st2mot     ret=0  data=['0x00', '0x00']
14:56:24.036  DEBUG   [poll]    -> read  st0cur    
14:56:24.040  DEBUG   [poll]    <- read  st0cur     ret=0  data=['0x01', '0x02', '0x01', '0x02']
14:56:25.042  DEBUG   [poll]    -> read  st2mot    
14:56:25.045  DEBUG   [poll]    <- read  st2mot     ret=0  data=['0x00', '0x00']
14:56:25.045  DEBUG   [poll]    -> read  st0cur    
14:56:25.050  DEBUG   [poll]    <- read  st0cur     ret=0  data=['0x01', '0x02', '0x00', '0x02']
14:56:26.051  DEBUG   [poll]    -> read  st2mot    
14:56:26.054  DEBUG   [poll]    <- read  st2mot     ret=0  data=['0x00', '0x00']
14:56:26.055  DEBUG   [poll]    -> read  st0cur    
14:56:26.059  DEBUG   [poll]    <- read  st0cur     ret=0  data=['0x01', '0x02', '0x01', '0x02']
14:56:27.061  DEBUG   [poll]    -> read  st2mot    
14:56:27.064  DEBUG   [poll]    <- read  st2mot     ret=0  data=['0x00', '0x00']
14:56:27.064  DEBUG   [poll]    -> read  st0cur    
14:56:27.069  DEBUG   [poll]    <- read  st0cur     ret=0  data=['0x01', '0x02', '0x00', '0x02']
14:56:28.070  DEBUG   [poll]    -> read  st2mot    
14:56:28.077  DEBUG   [poll]    <- read  st2mot     ret=0  data=['0x00', '0x00']
14:56:28.078  DEBUG   [poll]    -> read  st0cur    
14:56:28.082  DEBUG   [poll]    <- read  st0cur     ret=0  data=['0x01', '0x02', '0x01', '0x02']
14:56:29.084  DEBUG   [poll]    -> read  st2mot    
14:56:29.087  DEBUG   [poll]    <- read  st2mot     ret=0  data=['0x00', '0x00']
14:56:29.087  DEBUG   [poll]    -> read  st0cur    
14:56:29.092  DEBUG   [poll]    <- read  st0cur     ret=0  data=['0x01', '0x02', '0x00', '0x02']
14:56:30.093  DEBUG   [poll]    -> read  st2mot    
14:56:30.096  DEBUG   [poll]    <- read  st2mot     ret=0  data=['0x00', '0x00']
14:56:30.097  DEBUG   [poll]    -> read  st0cur    
14:56:30.101  DEBUG   [poll]    <- read  st0cur     ret=0  data=['0x01', '0x02', '0x00', '0x02']
14:56:31.102  DEBUG   [poll]    -> read  st2mot    
14:56:31.106  DEBUG   [poll]    <- read  st2mot     ret=0  data=['0x00', '0x00']
14:56:31.106  DEBUG   [poll]    -> read  st0cur    
14:56:31.110  DEBUG   [poll]    <- read  st0cur     ret=0  data=['0x01', '0x02', '0x01', '0x02']
14:56:32.112  DEBUG   [poll]    -> read  st2mot    
14:56:32.115  DEBUG   [poll]    <- read  st2mot     ret=0  data=['0x00', '0x00']
14:56:32.116  DEBUG   [poll]    -> read  st0cur    
14:56:32.120  DEBUG   [poll]    <- read  st0cur     ret=0  data=['0x01', '0x02', '0x00', '0x02']
14:56:33.121  DEBUG   [poll]    -> read  st2mot    
14:56:33.129  DEBUG   [poll]    <- read  st2mot     ret=0  data=['0x00', '0x00']
14:56:33.129  DEBUG   [poll]    -> read  st0cur    
14:56:33.133  DEBUG   [poll]    <- read  st0cur     ret=0  data=['0x01', '0x02', '0x00', '0x02']
14:56:34.135  DEBUG   [poll]    -> read  st2mot    
14:56:34.138  DEBUG   [poll]    <- read  st2mot     ret=0  data=['0x00', '0x00']
14:56:34.139  DEBUG   [poll]    -> read  st0cur    
14:56:34.143  DEBUG   [poll]    <- read  st0cur     ret=0  data=['0x01', '0x02', '0x01', '0x02']
14:56:35.144  DEBUG   [poll]    -> read  st2mot    
14:56:35.148  DEBUG   [poll]    <- read  st2mot     ret=0  data=['0x00', '0x00']
14:56:35.148  DEBUG   [poll]    -> read  st0cur    
14:56:35.152  DEBUG   [poll]    <- read  st0cur     ret=0  data=['0x01', '0x02', '0x01', '0x02']
14:56:36.154  DEBUG   [poll]    -> read  st2mot    
14:56:36.157  DEBUG   [poll]    <- read  st2mot     ret=0  data=['0x00', '0x00']
14:56:36.158  DEBUG   [poll]    -> read  st0cur    
14:56:36.162  DEBUG   [poll]    <- read  st0cur     ret=0  data=['0x01', '0x02', '0x00', '0x02']
14:56:37.163  DEBUG   [poll]    -> read  st2mot    
14:56:37.167  DEBUG   [poll]    <- read  st2mot     ret=0  data=['0x00', '0x00']
14:56:37.167  DEBUG   [poll]    -> read  st0cur    
14:56:37.171  DEBUG   [poll]    <- read  st0cur     ret=0  data=['0x01', '0x02', '0x00', '0x02']
14:56:38.173  DEBUG   [poll]    -> read  st2mot    
14:56:38.179  DEBUG   [poll]    <- read  st2mot     ret=0  data=['0x00', '0x00']
14:56:38.180  DEBUG   [poll]    -> read  st0cur    
14:56:38.184  DEBUG   [poll]    <- read  st0cur     ret=0  data=['0x01', '0x02', '0x01', '0x02']
14:56:39.185  DEBUG   [poll]    -> read  st2mot    
14:56:39.189  DEBUG   [poll]    <- read  st2mot     ret=0  data=['0x00', '0x00']
14:56:39.189  DEBUG   [poll]    -> read  st0cur    
14:56:39.194  DEBUG   [poll]    <- read  st0cur     ret=0  data=['0x01', '0x02', '0x01', '0x02']
14:56:40.195  DEBUG   [poll]    -> read  st2mot    
14:56:40.198  DEBUG   [poll]    <- read  st2mot     ret=0  data=['0x00', '0x00']
14:56:40.199  DEBUG   [poll]    -> read  st0cur    
14:56:40.203  DEBUG   [poll]    <- read  st0cur     ret=0  data=['0x01', '0x02', '0x01', '0x02']
14:56:41.204  DEBUG   [poll]    -> read  st2mot    
14:56:41.208  DEBUG   [poll]    <- read  st2mot     ret=0  data=['0x00', '0x00']
14:56:41.208  DEBUG   [poll]    -> read  st0cur    
14:56:41.212  DEBUG   [poll]    <- read  st0cur     ret=0  data=['0x01', '0x02', '0x01', '0x02']
14:56:42.214  DEBUG   [poll]    -> read  st2mot    
14:56:42.217  DEBUG   [poll]    <- read  st2mot     ret=0  data=['0x00', '0x00']
14:56:42.218  DEBUG   [poll]    -> read  st0cur    
14:56:42.222  DEBUG   [poll]    <- read  st0cur     ret=0  data=['0x01', '0x02', '0x01', '0x02']
14:56:43.223  DEBUG   [poll]    -> read  st2mot    
14:56:43.230  DEBUG   [poll]    <- read  st2mot     ret=0  data=['0x00', '0x00']
14:56:43.231  DEBUG   [poll]    -> read  st0cur    
14:56:43.235  DEBUG   [poll]    <- read  st0cur     ret=0  data=['0x01', '0x02', '0x00', '0x02']
14:56:44.236  DEBUG   [poll]    -> read  st2mot    
14:56:44.240  DEBUG   [poll]    <- read  st2mot     ret=0  data=['0x00', '0x00']
14:56:44.240  DEBUG   [poll]    -> read  st0cur    
14:56:44.244  DEBUG   [poll]    <- read  st0cur     ret=0  data=['0x01', '0x02', '0x01', '0x02']
14:56:45.246  DEBUG   [poll]    -> read  st2mot    
14:56:45.249  DEBUG   [poll]    <- read  st2mot     ret=0  data=['0x00', '0x00']
14:56:45.250  DEBUG   [poll]    -> read  st0cur    
14:56:45.254  DEBUG   [poll]    <- read  st0cur     ret=0  data=['0x01', '0x02', '0x00', '0x02']
14:56:46.255  DEBUG   [poll]    -> read  st2mot    
14:56:46.259  DEBUG   [poll]    <- read  st2mot     ret=0  data=['0x00', '0x00']
14:56:46.259  DEBUG   [poll]    -> read  st0cur    
14:56:46.263  DEBUG   [poll]    <- read  st0cur     ret=0  data=['0x01', '0x02', '0x00', '0x02']
14:56:47.265  DEBUG   [poll]    -> read  st2mot    
14:56:47.268  DEBUG   [poll]    <- read  st2mot     ret=0  data=['0x00', '0x00']
14:56:47.269  DEBUG   [poll]    -> read  st0cur    
14:56:47.273  DEBUG   [poll]    <- read  st0cur     ret=0  data=['0x01', '0x02', '0x01', '0x02']
14:56:48.274  DEBUG   [poll]    -> read  st2mot    
14:56:48.281  DEBUG   [poll]    <- read  st2mot     ret=0  data=['0x00', '0x00']
14:56:48.282  DEBUG   [poll]    -> read  st0cur    
14:56:48.286  DEBUG   [poll]    <- read  st0cur     ret=0  data=['0x01', '0x02', '0x00', '0x02']
14:56:49.287  DEBUG   [poll]    -> read  st2mot    
14:56:49.291  DEBUG   [poll]    <- read  st2mot     ret=0  data=['0x00', '0x00']
14:56:49.291  DEBUG   [poll]    -> read  st0cur    
14:56:49.295  DEBUG   [poll]    <- read  st0cur     ret=0  data=['0x01', '0x02', '0x00', '0x02']
14:56:50.297  DEBUG   [poll]    -> read  st2mot    
14:56:50.300  DEBUG   [poll]    <- read  st2mot     ret=0  data=['0x00', '0x00']
14:56:50.301  DEBUG   [poll]    -> read  st0cur    
14:56:50.305  DEBUG   [poll]    <- read  st0cur     ret=0  data=['0x01', '0x02', '0x00', '0x02']
14:56:51.306  DEBUG   [poll]    -> read  st2mot    
14:56:51.310  DEBUG   [poll]    <- read  st2mot     ret=0  data=['0x00', '0x00']
14:56:51.310  DEBUG   [poll]    -> read  st0cur    
14:56:51.314  DEBUG   [poll]    <- read  st0cur     ret=0  data=['0x01', '0x02', '0x01', '0x02']
14:56:52.316  DEBUG   [poll]    -> read  st2mot    
14:56:52.319  DEBUG   [poll]    <- read  st2mot     ret=0  data=['0x00', '0x00']
14:56:52.319  DEBUG   [poll]    -> read  st0cur    
14:56:52.324  DEBUG   [poll]    <- read  st0cur     ret=0  data=['0x01', '0x02', '0x00', '0x02']
14:56:53.325  DEBUG   [poll]    -> read  st2mot    
14:56:53.332  DEBUG   [poll]    <- read  st2mot     ret=0  data=['0x00', '0x00']
14:56:53.332  DEBUG   [poll]    -> read  st0cur    
14:56:53.337  DEBUG   [poll]    <- read  st0cur     ret=0  data=['0x01', '0x02', '0x00', '0x02']
14:56:54.338  DEBUG   [poll]    -> read  st2mot    
14:56:54.342  DEBUG   [poll]    <- read  st2mot     ret=0  data=['0x00', '0x00']
14:56:54.342  DEBUG   [poll]    -> read  st0cur    
14:56:54.346  DEBUG   [poll]    <- read  st0cur     ret=0  data=['0x01', '0x02', '0x00', '0x02']
14:56:55.348  DEBUG   [poll]    -> read  st2mot    
14:56:55.351  DEBUG   [poll]    <- read  st2mot     ret=0  data=['0x00', '0x00']
14:56:55.352  DEBUG   [poll]    -> read  st0cur    
14:56:55.356  DEBUG   [poll]    <- read  st0cur     ret=0  data=['0x01', '0x02', '0x01', '0x02']
14:56:56.357  DEBUG   [poll]    -> read  st2mot    
14:56:56.361  DEBUG   [poll]    <- read  st2mot     ret=0  data=['0x00', '0x00']
14:56:56.361  DEBUG   [poll]    -> read  st0cur    
14:56:56.365  DEBUG   [poll]    <- read  st0cur     ret=0  data=['0x01', '0x02', '0x00', '0x02']
14:56:57.367  DEBUG   [poll]    -> read  st2mot    
14:56:57.370  DEBUG   [poll]    <- read  st2mot     ret=0  data=['0x00', '0x00']
14:56:57.371  DEBUG   [poll]    -> read  st0cur    
14:56:57.375  DEBUG   [poll]    <- read  st0cur     ret=0  data=['0x01', '0x02', '0x00', '0x02']
14:56:58.376  DEBUG   [poll]    -> read  st2mot    
14:56:58.383  DEBUG   [poll]    <- read  st2mot     ret=0  data=['0x00', '0x00']
14:56:58.384  DEBUG   [poll]    -> read  st0cur    
14:56:58.388  DEBUG   [poll]    <- read  st0cur     ret=0  data=['0x01', '0x02', '0x01', '0x02']
14:56:59.389  DEBUG   [poll]    -> read  st2mot    
14:56:59.393  DEBUG   [poll]    <- read  st2mot     ret=0  data=['0x00', '0x00']
14:56:59.393  DEBUG   [poll]    -> read  st0cur    
14:56:59.397  DEBUG   [poll]    <- read  st0cur     ret=0  data=['0x01', '0x02', '0x00', '0x02']
14:57:00.399  DEBUG   [poll]    -> read  st2mot    
14:57:00.402  DEBUG   [poll]    <- read  st2mot     ret=0  data=['0x00', '0x00']
14:57:00.402  DEBUG   [poll]    -> read  st0cur    
14:57:00.407  DEBUG   [poll]    <- read  st0cur     ret=0  data=['0x01', '0x02', '0x01', '0x02']
14:57:01.408  DEBUG   [poll]    -> read  st2mot    
14:57:01.412  DEBUG   [poll]    <- read  st2mot     ret=0  data=['0x00', '0x00']
14:57:01.412  DEBUG   [poll]    -> read  st0cur    
14:57:01.416  DEBUG   [poll]    <- read  st0cur     ret=0  data=['0x01', '0x02', '0x00', '0x02']
14:57:02.418  DEBUG   [poll]    -> read  st2mot    
14:57:02.421  DEBUG   [poll]    <- read  st2mot     ret=0  data=['0x00', '0x00']
14:57:02.422  DEBUG   [poll]    -> read  st0cur    
14:57:02.426  DEBUG   [poll]    <- read  st0cur     ret=0  data=['0x01', '0x02', '0x01', '0x02']
14:57:03.427  DEBUG   [poll]    -> read  st2mot    
14:57:03.435  DEBUG   [poll]    <- read  st2mot     ret=0  data=['0x00', '0x00']
14:57:03.435  DEBUG   [poll]    -> read  st0cur    
14:57:03.439  DEBUG   [poll]    <- read  st0cur     ret=0  data=['0x01', '0x02', '0x00', '0x02']
14:57:04.441  DEBUG   [poll]    -> read  st2mot    
14:57:04.444  DEBUG   [poll]    <- read  st2mot     ret=0  data=['0x00', '0x00']
14:57:04.445  DEBUG   [poll]    -> read  st0cur    
14:57:04.449  DEBUG   [poll]    <- read  st0cur     ret=0  data=['0x01', '0x02', '0x00', '0x02']
14:57:05.450  DEBUG   [poll]    -> read  st2mot    
14:57:05.454  DEBUG   [poll]    <- read  st2mot     ret=0  data=['0x00', '0x00']
14:57:05.454  DEBUG   [poll]    -> read  st0cur    
14:57:05.458  DEBUG   [poll]    <- read  st0cur     ret=0  data=['0x01', '0x02', '0x00', '0x02']
14:57:06.460  DEBUG   [poll]    -> read  st2mot    
14:57:06.463  DEBUG   [poll]    <- read  st2mot     ret=0  data=['0x00', '0x00']
14:57:06.463  DEBUG   [poll]    -> read  st0cur    
14:57:06.468  DEBUG   [poll]    <- read  st0cur     ret=0  data=['0x01', '0x02', '0x00', '0x02']
14:57:07.469  DEBUG   [poll]    -> read  st2mot    
14:57:07.473  DEBUG   [poll]    <- read  st2mot     ret=0  data=['0x00', '0x00']
14:57:07.473  DEBUG   [poll]    -> read  st0cur    
14:57:07.477  DEBUG   [poll]    <- read  st0cur     ret=0  data=['0x01', '0x02', '0x00', '0x02']
14:57:08.479  DEBUG   [poll]    -> read  st2mot    
14:57:08.482  DEBUG   [poll]    <- read  st2mot     ret=0  data=['0x00', '0x00']
14:57:08.482  DEBUG   [poll]    -> read  st0cur    
14:57:08.487  DEBUG   [poll]    <- read  st0cur     ret=0  data=['0x01', '0x02', '0x00', '0x02']
14:57:09.488  DEBUG   [poll]    -> read  st2mot    
14:57:09.492  DEBUG   [poll]    <- read  st2mot     ret=0  data=['0x00', '0x00']
14:57:09.492  DEBUG   [poll]    -> read  st0cur    
14:57:09.496  DEBUG   [poll]    <- read  st0cur     ret=0  data=['0x01', '0x02', '0x00', '0x02']
14:57:10.498  DEBUG   [poll]    -> read  st2mot    
14:57:10.501  DEBUG   [poll]    <- read  st2mot     ret=0  data=['0x00', '0x00']
14:57:10.502  DEBUG   [poll]    -> read  st0cur    
14:57:10.506  DEBUG   [poll]    <- read  st0cur     ret=0  data=['0x01', '0x02', '0x01', '0x02']
14:57:11.507  DEBUG   [poll]    -> read  st2mot    
14:57:11.511  DEBUG   [poll]    <- read  st2mot     ret=0  data=['0x00', '0x00']
14:57:11.511  DEBUG   [poll]    -> read  st0cur    
14:57:11.515  DEBUG   [poll]    <- read  st0cur     ret=0  data=['0x01', '0x02', '0x01', '0x02']
14:57:12.517  DEBUG   [poll]    -> read  st2mot    
14:57:12.520  DEBUG   [poll]    <- read  st2mot     ret=0  data=['0x00', '0x00']
14:57:12.521  DEBUG   [poll]    -> read  st0cur    
14:57:12.525  DEBUG   [poll]    <- read  st0cur     ret=0  data=['0x01', '0x02', '0x00', '0x02']
14:57:13.526  DEBUG   [poll]    -> read  st2mot    
14:57:13.530  DEBUG   [poll]    <- read  st2mot     ret=0  data=['0x00', '0x00']
14:57:13.530  DEBUG   [poll]    -> read  st0cur    
14:57:13.535  DEBUG   [poll]    <- read  st0cur     ret=0  data=['0x01', '0x02', '0x00', '0x02']
14:57:14.049  INFO    client connected
14:57:14.050  DEBUG   [client]  -> write cntl0mot   data=['0xff', '0xff']
14:57:14.054  DEBUG   [client]  -> write cntl3mot   data=['0x00', '0x00']
14:57:14.057  DEBUG   [client]  -> write cntl3mot   data=['0x03', '0xe8']
14:57:14.061  DEBUG   [client]  -> read  st2mot    
14:57:14.065  DEBUG   [client]  <- read  st2mot     ret=0  data=['0x00', '0x00']
14:57:14.066  DEBUG   [client]  -> read  st0cur    
14:57:14.070  DEBUG   [client]  <- read  st0cur     ret=0  data=['0x01', '0x02', '0x00', '0x02']
14:57:14.262  DEBUG   [client]  -> read  st2mot    
14:57:14.265  DEBUG   [client]  <- read  st2mot     ret=0  data=['0x00', '0x00']
14:57:14.462  DEBUG   [client]  -> read  st2mot    
14:57:14.465  DEBUG   [client]  <- read  st2mot     ret=0  data=['0x58', '0x02']
14:57:14.536  DEBUG   [poll]    -> read  st2mot    
14:57:14.539  DEBUG   [poll]    <- read  st2mot     ret=0  data=['0xcf', '0x03']
14:57:14.539  DEBUG   [poll]    -> read  st0cur    
14:57:14.543  DEBUG   [poll]    <- read  st0cur     ret=0  data=['0x01', '0x02', '0x00', '0x02']
14:57:14.662  DEBUG   [client]  -> read  st2mot    
14:57:14.665  DEBUG   [client]  <- read  st2mot     ret=0  data=['0x52', '0x03']
14:57:14.862  DEBUG   [client]  -> read  st2mot    
14:57:14.866  DEBUG   [client]  <- read  st2mot     ret=0  data=['0xee', '0x02']
14:57:15.062  DEBUG   [client]  -> read  st2mot    
14:57:15.066  DEBUG   [client]  <- read  st2mot     ret=0  data=['0xe8', '0x03']
14:57:15.067  DEBUG   [client]  -> read  st0cur    
14:57:15.072  DEBUG   [client]  <- read  st0cur     ret=0  data=['0xfa', '0x01', '0xf9', '0x01']
14:57:15.262  DEBUG   [client]  -> read  st2mot    
14:57:15.266  DEBUG   [client]  <- read  st2mot     ret=0  data=['0x84', '0x03']
14:57:15.462  DEBUG   [client]  -> read  st2mot    
14:57:15.466  DEBUG   [client]  <- read  st2mot     ret=0  data=['0xe8', '0x03']
14:57:15.544  DEBUG   [poll]    -> read  st2mot    
14:57:15.548  DEBUG   [poll]    <- read  st2mot     ret=0  data=['0xcf', '0x03']
14:57:15.548  DEBUG   [poll]    -> read  st0cur    
14:57:15.553  DEBUG   [poll]    <- read  st0cur     ret=0  data=['0xfa', '0x01', '0xf9', '0x01']
14:57:15.662  DEBUG   [client]  -> read  st2mot    
14:57:15.665  DEBUG   [client]  <- read  st2mot     ret=0  data=['0xcf', '0x03']
14:57:15.862  DEBUG   [client]  -> read  st2mot    
14:57:15.865  DEBUG   [client]  <- read  st2mot     ret=0  data=['0xe8', '0x03']
14:57:16.062  DEBUG   [client]  -> read  st2mot    
14:57:16.066  DEBUG   [client]  <- read  st2mot     ret=0  data=['0xcf', '0x03']
14:57:16.067  DEBUG   [client]  -> read  st0cur    
14:57:16.072  DEBUG   [client]  <- read  st0cur     ret=0  data=['0xf6', '0x01', '0xf5', '0x01']
14:57:16.262  DEBUG   [client]  -> read  st2mot    
14:57:16.266  DEBUG   [client]  <- read  st2mot     ret=0  data=['0x01', '0x04']
14:57:16.462  DEBUG   [client]  -> read  st2mot    
14:57:16.466  DEBUG   [client]  <- read  st2mot     ret=0  data=['0xcf', '0x03']
14:57:16.554  DEBUG   [poll]    -> read  st2mot    
14:57:16.558  DEBUG   [poll]    <- read  st2mot     ret=0  data=['0xcf', '0x03']
14:57:16.558  DEBUG   [poll]    -> read  st0cur    
14:57:16.562  DEBUG   [poll]    <- read  st0cur     ret=0  data=['0xf6', '0x01', '0xf5', '0x01']
14:57:16.662  DEBUG   [client]  -> read  st2mot    
14:57:16.665  DEBUG   [client]  <- read  st2mot     ret=0  data=['0xe8', '0x03']
14:57:16.862  DEBUG   [client]  -> read  st2mot    
14:57:16.866  DEBUG   [client]  <- read  st2mot     ret=0  data=['0xe8', '0x03']
14:57:17.062  DEBUG   [client]  -> read  st2mot    
14:57:17.065  DEBUG   [client]  <- read  st2mot     ret=0  data=['0xe8', '0x03']
14:57:17.067  DEBUG   [client]  -> read  st0cur    
14:57:17.072  DEBUG   [client]  <- read  st0cur     ret=0  data=['0xf5', '0x01', '0xf6', '0x01']
14:57:17.262  DEBUG   [client]  -> read  st2mot    
14:57:17.265  DEBUG   [client]  <- read  st2mot     ret=0  data=['0xcf', '0x03']
14:57:17.462  DEBUG   [client]  -> read  st2mot    
14:57:17.466  DEBUG   [client]  <- read  st2mot     ret=0  data=['0x01', '0x04']
14:57:17.564  DEBUG   [poll]    -> read  st2mot    
14:57:17.567  DEBUG   [poll]    <- read  st2mot     ret=0  data=['0xcf', '0x03']
14:57:17.568  DEBUG   [poll]    -> read  st0cur    
14:57:17.572  DEBUG   [poll]    <- read  st0cur     ret=0  data=['0xf5', '0x01', '0xf6', '0x01']
14:57:17.662  DEBUG   [client]  -> read  st2mot    
14:57:17.665  DEBUG   [client]  <- read  st2mot     ret=0  data=['0xcf', '0x03']
14:57:17.862  DEBUG   [client]  -> read  st2mot    
14:57:17.866  DEBUG   [client]  <- read  st2mot     ret=0  data=['0xe8', '0x03']
14:57:18.062  DEBUG   [client]  -> read  st2mot    
14:57:18.066  DEBUG   [client]  <- read  st2mot     ret=0  data=['0xcf', '0x03']
14:57:18.067  DEBUG   [client]  -> read  st0cur    
14:57:18.072  DEBUG   [client]  <- read  st0cur     ret=0  data=['0xf6', '0x01', '0xf4', '0x01']
14:57:18.262  DEBUG   [client]  -> read  st2mot    
14:57:18.265  DEBUG   [client]  <- read  st2mot     ret=0  data=['0x01', '0x04']
14:57:18.462  DEBUG   [client]  -> read  st2mot    
14:57:18.466  DEBUG   [client]  <- read  st2mot     ret=0  data=['0xcf', '0x03']
14:57:18.574  DEBUG   [poll]    -> read  st2mot    
14:57:18.577  DEBUG   [poll]    <- read  st2mot     ret=0  data=['0x1a', '0x04']
14:57:18.579  DEBUG   [poll]    -> read  st0cur    
14:57:18.583  DEBUG   [poll]    <- read  st0cur     ret=0  data=['0xf6', '0x01', '0xf4', '0x01']
14:57:18.662  DEBUG   [client]  -> read  st2mot    
14:57:18.666  DEBUG   [client]  <- read  st2mot     ret=0  data=['0xcf', '0x03']
14:57:18.862  DEBUG   [client]  -> read  st2mot    
14:57:18.865  DEBUG   [client]  <- read  st2mot     ret=0  data=['0x01', '0x04']
14:57:19.062  DEBUG   [client]  -> read  st2mot    
14:57:19.065  DEBUG   [client]  <- read  st2mot     ret=0  data=['0xe8', '0x03']
14:57:19.067  DEBUG   [client]  -> read  st0cur    
14:57:19.072  DEBUG   [client]  <- read  st0cur     ret=0  data=['0xf6', '0x01', '0xf5', '0x01']
14:57:19.262  DEBUG   [client]  -> read  st2mot    
14:57:19.265  DEBUG   [client]  <- read  st2mot     ret=0  data=['0xb6', '0x03']
14:57:19.462  DEBUG   [client]  -> read  st2mot    
14:57:19.466  DEBUG   [client]  <- read  st2mot     ret=0  data=['0x01', '0x04']
14:57:19.585  DEBUG   [poll]    -> read  st2mot    
14:57:19.588  DEBUG   [poll]    <- read  st2mot     ret=0  data=['0xcf', '0x03']
14:57:19.589  DEBUG   [poll]    -> read  st0cur    
14:57:19.593  DEBUG   [poll]    <- read  st0cur     ret=0  data=['0xf5', '0x01', '0xf5', '0x01']
14:57:19.662  DEBUG   [client]  -> read  st2mot    
14:57:19.665  DEBUG   [client]  <- read  st2mot     ret=0  data=['0xcf', '0x03']
14:57:19.862  DEBUG   [client]  -> read  st2mot    
14:57:19.866  DEBUG   [client]  <- read  st2mot     ret=0  data=['0xe8', '0x03']
14:57:20.062  DEBUG   [client]  -> read  st2mot    
14:57:20.066  DEBUG   [client]  <- read  st2mot     ret=0  data=['0xcf', '0x03']
14:57:20.067  DEBUG   [client]  -> read  st0cur    
14:57:20.072  DEBUG   [client]  <- read  st0cur     ret=0  data=['0xf5', '0x01', '0xf5', '0x01']
14:57:20.262  DEBUG   [client]  -> read  st2mot    
14:57:20.266  DEBUG   [client]  <- read  st2mot     ret=0  data=['0x1a', '0x04']
14:57:20.462  DEBUG   [client]  -> read  st2mot    
14:57:20.466  DEBUG   [client]  <- read  st2mot     ret=0  data=['0xb6', '0x03']
14:57:20.595  DEBUG   [poll]    -> read  st2mot    
14:57:20.598  DEBUG   [poll]    <- read  st2mot     ret=0  data=['0x1a', '0x04']
14:57:20.599  DEBUG   [poll]    -> read  st0cur    
14:57:20.603  DEBUG   [poll]    <- read  st0cur     ret=0  data=['0xf4', '0x01', '0xf4', '0x01']
14:57:20.662  DEBUG   [client]  -> read  st2mot    
14:57:20.665  DEBUG   [client]  <- read  st2mot     ret=0  data=['0x1a', '0x04']
14:57:20.862  DEBUG   [client]  -> read  st2mot    
14:57:20.866  DEBUG   [client]  <- read  st2mot     ret=0  data=['0xcf', '0x03']
14:57:20.867  DEBUG   [client]  -> write cntl3mot   data=['0x00', '0x00']
14:57:20.872  WARNING client disconnected — stopping motor
14:57:20.872  DEBUG   [client]  -> write cntl3mot   data=['0x00', '0x00']
14:57:20.877  INFO    client disconnected
14:57:21.604  DEBUG   [poll]    -> read  st2mot    
14:57:21.607  DEBUG   [poll]    <- read  st2mot     ret=0  data=['0x00', '0x00']
14:57:21.608  DEBUG   [poll]    -> read  st0cur    
14:57:21.611  DEBUG   [poll]    <- read  st0cur     ret=0  data=['0xfd', '0x01', '0xfd', '0x01']
14:57:22.613  DEBUG   [poll]    -> read  st2mot    
14:57:22.616  DEBUG   [poll]    <- read  st2mot     ret=0  data=['0x00', '0x00']
14:57:22.617  DEBUG   [poll]    -> read  st0cur    
14:57:22.621  DEBUG   [poll]    <- read  st0cur     ret=0  data=['0x01', '0x02', '0x01', '0x02']
14:57:23.622  DEBUG   [poll]    -> read  st2mot    
14:57:23.626  DEBUG   [poll]    <- read  st2mot     ret=0  data=['0x00', '0x00']
14:57:23.627  DEBUG   [poll]    -> read  st0cur    
14:57:23.631  DEBUG   [poll]    <- read  st0cur     ret=0  data=['0x01', '0x02', '0x00', '0x02']
14:57:24.633  DEBUG   [poll]    -> read  st2mot    
14:57:24.636  DEBUG   [poll]    <- read  st2mot     ret=0  data=['0x00', '0x00']
14:57:24.636  DEBUG   [poll]    -> read  st0cur    
14:57:24.640  DEBUG   [poll]    <- read  st0cur     ret=0  data=['0x01', '0x02', '0x00', '0x02']
14:57:25.642  DEBUG   [poll]    -> read  st2mot    
14:57:25.645  DEBUG   [poll]    <- read  st2mot     ret=0  data=['0x00', '0x00']
14:57:25.646  DEBUG   [poll]    -> read  st0cur    
14:57:25.650  DEBUG   [poll]    <- read  st0cur     ret=0  data=['0x01', '0x02', '0x00', '0x02']
14:57:26.652  DEBUG   [poll]    -> read  st2mot    
14:57:26.655  DEBUG   [poll]    <- read  st2mot     ret=0  data=['0x00', '0x00']
14:57:26.655  DEBUG   [poll]    -> read  st0cur    
14:57:26.659  DEBUG   [poll]    <- read  st0cur     ret=0  data=['0x01', '0x02', '0x00', '0x02']
14:57:26.876  INFO    client connected
14:57:26.877  DEBUG   [client]  -> write cntl0mot   data=['0x00', '0xff']
14:57:26.880  DEBUG   [client]  -> write cntl3mot   data=['0x00', '0x00']
14:57:26.884  DEBUG   [client]  -> write cntl3mot   data=['0x03', '0xe8']
14:57:26.888  DEBUG   [client]  -> read  st2mot    
14:57:26.891  DEBUG   [client]  <- read  st2mot     ret=0  data=['0x00', '0x00']
14:57:26.892  DEBUG   [client]  -> read  st0cur    
14:57:26.898  DEBUG   [client]  <- read  st0cur     ret=0  data=['0x01', '0x02', '0x00', '0x02']
14:57:27.088  DEBUG   [client]  -> read  st2mot    
14:57:27.091  DEBUG   [client]  <- read  st2mot     ret=0  data=['0xa9', '0x01']
14:57:27.288  DEBUG   [client]  -> read  st2mot    
14:57:27.291  DEBUG   [client]  <- read  st2mot     ret=0  data=['0xbc', '0x02']
14:57:27.488  DEBUG   [client]  -> read  st2mot    
14:57:27.492  DEBUG   [client]  <- read  st2mot     ret=0  data=['0xbc', '0x02']
14:57:27.661  DEBUG   [poll]    -> read  st2mot    
14:57:27.664  DEBUG   [poll]    <- read  st2mot     ret=0  data=['0x52', '0x03']
14:57:27.665  DEBUG   [poll]    -> read  st0cur    
14:57:27.669  DEBUG   [poll]    <- read  st0cur     ret=0  data=['0xf8', '0x01', '0xf9', '0x01']
14:57:27.688  DEBUG   [client]  -> read  st2mot    
14:57:27.692  DEBUG   [client]  <- read  st2mot     ret=0  data=['0x84', '0x03']
14:57:27.888  DEBUG   [client]  -> read  st2mot    
14:57:27.892  DEBUG   [client]  <- read  st2mot     ret=0  data=['0x52', '0x03']
14:57:27.894  DEBUG   [client]  -> read  st0cur    
14:57:27.898  DEBUG   [client]  <- read  st0cur     ret=0  data=['0xf8', '0x01', '0xf9', '0x01']
14:57:28.089  DEBUG   [client]  -> read  st2mot    
14:57:28.092  DEBUG   [client]  <- read  st2mot     ret=0  data=['0xcf', '0x03']
14:57:28.289  DEBUG   [client]  -> read  st2mot    
14:57:28.292  DEBUG   [client]  <- read  st2mot     ret=0  data=['0xb6', '0x03']
14:57:28.488  DEBUG   [client]  -> read  st2mot    
14:57:28.492  DEBUG   [client]  <- read  st2mot     ret=0  data=['0xb6', '0x03']
14:57:28.671  DEBUG   [poll]    -> read  st2mot    
14:57:28.679  DEBUG   [poll]    <- read  st2mot     ret=0  data=['0xb6', '0x03']
14:57:28.679  DEBUG   [poll]    -> read  st0cur    
14:57:28.684  DEBUG   [poll]    <- read  st0cur     ret=0  data=['0xf5', '0x01', '0xf5', '0x01']
14:57:28.688  DEBUG   [client]  -> read  st2mot    
14:57:28.692  DEBUG   [client]  <- read  st2mot     ret=0  data=['0xb6', '0x03']
14:57:28.888  DEBUG   [client]  -> read  st2mot    
14:57:28.892  DEBUG   [client]  <- read  st2mot     ret=0  data=['0xe8', '0x03']
14:57:28.893  DEBUG   [client]  -> read  st0cur    
14:57:28.898  DEBUG   [client]  <- read  st0cur     ret=0  data=['0xf5', '0x01', '0xf5', '0x01']
14:57:29.088  DEBUG   [client]  -> read  st2mot    
14:57:29.092  DEBUG   [client]  <- read  st2mot     ret=0  data=['0xcf', '0x03']
14:57:29.288  DEBUG   [client]  -> read  st2mot    
14:57:29.292  DEBUG   [client]  <- read  st2mot     ret=0  data=['0xb6', '0x03']
14:57:29.488  DEBUG   [client]  -> read  st2mot    
14:57:29.492  DEBUG   [client]  <- read  st2mot     ret=0  data=['0x01', '0x04']
14:57:29.685  DEBUG   [poll]    -> read  st2mot    
14:57:29.689  DEBUG   [poll]    <- read  st2mot     ret=0  data=['0xcf', '0x03']
14:57:29.689  DEBUG   [poll]    -> read  st0cur    
14:57:29.694  DEBUG   [poll]    <- read  st0cur     ret=0  data=['0xf5', '0x01', '0xf5', '0x01']
14:57:29.694  DEBUG   [client]  -> read  st2mot    
14:57:29.698  DEBUG   [client]  <- read  st2mot     ret=0  data=['0xcf', '0x03']
14:57:29.888  DEBUG   [client]  -> read  st2mot    
14:57:29.892  DEBUG   [client]  <- read  st2mot     ret=0  data=['0x01', '0x04']
14:57:29.894  DEBUG   [client]  -> read  st0cur    
14:57:29.898  DEBUG   [client]  <- read  st0cur     ret=0  data=['0xf5', '0x01', '0xf5', '0x01']
14:57:30.088  DEBUG   [client]  -> read  st2mot    
14:57:30.092  DEBUG   [client]  <- read  st2mot     ret=0  data=['0xcf', '0x03']
14:57:30.288  DEBUG   [client]  -> read  st2mot    
14:57:30.292  DEBUG   [client]  <- read  st2mot     ret=0  data=['0x1a', '0x04']
14:57:30.488  DEBUG   [client]  -> read  st2mot    
14:57:30.492  DEBUG   [client]  <- read  st2mot     ret=0  data=['0xb6', '0x03']
14:57:30.688  DEBUG   [client]  -> read  st2mot    
14:57:30.692  DEBUG   [client]  <- read  st2mot     ret=0  data=['0x1a', '0x04']
14:57:30.695  DEBUG   [poll]    -> read  st2mot    
14:57:30.699  DEBUG   [poll]    <- read  st2mot     ret=0  data=['0x1a', '0x04']
14:57:30.699  DEBUG   [poll]    -> read  st0cur    
14:57:30.704  DEBUG   [poll]    <- read  st0cur     ret=0  data=['0xf6', '0x01', '0xf5', '0x01']
14:57:30.888  DEBUG   [client]  -> read  st2mot    
14:57:30.892  DEBUG   [client]  <- read  st2mot     ret=0  data=['0xcf', '0x03']
14:57:30.894  DEBUG   [client]  -> read  st0cur    
14:57:30.898  DEBUG   [client]  <- read  st0cur     ret=0  data=['0xf6', '0x01', '0xf5', '0x01']
14:57:31.088  DEBUG   [client]  -> read  st2mot    
14:57:31.092  DEBUG   [client]  <- read  st2mot     ret=0  data=['0x01', '0x04']
14:57:31.289  DEBUG   [client]  -> read  st2mot    
14:57:31.292  DEBUG   [client]  <- read  st2mot     ret=0  data=['0xe8', '0x03']
14:57:31.488  DEBUG   [client]  -> read  st2mot    
14:57:31.492  DEBUG   [client]  <- read  st2mot     ret=0  data=['0x01', '0x04']
14:57:31.688  DEBUG   [client]  -> read  st2mot    
14:57:31.692  DEBUG   [client]  <- read  st2mot     ret=0  data=['0xe8', '0x03']
14:57:31.705  DEBUG   [poll]    -> read  st2mot    
14:57:31.709  DEBUG   [poll]    <- read  st2mot     ret=0  data=['0xe8', '0x03']
14:57:31.709  DEBUG   [poll]    -> read  st0cur    
14:57:31.713  DEBUG   [poll]    <- read  st0cur     ret=0  data=['0xf6', '0x01', '0xf4', '0x01']
14:57:31.888  DEBUG   [client]  -> read  st2mot    
14:57:31.892  DEBUG   [client]  <- read  st2mot     ret=0  data=['0xe8', '0x03']
14:57:31.894  DEBUG   [client]  -> read  st0cur    
14:57:31.898  DEBUG   [client]  <- read  st0cur     ret=0  data=['0xf6', '0x01', '0xf4', '0x01']
14:57:32.088  DEBUG   [client]  -> read  st2mot    
14:57:32.092  DEBUG   [client]  <- read  st2mot     ret=0  data=['0xe8', '0x03']
14:57:32.288  DEBUG   [client]  -> read  st2mot    
14:57:32.292  DEBUG   [client]  <- read  st2mot     ret=0  data=['0xe8', '0x03']
14:57:32.489  DEBUG   [client]  -> read  st2mot    
14:57:32.492  DEBUG   [client]  <- read  st2mot     ret=0  data=['0xcf', '0x03']
14:57:32.689  DEBUG   [client]  -> read  st2mot    
14:57:32.692  DEBUG   [client]  <- read  st2mot     ret=0  data=['0x01', '0x04']
14:57:32.715  DEBUG   [poll]    -> read  st2mot    
14:57:32.720  DEBUG   [poll]    <- read  st2mot     ret=0  data=['0x01', '0x04']
14:57:32.720  DEBUG   [poll]    -> read  st0cur    
14:57:32.724  DEBUG   [poll]    <- read  st0cur     ret=0  data=['0xf5', '0x01', '0xf6', '0x01']
14:57:32.889  DEBUG   [client]  -> read  st2mot    
14:57:32.892  DEBUG   [client]  <- read  st2mot     ret=0  data=['0xe8', '0x03']
14:57:32.894  DEBUG   [client]  -> read  st0cur    
14:57:32.898  DEBUG   [client]  <- read  st0cur     ret=0  data=['0xf5', '0x01', '0xf6', '0x01']
14:57:33.089  DEBUG   [client]  -> read  st2mot    
14:57:33.092  DEBUG   [client]  <- read  st2mot     ret=0  data=['0x01', '0x04']
14:57:33.289  DEBUG   [client]  -> read  st2mot    
14:57:33.292  DEBUG   [client]  <- read  st2mot     ret=0  data=['0x01', '0x04']
14:57:33.489  DEBUG   [client]  -> read  st2mot    
14:57:33.492  DEBUG   [client]  <- read  st2mot     ret=0  data=['0xe8', '0x03']
14:57:33.726  DEBUG   [poll]    -> read  st2mot    
14:57:33.743  DEBUG   [poll]    <- read  st2mot     ret=0  data=['0x01', '0x04']
14:57:33.743  DEBUG   [poll]    -> read  st0cur    
14:57:33.747  DEBUG   [poll]    <- read  st0cur     ret=0  data=['0xf7', '0x01', '0xf5', '0x01']
14:57:33.748  DEBUG   [client]  -> read  st2mot    
14:57:33.752  DEBUG   [client]  <- read  st2mot     ret=0  data=['0x01', '0x04']
14:57:33.754  DEBUG   [client]  -> write cntl3mot   data=['0x00', '0x00']
14:57:33.758  WARNING client disconnected — stopping motor
14:57:33.760  DEBUG   [client]  -> write cntl3mot   data=['0x00', '0x00']
14:57:33.764  INFO    client disconnected
14:57:34.749  DEBUG   [poll]    -> read  st2mot    
14:57:34.752  DEBUG   [poll]    <- read  st2mot     ret=0  data=['0x00', '0x00']
14:57:34.753  DEBUG   [poll]    -> read  st0cur    
14:57:34.757  DEBUG   [poll]    <- read  st0cur     ret=0  data=['0x00', '0x02', '0xff', '0x01']
14:57:35.759  DEBUG   [poll]    -> read  st2mot    
14:57:35.762  DEBUG   [poll]    <- read  st2mot     ret=0  data=['0x00', '0x00']
14:57:35.763  DEBUG   [poll]    -> read  st0cur    
14:57:35.767  DEBUG   [poll]    <- read  st0cur     ret=0  data=['0x01', '0x02', '0x00', '0x02']
14:57:36.768  DEBUG   [poll]    -> read  st2mot    
14:57:36.772  DEBUG   [poll]    <- read  st2mot     ret=0  data=['0x00', '0x00']
14:57:36.772  DEBUG   [poll]    -> read  st0cur    
14:57:36.776  DEBUG   [poll]    <- read  st0cur     ret=0  data=['0x01', '0x02', '0x00', '0x02']
14:57:37.778  DEBUG   [poll]    -> read  st2mot    
14:57:37.781  DEBUG   [poll]    <- read  st2mot     ret=0  data=['0x00', '0x00']
14:57:37.782  DEBUG   [poll]    -> read  st0cur    
14:57:37.786  DEBUG   [poll]    <- read  st0cur     ret=0  data=['0x01', '0x02', '0x00', '0x02']
14:57:38.701  INFO    client connected
14:57:38.702  DEBUG   [client]  -> write cntl0mot   data=['0x01', '0xff']
14:57:38.706  DEBUG   [client]  -> write cntl3mot   data=['0x00', '0x00']
14:57:38.709  DEBUG   [client]  -> write cntl3mot   data=['0x03', '0xe8']
14:57:38.713  DEBUG   [client]  -> read  st2mot    
14:57:38.716  DEBUG   [client]  <- read  st2mot     ret=0  data=['0x00', '0x00']
14:57:38.717  DEBUG   [client]  -> read  st0cur    
14:57:38.721  DEBUG   [client]  <- read  st0cur     ret=0  data=['0x01', '0x02', '0x01', '0x02']
14:57:38.788  DEBUG   [poll]    -> read  st2mot    
14:57:38.791  DEBUG   [poll]    <- read  st2mot     ret=0  data=['0x19', '0x00']
14:57:38.791  DEBUG   [poll]    -> read  st0cur    
14:57:38.795  DEBUG   [poll]    <- read  st0cur     ret=0  data=['0x01', '0x02', '0x01', '0x02']
14:57:38.913  DEBUG   [client]  -> read  st2mot    
14:57:38.916  DEBUG   [client]  <- read  st2mot     ret=0  data=['0x5e', '0x01']
14:57:39.113  DEBUG   [client]  -> read  st2mot    
14:57:39.116  DEBUG   [client]  <- read  st2mot     ret=0  data=['0xbc', '0x02']
14:57:39.313  DEBUG   [client]  -> read  st2mot    
14:57:39.317  DEBUG   [client]  <- read  st2mot     ret=0  data=['0xa3', '0x02']
14:57:39.514  DEBUG   [client]  -> read  st2mot    
14:57:39.517  DEBUG   [client]  <- read  st2mot     ret=0  data=['0x84', '0x03']
14:57:39.714  DEBUG   [client]  -> read  st2mot    
14:57:39.717  DEBUG   [client]  <- read  st2mot     ret=0  data=['0x52', '0x03']
14:57:39.719  DEBUG   [client]  -> read  st0cur    
14:57:39.723  DEBUG   [client]  <- read  st0cur     ret=0  data=['0xf6', '0x01', '0xf6', '0x01']
14:57:39.796  DEBUG   [poll]    -> read  st2mot    
14:57:39.799  DEBUG   [poll]    <- read  st2mot     ret=0  data=['0x84', '0x03']
14:57:39.800  DEBUG   [poll]    -> read  st0cur    
14:57:39.804  DEBUG   [poll]    <- read  st0cur     ret=0  data=['0xf6', '0x01', '0xf6', '0x01']
14:57:39.914  DEBUG   [client]  -> read  st2mot    
14:57:39.917  DEBUG   [client]  <- read  st2mot     ret=0  data=['0x9d', '0x03']
14:57:40.114  DEBUG   [client]  -> read  st2mot    
14:57:40.117  DEBUG   [client]  <- read  st2mot     ret=0  data=['0xb6', '0x03']
14:57:40.314  DEBUG   [client]  -> read  st2mot    
14:57:40.317  DEBUG   [client]  <- read  st2mot     ret=0  data=['0xb6', '0x03']
14:57:40.514  DEBUG   [client]  -> read  st2mot    
14:57:40.517  DEBUG   [client]  <- read  st2mot     ret=0  data=['0xcf', '0x03']
14:57:40.714  DEBUG   [client]  -> read  st2mot    
14:57:40.717  DEBUG   [client]  <- read  st2mot     ret=0  data=['0xe8', '0x03']
14:57:40.719  DEBUG   [client]  -> read  st0cur    
14:57:40.723  DEBUG   [client]  <- read  st0cur     ret=0  data=['0xf6', '0x01', '0xf3', '0x01']
14:57:40.805  DEBUG   [poll]    -> read  st2mot    
14:57:40.809  DEBUG   [poll]    <- read  st2mot     ret=0  data=['0xe8', '0x03']
14:57:40.809  DEBUG   [poll]    -> read  st0cur    
14:57:40.813  DEBUG   [poll]    <- read  st0cur     ret=0  data=['0xf6', '0x01', '0xf3', '0x01']
14:57:40.914  DEBUG   [client]  -> read  st2mot    
14:57:40.917  DEBUG   [client]  <- read  st2mot     ret=0  data=['0xe8', '0x03']
14:57:41.114  DEBUG   [client]  -> read  st2mot    
14:57:41.117  DEBUG   [client]  <- read  st2mot     ret=0  data=['0xe8', '0x03']
14:57:41.314  DEBUG   [client]  -> read  st2mot    
14:57:41.317  DEBUG   [client]  <- read  st2mot     ret=0  data=['0xcf', '0x03']
14:57:41.514  DEBUG   [client]  -> read  st2mot    
14:57:41.517  DEBUG   [client]  <- read  st2mot     ret=0  data=['0x01', '0x04']
14:57:41.714  DEBUG   [client]  -> read  st2mot    
14:57:41.717  DEBUG   [client]  <- read  st2mot     ret=0  data=['0xcf', '0x03']
14:57:41.719  DEBUG   [client]  -> read  st0cur    
14:57:41.723  DEBUG   [client]  <- read  st0cur     ret=0  data=['0xf6', '0x01', '0xf5', '0x01']
14:57:41.815  DEBUG   [poll]    -> read  st2mot    
14:57:41.818  DEBUG   [poll]    <- read  st2mot     ret=0  data=['0xe8', '0x03']
14:57:41.819  DEBUG   [poll]    -> read  st0cur    
14:57:41.823  DEBUG   [poll]    <- read  st0cur     ret=0  data=['0xf6', '0x01', '0xf5', '0x01']
14:57:41.914  DEBUG   [client]  -> read  st2mot    
14:57:41.917  DEBUG   [client]  <- read  st2mot     ret=0  data=['0xe8', '0x03']
14:57:42.114  DEBUG   [client]  -> read  st2mot    
14:57:42.117  DEBUG   [client]  <- read  st2mot     ret=0  data=['0xe8', '0x03']
14:57:42.314  DEBUG   [client]  -> read  st2mot    
14:57:42.317  DEBUG   [client]  <- read  st2mot     ret=0  data=['0xe8', '0x03']
14:57:42.514  DEBUG   [client]  -> read  st2mot    
14:57:42.517  DEBUG   [client]  <- read  st2mot     ret=0  data=['0x01', '0x04']
14:57:42.714  DEBUG   [client]  -> read  st2mot    
14:57:42.717  DEBUG   [client]  <- read  st2mot     ret=0  data=['0xcf', '0x03']
14:57:42.719  DEBUG   [client]  -> read  st0cur    
14:57:42.723  DEBUG   [client]  <- read  st0cur     ret=0  data=['0xf5', '0x01', '0xf4', '0x01']
14:57:42.824  DEBUG   [poll]    -> read  st2mot    
14:57:42.827  DEBUG   [poll]    <- read  st2mot     ret=0  data=['0x01', '0x04']
14:57:42.828  DEBUG   [poll]    -> read  st0cur    
14:57:42.832  DEBUG   [poll]    <- read  st0cur     ret=0  data=['0xf5', '0x01', '0xf4', '0x01']
14:57:42.914  DEBUG   [client]  -> read  st2mot    
14:57:42.917  DEBUG   [client]  <- read  st2mot     ret=0  data=['0xe8', '0x03']
14:57:43.114  DEBUG   [client]  -> read  st2mot    
14:57:43.117  DEBUG   [client]  <- read  st2mot     ret=0  data=['0xcf', '0x03']
14:57:43.314  DEBUG   [client]  -> read  st2mot    
14:57:43.317  DEBUG   [client]  <- read  st2mot     ret=0  data=['0x1a', '0x04']
14:57:43.514  DEBUG   [client]  -> read  st2mot    
14:57:43.517  DEBUG   [client]  <- read  st2mot     ret=0  data=['0xcf', '0x03']
14:57:43.714  DEBUG   [client]  -> read  st2mot    
14:57:43.721  DEBUG   [client]  <- read  st2mot     ret=0  data=['0x1a', '0x04']
14:57:43.722  DEBUG   [client]  -> read  st0cur    
14:57:43.727  DEBUG   [client]  <- read  st0cur     ret=0  data=['0xf6', '0x01', '0xf6', '0x01']
14:57:43.833  DEBUG   [poll]    -> read  st2mot    
14:57:43.837  DEBUG   [poll]    <- read  st2mot     ret=0  data=['0xb6', '0x03']
14:57:43.837  DEBUG   [poll]    -> read  st0cur    
14:57:43.841  DEBUG   [poll]    <- read  st0cur     ret=0  data=['0xf6', '0x01', '0xf6', '0x01']
14:57:43.914  DEBUG   [client]  -> read  st2mot    
14:57:43.917  DEBUG   [client]  <- read  st2mot     ret=0  data=['0xe8', '0x03']
14:57:44.114  DEBUG   [client]  -> read  st2mot    
14:57:44.117  DEBUG   [client]  <- read  st2mot     ret=0  data=['0x01', '0x04']
14:57:44.314  DEBUG   [client]  -> read  st2mot    
14:57:44.317  DEBUG   [client]  <- read  st2mot     ret=0  data=['0xe8', '0x03']
14:57:44.514  DEBUG   [client]  -> read  st2mot    
14:57:44.517  DEBUG   [client]  <- read  st2mot     ret=0  data=['0x01', '0x04']
14:57:44.714  DEBUG   [client]  -> read  st2mot    
14:57:44.717  DEBUG   [client]  <- read  st2mot     ret=0  data=['0xe8', '0x03']
14:57:44.719  DEBUG   [client]  -> read  st0cur    
14:57:44.723  DEBUG   [client]  <- read  st0cur     ret=0  data=['0xf7', '0x01', '0xf4', '0x01']
14:57:44.843  DEBUG   [poll]    -> read  st2mot    
14:57:44.846  DEBUG   [poll]    <- read  st2mot     ret=0  data=['0xcf', '0x03']
14:57:44.847  DEBUG   [poll]    -> read  st0cur    
14:57:44.851  DEBUG   [poll]    <- read  st0cur     ret=0  data=['0xf7', '0x01', '0xf4', '0x01']
14:57:44.914  DEBUG   [client]  -> read  st2mot    
14:57:44.917  DEBUG   [client]  <- read  st2mot     ret=0  data=['0x01', '0x04']
14:57:45.114  DEBUG   [client]  -> read  st2mot    
14:57:45.117  DEBUG   [client]  <- read  st2mot     ret=0  data=['0xe8', '0x03']
14:57:45.314  DEBUG   [client]  -> read  st2mot    
14:57:45.317  DEBUG   [client]  <- read  st2mot     ret=0  data=['0x01', '0x04']
14:57:45.514  DEBUG   [client]  -> read  st2mot    
14:57:45.517  DEBUG   [client]  <- read  st2mot     ret=0  data=['0xe8', '0x03']
14:57:45.519  DEBUG   [client]  -> write cntl3mot   data=['0x00', '0x00']
14:57:45.523  WARNING client disconnected — stopping motor
14:57:45.524  DEBUG   [client]  -> write cntl3mot   data=['0x00', '0x00']
14:57:45.528  INFO    client disconnected
14:57:45.852  DEBUG   [poll]    -> read  st2mot    
14:57:45.855  DEBUG   [poll]    <- read  st2mot     ret=0  data=['0x32', '0x00']
14:57:45.855  DEBUG   [poll]    -> read  st0cur    
14:57:45.859  DEBUG   [poll]    <- read  st0cur     ret=0  data=['0xf6', '0x01', '0xf8', '0x01']
14:57:46.861  DEBUG   [poll]    -> read  st2mot    
14:57:46.864  DEBUG   [poll]    <- read  st2mot     ret=0  data=['0x00', '0x00']
14:57:46.864  DEBUG   [poll]    -> read  st0cur    
14:57:46.868  DEBUG   [poll]    <- read  st0cur     ret=0  data=['0x01', '0x02', '0x00', '0x02']
14:57:47.870  DEBUG   [poll]    -> read  st2mot    
14:57:47.873  DEBUG   [poll]    <- read  st2mot     ret=0  data=['0x00', '0x00']
14:57:47.874  DEBUG   [poll]    -> read  st0cur    
14:57:47.878  DEBUG   [poll]    <- read  st0cur     ret=0  data=['0x01', '0x02', '0x00', '0x02']
14:57:48.879  DEBUG   [poll]    -> read  st2mot    
14:57:48.888  DEBUG   [poll]    <- read  st2mot     ret=0  data=['0x00', '0x00']
14:57:48.888  DEBUG   [poll]    -> read  st0cur    
14:57:48.892  DEBUG   [poll]    <- read  st0cur     ret=0  data=['0x01', '0x02', '0x00', '0x02']
14:57:49.894  DEBUG   [poll]    -> read  st2mot    
14:57:49.897  DEBUG   [poll]    <- read  st2mot     ret=0  data=['0x00', '0x00']
14:57:49.898  DEBUG   [poll]    -> read  st0cur    
14:57:49.902  DEBUG   [poll]    <- read  st0cur     ret=0  data=['0x01', '0x02', '0x00', '0x02']
14:57:50.903  DEBUG   [poll]    -> read  st2mot    
14:57:50.907  DEBUG   [poll]    <- read  st2mot     ret=0  data=['0x00', '0x00']
14:57:50.907  DEBUG   [poll]    -> read  st0cur    
14:57:50.911  DEBUG   [poll]    <- read  st0cur     ret=0  data=['0x01', '0x02', '0x00', '0x02']
14:57:51.538  INFO    client connected
14:57:51.539  DEBUG   [client]  -> write cntl0mot   data=['0xff', '0x00']
14:57:51.543  DEBUG   [client]  -> write cntl3mot   data=['0x00', '0x00']
14:57:51.546  DEBUG   [client]  -> write cntl3mot   data=['0x03', '0xe8']
14:57:51.550  DEBUG   [client]  -> read  st2mot    
14:57:51.553  DEBUG   [client]  <- read  st2mot     ret=0  data=['0x00', '0x00']
14:57:51.554  DEBUG   [client]  -> read  st0cur    
14:57:51.558  DEBUG   [client]  <- read  st0cur     ret=0  data=['0x01', '0x02', '0x00', '0x02']
14:57:51.750  DEBUG   [client]  -> read  st2mot    
14:57:51.753  DEBUG   [client]  <- read  st2mot     ret=0  data=['0x00', '0x00']
14:57:51.913  DEBUG   [poll]    -> read  st2mot    
14:57:51.916  DEBUG   [poll]    <- read  st2mot     ret=0  data=['0xbc', '0x02']
14:57:51.916  DEBUG   [poll]    -> read  st0cur    
14:57:51.920  DEBUG   [poll]    <- read  st0cur     ret=0  data=['0xff', '0x01', '0xff', '0x01']
14:57:51.950  DEBUG   [client]  -> read  st2mot    
14:57:51.953  DEBUG   [client]  <- read  st2mot     ret=0  data=['0xbc', '0x02']
14:57:52.150  DEBUG   [client]  -> read  st2mot    
14:57:52.153  DEBUG   [client]  <- read  st2mot     ret=0  data=['0x20', '0x03']
14:57:52.351  DEBUG   [client]  -> read  st2mot    
14:57:52.354  DEBUG   [client]  <- read  st2mot     ret=0  data=['0x39', '0x03']
14:57:52.551  DEBUG   [client]  -> read  st2mot    
14:57:52.554  DEBUG   [client]  <- read  st2mot     ret=0  data=['0xb6', '0x03']
14:57:52.556  DEBUG   [client]  -> read  st0cur    
14:57:52.560  DEBUG   [client]  <- read  st0cur     ret=0  data=['0xff', '0x01', '0xff', '0x01']
14:57:52.751  DEBUG   [client]  -> read  st2mot    
14:57:52.754  DEBUG   [client]  <- read  st2mot     ret=0  data=['0x84', '0x03']
14:57:52.921  DEBUG   [poll]    -> read  st2mot    
14:57:52.925  DEBUG   [poll]    <- read  st2mot     ret=0  data=['0xe8', '0x03']
14:57:52.925  DEBUG   [poll]    -> read  st0cur    
14:57:52.930  DEBUG   [poll]    <- read  st0cur     ret=0  data=['0xf7', '0x01', '0xf3', '0x01']
14:57:52.951  DEBUG   [client]  -> read  st2mot    
14:57:52.954  DEBUG   [client]  <- read  st2mot     ret=0  data=['0xe8', '0x03']
14:57:53.151  DEBUG   [client]  -> read  st2mot    
14:57:53.154  DEBUG   [client]  <- read  st2mot     ret=0  data=['0xb6', '0x03']
14:57:53.351  DEBUG   [client]  -> read  st2mot    
14:57:53.354  DEBUG   [client]  <- read  st2mot     ret=0  data=['0xe8', '0x03']
14:57:53.551  DEBUG   [client]  -> read  st2mot    
14:57:53.554  DEBUG   [client]  <- read  st2mot     ret=0  data=['0xcf', '0x03']
14:57:53.556  DEBUG   [client]  -> read  st0cur    
14:57:53.561  DEBUG   [client]  <- read  st0cur     ret=0  data=['0xf7', '0x01', '0xf3', '0x01']
14:57:53.751  DEBUG   [client]  -> read  st2mot    
14:57:53.754  DEBUG   [client]  <- read  st2mot     ret=0  data=['0xe8', '0x03']
14:57:53.931  DEBUG   [poll]    -> read  st2mot    
14:57:53.939  DEBUG   [poll]    <- read  st2mot     ret=0  data=['0xe8', '0x03']
14:57:53.939  DEBUG   [poll]    -> read  st0cur    
14:57:53.944  DEBUG   [poll]    <- read  st0cur     ret=0  data=['0xf5', '0x01', '0xf4', '0x01']
14:57:53.951  DEBUG   [client]  -> read  st2mot    
14:57:53.954  DEBUG   [client]  <- read  st2mot     ret=0  data=['0xe8', '0x03']
14:57:54.151  DEBUG   [client]  -> read  st2mot    
14:57:54.154  DEBUG   [client]  <- read  st2mot     ret=0  data=['0xcf', '0x03']
14:57:54.351  DEBUG   [client]  -> read  st2mot    
14:57:54.354  DEBUG   [client]  <- read  st2mot     ret=0  data=['0xe8', '0x03']
14:57:54.551  DEBUG   [client]  -> read  st2mot    
14:57:54.554  DEBUG   [client]  <- read  st2mot     ret=0  data=['0xcf', '0x03']
14:57:54.556  DEBUG   [client]  -> read  st0cur    
14:57:54.560  DEBUG   [client]  <- read  st0cur     ret=0  data=['0xf5', '0x01', '0xf4', '0x01']
14:57:54.751  DEBUG   [client]  -> read  st2mot    
14:57:54.754  DEBUG   [client]  <- read  st2mot     ret=0  data=['0xe8', '0x03']
14:57:54.945  DEBUG   [poll]    -> read  st2mot    
14:57:54.949  DEBUG   [poll]    <- read  st2mot     ret=0  data=['0xe8', '0x03']
14:57:54.949  DEBUG   [poll]    -> read  st0cur    
14:57:54.953  DEBUG   [poll]    <- read  st0cur     ret=0  data=['0xf6', '0x01', '0xf5', '0x01']
14:57:54.954  DEBUG   [client]  -> read  st2mot    
14:57:54.957  DEBUG   [client]  <- read  st2mot     ret=0  data=['0xe8', '0x03']
14:57:55.151  DEBUG   [client]  -> read  st2mot    
14:57:55.154  DEBUG   [client]  <- read  st2mot     ret=0  data=['0xe8', '0x03']
14:57:55.351  DEBUG   [client]  -> read  st2mot    
14:57:55.354  DEBUG   [client]  <- read  st2mot     ret=0  data=['0x01', '0x04']
14:57:55.551  DEBUG   [client]  -> read  st2mot    
14:57:55.554  DEBUG   [client]  <- read  st2mot     ret=0  data=['0xe8', '0x03']
14:57:55.556  DEBUG   [client]  -> read  st0cur    
14:57:55.560  DEBUG   [client]  <- read  st0cur     ret=0  data=['0xf6', '0x01', '0xf5', '0x01']
14:57:55.751  DEBUG   [client]  -> read  st2mot    
14:57:55.754  DEBUG   [client]  <- read  st2mot     ret=0  data=['0x01', '0x04']
14:57:55.951  DEBUG   [client]  -> read  st2mot    
14:57:55.954  DEBUG   [client]  <- read  st2mot     ret=0  data=['0xcf', '0x03']
14:57:55.955  DEBUG   [poll]    -> read  st2mot    
14:57:55.958  DEBUG   [poll]    <- read  st2mot     ret=0  data=['0xcf', '0x03']
14:57:55.959  DEBUG   [poll]    -> read  st0cur    
14:57:55.963  DEBUG   [poll]    <- read  st0cur     ret=0  data=['0xf6', '0x01', '0xf4', '0x01']
14:57:56.151  DEBUG   [client]  -> read  st2mot    
14:57:56.154  DEBUG   [client]  <- read  st2mot     ret=0  data=['0x01', '0x04']
14:57:56.351  DEBUG   [client]  -> read  st2mot    
14:57:56.354  DEBUG   [client]  <- read  st2mot     ret=0  data=['0xcf', '0x03']
14:57:56.551  DEBUG   [client]  -> read  st2mot    
14:57:56.554  DEBUG   [client]  <- read  st2mot     ret=0  data=['0xe8', '0x03']
14:57:56.556  DEBUG   [client]  -> read  st0cur    
14:57:56.560  DEBUG   [client]  <- read  st0cur     ret=0  data=['0xf6', '0x01', '0xf4', '0x01']
14:57:56.751  DEBUG   [client]  -> read  st2mot    
14:57:56.754  DEBUG   [client]  <- read  st2mot     ret=0  data=['0xe8', '0x03']
14:57:56.951  DEBUG   [client]  -> read  st2mot    
14:57:56.954  DEBUG   [client]  <- read  st2mot     ret=0  data=['0x01', '0x04']
14:57:56.965  DEBUG   [poll]    -> read  st2mot    
14:57:56.968  DEBUG   [poll]    <- read  st2mot     ret=0  data=['0xe8', '0x03']
14:57:56.969  DEBUG   [poll]    -> read  st0cur    
14:57:56.973  DEBUG   [poll]    <- read  st0cur     ret=0  data=['0xf6', '0x01', '0xf4', '0x01']
14:57:57.151  DEBUG   [client]  -> read  st2mot    
14:57:57.154  DEBUG   [client]  <- read  st2mot     ret=0  data=['0xcf', '0x03']
14:57:57.351  DEBUG   [client]  -> read  st2mot    
14:57:57.354  DEBUG   [client]  <- read  st2mot     ret=0  data=['0x01', '0x04']
14:57:57.551  DEBUG   [client]  -> read  st2mot    
14:57:57.554  DEBUG   [client]  <- read  st2mot     ret=0  data=['0xcf', '0x03']
14:57:57.556  DEBUG   [client]  -> read  st0cur    
14:57:57.560  DEBUG   [client]  <- read  st0cur     ret=0  data=['0xf6', '0x01', '0xf4', '0x01']
14:57:57.751  DEBUG   [client]  -> read  st2mot    
14:57:57.754  DEBUG   [client]  <- read  st2mot     ret=0  data=['0xe8', '0x03']
14:57:57.951  DEBUG   [client]  -> read  st2mot    
14:57:57.954  DEBUG   [client]  <- read  st2mot     ret=0  data=['0xcf', '0x03']
14:57:57.974  DEBUG   [poll]    -> read  st2mot    
14:57:57.978  DEBUG   [poll]    <- read  st2mot     ret=0  data=['0x01', '0x04']
14:57:57.978  DEBUG   [poll]    -> read  st0cur    
14:57:57.983  DEBUG   [poll]    <- read  st0cur     ret=0  data=['0xf7', '0x01', '0xf7', '0x01']
14:57:58.151  DEBUG   [client]  -> read  st2mot    
14:57:58.154  DEBUG   [client]  <- read  st2mot     ret=0  data=['0xe8', '0x03']
14:57:58.351  DEBUG   [client]  -> read  st2mot    
14:57:58.354  DEBUG   [client]  <- read  st2mot     ret=0  data=['0xcf', '0x03']
14:57:58.356  DEBUG   [client]  -> write cntl3mot   data=['0x00', '0x00']
14:57:58.360  WARNING client disconnected — stopping motor
14:57:58.361  DEBUG   [client]  -> write cntl3mot   data=['0x00', '0x00']
14:57:58.365  INFO    client disconnected
14:57:58.984  DEBUG   [poll]    -> read  st2mot    
14:57:58.988  DEBUG   [poll]    <- read  st2mot     ret=0  data=['0x00', '0x00']
14:57:58.988  DEBUG   [poll]    -> read  st0cur    
14:57:58.992  DEBUG   [poll]    <- read  st0cur     ret=0  data=['0xfb', '0x01', '0xf9', '0x01']
14:57:58.992  WARNING *** OBSERVED STALL SIGNATURE (not acted on yet) — current=-0.24A while rpm=0 ***
14:57:59.994  DEBUG   [poll]    -> read  st2mot    
14:57:59.997  DEBUG   [poll]    <- read  st2mot     ret=0  data=['0x00', '0x00']
14:57:59.997  DEBUG   [poll]    -> read  st0cur    
14:58:00.001  DEBUG   [poll]    <- read  st0cur     ret=0  data=['0x01', '0x02', '0x00', '0x02']
14:58:01.008  DEBUG   [poll]    -> read  st2mot    
14:58:01.013  DEBUG   [poll]    <- read  st2mot     ret=0  data=['0x00', '0x00']
14:58:01.014  DEBUG   [poll]    -> read  st0cur    
14:58:01.019  DEBUG   [poll]    <- read  st0cur     ret=0  data=['0x01', '0x02', '0x00', '0x02']
14:58:02.020  DEBUG   [poll]    -> read  st2mot    
14:58:02.024  DEBUG   [poll]    <- read  st2mot     ret=0  data=['0x00', '0x00']
14:58:02.024  DEBUG   [poll]    -> read  st0cur    
14:58:02.028  DEBUG   [poll]    <- read  st0cur     ret=0  data=['0x01', '0x02', '0x00', '0x02']
14:58:03.030  DEBUG   [poll]    -> read  st2mot    
14:58:03.033  DEBUG   [poll]    <- read  st2mot     ret=0  data=['0x00', '0x00']
14:58:03.034  DEBUG   [poll]    -> read  st0cur    
14:58:03.038  DEBUG   [poll]    <- read  st0cur     ret=0  data=['0x01', '0x02', '0x00', '0x02']
14:58:04.039  DEBUG   [poll]    -> read  st2mot    
14:58:04.043  DEBUG   [poll]    <- read  st2mot     ret=0  data=['0x00', '0x00']
14:58:04.043  DEBUG   [poll]    -> read  st0cur    
14:58:04.047  DEBUG   [poll]    <- read  st0cur     ret=0  data=['0x01', '0x02', '0x00', '0x02']
14:58:04.360  INFO    client connected
14:58:04.360  DEBUG   [client]  -> write cntl0mot   data=['0x00', '0x00']
14:58:04.364  DEBUG   [client]  -> write cntl3mot   data=['0x00', '0x00']
14:58:04.368  DEBUG   [client]  -> write cntl3mot   data=['0x03', '0xe8']
14:58:04.371  DEBUG   [client]  -> read  st2mot    
14:58:04.374  DEBUG   [client]  <- read  st2mot     ret=0  data=['0x00', '0x00']
14:58:04.375  DEBUG   [client]  -> read  st0cur    
14:58:04.379  DEBUG   [client]  <- read  st0cur     ret=0  data=['0x01', '0x02', '0x00', '0x02']
14:58:04.572  DEBUG   [client]  -> read  st2mot    
14:58:04.575  DEBUG   [client]  <- read  st2mot     ret=0  data=['0x90', '0x01']
14:58:04.772  DEBUG   [client]  -> read  st2mot    
14:58:04.775  DEBUG   [client]  <- read  st2mot     ret=0  data=['0xa3', '0x02']
14:58:04.972  DEBUG   [client]  -> read  st2mot    
14:58:04.975  DEBUG   [client]  <- read  st2mot     ret=0  data=['0xee', '0x02']
14:58:05.049  DEBUG   [poll]    -> read  st2mot    
14:58:05.052  DEBUG   [poll]    <- read  st2mot     ret=0  data=['0xee', '0x02']
14:58:05.052  DEBUG   [poll]    -> read  st0cur    
14:58:05.056  DEBUG   [poll]    <- read  st0cur     ret=0  data=['0xfe', '0x01', '0xfc', '0x01']
14:58:05.172  DEBUG   [client]  -> read  st2mot    
14:58:05.175  DEBUG   [client]  <- read  st2mot     ret=0  data=['0x84', '0x03']
14:58:05.372  DEBUG   [client]  -> read  st2mot    
14:58:05.375  DEBUG   [client]  <- read  st2mot     ret=0  data=['0x6b', '0x03']
14:58:05.377  DEBUG   [client]  -> read  st0cur    
14:58:05.382  DEBUG   [client]  <- read  st0cur     ret=0  data=['0xfe', '0x01', '0xfc', '0x01']
14:58:05.572  DEBUG   [client]  -> read  st2mot    
14:58:05.575  DEBUG   [client]  <- read  st2mot     ret=0  data=['0x84', '0x03']
14:58:05.772  DEBUG   [client]  -> read  st2mot    
14:58:05.775  DEBUG   [client]  <- read  st2mot     ret=0  data=['0xcf', '0x03']
14:58:05.972  DEBUG   [client]  -> read  st2mot    
14:58:05.976  DEBUG   [client]  <- read  st2mot     ret=0  data=['0xcf', '0x03']
14:58:06.058  DEBUG   [poll]    -> read  st2mot    
14:58:06.061  DEBUG   [poll]    <- read  st2mot     ret=0  data=['0xb6', '0x03']
14:58:06.062  DEBUG   [poll]    -> read  st0cur    
14:58:06.066  DEBUG   [poll]    <- read  st0cur     ret=0  data=['0xf5', '0x01', '0xf4', '0x01']
14:58:06.172  DEBUG   [client]  -> read  st2mot    
14:58:06.175  DEBUG   [client]  <- read  st2mot     ret=0  data=['0xb6', '0x03']
14:58:06.372  DEBUG   [client]  -> read  st2mot    
14:58:06.375  DEBUG   [client]  <- read  st2mot     ret=0  data=['0xcf', '0x03']
14:58:06.377  DEBUG   [client]  -> read  st0cur    
14:58:06.382  DEBUG   [client]  <- read  st0cur     ret=0  data=['0xf5', '0x01', '0xf4', '0x01']
14:58:06.572  DEBUG   [client]  -> read  st2mot    
14:58:06.575  DEBUG   [client]  <- read  st2mot     ret=0  data=['0xcf', '0x03']
14:58:06.772  DEBUG   [client]  -> read  st2mot    
14:58:06.775  DEBUG   [client]  <- read  st2mot     ret=0  data=['0xe8', '0x03']
14:58:06.972  DEBUG   [client]  -> read  st2mot    
14:58:06.975  DEBUG   [client]  <- read  st2mot     ret=0  data=['0xcf', '0x03']
14:58:07.068  DEBUG   [poll]    -> read  st2mot    
14:58:07.071  DEBUG   [poll]    <- read  st2mot     ret=0  data=['0xe8', '0x03']
14:58:07.071  DEBUG   [poll]    -> read  st0cur    
14:58:07.076  DEBUG   [poll]    <- read  st0cur     ret=0  data=['0xf7', '0x01', '0xf7', '0x01']
14:58:07.172  DEBUG   [client]  -> read  st2mot    
14:58:07.175  DEBUG   [client]  <- read  st2mot     ret=0  data=['0xe8', '0x03']
14:58:07.372  DEBUG   [client]  -> read  st2mot    
14:58:07.375  DEBUG   [client]  <- read  st2mot     ret=0  data=['0xe8', '0x03']
14:58:07.377  DEBUG   [client]  -> read  st0cur    
14:58:07.382  DEBUG   [client]  <- read  st0cur     ret=0  data=['0xf7', '0x01', '0xf7', '0x01']
14:58:07.572  DEBUG   [client]  -> read  st2mot    
14:58:07.576  DEBUG   [client]  <- read  st2mot     ret=0  data=['0xe8', '0x03']
14:58:07.772  DEBUG   [client]  -> read  st2mot    
14:58:07.776  DEBUG   [client]  <- read  st2mot     ret=0  data=['0xe8', '0x03']
14:58:07.972  DEBUG   [client]  -> read  st2mot    
14:58:07.975  DEBUG   [client]  <- read  st2mot     ret=0  data=['0xcf', '0x03']
14:58:08.077  DEBUG   [poll]    -> read  st2mot    
14:58:08.081  DEBUG   [poll]    <- read  st2mot     ret=0  data=['0x01', '0x04']
14:58:08.081  DEBUG   [poll]    -> read  st0cur    
14:58:08.085  DEBUG   [poll]    <- read  st0cur     ret=0  data=['0xf8', '0x01', '0xf5', '0x01']
14:58:08.172  DEBUG   [client]  -> read  st2mot    
14:58:08.175  DEBUG   [client]  <- read  st2mot     ret=0  data=['0x01', '0x04']
14:58:08.372  DEBUG   [client]  -> read  st2mot    
14:58:08.375  DEBUG   [client]  <- read  st2mot     ret=0  data=['0xcf', '0x03']
14:58:08.377  DEBUG   [client]  -> read  st0cur    
14:58:08.382  DEBUG   [client]  <- read  st0cur     ret=0  data=['0xf8', '0x01', '0xf5', '0x01']
14:58:08.572  DEBUG   [client]  -> read  st2mot    
14:58:08.575  DEBUG   [client]  <- read  st2mot     ret=0  data=['0xe8', '0x03']
14:58:08.772  DEBUG   [client]  -> read  st2mot    
14:58:08.775  DEBUG   [client]  <- read  st2mot     ret=0  data=['0xcf', '0x03']
14:58:08.972  DEBUG   [client]  -> read  st2mot    
14:58:08.976  DEBUG   [client]  <- read  st2mot     ret=0  data=['0xe8', '0x03']
14:58:09.087  DEBUG   [poll]    -> read  st2mot    
14:58:09.095  DEBUG   [poll]    <- read  st2mot     ret=0  data=['0xe8', '0x03']
14:58:09.096  DEBUG   [poll]    -> read  st0cur    
14:58:09.100  DEBUG   [poll]    <- read  st0cur     ret=0  data=['0xf5', '0x01', '0xf7', '0x01']
14:58:09.172  DEBUG   [client]  -> read  st2mot    
14:58:09.175  DEBUG   [client]  <- read  st2mot     ret=0  data=['0xe8', '0x03']
14:58:09.372  DEBUG   [client]  -> read  st2mot    
14:58:09.376  DEBUG   [client]  <- read  st2mot     ret=0  data=['0xe8', '0x03']
14:58:09.377  DEBUG   [client]  -> read  st0cur    
14:58:09.382  DEBUG   [client]  <- read  st0cur     ret=0  data=['0xf5', '0x01', '0xf7', '0x01']
14:58:09.572  DEBUG   [client]  -> read  st2mot    
14:58:09.575  DEBUG   [client]  <- read  st2mot     ret=0  data=['0xe8', '0x03']
14:58:09.772  DEBUG   [client]  -> read  st2mot    
14:58:09.775  DEBUG   [client]  <- read  st2mot     ret=0  data=['0xe8', '0x03']
14:58:09.972  DEBUG   [client]  -> read  st2mot    
14:58:09.975  DEBUG   [client]  <- read  st2mot     ret=0  data=['0xe8', '0x03']
14:58:10.102  DEBUG   [poll]    -> read  st2mot    
14:58:10.105  DEBUG   [poll]    <- read  st2mot     ret=0  data=['0xcf', '0x03']
14:58:10.105  DEBUG   [poll]    -> read  st0cur    
14:58:10.110  DEBUG   [poll]    <- read  st0cur     ret=0  data=['0xf5', '0x01', '0xf5', '0x01']
14:58:10.172  DEBUG   [client]  -> read  st2mot    
14:58:10.175  DEBUG   [client]  <- read  st2mot     ret=0  data=['0xe8', '0x03']
14:58:10.372  DEBUG   [client]  -> read  st2mot    
14:58:10.376  DEBUG   [client]  <- read  st2mot     ret=0  data=['0xe8', '0x03']
14:58:10.377  DEBUG   [client]  -> read  st0cur    
14:58:10.382  DEBUG   [client]  <- read  st0cur     ret=0  data=['0xf5', '0x01', '0xf5', '0x01']
14:58:10.572  DEBUG   [client]  -> read  st2mot    
14:58:10.576  DEBUG   [client]  <- read  st2mot     ret=0  data=['0x01', '0x04']
14:58:10.772  DEBUG   [client]  -> read  st2mot    
14:58:10.775  DEBUG   [client]  <- read  st2mot     ret=0  data=['0xcf', '0x03']
14:58:10.972  DEBUG   [client]  -> read  st2mot    
14:58:10.976  DEBUG   [client]  <- read  st2mot     ret=0  data=['0xcf', '0x03']
14:58:11.111  DEBUG   [poll]    -> read  st2mot    
14:58:11.115  DEBUG   [poll]    <- read  st2mot     ret=0  data=['0xe8', '0x03']
14:58:11.115  DEBUG   [poll]    -> read  st0cur    
14:58:11.119  DEBUG   [poll]    <- read  st0cur     ret=0  data=['0xf5', '0x01', '0xf5', '0x01']
14:58:11.172  DEBUG   [client]  -> read  st2mot    
14:58:11.175  DEBUG   [client]  <- read  st2mot     ret=0  data=['0xe8', '0x03']
14:58:11.177  DEBUG   [client]  -> write cntl3mot   data=['0x00', '0x00']
14:58:11.181  WARNING client disconnected — stopping motor
14:58:11.183  DEBUG   [client]  -> write cntl3mot   data=['0x00', '0x00']
14:58:11.187  INFO    client disconnected
14:58:12.121  DEBUG   [poll]    -> read  st2mot    
14:58:12.124  DEBUG   [poll]    <- read  st2mot     ret=0  data=['0x00', '0x00']
14:58:12.125  DEBUG   [poll]    -> read  st0cur    
14:58:12.129  DEBUG   [poll]    <- read  st0cur     ret=0  data=['0xfd', '0x01', '0xfa', '0x01']
14:58:13.131  DEBUG   [poll]    -> read  st2mot    
14:58:13.134  DEBUG   [poll]    <- read  st2mot     ret=0  data=['0x00', '0x00']
14:58:13.134  DEBUG   [poll]    -> read  st0cur    
14:58:13.139  DEBUG   [poll]    <- read  st0cur     ret=0  data=['0x01', '0x02', '0x00', '0x02']
14:58:14.140  DEBUG   [poll]    -> read  st2mot    
14:58:14.148  DEBUG   [poll]    <- read  st2mot     ret=0  data=['0x00', '0x00']
14:58:14.149  DEBUG   [poll]    -> read  st0cur    
14:58:14.153  DEBUG   [poll]    <- read  st0cur     ret=0  data=['0x01', '0x02', '0x00', '0x02']
14:58:15.154  DEBUG   [poll]    -> read  st2mot    
14:58:15.158  DEBUG   [poll]    <- read  st2mot     ret=0  data=['0x00', '0x00']
14:58:15.158  DEBUG   [poll]    -> read  st0cur    
14:58:15.163  DEBUG   [poll]    <- read  st0cur     ret=0  data=['0x01', '0x02', '0x00', '0x02']
14:58:16.059  INFO    client connected
14:58:16.060  DEBUG   [client]  -> write cntl0mot   data=['0x01', '0x00']
14:58:16.063  DEBUG   [client]  -> write cntl3mot   data=['0x00', '0x00']
14:58:16.067  DEBUG   [client]  -> write cntl3mot   data=['0x03', '0xe8']
14:58:16.071  DEBUG   [client]  -> read  st2mot    
14:58:16.074  DEBUG   [client]  <- read  st2mot     ret=0  data=['0x00', '0x00']
14:58:16.075  DEBUG   [client]  -> read  st0cur    
14:58:16.080  DEBUG   [client]  <- read  st0cur     ret=0  data=['0x01', '0x02', '0x00', '0x02']
14:58:16.164  DEBUG   [poll]    -> read  st2mot    
14:58:16.167  DEBUG   [poll]    <- read  st2mot     ret=0  data=['0x4b', '0x00']
14:58:16.167  DEBUG   [poll]    -> read  st0cur    
14:58:16.171  DEBUG   [poll]    <- read  st0cur     ret=0  data=['0x01', '0x02', '0x00', '0x02']
14:58:16.271  DEBUG   [client]  -> read  st2mot    
14:58:16.274  DEBUG   [client]  <- read  st2mot     ret=0  data=['0xa9', '0x01']
14:58:16.471  DEBUG   [client]  -> read  st2mot    
14:58:16.474  DEBUG   [client]  <- read  st2mot     ret=0  data=['0xa3', '0x02']
14:58:16.671  DEBUG   [client]  -> read  st2mot    
14:58:16.674  DEBUG   [client]  <- read  st2mot     ret=0  data=['0xbc', '0x02']
14:58:16.871  DEBUG   [client]  -> read  st2mot    
14:58:16.875  DEBUG   [client]  <- read  st2mot     ret=0  data=['0x84', '0x03']
14:58:17.071  DEBUG   [client]  -> read  st2mot    
14:58:17.075  DEBUG   [client]  <- read  st2mot     ret=0  data=['0x39', '0x03']
14:58:17.076  DEBUG   [client]  -> read  st0cur    
14:58:17.081  DEBUG   [client]  <- read  st0cur     ret=0  data=['0xfb', '0x01', '0xf9', '0x01']
14:58:17.172  DEBUG   [poll]    -> read  st2mot    
14:58:17.176  DEBUG   [poll]    <- read  st2mot     ret=0  data=['0x9d', '0x03']
14:58:17.176  DEBUG   [poll]    -> read  st0cur    
14:58:17.181  DEBUG   [poll]    <- read  st0cur     ret=0  data=['0xfb', '0x01', '0xf9', '0x01']
14:58:17.271  DEBUG   [client]  -> read  st2mot    
14:58:17.275  DEBUG   [client]  <- read  st2mot     ret=0  data=['0xb6', '0x03']
14:58:17.471  DEBUG   [client]  -> read  st2mot    
14:58:17.475  DEBUG   [client]  <- read  st2mot     ret=0  data=['0x9d', '0x03']
14:58:17.671  DEBUG   [client]  -> read  st2mot    
14:58:17.675  DEBUG   [client]  <- read  st2mot     ret=0  data=['0xb6', '0x03']
14:58:17.871  DEBUG   [client]  -> read  st2mot    
14:58:17.875  DEBUG   [client]  <- read  st2mot     ret=0  data=['0xcf', '0x03']
14:58:18.071  DEBUG   [client]  -> read  st2mot    
14:58:18.075  DEBUG   [client]  <- read  st2mot     ret=0  data=['0xe8', '0x03']
14:58:18.076  DEBUG   [client]  -> read  st0cur    
14:58:18.081  DEBUG   [client]  <- read  st0cur     ret=0  data=['0xf6', '0x01', '0xf5', '0x01']
14:58:18.182  DEBUG   [poll]    -> read  st2mot    
14:58:18.186  DEBUG   [poll]    <- read  st2mot     ret=0  data=['0xcf', '0x03']
14:58:18.186  DEBUG   [poll]    -> read  st0cur    
14:58:18.190  DEBUG   [poll]    <- read  st0cur     ret=0  data=['0xf6', '0x01', '0xf5', '0x01']
14:58:18.271  DEBUG   [client]  -> read  st2mot    
14:58:18.275  DEBUG   [client]  <- read  st2mot     ret=0  data=['0xcf', '0x03']
14:58:18.471  DEBUG   [client]  -> read  st2mot    
14:58:18.475  DEBUG   [client]  <- read  st2mot     ret=0  data=['0xe8', '0x03']
14:58:18.671  DEBUG   [client]  -> read  st2mot    
14:58:18.675  DEBUG   [client]  <- read  st2mot     ret=0  data=['0xe8', '0x03']
14:58:18.871  DEBUG   [client]  -> read  st2mot    
14:58:18.875  DEBUG   [client]  <- read  st2mot     ret=0  data=['0xcf', '0x03']
14:58:19.071  DEBUG   [client]  -> read  st2mot    
14:58:19.075  DEBUG   [client]  <- read  st2mot     ret=0  data=['0xcf', '0x03']
14:58:19.076  DEBUG   [client]  -> read  st0cur    
14:58:19.081  DEBUG   [client]  <- read  st0cur     ret=0  data=['0xf6', '0x01', '0xf4', '0x01']
14:58:19.192  DEBUG   [poll]    -> read  st2mot    
14:58:19.200  DEBUG   [poll]    <- read  st2mot     ret=0  data=['0xe8', '0x03']
14:58:19.200  DEBUG   [poll]    -> read  st0cur    
14:58:19.204  DEBUG   [poll]    <- read  st0cur     ret=0  data=['0xf6', '0x01', '0xf4', '0x01']
14:58:19.271  DEBUG   [client]  -> read  st2mot    
14:58:19.275  DEBUG   [client]  <- read  st2mot     ret=0  data=['0xe8', '0x03']
14:58:19.471  DEBUG   [client]  -> read  st2mot    
14:58:19.475  DEBUG   [client]  <- read  st2mot     ret=0  data=['0xcf', '0x03']
14:58:19.671  DEBUG   [client]  -> read  st2mot    
14:58:19.675  DEBUG   [client]  <- read  st2mot     ret=0  data=['0xe8', '0x03']
14:58:19.871  DEBUG   [client]  -> read  st2mot    
14:58:19.875  DEBUG   [client]  <- read  st2mot     ret=0  data=['0xcf', '0x03']
14:58:20.071  DEBUG   [client]  -> read  st2mot    
14:58:20.075  DEBUG   [client]  <- read  st2mot     ret=0  data=['0xe8', '0x03']
14:58:20.076  DEBUG   [client]  -> read  st0cur    
14:58:20.081  DEBUG   [client]  <- read  st0cur     ret=0  data=['0xf5', '0x01', '0xf7', '0x01']
14:58:20.206  DEBUG   [poll]    -> read  st2mot    
14:58:20.210  DEBUG   [poll]    <- read  st2mot     ret=0  data=['0xe8', '0x03']
14:58:20.210  DEBUG   [poll]    -> read  st0cur    
14:58:20.214  DEBUG   [poll]    <- read  st0cur     ret=0  data=['0xf5', '0x01', '0xf7', '0x01']
14:58:20.271  DEBUG   [client]  -> read  st2mot    
14:58:20.275  DEBUG   [client]  <- read  st2mot     ret=0  data=['0xcf', '0x03']
14:58:20.471  DEBUG   [client]  -> read  st2mot    
14:58:20.475  DEBUG   [client]  <- read  st2mot     ret=0  data=['0xe8', '0x03']
14:58:20.671  DEBUG   [client]  -> read  st2mot    
14:58:20.675  DEBUG   [client]  <- read  st2mot     ret=0  data=['0xe8', '0x03']
14:58:20.871  DEBUG   [client]  -> read  st2mot    
14:58:20.875  DEBUG   [client]  <- read  st2mot     ret=0  data=['0xe8', '0x03']
14:58:21.071  DEBUG   [client]  -> read  st2mot    
14:58:21.075  DEBUG   [client]  <- read  st2mot     ret=0  data=['0xe8', '0x03']
14:58:21.076  DEBUG   [client]  -> read  st0cur    
14:58:21.081  DEBUG   [client]  <- read  st0cur     ret=0  data=['0xf6', '0x01', '0xf5', '0x01']
14:58:21.216  DEBUG   [poll]    -> read  st2mot    
14:58:21.219  DEBUG   [poll]    <- read  st2mot     ret=0  data=['0xe8', '0x03']
14:58:21.220  DEBUG   [poll]    -> read  st0cur    
14:58:21.224  DEBUG   [poll]    <- read  st0cur     ret=0  data=['0xf6', '0x01', '0xf5', '0x01']
14:58:21.271  DEBUG   [client]  -> read  st2mot    
14:58:21.275  DEBUG   [client]  <- read  st2mot     ret=0  data=['0xe8', '0x03']
14:58:21.471  DEBUG   [client]  -> read  st2mot    
14:58:21.475  DEBUG   [client]  <- read  st2mot     ret=0  data=['0xe8', '0x03']
14:58:21.671  DEBUG   [client]  -> read  st2mot    
14:58:21.675  DEBUG   [client]  <- read  st2mot     ret=0  data=['0xe8', '0x03']
14:58:21.871  DEBUG   [client]  -> read  st2mot    
14:58:21.875  DEBUG   [client]  <- read  st2mot     ret=0  data=['0xcf', '0x03']
14:58:22.071  DEBUG   [client]  -> read  st2mot    
14:58:22.075  DEBUG   [client]  <- read  st2mot     ret=0  data=['0xe8', '0x03']
14:58:22.076  DEBUG   [client]  -> read  st0cur    
14:58:22.081  DEBUG   [client]  <- read  st0cur     ret=0  data=['0xf7', '0x01', '0xf6', '0x01']
14:58:22.225  DEBUG   [poll]    -> read  st2mot    
14:58:22.229  DEBUG   [poll]    <- read  st2mot     ret=0  data=['0xe8', '0x03']
14:58:22.229  DEBUG   [poll]    -> read  st0cur    
14:58:22.234  DEBUG   [poll]    <- read  st0cur     ret=0  data=['0xf7', '0x01', '0xf6', '0x01']
14:58:22.271  DEBUG   [client]  -> read  st2mot    
14:58:22.275  DEBUG   [client]  <- read  st2mot     ret=0  data=['0xe8', '0x03']
14:58:22.471  DEBUG   [client]  -> read  st2mot    
14:58:22.475  DEBUG   [client]  <- read  st2mot     ret=0  data=['0xe8', '0x03']
14:58:22.671  DEBUG   [client]  -> read  st2mot    
14:58:22.675  DEBUG   [client]  <- read  st2mot     ret=0  data=['0xe8', '0x03']
14:58:22.871  DEBUG   [client]  -> read  st2mot    
14:58:22.875  DEBUG   [client]  <- read  st2mot     ret=0  data=['0xe8', '0x03']
14:58:22.876  DEBUG   [client]  -> write cntl3mot   data=['0x00', '0x00']
14:58:22.881  WARNING client disconnected — stopping motor
14:58:22.882  DEBUG   [client]  -> write cntl3mot   data=['0x00', '0x00']
14:58:22.886  INFO    client disconnected
14:58:23.235  DEBUG   [poll]    -> read  st2mot    
14:58:23.239  DEBUG   [poll]    <- read  st2mot     ret=0  data=['0x19', '0x00']
14:58:23.239  DEBUG   [poll]    -> read  st0cur    
14:58:23.243  DEBUG   [poll]    <- read  st0cur     ret=0  data=['0xf6', '0x01', '0xf6', '0x01']
14:58:24.245  DEBUG   [poll]    -> read  st2mot    
14:58:24.248  DEBUG   [poll]    <- read  st2mot     ret=0  data=['0x00', '0x00']
14:58:24.249  DEBUG   [poll]    -> read  st0cur    
14:58:24.253  DEBUG   [poll]    <- read  st0cur     ret=0  data=['0x00', '0x02', '0x00', '0x02']
14:58:25.254  DEBUG   [poll]    -> read  st2mot    
14:58:25.258  DEBUG   [poll]    <- read  st2mot     ret=0  data=['0x00', '0x00']
14:58:25.258  DEBUG   [poll]    -> read  st0cur    
14:58:25.263  DEBUG   [poll]    <- read  st0cur     ret=0  data=['0x01', '0x02', '0x00', '0x02']
14:58:26.264  DEBUG   [poll]    -> read  st2mot    
14:58:26.267  DEBUG   [poll]    <- read  st2mot     ret=0  data=['0x00', '0x00']
14:58:26.268  DEBUG   [poll]    -> read  st0cur    
14:58:26.272  DEBUG   [poll]    <- read  st0cur     ret=0  data=['0x01', '0x02', '0x00', '0x02']
14:58:27.274  DEBUG   [poll]    -> read  st2mot    
14:58:27.277  DEBUG   [poll]    <- read  st2mot     ret=0  data=['0x00', '0x00']
14:58:27.277  DEBUG   [poll]    -> read  st0cur    
14:58:27.282  DEBUG   [poll]    <- read  st0cur     ret=0  data=['0x01', '0x02', '0x01', '0x02']
14:58:28.283  DEBUG   [poll]    -> read  st2mot    
14:58:28.287  DEBUG   [poll]    <- read  st2mot     ret=0  data=['0x00', '0x00']
14:58:28.287  DEBUG   [poll]    -> read  st0cur    
14:58:28.291  DEBUG   [poll]    <- read  st0cur     ret=0  data=['0x01', '0x02', '0x01', '0x02']
14:58:28.987  INFO    client connected
14:58:28.988  DEBUG   [client]  -> write cntl0mot   data=['0xff', '0x01']
14:58:28.991  DEBUG   [client]  -> write cntl3mot   data=['0x00', '0x00']
14:58:28.995  DEBUG   [client]  -> write cntl3mot   data=['0x03', '0xe8']
14:58:28.999  DEBUG   [client]  -> read  st2mot    
14:58:29.002  DEBUG   [client]  <- read  st2mot     ret=0  data=['0x00', '0x00']
14:58:29.003  DEBUG   [client]  -> read  st0cur    
14:58:29.007  DEBUG   [client]  <- read  st0cur     ret=0  data=['0x01', '0x02', '0x01', '0x02']
14:58:29.199  DEBUG   [client]  -> read  st2mot    
14:58:29.205  DEBUG   [client]  <- read  st2mot     ret=0  data=['0x00', '0x00']
14:58:29.293  DEBUG   [poll]    -> read  st2mot    
14:58:29.296  DEBUG   [poll]    <- read  st2mot     ret=0  data=['0x00', '0x00']
14:58:29.296  DEBUG   [poll]    -> read  st0cur    
14:58:29.300  DEBUG   [poll]    <- read  st0cur     ret=0  data=['0x01', '0x02', '0x01', '0x02']
14:58:29.399  DEBUG   [client]  -> read  st2mot    
14:58:29.402  DEBUG   [client]  <- read  st2mot     ret=0  data=['0x00', '0x00']
14:58:29.599  DEBUG   [client]  -> read  st2mot    
14:58:29.602  DEBUG   [client]  <- read  st2mot     ret=0  data=['0x0d', '0x02']
14:58:29.799  DEBUG   [client]  -> read  st2mot    
14:58:29.803  DEBUG   [client]  <- read  st2mot     ret=0  data=['0x0e', '0x06']
14:58:29.999  DEBUG   [client]  -> read  st2mot    
14:58:30.003  DEBUG   [client]  <- read  st2mot     ret=0  data=['0x84', '0x03']
14:58:30.005  DEBUG   [client]  -> read  st0cur    
14:58:30.009  DEBUG   [client]  <- read  st0cur     ret=0  data=['0xf3', '0x01', '0xf3', '0x01']
14:58:30.199  DEBUG   [client]  -> read  st2mot    
14:58:30.203  DEBUG   [client]  <- read  st2mot     ret=0  data=['0x65', '0x04']
14:58:30.301  DEBUG   [poll]    -> read  st2mot    
14:58:30.305  DEBUG   [poll]    <- read  st2mot     ret=0  data=['0x33', '0x04']
14:58:30.305  DEBUG   [poll]    -> read  st0cur    
14:58:30.309  DEBUG   [poll]    <- read  st0cur     ret=0  data=['0xf3', '0x01', '0xf3', '0x01']
14:58:30.399  DEBUG   [client]  -> read  st2mot    
14:58:30.403  DEBUG   [client]  <- read  st2mot     ret=0  data=['0x01', '0x04']
14:58:30.599  DEBUG   [client]  -> read  st2mot    
14:58:30.603  DEBUG   [client]  <- read  st2mot     ret=0  data=['0x01', '0x04']
14:58:30.799  DEBUG   [client]  -> read  st2mot    
14:58:30.803  DEBUG   [client]  <- read  st2mot     ret=0  data=['0xe8', '0x03']
14:58:30.999  DEBUG   [client]  -> read  st2mot    
14:58:31.003  DEBUG   [client]  <- read  st2mot     ret=0  data=['0x1a', '0x04']
14:58:31.004  DEBUG   [client]  -> read  st0cur    
14:58:31.009  DEBUG   [client]  <- read  st0cur     ret=0  data=['0xf6', '0x01', '0xf6', '0x01']
14:58:31.199  DEBUG   [client]  -> read  st2mot    
14:58:31.203  DEBUG   [client]  <- read  st2mot     ret=0  data=['0xe8', '0x03']
14:58:31.311  DEBUG   [poll]    -> read  st2mot    
14:58:31.314  DEBUG   [poll]    <- read  st2mot     ret=0  data=['0xe8', '0x03']
14:58:31.315  DEBUG   [poll]    -> read  st0cur    
14:58:31.319  DEBUG   [poll]    <- read  st0cur     ret=0  data=['0xf6', '0x01', '0xf6', '0x01']
14:58:31.399  DEBUG   [client]  -> read  st2mot    
14:58:31.403  DEBUG   [client]  <- read  st2mot     ret=0  data=['0xe8', '0x03']
14:58:31.599  DEBUG   [client]  -> read  st2mot    
14:58:31.603  DEBUG   [client]  <- read  st2mot     ret=0  data=['0x01', '0x04']
14:58:31.799  DEBUG   [client]  -> read  st2mot    
14:58:31.803  DEBUG   [client]  <- read  st2mot     ret=0  data=['0xcf', '0x03']
14:58:31.999  DEBUG   [client]  -> read  st2mot    
14:58:32.003  DEBUG   [client]  <- read  st2mot     ret=0  data=['0x1a', '0x04']
14:58:32.004  DEBUG   [client]  -> read  st0cur    
14:58:32.009  DEBUG   [client]  <- read  st0cur     ret=0  data=['0xf5', '0x01', '0xf5', '0x01']
14:58:32.199  DEBUG   [client]  -> read  st2mot    
14:58:32.203  DEBUG   [client]  <- read  st2mot     ret=0  data=['0xe8', '0x03']
14:58:32.320  DEBUG   [poll]    -> read  st2mot    
14:58:32.324  DEBUG   [poll]    <- read  st2mot     ret=0  data=['0x1a', '0x04']
14:58:32.324  DEBUG   [poll]    -> read  st0cur    
14:58:32.329  DEBUG   [poll]    <- read  st0cur     ret=0  data=['0xf5', '0x01', '0xf5', '0x01']
14:58:32.399  DEBUG   [client]  -> read  st2mot    
14:58:32.403  DEBUG   [client]  <- read  st2mot     ret=0  data=['0xcf', '0x03']
14:58:32.599  DEBUG   [client]  -> read  st2mot    
14:58:32.603  DEBUG   [client]  <- read  st2mot     ret=0  data=['0x01', '0x04']
14:58:32.799  DEBUG   [client]  -> read  st2mot    
14:58:32.803  DEBUG   [client]  <- read  st2mot     ret=0  data=['0xe8', '0x03']
14:58:32.999  DEBUG   [client]  -> read  st2mot    
14:58:33.003  DEBUG   [client]  <- read  st2mot     ret=0  data=['0xcf', '0x03']
14:58:33.004  DEBUG   [client]  -> read  st0cur    
14:58:33.009  DEBUG   [client]  <- read  st0cur     ret=0  data=['0xf6', '0x01', '0xf6', '0x01']
14:58:33.199  DEBUG   [client]  -> read  st2mot    
14:58:33.203  DEBUG   [client]  <- read  st2mot     ret=0  data=['0xe8', '0x03']
14:58:33.330  DEBUG   [poll]    -> read  st2mot    
14:58:33.334  DEBUG   [poll]    <- read  st2mot     ret=0  data=['0xe8', '0x03']
14:58:33.334  DEBUG   [poll]    -> read  st0cur    
14:58:33.338  DEBUG   [poll]    <- read  st0cur     ret=0  data=['0xf6', '0x01', '0xf6', '0x01']
14:58:33.399  DEBUG   [client]  -> read  st2mot    
14:58:33.403  DEBUG   [client]  <- read  st2mot     ret=0  data=['0xe8', '0x03']
14:58:33.599  DEBUG   [client]  -> read  st2mot    
14:58:33.603  DEBUG   [client]  <- read  st2mot     ret=0  data=['0x01', '0x04']
14:58:33.799  DEBUG   [client]  -> read  st2mot    
14:58:33.803  DEBUG   [client]  <- read  st2mot     ret=0  data=['0xb6', '0x03']
14:58:33.999  DEBUG   [client]  -> read  st2mot    
14:58:34.003  DEBUG   [client]  <- read  st2mot     ret=0  data=['0x1a', '0x04']
14:58:34.004  DEBUG   [client]  -> read  st0cur    
14:58:34.009  DEBUG   [client]  <- read  st0cur     ret=0  data=['0xf5', '0x01', '0xf5', '0x01']
14:58:34.199  DEBUG   [client]  -> read  st2mot    
14:58:34.205  DEBUG   [client]  <- read  st2mot     ret=0  data=['0xb6', '0x03']
14:58:34.340  DEBUG   [poll]    -> read  st2mot    
14:58:34.343  DEBUG   [poll]    <- read  st2mot     ret=0  data=['0x01', '0x04']
14:58:34.344  DEBUG   [poll]    -> read  st0cur    
14:58:34.348  DEBUG   [poll]    <- read  st0cur     ret=0  data=['0xf5', '0x01', '0xf5', '0x01']
14:58:34.399  DEBUG   [client]  -> read  st2mot    
14:58:34.403  DEBUG   [client]  <- read  st2mot     ret=0  data=['0x01', '0x04']
14:58:34.599  DEBUG   [client]  -> read  st2mot    
14:58:34.603  DEBUG   [client]  <- read  st2mot     ret=0  data=['0xe8', '0x03']
14:58:34.799  DEBUG   [client]  -> read  st2mot    
14:58:34.803  DEBUG   [client]  <- read  st2mot     ret=0  data=['0xe8', '0x03']
14:58:34.999  DEBUG   [client]  -> read  st2mot    
14:58:35.003  DEBUG   [client]  <- read  st2mot     ret=0  data=['0xcf', '0x03']
14:58:35.004  DEBUG   [client]  -> read  st0cur    
14:58:35.009  DEBUG   [client]  <- read  st0cur     ret=0  data=['0xf6', '0x01', '0xf4', '0x01']
14:58:35.199  DEBUG   [client]  -> read  st2mot    
14:58:35.203  DEBUG   [client]  <- read  st2mot     ret=0  data=['0x01', '0x04']
14:58:35.350  DEBUG   [poll]    -> read  st2mot    
14:58:35.353  DEBUG   [poll]    <- read  st2mot     ret=0  data=['0xe8', '0x03']
14:58:35.353  DEBUG   [poll]    -> read  st0cur    
14:58:35.358  DEBUG   [poll]    <- read  st0cur     ret=0  data=['0xf6', '0x01', '0xf4', '0x01']
14:58:35.399  DEBUG   [client]  -> read  st2mot    
14:58:35.403  DEBUG   [client]  <- read  st2mot     ret=0  data=['0xe8', '0x03']
14:58:35.599  DEBUG   [client]  -> read  st2mot    
14:58:35.603  DEBUG   [client]  <- read  st2mot     ret=0  data=['0x01', '0x04']
14:58:35.799  DEBUG   [client]  -> read  st2mot    
14:58:35.803  DEBUG   [client]  <- read  st2mot     ret=0  data=['0xcf', '0x03']
14:58:35.804  DEBUG   [client]  -> write cntl3mot   data=['0x00', '0x00']
14:58:35.809  WARNING client disconnected — stopping motor
14:58:35.810  DEBUG   [client]  -> write cntl3mot   data=['0x00', '0x00']
14:58:35.814  INFO    client disconnected
14:58:36.359  DEBUG   [poll]    -> read  st2mot    
14:58:36.362  DEBUG   [poll]    <- read  st2mot     ret=0  data=['0x00', '0x00']
14:58:36.362  DEBUG   [poll]    -> read  st0cur    
14:58:36.366  DEBUG   [poll]    <- read  st0cur     ret=0  data=['0xf8', '0x01', '0xf5', '0x01']
14:58:36.366  WARNING *** OBSERVED STALL SIGNATURE (not acted on yet) — current=-0.39A while rpm=0 ***
14:58:37.368  DEBUG   [poll]    -> read  st2mot    
14:58:37.371  DEBUG   [poll]    <- read  st2mot     ret=0  data=['0x00', '0x00']
14:58:37.371  DEBUG   [poll]    -> read  st0cur    
14:58:37.376  DEBUG   [poll]    <- read  st0cur     ret=0  data=['0x01', '0x02', '0x00', '0x02']
14:58:38.377  DEBUG   [poll]    -> read  st2mot    
14:58:38.381  DEBUG   [poll]    <- read  st2mot     ret=0  data=['0x00', '0x00']
14:58:38.381  DEBUG   [poll]    -> read  st0cur    
14:58:38.385  DEBUG   [poll]    <- read  st0cur     ret=0  data=['0x01', '0x02', '0x01', '0x02']
14:58:39.387  DEBUG   [poll]    -> read  st2mot    
14:58:39.394  DEBUG   [poll]    <- read  st2mot     ret=0  data=['0x00', '0x00']
14:58:39.395  DEBUG   [poll]    -> read  st0cur    
14:58:39.399  DEBUG   [poll]    <- read  st0cur     ret=0  data=['0x01', '0x02', '0x00', '0x02']
14:58:40.400  DEBUG   [poll]    -> read  st2mot    
14:58:40.404  DEBUG   [poll]    <- read  st2mot     ret=0  data=['0x00', '0x00']
14:58:40.404  DEBUG   [poll]    -> read  st0cur    
14:58:40.408  DEBUG   [poll]    <- read  st0cur     ret=0  data=['0x01', '0x02', '0x00', '0x02']
14:58:41.410  DEBUG   [poll]    -> read  st2mot    
14:58:41.413  DEBUG   [poll]    <- read  st2mot     ret=0  data=['0x00', '0x00']
14:58:41.414  DEBUG   [poll]    -> read  st0cur    
14:58:41.418  DEBUG   [poll]    <- read  st0cur     ret=0  data=['0x01', '0x02', '0x00', '0x02']
14:58:42.420  DEBUG   [poll]    -> read  st2mot    
14:58:42.423  DEBUG   [poll]    <- read  st2mot     ret=0  data=['0x00', '0x00']
14:58:42.423  DEBUG   [poll]    -> read  st0cur    
14:58:42.427  DEBUG   [poll]    <- read  st0cur     ret=0  data=['0x01', '0x02', '0x00', '0x02']
14:58:42.821  INFO    client connected
14:58:42.822  DEBUG   [client]  -> write cntl0mot   data=['0x00', '0x01']
14:58:42.826  DEBUG   [client]  -> write cntl3mot   data=['0x00', '0x00']
14:58:42.829  DEBUG   [client]  -> write cntl3mot   data=['0x03', '0xe8']
14:58:42.833  DEBUG   [client]  -> read  st2mot    
14:58:42.836  DEBUG   [client]  <- read  st2mot     ret=0  data=['0x00', '0x00']
14:58:42.837  DEBUG   [client]  -> read  st0cur    
14:58:42.841  DEBUG   [client]  <- read  st0cur     ret=0  data=['0x01', '0x02', '0x00', '0x02']
14:58:43.033  DEBUG   [client]  -> read  st2mot    
14:58:43.036  DEBUG   [client]  <- read  st2mot     ret=0  data=['0x19', '0x00']
14:58:43.233  DEBUG   [client]  -> read  st2mot    
14:58:43.236  DEBUG   [client]  <- read  st2mot     ret=0  data=['0x39', '0x03']
14:58:43.428  DEBUG   [poll]    -> read  st2mot    
14:58:43.432  DEBUG   [poll]    <- read  st2mot     ret=0  data=['0x8a', '0x02']
14:58:43.432  DEBUG   [poll]    -> read  st0cur    
14:58:43.436  DEBUG   [poll]    <- read  st0cur     ret=0  data=['0x01', '0x02', '0x01', '0x02']
14:58:43.437  DEBUG   [client]  -> read  st2mot    
14:58:43.440  DEBUG   [client]  <- read  st2mot     ret=0  data=['0x8a', '0x02']
14:58:43.634  DEBUG   [client]  -> read  st2mot    
14:58:43.637  DEBUG   [client]  <- read  st2mot     ret=0  data=['0x84', '0x03']
14:58:43.834  DEBUG   [client]  -> read  st2mot    
14:58:43.837  DEBUG   [client]  <- read  st2mot     ret=0  data=['0x6b', '0x03']
14:58:43.839  DEBUG   [client]  -> read  st0cur    
14:58:43.843  DEBUG   [client]  <- read  st0cur     ret=0  data=['0x01', '0x02', '0x01', '0x02']
14:58:44.034  DEBUG   [client]  -> read  st2mot    
14:58:44.037  DEBUG   [client]  <- read  st2mot     ret=0  data=['0xcf', '0x03']
14:58:44.234  DEBUG   [client]  -> read  st2mot    
14:58:44.237  DEBUG   [client]  <- read  st2mot     ret=0  data=['0x9d', '0x03']
14:58:44.434  DEBUG   [client]  -> read  st2mot    
14:58:44.441  DEBUG   [client]  <- read  st2mot     ret=0  data=['0xcf', '0x03']
14:58:44.441  DEBUG   [poll]    -> read  st2mot    
14:58:44.445  DEBUG   [poll]    <- read  st2mot     ret=0  data=['0xcf', '0x03']
14:58:44.445  DEBUG   [poll]    -> read  st0cur    
14:58:44.449  DEBUG   [poll]    <- read  st0cur     ret=0  data=['0xf7', '0x01', '0xf5', '0x01']
14:58:44.634  DEBUG   [client]  -> read  st2mot    
14:58:44.637  DEBUG   [client]  <- read  st2mot     ret=0  data=['0xe8', '0x03']
14:58:44.834  DEBUG   [client]  -> read  st2mot    
14:58:44.837  DEBUG   [client]  <- read  st2mot     ret=0  data=['0xe8', '0x03']
14:58:44.839  DEBUG   [client]  -> read  st0cur    
14:58:44.843  DEBUG   [client]  <- read  st0cur     ret=0  data=['0xf7', '0x01', '0xf5', '0x01']
14:58:45.034  DEBUG   [client]  -> read  st2mot    
14:58:45.037  DEBUG   [client]  <- read  st2mot     ret=0  data=['0xe8', '0x03']
14:58:45.234  DEBUG   [client]  -> read  st2mot    
14:58:45.237  DEBUG   [client]  <- read  st2mot     ret=0  data=['0xb6', '0x03']
14:58:45.434  DEBUG   [client]  -> read  st2mot    
14:58:45.437  DEBUG   [client]  <- read  st2mot     ret=0  data=['0x01', '0x04']
14:58:45.451  DEBUG   [poll]    -> read  st2mot    
14:58:45.454  DEBUG   [poll]    <- read  st2mot     ret=0  data=['0x01', '0x04']
14:58:45.455  DEBUG   [poll]    -> read  st0cur    
14:58:45.459  DEBUG   [poll]    <- read  st0cur     ret=0  data=['0xf6', '0x01', '0xf4', '0x01']
14:58:45.634  DEBUG   [client]  -> read  st2mot    
14:58:45.637  DEBUG   [client]  <- read  st2mot     ret=0  data=['0xe8', '0x03']
14:58:45.834  DEBUG   [client]  -> read  st2mot    
14:58:45.837  DEBUG   [client]  <- read  st2mot     ret=0  data=['0xe8', '0x03']
14:58:45.839  DEBUG   [client]  -> read  st0cur    
14:58:45.843  DEBUG   [client]  <- read  st0cur     ret=0  data=['0xf6', '0x01', '0xf4', '0x01']
14:58:46.034  DEBUG   [client]  -> read  st2mot    
14:58:46.037  DEBUG   [client]  <- read  st2mot     ret=0  data=['0x01', '0x04']
14:58:46.234  DEBUG   [client]  -> read  st2mot    
14:58:46.237  DEBUG   [client]  <- read  st2mot     ret=0  data=['0xcf', '0x03']
14:58:46.434  DEBUG   [client]  -> read  st2mot    
14:58:46.437  DEBUG   [client]  <- read  st2mot     ret=0  data=['0xe8', '0x03']
14:58:46.460  DEBUG   [poll]    -> read  st2mot    
14:58:46.463  DEBUG   [poll]    <- read  st2mot     ret=0  data=['0xe8', '0x03']
14:58:46.464  DEBUG   [poll]    -> read  st0cur    
14:58:46.468  DEBUG   [poll]    <- read  st0cur     ret=0  data=['0xf6', '0x01', '0xf6', '0x01']
14:58:46.634  DEBUG   [client]  -> read  st2mot    
14:58:46.637  DEBUG   [client]  <- read  st2mot     ret=0  data=['0xcf', '0x03']
14:58:46.834  DEBUG   [client]  -> read  st2mot    
14:58:46.837  DEBUG   [client]  <- read  st2mot     ret=0  data=['0xe8', '0x03']
14:58:46.839  DEBUG   [client]  -> read  st0cur    
14:58:46.843  DEBUG   [client]  <- read  st0cur     ret=0  data=['0xf6', '0x01', '0xf6', '0x01']
14:58:47.034  DEBUG   [client]  -> read  st2mot    
14:58:47.037  DEBUG   [client]  <- read  st2mot     ret=0  data=['0xe8', '0x03']
14:58:47.234  DEBUG   [client]  -> read  st2mot    
14:58:47.237  DEBUG   [client]  <- read  st2mot     ret=0  data=['0xe8', '0x03']
14:58:47.434  DEBUG   [client]  -> read  st2mot    
14:58:47.437  DEBUG   [client]  <- read  st2mot     ret=0  data=['0xe8', '0x03']
14:58:47.470  DEBUG   [poll]    -> read  st2mot    
14:58:47.473  DEBUG   [poll]    <- read  st2mot     ret=0  data=['0xe8', '0x03']
14:58:47.474  DEBUG   [poll]    -> read  st0cur    
14:58:47.478  DEBUG   [poll]    <- read  st0cur     ret=0  data=['0xf4', '0x01', '0xf5', '0x01']
14:58:47.634  DEBUG   [client]  -> read  st2mot    
14:58:47.637  DEBUG   [client]  <- read  st2mot     ret=0  data=['0xe8', '0x03']
14:58:47.834  DEBUG   [client]  -> read  st2mot    
14:58:47.837  DEBUG   [client]  <- read  st2mot     ret=0  data=['0x1a', '0x04']
14:58:47.839  DEBUG   [client]  -> read  st0cur    
14:58:47.843  DEBUG   [client]  <- read  st0cur     ret=0  data=['0xf4', '0x01', '0xf5', '0x01']
14:58:48.034  DEBUG   [client]  -> read  st2mot    
14:58:48.037  DEBUG   [client]  <- read  st2mot     ret=0  data=['0xcf', '0x03']
14:58:48.234  DEBUG   [client]  -> read  st2mot    
14:58:48.237  DEBUG   [client]  <- read  st2mot     ret=0  data=['0x01', '0x04']
14:58:48.434  DEBUG   [client]  -> read  st2mot    
14:58:48.437  DEBUG   [client]  <- read  st2mot     ret=0  data=['0xcf', '0x03']
14:58:48.480  DEBUG   [poll]    -> read  st2mot    
14:58:48.483  DEBUG   [poll]    <- read  st2mot     ret=0  data=['0xe8', '0x03']
14:58:48.484  DEBUG   [poll]    -> read  st0cur    
14:58:48.488  DEBUG   [poll]    <- read  st0cur     ret=0  data=['0xf6', '0x01', '0xf3', '0x01']
14:58:48.634  DEBUG   [client]  -> read  st2mot    
14:58:48.637  DEBUG   [client]  <- read  st2mot     ret=0  data=['0xe8', '0x03']
14:58:48.834  DEBUG   [client]  -> read  st2mot    
14:58:48.837  DEBUG   [client]  <- read  st2mot     ret=0  data=['0xe8', '0x03']
14:58:48.839  DEBUG   [client]  -> read  st0cur    
14:58:48.843  DEBUG   [client]  <- read  st0cur     ret=0  data=['0xf6', '0x01', '0xf3', '0x01']
14:58:49.034  DEBUG   [client]  -> read  st2mot    
14:58:49.037  DEBUG   [client]  <- read  st2mot     ret=0  data=['0xe8', '0x03']
14:58:49.234  DEBUG   [client]  -> read  st2mot    
14:58:49.237  DEBUG   [client]  <- read  st2mot     ret=0  data=['0xe8', '0x03']
14:58:49.434  DEBUG   [client]  -> read  st2mot    
14:58:49.440  DEBUG   [client]  <- read  st2mot     ret=0  data=['0x01', '0x04']
14:58:49.489  DEBUG   [poll]    -> read  st2mot    
14:58:49.493  DEBUG   [poll]    <- read  st2mot     ret=0  data=['0x01', '0x04']
14:58:49.493  DEBUG   [poll]    -> read  st0cur    
14:58:49.498  DEBUG   [poll]    <- read  st0cur     ret=0  data=['0xf4', '0x01', '0xf4', '0x01']
14:58:49.634  DEBUG   [client]  -> read  st2mot    
14:58:49.637  DEBUG   [client]  <- read  st2mot     ret=0  data=['0xcf', '0x03']
14:58:49.639  DEBUG   [client]  -> write cntl3mot   data=['0x00', '0x00']
14:58:49.643  WARNING client disconnected — stopping motor
14:58:49.645  DEBUG   [client]  -> write cntl3mot   data=['0x00', '0x00']
14:58:49.649  INFO    client disconnected
14:58:50.499  DEBUG   [poll]    -> read  st2mot    
14:58:50.503  DEBUG   [poll]    <- read  st2mot     ret=0  data=['0x00', '0x00']
14:58:50.503  DEBUG   [poll]    -> read  st0cur    
14:58:50.507  DEBUG   [poll]    <- read  st0cur     ret=0  data=['0xf9', '0x01', '0xf9', '0x01']
14:58:50.507  WARNING *** OBSERVED STALL SIGNATURE (not acted on yet) — current=-0.34A while rpm=0 ***
14:58:51.509  DEBUG   [poll]    -> read  st2mot    
14:58:51.513  DEBUG   [poll]    <- read  st2mot     ret=0  data=['0x00', '0x00']
14:58:51.513  DEBUG   [poll]    -> read  st0cur    
14:58:51.517  DEBUG   [poll]    <- read  st0cur     ret=0  data=['0x01', '0x02', '0x00', '0x02']
14:58:52.519  DEBUG   [poll]    -> read  st2mot    
14:58:52.522  DEBUG   [poll]    <- read  st2mot     ret=0  data=['0x00', '0x00']
14:58:52.523  DEBUG   [poll]    -> read  st0cur    
14:58:52.527  DEBUG   [poll]    <- read  st0cur     ret=0  data=['0x01', '0x02', '0x00', '0x02']
14:58:53.528  DEBUG   [poll]    -> read  st2mot    
14:58:53.532  DEBUG   [poll]    <- read  st2mot     ret=0  data=['0x00', '0x00']
14:58:53.532  DEBUG   [poll]    -> read  st0cur    
14:58:53.536  DEBUG   [poll]    <- read  st0cur     ret=0  data=['0x01', '0x02', '0x00', '0x02']
14:58:54.538  DEBUG   [poll]    -> read  st2mot    
14:58:54.545  DEBUG   [poll]    <- read  st2mot     ret=0  data=['0x00', '0x00']
14:58:54.546  DEBUG   [poll]    -> read  st0cur    
14:58:54.550  DEBUG   [poll]    <- read  st0cur     ret=0  data=['0x01', '0x02', '0x00', '0x02']
14:58:55.552  DEBUG   [poll]    -> read  st2mot    
14:58:55.555  DEBUG   [poll]    <- read  st2mot     ret=0  data=['0x00', '0x00']
14:58:55.555  DEBUG   [poll]    -> read  st0cur    
14:58:55.559  DEBUG   [poll]    <- read  st0cur     ret=0  data=['0x01', '0x02', '0x01', '0x02']
14:58:55.752  INFO    client connected
14:58:55.753  DEBUG   [client]  -> write cntl0mot   data=['0x01', '0x01']
14:58:55.756  DEBUG   [client]  -> write cntl3mot   data=['0x00', '0x00']
14:58:55.760  DEBUG   [client]  -> write cntl3mot   data=['0x03', '0xe8']
14:58:55.763  DEBUG   [client]  -> read  st2mot    
14:58:55.766  DEBUG   [client]  <- read  st2mot     ret=0  data=['0x00', '0x00']
14:58:55.767  DEBUG   [client]  -> read  st0cur    
14:58:55.771  DEBUG   [client]  <- read  st0cur     ret=0  data=['0x01', '0x02', '0x01', '0x02']
14:58:55.964  DEBUG   [client]  -> read  st2mot    
14:58:55.967  DEBUG   [client]  <- read  st2mot     ret=0  data=['0xf4', '0x01']
14:58:56.164  DEBUG   [client]  -> read  st2mot    
14:58:56.167  DEBUG   [client]  <- read  st2mot     ret=0  data=['0xbc', '0x02']
14:58:56.364  DEBUG   [client]  -> read  st2mot    
14:58:56.367  DEBUG   [client]  <- read  st2mot     ret=0  data=['0x07', '0x03']
14:58:56.560  DEBUG   [poll]    -> read  st2mot    
14:58:56.564  DEBUG   [poll]    <- read  st2mot     ret=0  data=['0x6b', '0x03']
14:58:56.564  DEBUG   [poll]    -> read  st0cur    
14:58:56.569  DEBUG   [poll]    <- read  st0cur     ret=0  data=['0x00', '0x02', '0xff', '0x01']
14:58:56.569  DEBUG   [client]  -> read  st2mot    
14:58:56.572  DEBUG   [client]  <- read  st2mot     ret=0  data=['0x6b', '0x03']
14:58:56.764  DEBUG   [client]  -> read  st2mot    
14:58:56.768  DEBUG   [client]  <- read  st2mot     ret=0  data=['0x84', '0x03']
14:58:56.769  DEBUG   [client]  -> read  st0cur    
14:58:56.774  DEBUG   [client]  <- read  st0cur     ret=0  data=['0x00', '0x02', '0xff', '0x01']
14:58:56.964  DEBUG   [client]  -> read  st2mot    
14:58:56.968  DEBUG   [client]  <- read  st2mot     ret=0  data=['0xcf', '0x03']
14:58:57.164  DEBUG   [client]  -> read  st2mot    
14:58:57.168  DEBUG   [client]  <- read  st2mot     ret=0  data=['0xb6', '0x03']
14:58:57.364  DEBUG   [client]  -> read  st2mot    
14:58:57.368  DEBUG   [client]  <- read  st2mot     ret=0  data=['0xb6', '0x03']
14:58:57.564  DEBUG   [client]  -> read  st2mot    
14:58:57.568  DEBUG   [client]  <- read  st2mot     ret=0  data=['0xe8', '0x03']
14:58:57.570  DEBUG   [poll]    -> read  st2mot    
14:58:57.574  DEBUG   [poll]    <- read  st2mot     ret=0  data=['0xe8', '0x03']
14:58:57.574  DEBUG   [poll]    -> read  st0cur    
14:58:57.578  DEBUG   [poll]    <- read  st0cur     ret=0  data=['0xf7', '0x01', '0xf6', '0x01']
14:58:57.764  DEBUG   [client]  -> read  st2mot    
14:58:57.768  DEBUG   [client]  <- read  st2mot     ret=0  data=['0xb6', '0x03']
14:58:57.769  DEBUG   [client]  -> read  st0cur    
14:58:57.774  DEBUG   [client]  <- read  st0cur     ret=0  data=['0xf7', '0x01', '0xf6', '0x01']
14:58:57.964  DEBUG   [client]  -> read  st2mot    
14:58:57.968  DEBUG   [client]  <- read  st2mot     ret=0  data=['0xe8', '0x03']
14:58:58.164  DEBUG   [client]  -> read  st2mot    
14:58:58.168  DEBUG   [client]  <- read  st2mot     ret=0  data=['0xe8', '0x03']
14:58:58.364  DEBUG   [client]  -> read  st2mot    
14:58:58.368  DEBUG   [client]  <- read  st2mot     ret=0  data=['0xe8', '0x03']
14:58:58.564  DEBUG   [client]  -> read  st2mot    
14:58:58.568  DEBUG   [client]  <- read  st2mot     ret=0  data=['0xe8', '0x03']
14:58:58.580  DEBUG   [poll]    -> read  st2mot    
14:58:58.583  DEBUG   [poll]    <- read  st2mot     ret=0  data=['0xe8', '0x03']
14:58:58.584  DEBUG   [poll]    -> read  st0cur    
14:58:58.588  DEBUG   [poll]    <- read  st0cur     ret=0  data=['0xf5', '0x01', '0xf6', '0x01']
14:58:58.764  DEBUG   [client]  -> read  st2mot    
14:58:58.768  DEBUG   [client]  <- read  st2mot     ret=0  data=['0x01', '0x04']
14:58:58.769  DEBUG   [client]  -> read  st0cur    
14:58:58.774  DEBUG   [client]  <- read  st0cur     ret=0  data=['0xf5', '0x01', '0xf6', '0x01']
14:58:58.964  DEBUG   [client]  -> read  st2mot    
14:58:58.968  DEBUG   [client]  <- read  st2mot     ret=0  data=['0xcf', '0x03']
14:58:59.164  DEBUG   [client]  -> read  st2mot    
14:58:59.168  DEBUG   [client]  <- read  st2mot     ret=0  data=['0xe8', '0x03']
14:58:59.364  DEBUG   [client]  -> read  st2mot    
14:58:59.368  DEBUG   [client]  <- read  st2mot     ret=0  data=['0xe8', '0x03']
14:58:59.564  DEBUG   [client]  -> read  st2mot    
14:58:59.571  DEBUG   [client]  <- read  st2mot     ret=0  data=['0xe8', '0x03']
14:58:59.590  DEBUG   [poll]    -> read  st2mot    
14:58:59.594  DEBUG   [poll]    <- read  st2mot     ret=0  data=['0xe8', '0x03']
14:58:59.594  DEBUG   [poll]    -> read  st0cur    
14:58:59.599  DEBUG   [poll]    <- read  st0cur     ret=0  data=['0xf7', '0x01', '0xf6', '0x01']
14:58:59.764  DEBUG   [client]  -> read  st2mot    
14:58:59.768  DEBUG   [client]  <- read  st2mot     ret=0  data=['0xe8', '0x03']
14:58:59.769  DEBUG   [client]  -> read  st0cur    
14:58:59.774  DEBUG   [client]  <- read  st0cur     ret=0  data=['0xf7', '0x01', '0xf6', '0x01']
14:58:59.964  DEBUG   [client]  -> read  st2mot    
14:58:59.968  DEBUG   [client]  <- read  st2mot     ret=0  data=['0xe8', '0x03']
14:59:00.164  DEBUG   [client]  -> read  st2mot    
14:59:00.168  DEBUG   [client]  <- read  st2mot     ret=0  data=['0x01', '0x04']
14:59:00.364  DEBUG   [client]  -> read  st2mot    
14:59:00.368  DEBUG   [client]  <- read  st2mot     ret=0  data=['0xe8', '0x03']
14:59:00.564  DEBUG   [client]  -> read  st2mot    
14:59:00.568  DEBUG   [client]  <- read  st2mot     ret=0  data=['0xe8', '0x03']
14:59:00.601  DEBUG   [poll]    -> read  st2mot    
14:59:00.604  DEBUG   [poll]    <- read  st2mot     ret=0  data=['0xe8', '0x03']
14:59:00.605  DEBUG   [poll]    -> read  st0cur    
14:59:00.609  DEBUG   [poll]    <- read  st0cur     ret=0  data=['0xf7', '0x01', '0xf4', '0x01']
14:59:00.764  DEBUG   [client]  -> read  st2mot    
14:59:00.768  DEBUG   [client]  <- read  st2mot     ret=0  data=['0x01', '0x04']
14:59:00.769  DEBUG   [client]  -> read  st0cur    
14:59:00.774  DEBUG   [client]  <- read  st0cur     ret=0  data=['0xf7', '0x01', '0xf4', '0x01']
14:59:00.964  DEBUG   [client]  -> read  st2mot    
14:59:00.968  DEBUG   [client]  <- read  st2mot     ret=0  data=['0xe8', '0x03']
14:59:01.164  DEBUG   [client]  -> read  st2mot    
14:59:01.168  DEBUG   [client]  <- read  st2mot     ret=0  data=['0xe8', '0x03']
14:59:01.364  DEBUG   [client]  -> read  st2mot    
14:59:01.368  DEBUG   [client]  <- read  st2mot     ret=0  data=['0xe8', '0x03']
14:59:01.564  DEBUG   [client]  -> read  st2mot    
14:59:01.568  DEBUG   [client]  <- read  st2mot     ret=0  data=['0x01', '0x04']
14:59:01.611  DEBUG   [poll]    -> read  st2mot    
14:59:01.614  DEBUG   [poll]    <- read  st2mot     ret=0  data=['0x01', '0x04']
14:59:01.614  DEBUG   [poll]    -> read  st0cur    
14:59:01.619  DEBUG   [poll]    <- read  st0cur     ret=0  data=['0xf6', '0x01', '0xf5', '0x01']
14:59:01.764  DEBUG   [client]  -> read  st2mot    
14:59:01.768  DEBUG   [client]  <- read  st2mot     ret=0  data=['0xe8', '0x03']
14:59:01.769  DEBUG   [client]  -> read  st0cur    
14:59:01.774  DEBUG   [client]  <- read  st0cur     ret=0  data=['0xf6', '0x01', '0xf5', '0x01']
14:59:01.964  DEBUG   [client]  -> read  st2mot    
14:59:01.968  DEBUG   [client]  <- read  st2mot     ret=0  data=['0x01', '0x04']
14:59:02.164  DEBUG   [client]  -> read  st2mot    
14:59:02.168  DEBUG   [client]  <- read  st2mot     ret=0  data=['0xe8', '0x03']
14:59:02.364  DEBUG   [client]  -> read  st2mot    
14:59:02.368  DEBUG   [client]  <- read  st2mot     ret=0  data=['0xcf', '0x03']
14:59:02.564  DEBUG   [client]  -> read  st2mot    
14:59:02.568  DEBUG   [client]  <- read  st2mot     ret=0  data=['0xe8', '0x03']
14:59:02.569  DEBUG   [client]  -> write cntl3mot   data=['0x00', '0x00']
14:59:02.574  WARNING client disconnected — stopping motor
14:59:02.575  DEBUG   [client]  -> write cntl3mot   data=['0x00', '0x00']
14:59:02.579  INFO    client disconnected
14:59:02.620  DEBUG   [poll]    -> read  st2mot    
14:59:02.624  DEBUG   [poll]    <- read  st2mot     ret=0  data=['0xe8', '0x03']
14:59:02.625  DEBUG   [poll]    -> read  st0cur    
14:59:02.629  DEBUG   [poll]    <- read  st0cur     ret=0  data=['0xf5', '0x01', '0xf5', '0x01']
14:59:03.631  DEBUG   [poll]    -> read  st2mot    
14:59:03.634  DEBUG   [poll]    <- read  st2mot     ret=0  data=['0x00', '0x00']
14:59:03.635  DEBUG   [poll]    -> read  st0cur    
14:59:03.639  DEBUG   [poll]    <- read  st0cur     ret=0  data=['0xfa', '0x01', '0xfa', '0x01']
14:59:03.639  WARNING *** OBSERVED STALL SIGNATURE (not acted on yet) — current=-0.29A while rpm=0 ***
14:59:04.641  DEBUG   [poll]    -> read  st2mot    
14:59:04.644  DEBUG   [poll]    <- read  st2mot     ret=0  data=['0x00', '0x00']
14:59:04.645  DEBUG   [poll]    -> read  st0cur    
14:59:04.649  DEBUG   [poll]    <- read  st0cur     ret=0  data=['0x01', '0x02', '0x00', '0x02']
