13:07:00.563  INFO    === watchdog.py — LIVE bus ===
13:07:00.571  INFO    listening on /tmp/motorwatchdog.sock
13:07:01.572  DEBUG   [poll]    -> read  st2mot    
13:07:01.576  DEBUG   [poll]    <- read  st2mot     ret=0  data=['0x00', '0x00']
13:07:01.576  DEBUG   [poll]    -> read  st0cur    
13:07:01.581  DEBUG   [poll]    <- read  st0cur     ret=0  data=['0xfd', '0x01', '0x01', '0x02']
13:07:02.582  DEBUG   [poll]    -> read  st2mot    
13:07:02.586  DEBUG   [poll]    <- read  st2mot     ret=0  data=['0x00', '0x00']
13:07:02.586  DEBUG   [poll]    -> read  st0cur    
13:07:02.590  DEBUG   [poll]    <- read  st0cur     ret=0  data=['0xfd', '0x01', '0x00', '0x02']
13:07:03.592  DEBUG   [poll]    -> read  st2mot    
13:07:03.595  DEBUG   [poll]    <- read  st2mot     ret=0  data=['0x00', '0x00']
13:07:03.595  DEBUG   [poll]    -> read  st0cur    
13:07:03.600  DEBUG   [poll]    <- read  st0cur     ret=0  data=['0xfd', '0x01', '0x00', '0x02']
13:07:04.601  DEBUG   [poll]    -> read  st2mot    
13:07:04.605  DEBUG   [poll]    <- read  st2mot     ret=0  data=['0x00', '0x00']
13:07:04.605  DEBUG   [poll]    -> read  st0cur    
13:07:04.609  DEBUG   [poll]    <- read  st0cur     ret=0  data=['0xfd', '0x01', '0x00', '0x02']
13:07:05.611  DEBUG   [poll]    -> read  st2mot    
13:07:05.614  DEBUG   [poll]    <- read  st2mot     ret=0  data=['0x00', '0x00']
13:07:05.617  DEBUG   [poll]    -> read  st0cur    
13:07:05.622  DEBUG   [poll]    <- read  st0cur     ret=0  data=['0xfd', '0x01', '0x00', '0x02']
13:07:06.623  DEBUG   [poll]    -> read  st2mot    
13:07:06.627  DEBUG   [poll]    <- read  st2mot     ret=0  data=['0x00', '0x00']
13:07:06.627  DEBUG   [poll]    -> read  st0cur    
13:07:06.631  DEBUG   [poll]    <- read  st0cur     ret=0  data=['0xfd', '0x01', '0x01', '0x02']
13:07:07.633  DEBUG   [poll]    -> read  st2mot    
13:07:07.636  DEBUG   [poll]    <- read  st2mot     ret=0  data=['0x00', '0x00']
13:07:07.637  DEBUG   [poll]    -> read  st0cur    
13:07:07.641  DEBUG   [poll]    <- read  st0cur     ret=0  data=['0xfd', '0x01', '0x01', '0x02']
13:07:08.642  DEBUG   [poll]    -> read  st2mot    
13:07:08.646  DEBUG   [poll]    <- read  st2mot     ret=0  data=['0x00', '0x00']
13:07:08.646  DEBUG   [poll]    -> read  st0cur    
13:07:08.650  DEBUG   [poll]    <- read  st0cur     ret=0  data=['0xfd', '0x01', '0x01', '0x02']
13:07:09.651  DEBUG   [poll]    -> read  st2mot    
13:07:09.655  DEBUG   [poll]    <- read  st2mot     ret=0  data=['0x00', '0x00']
13:07:09.655  DEBUG   [poll]    -> read  st0cur    
13:07:09.659  DEBUG   [poll]    <- read  st0cur     ret=0  data=['0xfd', '0x01', '0x00', '0x02']
13:07:10.661  DEBUG   [poll]    -> read  st2mot    
13:07:10.664  DEBUG   [poll]    <- read  st2mot     ret=0  data=['0x00', '0x00']
13:07:10.665  DEBUG   [poll]    -> read  st0cur    
13:07:10.669  DEBUG   [poll]    <- read  st0cur     ret=0  data=['0xfd', '0x01', '0x01', '0x02']
13:07:11.670  DEBUG   [poll]    -> read  st2mot    
13:07:11.674  DEBUG   [poll]    <- read  st2mot     ret=0  data=['0x00', '0x00']
13:07:11.674  DEBUG   [poll]    -> read  st0cur    
13:07:11.678  DEBUG   [poll]    <- read  st0cur     ret=0  data=['0xfd', '0x01', '0x00', '0x02']
13:07:12.680  DEBUG   [poll]    -> read  st2mot    
13:07:12.683  DEBUG   [poll]    <- read  st2mot     ret=0  data=['0x00', '0x00']
13:07:12.684  DEBUG   [poll]    -> read  st0cur    
13:07:12.688  DEBUG   [poll]    <- read  st0cur     ret=0  data=['0xfd', '0x01', '0x00', '0x02']
13:07:13.689  DEBUG   [poll]    -> read  st2mot    
13:07:13.693  DEBUG   [poll]    <- read  st2mot     ret=0  data=['0x00', '0x00']
13:07:13.693  DEBUG   [poll]    -> read  st0cur    
13:07:13.697  DEBUG   [poll]    <- read  st0cur     ret=0  data=['0xfd', '0x01', '0x00', '0x02']
13:07:14.699  DEBUG   [poll]    -> read  st2mot    
13:07:14.702  DEBUG   [poll]    <- read  st2mot     ret=0  data=['0x00', '0x00']
13:07:14.703  DEBUG   [poll]    -> read  st0cur    
13:07:14.707  DEBUG   [poll]    <- read  st0cur     ret=0  data=['0xfd', '0x01', '0x00', '0x02']
13:07:15.708  DEBUG   [poll]    -> read  st2mot    
13:07:15.712  DEBUG   [poll]    <- read  st2mot     ret=0  data=['0x00', '0x00']
13:07:15.713  DEBUG   [poll]    -> read  st0cur    
13:07:15.717  DEBUG   [poll]    <- read  st0cur     ret=0  data=['0xfe', '0x01', '0x01', '0x02']
13:07:16.718  DEBUG   [poll]    -> read  st2mot    
13:07:16.722  DEBUG   [poll]    <- read  st2mot     ret=0  data=['0x00', '0x00']
13:07:16.722  DEBUG   [poll]    -> read  st0cur    
13:07:16.726  DEBUG   [poll]    <- read  st0cur     ret=0  data=['0xfe', '0x01', '0x00', '0x02']
13:07:17.728  DEBUG   [poll]    -> read  st2mot    
13:07:17.731  DEBUG   [poll]    <- read  st2mot     ret=0  data=['0x00', '0x00']
13:07:17.732  DEBUG   [poll]    -> read  st0cur    
13:07:17.736  DEBUG   [poll]    <- read  st0cur     ret=0  data=['0xfd', '0x01', '0x01', '0x02']
13:07:18.738  DEBUG   [poll]    -> read  st2mot    
13:07:18.741  DEBUG   [poll]    <- read  st2mot     ret=0  data=['0x00', '0x00']
13:07:18.741  DEBUG   [poll]    -> read  st0cur    
13:07:18.746  DEBUG   [poll]    <- read  st0cur     ret=0  data=['0xfd', '0x01', '0x01', '0x02']
13:07:19.747  DEBUG   [poll]    -> read  st2mot    
13:07:19.751  DEBUG   [poll]    <- read  st2mot     ret=0  data=['0x00', '0x00']
13:07:19.751  DEBUG   [poll]    -> read  st0cur    
13:07:19.755  DEBUG   [poll]    <- read  st0cur     ret=0  data=['0xfe', '0x01', '0x01', '0x02']
13:07:20.757  DEBUG   [poll]    -> read  st2mot    
13:07:20.760  DEBUG   [poll]    <- read  st2mot     ret=0  data=['0x00', '0x00']
13:07:20.761  DEBUG   [poll]    -> read  st0cur    
13:07:20.765  DEBUG   [poll]    <- read  st0cur     ret=0  data=['0xfd', '0x01', '0x01', '0x02']
13:07:21.767  DEBUG   [poll]    -> read  st2mot    
13:07:21.770  DEBUG   [poll]    <- read  st2mot     ret=0  data=['0x00', '0x00']
13:07:21.770  DEBUG   [poll]    -> read  st0cur    
13:07:21.775  DEBUG   [poll]    <- read  st0cur     ret=0  data=['0xfd', '0x01', '0x00', '0x02']
13:07:22.776  DEBUG   [poll]    -> read  st2mot    
13:07:22.780  DEBUG   [poll]    <- read  st2mot     ret=0  data=['0x00', '0x00']
13:07:22.780  DEBUG   [poll]    -> read  st0cur    
13:07:22.784  DEBUG   [poll]    <- read  st0cur     ret=0  data=['0xfd', '0x01', '0x01', '0x02']
13:07:23.786  DEBUG   [poll]    -> read  st2mot    
13:07:23.789  DEBUG   [poll]    <- read  st2mot     ret=0  data=['0x00', '0x00']
13:07:23.789  DEBUG   [poll]    -> read  st0cur    
13:07:23.794  DEBUG   [poll]    <- read  st0cur     ret=0  data=['0xfe', '0x01', '0x01', '0x02']
13:07:24.795  DEBUG   [poll]    -> read  st2mot    
13:07:24.798  DEBUG   [poll]    <- read  st2mot     ret=0  data=['0x00', '0x00']
13:07:24.799  DEBUG   [poll]    -> read  st0cur    
13:07:24.802  DEBUG   [poll]    <- read  st0cur     ret=0  data=['0xfd', '0x01', '0x00', '0x02']
13:07:25.804  DEBUG   [poll]    -> read  st2mot    
13:07:25.808  DEBUG   [poll]    <- read  st2mot     ret=0  data=['0x00', '0x00']
13:07:25.817  DEBUG   [poll]    -> read  st0cur    
13:07:25.821  DEBUG   [poll]    <- read  st0cur     ret=0  data=['0xfd', '0x01', '0x00', '0x02']
13:07:26.823  DEBUG   [poll]    -> read  st2mot    
13:07:26.826  DEBUG   [poll]    <- read  st2mot     ret=0  data=['0x00', '0x00']
13:07:26.827  DEBUG   [poll]    -> read  st0cur    
13:07:26.831  DEBUG   [poll]    <- read  st0cur     ret=0  data=['0xfd', '0x01', '0x00', '0x02']
13:07:27.833  DEBUG   [poll]    -> read  st2mot    
13:07:27.836  DEBUG   [poll]    <- read  st2mot     ret=0  data=['0x00', '0x00']
13:07:27.836  DEBUG   [poll]    -> read  st0cur    
13:07:27.841  DEBUG   [poll]    <- read  st0cur     ret=0  data=['0xfd', '0x01', '0x00', '0x02']
13:07:28.842  DEBUG   [poll]    -> read  st2mot    
13:07:28.845  DEBUG   [poll]    <- read  st2mot     ret=0  data=['0x00', '0x00']
13:07:28.846  DEBUG   [poll]    -> read  st0cur    
13:07:28.850  DEBUG   [poll]    <- read  st0cur     ret=0  data=['0xfd', '0x01', '0x01', '0x02']
13:07:29.851  DEBUG   [poll]    -> read  st2mot    
13:07:29.855  DEBUG   [poll]    <- read  st2mot     ret=0  data=['0x00', '0x00']
13:07:29.855  DEBUG   [poll]    -> read  st0cur    
13:07:29.860  DEBUG   [poll]    <- read  st0cur     ret=0  data=['0xfd', '0x01', '0x01', '0x02']
13:07:30.861  DEBUG   [poll]    -> read  st2mot    
13:07:30.865  DEBUG   [poll]    <- read  st2mot     ret=0  data=['0x00', '0x00']
13:07:30.872  DEBUG   [poll]    -> read  st0cur    
13:07:30.876  DEBUG   [poll]    <- read  st0cur     ret=0  data=['0xfd', '0x01', '0x01', '0x02']
13:07:31.878  DEBUG   [poll]    -> read  st2mot    
13:07:31.881  DEBUG   [poll]    <- read  st2mot     ret=0  data=['0x00', '0x00']
13:07:31.881  DEBUG   [poll]    -> read  st0cur    
13:07:31.885  DEBUG   [poll]    <- read  st0cur     ret=0  data=['0xfd', '0x01', '0x01', '0x02']
13:07:32.886  DEBUG   [poll]    -> read  st2mot    
13:07:32.890  DEBUG   [poll]    <- read  st2mot     ret=0  data=['0x00', '0x00']
13:07:32.890  DEBUG   [poll]    -> read  st0cur    
13:07:32.894  DEBUG   [poll]    <- read  st0cur     ret=0  data=['0xfd', '0x01', '0x00', '0x02']
13:07:33.896  DEBUG   [poll]    -> read  st2mot    
13:07:33.899  DEBUG   [poll]    <- read  st2mot     ret=0  data=['0x00', '0x00']
13:07:33.900  DEBUG   [poll]    -> read  st0cur    
13:07:33.904  DEBUG   [poll]    <- read  st0cur     ret=0  data=['0xfd', '0x01', '0x00', '0x02']
13:07:34.905  DEBUG   [poll]    -> read  st2mot    
13:07:34.909  DEBUG   [poll]    <- read  st2mot     ret=0  data=['0x00', '0x00']
13:07:34.909  DEBUG   [poll]    -> read  st0cur    
13:07:34.913  DEBUG   [poll]    <- read  st0cur     ret=0  data=['0xfd', '0x01', '0x01', '0x02']
13:07:35.915  DEBUG   [poll]    -> read  st2mot    
13:07:35.918  DEBUG   [poll]    <- read  st2mot     ret=0  data=['0x00', '0x00']
13:07:35.919  DEBUG   [poll]    -> read  st0cur    
13:07:35.924  DEBUG   [poll]    <- read  st0cur     ret=0  data=['0xfd', '0x01', '0x00', '0x02']
13:07:36.925  DEBUG   [poll]    -> read  st2mot    
13:07:36.929  DEBUG   [poll]    <- read  st2mot     ret=0  data=['0x00', '0x00']
13:07:36.929  DEBUG   [poll]    -> read  st0cur    
13:07:36.933  DEBUG   [poll]    <- read  st0cur     ret=0  data=['0xfd', '0x01', '0x01', '0x02']
13:07:37.935  DEBUG   [poll]    -> read  st2mot    
13:07:37.938  DEBUG   [poll]    <- read  st2mot     ret=0  data=['0x00', '0x00']
13:07:37.938  DEBUG   [poll]    -> read  st0cur    
13:07:37.943  DEBUG   [poll]    <- read  st0cur     ret=0  data=['0xfd', '0x01', '0x00', '0x02']
13:07:38.944  DEBUG   [poll]    -> read  st2mot    
13:07:38.947  DEBUG   [poll]    <- read  st2mot     ret=0  data=['0x00', '0x00']
13:07:38.948  DEBUG   [poll]    -> read  st0cur    
13:07:38.952  DEBUG   [poll]    <- read  st0cur     ret=0  data=['0xfd', '0x01', '0x00', '0x02']
13:07:39.953  DEBUG   [poll]    -> read  st2mot    
13:07:39.957  DEBUG   [poll]    <- read  st2mot     ret=0  data=['0x00', '0x00']
13:07:39.957  DEBUG   [poll]    -> read  st0cur    
13:07:39.961  DEBUG   [poll]    <- read  st0cur     ret=0  data=['0xfe', '0x01', '0x01', '0x02']
13:07:40.963  DEBUG   [poll]    -> read  st2mot    
13:07:40.966  DEBUG   [poll]    <- read  st2mot     ret=0  data=['0x00', '0x00']
13:07:40.967  DEBUG   [poll]    -> read  st0cur    
13:07:40.971  DEBUG   [poll]    <- read  st0cur     ret=0  data=['0xfd', '0x01', '0x01', '0x02']
13:07:41.973  DEBUG   [poll]    -> read  st2mot    
13:07:41.976  DEBUG   [poll]    <- read  st2mot     ret=0  data=['0x00', '0x00']
13:07:41.976  DEBUG   [poll]    -> read  st0cur    
13:07:41.981  DEBUG   [poll]    <- read  st0cur     ret=0  data=['0xfd', '0x01', '0x00', '0x02']
13:07:42.982  DEBUG   [poll]    -> read  st2mot    
13:07:42.986  DEBUG   [poll]    <- read  st2mot     ret=0  data=['0x00', '0x00']
13:07:42.986  DEBUG   [poll]    -> read  st0cur    
13:07:42.990  DEBUG   [poll]    <- read  st0cur     ret=0  data=['0xfd', '0x01', '0x00', '0x02']
13:07:43.992  DEBUG   [poll]    -> read  st2mot    
13:07:43.995  DEBUG   [poll]    <- read  st2mot     ret=0  data=['0x00', '0x00']
13:07:43.996  DEBUG   [poll]    -> read  st0cur    
13:07:44.000  DEBUG   [poll]    <- read  st0cur     ret=0  data=['0xfd', '0x01', '0x01', '0x02']
13:07:45.002  DEBUG   [poll]    -> read  st2mot    
13:07:45.005  DEBUG   [poll]    <- read  st2mot     ret=0  data=['0x00', '0x00']
13:07:45.005  DEBUG   [poll]    -> read  st0cur    
13:07:45.010  DEBUG   [poll]    <- read  st0cur     ret=0  data=['0xfd', '0x01', '0x00', '0x02']
13:07:46.011  DEBUG   [poll]    -> read  st2mot    
13:07:46.015  DEBUG   [poll]    <- read  st2mot     ret=0  data=['0x00', '0x00']
13:07:46.015  DEBUG   [poll]    -> read  st0cur    
13:07:46.019  DEBUG   [poll]    <- read  st0cur     ret=0  data=['0xfd', '0x01', '0x00', '0x02']
13:07:47.021  DEBUG   [poll]    -> read  st2mot    
13:07:47.024  DEBUG   [poll]    <- read  st2mot     ret=0  data=['0x00', '0x00']
13:07:47.025  DEBUG   [poll]    -> read  st0cur    
13:07:47.029  DEBUG   [poll]    <- read  st0cur     ret=0  data=['0xfd', '0x01', '0x01', '0x02']
13:07:48.030  DEBUG   [poll]    -> read  st2mot    
13:07:48.034  DEBUG   [poll]    <- read  st2mot     ret=0  data=['0x00', '0x00']
13:07:48.034  DEBUG   [poll]    -> read  st0cur    
13:07:48.038  DEBUG   [poll]    <- read  st0cur     ret=0  data=['0xfd', '0x01', '0x00', '0x02']
13:07:49.040  DEBUG   [poll]    -> read  st2mot    
13:07:49.043  DEBUG   [poll]    <- read  st2mot     ret=0  data=['0x00', '0x00']
13:07:49.044  DEBUG   [poll]    -> read  st0cur    
13:07:49.048  DEBUG   [poll]    <- read  st0cur     ret=0  data=['0xfd', '0x01', '0x01', '0x02']
13:07:50.049  DEBUG   [poll]    -> read  st2mot    
13:07:50.053  DEBUG   [poll]    <- read  st2mot     ret=0  data=['0x00', '0x00']
13:07:50.053  DEBUG   [poll]    -> read  st0cur    
13:07:50.057  DEBUG   [poll]    <- read  st0cur     ret=0  data=['0xfd', '0x01', '0x00', '0x02']
13:07:51.059  DEBUG   [poll]    -> read  st2mot    
13:07:51.062  DEBUG   [poll]    <- read  st2mot     ret=0  data=['0x00', '0x00']
13:07:51.063  DEBUG   [poll]    -> read  st0cur    
13:07:51.067  DEBUG   [poll]    <- read  st0cur     ret=0  data=['0xfd', '0x01', '0x01', '0x02']
13:07:52.069  DEBUG   [poll]    -> read  st2mot    
13:07:52.072  DEBUG   [poll]    <- read  st2mot     ret=0  data=['0x00', '0x00']
13:07:52.073  DEBUG   [poll]    -> read  st0cur    
13:07:52.077  DEBUG   [poll]    <- read  st0cur     ret=0  data=['0xfd', '0x01', '0x01', '0x02']
13:07:53.078  DEBUG   [poll]    -> read  st2mot    
13:07:53.082  DEBUG   [poll]    <- read  st2mot     ret=0  data=['0x00', '0x00']
13:07:53.082  DEBUG   [poll]    -> read  st0cur    
13:07:53.086  DEBUG   [poll]    <- read  st0cur     ret=0  data=['0xfd', '0x01', '0x01', '0x02']
13:07:54.088  DEBUG   [poll]    -> read  st2mot    
13:07:54.091  DEBUG   [poll]    <- read  st2mot     ret=0  data=['0x00', '0x00']
13:07:54.092  DEBUG   [poll]    -> read  st0cur    
13:07:54.096  DEBUG   [poll]    <- read  st0cur     ret=0  data=['0xfd', '0x01', '0x01', '0x02']
13:07:55.097  DEBUG   [poll]    -> read  st2mot    
13:07:55.101  DEBUG   [poll]    <- read  st2mot     ret=0  data=['0x00', '0x00']
13:07:55.101  DEBUG   [poll]    -> read  st0cur    
13:07:55.105  DEBUG   [poll]    <- read  st0cur     ret=0  data=['0xfd', '0x01', '0x00', '0x02']
13:07:56.107  DEBUG   [poll]    -> read  st2mot    
13:07:56.110  DEBUG   [poll]    <- read  st2mot     ret=0  data=['0x00', '0x00']
13:07:56.111  DEBUG   [poll]    -> read  st0cur    
13:07:56.115  DEBUG   [poll]    <- read  st0cur     ret=0  data=['0xfe', '0x01', '0x00', '0x02']
13:07:57.117  DEBUG   [poll]    -> read  st2mot    
13:07:57.120  DEBUG   [poll]    <- read  st2mot     ret=0  data=['0x00', '0x00']
13:07:57.120  DEBUG   [poll]    -> read  st0cur    
13:07:57.125  DEBUG   [poll]    <- read  st0cur     ret=0  data=['0xfe', '0x01', '0x00', '0x02']
13:07:58.126  DEBUG   [poll]    -> read  st2mot    
13:07:58.130  DEBUG   [poll]    <- read  st2mot     ret=0  data=['0x00', '0x00']
13:07:58.130  DEBUG   [poll]    -> read  st0cur    
13:07:58.134  DEBUG   [poll]    <- read  st0cur     ret=0  data=['0xfd', '0x01', '0x00', '0x02']
13:07:59.136  DEBUG   [poll]    -> read  st2mot    
13:07:59.139  DEBUG   [poll]    <- read  st2mot     ret=0  data=['0x00', '0x00']
13:07:59.140  DEBUG   [poll]    -> read  st0cur    
13:07:59.144  DEBUG   [poll]    <- read  st0cur     ret=0  data=['0xfd', '0x01', '0x00', '0x02']
13:08:00.145  DEBUG   [poll]    -> read  st2mot    
13:08:00.149  DEBUG   [poll]    <- read  st2mot     ret=0  data=['0x00', '0x00']
13:08:00.149  DEBUG   [poll]    -> read  st0cur    
13:08:00.153  DEBUG   [poll]    <- read  st0cur     ret=0  data=['0xfd', '0x01', '0x00', '0x02']
13:08:01.155  DEBUG   [poll]    -> read  st2mot    
13:08:01.158  DEBUG   [poll]    <- read  st2mot     ret=0  data=['0x00', '0x00']
13:08:01.159  DEBUG   [poll]    -> read  st0cur    
13:08:01.164  DEBUG   [poll]    <- read  st0cur     ret=0  data=['0xfd', '0x01', '0x00', '0x02']
13:08:02.165  DEBUG   [poll]    -> read  st2mot    
13:08:02.169  DEBUG   [poll]    <- read  st2mot     ret=0  data=['0x00', '0x00']
13:08:02.169  DEBUG   [poll]    -> read  st0cur    
13:08:02.173  DEBUG   [poll]    <- read  st0cur     ret=0  data=['0xfd', '0x01', '0x01', '0x02']
13:08:03.175  DEBUG   [poll]    -> read  st2mot    
13:08:03.178  DEBUG   [poll]    <- read  st2mot     ret=0  data=['0x00', '0x00']
13:08:03.179  DEBUG   [poll]    -> read  st0cur    
13:08:03.183  DEBUG   [poll]    <- read  st0cur     ret=0  data=['0xfe', '0x01', '0x01', '0x02']
13:08:04.184  DEBUG   [poll]    -> read  st2mot    
13:08:04.188  DEBUG   [poll]    <- read  st2mot     ret=0  data=['0x00', '0x00']
13:08:04.188  DEBUG   [poll]    -> read  st0cur    
13:08:04.192  DEBUG   [poll]    <- read  st0cur     ret=0  data=['0xfd', '0x01', '0x00', '0x02']
13:08:05.194  DEBUG   [poll]    -> read  st2mot    
13:08:05.197  DEBUG   [poll]    <- read  st2mot     ret=0  data=['0x00', '0x00']
13:08:05.198  DEBUG   [poll]    -> read  st0cur    
13:08:05.202  DEBUG   [poll]    <- read  st0cur     ret=0  data=['0xfd', '0x01', '0x00', '0x02']
13:08:06.204  DEBUG   [poll]    -> read  st2mot    
13:08:06.207  DEBUG   [poll]    <- read  st2mot     ret=0  data=['0x00', '0x00']
13:08:06.208  DEBUG   [poll]    -> read  st0cur    
13:08:06.212  DEBUG   [poll]    <- read  st0cur     ret=0  data=['0xfd', '0x01', '0x00', '0x02']
13:08:07.213  DEBUG   [poll]    -> read  st2mot    
13:08:07.217  DEBUG   [poll]    <- read  st2mot     ret=0  data=['0x00', '0x00']
13:08:07.217  DEBUG   [poll]    -> read  st0cur    
13:08:07.221  DEBUG   [poll]    <- read  st0cur     ret=0  data=['0xfe', '0x01', '0x01', '0x02']
13:08:08.223  DEBUG   [poll]    -> read  st2mot    
13:08:08.226  DEBUG   [poll]    <- read  st2mot     ret=0  data=['0x00', '0x00']
13:08:08.227  DEBUG   [poll]    -> read  st0cur    
13:08:08.231  DEBUG   [poll]    <- read  st0cur     ret=0  data=['0xfd', '0x01', '0x00', '0x02']
13:08:09.233  DEBUG   [poll]    -> read  st2mot    
13:08:09.236  DEBUG   [poll]    <- read  st2mot     ret=0  data=['0x00', '0x00']
13:08:09.236  DEBUG   [poll]    -> read  st0cur    
13:08:09.241  DEBUG   [poll]    <- read  st0cur     ret=0  data=['0xfd', '0x01', '0x00', '0x02']
13:08:10.242  DEBUG   [poll]    -> read  st2mot    
13:08:10.245  DEBUG   [poll]    <- read  st2mot     ret=0  data=['0x00', '0x00']
13:08:10.246  DEBUG   [poll]    -> read  st0cur    
13:08:10.250  DEBUG   [poll]    <- read  st0cur     ret=0  data=['0xfd', '0x01', '0x01', '0x02']
13:08:11.252  DEBUG   [poll]    -> read  st2mot    
13:08:11.255  DEBUG   [poll]    <- read  st2mot     ret=0  data=['0x00', '0x00']
13:08:11.256  DEBUG   [poll]    -> read  st0cur    
13:08:11.260  DEBUG   [poll]    <- read  st0cur     ret=0  data=['0xfe', '0x01', '0x01', '0x02']
13:08:12.262  DEBUG   [poll]    -> read  st2mot    
13:08:12.265  DEBUG   [poll]    <- read  st2mot     ret=0  data=['0x00', '0x00']
13:08:12.265  DEBUG   [poll]    -> read  st0cur    
13:08:12.270  DEBUG   [poll]    <- read  st0cur     ret=0  data=['0xfd', '0x01', '0x01', '0x02']
13:08:13.271  DEBUG   [poll]    -> read  st2mot    
13:08:13.275  DEBUG   [poll]    <- read  st2mot     ret=0  data=['0x00', '0x00']
13:08:13.275  DEBUG   [poll]    -> read  st0cur    
13:08:13.279  DEBUG   [poll]    <- read  st0cur     ret=0  data=['0xfd', '0x01', '0x00', '0x02']
13:08:14.281  DEBUG   [poll]    -> read  st2mot    
13:08:14.284  DEBUG   [poll]    <- read  st2mot     ret=0  data=['0x00', '0x00']
13:08:14.285  DEBUG   [poll]    -> read  st0cur    
13:08:14.289  DEBUG   [poll]    <- read  st0cur     ret=0  data=['0xfd', '0x01', '0x00', '0x02']
13:08:15.290  DEBUG   [poll]    -> read  st2mot    
13:08:15.294  DEBUG   [poll]    <- read  st2mot     ret=0  data=['0x00', '0x00']
13:08:15.294  DEBUG   [poll]    -> read  st0cur    
13:08:15.298  DEBUG   [poll]    <- read  st0cur     ret=0  data=['0xfd', '0x01', '0x00', '0x02']
13:08:16.300  DEBUG   [poll]    -> read  st2mot    
13:08:16.303  DEBUG   [poll]    <- read  st2mot     ret=0  data=['0x00', '0x00']
13:08:16.304  DEBUG   [poll]    -> read  st0cur    
13:08:16.308  DEBUG   [poll]    <- read  st0cur     ret=0  data=['0xfd', '0x01', '0x00', '0x02']
13:08:17.310  DEBUG   [poll]    -> read  st2mot    
13:08:17.313  DEBUG   [poll]    <- read  st2mot     ret=0  data=['0x00', '0x00']
13:08:17.313  DEBUG   [poll]    -> read  st0cur    
13:08:17.318  DEBUG   [poll]    <- read  st0cur     ret=0  data=['0xfe', '0x01', '0x00', '0x02']
13:08:18.319  DEBUG   [poll]    -> read  st2mot    
13:08:18.323  DEBUG   [poll]    <- read  st2mot     ret=0  data=['0x00', '0x00']
13:08:18.323  DEBUG   [poll]    -> read  st0cur    
13:08:18.327  DEBUG   [poll]    <- read  st0cur     ret=0  data=['0xfd', '0x01', '0x00', '0x02']
13:08:19.329  DEBUG   [poll]    -> read  st2mot    
13:08:19.332  DEBUG   [poll]    <- read  st2mot     ret=0  data=['0x00', '0x00']
13:08:19.332  DEBUG   [poll]    -> read  st0cur    
13:08:19.337  DEBUG   [poll]    <- read  st0cur     ret=0  data=['0xfd', '0x01', '0x00', '0x02']
13:08:20.338  DEBUG   [poll]    -> read  st2mot    
13:08:20.342  DEBUG   [poll]    <- read  st2mot     ret=0  data=['0x00', '0x00']
13:08:20.342  DEBUG   [poll]    -> read  st0cur    
13:08:20.347  DEBUG   [poll]    <- read  st0cur     ret=0  data=['0xfd', '0x01', '0x01', '0x02']
13:08:21.348  DEBUG   [poll]    -> read  st2mot    
13:08:21.352  DEBUG   [poll]    <- read  st2mot     ret=0  data=['0x00', '0x00']
13:08:21.352  DEBUG   [poll]    -> read  st0cur    
13:08:21.356  DEBUG   [poll]    <- read  st0cur     ret=0  data=['0xfd', '0x01', '0x00', '0x02']
13:08:22.358  DEBUG   [poll]    -> read  st2mot    
13:08:22.361  DEBUG   [poll]    <- read  st2mot     ret=0  data=['0x00', '0x00']
13:08:22.362  DEBUG   [poll]    -> read  st0cur    
13:08:22.366  DEBUG   [poll]    <- read  st0cur     ret=0  data=['0xfe', '0x01', '0x00', '0x02']
13:08:23.368  DEBUG   [poll]    -> read  st2mot    
13:08:23.371  DEBUG   [poll]    <- read  st2mot     ret=0  data=['0x00', '0x00']
13:08:23.371  DEBUG   [poll]    -> read  st0cur    
13:08:23.376  DEBUG   [poll]    <- read  st0cur     ret=0  data=['0xfd', '0x01', '0x01', '0x02']
13:08:24.377  DEBUG   [poll]    -> read  st2mot    
13:08:24.380  DEBUG   [poll]    <- read  st2mot     ret=0  data=['0x00', '0x00']
13:08:24.381  DEBUG   [poll]    -> read  st0cur    
13:08:24.385  DEBUG   [poll]    <- read  st0cur     ret=0  data=['0xfe', '0x01', '0x00', '0x02']
13:08:25.387  DEBUG   [poll]    -> read  st2mot    
13:08:25.390  DEBUG   [poll]    <- read  st2mot     ret=0  data=['0x00', '0x00']
13:08:25.390  DEBUG   [poll]    -> read  st0cur    
13:08:25.395  DEBUG   [poll]    <- read  st0cur     ret=0  data=['0xfd', '0x01', '0x01', '0x02']
13:08:26.396  DEBUG   [poll]    -> read  st2mot    
13:08:26.400  DEBUG   [poll]    <- read  st2mot     ret=0  data=['0x00', '0x00']
13:08:26.400  DEBUG   [poll]    -> read  st0cur    
13:08:26.404  DEBUG   [poll]    <- read  st0cur     ret=0  data=['0xfd', '0x01', '0x00', '0x02']
13:08:27.406  DEBUG   [poll]    -> read  st2mot    
13:08:27.409  DEBUG   [poll]    <- read  st2mot     ret=0  data=['0x00', '0x00']
13:08:27.410  DEBUG   [poll]    -> read  st0cur    
13:08:27.414  DEBUG   [poll]    <- read  st0cur     ret=0  data=['0xfd', '0x01', '0x00', '0x02']
13:08:28.415  DEBUG   [poll]    -> read  st2mot    
13:08:28.419  DEBUG   [poll]    <- read  st2mot     ret=0  data=['0x00', '0x00']
13:08:28.419  DEBUG   [poll]    -> read  st0cur    
13:08:28.423  DEBUG   [poll]    <- read  st0cur     ret=0  data=['0xfd', '0x01', '0x01', '0x02']
13:08:29.425  DEBUG   [poll]    -> read  st2mot    
13:08:29.428  DEBUG   [poll]    <- read  st2mot     ret=0  data=['0x00', '0x00']
13:08:29.429  DEBUG   [poll]    -> read  st0cur    
13:08:29.433  DEBUG   [poll]    <- read  st0cur     ret=0  data=['0xfd', '0x01', '0x01', '0x02']
13:08:30.434  DEBUG   [poll]    -> read  st2mot    
13:08:30.438  DEBUG   [poll]    <- read  st2mot     ret=0  data=['0x00', '0x00']
13:08:30.438  DEBUG   [poll]    -> read  st0cur    
13:08:30.442  DEBUG   [poll]    <- read  st0cur     ret=0  data=['0xfd', '0x01', '0x01', '0x02']
13:08:31.444  DEBUG   [poll]    -> read  st2mot    
13:08:31.447  DEBUG   [poll]    <- read  st2mot     ret=0  data=['0x00', '0x00']
13:08:31.448  DEBUG   [poll]    -> read  st0cur    
13:08:31.452  DEBUG   [poll]    <- read  st0cur     ret=0  data=['0xfd', '0x01', '0x00', '0x02']
13:08:32.454  DEBUG   [poll]    -> read  st2mot    
13:08:32.457  DEBUG   [poll]    <- read  st2mot     ret=0  data=['0x00', '0x00']
13:08:32.457  DEBUG   [poll]    -> read  st0cur    
13:08:32.462  DEBUG   [poll]    <- read  st0cur     ret=0  data=['0xfe', '0x01', '0x01', '0x02']
13:08:33.463  DEBUG   [poll]    -> read  st2mot    
13:08:33.467  DEBUG   [poll]    <- read  st2mot     ret=0  data=['0x00', '0x00']
13:08:33.467  DEBUG   [poll]    -> read  st0cur    
13:08:33.471  DEBUG   [poll]    <- read  st0cur     ret=0  data=['0xfd', '0x01', '0x00', '0x02']
13:08:34.473  DEBUG   [poll]    -> read  st2mot    
13:08:34.476  DEBUG   [poll]    <- read  st2mot     ret=0  data=['0x00', '0x00']
13:08:34.476  DEBUG   [poll]    -> read  st0cur    
13:08:34.481  DEBUG   [poll]    <- read  st0cur     ret=0  data=['0xfd', '0x01', '0x00', '0x02']
13:08:35.482  DEBUG   [poll]    -> read  st2mot    
13:08:35.486  DEBUG   [poll]    <- read  st2mot     ret=0  data=['0x00', '0x00']
13:08:35.486  DEBUG   [poll]    -> read  st0cur    
13:08:35.490  DEBUG   [poll]    <- read  st0cur     ret=0  data=['0xfd', '0x01', '0x00', '0x02']
13:08:36.492  DEBUG   [poll]    -> read  st2mot    
13:08:36.495  DEBUG   [poll]    <- read  st2mot     ret=0  data=['0x00', '0x00']
13:08:36.496  DEBUG   [poll]    -> read  st0cur    
13:08:36.500  DEBUG   [poll]    <- read  st0cur     ret=0  data=['0xfd', '0x01', '0x01', '0x02']
13:08:37.502  DEBUG   [poll]    -> read  st2mot    
13:08:37.505  DEBUG   [poll]    <- read  st2mot     ret=0  data=['0x00', '0x00']
13:08:37.505  DEBUG   [poll]    -> read  st0cur    
13:08:37.510  DEBUG   [poll]    <- read  st0cur     ret=0  data=['0xfd', '0x01', '0x00', '0x02']
13:08:38.511  DEBUG   [poll]    -> read  st2mot    
13:08:38.514  DEBUG   [poll]    <- read  st2mot     ret=0  data=['0x00', '0x00']
13:08:38.515  DEBUG   [poll]    -> read  st0cur    
13:08:38.519  DEBUG   [poll]    <- read  st0cur     ret=0  data=['0xfd', '0x01', '0x00', '0x02']
13:08:39.521  DEBUG   [poll]    -> read  st2mot    
13:08:39.524  DEBUG   [poll]    <- read  st2mot     ret=0  data=['0x00', '0x00']
13:08:39.524  DEBUG   [poll]    -> read  st0cur    
13:08:39.529  DEBUG   [poll]    <- read  st0cur     ret=0  data=['0xfd', '0x01', '0x01', '0x02']
13:08:40.530  DEBUG   [poll]    -> read  st2mot    
13:08:40.533  DEBUG   [poll]    <- read  st2mot     ret=0  data=['0x00', '0x00']
13:08:40.534  DEBUG   [poll]    -> read  st0cur    
13:08:40.538  DEBUG   [poll]    <- read  st0cur     ret=0  data=['0xfd', '0x01', '0x00', '0x02']
13:08:41.539  DEBUG   [poll]    -> read  st2mot    
13:08:41.543  DEBUG   [poll]    <- read  st2mot     ret=0  data=['0x00', '0x00']
13:08:41.544  DEBUG   [poll]    -> read  st0cur    
13:08:41.548  DEBUG   [poll]    <- read  st0cur     ret=0  data=['0xfe', '0x01', '0x00', '0x02']
13:08:42.549  DEBUG   [poll]    -> read  st2mot    
13:08:42.553  DEBUG   [poll]    <- read  st2mot     ret=0  data=['0x00', '0x00']
13:08:42.553  DEBUG   [poll]    -> read  st0cur    
13:08:42.557  DEBUG   [poll]    <- read  st0cur     ret=0  data=['0xfd', '0x01', '0x00', '0x02']
13:08:43.559  DEBUG   [poll]    -> read  st2mot    
13:08:43.562  DEBUG   [poll]    <- read  st2mot     ret=0  data=['0x00', '0x00']
13:08:43.563  DEBUG   [poll]    -> read  st0cur    
13:08:43.567  DEBUG   [poll]    <- read  st0cur     ret=0  data=['0xfd', '0x01', '0x00', '0x02']
13:08:44.569  DEBUG   [poll]    -> read  st2mot    
13:08:44.572  DEBUG   [poll]    <- read  st2mot     ret=0  data=['0x00', '0x00']
13:08:44.572  DEBUG   [poll]    -> read  st0cur    
13:08:44.577  DEBUG   [poll]    <- read  st0cur     ret=0  data=['0xfd', '0x01', '0x01', '0x02']
13:08:45.578  DEBUG   [poll]    -> read  st2mot    
13:08:45.581  DEBUG   [poll]    <- read  st2mot     ret=0  data=['0x00', '0x00']
13:08:45.582  DEBUG   [poll]    -> read  st0cur    
13:08:45.586  DEBUG   [poll]    <- read  st0cur     ret=0  data=['0xfd', '0x01', '0x01', '0x02']
13:08:46.588  DEBUG   [poll]    -> read  st2mot    
13:08:46.591  DEBUG   [poll]    <- read  st2mot     ret=0  data=['0x00', '0x00']
13:08:46.592  DEBUG   [poll]    -> read  st0cur    
13:08:46.596  DEBUG   [poll]    <- read  st0cur     ret=0  data=['0xfd', '0x01', '0x01', '0x02']
13:08:47.598  DEBUG   [poll]    -> read  st2mot    
13:08:47.601  DEBUG   [poll]    <- read  st2mot     ret=0  data=['0x00', '0x00']
13:08:47.601  DEBUG   [poll]    -> read  st0cur    
13:08:47.606  DEBUG   [poll]    <- read  st0cur     ret=0  data=['0xfd', '0x01', '0x00', '0x02']
13:08:48.607  DEBUG   [poll]    -> read  st2mot    
13:08:48.610  DEBUG   [poll]    <- read  st2mot     ret=0  data=['0x00', '0x00']
13:08:48.611  DEBUG   [poll]    -> read  st0cur    
13:08:48.615  DEBUG   [poll]    <- read  st0cur     ret=0  data=['0xfd', '0x01', '0x01', '0x02']
13:08:49.617  DEBUG   [poll]    -> read  st2mot    
13:08:49.620  DEBUG   [poll]    <- read  st2mot     ret=0  data=['0x00', '0x00']
13:08:49.620  DEBUG   [poll]    -> read  st0cur    
13:08:49.625  DEBUG   [poll]    <- read  st0cur     ret=0  data=['0xfd', '0x01', '0x01', '0x02']
13:08:50.626  DEBUG   [poll]    -> read  st2mot    
13:08:50.629  DEBUG   [poll]    <- read  st2mot     ret=0  data=['0x00', '0x00']
13:08:50.630  DEBUG   [poll]    -> read  st0cur    
13:08:50.634  DEBUG   [poll]    <- read  st0cur     ret=0  data=['0xfd', '0x01', '0x01', '0x02']
13:08:51.636  DEBUG   [poll]    -> read  st2mot    
13:08:51.639  DEBUG   [poll]    <- read  st2mot     ret=0  data=['0x00', '0x00']
13:08:51.640  DEBUG   [poll]    -> read  st0cur    
13:08:51.644  DEBUG   [poll]    <- read  st0cur     ret=0  data=['0xfd', '0x01', '0x01', '0x02']
13:08:52.645  DEBUG   [poll]    -> read  st2mot    
13:08:52.649  DEBUG   [poll]    <- read  st2mot     ret=0  data=['0x00', '0x00']
13:08:52.649  DEBUG   [poll]    -> read  st0cur    
13:08:52.653  DEBUG   [poll]    <- read  st0cur     ret=0  data=['0xfd', '0x01', '0x00', '0x02']
13:08:53.655  DEBUG   [poll]    -> read  st2mot    
13:08:53.658  DEBUG   [poll]    <- read  st2mot     ret=0  data=['0x00', '0x00']
13:08:53.658  DEBUG   [poll]    -> read  st0cur    
13:08:53.663  DEBUG   [poll]    <- read  st0cur     ret=0  data=['0xfd', '0x01', '0x00', '0x02']
13:08:54.664  DEBUG   [poll]    -> read  st2mot    
13:08:54.668  DEBUG   [poll]    <- read  st2mot     ret=0  data=['0x00', '0x00']
13:08:54.668  DEBUG   [poll]    -> read  st0cur    
13:08:54.672  DEBUG   [poll]    <- read  st0cur     ret=0  data=['0xfd', '0x01', '0x00', '0x02']
13:08:55.674  DEBUG   [poll]    -> read  st2mot    
13:08:55.677  DEBUG   [poll]    <- read  st2mot     ret=0  data=['0x00', '0x00']
13:08:55.677  DEBUG   [poll]    -> read  st0cur    
13:08:55.682  DEBUG   [poll]    <- read  st0cur     ret=0  data=['0xfd', '0x01', '0x00', '0x02']
13:08:56.683  DEBUG   [poll]    -> read  st2mot    
13:08:56.687  DEBUG   [poll]    <- read  st2mot     ret=0  data=['0x00', '0x00']
13:08:56.687  DEBUG   [poll]    -> read  st0cur    
13:08:56.691  DEBUG   [poll]    <- read  st0cur     ret=0  data=['0xfd', '0x01', '0x00', '0x02']
13:08:57.693  DEBUG   [poll]    -> read  st2mot    
13:08:57.696  DEBUG   [poll]    <- read  st2mot     ret=0  data=['0x00', '0x00']
13:08:57.697  DEBUG   [poll]    -> read  st0cur    
13:08:57.701  DEBUG   [poll]    <- read  st0cur     ret=0  data=['0xfe', '0x01', '0x00', '0x02']
13:08:58.702  DEBUG   [poll]    -> read  st2mot    
13:08:58.706  DEBUG   [poll]    <- read  st2mot     ret=0  data=['0x00', '0x00']
13:08:58.706  DEBUG   [poll]    -> read  st0cur    
13:08:58.710  DEBUG   [poll]    <- read  st0cur     ret=0  data=['0xfd', '0x01', '0x00', '0x02']
13:08:59.712  DEBUG   [poll]    -> read  st2mot    
13:08:59.715  DEBUG   [poll]    <- read  st2mot     ret=0  data=['0x00', '0x00']
13:08:59.716  DEBUG   [poll]    -> read  st0cur    
13:08:59.720  DEBUG   [poll]    <- read  st0cur     ret=0  data=['0xfd', '0x01', '0x01', '0x02']
13:09:00.721  DEBUG   [poll]    -> read  st2mot    
13:09:00.725  DEBUG   [poll]    <- read  st2mot     ret=0  data=['0x00', '0x00']
13:09:00.725  DEBUG   [poll]    -> read  st0cur    
13:09:00.730  DEBUG   [poll]    <- read  st0cur     ret=0  data=['0xfd', '0x01', '0x00', '0x02']
13:09:01.731  DEBUG   [poll]    -> read  st2mot    
13:09:01.735  DEBUG   [poll]    <- read  st2mot     ret=0  data=['0x00', '0x00']
13:09:01.735  DEBUG   [poll]    -> read  st0cur    
13:09:01.740  DEBUG   [poll]    <- read  st0cur     ret=0  data=['0xfd', '0x01', '0x00', '0x02']
13:09:02.741  DEBUG   [poll]    -> read  st2mot    
13:09:02.745  DEBUG   [poll]    <- read  st2mot     ret=0  data=['0x00', '0x00']
13:09:02.745  DEBUG   [poll]    -> read  st0cur    
13:09:02.749  DEBUG   [poll]    <- read  st0cur     ret=0  data=['0xfd', '0x01', '0x01', '0x02']
13:09:03.751  DEBUG   [poll]    -> read  st2mot    
13:09:03.754  DEBUG   [poll]    <- read  st2mot     ret=0  data=['0x00', '0x00']
13:09:03.754  DEBUG   [poll]    -> read  st0cur    
13:09:03.759  DEBUG   [poll]    <- read  st0cur     ret=0  data=['0xfe', '0x01', '0x00', '0x02']
13:09:04.760  DEBUG   [poll]    -> read  st2mot    
13:09:04.764  DEBUG   [poll]    <- read  st2mot     ret=0  data=['0x00', '0x00']
13:09:04.764  DEBUG   [poll]    -> read  st0cur    
13:09:04.768  DEBUG   [poll]    <- read  st0cur     ret=0  data=['0xfd', '0x01', '0x01', '0x02']
13:09:05.770  DEBUG   [poll]    -> read  st2mot    
13:09:05.773  DEBUG   [poll]    <- read  st2mot     ret=0  data=['0x00', '0x00']
13:09:05.774  DEBUG   [poll]    -> read  st0cur    
13:09:05.778  DEBUG   [poll]    <- read  st0cur     ret=0  data=['0xfd', '0x01', '0x01', '0x02']
13:09:06.779  DEBUG   [poll]    -> read  st2mot    
13:09:06.783  DEBUG   [poll]    <- read  st2mot     ret=0  data=['0x00', '0x00']
13:09:06.783  DEBUG   [poll]    -> read  st0cur    
13:09:06.787  DEBUG   [poll]    <- read  st0cur     ret=0  data=['0xfd', '0x01', '0x01', '0x02']
13:09:07.789  DEBUG   [poll]    -> read  st2mot    
13:09:07.792  DEBUG   [poll]    <- read  st2mot     ret=0  data=['0x00', '0x00']
13:09:07.793  DEBUG   [poll]    -> read  st0cur    
13:09:07.797  DEBUG   [poll]    <- read  st0cur     ret=0  data=['0xfd', '0x01', '0x00', '0x02']
13:09:08.798  DEBUG   [poll]    -> read  st2mot    
13:09:08.802  DEBUG   [poll]    <- read  st2mot     ret=0  data=['0x00', '0x00']
13:09:08.802  DEBUG   [poll]    -> read  st0cur    
13:09:08.806  DEBUG   [poll]    <- read  st0cur     ret=0  data=['0xfd', '0x01', '0x00', '0x02']
13:09:09.412  INFO    client connected
13:09:09.808  DEBUG   [poll]    -> read  st2mot    
13:09:09.811  DEBUG   [poll]    <- read  st2mot     ret=0  data=['0x00', '0x00']
13:09:09.811  DEBUG   [poll]    -> read  st0cur    
13:09:09.815  DEBUG   [poll]    <- read  st0cur     ret=0  data=['0xfd', '0x01', '0x00', '0x02']
13:09:10.816  DEBUG   [poll]    -> read  st2mot    
13:09:10.820  DEBUG   [poll]    <- read  st2mot     ret=0  data=['0x00', '0x00']
13:09:10.820  DEBUG   [poll]    -> read  st0cur    
13:09:10.824  DEBUG   [poll]    <- read  st0cur     ret=0  data=['0xfd', '0x01', '0x00', '0x02']
13:09:11.826  DEBUG   [poll]    -> read  st2mot    
13:09:11.829  DEBUG   [poll]    <- read  st2mot     ret=0  data=['0x00', '0x00']
13:09:11.830  DEBUG   [poll]    -> read  st0cur    
13:09:11.835  DEBUG   [poll]    <- read  st0cur     ret=0  data=['0xfd', '0x01', '0x01', '0x02']
13:09:12.836  DEBUG   [poll]    -> read  st2mot    
13:09:12.840  DEBUG   [poll]    <- read  st2mot     ret=0  data=['0x00', '0x00']
13:09:12.840  DEBUG   [poll]    -> read  st0cur    
13:09:12.844  DEBUG   [poll]    <- read  st0cur     ret=0  data=['0xfd', '0x01', '0x00', '0x02']
13:09:13.846  DEBUG   [poll]    -> read  st2mot    
13:09:13.849  DEBUG   [poll]    <- read  st2mot     ret=0  data=['0x00', '0x00']
13:09:13.850  DEBUG   [poll]    -> read  st0cur    
13:09:13.854  DEBUG   [poll]    <- read  st0cur     ret=0  data=['0xfd', '0x01', '0x00', '0x02']
13:09:14.855  DEBUG   [poll]    -> read  st2mot    
13:09:14.859  DEBUG   [poll]    <- read  st2mot     ret=0  data=['0x00', '0x00']
13:09:14.859  DEBUG   [poll]    -> read  st0cur    
13:09:14.863  DEBUG   [poll]    <- read  st0cur     ret=0  data=['0xfd', '0x01', '0x00', '0x02']
13:09:15.865  DEBUG   [poll]    -> read  st2mot    
13:09:15.868  DEBUG   [poll]    <- read  st2mot     ret=0  data=['0x00', '0x00']
13:09:15.869  DEBUG   [poll]    -> read  st0cur    
13:09:15.873  DEBUG   [poll]    <- read  st0cur     ret=0  data=['0xfd', '0x01', '0x00', '0x02']
13:09:16.874  DEBUG   [poll]    -> read  st2mot    
13:09:16.878  DEBUG   [poll]    <- read  st2mot     ret=0  data=['0x00', '0x00']
13:09:16.878  DEBUG   [poll]    -> read  st0cur    
13:09:16.883  DEBUG   [poll]    <- read  st0cur     ret=0  data=['0xfd', '0x01', '0x01', '0x02']
13:09:17.884  DEBUG   [poll]    -> read  st2mot    
13:09:17.888  DEBUG   [poll]    <- read  st2mot     ret=0  data=['0x00', '0x00']
13:09:17.888  DEBUG   [poll]    -> read  st0cur    
13:09:17.892  DEBUG   [poll]    <- read  st0cur     ret=0  data=['0xfd', '0x01', '0x01', '0x02']
13:09:18.894  DEBUG   [poll]    -> read  st2mot    
13:09:18.897  DEBUG   [poll]    <- read  st2mot     ret=0  data=['0x00', '0x00']
13:09:18.898  DEBUG   [poll]    -> read  st0cur    
13:09:18.902  DEBUG   [poll]    <- read  st0cur     ret=0  data=['0xfe', '0x01', '0x01', '0x02']
13:09:19.903  DEBUG   [poll]    -> read  st2mot    
13:09:19.907  DEBUG   [poll]    <- read  st2mot     ret=0  data=['0x00', '0x00']
13:09:19.907  DEBUG   [poll]    -> read  st0cur    
13:09:19.911  DEBUG   [poll]    <- read  st0cur     ret=0  data=['0xfd', '0x01', '0x01', '0x02']
13:09:20.913  DEBUG   [poll]    -> read  st2mot    
13:09:20.916  DEBUG   [poll]    <- read  st2mot     ret=0  data=['0x00', '0x00']
13:09:20.917  DEBUG   [poll]    -> read  st0cur    
13:09:20.921  DEBUG   [poll]    <- read  st0cur     ret=0  data=['0xfd', '0x01', '0x01', '0x02']
13:09:21.923  DEBUG   [poll]    -> read  st2mot    
13:09:21.926  DEBUG   [poll]    <- read  st2mot     ret=0  data=['0x00', '0x00']
13:09:21.927  DEBUG   [poll]    -> read  st0cur    
13:09:21.932  DEBUG   [poll]    <- read  st0cur     ret=0  data=['0xfd', '0x01', '0x01', '0x02']
13:09:22.933  DEBUG   [poll]    -> read  st2mot    
13:09:22.937  DEBUG   [poll]    <- read  st2mot     ret=0  data=['0x00', '0x00']
13:09:22.937  DEBUG   [poll]    -> read  st0cur    
13:09:22.941  DEBUG   [poll]    <- read  st0cur     ret=0  data=['0xfe', '0x01', '0x01', '0x02']
13:09:23.943  DEBUG   [poll]    -> read  st2mot    
13:09:23.946  DEBUG   [poll]    <- read  st2mot     ret=0  data=['0x00', '0x00']
13:09:23.947  DEBUG   [poll]    -> read  st0cur    
13:09:23.951  DEBUG   [poll]    <- read  st0cur     ret=0  data=['0xfd', '0x01', '0x01', '0x02']
13:09:24.874  DEBUG   [client]  -> read  st0mot    
13:09:24.878  DEBUG   [client]  <- read  st0mot     ret=0  data=['0x00', '0x01', '0x00']
13:09:24.953  DEBUG   [poll]    -> read  st2mot    
13:09:24.956  DEBUG   [poll]    <- read  st2mot     ret=0  data=['0x00', '0x00']
13:09:24.956  DEBUG   [poll]    -> read  st0cur    
13:09:24.961  DEBUG   [poll]    <- read  st0cur     ret=0  data=['0xfe', '0x01', '0x01', '0x02']
13:09:25.962  DEBUG   [poll]    -> read  st2mot    
13:09:25.965  DEBUG   [poll]    <- read  st2mot     ret=0  data=['0x00', '0x00']
13:09:25.966  DEBUG   [poll]    -> read  st0cur    
13:09:25.970  DEBUG   [poll]    <- read  st0cur     ret=0  data=['0xfd', '0x01', '0x01', '0x02']
13:09:26.972  DEBUG   [poll]    -> read  st2mot    
13:09:26.975  DEBUG   [poll]    <- read  st2mot     ret=0  data=['0x00', '0x00']
13:09:26.976  DEBUG   [poll]    -> read  st0cur    
13:09:26.980  DEBUG   [poll]    <- read  st0cur     ret=0  data=['0xfd', '0x01', '0x01', '0x02']
13:09:27.981  DEBUG   [poll]    -> read  st2mot    
13:09:27.985  DEBUG   [poll]    <- read  st2mot     ret=0  data=['0x00', '0x00']
13:09:27.985  DEBUG   [poll]    -> read  st0cur    
13:09:27.989  DEBUG   [poll]    <- read  st0cur     ret=0  data=['0xfd', '0x01', '0x01', '0x02']
13:09:28.991  DEBUG   [poll]    -> read  st2mot    
13:09:28.994  DEBUG   [poll]    <- read  st2mot     ret=0  data=['0x00', '0x00']
13:09:28.995  DEBUG   [poll]    -> read  st0cur    
13:09:28.999  DEBUG   [poll]    <- read  st0cur     ret=0  data=['0xfe', '0x01', '0x00', '0x02']
13:09:29.354  DEBUG   [client]  -> read  st0mot    
13:09:29.358  DEBUG   [client]  <- read  st0mot     ret=0  data=['0x01', '0x01', '0x00']
13:09:30.000  DEBUG   [poll]    -> read  st2mot    
13:09:30.004  DEBUG   [poll]    <- read  st2mot     ret=0  data=['0x00', '0x00']
13:09:30.004  DEBUG   [poll]    -> read  st0cur    
13:09:30.008  DEBUG   [poll]    <- read  st0cur     ret=0  data=['0xfe', '0x01', '0x00', '0x02']
13:09:31.010  DEBUG   [poll]    -> read  st2mot    
13:09:31.013  DEBUG   [poll]    <- read  st2mot     ret=0  data=['0x00', '0x00']
13:09:31.014  DEBUG   [poll]    -> read  st0cur    
13:09:31.018  DEBUG   [poll]    <- read  st0cur     ret=0  data=['0xfd', '0x01', '0x00', '0x02']
13:09:32.019  DEBUG   [poll]    -> read  st2mot    
13:09:32.027  DEBUG   [poll]    <- read  st2mot     ret=0  data=['0x00', '0x00']
13:09:32.027  DEBUG   [poll]    -> read  st0cur    
13:09:32.031  DEBUG   [poll]    <- read  st0cur     ret=0  data=['0xfe', '0x01', '0x00', '0x02']
13:09:33.033  DEBUG   [poll]    -> read  st2mot    
13:09:33.036  DEBUG   [poll]    <- read  st2mot     ret=0  data=['0x00', '0x00']
13:09:33.036  DEBUG   [poll]    -> read  st0cur    
13:09:33.040  DEBUG   [poll]    <- read  st0cur     ret=0  data=['0xfd', '0x01', '0x00', '0x02']
13:09:33.291  DEBUG   [client]  -> read  st0mot    
13:09:33.295  DEBUG   [client]  <- read  st0mot     ret=0  data=['0x01', '0x00', '0x00']
13:09:34.042  DEBUG   [poll]    -> read  st2mot    
13:09:34.045  DEBUG   [poll]    <- read  st2mot     ret=0  data=['0x00', '0x00']
13:09:34.046  DEBUG   [poll]    -> read  st0cur    
13:09:34.050  DEBUG   [poll]    <- read  st0cur     ret=0  data=['0xfd', '0x01', '0x00', '0x02']
13:09:35.052  DEBUG   [poll]    -> read  st2mot    
13:09:35.055  DEBUG   [poll]    <- read  st2mot     ret=0  data=['0x00', '0x00']
13:09:35.055  DEBUG   [poll]    -> read  st0cur    
13:09:35.060  DEBUG   [poll]    <- read  st0cur     ret=0  data=['0xfe', '0x01', '0x00', '0x02']
13:09:36.061  DEBUG   [poll]    -> read  st2mot    
13:09:36.065  DEBUG   [poll]    <- read  st2mot     ret=0  data=['0x00', '0x00']
13:09:36.065  DEBUG   [poll]    -> read  st0cur    
13:09:36.069  DEBUG   [poll]    <- read  st0cur     ret=0  data=['0xfd', '0x01', '0x01', '0x02']
13:09:37.071  DEBUG   [poll]    -> read  st2mot    
13:09:37.078  DEBUG   [poll]    <- read  st2mot     ret=0  data=['0x00', '0x00']
13:09:37.078  DEBUG   [poll]    -> read  st0cur    
13:09:37.083  DEBUG   [poll]    <- read  st0cur     ret=0  data=['0xfd', '0x01', '0x01', '0x02']
13:09:38.084  DEBUG   [poll]    -> read  st2mot    
13:09:38.087  DEBUG   [poll]    <- read  st2mot     ret=0  data=['0x00', '0x00']
13:09:38.088  DEBUG   [poll]    -> read  st0cur    
13:09:38.093  DEBUG   [poll]    <- read  st0cur     ret=0  data=['0xfd', '0x01', '0x00', '0x02']
13:09:38.428  DEBUG   [client]  -> read  st0mot    
13:09:38.432  DEBUG   [client]  <- read  st0mot     ret=0  data=['0x01', '0x00', '0x01']
13:09:39.094  DEBUG   [poll]    -> read  st2mot    
13:09:39.098  DEBUG   [poll]    <- read  st2mot     ret=0  data=['0x00', '0x00']
13:09:39.098  DEBUG   [poll]    -> read  st0cur    
13:09:39.103  DEBUG   [poll]    <- read  st0cur     ret=0  data=['0xfd', '0x01', '0x01', '0x02']
13:09:40.104  DEBUG   [poll]    -> read  st2mot    
13:09:40.108  DEBUG   [poll]    <- read  st2mot     ret=0  data=['0x00', '0x00']
13:09:40.108  DEBUG   [poll]    -> read  st0cur    
13:09:40.112  DEBUG   [poll]    <- read  st0cur     ret=0  data=['0xfd', '0x01', '0x01', '0x02']
13:09:41.114  DEBUG   [poll]    -> read  st2mot    
13:09:41.117  DEBUG   [poll]    <- read  st2mot     ret=0  data=['0x00', '0x00']
13:09:41.118  DEBUG   [poll]    -> read  st0cur    
13:09:41.122  DEBUG   [poll]    <- read  st0cur     ret=0  data=['0xfd', '0x01', '0x00', '0x02']
13:09:42.123  DEBUG   [poll]    -> read  st2mot    
13:09:42.127  DEBUG   [poll]    <- read  st2mot     ret=0  data=['0x00', '0x00']
13:09:42.128  DEBUG   [poll]    -> read  st0cur    
13:09:42.132  DEBUG   [poll]    <- read  st0cur     ret=0  data=['0xfd', '0x01', '0x01', '0x02']
13:09:43.134  DEBUG   [poll]    -> read  st2mot    
13:09:43.137  DEBUG   [poll]    <- read  st2mot     ret=0  data=['0x00', '0x00']
13:09:43.138  DEBUG   [poll]    -> read  st0cur    
13:09:43.142  DEBUG   [poll]    <- read  st0cur     ret=0  data=['0xfd', '0x01', '0x01', '0x02']
13:09:44.143  DEBUG   [poll]    -> read  st2mot    
13:09:44.147  DEBUG   [poll]    <- read  st2mot     ret=0  data=['0x00', '0x00']
13:09:44.147  DEBUG   [poll]    -> read  st0cur    
13:09:44.152  DEBUG   [poll]    <- read  st0cur     ret=0  data=['0xfd', '0x01', '0x01', '0x02']
13:09:44.300  DEBUG   [client]  -> read  st0mot    
13:09:44.304  DEBUG   [client]  <- read  st0mot     ret=0  data=['0x01', '0x01', '0x00']
13:09:45.153  DEBUG   [poll]    -> read  st2mot    
13:09:45.157  DEBUG   [poll]    <- read  st2mot     ret=0  data=['0x00', '0x00']
13:09:45.157  DEBUG   [poll]    -> read  st0cur    
13:09:45.161  DEBUG   [poll]    <- read  st0cur     ret=0  data=['0xfe', '0x01', '0x01', '0x02']
13:09:46.163  DEBUG   [poll]    -> read  st2mot    
13:09:46.166  DEBUG   [poll]    <- read  st2mot     ret=0  data=['0x00', '0x00']
13:09:46.167  DEBUG   [poll]    -> read  st0cur    
13:09:46.171  DEBUG   [poll]    <- read  st0cur     ret=0  data=['0xfd', '0x01', '0x00', '0x02']
13:09:47.172  DEBUG   [poll]    -> read  st2mot    
13:09:47.180  DEBUG   [poll]    <- read  st2mot     ret=0  data=['0x00', '0x00']
13:09:47.180  DEBUG   [poll]    -> read  st0cur    
13:09:47.185  DEBUG   [poll]    <- read  st0cur     ret=0  data=['0xfd', '0x01', '0x00', '0x02']
13:09:48.186  DEBUG   [poll]    -> read  st2mot    
13:09:48.189  DEBUG   [poll]    <- read  st2mot     ret=0  data=['0x00', '0x00']
13:09:48.190  DEBUG   [poll]    -> read  st0cur    
13:09:48.194  DEBUG   [poll]    <- read  st0cur     ret=0  data=['0xfe', '0x01', '0x00', '0x02']
13:09:48.620  DEBUG   [client]  -> read  st0mot    
13:09:48.624  DEBUG   [client]  <- read  st0mot     ret=0  data=['0x01', '0x01', '0x00']
13:09:49.196  DEBUG   [poll]    -> read  st2mot    
13:09:49.199  DEBUG   [poll]    <- read  st2mot     ret=0  data=['0x00', '0x00']
13:09:49.200  DEBUG   [poll]    -> read  st0cur    
13:09:49.204  DEBUG   [poll]    <- read  st0cur     ret=0  data=['0xfd', '0x01', '0x00', '0x02']
13:09:50.205  DEBUG   [poll]    -> read  st2mot    
13:09:50.209  DEBUG   [poll]    <- read  st2mot     ret=0  data=['0x00', '0x00']
13:09:50.209  DEBUG   [poll]    -> read  st0cur    
13:09:50.213  DEBUG   [poll]    <- read  st0cur     ret=0  data=['0xfd', '0x01', '0x00', '0x02']
13:09:51.215  DEBUG   [poll]    -> read  st2mot    
13:09:51.218  DEBUG   [poll]    <- read  st2mot     ret=0  data=['0x00', '0x00']
13:09:51.219  DEBUG   [poll]    -> read  st0cur    
13:09:51.223  DEBUG   [poll]    <- read  st0cur     ret=0  data=['0xfd', '0x01', '0x01', '0x02']
13:09:52.224  DEBUG   [poll]    -> read  st2mot    
13:09:52.232  DEBUG   [poll]    <- read  st2mot     ret=0  data=['0x00', '0x00']
13:09:52.232  DEBUG   [poll]    -> read  st0cur    
13:09:52.236  DEBUG   [poll]    <- read  st0cur     ret=0  data=['0xfd', '0x01', '0x00', '0x02']
13:09:53.238  DEBUG   [poll]    -> read  st2mot    
13:09:53.241  DEBUG   [poll]    <- read  st2mot     ret=0  data=['0x00', '0x00']
13:09:53.242  DEBUG   [poll]    -> read  st0cur    
13:09:53.246  DEBUG   [poll]    <- read  st0cur     ret=0  data=['0xfd', '0x01', '0x00', '0x02']
13:09:54.248  DEBUG   [poll]    -> read  st2mot    
13:09:54.251  DEBUG   [poll]    <- read  st2mot     ret=0  data=['0x00', '0x00']
13:09:54.252  DEBUG   [poll]    -> read  st0cur    
13:09:54.256  DEBUG   [poll]    <- read  st0cur     ret=0  data=['0xfd', '0x01', '0x01', '0x02']
13:09:54.750  DEBUG   [client]  -> read  st0mot    
13:09:54.753  DEBUG   [client]  <- read  st0mot     ret=0  data=['0x01', '0x00', '0x00']
13:09:55.258  DEBUG   [poll]    -> read  st2mot    
13:09:55.261  DEBUG   [poll]    <- read  st2mot     ret=0  data=['0x00', '0x00']
13:09:55.261  DEBUG   [poll]    -> read  st0cur    
13:09:55.266  DEBUG   [poll]    <- read  st0cur     ret=0  data=['0xfd', '0x01', '0x00', '0x02']
13:09:56.266  DEBUG   [poll]    -> read  st2mot    
13:09:56.270  DEBUG   [poll]    <- read  st2mot     ret=0  data=['0x00', '0x00']
13:09:56.270  DEBUG   [poll]    -> read  st0cur    
13:09:56.274  DEBUG   [poll]    <- read  st0cur     ret=0  data=['0xfd', '0x01', '0x00', '0x02']
13:09:57.276  DEBUG   [poll]    -> read  st2mot    
13:09:57.284  DEBUG   [poll]    <- read  st2mot     ret=0  data=['0x00', '0x00']
13:09:57.285  DEBUG   [poll]    -> read  st0cur    
13:09:57.289  DEBUG   [poll]    <- read  st0cur     ret=0  data=['0xfd', '0x01', '0x01', '0x02']
13:09:58.290  DEBUG   [poll]    -> read  st2mot    
13:09:58.294  DEBUG   [poll]    <- read  st2mot     ret=0  data=['0x00', '0x00']
13:09:58.294  DEBUG   [poll]    -> read  st0cur    
13:09:58.299  DEBUG   [poll]    <- read  st0cur     ret=0  data=['0xfd', '0x01', '0x00', '0x02']
13:09:58.526  DEBUG   [client]  -> read  st0mot    
13:09:58.530  DEBUG   [client]  <- read  st0mot     ret=0  data=['0x01', '0x00', '0x01']
13:09:59.300  DEBUG   [poll]    -> read  st2mot    
13:09:59.304  DEBUG   [poll]    <- read  st2mot     ret=0  data=['0x00', '0x00']
13:09:59.304  DEBUG   [poll]    -> read  st0cur    
13:09:59.308  DEBUG   [poll]    <- read  st0cur     ret=0  data=['0xfd', '0x01', '0x00', '0x02']
13:10:00.310  DEBUG   [poll]    -> read  st2mot    
13:10:00.313  DEBUG   [poll]    <- read  st2mot     ret=0  data=['0x00', '0x00']
13:10:00.314  DEBUG   [poll]    -> read  st0cur    
13:10:00.318  DEBUG   [poll]    <- read  st0cur     ret=0  data=['0xfd', '0x01', '0x01', '0x02']
13:10:01.320  DEBUG   [poll]    -> read  st2mot    
13:10:01.323  DEBUG   [poll]    <- read  st2mot     ret=0  data=['0x00', '0x00']
13:10:01.324  DEBUG   [poll]    -> read  st0cur    
13:10:01.328  DEBUG   [poll]    <- read  st0cur     ret=0  data=['0xfe', '0x01', '0x01', '0x02']
13:10:01.790  DEBUG   [client]  -> read  st0mot    
13:10:01.794  DEBUG   [client]  <- read  st0mot     ret=0  data=['0x00', '0x00', '0x01']
13:10:02.329  DEBUG   [poll]    -> read  st2mot    
13:10:02.337  DEBUG   [poll]    <- read  st2mot     ret=0  data=['0x00', '0x00']
13:10:02.337  DEBUG   [poll]    -> read  st0cur    
13:10:02.341  DEBUG   [poll]    <- read  st0cur     ret=0  data=['0xfe', '0x01', '0x01', '0x02']
13:10:03.343  DEBUG   [poll]    -> read  st2mot    
13:10:03.346  DEBUG   [poll]    <- read  st2mot     ret=0  data=['0x00', '0x00']
13:10:03.347  DEBUG   [poll]    -> read  st0cur    
13:10:03.351  DEBUG   [poll]    <- read  st0cur     ret=0  data=['0xfd', '0x01', '0x00', '0x02']
13:10:04.353  DEBUG   [poll]    -> read  st2mot    
13:10:04.356  DEBUG   [poll]    <- read  st2mot     ret=0  data=['0x00', '0x00']
13:10:04.356  DEBUG   [poll]    -> read  st0cur    
13:10:04.361  DEBUG   [poll]    <- read  st0cur     ret=0  data=['0xfd', '0x01', '0x00', '0x02']
13:10:05.362  DEBUG   [poll]    -> read  st2mot    
13:10:05.366  DEBUG   [poll]    <- read  st2mot     ret=0  data=['0x00', '0x00']
13:10:05.366  DEBUG   [poll]    -> read  st0cur    
13:10:05.370  DEBUG   [poll]    <- read  st0cur     ret=0  data=['0xfe', '0x01', '0x00', '0x02']
13:10:06.239  DEBUG   [client]  -> read  st0mot    
13:10:06.243  DEBUG   [client]  <- read  st0mot     ret=0  data=['0x00', '0x01', '0x01']
13:10:06.372  DEBUG   [poll]    -> read  st2mot    
13:10:06.375  DEBUG   [poll]    <- read  st2mot     ret=0  data=['0x00', '0x00']
13:10:06.376  DEBUG   [poll]    -> read  st0cur    
13:10:06.380  DEBUG   [poll]    <- read  st0cur     ret=0  data=['0xfd', '0x01', '0x01', '0x02']
13:10:07.381  DEBUG   [poll]    -> read  st2mot    
13:10:07.388  DEBUG   [poll]    <- read  st2mot     ret=0  data=['0x00', '0x00']
13:10:07.388  DEBUG   [poll]    -> read  st0cur    
13:10:07.393  DEBUG   [poll]    <- read  st0cur     ret=0  data=['0xfd', '0x01', '0x01', '0x02']
13:10:08.394  DEBUG   [poll]    -> read  st2mot    
13:10:08.398  DEBUG   [poll]    <- read  st2mot     ret=0  data=['0x00', '0x00']
13:10:08.398  DEBUG   [poll]    -> read  st0cur    
13:10:08.402  DEBUG   [poll]    <- read  st0cur     ret=0  data=['0xfd', '0x01', '0x00', '0x02']
13:10:09.404  DEBUG   [poll]    -> read  st2mot    
13:10:09.407  DEBUG   [poll]    <- read  st2mot     ret=0  data=['0x00', '0x00']
13:10:09.408  DEBUG   [poll]    -> read  st0cur    
13:10:09.412  DEBUG   [poll]    <- read  st0cur     ret=0  data=['0xfd', '0x01', '0x01', '0x02']
13:10:10.413  DEBUG   [poll]    -> read  st2mot    
13:10:10.417  DEBUG   [poll]    <- read  st2mot     ret=0  data=['0x00', '0x00']
13:10:10.417  DEBUG   [poll]    -> read  st0cur    
13:10:10.421  DEBUG   [poll]    <- read  st0cur     ret=0  data=['0xfd', '0x01', '0x00', '0x02']
13:10:11.216  DEBUG   [client]  -> read  st0mot    
13:10:11.220  DEBUG   [client]  <- read  st0mot     ret=0  data=['0x00', '0x00', '0x01']
13:10:11.423  DEBUG   [poll]    -> read  st2mot    
13:10:11.426  DEBUG   [poll]    <- read  st2mot     ret=0  data=['0x00', '0x00']
13:10:11.426  DEBUG   [poll]    -> read  st0cur    
13:10:11.431  DEBUG   [poll]    <- read  st0cur     ret=0  data=['0xfd', '0x01', '0x00', '0x02']
13:10:12.432  DEBUG   [poll]    -> read  st2mot    
13:10:12.439  DEBUG   [poll]    <- read  st2mot     ret=0  data=['0x00', '0x00']
13:10:12.440  DEBUG   [poll]    -> read  st0cur    
13:10:12.444  DEBUG   [poll]    <- read  st0cur     ret=0  data=['0xfe', '0x01', '0x01', '0x02']
13:10:13.446  DEBUG   [poll]    -> read  st2mot    
13:10:13.449  DEBUG   [poll]    <- read  st2mot     ret=0  data=['0x00', '0x00']
13:10:13.449  DEBUG   [poll]    -> read  st0cur    
13:10:13.454  DEBUG   [poll]    <- read  st0cur     ret=0  data=['0xfd', '0x01', '0x00', '0x02']
13:10:14.455  DEBUG   [poll]    -> read  st2mot    
13:10:14.459  DEBUG   [poll]    <- read  st2mot     ret=0  data=['0x00', '0x00']
13:10:14.459  DEBUG   [poll]    -> read  st0cur    
13:10:14.463  DEBUG   [poll]    <- read  st0cur     ret=0  data=['0xfd', '0x01', '0x00', '0x02']
13:10:15.465  DEBUG   [poll]    -> read  st2mot    
13:10:15.468  DEBUG   [poll]    <- read  st2mot     ret=0  data=['0x00', '0x00']
13:10:15.468  DEBUG   [poll]    -> read  st0cur    
13:10:15.473  DEBUG   [poll]    <- read  st0cur     ret=0  data=['0xfd', '0x01', '0x00', '0x02']
13:10:16.474  DEBUG   [poll]    -> read  st2mot    
13:10:16.478  DEBUG   [poll]    <- read  st2mot     ret=0  data=['0x00', '0x00']
13:10:16.478  DEBUG   [poll]    -> read  st0cur    
13:10:16.482  DEBUG   [poll]    <- read  st0cur     ret=0  data=['0xfe', '0x01', '0x00', '0x02']
13:10:17.484  DEBUG   [poll]    -> read  st2mot    
13:10:17.491  DEBUG   [poll]    <- read  st2mot     ret=0  data=['0x00', '0x00']
13:10:17.491  DEBUG   [poll]    -> read  st0cur    
13:10:17.495  DEBUG   [poll]    <- read  st0cur     ret=0  data=['0xfd', '0x01', '0x01', '0x02']
13:10:18.497  DEBUG   [poll]    -> read  st2mot    
13:10:18.500  DEBUG   [poll]    <- read  st2mot     ret=0  data=['0x00', '0x00']
13:10:18.501  DEBUG   [poll]    -> read  st0cur    
13:10:18.505  DEBUG   [poll]    <- read  st0cur     ret=0  data=['0xfd', '0x01', '0x01', '0x02']
13:10:19.506  DEBUG   [poll]    -> read  st2mot    
13:10:19.510  DEBUG   [poll]    <- read  st2mot     ret=0  data=['0x00', '0x00']
13:10:19.510  DEBUG   [poll]    -> read  st0cur    
13:10:19.515  DEBUG   [poll]    <- read  st0cur     ret=0  data=['0xfd', '0x01', '0x00', '0x02']
13:10:20.516  DEBUG   [poll]    -> read  st2mot    
13:10:20.520  DEBUG   [poll]    <- read  st2mot     ret=0  data=['0x00', '0x00']
13:10:20.520  DEBUG   [poll]    -> read  st0cur    
13:10:20.524  DEBUG   [poll]    <- read  st0cur     ret=0  data=['0xfd', '0x01', '0x00', '0x02']
13:10:21.526  DEBUG   [poll]    -> read  st2mot    
13:10:21.529  DEBUG   [poll]    <- read  st2mot     ret=0  data=['0x00', '0x00']
13:10:21.530  DEBUG   [poll]    -> read  st0cur    
13:10:21.534  DEBUG   [poll]    <- read  st0cur     ret=0  data=['0xfd', '0x01', '0x00', '0x02']
13:10:22.536  DEBUG   [poll]    -> read  st2mot    
13:10:22.542  DEBUG   [poll]    <- read  st2mot     ret=0  data=['0x00', '0x00']
13:10:22.543  DEBUG   [poll]    -> read  st0cur    
13:10:22.547  DEBUG   [poll]    <- read  st0cur     ret=0  data=['0xfd', '0x01', '0x01', '0x02']
13:10:23.549  DEBUG   [poll]    -> read  st2mot    
13:10:23.552  DEBUG   [poll]    <- read  st2mot     ret=0  data=['0x00', '0x00']
13:10:23.553  DEBUG   [poll]    -> read  st0cur    
13:10:23.557  DEBUG   [poll]    <- read  st0cur     ret=0  data=['0xfe', '0x01', '0x00', '0x02']
13:10:24.558  DEBUG   [poll]    -> read  st2mot    
13:10:24.562  DEBUG   [poll]    <- read  st2mot     ret=0  data=['0x00', '0x00']
13:10:24.562  DEBUG   [poll]    -> read  st0cur    
13:10:24.566  DEBUG   [poll]    <- read  st0cur     ret=0  data=['0xfe', '0x01', '0x01', '0x02']
13:10:25.568  DEBUG   [poll]    -> read  st2mot    
13:10:25.571  DEBUG   [poll]    <- read  st2mot     ret=0  data=['0x00', '0x00']
13:10:25.572  DEBUG   [poll]    -> read  st0cur    
13:10:25.576  DEBUG   [poll]    <- read  st0cur     ret=0  data=['0xfd', '0x01', '0x01', '0x02']
13:10:26.577  DEBUG   [poll]    -> read  st2mot    
13:10:26.581  DEBUG   [poll]    <- read  st2mot     ret=0  data=['0x00', '0x00']
13:10:26.581  DEBUG   [poll]    -> read  st0cur    
13:10:26.585  DEBUG   [poll]    <- read  st0cur     ret=0  data=['0xfd', '0x01', '0x00', '0x02']
13:10:27.587  DEBUG   [poll]    -> read  st2mot    
13:10:27.593  DEBUG   [poll]    <- read  st2mot     ret=0  data=['0x00', '0x00']
13:10:27.594  DEBUG   [poll]    -> read  st0cur    
13:10:27.598  DEBUG   [poll]    <- read  st0cur     ret=0  data=['0xfd', '0x01', '0x01', '0x02']
13:10:28.600  DEBUG   [poll]    -> read  st2mot    
13:10:28.603  DEBUG   [poll]    <- read  st2mot     ret=0  data=['0x00', '0x00']
13:10:28.603  DEBUG   [poll]    -> read  st0cur    
13:10:28.608  DEBUG   [poll]    <- read  st0cur     ret=0  data=['0xfd', '0x01', '0x01', '0x02']
13:10:29.609  DEBUG   [poll]    -> read  st2mot    
13:10:29.613  DEBUG   [poll]    <- read  st2mot     ret=0  data=['0x00', '0x00']
13:10:29.613  DEBUG   [poll]    -> read  st0cur    
13:10:29.617  DEBUG   [poll]    <- read  st0cur     ret=0  data=['0xfd', '0x01', '0x01', '0x02']
13:10:30.418  DEBUG   [client]  -> read  st0mot    
13:10:30.422  DEBUG   [client]  <- read  st0mot     ret=0  data=['0x00', '0x01', '0x01']
13:10:30.619  DEBUG   [poll]    -> read  st2mot    
13:10:30.622  DEBUG   [poll]    <- read  st2mot     ret=0  data=['0x00', '0x00']
13:10:30.623  DEBUG   [poll]    -> read  st0cur    
13:10:30.627  DEBUG   [poll]    <- read  st0cur     ret=0  data=['0xfd', '0x01', '0x01', '0x02']
13:10:31.628  DEBUG   [poll]    -> read  st2mot    
13:10:31.632  DEBUG   [poll]    <- read  st2mot     ret=0  data=['0x00', '0x00']
13:10:31.632  DEBUG   [poll]    -> read  st0cur    
13:10:31.637  DEBUG   [poll]    <- read  st0cur     ret=0  data=['0xfe', '0x01', '0x01', '0x02']
13:10:32.638  DEBUG   [poll]    -> read  st2mot    
13:10:32.645  DEBUG   [poll]    <- read  st2mot     ret=0  data=['0x00', '0x00']
13:10:32.646  DEBUG   [poll]    -> read  st0cur    
13:10:32.650  DEBUG   [poll]    <- read  st0cur     ret=0  data=['0xfe', '0x01', '0x01', '0x02']
13:10:33.652  DEBUG   [poll]    -> read  st2mot    
13:10:33.655  DEBUG   [poll]    <- read  st2mot     ret=0  data=['0x00', '0x00']
13:10:33.655  DEBUG   [poll]    -> read  st0cur    
13:10:33.660  DEBUG   [poll]    <- read  st0cur     ret=0  data=['0xfe', '0x01', '0x01', '0x02']
13:10:34.661  DEBUG   [poll]    -> read  st2mot    
13:10:34.665  DEBUG   [poll]    <- read  st2mot     ret=0  data=['0x00', '0x00']
13:10:34.665  DEBUG   [poll]    -> read  st0cur    
13:10:34.669  DEBUG   [poll]    <- read  st0cur     ret=0  data=['0xfe', '0x01', '0x00', '0x02']
13:10:34.867  DEBUG   [client]  -> read  st0mot    
13:10:34.871  DEBUG   [client]  <- read  st0mot     ret=0  data=['0x00', '0x01', '0x00']
13:10:35.671  DEBUG   [poll]    -> read  st2mot    
13:10:35.675  DEBUG   [poll]    <- read  st2mot     ret=0  data=['0x00', '0x00']
13:10:35.675  DEBUG   [poll]    -> read  st0cur    
13:10:35.679  DEBUG   [poll]    <- read  st0cur     ret=0  data=['0xfd', '0x01', '0x00', '0x02']
13:10:36.681  DEBUG   [poll]    -> read  st2mot    
13:10:36.684  DEBUG   [poll]    <- read  st2mot     ret=0  data=['0x00', '0x00']
13:10:36.684  DEBUG   [poll]    -> read  st0cur    
13:10:36.689  DEBUG   [poll]    <- read  st0cur     ret=0  data=['0xfd', '0x01', '0x01', '0x02']
13:10:37.690  DEBUG   [poll]    -> read  st2mot    
13:10:37.697  DEBUG   [poll]    <- read  st2mot     ret=0  data=['0x00', '0x00']
13:10:37.698  DEBUG   [poll]    -> read  st0cur    
13:10:37.702  DEBUG   [poll]    <- read  st0cur     ret=0  data=['0xfe', '0x01', '0x01', '0x02']
13:10:38.675  DEBUG   [client]  -> read  st0mot    
13:10:38.679  DEBUG   [client]  <- read  st0mot     ret=0  data=['0x01', '0x01', '0x00']
13:10:38.704  DEBUG   [poll]    -> read  st2mot    
13:10:38.707  DEBUG   [poll]    <- read  st2mot     ret=0  data=['0x00', '0x00']
13:10:38.708  DEBUG   [poll]    -> read  st0cur    
13:10:38.712  DEBUG   [poll]    <- read  st0cur     ret=0  data=['0xfe', '0x01', '0x01', '0x02']
13:10:39.714  DEBUG   [poll]    -> read  st2mot    
13:10:39.717  DEBUG   [poll]    <- read  st2mot     ret=0  data=['0x00', '0x00']
13:10:39.718  DEBUG   [poll]    -> read  st0cur    
13:10:39.722  DEBUG   [poll]    <- read  st0cur     ret=0  data=['0xfd', '0x01', '0x01', '0x02']
13:10:40.723  DEBUG   [poll]    -> read  st2mot    
13:10:40.727  DEBUG   [poll]    <- read  st2mot     ret=0  data=['0x00', '0x00']
13:10:40.727  DEBUG   [poll]    -> read  st0cur    
13:10:40.731  DEBUG   [poll]    <- read  st0cur     ret=0  data=['0xfd', '0x01', '0x00', '0x02']
13:10:41.733  DEBUG   [poll]    -> read  st2mot    
13:10:41.736  DEBUG   [poll]    <- read  st2mot     ret=0  data=['0x00', '0x00']
13:10:41.737  DEBUG   [poll]    -> read  st0cur    
13:10:41.741  DEBUG   [poll]    <- read  st0cur     ret=0  data=['0xfd', '0x01', '0x00', '0x02']
13:10:42.196  DEBUG   [client]  -> read  st0mot    
13:10:42.200  DEBUG   [client]  <- read  st0mot     ret=0  data=['0x00', '0x01', '0x00']
13:10:42.742  DEBUG   [poll]    -> read  st2mot    
13:10:42.749  DEBUG   [poll]    <- read  st2mot     ret=0  data=['0x00', '0x00']
13:10:42.750  DEBUG   [poll]    -> read  st0cur    
13:10:42.754  DEBUG   [poll]    <- read  st0cur     ret=0  data=['0xfd', '0x01', '0x01', '0x02']
13:10:43.756  DEBUG   [poll]    -> read  st2mot    
13:10:43.759  DEBUG   [poll]    <- read  st2mot     ret=0  data=['0x00', '0x00']
13:10:43.760  DEBUG   [poll]    -> read  st0cur    
13:10:43.764  DEBUG   [poll]    <- read  st0cur     ret=0  data=['0xfd', '0x01', '0x00', '0x02']
13:10:44.765  DEBUG   [poll]    -> read  st2mot    
13:10:44.769  DEBUG   [poll]    <- read  st2mot     ret=0  data=['0x00', '0x00']
13:10:44.769  DEBUG   [poll]    -> read  st0cur    
13:10:44.773  DEBUG   [poll]    <- read  st0cur     ret=0  data=['0xfd', '0x01', '0x01', '0x02']
13:10:45.775  DEBUG   [poll]    -> read  st2mot    
13:10:45.779  DEBUG   [poll]    <- read  st2mot     ret=0  data=['0x00', '0x00']
13:10:45.779  DEBUG   [poll]    -> read  st0cur    
13:10:45.783  DEBUG   [poll]    <- read  st0cur     ret=0  data=['0xfd', '0x01', '0x01', '0x02']
13:10:46.244  DEBUG   [client]  -> read  st0mot    
13:10:46.248  DEBUG   [client]  <- read  st0mot     ret=0  data=['0x00', '0x01', '0x01']
13:10:46.785  DEBUG   [poll]    -> read  st2mot    
13:10:46.788  DEBUG   [poll]    <- read  st2mot     ret=0  data=['0x00', '0x00']
13:10:46.789  DEBUG   [poll]    -> read  st0cur    
13:10:46.793  DEBUG   [poll]    <- read  st0cur     ret=0  data=['0xfd', '0x01', '0x01', '0x02']
13:10:47.794  DEBUG   [poll]    -> read  st2mot    
13:10:47.798  DEBUG   [poll]    <- read  st2mot     ret=0  data=['0x00', '0x00']
13:10:47.798  DEBUG   [poll]    -> read  st0cur    
13:10:47.803  DEBUG   [poll]    <- read  st0cur     ret=0  data=['0xfd', '0x01', '0x01', '0x02']
13:10:48.804  DEBUG   [poll]    -> read  st2mot    
13:10:48.807  DEBUG   [poll]    <- read  st2mot     ret=0  data=['0x00', '0x00']
13:10:48.808  DEBUG   [poll]    -> read  st0cur    
13:10:48.812  DEBUG   [poll]    <- read  st0cur     ret=0  data=['0xfd', '0x01', '0x00', '0x02']
13:10:49.814  DEBUG   [poll]    -> read  st2mot    
13:10:49.817  DEBUG   [poll]    <- read  st2mot     ret=0  data=['0x00', '0x00']
13:10:49.817  DEBUG   [poll]    -> read  st0cur    
13:10:49.822  DEBUG   [poll]    <- read  st0cur     ret=0  data=['0xfd', '0x01', '0x00', '0x02']
13:10:50.823  DEBUG   [poll]    -> read  st2mot    
13:10:50.827  DEBUG   [poll]    <- read  st2mot     ret=0  data=['0x00', '0x00']
13:10:50.827  DEBUG   [poll]    -> read  st0cur    
13:10:50.831  DEBUG   [poll]    <- read  st0cur     ret=0  data=['0xfd', '0x01', '0x00', '0x02']
13:10:51.833  DEBUG   [poll]    -> read  st2mot    
13:10:51.836  DEBUG   [poll]    <- read  st2mot     ret=0  data=['0x00', '0x00']
13:10:51.837  DEBUG   [poll]    -> read  st0cur    
13:10:51.841  DEBUG   [poll]    <- read  st0cur     ret=0  data=['0xfe', '0x01', '0x00', '0x02']
13:10:52.842  DEBUG   [poll]    -> read  st2mot    
13:10:52.846  DEBUG   [poll]    <- read  st2mot     ret=0  data=['0x00', '0x00']
13:10:52.846  DEBUG   [poll]    -> read  st0cur    
13:10:52.851  DEBUG   [poll]    <- read  st0cur     ret=0  data=['0xfd', '0x01', '0x01', '0x02']
13:10:53.852  DEBUG   [poll]    -> read  st2mot    
13:10:53.856  DEBUG   [poll]    <- read  st2mot     ret=0  data=['0x00', '0x00']
13:10:53.856  DEBUG   [poll]    -> read  st0cur    
13:10:53.860  DEBUG   [poll]    <- read  st0cur     ret=0  data=['0xfd', '0x01', '0x01', '0x02']
13:10:54.862  DEBUG   [poll]    -> read  st2mot    
13:10:54.865  DEBUG   [poll]    <- read  st2mot     ret=0  data=['0x00', '0x00']
13:10:54.866  DEBUG   [poll]    -> read  st0cur    
13:10:54.870  DEBUG   [poll]    <- read  st0cur     ret=0  data=['0xfd', '0x01', '0x01', '0x02']
13:10:55.871  DEBUG   [poll]    -> read  st2mot    
13:10:55.875  DEBUG   [poll]    <- read  st2mot     ret=0  data=['0x00', '0x00']
13:10:55.875  DEBUG   [poll]    -> read  st0cur    
13:10:55.879  DEBUG   [poll]    <- read  st0cur     ret=0  data=['0xfd', '0x01', '0x01', '0x02']
13:10:56.881  DEBUG   [poll]    -> read  st2mot    
13:10:56.884  DEBUG   [poll]    <- read  st2mot     ret=0  data=['0x00', '0x00']
13:10:56.885  DEBUG   [poll]    -> read  st0cur    
13:10:56.889  DEBUG   [poll]    <- read  st0cur     ret=0  data=['0xfd', '0x01', '0x00', '0x02']
13:10:57.890  DEBUG   [poll]    -> read  st2mot    
13:10:57.894  DEBUG   [poll]    <- read  st2mot     ret=0  data=['0x00', '0x00']
13:10:57.894  DEBUG   [poll]    -> read  st0cur    
13:10:57.898  DEBUG   [poll]    <- read  st0cur     ret=0  data=['0xfd', '0x01', '0x01', '0x02']
13:10:58.900  DEBUG   [poll]    -> read  st2mot    
13:10:58.903  DEBUG   [poll]    <- read  st2mot     ret=0  data=['0x00', '0x00']
13:10:58.904  DEBUG   [poll]    -> read  st0cur    
13:10:58.908  DEBUG   [poll]    <- read  st0cur     ret=0  data=['0xfe', '0x01', '0x00', '0x02']
13:10:59.126  DEBUG   [client]  -> read  st0mot    
13:10:59.130  DEBUG   [client]  <- read  st0mot     ret=0  data=['0x00', '0x00', '0x01']
13:10:59.910  DEBUG   [poll]    -> read  st2mot    
13:10:59.913  DEBUG   [poll]    <- read  st2mot     ret=0  data=['0x00', '0x00']
13:10:59.914  DEBUG   [poll]    -> read  st0cur    
13:10:59.918  DEBUG   [poll]    <- read  st0cur     ret=0  data=['0xfd', '0x01', '0x00', '0x02']
13:11:00.919  DEBUG   [poll]    -> read  st2mot    
13:11:00.923  DEBUG   [poll]    <- read  st2mot     ret=0  data=['0x00', '0x00']
13:11:00.923  DEBUG   [poll]    -> read  st0cur    
13:11:00.927  DEBUG   [poll]    <- read  st0cur     ret=0  data=['0xfd', '0x01', '0x00', '0x02']
13:11:01.929  DEBUG   [poll]    -> read  st2mot    
13:11:01.932  DEBUG   [poll]    <- read  st2mot     ret=0  data=['0x00', '0x00']
13:11:01.933  DEBUG   [poll]    -> read  st0cur    
13:11:01.937  DEBUG   [poll]    <- read  st0cur     ret=0  data=['0xfd', '0x01', '0x01', '0x02']
13:11:02.939  DEBUG   [poll]    -> read  st2mot    
13:11:02.942  DEBUG   [poll]    <- read  st2mot     ret=0  data=['0x00', '0x00']
13:11:02.943  DEBUG   [poll]    -> read  st0cur    
13:11:02.947  DEBUG   [poll]    <- read  st0cur     ret=0  data=['0xfe', '0x01', '0x00', '0x02']
13:11:03.948  DEBUG   [poll]    -> read  st2mot    
13:11:03.952  DEBUG   [poll]    <- read  st2mot     ret=0  data=['0x00', '0x00']
13:11:03.952  DEBUG   [poll]    -> read  st0cur    
13:11:03.956  DEBUG   [poll]    <- read  st0cur     ret=0  data=['0xfd', '0x01', '0x00', '0x02']
13:11:04.503  DEBUG   [client]  -> read  st0mot    
13:11:04.507  DEBUG   [client]  <- read  st0mot     ret=0  data=['0x00', '0x01', '0x01']
13:11:04.958  DEBUG   [poll]    -> read  st2mot    
13:11:04.961  DEBUG   [poll]    <- read  st2mot     ret=0  data=['0x00', '0x00']
13:11:04.962  DEBUG   [poll]    -> read  st0cur    
13:11:04.966  DEBUG   [poll]    <- read  st0cur     ret=0  data=['0xfe', '0x01', '0x00', '0x02']
13:11:05.968  DEBUG   [poll]    -> read  st2mot    
13:11:05.971  DEBUG   [poll]    <- read  st2mot     ret=0  data=['0x00', '0x00']
13:11:05.972  DEBUG   [poll]    -> read  st0cur    
13:11:05.976  DEBUG   [poll]    <- read  st0cur     ret=0  data=['0xfd', '0x01', '0x01', '0x02']
13:11:06.977  DEBUG   [poll]    -> read  st2mot    
13:11:06.981  DEBUG   [poll]    <- read  st2mot     ret=0  data=['0x00', '0x00']
13:11:06.981  DEBUG   [poll]    -> read  st0cur    
13:11:06.985  DEBUG   [poll]    <- read  st0cur     ret=0  data=['0xfd', '0x01', '0x00', '0x02']
13:11:07.987  DEBUG   [poll]    -> read  st2mot    
13:11:07.990  DEBUG   [poll]    <- read  st2mot     ret=0  data=['0x00', '0x00']
13:11:07.991  DEBUG   [poll]    -> read  st0cur    
13:11:07.995  DEBUG   [poll]    <- read  st0cur     ret=0  data=['0xfe', '0x01', '0x00', '0x02']
13:11:08.997  DEBUG   [poll]    -> read  st2mot    
13:11:09.000  DEBUG   [poll]    <- read  st2mot     ret=0  data=['0x00', '0x00']
13:11:09.000  DEBUG   [poll]    -> read  st0cur    
13:11:09.005  DEBUG   [poll]    <- read  st0cur     ret=0  data=['0xfd', '0x01', '0x00', '0x02']
13:11:10.006  DEBUG   [poll]    -> read  st2mot    
13:11:10.010  DEBUG   [poll]    <- read  st2mot     ret=0  data=['0x00', '0x00']
13:11:10.010  DEBUG   [poll]    -> read  st0cur    
13:11:10.014  DEBUG   [poll]    <- read  st0cur     ret=0  data=['0xfd', '0x01', '0x00', '0x02']
13:11:11.016  DEBUG   [poll]    -> read  st2mot    
13:11:11.019  DEBUG   [poll]    <- read  st2mot     ret=0  data=['0x00', '0x00']
13:11:11.019  DEBUG   [poll]    -> read  st0cur    
13:11:11.024  DEBUG   [poll]    <- read  st0cur     ret=0  data=['0xfd', '0x01', '0x01', '0x02']
13:11:12.025  DEBUG   [poll]    -> read  st2mot    
13:11:12.028  DEBUG   [poll]    <- read  st2mot     ret=0  data=['0x00', '0x00']
13:11:12.029  DEBUG   [poll]    -> read  st0cur    
13:11:12.033  DEBUG   [poll]    <- read  st0cur     ret=0  data=['0xfd', '0x01', '0x00', '0x02']
13:11:13.035  DEBUG   [poll]    -> read  st2mot    
13:11:13.038  DEBUG   [poll]    <- read  st2mot     ret=0  data=['0x00', '0x00']
13:11:13.039  DEBUG   [poll]    -> read  st0cur    
13:11:13.043  DEBUG   [poll]    <- read  st0cur     ret=0  data=['0xfd', '0x01', '0x00', '0x02']
13:11:14.045  DEBUG   [poll]    -> read  st2mot    
13:11:14.048  DEBUG   [poll]    <- read  st2mot     ret=0  data=['0x00', '0x00']
13:11:14.048  DEBUG   [poll]    -> read  st0cur    
13:11:14.053  DEBUG   [poll]    <- read  st0cur     ret=0  data=['0xfd', '0x01', '0x00', '0x02']
13:11:15.054  DEBUG   [poll]    -> read  st2mot    
13:11:15.057  DEBUG   [poll]    <- read  st2mot     ret=0  data=['0x00', '0x00']
13:11:15.058  DEBUG   [poll]    -> read  st0cur    
13:11:15.062  DEBUG   [poll]    <- read  st0cur     ret=0  data=['0xfd', '0x01', '0x00', '0x02']
13:11:16.064  DEBUG   [poll]    -> read  st2mot    
13:11:16.067  DEBUG   [poll]    <- read  st2mot     ret=0  data=['0x00', '0x00']
13:11:16.067  DEBUG   [poll]    -> read  st0cur    
13:11:16.072  DEBUG   [poll]    <- read  st0cur     ret=0  data=['0xfd', '0x01', '0x01', '0x02']
13:11:17.073  DEBUG   [poll]    -> read  st2mot    
13:11:17.077  DEBUG   [poll]    <- read  st2mot     ret=0  data=['0x00', '0x00']
13:11:17.077  DEBUG   [poll]    -> read  st0cur    
13:11:17.081  DEBUG   [poll]    <- read  st0cur     ret=0  data=['0xfd', '0x01', '0x01', '0x02']
13:11:18.083  DEBUG   [poll]    -> read  st2mot    
13:11:18.086  DEBUG   [poll]    <- read  st2mot     ret=0  data=['0x00', '0x00']
13:11:18.087  DEBUG   [poll]    -> read  st0cur    
13:11:18.091  DEBUG   [poll]    <- read  st0cur     ret=0  data=['0xfd', '0x01', '0x01', '0x02']
13:11:19.093  DEBUG   [poll]    -> read  st2mot    
13:11:19.096  DEBUG   [poll]    <- read  st2mot     ret=0  data=['0x00', '0x00']
13:11:19.097  DEBUG   [poll]    -> read  st0cur    
13:11:19.101  DEBUG   [poll]    <- read  st0cur     ret=0  data=['0xfd', '0x01', '0x01', '0x02']
13:11:20.103  DEBUG   [poll]    -> read  st2mot    
13:11:20.106  DEBUG   [poll]    <- read  st2mot     ret=0  data=['0x00', '0x00']
13:11:20.107  DEBUG   [poll]    -> read  st0cur    
13:11:20.111  DEBUG   [poll]    <- read  st0cur     ret=0  data=['0xfd', '0x01', '0x01', '0x02']
13:11:21.113  DEBUG   [poll]    -> read  st2mot    
13:11:21.116  DEBUG   [poll]    <- read  st2mot     ret=0  data=['0x00', '0x00']
13:11:21.116  DEBUG   [poll]    -> read  st0cur    
13:11:21.120  DEBUG   [poll]    <- read  st0cur     ret=0  data=['0xfd', '0x01', '0x01', '0x02']
13:11:22.122  DEBUG   [poll]    -> read  st2mot    
13:11:22.125  DEBUG   [poll]    <- read  st2mot     ret=0  data=['0x00', '0x00']
13:11:22.126  DEBUG   [poll]    -> read  st0cur    
13:11:22.130  DEBUG   [poll]    <- read  st0cur     ret=0  data=['0xfe', '0x01', '0x00', '0x02']
13:11:23.131  DEBUG   [poll]    -> read  st2mot    
13:11:23.135  DEBUG   [poll]    <- read  st2mot     ret=0  data=['0x00', '0x00']
13:11:23.135  DEBUG   [poll]    -> read  st0cur    
13:11:23.139  DEBUG   [poll]    <- read  st0cur     ret=0  data=['0xfd', '0x01', '0x01', '0x02']
13:11:24.141  DEBUG   [poll]    -> read  st2mot    
13:11:24.144  DEBUG   [poll]    <- read  st2mot     ret=0  data=['0x00', '0x00']
13:11:24.145  DEBUG   [poll]    -> read  st0cur    
13:11:24.149  DEBUG   [poll]    <- read  st0cur     ret=0  data=['0xfd', '0x01', '0x01', '0x02']
13:11:25.150  WARNING idle 20.6s with connection still open — stopping motor
13:11:25.151  DEBUG   [poll]    -> write cntl3mot   data=['0x00', '0x00']
13:11:25.155  DEBUG   [poll]    -> read  st2mot    
13:11:25.158  DEBUG   [poll]    <- read  st2mot     ret=0  data=['0x00', '0x00']
13:11:25.158  DEBUG   [poll]    -> read  st0cur    
13:11:25.163  DEBUG   [poll]    <- read  st0cur     ret=0  data=['0xfe', '0x01', '0x01', '0x02']
13:11:26.164  DEBUG   [poll]    -> read  st2mot    
13:11:26.168  DEBUG   [poll]    <- read  st2mot     ret=0  data=['0x00', '0x00']
13:11:26.168  DEBUG   [poll]    -> read  st0cur    
13:11:26.172  DEBUG   [poll]    <- read  st0cur     ret=0  data=['0xfe', '0x01', '0x00', '0x02']
13:11:27.174  DEBUG   [poll]    -> read  st2mot    
13:11:27.177  DEBUG   [poll]    <- read  st2mot     ret=0  data=['0x00', '0x00']
13:11:27.178  DEBUG   [poll]    -> read  st0cur    
13:11:27.182  DEBUG   [poll]    <- read  st0cur     ret=0  data=['0xfd', '0x01', '0x00', '0x02']
13:11:28.183  DEBUG   [poll]    -> read  st2mot    
13:11:28.187  DEBUG   [poll]    <- read  st2mot     ret=0  data=['0x00', '0x00']
13:11:28.187  DEBUG   [poll]    -> read  st0cur    
13:11:28.192  DEBUG   [poll]    <- read  st0cur     ret=0  data=['0xfd', '0x01', '0x00', '0x02']
13:11:29.193  DEBUG   [poll]    -> read  st2mot    
13:11:29.197  DEBUG   [poll]    <- read  st2mot     ret=0  data=['0x00', '0x00']
13:11:29.197  DEBUG   [poll]    -> read  st0cur    
13:11:29.201  DEBUG   [poll]    <- read  st0cur     ret=0  data=['0xfd', '0x01', '0x00', '0x02']
13:11:30.203  DEBUG   [poll]    -> read  st2mot    
13:11:30.206  DEBUG   [poll]    <- read  st2mot     ret=0  data=['0x00', '0x00']
13:11:30.207  DEBUG   [poll]    -> read  st0cur    
13:11:30.211  DEBUG   [poll]    <- read  st0cur     ret=0  data=['0xfe', '0x01', '0x01', '0x02']
13:11:31.212  DEBUG   [poll]    -> read  st2mot    
13:11:31.216  DEBUG   [poll]    <- read  st2mot     ret=0  data=['0x00', '0x00']
13:11:31.216  DEBUG   [poll]    -> read  st0cur    
13:11:31.220  DEBUG   [poll]    <- read  st0cur     ret=0  data=['0xfd', '0x01', '0x00', '0x02']
13:11:32.222  DEBUG   [poll]    -> read  st2mot    
13:11:32.225  DEBUG   [poll]    <- read  st2mot     ret=0  data=['0x00', '0x00']
13:11:32.226  DEBUG   [poll]    -> read  st0cur    
13:11:32.230  DEBUG   [poll]    <- read  st0cur     ret=0  data=['0xfd', '0x01', '0x01', '0x02']
13:11:33.232  DEBUG   [poll]    -> read  st2mot    
13:11:33.235  DEBUG   [poll]    <- read  st2mot     ret=0  data=['0x00', '0x00']
13:11:33.235  DEBUG   [poll]    -> read  st0cur    
13:11:33.240  DEBUG   [poll]    <- read  st0cur     ret=0  data=['0xfd', '0x01', '0x01', '0x02']
13:11:34.241  DEBUG   [poll]    -> read  st2mot    
13:11:34.245  DEBUG   [poll]    <- read  st2mot     ret=0  data=['0x00', '0x00']
13:11:34.245  DEBUG   [poll]    -> read  st0cur    
13:11:34.249  DEBUG   [poll]    <- read  st0cur     ret=0  data=['0xfd', '0x01', '0x00', '0x02']
13:11:35.251  DEBUG   [poll]    -> read  st2mot    
13:11:35.254  DEBUG   [poll]    <- read  st2mot     ret=0  data=['0x00', '0x00']
13:11:35.255  DEBUG   [poll]    -> read  st0cur    
13:11:35.259  DEBUG   [poll]    <- read  st0cur     ret=0  data=['0xfd', '0x01', '0x00', '0x02']
13:11:36.260  DEBUG   [poll]    -> read  st2mot    
13:11:36.264  DEBUG   [poll]    <- read  st2mot     ret=0  data=['0x00', '0x00']
13:11:36.264  DEBUG   [poll]    -> read  st0cur    
13:11:36.268  DEBUG   [poll]    <- read  st0cur     ret=0  data=['0xfe', '0x01', '0x00', '0x02']
13:11:37.270  DEBUG   [poll]    -> read  st2mot    
13:11:37.273  DEBUG   [poll]    <- read  st2mot     ret=0  data=['0x00', '0x00']
13:11:37.273  DEBUG   [poll]    -> read  st0cur    
13:11:37.277  DEBUG   [poll]    <- read  st0cur     ret=0  data=['0xfd', '0x01', '0x00', '0x02']
13:11:38.279  DEBUG   [poll]    -> read  st2mot    
13:11:38.282  DEBUG   [poll]    <- read  st2mot     ret=0  data=['0x00', '0x00']
13:11:38.283  DEBUG   [poll]    -> read  st0cur    
13:11:38.288  DEBUG   [poll]    <- read  st0cur     ret=0  data=['0xfd', '0x01', '0x00', '0x02']
13:11:39.289  DEBUG   [poll]    -> read  st2mot    
13:11:39.293  DEBUG   [poll]    <- read  st2mot     ret=0  data=['0x00', '0x00']
13:11:39.293  DEBUG   [poll]    -> read  st0cur    
13:11:39.297  DEBUG   [poll]    <- read  st0cur     ret=0  data=['0xfe', '0x01', '0x01', '0x02']
13:11:39.627  DEBUG   [client]  -> read  st0cur    
13:11:39.632  DEBUG   [client]  <- read  st0cur     ret=0  data=['0xfe', '0x01', '0x01', '0x02']
13:11:40.299  DEBUG   [poll]    -> read  st2mot    
13:11:40.302  DEBUG   [poll]    <- read  st2mot     ret=0  data=['0x00', '0x00']
13:11:40.303  DEBUG   [poll]    -> read  st0cur    
13:11:40.307  DEBUG   [poll]    <- read  st0cur     ret=0  data=['0xfd', '0x01', '0x00', '0x02']
13:11:41.309  DEBUG   [poll]    -> read  st2mot    
13:11:41.312  DEBUG   [poll]    <- read  st2mot     ret=0  data=['0x00', '0x00']
13:11:41.312  DEBUG   [poll]    -> read  st0cur    
13:11:41.317  DEBUG   [poll]    <- read  st0cur     ret=0  data=['0xfe', '0x01', '0x00', '0x02']
13:11:42.318  DEBUG   [poll]    -> read  st2mot    
13:11:42.322  DEBUG   [poll]    <- read  st2mot     ret=0  data=['0x00', '0x00']
13:11:42.322  DEBUG   [poll]    -> read  st0cur    
13:11:42.326  DEBUG   [poll]    <- read  st0cur     ret=0  data=['0xfd', '0x01', '0x00', '0x02']
13:11:43.328  DEBUG   [poll]    -> read  st2mot    
13:11:43.331  DEBUG   [poll]    <- read  st2mot     ret=0  data=['0x00', '0x00']
13:11:43.332  DEBUG   [poll]    -> read  st0cur    
13:11:43.336  DEBUG   [poll]    <- read  st0cur     ret=0  data=['0xfd', '0x01', '0x01', '0x02']
13:11:44.338  DEBUG   [poll]    -> read  st2mot    
13:11:44.341  DEBUG   [poll]    <- read  st2mot     ret=0  data=['0x00', '0x00']
13:11:44.341  DEBUG   [poll]    -> read  st0cur    
13:11:44.346  DEBUG   [poll]    <- read  st0cur     ret=0  data=['0xfd', '0x01', '0x01', '0x02']
13:11:45.347  DEBUG   [poll]    -> read  st2mot    
13:11:45.351  DEBUG   [poll]    <- read  st2mot     ret=0  data=['0x00', '0x00']
13:11:45.351  DEBUG   [poll]    -> read  st0cur    
13:11:45.355  DEBUG   [poll]    <- read  st0cur     ret=0  data=['0xfd', '0x01', '0x00', '0x02']
13:11:46.357  DEBUG   [poll]    -> read  st2mot    
13:11:46.360  DEBUG   [poll]    <- read  st2mot     ret=0  data=['0x00', '0x00']
13:11:46.360  DEBUG   [poll]    -> read  st0cur    
13:11:46.365  DEBUG   [poll]    <- read  st0cur     ret=0  data=['0xfd', '0x01', '0x01', '0x02']
13:11:47.366  DEBUG   [poll]    -> read  st2mot    
13:11:47.370  DEBUG   [poll]    <- read  st2mot     ret=0  data=['0x00', '0x00']
13:11:47.370  DEBUG   [poll]    -> read  st0cur    
13:11:47.374  DEBUG   [poll]    <- read  st0cur     ret=0  data=['0xfd', '0x01', '0x01', '0x02']
13:11:48.376  DEBUG   [poll]    -> read  st2mot    
13:11:48.379  DEBUG   [poll]    <- read  st2mot     ret=0  data=['0x00', '0x00']
13:11:48.380  DEBUG   [poll]    -> read  st0cur    
13:11:48.384  DEBUG   [poll]    <- read  st0cur     ret=0  data=['0xfd', '0x01', '0x00', '0x02']
13:11:49.385  DEBUG   [poll]    -> read  st2mot    
13:11:49.389  DEBUG   [poll]    <- read  st2mot     ret=0  data=['0x00', '0x00']
13:11:49.389  DEBUG   [poll]    -> read  st0cur    
13:11:49.393  DEBUG   [poll]    <- read  st0cur     ret=0  data=['0xfe', '0x01', '0x00', '0x02']
13:11:50.395  DEBUG   [poll]    -> read  st2mot    
13:11:50.398  DEBUG   [poll]    <- read  st2mot     ret=0  data=['0x00', '0x00']
13:11:50.399  DEBUG   [poll]    -> read  st0cur    
13:11:50.403  DEBUG   [poll]    <- read  st0cur     ret=0  data=['0xfd', '0x01', '0x00', '0x02']
13:11:51.404  DEBUG   [poll]    -> read  st2mot    
13:11:51.408  DEBUG   [poll]    <- read  st2mot     ret=0  data=['0x00', '0x00']
13:11:51.408  DEBUG   [poll]    -> read  st0cur    
13:11:51.412  DEBUG   [poll]    <- read  st0cur     ret=0  data=['0xfd', '0x01', '0x00', '0x02']
13:11:52.414  DEBUG   [poll]    -> read  st2mot    
13:11:52.417  DEBUG   [poll]    <- read  st2mot     ret=0  data=['0x00', '0x00']
13:11:52.418  DEBUG   [poll]    -> read  st0cur    
13:11:52.422  DEBUG   [poll]    <- read  st0cur     ret=0  data=['0xfd', '0x01', '0x00', '0x02']
13:11:53.423  DEBUG   [poll]    -> read  st2mot    
13:11:53.427  DEBUG   [poll]    <- read  st2mot     ret=0  data=['0x00', '0x00']
13:11:53.427  DEBUG   [poll]    -> read  st0cur    
13:11:53.432  DEBUG   [poll]    <- read  st0cur     ret=0  data=['0xfd', '0x01', '0x00', '0x02']
13:11:54.433  DEBUG   [poll]    -> read  st2mot    
13:11:54.437  DEBUG   [poll]    <- read  st2mot     ret=0  data=['0x00', '0x00']
13:11:54.437  DEBUG   [poll]    -> read  st0cur    
13:11:54.441  DEBUG   [poll]    <- read  st0cur     ret=0  data=['0xfd', '0x01', '0x00', '0x02']
13:11:55.443  DEBUG   [poll]    -> read  st2mot    
13:11:55.446  DEBUG   [poll]    <- read  st2mot     ret=0  data=['0x00', '0x00']
13:11:55.447  DEBUG   [poll]    -> read  st0cur    
13:11:55.451  DEBUG   [poll]    <- read  st0cur     ret=0  data=['0xfd', '0x01', '0x00', '0x02']
13:11:56.452  DEBUG   [poll]    -> read  st2mot    
13:11:56.456  DEBUG   [poll]    <- read  st2mot     ret=0  data=['0x00', '0x00']
13:11:56.456  DEBUG   [poll]    -> read  st0cur    
13:11:56.460  DEBUG   [poll]    <- read  st0cur     ret=0  data=['0xfe', '0x01', '0x00', '0x02']
13:11:57.462  DEBUG   [poll]    -> read  st2mot    
13:11:57.465  DEBUG   [poll]    <- read  st2mot     ret=0  data=['0x00', '0x00']
13:11:57.466  DEBUG   [poll]    -> read  st0cur    
13:11:57.470  DEBUG   [poll]    <- read  st0cur     ret=0  data=['0xfd', '0x01', '0x01', '0x02']
13:11:58.472  DEBUG   [poll]    -> read  st2mot    
13:11:58.475  DEBUG   [poll]    <- read  st2mot     ret=0  data=['0x00', '0x00']
13:11:58.476  DEBUG   [poll]    -> read  st0cur    
13:11:58.481  DEBUG   [poll]    <- read  st0cur     ret=0  data=['0xfd', '0x01', '0x00', '0x02']
13:11:59.482  DEBUG   [poll]    -> read  st2mot    
13:11:59.486  DEBUG   [poll]    <- read  st2mot     ret=0  data=['0x00', '0x00']
13:11:59.486  DEBUG   [poll]    -> read  st0cur    
13:11:59.490  DEBUG   [poll]    <- read  st0cur     ret=0  data=['0xfd', '0x01', '0x01', '0x02']
13:11:59.966  DEBUG   [client]  -> read  st3mot    
13:11:59.972  DEBUG   [client]  <- read  st3mot     ret=0  data=['0x00', '0x00', '0x00', '0x00', '0x00', '0x00']
13:12:00.492  DEBUG   [poll]    -> read  st2mot    
13:12:00.495  DEBUG   [poll]    <- read  st2mot     ret=0  data=['0x00', '0x00']
13:12:00.496  DEBUG   [poll]    -> read  st0cur    
13:12:00.500  DEBUG   [poll]    <- read  st0cur     ret=0  data=['0xfd', '0x01', '0x00', '0x02']
13:12:01.502  DEBUG   [poll]    -> read  st2mot    
13:12:01.505  DEBUG   [poll]    <- read  st2mot     ret=0  data=['0x00', '0x00']
13:12:01.505  DEBUG   [poll]    -> read  st0cur    
13:12:01.510  DEBUG   [poll]    <- read  st0cur     ret=0  data=['0xfd', '0x01', '0x01', '0x02']
13:12:02.511  DEBUG   [poll]    -> read  st2mot    
13:12:02.515  DEBUG   [poll]    <- read  st2mot     ret=0  data=['0x00', '0x00']
13:12:02.515  DEBUG   [poll]    -> read  st0cur    
13:12:02.519  DEBUG   [poll]    <- read  st0cur     ret=0  data=['0xfd', '0x01', '0x01', '0x02']
13:12:02.718  DEBUG   [client]  -> read  st3mot    
13:12:02.724  DEBUG   [client]  <- read  st3mot     ret=0  data=['0x00', '0x00', '0x00', '0x00', '0x00', '0x00']
13:12:03.521  DEBUG   [poll]    -> read  st2mot    
13:12:03.524  DEBUG   [poll]    <- read  st2mot     ret=0  data=['0x00', '0x00']
13:12:03.525  DEBUG   [poll]    -> read  st0cur    
13:12:03.529  DEBUG   [poll]    <- read  st0cur     ret=0  data=['0xfd', '0x01', '0x00', '0x02']
13:12:04.531  DEBUG   [poll]    -> read  st2mot    
13:12:04.534  DEBUG   [poll]    <- read  st2mot     ret=0  data=['0x00', '0x00']
13:12:04.535  DEBUG   [poll]    -> read  st0cur    
13:12:04.539  DEBUG   [poll]    <- read  st0cur     ret=0  data=['0xfd', '0x01', '0x00', '0x02']
13:12:05.540  DEBUG   [poll]    -> read  st2mot    
13:12:05.544  DEBUG   [poll]    <- read  st2mot     ret=0  data=['0x00', '0x00']
13:12:05.544  DEBUG   [poll]    -> read  st0cur    
13:12:05.548  DEBUG   [poll]    <- read  st0cur     ret=0  data=['0xfd', '0x01', '0x01', '0x02']
13:12:06.550  DEBUG   [poll]    -> read  st2mot    
13:12:06.553  DEBUG   [poll]    <- read  st2mot     ret=0  data=['0x00', '0x00']
13:12:06.554  DEBUG   [poll]    -> read  st0cur    
13:12:06.558  DEBUG   [poll]    <- read  st0cur     ret=0  data=['0xfe', '0x01', '0x01', '0x02']
13:12:07.560  DEBUG   [poll]    -> read  st2mot    
13:12:07.563  DEBUG   [poll]    <- read  st2mot     ret=0  data=['0x00', '0x00']
13:12:07.563  DEBUG   [poll]    -> read  st0cur    
13:12:07.568  DEBUG   [poll]    <- read  st0cur     ret=0  data=['0xfd', '0x01', '0x01', '0x02']
13:12:08.569  DEBUG   [poll]    -> read  st2mot    
13:12:08.572  DEBUG   [poll]    <- read  st2mot     ret=0  data=['0x00', '0x00']
13:12:08.573  DEBUG   [poll]    -> read  st0cur    
13:12:08.578  DEBUG   [poll]    <- read  st0cur     ret=0  data=['0xfd', '0x01', '0x01', '0x02']
13:12:09.579  DEBUG   [poll]    -> read  st2mot    
13:12:09.583  DEBUG   [poll]    <- read  st2mot     ret=0  data=['0x00', '0x00']
13:12:09.583  DEBUG   [poll]    -> read  st0cur    
13:12:09.587  DEBUG   [poll]    <- read  st0cur     ret=0  data=['0xfd', '0x01', '0x00', '0x02']
13:12:10.589  DEBUG   [poll]    -> read  st2mot    
13:12:10.592  DEBUG   [poll]    <- read  st2mot     ret=0  data=['0x00', '0x00']
13:12:10.592  DEBUG   [poll]    -> read  st0cur    
13:12:10.597  DEBUG   [poll]    <- read  st0cur     ret=0  data=['0xfd', '0x01', '0x01', '0x02']
13:12:11.598  DEBUG   [poll]    -> read  st2mot    
13:12:11.602  DEBUG   [poll]    <- read  st2mot     ret=0  data=['0x00', '0x00']
13:12:11.602  DEBUG   [poll]    -> read  st0cur    
13:12:11.606  DEBUG   [poll]    <- read  st0cur     ret=0  data=['0xfd', '0x01', '0x00', '0x02']
13:12:12.608  DEBUG   [poll]    -> read  st2mot    
13:12:12.611  DEBUG   [poll]    <- read  st2mot     ret=0  data=['0x00', '0x00']
13:12:12.612  DEBUG   [poll]    -> read  st0cur    
13:12:12.616  DEBUG   [poll]    <- read  st0cur     ret=0  data=['0xfd', '0x01', '0x01', '0x02']
13:12:13.617  DEBUG   [poll]    -> read  st2mot    
13:12:13.621  DEBUG   [poll]    <- read  st2mot     ret=0  data=['0x00', '0x00']
13:12:13.621  DEBUG   [poll]    -> read  st0cur    
13:12:13.626  DEBUG   [poll]    <- read  st0cur     ret=0  data=['0xfd', '0x01', '0x01', '0x02']
13:12:14.627  DEBUG   [poll]    -> read  st2mot    
13:12:14.631  DEBUG   [poll]    <- read  st2mot     ret=0  data=['0x00', '0x00']
13:12:14.631  DEBUG   [poll]    -> read  st0cur    
13:12:14.635  DEBUG   [poll]    <- read  st0cur     ret=0  data=['0xfd', '0x01', '0x00', '0x02']
13:12:15.637  DEBUG   [poll]    -> read  st2mot    
13:12:15.640  DEBUG   [poll]    <- read  st2mot     ret=0  data=['0x00', '0x00']
13:12:15.640  DEBUG   [poll]    -> read  st0cur    
13:12:15.645  DEBUG   [poll]    <- read  st0cur     ret=0  data=['0xfd', '0x01', '0x00', '0x02']
13:12:16.646  DEBUG   [poll]    -> read  st2mot    
13:12:16.650  DEBUG   [poll]    <- read  st2mot     ret=0  data=['0x00', '0x00']
13:12:16.650  DEBUG   [poll]    -> read  st0cur    
13:12:16.654  DEBUG   [poll]    <- read  st0cur     ret=0  data=['0xfe', '0x01', '0x00', '0x02']
13:12:17.656  DEBUG   [poll]    -> read  st2mot    
13:12:17.659  DEBUG   [poll]    <- read  st2mot     ret=0  data=['0x00', '0x00']
13:12:17.660  DEBUG   [poll]    -> read  st0cur    
13:12:17.664  DEBUG   [poll]    <- read  st0cur     ret=0  data=['0xfd', '0x01', '0x00', '0x02']
13:12:18.665  DEBUG   [poll]    -> read  st2mot    
13:12:18.669  DEBUG   [poll]    <- read  st2mot     ret=0  data=['0x00', '0x00']
13:12:18.670  DEBUG   [poll]    -> read  st0cur    
13:12:18.674  DEBUG   [poll]    <- read  st0cur     ret=0  data=['0xfe', '0x01', '0x01', '0x02']
13:12:19.676  DEBUG   [poll]    -> read  st2mot    
13:12:19.679  DEBUG   [poll]    <- read  st2mot     ret=0  data=['0x00', '0x00']
13:12:19.680  DEBUG   [poll]    -> read  st0cur    
13:12:19.684  DEBUG   [poll]    <- read  st0cur     ret=0  data=['0xfd', '0x01', '0x00', '0x02']
13:12:20.685  DEBUG   [poll]    -> read  st2mot    
13:12:20.689  DEBUG   [poll]    <- read  st2mot     ret=0  data=['0x00', '0x00']
13:12:20.689  DEBUG   [poll]    -> read  st0cur    
13:12:20.693  DEBUG   [poll]    <- read  st0cur     ret=0  data=['0xfd', '0x01', '0x01', '0x02']
13:12:21.695  DEBUG   [poll]    -> read  st2mot    
13:12:21.698  DEBUG   [poll]    <- read  st2mot     ret=0  data=['0x00', '0x00']
13:12:21.699  DEBUG   [poll]    -> read  st0cur    
13:12:21.703  DEBUG   [poll]    <- read  st0cur     ret=0  data=['0xfd', '0x01', '0x00', '0x02']
13:12:22.704  DEBUG   [poll]    -> read  st2mot    
13:12:22.708  DEBUG   [poll]    <- read  st2mot     ret=0  data=['0x00', '0x00']
13:12:22.708  DEBUG   [poll]    -> read  st0cur    
13:12:22.713  DEBUG   [poll]    <- read  st0cur     ret=0  data=['0xfd', '0x01', '0x00', '0x02']
13:12:23.714  DEBUG   [poll]    -> read  st2mot    
13:12:23.717  DEBUG   [poll]    <- read  st2mot     ret=0  data=['0x00', '0x00']
13:12:23.718  DEBUG   [poll]    -> read  st0cur    
13:12:23.722  DEBUG   [poll]    <- read  st0cur     ret=0  data=['0xfd', '0x01', '0x00', '0x02']
13:12:24.724  DEBUG   [poll]    -> read  st2mot    
13:12:24.727  DEBUG   [poll]    <- read  st2mot     ret=0  data=['0x00', '0x00']
13:12:24.727  DEBUG   [poll]    -> read  st0cur    
13:12:24.732  DEBUG   [poll]    <- read  st0cur     ret=0  data=['0xfd', '0x01', '0x00', '0x02']
13:12:25.733  DEBUG   [poll]    -> read  st2mot    
13:12:25.736  DEBUG   [poll]    <- read  st2mot     ret=0  data=['0x00', '0x00']
13:12:25.737  DEBUG   [poll]    -> read  st0cur    
13:12:25.741  DEBUG   [poll]    <- read  st0cur     ret=0  data=['0xfd', '0x01', '0x00', '0x02']
13:12:26.743  DEBUG   [poll]    -> read  st2mot    
13:12:26.746  DEBUG   [poll]    <- read  st2mot     ret=0  data=['0x00', '0x00']
13:12:26.746  DEBUG   [poll]    -> read  st0cur    
13:12:26.751  DEBUG   [poll]    <- read  st0cur     ret=0  data=['0xfd', '0x01', '0x00', '0x02']
13:12:27.752  DEBUG   [poll]    -> read  st2mot    
13:12:27.756  DEBUG   [poll]    <- read  st2mot     ret=0  data=['0x00', '0x00']
13:12:27.756  DEBUG   [poll]    -> read  st0cur    
13:12:27.760  DEBUG   [poll]    <- read  st0cur     ret=0  data=['0xfd', '0x01', '0x01', '0x02']
13:12:28.762  DEBUG   [poll]    -> read  st2mot    
13:12:28.765  DEBUG   [poll]    <- read  st2mot     ret=0  data=['0x00', '0x00']
13:12:28.766  DEBUG   [poll]    -> read  st0cur    
13:12:28.770  DEBUG   [poll]    <- read  st0cur     ret=0  data=['0xfd', '0x01', '0x01', '0x02']
13:12:29.772  DEBUG   [poll]    -> read  st2mot    
13:12:29.775  DEBUG   [poll]    <- read  st2mot     ret=0  data=['0x00', '0x00']
13:12:29.775  DEBUG   [poll]    -> read  st0cur    
13:12:29.780  DEBUG   [poll]    <- read  st0cur     ret=0  data=['0xfd', '0x01', '0x00', '0x02']
13:12:30.781  DEBUG   [poll]    -> read  st2mot    
13:12:30.784  DEBUG   [poll]    <- read  st2mot     ret=0  data=['0x00', '0x00']
13:12:30.785  DEBUG   [poll]    -> read  st0cur    
13:12:30.789  DEBUG   [poll]    <- read  st0cur     ret=0  data=['0xfe', '0x01', '0x00', '0x02']
13:12:31.791  DEBUG   [poll]    -> read  st2mot    
13:12:31.794  DEBUG   [poll]    <- read  st2mot     ret=0  data=['0x00', '0x00']
13:12:31.794  DEBUG   [poll]    -> read  st0cur    
13:12:31.799  DEBUG   [poll]    <- read  st0cur     ret=0  data=['0xfd', '0x01', '0x00', '0x02']
13:12:32.800  DEBUG   [poll]    -> read  st2mot    
13:12:32.803  DEBUG   [poll]    <- read  st2mot     ret=0  data=['0x00', '0x00']
13:12:32.804  DEBUG   [poll]    -> read  st0cur    
13:12:32.808  DEBUG   [poll]    <- read  st0cur     ret=0  data=['0xfd', '0x01', '0x00', '0x02']
13:12:33.810  DEBUG   [poll]    -> read  st2mot    
13:12:33.813  DEBUG   [poll]    <- read  st2mot     ret=0  data=['0x00', '0x00']
13:12:33.814  DEBUG   [poll]    -> read  st0cur    
13:12:33.818  DEBUG   [poll]    <- read  st0cur     ret=0  data=['0xfd', '0x01', '0x00', '0x02']
13:12:34.819  DEBUG   [poll]    -> read  st2mot    
13:12:34.823  DEBUG   [poll]    <- read  st2mot     ret=0  data=['0x00', '0x00']
13:12:34.823  DEBUG   [poll]    -> read  st0cur    
13:12:34.827  DEBUG   [poll]    <- read  st0cur     ret=0  data=['0xfe', '0x01', '0x01', '0x02']
13:12:35.829  DEBUG   [poll]    -> read  st2mot    
13:12:35.832  DEBUG   [poll]    <- read  st2mot     ret=0  data=['0x00', '0x00']
13:12:35.833  DEBUG   [poll]    -> read  st0cur    
13:12:35.837  DEBUG   [poll]    <- read  st0cur     ret=0  data=['0xfd', '0x01', '0x01', '0x02']
13:12:36.838  DEBUG   [poll]    -> read  st2mot    
13:12:36.842  DEBUG   [poll]    <- read  st2mot     ret=0  data=['0x00', '0x00']
13:12:36.842  DEBUG   [poll]    -> read  st0cur    
13:12:36.846  DEBUG   [poll]    <- read  st0cur     ret=0  data=['0xfe', '0x01', '0x00', '0x02']
13:12:37.848  DEBUG   [poll]    -> read  st2mot    
13:12:37.851  DEBUG   [poll]    <- read  st2mot     ret=0  data=['0x00', '0x00']
13:12:37.852  DEBUG   [poll]    -> read  st0cur    
13:12:37.856  DEBUG   [poll]    <- read  st0cur     ret=0  data=['0xfe', '0x01', '0x00', '0x02']
13:12:38.857  DEBUG   [poll]    -> read  st2mot    
13:12:38.861  DEBUG   [poll]    <- read  st2mot     ret=0  data=['0x00', '0x00']
13:12:38.862  DEBUG   [poll]    -> read  st0cur    
13:12:38.866  DEBUG   [poll]    <- read  st0cur     ret=0  data=['0xfd', '0x01', '0x01', '0x02']
13:12:39.868  DEBUG   [poll]    -> read  st2mot    
13:12:39.871  DEBUG   [poll]    <- read  st2mot     ret=0  data=['0x00', '0x00']
13:12:39.871  DEBUG   [poll]    -> read  st0cur    
13:12:39.876  DEBUG   [poll]    <- read  st0cur     ret=0  data=['0xfd', '0x01', '0x00', '0x02']
13:12:40.877  DEBUG   [poll]    -> read  st2mot    
13:12:40.881  DEBUG   [poll]    <- read  st2mot     ret=0  data=['0x00', '0x00']
13:12:40.881  DEBUG   [poll]    -> read  st0cur    
13:12:40.885  DEBUG   [poll]    <- read  st0cur     ret=0  data=['0xfd', '0x01', '0x00', '0x02']
13:12:41.887  DEBUG   [poll]    -> read  st2mot    
13:12:41.890  DEBUG   [poll]    <- read  st2mot     ret=0  data=['0x00', '0x00']
13:12:41.891  DEBUG   [poll]    -> read  st0cur    
13:12:41.895  DEBUG   [poll]    <- read  st0cur     ret=0  data=['0xfd', '0x01', '0x00', '0x02']
13:12:42.896  DEBUG   [poll]    -> read  st2mot    
13:12:42.900  DEBUG   [poll]    <- read  st2mot     ret=0  data=['0x00', '0x00']
13:12:42.900  DEBUG   [poll]    -> read  st0cur    
13:12:42.904  DEBUG   [poll]    <- read  st0cur     ret=0  data=['0xfd', '0x01', '0x01', '0x02']
13:12:43.906  DEBUG   [poll]    -> read  st2mot    
13:12:43.909  DEBUG   [poll]    <- read  st2mot     ret=0  data=['0x00', '0x00']
13:12:43.910  DEBUG   [poll]    -> read  st0cur    
13:12:43.914  DEBUG   [poll]    <- read  st0cur     ret=0  data=['0xfd', '0x01', '0x01', '0x02']
13:12:44.916  DEBUG   [poll]    -> read  st2mot    
13:12:44.919  DEBUG   [poll]    <- read  st2mot     ret=0  data=['0x00', '0x00']
13:12:44.920  DEBUG   [poll]    -> read  st0cur    
13:12:44.924  DEBUG   [poll]    <- read  st0cur     ret=0  data=['0xfd', '0x01', '0x00', '0x02']
13:12:45.925  DEBUG   [poll]    -> read  st2mot    
13:12:45.929  DEBUG   [poll]    <- read  st2mot     ret=0  data=['0x00', '0x00']
13:12:45.929  DEBUG   [poll]    -> read  st0cur    
13:12:45.933  DEBUG   [poll]    <- read  st0cur     ret=0  data=['0xfd', '0x01', '0x00', '0x02']
13:12:46.935  DEBUG   [poll]    -> read  st2mot    
13:12:46.938  DEBUG   [poll]    <- read  st2mot     ret=0  data=['0x00', '0x00']
13:12:46.939  DEBUG   [poll]    -> read  st0cur    
13:12:46.943  DEBUG   [poll]    <- read  st0cur     ret=0  data=['0xfd', '0x01', '0x01', '0x02']
13:12:47.944  DEBUG   [poll]    -> read  st2mot    
13:12:47.948  DEBUG   [poll]    <- read  st2mot     ret=0  data=['0x00', '0x00']
13:12:47.948  DEBUG   [poll]    -> read  st0cur    
13:12:47.952  DEBUG   [poll]    <- read  st0cur     ret=0  data=['0xfe', '0x01', '0x01', '0x02']
13:12:48.954  DEBUG   [poll]    -> read  st2mot    
13:12:48.957  DEBUG   [poll]    <- read  st2mot     ret=0  data=['0x00', '0x00']
13:12:48.958  DEBUG   [poll]    -> read  st0cur    
13:12:48.962  DEBUG   [poll]    <- read  st0cur     ret=0  data=['0xfd', '0x01', '0x01', '0x02']
13:12:49.964  DEBUG   [poll]    -> read  st2mot    
13:12:49.967  DEBUG   [poll]    <- read  st2mot     ret=0  data=['0x00', '0x00']
13:12:49.967  DEBUG   [poll]    -> read  st0cur    
13:12:49.971  DEBUG   [poll]    <- read  st0cur     ret=0  data=['0xfd', '0x01', '0x00', '0x02']
13:12:50.973  DEBUG   [poll]    -> read  st2mot    
13:12:50.976  DEBUG   [poll]    <- read  st2mot     ret=0  data=['0x00', '0x00']
13:12:50.977  DEBUG   [poll]    -> read  st0cur    
13:12:50.981  DEBUG   [poll]    <- read  st0cur     ret=0  data=['0xfd', '0x01', '0x01', '0x02']
13:12:51.983  DEBUG   [poll]    -> read  st2mot    
13:12:51.986  DEBUG   [poll]    <- read  st2mot     ret=0  data=['0x00', '0x00']
13:12:51.986  DEBUG   [poll]    -> read  st0cur    
13:12:51.991  DEBUG   [poll]    <- read  st0cur     ret=0  data=['0xfd', '0x01', '0x01', '0x02']
13:12:52.992  DEBUG   [poll]    -> read  st2mot    
13:12:52.996  DEBUG   [poll]    <- read  st2mot     ret=0  data=['0x00', '0x00']
13:12:52.996  DEBUG   [poll]    -> read  st0cur    
13:12:53.000  DEBUG   [poll]    <- read  st0cur     ret=0  data=['0xfd', '0x01', '0x01', '0x02']
13:12:54.002  DEBUG   [poll]    -> read  st2mot    
13:12:54.005  DEBUG   [poll]    <- read  st2mot     ret=0  data=['0x00', '0x00']
13:12:54.006  DEBUG   [poll]    -> read  st0cur    
13:12:54.010  DEBUG   [poll]    <- read  st0cur     ret=0  data=['0xfd', '0x01', '0x00', '0x02']
13:12:55.012  DEBUG   [poll]    -> read  st2mot    
13:12:55.015  DEBUG   [poll]    <- read  st2mot     ret=0  data=['0x00', '0x00']
13:12:55.016  DEBUG   [poll]    -> read  st0cur    
13:12:55.020  DEBUG   [poll]    <- read  st0cur     ret=0  data=['0xfd', '0x01', '0x01', '0x02']
13:12:56.021  DEBUG   [poll]    -> read  st2mot    
13:12:56.025  DEBUG   [poll]    <- read  st2mot     ret=0  data=['0x00', '0x00']
13:12:56.025  DEBUG   [poll]    -> read  st0cur    
13:12:56.029  DEBUG   [poll]    <- read  st0cur     ret=0  data=['0xfe', '0x01', '0x00', '0x02']
13:12:57.031  DEBUG   [poll]    -> read  st2mot    
13:12:57.034  DEBUG   [poll]    <- read  st2mot     ret=0  data=['0x00', '0x00']
13:12:57.035  DEBUG   [poll]    -> read  st0cur    
13:12:57.039  DEBUG   [poll]    <- read  st0cur     ret=0  data=['0xfd', '0x01', '0x01', '0x02']
13:12:58.040  DEBUG   [poll]    -> read  st2mot    
13:12:58.044  DEBUG   [poll]    <- read  st2mot     ret=0  data=['0x00', '0x00']
13:12:58.044  DEBUG   [poll]    -> read  st0cur    
13:12:58.048  DEBUG   [poll]    <- read  st0cur     ret=0  data=['0xfe', '0x01', '0x00', '0x02']
13:12:59.050  DEBUG   [poll]    -> read  st2mot    
13:12:59.053  DEBUG   [poll]    <- read  st2mot     ret=0  data=['0x00', '0x00']
13:12:59.054  DEBUG   [poll]    -> read  st0cur    
13:12:59.058  DEBUG   [poll]    <- read  st0cur     ret=0  data=['0xfd', '0x01', '0x00', '0x02']
13:13:00.059  DEBUG   [poll]    -> read  st2mot    
13:13:00.063  DEBUG   [poll]    <- read  st2mot     ret=0  data=['0x00', '0x00']
13:13:00.063  DEBUG   [poll]    -> read  st0cur    
13:13:00.067  DEBUG   [poll]    <- read  st0cur     ret=0  data=['0xfd', '0x01', '0x00', '0x02']
13:13:01.069  DEBUG   [poll]    -> read  st2mot    
13:13:01.072  DEBUG   [poll]    <- read  st2mot     ret=0  data=['0x00', '0x00']
13:13:01.073  DEBUG   [poll]    -> read  st0cur    
13:13:01.077  DEBUG   [poll]    <- read  st0cur     ret=0  data=['0xfd', '0x01', '0x00', '0x02']
13:13:02.078  DEBUG   [poll]    -> read  st2mot    
13:13:02.082  DEBUG   [poll]    <- read  st2mot     ret=0  data=['0x00', '0x00']
13:13:02.082  DEBUG   [poll]    -> read  st0cur    
13:13:02.087  DEBUG   [poll]    <- read  st0cur     ret=0  data=['0xfd', '0x01', '0x00', '0x02']
13:13:03.088  DEBUG   [poll]    -> read  st2mot    
13:13:03.091  DEBUG   [poll]    <- read  st2mot     ret=0  data=['0x00', '0x00']
13:13:03.092  DEBUG   [poll]    -> read  st0cur    
13:13:03.096  DEBUG   [poll]    <- read  st0cur     ret=0  data=['0xfd', '0x01', '0x01', '0x02']
13:13:04.098  DEBUG   [poll]    -> read  st2mot    
13:13:04.101  DEBUG   [poll]    <- read  st2mot     ret=0  data=['0x00', '0x00']
13:13:04.102  DEBUG   [poll]    -> read  st0cur    
13:13:04.106  DEBUG   [poll]    <- read  st0cur     ret=0  data=['0xfd', '0x01', '0x01', '0x02']
13:13:05.108  DEBUG   [poll]    -> read  st2mot    
13:13:05.111  DEBUG   [poll]    <- read  st2mot     ret=0  data=['0x00', '0x00']
13:13:05.111  DEBUG   [poll]    -> read  st0cur    
13:13:05.116  DEBUG   [poll]    <- read  st0cur     ret=0  data=['0xfd', '0x01', '0x00', '0x02']
13:13:06.116  DEBUG   [poll]    -> read  st2mot    
13:13:06.120  DEBUG   [poll]    <- read  st2mot     ret=0  data=['0x00', '0x00']
13:13:06.120  DEBUG   [poll]    -> read  st0cur    
13:13:06.124  DEBUG   [poll]    <- read  st0cur     ret=0  data=['0xfd', '0x01', '0x00', '0x02']
13:13:07.126  DEBUG   [poll]    -> read  st2mot    
13:13:07.129  DEBUG   [poll]    <- read  st2mot     ret=0  data=['0x00', '0x00']
13:13:07.130  DEBUG   [poll]    -> read  st0cur    
13:13:07.134  DEBUG   [poll]    <- read  st0cur     ret=0  data=['0xfd', '0x01', '0x00', '0x02']
13:13:08.135  DEBUG   [poll]    -> read  st2mot    
13:13:08.139  DEBUG   [poll]    <- read  st2mot     ret=0  data=['0x00', '0x00']
13:13:08.139  DEBUG   [poll]    -> read  st0cur    
13:13:08.143  DEBUG   [poll]    <- read  st0cur     ret=0  data=['0xfd', '0x01', '0x01', '0x02']
13:13:09.145  DEBUG   [poll]    -> read  st2mot    
13:13:09.148  DEBUG   [poll]    <- read  st2mot     ret=0  data=['0x00', '0x00']
13:13:09.151  DEBUG   [poll]    -> read  st0cur    
13:13:09.156  DEBUG   [poll]    <- read  st0cur     ret=0  data=['0xfd', '0x01', '0x01', '0x02']
13:13:10.157  DEBUG   [poll]    -> read  st2mot    
13:13:10.161  DEBUG   [poll]    <- read  st2mot     ret=0  data=['0x00', '0x00']
13:13:10.161  DEBUG   [poll]    -> read  st0cur    
13:13:10.165  DEBUG   [poll]    <- read  st0cur     ret=0  data=['0xfd', '0x01', '0x00', '0x02']
13:13:11.166  DEBUG   [poll]    -> read  st2mot    
13:13:11.170  DEBUG   [poll]    <- read  st2mot     ret=0  data=['0x00', '0x00']
13:13:11.170  DEBUG   [poll]    -> read  st0cur    
13:13:11.174  DEBUG   [poll]    <- read  st0cur     ret=0  data=['0xfd', '0x01', '0x00', '0x02']
13:13:12.176  DEBUG   [poll]    -> read  st2mot    
13:13:12.179  DEBUG   [poll]    <- read  st2mot     ret=0  data=['0x00', '0x00']
13:13:12.180  DEBUG   [poll]    -> read  st0cur    
13:13:12.184  DEBUG   [poll]    <- read  st0cur     ret=0  data=['0xfd', '0x01', '0x00', '0x02']
13:13:13.185  DEBUG   [poll]    -> read  st2mot    
13:13:13.189  DEBUG   [poll]    <- read  st2mot     ret=0  data=['0x00', '0x00']
13:13:13.189  DEBUG   [poll]    -> read  st0cur    
13:13:13.193  DEBUG   [poll]    <- read  st0cur     ret=0  data=['0xfd', '0x01', '0x01', '0x02']
13:13:14.195  DEBUG   [poll]    -> read  st2mot    
13:13:14.198  DEBUG   [poll]    <- read  st2mot     ret=0  data=['0x00', '0x00']
13:13:14.199  DEBUG   [poll]    -> read  st0cur    
13:13:14.203  DEBUG   [poll]    <- read  st0cur     ret=0  data=['0xfe', '0x01', '0x00', '0x02']
13:13:15.205  DEBUG   [poll]    -> read  st2mot    
13:13:15.208  DEBUG   [poll]    <- read  st2mot     ret=0  data=['0x00', '0x00']
13:13:15.209  DEBUG   [poll]    -> read  st0cur    
13:13:15.213  DEBUG   [poll]    <- read  st0cur     ret=0  data=['0xfd', '0x01', '0x00', '0x02']
13:13:16.214  DEBUG   [poll]    -> read  st2mot    
13:13:16.218  DEBUG   [poll]    <- read  st2mot     ret=0  data=['0x00', '0x00']
13:13:16.218  DEBUG   [poll]    -> read  st0cur    
13:13:16.222  DEBUG   [poll]    <- read  st0cur     ret=0  data=['0xfe', '0x01', '0x00', '0x02']
13:13:17.224  DEBUG   [poll]    -> read  st2mot    
13:13:17.227  DEBUG   [poll]    <- read  st2mot     ret=0  data=['0x00', '0x00']
13:13:17.227  DEBUG   [poll]    -> read  st0cur    
13:13:17.232  DEBUG   [poll]    <- read  st0cur     ret=0  data=['0xfd', '0x01', '0x00', '0x02']
13:13:18.233  DEBUG   [poll]    -> read  st2mot    
13:13:18.236  DEBUG   [poll]    <- read  st2mot     ret=0  data=['0x00', '0x00']
13:13:18.237  DEBUG   [poll]    -> read  st0cur    
13:13:18.241  DEBUG   [poll]    <- read  st0cur     ret=0  data=['0xfe', '0x01', '0x01', '0x02']
13:13:19.243  DEBUG   [poll]    -> read  st2mot    
13:13:19.246  DEBUG   [poll]    <- read  st2mot     ret=0  data=['0x00', '0x00']
13:13:19.247  DEBUG   [poll]    -> read  st0cur    
13:13:19.251  DEBUG   [poll]    <- read  st0cur     ret=0  data=['0xfd', '0x01', '0x01', '0x02']
13:13:20.253  DEBUG   [poll]    -> read  st2mot    
13:13:20.256  DEBUG   [poll]    <- read  st2mot     ret=0  data=['0x00', '0x00']
13:13:20.256  DEBUG   [poll]    -> read  st0cur    
13:13:20.261  DEBUG   [poll]    <- read  st0cur     ret=0  data=['0xfd', '0x01', '0x00', '0x02']
13:13:21.262  DEBUG   [poll]    -> read  st2mot    
13:13:21.266  DEBUG   [poll]    <- read  st2mot     ret=0  data=['0x00', '0x00']
13:13:21.266  DEBUG   [poll]    -> read  st0cur    
13:13:21.270  DEBUG   [poll]    <- read  st0cur     ret=0  data=['0xfd', '0x01', '0x01', '0x02']
13:13:22.272  DEBUG   [poll]    -> read  st2mot    
13:13:22.275  DEBUG   [poll]    <- read  st2mot     ret=0  data=['0x00', '0x00']
13:13:22.276  DEBUG   [poll]    -> read  st0cur    
13:13:22.280  DEBUG   [poll]    <- read  st0cur     ret=0  data=['0xfd', '0x01', '0x01', '0x02']
13:13:23.281  DEBUG   [poll]    -> read  st2mot    
13:13:23.285  DEBUG   [poll]    <- read  st2mot     ret=0  data=['0x00', '0x00']
13:13:23.285  DEBUG   [poll]    -> read  st0cur    
13:13:23.289  DEBUG   [poll]    <- read  st0cur     ret=0  data=['0xfd', '0x01', '0x01', '0x02']
13:13:24.291  DEBUG   [poll]    -> read  st2mot    
13:13:24.294  DEBUG   [poll]    <- read  st2mot     ret=0  data=['0x00', '0x00']
13:13:24.295  DEBUG   [poll]    -> read  st0cur    
13:13:24.299  DEBUG   [poll]    <- read  st0cur     ret=0  data=['0xfd', '0x01', '0x00', '0x02']
13:13:25.301  DEBUG   [poll]    -> read  st2mot    
13:13:25.304  DEBUG   [poll]    <- read  st2mot     ret=0  data=['0x00', '0x00']
13:13:25.304  DEBUG   [poll]    -> read  st0cur    
13:13:25.309  DEBUG   [poll]    <- read  st0cur     ret=0  data=['0xfe', '0x01', '0x00', '0x02']
13:13:26.310  DEBUG   [poll]    -> read  st2mot    
13:13:26.313  DEBUG   [poll]    <- read  st2mot     ret=0  data=['0x00', '0x00']
13:13:26.314  DEBUG   [poll]    -> read  st0cur    
13:13:26.318  DEBUG   [poll]    <- read  st0cur     ret=0  data=['0xfd', '0x01', '0x00', '0x02']
13:13:27.320  DEBUG   [poll]    -> read  st2mot    
13:13:27.323  DEBUG   [poll]    <- read  st2mot     ret=0  data=['0x00', '0x00']
13:13:27.323  DEBUG   [poll]    -> read  st0cur    
13:13:27.327  DEBUG   [poll]    <- read  st0cur     ret=0  data=['0xfd', '0x01', '0x01', '0x02']
13:13:28.329  DEBUG   [poll]    -> read  st2mot    
13:13:28.332  DEBUG   [poll]    <- read  st2mot     ret=0  data=['0x00', '0x00']
13:13:28.333  DEBUG   [poll]    -> read  st0cur    
13:13:28.337  DEBUG   [poll]    <- read  st0cur     ret=0  data=['0xfe', '0x01', '0x00', '0x02']
13:13:29.338  DEBUG   [poll]    -> read  st2mot    
13:13:29.342  DEBUG   [poll]    <- read  st2mot     ret=0  data=['0x00', '0x00']
13:13:29.342  DEBUG   [poll]    -> read  st0cur    
13:13:29.347  DEBUG   [poll]    <- read  st0cur     ret=0  data=['0xfe', '0x01', '0x01', '0x02']
13:13:30.348  DEBUG   [poll]    -> read  st2mot    
13:13:30.352  DEBUG   [poll]    <- read  st2mot     ret=0  data=['0x00', '0x00']
13:13:30.352  DEBUG   [poll]    -> read  st0cur    
13:13:30.356  DEBUG   [poll]    <- read  st0cur     ret=0  data=['0xfd', '0x01', '0x00', '0x02']
13:13:31.358  DEBUG   [poll]    -> read  st2mot    
13:13:31.361  DEBUG   [poll]    <- read  st2mot     ret=0  data=['0x00', '0x00']
13:13:31.362  DEBUG   [poll]    -> read  st0cur    
13:13:31.366  DEBUG   [poll]    <- read  st0cur     ret=0  data=['0xfd', '0x01', '0x00', '0x02']
13:13:32.368  DEBUG   [poll]    -> read  st2mot    
13:13:32.371  DEBUG   [poll]    <- read  st2mot     ret=0  data=['0x00', '0x00']
13:13:32.371  DEBUG   [poll]    -> read  st0cur    
13:13:32.376  DEBUG   [poll]    <- read  st0cur     ret=0  data=['0xfd', '0x01', '0x00', '0x02']
13:13:33.377  DEBUG   [poll]    -> read  st2mot    
13:13:33.380  DEBUG   [poll]    <- read  st2mot     ret=0  data=['0x00', '0x00']
13:13:33.381  DEBUG   [poll]    -> read  st0cur    
13:13:33.385  DEBUG   [poll]    <- read  st0cur     ret=0  data=['0xfd', '0x01', '0x00', '0x02']
13:13:34.387  DEBUG   [poll]    -> read  st2mot    
13:13:34.390  DEBUG   [poll]    <- read  st2mot     ret=0  data=['0x00', '0x00']
13:13:34.390  DEBUG   [poll]    -> read  st0cur    
13:13:34.395  DEBUG   [poll]    <- read  st0cur     ret=0  data=['0xfd', '0x01', '0x00', '0x02']
13:13:35.396  DEBUG   [poll]    -> read  st2mot    
13:13:35.400  DEBUG   [poll]    <- read  st2mot     ret=0  data=['0x00', '0x00']
13:13:35.400  DEBUG   [poll]    -> read  st0cur    
13:13:35.404  DEBUG   [poll]    <- read  st0cur     ret=0  data=['0xfe', '0x01', '0x00', '0x02']
13:13:36.406  DEBUG   [poll]    -> read  st2mot    
13:13:36.409  DEBUG   [poll]    <- read  st2mot     ret=0  data=['0x00', '0x00']
13:13:36.410  DEBUG   [poll]    -> read  st0cur    
13:13:36.414  DEBUG   [poll]    <- read  st0cur     ret=0  data=['0xfd', '0x01', '0x01', '0x02']
13:13:37.415  DEBUG   [poll]    -> read  st2mot    
13:13:37.419  DEBUG   [poll]    <- read  st2mot     ret=0  data=['0x00', '0x00']
13:13:37.419  DEBUG   [poll]    -> read  st0cur    
13:13:37.423  DEBUG   [poll]    <- read  st0cur     ret=0  data=['0xfd', '0x01', '0x00', '0x02']
13:13:38.425  DEBUG   [poll]    -> read  st2mot    
13:13:38.428  DEBUG   [poll]    <- read  st2mot     ret=0  data=['0x00', '0x00']
13:13:38.429  DEBUG   [poll]    -> read  st0cur    
13:13:38.433  DEBUG   [poll]    <- read  st0cur     ret=0  data=['0xfd', '0x01', '0x01', '0x02']
13:13:39.434  DEBUG   [poll]    -> read  st2mot    
13:13:39.438  DEBUG   [poll]    <- read  st2mot     ret=0  data=['0x00', '0x00']
13:13:39.439  DEBUG   [poll]    -> read  st0cur    
13:13:39.443  DEBUG   [poll]    <- read  st0cur     ret=0  data=['0xfd', '0x01', '0x00', '0x02']
13:13:40.445  DEBUG   [poll]    -> read  st2mot    
13:13:40.448  DEBUG   [poll]    <- read  st2mot     ret=0  data=['0x00', '0x00']
13:13:40.448  DEBUG   [poll]    -> read  st0cur    
13:13:40.453  DEBUG   [poll]    <- read  st0cur     ret=0  data=['0xfe', '0x01', '0x01', '0x02']
13:13:41.454  DEBUG   [poll]    -> read  st2mot    
13:13:41.457  DEBUG   [poll]    <- read  st2mot     ret=0  data=['0x00', '0x00']
13:13:41.458  DEBUG   [poll]    -> read  st0cur    
13:13:41.462  DEBUG   [poll]    <- read  st0cur     ret=0  data=['0xfd', '0x01', '0x00', '0x02']
13:13:42.464  DEBUG   [poll]    -> read  st2mot    
13:13:42.467  DEBUG   [poll]    <- read  st2mot     ret=0  data=['0x00', '0x00']
13:13:42.467  DEBUG   [poll]    -> read  st0cur    
13:13:42.472  DEBUG   [poll]    <- read  st0cur     ret=0  data=['0xfd', '0x01', '0x01', '0x02']
13:13:43.473  DEBUG   [poll]    -> read  st2mot    
13:13:43.476  DEBUG   [poll]    <- read  st2mot     ret=0  data=['0x00', '0x00']
13:13:43.477  DEBUG   [poll]    -> read  st0cur    
13:13:43.481  DEBUG   [poll]    <- read  st0cur     ret=0  data=['0xfd', '0x01', '0x00', '0x02']
13:13:44.483  DEBUG   [poll]    -> read  st2mot    
13:13:44.486  DEBUG   [poll]    <- read  st2mot     ret=0  data=['0x00', '0x00']
13:13:44.487  DEBUG   [poll]    -> read  st0cur    
13:13:44.491  DEBUG   [poll]    <- read  st0cur     ret=0  data=['0xfd', '0x01', '0x01', '0x02']
13:13:45.493  DEBUG   [poll]    -> read  st2mot    
13:13:45.496  DEBUG   [poll]    <- read  st2mot     ret=0  data=['0x00', '0x00']
13:13:45.496  DEBUG   [poll]    -> read  st0cur    
13:13:45.501  DEBUG   [poll]    <- read  st0cur     ret=0  data=['0xfd', '0x01', '0x00', '0x02']
13:13:46.502  DEBUG   [poll]    -> read  st2mot    
13:13:46.506  DEBUG   [poll]    <- read  st2mot     ret=0  data=['0x00', '0x00']
13:13:46.506  DEBUG   [poll]    -> read  st0cur    
13:13:46.510  DEBUG   [poll]    <- read  st0cur     ret=0  data=['0xfe', '0x01', '0x01', '0x02']
13:13:47.512  DEBUG   [poll]    -> read  st2mot    
13:13:47.515  DEBUG   [poll]    <- read  st2mot     ret=0  data=['0x00', '0x00']
13:13:47.515  DEBUG   [poll]    -> read  st0cur    
13:13:47.520  DEBUG   [poll]    <- read  st0cur     ret=0  data=['0xfd', '0x01', '0x00', '0x02']
13:13:48.521  DEBUG   [poll]    -> read  st2mot    
13:13:48.524  DEBUG   [poll]    <- read  st2mot     ret=0  data=['0x00', '0x00']
13:13:48.525  DEBUG   [poll]    -> read  st0cur    
13:13:48.529  DEBUG   [poll]    <- read  st0cur     ret=0  data=['0xfd', '0x01', '0x00', '0x02']
13:13:49.531  DEBUG   [poll]    -> read  st2mot    
13:13:49.534  DEBUG   [poll]    <- read  st2mot     ret=0  data=['0x00', '0x00']
13:13:49.535  DEBUG   [poll]    -> read  st0cur    
13:13:49.539  DEBUG   [poll]    <- read  st0cur     ret=0  data=['0xfe', '0x01', '0x01', '0x02']
13:13:50.540  DEBUG   [poll]    -> read  st2mot    
13:13:50.544  DEBUG   [poll]    <- read  st2mot     ret=0  data=['0x00', '0x00']
13:13:50.544  DEBUG   [poll]    -> read  st0cur    
13:13:50.548  DEBUG   [poll]    <- read  st0cur     ret=0  data=['0xfd', '0x01', '0x01', '0x02']
13:13:51.550  DEBUG   [poll]    -> read  st2mot    
13:13:51.553  DEBUG   [poll]    <- read  st2mot     ret=0  data=['0x00', '0x00']
13:13:51.554  DEBUG   [poll]    -> read  st0cur    
13:13:51.558  DEBUG   [poll]    <- read  st0cur     ret=0  data=['0xfe', '0x01', '0x00', '0x02']
13:13:52.559  DEBUG   [poll]    -> read  st2mot    
13:13:52.563  DEBUG   [poll]    <- read  st2mot     ret=0  data=['0x00', '0x00']
13:13:52.563  DEBUG   [poll]    -> read  st0cur    
13:13:52.567  DEBUG   [poll]    <- read  st0cur     ret=0  data=['0xfd', '0x01', '0x00', '0x02']
13:13:53.569  DEBUG   [poll]    -> read  st2mot    
13:13:53.572  DEBUG   [poll]    <- read  st2mot     ret=0  data=['0x00', '0x00']
13:13:53.573  DEBUG   [poll]    -> read  st0cur    
13:13:53.577  DEBUG   [poll]    <- read  st0cur     ret=0  data=['0xfd', '0x01', '0x00', '0x02']
13:13:54.578  DEBUG   [poll]    -> read  st2mot    
13:13:54.582  DEBUG   [poll]    <- read  st2mot     ret=0  data=['0x00', '0x00']
13:13:54.584  DEBUG   [poll]    -> read  st0cur    
13:13:54.589  DEBUG   [poll]    <- read  st0cur     ret=0  data=['0xfd', '0x01', '0x01', '0x02']
13:13:55.590  DEBUG   [poll]    -> read  st2mot    
13:13:55.594  DEBUG   [poll]    <- read  st2mot     ret=0  data=['0x00', '0x00']
13:13:55.594  DEBUG   [poll]    -> read  st0cur    
13:13:55.598  DEBUG   [poll]    <- read  st0cur     ret=0  data=['0xfe', '0x01', '0x00', '0x02']
13:13:56.600  DEBUG   [poll]    -> read  st2mot    
13:13:56.603  DEBUG   [poll]    <- read  st2mot     ret=0  data=['0x00', '0x00']
13:13:56.603  DEBUG   [poll]    -> read  st0cur    
13:13:56.608  DEBUG   [poll]    <- read  st0cur     ret=0  data=['0xfd', '0x01', '0x01', '0x02']
13:13:57.609  DEBUG   [poll]    -> read  st2mot    
13:13:57.612  DEBUG   [poll]    <- read  st2mot     ret=0  data=['0x00', '0x00']
13:13:57.613  DEBUG   [poll]    -> read  st0cur    
13:13:57.617  DEBUG   [poll]    <- read  st0cur     ret=0  data=['0xfe', '0x01', '0x00', '0x02']
13:13:58.618  DEBUG   [poll]    -> read  st2mot    
13:13:58.622  DEBUG   [poll]    <- read  st2mot     ret=0  data=['0x00', '0x00']
13:13:58.622  DEBUG   [poll]    -> read  st0cur    
13:13:58.626  DEBUG   [poll]    <- read  st0cur     ret=0  data=['0xfd', '0x01', '0x01', '0x02']
13:13:59.628  DEBUG   [poll]    -> read  st2mot    
13:13:59.631  DEBUG   [poll]    <- read  st2mot     ret=0  data=['0x00', '0x00']
13:13:59.632  DEBUG   [poll]    -> read  st0cur    
13:13:59.636  DEBUG   [poll]    <- read  st0cur     ret=0  data=['0xfd', '0x01', '0x00', '0x02']
13:14:00.638  DEBUG   [poll]    -> read  st2mot    
13:14:00.641  DEBUG   [poll]    <- read  st2mot     ret=0  data=['0x00', '0x00']
13:14:00.642  DEBUG   [poll]    -> read  st0cur    
13:14:00.646  DEBUG   [poll]    <- read  st0cur     ret=0  data=['0xfd', '0x01', '0x00', '0x02']
13:14:01.647  DEBUG   [poll]    -> read  st2mot    
13:14:01.651  DEBUG   [poll]    <- read  st2mot     ret=0  data=['0x00', '0x00']
13:14:01.651  DEBUG   [poll]    -> read  st0cur    
13:14:01.655  DEBUG   [poll]    <- read  st0cur     ret=0  data=['0xfe', '0x01', '0x01', '0x02']
13:14:02.657  DEBUG   [poll]    -> read  st2mot    
13:14:02.660  DEBUG   [poll]    <- read  st2mot     ret=0  data=['0x00', '0x00']
13:14:02.661  DEBUG   [poll]    -> read  st0cur    
13:14:02.665  DEBUG   [poll]    <- read  st0cur     ret=0  data=['0xfd', '0x01', '0x01', '0x02']
13:14:03.667  DEBUG   [poll]    -> read  st2mot    
13:14:03.670  DEBUG   [poll]    <- read  st2mot     ret=0  data=['0x00', '0x00']
13:14:03.670  DEBUG   [poll]    -> read  st0cur    
13:14:03.674  DEBUG   [poll]    <- read  st0cur     ret=0  data=['0xfd', '0x01', '0x00', '0x02']
13:14:04.676  DEBUG   [poll]    -> read  st2mot    
13:14:04.680  DEBUG   [poll]    <- read  st2mot     ret=0  data=['0x00', '0x00']
13:14:04.680  DEBUG   [poll]    -> read  st0cur    
13:14:04.684  DEBUG   [poll]    <- read  st0cur     ret=0  data=['0xfd', '0x01', '0x00', '0x02']
13:14:05.686  DEBUG   [poll]    -> read  st2mot    
13:14:05.689  DEBUG   [poll]    <- read  st2mot     ret=0  data=['0x00', '0x00']
13:14:05.690  DEBUG   [poll]    -> read  st0cur    
13:14:05.694  DEBUG   [poll]    <- read  st0cur     ret=0  data=['0xfd', '0x01', '0x00', '0x02']
13:14:06.696  DEBUG   [poll]    -> read  st2mot    
13:14:06.699  DEBUG   [poll]    <- read  st2mot     ret=0  data=['0x00', '0x00']
13:14:06.699  DEBUG   [poll]    -> read  st0cur    
13:14:06.704  DEBUG   [poll]    <- read  st0cur     ret=0  data=['0xfd', '0x01', '0x00', '0x02']
13:14:07.705  DEBUG   [poll]    -> read  st2mot    
13:14:07.709  DEBUG   [poll]    <- read  st2mot     ret=0  data=['0x00', '0x00']
13:14:07.709  DEBUG   [poll]    -> read  st0cur    
13:14:07.713  DEBUG   [poll]    <- read  st0cur     ret=0  data=['0xfd', '0x01', '0x00', '0x02']
13:14:08.715  DEBUG   [poll]    -> read  st2mot    
13:14:08.718  DEBUG   [poll]    <- read  st2mot     ret=0  data=['0x00', '0x00']
13:14:08.719  DEBUG   [poll]    -> read  st0cur    
13:14:08.723  DEBUG   [poll]    <- read  st0cur     ret=0  data=['0xfd', '0x01', '0x01', '0x02']
13:14:09.724  DEBUG   [poll]    -> read  st2mot    
13:14:09.728  DEBUG   [poll]    <- read  st2mot     ret=0  data=['0x00', '0x00']
13:14:09.728  DEBUG   [poll]    -> read  st0cur    
13:14:09.733  DEBUG   [poll]    <- read  st0cur     ret=0  data=['0xfe', '0x01', '0x00', '0x02']
13:14:10.734  DEBUG   [poll]    -> read  st2mot    
13:14:10.738  DEBUG   [poll]    <- read  st2mot     ret=0  data=['0x00', '0x00']
13:14:10.738  DEBUG   [poll]    -> read  st0cur    
13:14:10.742  DEBUG   [poll]    <- read  st0cur     ret=0  data=['0xfd', '0x01', '0x01', '0x02']
13:14:11.744  DEBUG   [poll]    -> read  st2mot    
13:14:11.747  DEBUG   [poll]    <- read  st2mot     ret=0  data=['0x00', '0x00']
13:14:11.748  DEBUG   [poll]    -> read  st0cur    
13:14:11.752  DEBUG   [poll]    <- read  st0cur     ret=0  data=['0xfd', '0x01', '0x00', '0x02']
13:14:12.754  DEBUG   [poll]    -> read  st2mot    
13:14:12.757  DEBUG   [poll]    <- read  st2mot     ret=0  data=['0x00', '0x00']
13:14:12.757  DEBUG   [poll]    -> read  st0cur    
13:14:12.761  DEBUG   [poll]    <- read  st0cur     ret=0  data=['0xfe', '0x01', '0x00', '0x02']
13:14:13.763  DEBUG   [poll]    -> read  st2mot    
13:14:13.766  DEBUG   [poll]    <- read  st2mot     ret=0  data=['0x00', '0x00']
13:14:13.766  DEBUG   [poll]    -> read  st0cur    
13:14:13.771  DEBUG   [poll]    <- read  st0cur     ret=0  data=['0xfe', '0x01', '0x00', '0x02']
13:14:14.772  DEBUG   [poll]    -> read  st2mot    
13:14:14.776  DEBUG   [poll]    <- read  st2mot     ret=0  data=['0x00', '0x00']
13:14:14.776  DEBUG   [poll]    -> read  st0cur    
13:14:14.781  DEBUG   [poll]    <- read  st0cur     ret=0  data=['0xfd', '0x01', '0x01', '0x02']
13:14:15.782  DEBUG   [poll]    -> read  st2mot    
13:14:15.786  DEBUG   [poll]    <- read  st2mot     ret=0  data=['0x00', '0x00']
13:14:15.786  DEBUG   [poll]    -> read  st0cur    
13:14:15.791  DEBUG   [poll]    <- read  st0cur     ret=0  data=['0xfd', '0x01', '0x01', '0x02']
13:14:16.792  DEBUG   [poll]    -> read  st2mot    
13:14:16.796  DEBUG   [poll]    <- read  st2mot     ret=0  data=['0x00', '0x00']
13:14:16.796  DEBUG   [poll]    -> read  st0cur    
13:14:16.800  DEBUG   [poll]    <- read  st0cur     ret=0  data=['0xfd', '0x01', '0x00', '0x02']
13:14:17.802  DEBUG   [poll]    -> read  st2mot    
13:14:17.805  DEBUG   [poll]    <- read  st2mot     ret=0  data=['0x00', '0x00']
13:14:17.806  DEBUG   [poll]    -> read  st0cur    
13:14:17.810  DEBUG   [poll]    <- read  st0cur     ret=0  data=['0xfd', '0x01', '0x00', '0x02']
13:14:18.812  DEBUG   [poll]    -> read  st2mot    
13:14:18.815  DEBUG   [poll]    <- read  st2mot     ret=0  data=['0x00', '0x00']
13:14:18.815  DEBUG   [poll]    -> read  st0cur    
13:14:18.820  DEBUG   [poll]    <- read  st0cur     ret=0  data=['0xfd', '0x01', '0x00', '0x02']
13:14:19.821  DEBUG   [poll]    -> read  st2mot    
13:14:19.825  DEBUG   [poll]    <- read  st2mot     ret=0  data=['0x00', '0x00']
13:14:19.825  DEBUG   [poll]    -> read  st0cur    
13:14:19.830  DEBUG   [poll]    <- read  st0cur     ret=0  data=['0xfd', '0x01', '0x01', '0x02']
13:14:20.831  DEBUG   [poll]    -> read  st2mot    
13:14:20.834  DEBUG   [poll]    <- read  st2mot     ret=0  data=['0x00', '0x00']
13:14:20.835  DEBUG   [poll]    -> read  st0cur    
13:14:20.839  DEBUG   [poll]    <- read  st0cur     ret=0  data=['0xfd', '0x01', '0x00', '0x02']
13:14:21.841  DEBUG   [poll]    -> read  st2mot    
13:14:21.844  DEBUG   [poll]    <- read  st2mot     ret=0  data=['0x00', '0x00']
13:14:21.845  DEBUG   [poll]    -> read  st0cur    
13:14:21.849  DEBUG   [poll]    <- read  st0cur     ret=0  data=['0xfd', '0x01', '0x00', '0x02']
13:14:22.850  DEBUG   [poll]    -> read  st2mot    
13:14:22.854  DEBUG   [poll]    <- read  st2mot     ret=0  data=['0x00', '0x00']
13:14:22.854  DEBUG   [poll]    -> read  st0cur    
13:14:22.858  DEBUG   [poll]    <- read  st0cur     ret=0  data=['0xfd', '0x01', '0x00', '0x02']
13:14:23.860  DEBUG   [poll]    -> read  st2mot    
13:14:23.863  DEBUG   [poll]    <- read  st2mot     ret=0  data=['0x00', '0x00']
13:14:23.864  DEBUG   [poll]    -> read  st0cur    
13:14:23.868  DEBUG   [poll]    <- read  st0cur     ret=0  data=['0xfd', '0x01', '0x00', '0x02']
13:14:24.869  DEBUG   [poll]    -> read  st2mot    
13:14:24.873  DEBUG   [poll]    <- read  st2mot     ret=0  data=['0x00', '0x00']
13:14:24.873  DEBUG   [poll]    -> read  st0cur    
13:14:24.878  DEBUG   [poll]    <- read  st0cur     ret=0  data=['0xfd', '0x01', '0x00', '0x02']
13:14:25.879  DEBUG   [poll]    -> read  st2mot    
13:14:25.883  DEBUG   [poll]    <- read  st2mot     ret=0  data=['0x00', '0x00']
13:14:25.883  DEBUG   [poll]    -> read  st0cur    
13:14:25.887  DEBUG   [poll]    <- read  st0cur     ret=0  data=['0xfd', '0x01', '0x00', '0x02']
13:14:26.889  DEBUG   [poll]    -> read  st2mot    
13:14:26.892  DEBUG   [poll]    <- read  st2mot     ret=0  data=['0x00', '0x00']
13:14:26.892  DEBUG   [poll]    -> read  st0cur    
13:14:26.897  DEBUG   [poll]    <- read  st0cur     ret=0  data=['0xfd', '0x01', '0x01', '0x02']
13:14:27.898  DEBUG   [poll]    -> read  st2mot    
13:14:27.902  DEBUG   [poll]    <- read  st2mot     ret=0  data=['0x00', '0x00']
13:14:27.902  DEBUG   [poll]    -> read  st0cur    
13:14:27.906  DEBUG   [poll]    <- read  st0cur     ret=0  data=['0xfe', '0x01', '0x01', '0x02']
13:14:28.908  DEBUG   [poll]    -> read  st2mot    
13:14:28.911  DEBUG   [poll]    <- read  st2mot     ret=0  data=['0x00', '0x00']
13:14:28.912  DEBUG   [poll]    -> read  st0cur    
13:14:28.916  DEBUG   [poll]    <- read  st0cur     ret=0  data=['0xfd', '0x01', '0x01', '0x02']
13:14:29.917  DEBUG   [poll]    -> read  st2mot    
13:14:29.921  DEBUG   [poll]    <- read  st2mot     ret=0  data=['0x00', '0x00']
13:14:29.921  DEBUG   [poll]    -> read  st0cur    
13:14:29.926  DEBUG   [poll]    <- read  st0cur     ret=0  data=['0xfd', '0x01', '0x00', '0x02']
13:14:30.927  DEBUG   [poll]    -> read  st2mot    
13:14:30.930  DEBUG   [poll]    <- read  st2mot     ret=0  data=['0x00', '0x00']
13:14:30.931  DEBUG   [poll]    -> read  st0cur    
13:14:30.935  DEBUG   [poll]    <- read  st0cur     ret=0  data=['0xfd', '0x01', '0x00', '0x02']
13:14:31.937  DEBUG   [poll]    -> read  st2mot    
13:14:31.940  DEBUG   [poll]    <- read  st2mot     ret=0  data=['0x00', '0x00']
13:14:31.940  DEBUG   [poll]    -> read  st0cur    
13:14:31.945  DEBUG   [poll]    <- read  st0cur     ret=0  data=['0xfd', '0x01', '0x01', '0x02']
13:14:32.803  DEBUG   [client]  -> write cntl1mot   data=['0x03', '0xe8']
13:14:32.946  DEBUG   [poll]    -> read  st2mot    
13:14:32.950  DEBUG   [poll]    <- read  st2mot     ret=0  data=['0x19', '0x00']
13:14:32.950  DEBUG   [poll]    -> read  st0cur    
13:14:32.954  DEBUG   [poll]    <- read  st0cur     ret=0  data=['0xfe', '0x01', '0x00', '0x02']
13:14:33.956  DEBUG   [poll]    -> read  st2mot    
13:14:33.959  DEBUG   [poll]    <- read  st2mot     ret=0  data=['0x00', '0x00']
13:14:33.959  DEBUG   [poll]    -> read  st0cur    
13:14:33.964  DEBUG   [poll]    <- read  st0cur     ret=0  data=['0xfe', '0x01', '0x00', '0x02']
13:14:34.965  DEBUG   [poll]    -> read  st2mot    
13:14:34.968  DEBUG   [poll]    <- read  st2mot     ret=0  data=['0x00', '0x00']
13:14:34.969  DEBUG   [poll]    -> read  st0cur    
13:14:34.973  DEBUG   [poll]    <- read  st0cur     ret=0  data=['0xfe', '0x01', '0x00', '0x02']
13:14:35.975  DEBUG   [poll]    -> read  st2mot    
13:14:35.978  DEBUG   [poll]    <- read  st2mot     ret=0  data=['0x00', '0x00']
13:14:35.979  DEBUG   [poll]    -> read  st0cur    
13:14:35.983  DEBUG   [poll]    <- read  st0cur     ret=0  data=['0xfd', '0x01', '0x00', '0x02']
13:14:36.984  DEBUG   [poll]    -> read  st2mot    
13:14:36.988  DEBUG   [poll]    <- read  st2mot     ret=0  data=['0x00', '0x00']
13:14:36.988  DEBUG   [poll]    -> read  st0cur    
13:14:36.992  DEBUG   [poll]    <- read  st0cur     ret=0  data=['0xfd', '0x01', '0x01', '0x02']
13:14:37.994  DEBUG   [poll]    -> read  st2mot    
13:14:37.997  DEBUG   [poll]    <- read  st2mot     ret=0  data=['0x00', '0x00']
13:14:37.998  DEBUG   [poll]    -> read  st0cur    
13:14:38.002  DEBUG   [poll]    <- read  st0cur     ret=0  data=['0xfd', '0x01', '0x01', '0x02']
13:14:39.003  DEBUG   [poll]    -> read  st2mot    
13:14:39.007  DEBUG   [poll]    <- read  st2mot     ret=0  data=['0x00', '0x00']
13:14:39.007  DEBUG   [poll]    -> read  st0cur    
13:14:39.011  DEBUG   [poll]    <- read  st0cur     ret=0  data=['0xfd', '0x01', '0x00', '0x02']
13:14:40.013  DEBUG   [poll]    -> read  st2mot    
13:14:40.016  DEBUG   [poll]    <- read  st2mot     ret=0  data=['0x00', '0x00']
13:14:40.017  DEBUG   [poll]    -> read  st0cur    
13:14:40.022  DEBUG   [poll]    <- read  st0cur     ret=0  data=['0xfd', '0x01', '0x00', '0x02']
13:14:41.023  DEBUG   [poll]    -> read  st2mot    
13:14:41.026  DEBUG   [poll]    <- read  st2mot     ret=0  data=['0x00', '0x00']
13:14:41.027  DEBUG   [poll]    -> read  st0cur    
13:14:41.031  DEBUG   [poll]    <- read  st0cur     ret=0  data=['0xfd', '0x01', '0x00', '0x02']
13:14:42.033  DEBUG   [poll]    -> read  st2mot    
13:14:42.036  DEBUG   [poll]    <- read  st2mot     ret=0  data=['0x00', '0x00']
13:14:42.036  DEBUG   [poll]    -> read  st0cur    
13:14:42.041  DEBUG   [poll]    <- read  st0cur     ret=0  data=['0xfd', '0x01', '0x00', '0x02']
13:14:43.042  DEBUG   [poll]    -> read  st2mot    
13:14:43.046  DEBUG   [poll]    <- read  st2mot     ret=0  data=['0x00', '0x00']
13:14:43.046  DEBUG   [poll]    -> read  st0cur    
13:14:43.050  DEBUG   [poll]    <- read  st0cur     ret=0  data=['0xfe', '0x01', '0x00', '0x02']
13:14:44.052  DEBUG   [poll]    -> read  st2mot    
13:14:44.055  DEBUG   [poll]    <- read  st2mot     ret=0  data=['0x00', '0x00']
13:14:44.055  DEBUG   [poll]    -> read  st0cur    
13:14:44.060  DEBUG   [poll]    <- read  st0cur     ret=0  data=['0xfe', '0x01', '0x01', '0x02']
13:14:45.061  DEBUG   [poll]    -> read  st2mot    
13:14:45.065  DEBUG   [poll]    <- read  st2mot     ret=0  data=['0x00', '0x00']
13:14:45.065  DEBUG   [poll]    -> read  st0cur    
13:14:45.070  DEBUG   [poll]    <- read  st0cur     ret=0  data=['0xfd', '0x01', '0x00', '0x02']
13:14:46.071  DEBUG   [poll]    -> read  st2mot    
13:14:46.075  DEBUG   [poll]    <- read  st2mot     ret=0  data=['0x00', '0x00']
13:14:46.075  DEBUG   [poll]    -> read  st0cur    
13:14:46.079  DEBUG   [poll]    <- read  st0cur     ret=0  data=['0xfe', '0x01', '0x01', '0x02']
13:14:47.081  DEBUG   [poll]    -> read  st2mot    
13:14:47.084  DEBUG   [poll]    <- read  st2mot     ret=0  data=['0x00', '0x00']
13:14:47.084  DEBUG   [poll]    -> read  st0cur    
13:14:47.089  DEBUG   [poll]    <- read  st0cur     ret=0  data=['0xfd', '0x01', '0x01', '0x02']
13:14:48.090  DEBUG   [poll]    -> read  st2mot    
13:14:48.094  DEBUG   [poll]    <- read  st2mot     ret=0  data=['0x00', '0x00']
13:14:48.094  DEBUG   [poll]    -> read  st0cur    
13:14:48.098  DEBUG   [poll]    <- read  st0cur     ret=0  data=['0xfd', '0x01', '0x00', '0x02']
13:14:49.100  DEBUG   [poll]    -> read  st2mot    
13:14:49.103  DEBUG   [poll]    <- read  st2mot     ret=0  data=['0x00', '0x00']
13:14:49.103  DEBUG   [poll]    -> read  st0cur    
13:14:49.107  DEBUG   [poll]    <- read  st0cur     ret=0  data=['0xfd', '0x01', '0x01', '0x02']
13:14:50.109  DEBUG   [poll]    -> read  st2mot    
13:14:50.113  DEBUG   [poll]    <- read  st2mot     ret=0  data=['0x00', '0x00']
13:14:50.113  DEBUG   [poll]    -> read  st0cur    
13:14:50.117  DEBUG   [poll]    <- read  st0cur     ret=0  data=['0xfd', '0x01', '0x01', '0x02']
13:14:51.119  DEBUG   [poll]    -> read  st2mot    
13:14:51.122  DEBUG   [poll]    <- read  st2mot     ret=0  data=['0x00', '0x00']
13:14:51.123  DEBUG   [poll]    -> read  st0cur    
13:14:51.127  DEBUG   [poll]    <- read  st0cur     ret=0  data=['0xfd', '0x01', '0x01', '0x02']
13:14:52.128  DEBUG   [poll]    -> read  st2mot    
13:14:52.132  DEBUG   [poll]    <- read  st2mot     ret=0  data=['0x00', '0x00']
13:14:52.132  DEBUG   [poll]    -> read  st0cur    
13:14:52.136  DEBUG   [poll]    <- read  st0cur     ret=0  data=['0xfd', '0x01', '0x00', '0x02']
13:14:53.138  DEBUG   [poll]    -> read  st2mot    
13:14:53.141  DEBUG   [poll]    <- read  st2mot     ret=0  data=['0x00', '0x00']
13:14:53.142  DEBUG   [poll]    -> read  st0cur    
13:14:53.146  DEBUG   [poll]    <- read  st0cur     ret=0  data=['0xfd', '0x01', '0x00', '0x02']
13:14:54.148  DEBUG   [poll]    -> read  st2mot    
13:14:54.151  DEBUG   [poll]    <- read  st2mot     ret=0  data=['0x00', '0x00']
13:14:54.151  DEBUG   [poll]    -> read  st0cur    
13:14:54.156  DEBUG   [poll]    <- read  st0cur     ret=0  data=['0xfd', '0x01', '0x01', '0x02']
13:14:55.157  DEBUG   [poll]    -> read  st2mot    
13:14:55.161  DEBUG   [poll]    <- read  st2mot     ret=0  data=['0x00', '0x00']
13:14:55.161  DEBUG   [poll]    -> read  st0cur    
13:14:55.166  DEBUG   [poll]    <- read  st0cur     ret=0  data=['0xfd', '0x01', '0x01', '0x02']
13:14:56.167  DEBUG   [poll]    -> read  st2mot    
13:14:56.170  DEBUG   [poll]    <- read  st2mot     ret=0  data=['0x00', '0x00']
13:14:56.171  DEBUG   [poll]    -> read  st0cur    
13:14:56.175  DEBUG   [poll]    <- read  st0cur     ret=0  data=['0xfd', '0x01', '0x00', '0x02']
13:14:57.177  DEBUG   [poll]    -> read  st2mot    
13:14:57.180  DEBUG   [poll]    <- read  st2mot     ret=0  data=['0x00', '0x00']
13:14:57.180  DEBUG   [poll]    -> read  st0cur    
13:14:57.184  DEBUG   [poll]    <- read  st0cur     ret=0  data=['0xfd', '0x01', '0x01', '0x02']
13:14:58.186  DEBUG   [poll]    -> read  st2mot    
13:14:58.189  DEBUG   [poll]    <- read  st2mot     ret=0  data=['0x00', '0x00']
13:14:58.190  DEBUG   [poll]    -> read  st0cur    
13:14:58.194  DEBUG   [poll]    <- read  st0cur     ret=0  data=['0xfd', '0x01', '0x00', '0x02']
13:14:59.196  DEBUG   [poll]    -> read  st2mot    
13:14:59.199  DEBUG   [poll]    <- read  st2mot     ret=0  data=['0x00', '0x00']
13:14:59.199  DEBUG   [poll]    -> read  st0cur    
13:14:59.204  DEBUG   [poll]    <- read  st0cur     ret=0  data=['0xfd', '0x01', '0x01', '0x02']
13:15:00.205  DEBUG   [poll]    -> read  st2mot    
13:15:00.209  DEBUG   [poll]    <- read  st2mot     ret=0  data=['0x00', '0x00']
13:15:00.210  DEBUG   [poll]    -> read  st0cur    
13:15:00.214  DEBUG   [poll]    <- read  st0cur     ret=0  data=['0xfd', '0x01', '0x00', '0x02']
13:15:01.216  DEBUG   [poll]    -> read  st2mot    
13:15:01.219  DEBUG   [poll]    <- read  st2mot     ret=0  data=['0x00', '0x00']
13:15:01.220  DEBUG   [poll]    -> read  st0cur    
13:15:01.224  DEBUG   [poll]    <- read  st0cur     ret=0  data=['0xfd', '0x01', '0x00', '0x02']
13:15:02.226  DEBUG   [poll]    -> read  st2mot    
13:15:02.229  DEBUG   [poll]    <- read  st2mot     ret=0  data=['0x00', '0x00']
13:15:02.229  DEBUG   [poll]    -> read  st0cur    
13:15:02.234  DEBUG   [poll]    <- read  st0cur     ret=0  data=['0xfd', '0x01', '0x01', '0x02']
13:15:03.235  DEBUG   [poll]    -> read  st2mot    
13:15:03.239  DEBUG   [poll]    <- read  st2mot     ret=0  data=['0x00', '0x00']
13:15:03.239  DEBUG   [poll]    -> read  st0cur    
13:15:03.243  DEBUG   [poll]    <- read  st0cur     ret=0  data=['0xfe', '0x01', '0x00', '0x02']
13:15:04.245  DEBUG   [poll]    -> read  st2mot    
13:15:04.248  DEBUG   [poll]    <- read  st2mot     ret=0  data=['0x00', '0x00']
13:15:04.249  DEBUG   [poll]    -> read  st0cur    
13:15:04.253  DEBUG   [poll]    <- read  st0cur     ret=0  data=['0xfd', '0x01', '0x00', '0x02']
13:15:05.254  DEBUG   [poll]    -> read  st2mot    
13:15:05.258  DEBUG   [poll]    <- read  st2mot     ret=0  data=['0x00', '0x00']
13:15:05.258  DEBUG   [poll]    -> read  st0cur    
13:15:05.263  DEBUG   [poll]    <- read  st0cur     ret=0  data=['0xfd', '0x01', '0x01', '0x02']
13:15:06.264  DEBUG   [poll]    -> read  st2mot    
13:15:06.268  DEBUG   [poll]    <- read  st2mot     ret=0  data=['0x00', '0x00']
13:15:06.268  DEBUG   [poll]    -> read  st0cur    
13:15:06.272  DEBUG   [poll]    <- read  st0cur     ret=0  data=['0xfe', '0x01', '0x00', '0x02']
13:15:07.274  DEBUG   [poll]    -> read  st2mot    
13:15:07.277  DEBUG   [poll]    <- read  st2mot     ret=0  data=['0x00', '0x00']
13:15:07.278  DEBUG   [poll]    -> read  st0cur    
13:15:07.282  DEBUG   [poll]    <- read  st0cur     ret=0  data=['0xfd', '0x01', '0x00', '0x02']
13:15:08.283  DEBUG   [poll]    -> read  st2mot    
13:15:08.287  DEBUG   [poll]    <- read  st2mot     ret=0  data=['0x00', '0x00']
13:15:08.287  DEBUG   [poll]    -> read  st0cur    
13:15:08.291  DEBUG   [poll]    <- read  st0cur     ret=0  data=['0xfe', '0x01', '0x01', '0x02']
13:15:09.293  DEBUG   [poll]    -> read  st2mot    
13:15:09.296  DEBUG   [poll]    <- read  st2mot     ret=0  data=['0x00', '0x00']
13:15:09.297  DEBUG   [poll]    -> read  st0cur    
13:15:09.301  DEBUG   [poll]    <- read  st0cur     ret=0  data=['0xfd', '0x01', '0x01', '0x02']
13:15:10.302  DEBUG   [poll]    -> read  st2mot    
13:15:10.306  DEBUG   [poll]    <- read  st2mot     ret=0  data=['0x00', '0x00']
13:15:10.307  DEBUG   [poll]    -> read  st0cur    
13:15:10.311  DEBUG   [poll]    <- read  st0cur     ret=0  data=['0xfd', '0x01', '0x01', '0x02']
13:15:11.312  DEBUG   [poll]    -> read  st2mot    
13:15:11.316  DEBUG   [poll]    <- read  st2mot     ret=0  data=['0x00', '0x00']
13:15:11.316  DEBUG   [poll]    -> read  st0cur    
13:15:11.320  DEBUG   [poll]    <- read  st0cur     ret=0  data=['0xfd', '0x01', '0x00', '0x02']
13:15:12.322  DEBUG   [poll]    -> read  st2mot    
13:15:12.325  DEBUG   [poll]    <- read  st2mot     ret=0  data=['0x00', '0x00']
13:15:12.326  DEBUG   [poll]    -> read  st0cur    
13:15:12.330  DEBUG   [poll]    <- read  st0cur     ret=0  data=['0xfd', '0x01', '0x01', '0x02']
13:15:13.331  DEBUG   [poll]    -> read  st2mot    
13:15:13.335  DEBUG   [poll]    <- read  st2mot     ret=0  data=['0x00', '0x00']
13:15:13.335  DEBUG   [poll]    -> read  st0cur    
13:15:13.339  DEBUG   [poll]    <- read  st0cur     ret=0  data=['0xfe', '0x01', '0x00', '0x02']
13:15:14.341  DEBUG   [poll]    -> read  st2mot    
13:15:14.344  DEBUG   [poll]    <- read  st2mot     ret=0  data=['0x00', '0x00']
13:15:14.345  DEBUG   [poll]    -> read  st0cur    
13:15:14.349  DEBUG   [poll]    <- read  st0cur     ret=0  data=['0xfd', '0x01', '0x00', '0x02']
13:15:15.350  DEBUG   [poll]    -> read  st2mot    
13:15:15.354  DEBUG   [poll]    <- read  st2mot     ret=0  data=['0x00', '0x00']
13:15:15.354  DEBUG   [poll]    -> read  st0cur    
13:15:15.359  DEBUG   [poll]    <- read  st0cur     ret=0  data=['0xfd', '0x01', '0x01', '0x02']
13:15:16.360  DEBUG   [poll]    -> read  st2mot    
13:15:16.364  DEBUG   [poll]    <- read  st2mot     ret=0  data=['0x00', '0x00']
13:15:16.364  DEBUG   [poll]    -> read  st0cur    
13:15:16.368  DEBUG   [poll]    <- read  st0cur     ret=0  data=['0xfe', '0x01', '0x01', '0x02']
13:15:17.370  DEBUG   [poll]    -> read  st2mot    
13:15:17.373  DEBUG   [poll]    <- read  st2mot     ret=0  data=['0x00', '0x00']
13:15:17.374  DEBUG   [poll]    -> read  st0cur    
13:15:17.378  DEBUG   [poll]    <- read  st0cur     ret=0  data=['0xfd', '0x01', '0x00', '0x02']
13:15:18.379  DEBUG   [poll]    -> read  st2mot    
13:15:18.383  DEBUG   [poll]    <- read  st2mot     ret=0  data=['0x00', '0x00']
13:15:18.383  DEBUG   [poll]    -> read  st0cur    
13:15:18.387  DEBUG   [poll]    <- read  st0cur     ret=0  data=['0xfd', '0x01', '0x00', '0x02']
13:15:19.389  DEBUG   [poll]    -> read  st2mot    
13:15:19.392  DEBUG   [poll]    <- read  st2mot     ret=0  data=['0x00', '0x00']
13:15:19.393  DEBUG   [poll]    -> read  st0cur    
13:15:19.397  DEBUG   [poll]    <- read  st0cur     ret=0  data=['0xfd', '0x01', '0x00', '0x02']
13:15:20.398  DEBUG   [poll]    -> read  st2mot    
13:15:20.402  DEBUG   [poll]    <- read  st2mot     ret=0  data=['0x00', '0x00']
13:15:20.402  DEBUG   [poll]    -> read  st0cur    
13:15:20.407  DEBUG   [poll]    <- read  st0cur     ret=0  data=['0xfd', '0x01', '0x01', '0x02']
13:15:21.408  DEBUG   [poll]    -> read  st2mot    
13:15:21.412  DEBUG   [poll]    <- read  st2mot     ret=0  data=['0x00', '0x00']
13:15:21.412  DEBUG   [poll]    -> read  st0cur    
13:15:21.416  DEBUG   [poll]    <- read  st0cur     ret=0  data=['0xfd', '0x01', '0x01', '0x02']
13:15:22.418  DEBUG   [poll]    -> read  st2mot    
13:15:22.421  DEBUG   [poll]    <- read  st2mot     ret=0  data=['0x00', '0x00']
13:15:22.422  DEBUG   [poll]    -> read  st0cur    
13:15:22.426  DEBUG   [poll]    <- read  st0cur     ret=0  data=['0xfd', '0x01', '0x01', '0x02']
13:15:23.428  DEBUG   [poll]    -> read  st2mot    
13:15:23.431  DEBUG   [poll]    <- read  st2mot     ret=0  data=['0x00', '0x00']
13:15:23.431  DEBUG   [poll]    -> read  st0cur    
13:15:23.436  DEBUG   [poll]    <- read  st0cur     ret=0  data=['0xfd', '0x01', '0x00', '0x02']
13:15:24.437  DEBUG   [poll]    -> read  st2mot    
13:15:24.441  DEBUG   [poll]    <- read  st2mot     ret=0  data=['0x00', '0x00']
13:15:24.441  DEBUG   [poll]    -> read  st0cur    
13:15:24.445  DEBUG   [poll]    <- read  st0cur     ret=0  data=['0xfd', '0x01', '0x01', '0x02']
13:15:25.447  DEBUG   [poll]    -> read  st2mot    
13:15:25.450  DEBUG   [poll]    <- read  st2mot     ret=0  data=['0x00', '0x00']
13:15:25.451  DEBUG   [poll]    -> read  st0cur    
13:15:25.455  DEBUG   [poll]    <- read  st0cur     ret=0  data=['0xfd', '0x01', '0x01', '0x02']
13:15:26.456  DEBUG   [poll]    -> read  st2mot    
13:15:26.460  DEBUG   [poll]    <- read  st2mot     ret=0  data=['0x00', '0x00']
13:15:26.460  DEBUG   [poll]    -> read  st0cur    
13:15:26.464  DEBUG   [poll]    <- read  st0cur     ret=0  data=['0xfe', '0x01', '0x01', '0x02']
13:15:27.466  DEBUG   [poll]    -> read  st2mot    
13:15:27.469  DEBUG   [poll]    <- read  st2mot     ret=0  data=['0x00', '0x00']
13:15:27.470  DEBUG   [poll]    -> read  st0cur    
13:15:27.474  DEBUG   [poll]    <- read  st0cur     ret=0  data=['0xfd', '0x01', '0x00', '0x02']
13:15:28.476  DEBUG   [poll]    -> read  st2mot    
13:15:28.479  DEBUG   [poll]    <- read  st2mot     ret=0  data=['0x00', '0x00']
13:15:28.479  DEBUG   [poll]    -> read  st0cur    
13:15:28.483  DEBUG   [poll]    <- read  st0cur     ret=0  data=['0xfd', '0x01', '0x01', '0x02']
13:15:29.485  DEBUG   [poll]    -> read  st2mot    
13:15:29.488  DEBUG   [poll]    <- read  st2mot     ret=0  data=['0x00', '0x00']
13:15:29.489  DEBUG   [poll]    -> read  st0cur    
13:15:29.493  DEBUG   [poll]    <- read  st0cur     ret=0  data=['0xfd', '0x01', '0x01', '0x02']
13:15:30.495  DEBUG   [poll]    -> read  st2mot    
13:15:30.498  DEBUG   [poll]    <- read  st2mot     ret=0  data=['0x00', '0x00']
13:15:30.499  DEBUG   [poll]    -> read  st0cur    
13:15:30.503  DEBUG   [poll]    <- read  st0cur     ret=0  data=['0xfd', '0x01', '0x00', '0x02']
13:15:31.504  DEBUG   [poll]    -> read  st2mot    
13:15:31.508  DEBUG   [poll]    <- read  st2mot     ret=0  data=['0x00', '0x00']
13:15:31.508  DEBUG   [poll]    -> read  st0cur    
13:15:31.513  DEBUG   [poll]    <- read  st0cur     ret=0  data=['0xfd', '0x01', '0x01', '0x02']
13:15:32.514  DEBUG   [poll]    -> read  st2mot    
13:15:32.518  DEBUG   [poll]    <- read  st2mot     ret=0  data=['0x00', '0x00']
13:15:32.518  DEBUG   [poll]    -> read  st0cur    
13:15:32.522  DEBUG   [poll]    <- read  st0cur     ret=0  data=['0xfe', '0x01', '0x01', '0x02']
13:15:33.524  DEBUG   [poll]    -> read  st2mot    
13:15:33.527  DEBUG   [poll]    <- read  st2mot     ret=0  data=['0x00', '0x00']
13:15:33.527  DEBUG   [poll]    -> read  st0cur    
13:15:33.532  DEBUG   [poll]    <- read  st0cur     ret=0  data=['0xfe', '0x01', '0x01', '0x02']
13:15:34.533  DEBUG   [poll]    -> read  st2mot    
13:15:34.536  DEBUG   [poll]    <- read  st2mot     ret=0  data=['0x00', '0x00']
13:15:34.537  DEBUG   [poll]    -> read  st0cur    
13:15:34.541  DEBUG   [poll]    <- read  st0cur     ret=0  data=['0xfd', '0x01', '0x00', '0x02']
13:15:35.543  DEBUG   [poll]    -> read  st2mot    
13:15:35.546  DEBUG   [poll]    <- read  st2mot     ret=0  data=['0x00', '0x00']
13:15:35.548  DEBUG   [poll]    -> read  st0cur    
13:15:35.553  DEBUG   [poll]    <- read  st0cur     ret=0  data=['0xfd', '0x01', '0x01', '0x02']
13:15:36.554  DEBUG   [poll]    -> read  st2mot    
13:15:36.558  DEBUG   [poll]    <- read  st2mot     ret=0  data=['0x00', '0x00']
13:15:36.558  DEBUG   [poll]    -> read  st0cur    
13:15:36.562  DEBUG   [poll]    <- read  st0cur     ret=0  data=['0xfd', '0x01', '0x01', '0x02']
13:15:37.564  DEBUG   [poll]    -> read  st2mot    
13:15:37.567  DEBUG   [poll]    <- read  st2mot     ret=0  data=['0x00', '0x00']
13:15:37.568  DEBUG   [poll]    -> read  st0cur    
13:15:37.572  DEBUG   [poll]    <- read  st0cur     ret=0  data=['0xfd', '0x01', '0x01', '0x02']
13:15:38.573  DEBUG   [poll]    -> read  st2mot    
13:15:38.577  DEBUG   [poll]    <- read  st2mot     ret=0  data=['0x00', '0x00']
13:15:38.577  DEBUG   [poll]    -> read  st0cur    
13:15:38.581  DEBUG   [poll]    <- read  st0cur     ret=0  data=['0xfd', '0x01', '0x00', '0x02']
13:15:39.583  DEBUG   [poll]    -> read  st2mot    
13:15:39.586  DEBUG   [poll]    <- read  st2mot     ret=0  data=['0x00', '0x00']
13:15:39.587  DEBUG   [poll]    -> read  st0cur    
13:15:39.591  DEBUG   [poll]    <- read  st0cur     ret=0  data=['0xfd', '0x01', '0x00', '0x02']
13:15:40.593  DEBUG   [poll]    -> read  st2mot    
13:15:40.596  DEBUG   [poll]    <- read  st2mot     ret=0  data=['0x00', '0x00']
13:15:40.597  DEBUG   [poll]    -> read  st0cur    
13:15:40.601  DEBUG   [poll]    <- read  st0cur     ret=0  data=['0xfd', '0x01', '0x01', '0x02']
13:15:41.603  DEBUG   [poll]    -> read  st2mot    
13:15:41.606  DEBUG   [poll]    <- read  st2mot     ret=0  data=['0x00', '0x00']
13:15:41.607  DEBUG   [poll]    -> read  st0cur    
13:15:41.611  DEBUG   [poll]    <- read  st0cur     ret=0  data=['0xfe', '0x01', '0x00', '0x02']
13:15:42.612  DEBUG   [poll]    -> read  st2mot    
13:15:42.616  DEBUG   [poll]    <- read  st2mot     ret=0  data=['0x00', '0x00']
13:15:42.616  DEBUG   [poll]    -> read  st0cur    
13:15:42.620  DEBUG   [poll]    <- read  st0cur     ret=0  data=['0xfe', '0x01', '0x01', '0x02']
13:15:43.622  DEBUG   [poll]    -> read  st2mot    
13:15:43.625  DEBUG   [poll]    <- read  st2mot     ret=0  data=['0x00', '0x00']
13:15:43.626  DEBUG   [poll]    -> read  st0cur    
13:15:43.630  DEBUG   [poll]    <- read  st0cur     ret=0  data=['0xfe', '0x01', '0x01', '0x02']
13:15:43.709  DEBUG   [client]  -> write cntl1mot   data=['0xfc', '0x18']
13:15:44.632  DEBUG   [poll]    -> read  st2mot    
13:15:44.635  DEBUG   [poll]    <- read  st2mot     ret=0  data=['0x00', '0x00']
13:15:44.635  DEBUG   [poll]    -> read  st0cur    
13:15:44.640  DEBUG   [poll]    <- read  st0cur     ret=0  data=['0xfd', '0x01', '0x00', '0x02']
13:15:45.641  DEBUG   [poll]    -> read  st2mot    
13:15:45.645  DEBUG   [poll]    <- read  st2mot     ret=0  data=['0x00', '0x00']
13:15:45.645  DEBUG   [poll]    -> read  st0cur    
13:15:45.649  DEBUG   [poll]    <- read  st0cur     ret=0  data=['0xfe', '0x01', '0x00', '0x02']
13:15:46.651  DEBUG   [poll]    -> read  st2mot    
13:15:46.654  DEBUG   [poll]    <- read  st2mot     ret=0  data=['0x00', '0x00']
13:15:46.655  DEBUG   [poll]    -> read  st0cur    
13:15:46.659  DEBUG   [poll]    <- read  st0cur     ret=0  data=['0xfe', '0x01', '0x00', '0x02']
13:15:47.661  DEBUG   [poll]    -> read  st2mot    
13:15:47.664  DEBUG   [poll]    <- read  st2mot     ret=0  data=['0x00', '0x00']
13:15:47.664  DEBUG   [poll]    -> read  st0cur    
13:15:47.669  DEBUG   [poll]    <- read  st0cur     ret=0  data=['0xfd', '0x01', '0x01', '0x02']
13:15:48.670  DEBUG   [poll]    -> read  st2mot    
13:15:48.673  DEBUG   [poll]    <- read  st2mot     ret=0  data=['0x00', '0x00']
13:15:48.674  DEBUG   [poll]    -> read  st0cur    
13:15:48.678  DEBUG   [poll]    <- read  st0cur     ret=0  data=['0xfd', '0x01', '0x01', '0x02']
13:15:49.680  DEBUG   [poll]    -> read  st2mot    
13:15:49.683  DEBUG   [poll]    <- read  st2mot     ret=0  data=['0x00', '0x00']
13:15:49.683  DEBUG   [poll]    -> read  st0cur    
13:15:49.687  DEBUG   [poll]    <- read  st0cur     ret=0  data=['0xfd', '0x01', '0x00', '0x02']
13:15:50.689  DEBUG   [poll]    -> read  st2mot    
13:15:50.693  DEBUG   [poll]    <- read  st2mot     ret=0  data=['0x00', '0x00']
13:15:50.693  DEBUG   [poll]    -> read  st0cur    
13:15:50.697  DEBUG   [poll]    <- read  st0cur     ret=0  data=['0xfd', '0x01', '0x01', '0x02']
13:15:51.699  DEBUG   [poll]    -> read  st2mot    
13:15:51.702  DEBUG   [poll]    <- read  st2mot     ret=0  data=['0x00', '0x00']
13:15:51.703  DEBUG   [poll]    -> read  st0cur    
13:15:51.707  DEBUG   [poll]    <- read  st0cur     ret=0  data=['0xfe', '0x01', '0x00', '0x02']
13:15:52.709  DEBUG   [poll]    -> read  st2mot    
13:15:52.712  DEBUG   [poll]    <- read  st2mot     ret=0  data=['0x00', '0x00']
13:15:52.712  DEBUG   [poll]    -> read  st0cur    
13:15:52.716  DEBUG   [poll]    <- read  st0cur     ret=0  data=['0xfd', '0x01', '0x01', '0x02']
13:15:53.718  DEBUG   [poll]    -> read  st2mot    
13:15:53.721  DEBUG   [poll]    <- read  st2mot     ret=0  data=['0x00', '0x00']
13:15:53.722  DEBUG   [poll]    -> read  st0cur    
13:15:53.726  DEBUG   [poll]    <- read  st0cur     ret=0  data=['0xfd', '0x01', '0x01', '0x02']
13:15:54.727  DEBUG   [poll]    -> read  st2mot    
13:15:54.731  DEBUG   [poll]    <- read  st2mot     ret=0  data=['0x00', '0x00']
13:15:54.731  DEBUG   [poll]    -> read  st0cur    
13:15:54.735  DEBUG   [poll]    <- read  st0cur     ret=0  data=['0xfe', '0x01', '0x00', '0x02']
13:15:55.737  DEBUG   [poll]    -> read  st2mot    
13:15:55.740  DEBUG   [poll]    <- read  st2mot     ret=0  data=['0x00', '0x00']
13:15:55.741  DEBUG   [poll]    -> read  st0cur    
13:15:55.745  DEBUG   [poll]    <- read  st0cur     ret=0  data=['0xfd', '0x01', '0x01', '0x02']
13:15:56.746  DEBUG   [poll]    -> read  st2mot    
13:15:56.750  DEBUG   [poll]    <- read  st2mot     ret=0  data=['0x00', '0x00']
13:15:56.750  DEBUG   [poll]    -> read  st0cur    
13:15:56.754  DEBUG   [poll]    <- read  st0cur     ret=0  data=['0xfe', '0x01', '0x01', '0x02']
13:15:57.756  DEBUG   [poll]    -> read  st2mot    
13:15:57.759  DEBUG   [poll]    <- read  st2mot     ret=0  data=['0x00', '0x00']
13:15:57.760  DEBUG   [poll]    -> read  st0cur    
13:15:57.764  DEBUG   [poll]    <- read  st0cur     ret=0  data=['0xfd', '0x01', '0x01', '0x02']
13:15:58.765  DEBUG   [poll]    -> read  st2mot    
13:15:58.769  DEBUG   [poll]    <- read  st2mot     ret=0  data=['0x00', '0x00']
13:15:58.769  DEBUG   [poll]    -> read  st0cur    
13:15:58.774  DEBUG   [poll]    <- read  st0cur     ret=0  data=['0xfd', '0x01', '0x01', '0x02']
13:15:59.775  DEBUG   [poll]    -> read  st2mot    
13:15:59.778  DEBUG   [poll]    <- read  st2mot     ret=0  data=['0x00', '0x00']
13:15:59.779  DEBUG   [poll]    -> read  st0cur    
13:15:59.783  DEBUG   [poll]    <- read  st0cur     ret=0  data=['0xfe', '0x01', '0x01', '0x02']
13:16:00.784  DEBUG   [poll]    -> read  st2mot    
13:16:00.788  DEBUG   [poll]    <- read  st2mot     ret=0  data=['0x00', '0x00']
13:16:00.788  DEBUG   [poll]    -> read  st0cur    
13:16:00.793  DEBUG   [poll]    <- read  st0cur     ret=0  data=['0xfd', '0x01', '0x00', '0x02']
13:16:01.794  DEBUG   [poll]    -> read  st2mot    
13:16:01.798  DEBUG   [poll]    <- read  st2mot     ret=0  data=['0x00', '0x00']
13:16:01.798  DEBUG   [poll]    -> read  st0cur    
13:16:01.802  DEBUG   [poll]    <- read  st0cur     ret=0  data=['0xfe', '0x01', '0x00', '0x02']
13:16:02.804  DEBUG   [poll]    -> read  st2mot    
13:16:02.807  DEBUG   [poll]    <- read  st2mot     ret=0  data=['0x00', '0x00']
13:16:02.808  DEBUG   [poll]    -> read  st0cur    
13:16:02.812  DEBUG   [poll]    <- read  st0cur     ret=0  data=['0xfe', '0x01', '0x01', '0x02']
13:16:03.814  DEBUG   [poll]    -> read  st2mot    
13:16:03.817  DEBUG   [poll]    <- read  st2mot     ret=0  data=['0x00', '0x00']
13:16:03.817  DEBUG   [poll]    -> read  st0cur    
13:16:03.821  DEBUG   [poll]    <- read  st0cur     ret=0  data=['0xfd', '0x01', '0x01', '0x02']
13:16:04.823  DEBUG   [poll]    -> read  st2mot    
13:16:04.826  DEBUG   [poll]    <- read  st2mot     ret=0  data=['0x00', '0x00']
13:16:04.827  DEBUG   [poll]    -> read  st0cur    
13:16:04.831  DEBUG   [poll]    <- read  st0cur     ret=0  data=['0xfd', '0x01', '0x01', '0x02']
13:16:05.833  DEBUG   [poll]    -> read  st2mot    
13:16:05.836  DEBUG   [poll]    <- read  st2mot     ret=0  data=['0x00', '0x00']
13:16:05.837  DEBUG   [poll]    -> read  st0cur    
13:16:05.841  DEBUG   [poll]    <- read  st0cur     ret=0  data=['0xfd', '0x01', '0x00', '0x02']
13:16:06.843  DEBUG   [poll]    -> read  st2mot    
13:16:06.846  DEBUG   [poll]    <- read  st2mot     ret=0  data=['0x00', '0x00']
13:16:06.846  DEBUG   [poll]    -> read  st0cur    
13:16:06.851  DEBUG   [poll]    <- read  st0cur     ret=0  data=['0xfe', '0x01', '0x00', '0x02']
13:16:07.852  DEBUG   [poll]    -> read  st2mot    
13:16:07.856  DEBUG   [poll]    <- read  st2mot     ret=0  data=['0x00', '0x00']
13:16:07.856  DEBUG   [poll]    -> read  st0cur    
13:16:07.860  DEBUG   [poll]    <- read  st0cur     ret=0  data=['0xfe', '0x01', '0x01', '0x02']
13:16:08.862  DEBUG   [poll]    -> read  st2mot    
13:16:08.865  DEBUG   [poll]    <- read  st2mot     ret=0  data=['0x00', '0x00']
13:16:08.866  DEBUG   [poll]    -> read  st0cur    
13:16:08.870  DEBUG   [poll]    <- read  st0cur     ret=0  data=['0xfe', '0x01', '0x01', '0x02']
13:16:09.871  DEBUG   [poll]    -> read  st2mot    
13:16:09.875  DEBUG   [poll]    <- read  st2mot     ret=0  data=['0x00', '0x00']
13:16:09.875  DEBUG   [poll]    -> read  st0cur    
13:16:09.880  DEBUG   [poll]    <- read  st0cur     ret=0  data=['0xfd', '0x01', '0x01', '0x02']
13:16:10.881  DEBUG   [poll]    -> read  st2mot    
13:16:10.885  DEBUG   [poll]    <- read  st2mot     ret=0  data=['0x00', '0x00']
13:16:10.885  DEBUG   [poll]    -> read  st0cur    
13:16:10.889  DEBUG   [poll]    <- read  st0cur     ret=0  data=['0xfe', '0x01', '0x01', '0x02']
13:16:11.891  DEBUG   [poll]    -> read  st2mot    
13:16:11.894  DEBUG   [poll]    <- read  st2mot     ret=0  data=['0x00', '0x00']
13:16:11.895  DEBUG   [poll]    -> read  st0cur    
13:16:11.899  DEBUG   [poll]    <- read  st0cur     ret=0  data=['0xfe', '0x01', '0x01', '0x02']
13:16:12.900  DEBUG   [poll]    -> read  st2mot    
13:16:12.904  DEBUG   [poll]    <- read  st2mot     ret=0  data=['0x00', '0x00']
13:16:12.904  DEBUG   [poll]    -> read  st0cur    
13:16:12.908  DEBUG   [poll]    <- read  st0cur     ret=0  data=['0xfe', '0x01', '0x00', '0x02']
13:16:13.910  DEBUG   [poll]    -> read  st2mot    
13:16:13.914  DEBUG   [poll]    <- read  st2mot     ret=0  data=['0x00', '0x00']
13:16:13.914  DEBUG   [poll]    -> read  st0cur    
13:16:13.918  DEBUG   [poll]    <- read  st0cur     ret=0  data=['0xfd', '0x01', '0x01', '0x02']
13:16:14.920  DEBUG   [poll]    -> read  st2mot    
13:16:14.923  DEBUG   [poll]    <- read  st2mot     ret=0  data=['0x00', '0x00']
13:16:14.924  DEBUG   [poll]    -> read  st0cur    
13:16:14.928  DEBUG   [poll]    <- read  st0cur     ret=0  data=['0xfd', '0x01', '0x01', '0x02']
13:16:15.929  DEBUG   [poll]    -> read  st2mot    
13:16:15.933  DEBUG   [poll]    <- read  st2mot     ret=0  data=['0x00', '0x00']
13:16:15.934  DEBUG   [poll]    -> read  st0cur    
13:16:15.939  DEBUG   [poll]    <- read  st0cur     ret=0  data=['0xfe', '0x01', '0x01', '0x02']
13:16:16.940  DEBUG   [poll]    -> read  st2mot    
13:16:16.944  DEBUG   [poll]    <- read  st2mot     ret=0  data=['0x00', '0x00']
13:16:16.944  DEBUG   [poll]    -> read  st0cur    
13:16:16.948  DEBUG   [poll]    <- read  st0cur     ret=0  data=['0xfd', '0x01', '0x01', '0x02']
13:16:17.950  DEBUG   [poll]    -> read  st2mot    
13:16:17.953  DEBUG   [poll]    <- read  st2mot     ret=0  data=['0x00', '0x00']
13:16:17.954  DEBUG   [poll]    -> read  st0cur    
13:16:17.958  DEBUG   [poll]    <- read  st0cur     ret=0  data=['0xfd', '0x01', '0x01', '0x02']
13:16:18.960  DEBUG   [poll]    -> read  st2mot    
13:16:18.963  DEBUG   [poll]    <- read  st2mot     ret=0  data=['0x00', '0x00']
13:16:18.963  DEBUG   [poll]    -> read  st0cur    
13:16:18.968  DEBUG   [poll]    <- read  st0cur     ret=0  data=['0xfd', '0x01', '0x01', '0x02']
13:16:19.969  DEBUG   [poll]    -> read  st2mot    
13:16:19.973  DEBUG   [poll]    <- read  st2mot     ret=0  data=['0x00', '0x00']
13:16:19.973  DEBUG   [poll]    -> read  st0cur    
13:16:19.977  DEBUG   [poll]    <- read  st0cur     ret=0  data=['0xfd', '0x01', '0x01', '0x02']
13:16:20.979  DEBUG   [poll]    -> read  st2mot    
13:16:20.982  DEBUG   [poll]    <- read  st2mot     ret=0  data=['0x00', '0x00']
13:16:20.983  DEBUG   [poll]    -> read  st0cur    
13:16:20.987  DEBUG   [poll]    <- read  st0cur     ret=0  data=['0xfd', '0x01', '0x01', '0x02']
13:16:21.989  DEBUG   [poll]    -> read  st2mot    
13:16:21.992  DEBUG   [poll]    <- read  st2mot     ret=0  data=['0x00', '0x00']
13:16:21.993  DEBUG   [poll]    -> read  st0cur    
13:16:21.997  DEBUG   [poll]    <- read  st0cur     ret=0  data=['0xfe', '0x01', '0x01', '0x02']
13:16:22.998  DEBUG   [poll]    -> read  st2mot    
13:16:23.002  DEBUG   [poll]    <- read  st2mot     ret=0  data=['0x00', '0x00']
13:16:23.002  DEBUG   [poll]    -> read  st0cur    
13:16:23.006  DEBUG   [poll]    <- read  st0cur     ret=0  data=['0xfe', '0x01', '0x00', '0x02']
13:16:24.008  DEBUG   [poll]    -> read  st2mot    
13:16:24.011  DEBUG   [poll]    <- read  st2mot     ret=0  data=['0x00', '0x00']
13:16:24.012  DEBUG   [poll]    -> read  st0cur    
13:16:24.016  DEBUG   [poll]    <- read  st0cur     ret=0  data=['0xfd', '0x01', '0x00', '0x02']
13:16:25.018  DEBUG   [poll]    -> read  st2mot    
13:16:25.021  DEBUG   [poll]    <- read  st2mot     ret=0  data=['0x00', '0x00']
13:16:25.021  DEBUG   [poll]    -> read  st0cur    
13:16:25.026  DEBUG   [poll]    <- read  st0cur     ret=0  data=['0xfd', '0x01', '0x01', '0x02']
13:16:26.027  DEBUG   [poll]    -> read  st2mot    
13:16:26.034  DEBUG   [poll]    <- read  st2mot     ret=0  data=['0x00', '0x00']
13:16:26.034  DEBUG   [poll]    -> read  st0cur    
13:16:26.039  DEBUG   [poll]    <- read  st0cur     ret=0  data=['0xfd', '0x01', '0x01', '0x02']
13:16:27.040  DEBUG   [poll]    -> read  st2mot    
13:16:27.043  DEBUG   [poll]    <- read  st2mot     ret=0  data=['0x00', '0x00']
13:16:27.044  DEBUG   [poll]    -> read  st0cur    
13:16:27.048  DEBUG   [poll]    <- read  st0cur     ret=0  data=['0xfd', '0x01', '0x01', '0x02']
13:16:28.050  DEBUG   [poll]    -> read  st2mot    
13:16:28.053  DEBUG   [poll]    <- read  st2mot     ret=0  data=['0x00', '0x00']
13:16:28.053  DEBUG   [poll]    -> read  st0cur    
13:16:28.058  DEBUG   [poll]    <- read  st0cur     ret=0  data=['0xfd', '0x01', '0x01', '0x02']
13:16:29.059  DEBUG   [poll]    -> read  st2mot    
13:16:29.063  DEBUG   [poll]    <- read  st2mot     ret=0  data=['0x00', '0x00']
13:16:29.063  DEBUG   [poll]    -> read  st0cur    
13:16:29.067  DEBUG   [poll]    <- read  st0cur     ret=0  data=['0xfd', '0x01', '0x01', '0x02']
13:16:30.069  DEBUG   [poll]    -> read  st2mot    
13:16:30.072  DEBUG   [poll]    <- read  st2mot     ret=0  data=['0x00', '0x00']
13:16:30.073  DEBUG   [poll]    -> read  st0cur    
13:16:30.077  DEBUG   [poll]    <- read  st0cur     ret=0  data=['0xfd', '0x01', '0x00', '0x02']
13:16:31.079  DEBUG   [poll]    -> read  st2mot    
13:16:31.086  DEBUG   [poll]    <- read  st2mot     ret=0  data=['0x00', '0x00']
13:16:31.086  DEBUG   [poll]    -> read  st0cur    
13:16:31.090  DEBUG   [poll]    <- read  st0cur     ret=0  data=['0xfe', '0x01', '0x00', '0x02']
13:16:32.092  DEBUG   [poll]    -> read  st2mot    
13:16:32.095  DEBUG   [poll]    <- read  st2mot     ret=0  data=['0x00', '0x00']
13:16:32.096  DEBUG   [poll]    -> read  st0cur    
13:16:32.100  DEBUG   [poll]    <- read  st0cur     ret=0  data=['0xfe', '0x01', '0x00', '0x02']
13:16:33.101  DEBUG   [poll]    -> read  st2mot    
13:16:33.105  DEBUG   [poll]    <- read  st2mot     ret=0  data=['0x00', '0x00']
13:16:33.105  DEBUG   [poll]    -> read  st0cur    
13:16:33.110  DEBUG   [poll]    <- read  st0cur     ret=0  data=['0xfd', '0x01', '0x00', '0x02']
13:16:34.111  DEBUG   [poll]    -> read  st2mot    
13:16:34.114  DEBUG   [poll]    <- read  st2mot     ret=0  data=['0x00', '0x00']
13:16:34.115  DEBUG   [poll]    -> read  st0cur    
13:16:34.119  DEBUG   [poll]    <- read  st0cur     ret=0  data=['0xfe', '0x01', '0x00', '0x02']
13:16:35.121  DEBUG   [poll]    -> read  st2mot    
13:16:35.124  DEBUG   [poll]    <- read  st2mot     ret=0  data=['0x00', '0x00']
13:16:35.124  DEBUG   [poll]    -> read  st0cur    
13:16:35.129  DEBUG   [poll]    <- read  st0cur     ret=0  data=['0xfd', '0x01', '0x00', '0x02']
13:16:36.130  DEBUG   [poll]    -> read  st2mot    
13:16:36.134  DEBUG   [poll]    <- read  st2mot     ret=0  data=['0x00', '0x00']
13:16:36.134  DEBUG   [poll]    -> read  st0cur    
13:16:36.138  DEBUG   [poll]    <- read  st0cur     ret=0  data=['0xfe', '0x01', '0x01', '0x02']
13:16:37.140  DEBUG   [poll]    -> read  st2mot    
13:16:37.143  DEBUG   [poll]    <- read  st2mot     ret=0  data=['0x00', '0x00']
13:16:37.144  DEBUG   [poll]    -> read  st0cur    
13:16:37.148  DEBUG   [poll]    <- read  st0cur     ret=0  data=['0xfd', '0x01', '0x01', '0x02']
13:16:38.150  DEBUG   [poll]    -> read  st2mot    
13:16:38.153  DEBUG   [poll]    <- read  st2mot     ret=0  data=['0x00', '0x00']
13:16:38.153  DEBUG   [poll]    -> read  st0cur    
13:16:38.158  DEBUG   [poll]    <- read  st0cur     ret=0  data=['0xfe', '0x01', '0x01', '0x02']
13:16:39.159  DEBUG   [poll]    -> read  st2mot    
13:16:39.162  DEBUG   [poll]    <- read  st2mot     ret=0  data=['0x00', '0x00']
13:16:39.163  DEBUG   [poll]    -> read  st0cur    
13:16:39.167  DEBUG   [poll]    <- read  st0cur     ret=0  data=['0xfe', '0x01', '0x01', '0x02']
13:16:40.169  DEBUG   [poll]    -> read  st2mot    
13:16:40.172  DEBUG   [poll]    <- read  st2mot     ret=0  data=['0x00', '0x00']
13:16:40.172  DEBUG   [poll]    -> read  st0cur    
13:16:40.177  DEBUG   [poll]    <- read  st0cur     ret=0  data=['0xfe', '0x01', '0x01', '0x02']
13:16:41.178  DEBUG   [poll]    -> read  st2mot    
13:16:41.186  DEBUG   [poll]    <- read  st2mot     ret=0  data=['0x00', '0x00']
13:16:41.186  DEBUG   [poll]    -> read  st0cur    
13:16:41.190  DEBUG   [poll]    <- read  st0cur     ret=0  data=['0xfe', '0x01', '0x00', '0x02']
13:16:42.192  DEBUG   [poll]    -> read  st2mot    
13:16:42.195  DEBUG   [poll]    <- read  st2mot     ret=0  data=['0x00', '0x00']
13:16:42.196  DEBUG   [poll]    -> read  st0cur    
13:16:42.200  DEBUG   [poll]    <- read  st0cur     ret=0  data=['0xfd', '0x01', '0x00', '0x02']
13:16:43.201  DEBUG   [poll]    -> read  st2mot    
13:16:43.205  DEBUG   [poll]    <- read  st2mot     ret=0  data=['0x00', '0x00']
13:16:43.205  DEBUG   [poll]    -> read  st0cur    
13:16:43.209  DEBUG   [poll]    <- read  st0cur     ret=0  data=['0xfe', '0x01', '0x01', '0x02']
13:16:44.211  DEBUG   [poll]    -> read  st2mot    
13:16:44.214  DEBUG   [poll]    <- read  st2mot     ret=0  data=['0x00', '0x00']
13:16:44.215  DEBUG   [poll]    -> read  st0cur    
13:16:44.219  DEBUG   [poll]    <- read  st0cur     ret=0  data=['0xfd', '0x01', '0x01', '0x02']
13:16:45.220  DEBUG   [poll]    -> read  st2mot    
13:16:45.224  DEBUG   [poll]    <- read  st2mot     ret=0  data=['0x00', '0x00']
13:16:45.224  DEBUG   [poll]    -> read  st0cur    
13:16:45.228  DEBUG   [poll]    <- read  st0cur     ret=0  data=['0xfd', '0x01', '0x01', '0x02']
13:16:46.230  DEBUG   [poll]    -> read  st2mot    
13:16:46.237  DEBUG   [poll]    <- read  st2mot     ret=0  data=['0x00', '0x00']
13:16:46.238  DEBUG   [poll]    -> read  st0cur    
13:16:46.242  DEBUG   [poll]    <- read  st0cur     ret=0  data=['0xfe', '0x01', '0x00', '0x02']
13:16:47.243  DEBUG   [poll]    -> read  st2mot    
13:16:47.247  DEBUG   [poll]    <- read  st2mot     ret=0  data=['0x00', '0x00']
13:16:47.247  DEBUG   [poll]    -> read  st0cur    
13:16:47.251  DEBUG   [poll]    <- read  st0cur     ret=0  data=['0xfd', '0x01', '0x00', '0x02']
13:16:48.253  DEBUG   [poll]    -> read  st2mot    
13:16:48.256  DEBUG   [poll]    <- read  st2mot     ret=0  data=['0x00', '0x00']
13:16:48.257  DEBUG   [poll]    -> read  st0cur    
13:16:48.261  DEBUG   [poll]    <- read  st0cur     ret=0  data=['0xfe', '0x01', '0x01', '0x02']
13:16:49.262  DEBUG   [poll]    -> read  st2mot    
13:16:49.266  DEBUG   [poll]    <- read  st2mot     ret=0  data=['0x00', '0x00']
13:16:49.266  DEBUG   [poll]    -> read  st0cur    
13:16:49.271  DEBUG   [poll]    <- read  st0cur     ret=0  data=['0xfe', '0x01', '0x00', '0x02']
13:16:50.272  DEBUG   [poll]    -> read  st2mot    
13:16:50.275  DEBUG   [poll]    <- read  st2mot     ret=0  data=['0x00', '0x00']
13:16:50.276  DEBUG   [poll]    -> read  st0cur    
13:16:50.280  DEBUG   [poll]    <- read  st0cur     ret=0  data=['0xfd', '0x01', '0x01', '0x02']
13:16:51.282  DEBUG   [poll]    -> read  st2mot    
13:16:51.289  DEBUG   [poll]    <- read  st2mot     ret=0  data=['0x00', '0x00']
13:16:51.289  DEBUG   [poll]    -> read  st0cur    
13:16:51.293  DEBUG   [poll]    <- read  st0cur     ret=0  data=['0xfd', '0x01', '0x01', '0x02']
13:16:52.295  DEBUG   [poll]    -> read  st2mot    
13:16:52.298  DEBUG   [poll]    <- read  st2mot     ret=0  data=['0x00', '0x00']
13:16:52.299  DEBUG   [poll]    -> read  st0cur    
13:16:52.303  DEBUG   [poll]    <- read  st0cur     ret=0  data=['0xfd', '0x01', '0x01', '0x02']
13:16:53.304  DEBUG   [poll]    -> read  st2mot    
13:16:53.308  DEBUG   [poll]    <- read  st2mot     ret=0  data=['0x00', '0x00']
13:16:53.308  DEBUG   [poll]    -> read  st0cur    
13:16:53.313  DEBUG   [poll]    <- read  st0cur     ret=0  data=['0xfe', '0x01', '0x01', '0x02']
13:16:54.314  DEBUG   [poll]    -> read  st2mot    
13:16:54.318  DEBUG   [poll]    <- read  st2mot     ret=0  data=['0x00', '0x00']
13:16:54.318  DEBUG   [poll]    -> read  st0cur    
13:16:54.322  DEBUG   [poll]    <- read  st0cur     ret=0  data=['0xfd', '0x01', '0x00', '0x02']
13:16:55.324  DEBUG   [poll]    -> read  st2mot    
13:16:55.327  DEBUG   [poll]    <- read  st2mot     ret=0  data=['0x00', '0x00']
13:16:55.328  DEBUG   [poll]    -> read  st0cur    
13:16:55.332  DEBUG   [poll]    <- read  st0cur     ret=0  data=['0xfe', '0x01', '0x01', '0x02']
13:16:55.606  DEBUG   [client]  -> read  st2mot    
13:16:55.609  DEBUG   [client]  <- read  st2mot     ret=0  data=['0x00', '0x00']
13:16:56.333  DEBUG   [poll]    -> read  st2mot    
13:16:56.337  DEBUG   [poll]    <- read  st2mot     ret=0  data=['0x00', '0x00']
13:16:56.338  DEBUG   [poll]    -> read  st0cur    
13:16:56.342  DEBUG   [poll]    <- read  st0cur     ret=0  data=['0xfe', '0x01', '0x01', '0x02']
13:16:57.343  DEBUG   [poll]    -> read  st2mot    
13:16:57.347  DEBUG   [poll]    <- read  st2mot     ret=0  data=['0x00', '0x00']
13:16:57.347  DEBUG   [poll]    -> read  st0cur    
13:16:57.351  DEBUG   [poll]    <- read  st0cur     ret=0  data=['0xfe', '0x01', '0x01', '0x02']
13:16:58.353  DEBUG   [poll]    -> read  st2mot    
13:16:58.356  DEBUG   [poll]    <- read  st2mot     ret=0  data=['0x00', '0x00']
13:16:58.357  DEBUG   [poll]    -> read  st0cur    
13:16:58.361  DEBUG   [poll]    <- read  st0cur     ret=0  data=['0xfd', '0x01', '0x01', '0x02']
13:16:59.362  DEBUG   [poll]    -> read  st2mot    
13:16:59.366  DEBUG   [poll]    <- read  st2mot     ret=0  data=['0x00', '0x00']
13:16:59.366  DEBUG   [poll]    -> read  st0cur    
13:16:59.370  DEBUG   [poll]    <- read  st0cur     ret=0  data=['0xfe', '0x01', '0x01', '0x02']
13:17:00.372  DEBUG   [poll]    -> read  st2mot    
13:17:00.375  DEBUG   [poll]    <- read  st2mot     ret=0  data=['0x00', '0x00']
13:17:00.376  DEBUG   [poll]    -> read  st0cur    
13:17:00.380  DEBUG   [poll]    <- read  st0cur     ret=0  data=['0xfd', '0x01', '0x00', '0x02']
13:17:01.382  DEBUG   [poll]    -> read  st2mot    
13:17:01.385  DEBUG   [poll]    <- read  st2mot     ret=0  data=['0x00', '0x00']
13:17:01.386  DEBUG   [poll]    -> read  st0cur    
13:17:01.390  DEBUG   [poll]    <- read  st0cur     ret=0  data=['0xfe', '0x01', '0x01', '0x02']
13:17:02.392  DEBUG   [poll]    -> read  st2mot    
13:17:02.395  DEBUG   [poll]    <- read  st2mot     ret=0  data=['0x00', '0x00']
13:17:02.395  DEBUG   [poll]    -> read  st0cur    
13:17:02.400  DEBUG   [poll]    <- read  st0cur     ret=0  data=['0xfe', '0x01', '0x00', '0x02']
13:17:03.401  DEBUG   [poll]    -> read  st2mot    
13:17:03.405  DEBUG   [poll]    <- read  st2mot     ret=0  data=['0x00', '0x00']
13:17:03.405  DEBUG   [poll]    -> read  st0cur    
13:17:03.409  DEBUG   [poll]    <- read  st0cur     ret=0  data=['0xfd', '0x01', '0x01', '0x02']
13:17:04.411  DEBUG   [poll]    -> read  st2mot    
13:17:04.414  DEBUG   [poll]    <- read  st2mot     ret=0  data=['0x00', '0x00']
13:17:04.415  DEBUG   [poll]    -> read  st0cur    
13:17:04.419  DEBUG   [poll]    <- read  st0cur     ret=0  data=['0xfe', '0x01', '0x01', '0x02']
13:17:05.420  DEBUG   [poll]    -> read  st2mot    
13:17:05.424  DEBUG   [poll]    <- read  st2mot     ret=0  data=['0x00', '0x00']
13:17:05.424  DEBUG   [poll]    -> read  st0cur    
13:17:05.428  DEBUG   [poll]    <- read  st0cur     ret=0  data=['0xfe', '0x01', '0x01', '0x02']
13:17:06.430  DEBUG   [poll]    -> read  st2mot    
13:17:06.433  DEBUG   [poll]    <- read  st2mot     ret=0  data=['0x00', '0x00']
13:17:06.435  DEBUG   [poll]    -> read  st0cur    
13:17:06.439  DEBUG   [poll]    <- read  st0cur     ret=0  data=['0xfe', '0x01', '0x00', '0x02']
13:17:07.441  DEBUG   [poll]    -> read  st2mot    
13:17:07.444  DEBUG   [poll]    <- read  st2mot     ret=0  data=['0x00', '0x00']
13:17:07.444  DEBUG   [poll]    -> read  st0cur    
13:17:07.449  DEBUG   [poll]    <- read  st0cur     ret=0  data=['0xfd', '0x01', '0x01', '0x02']
13:17:08.450  DEBUG   [poll]    -> read  st2mot    
13:17:08.453  DEBUG   [poll]    <- read  st2mot     ret=0  data=['0x00', '0x00']
13:17:08.454  DEBUG   [poll]    -> read  st0cur    
13:17:08.458  DEBUG   [poll]    <- read  st0cur     ret=0  data=['0xfd', '0x01', '0x00', '0x02']
13:17:09.459  DEBUG   [poll]    -> read  st2mot    
13:17:09.463  DEBUG   [poll]    <- read  st2mot     ret=0  data=['0x00', '0x00']
13:17:09.463  DEBUG   [poll]    -> read  st0cur    
13:17:09.467  DEBUG   [poll]    <- read  st0cur     ret=0  data=['0xfe', '0x01', '0x01', '0x02']
13:17:10.469  DEBUG   [poll]    -> read  st2mot    
13:17:10.472  DEBUG   [poll]    <- read  st2mot     ret=0  data=['0x00', '0x00']
13:17:10.473  DEBUG   [poll]    -> read  st0cur    
13:17:10.477  DEBUG   [poll]    <- read  st0cur     ret=0  data=['0xfe', '0x01', '0x01', '0x02']
13:17:11.478  DEBUG   [poll]    -> read  st2mot    
13:17:11.482  DEBUG   [poll]    <- read  st2mot     ret=0  data=['0x00', '0x00']
13:17:11.483  DEBUG   [poll]    -> read  st0cur    
13:17:11.487  DEBUG   [poll]    <- read  st0cur     ret=0  data=['0xfe', '0x01', '0x00', '0x02']
13:17:12.489  DEBUG   [poll]    -> read  st2mot    
13:17:12.492  DEBUG   [poll]    <- read  st2mot     ret=0  data=['0x00', '0x00']
13:17:12.492  DEBUG   [poll]    -> read  st0cur    
13:17:12.497  DEBUG   [poll]    <- read  st0cur     ret=0  data=['0xfd', '0x01', '0x00', '0x02']
13:17:13.498  DEBUG   [poll]    -> read  st2mot    
13:17:13.502  DEBUG   [poll]    <- read  st2mot     ret=0  data=['0x00', '0x00']
13:17:13.502  DEBUG   [poll]    -> read  st0cur    
13:17:13.506  DEBUG   [poll]    <- read  st0cur     ret=0  data=['0xfd', '0x01', '0x01', '0x02']
13:17:14.508  DEBUG   [poll]    -> read  st2mot    
13:17:14.511  DEBUG   [poll]    <- read  st2mot     ret=0  data=['0x00', '0x00']
13:17:14.512  DEBUG   [poll]    -> read  st0cur    
13:17:14.516  DEBUG   [poll]    <- read  st0cur     ret=0  data=['0xfd', '0x01', '0x01', '0x02']
13:17:15.517  DEBUG   [poll]    -> read  st2mot    
13:17:15.521  DEBUG   [poll]    <- read  st2mot     ret=0  data=['0x00', '0x00']
13:17:15.521  DEBUG   [poll]    -> read  st0cur    
13:17:15.525  DEBUG   [poll]    <- read  st0cur     ret=0  data=['0xfd', '0x01', '0x00', '0x02']
13:17:16.527  DEBUG   [poll]    -> read  st2mot    
13:17:16.530  DEBUG   [poll]    <- read  st2mot     ret=0  data=['0x00', '0x00']
13:17:16.531  DEBUG   [poll]    -> read  st0cur    
13:17:16.535  DEBUG   [poll]    <- read  st0cur     ret=0  data=['0xfe', '0x01', '0x00', '0x02']
13:17:17.537  DEBUG   [poll]    -> read  st2mot    
13:17:17.540  DEBUG   [poll]    <- read  st2mot     ret=0  data=['0x00', '0x00']
13:17:17.540  DEBUG   [poll]    -> read  st0cur    
13:17:17.545  DEBUG   [poll]    <- read  st0cur     ret=0  data=['0xfd', '0x01', '0x00', '0x02']
13:17:18.546  DEBUG   [poll]    -> read  st2mot    
13:17:18.550  DEBUG   [poll]    <- read  st2mot     ret=0  data=['0x00', '0x00']
13:17:18.551  DEBUG   [poll]    -> read  st0cur    
13:17:18.555  DEBUG   [poll]    <- read  st0cur     ret=0  data=['0xfe', '0x01', '0x01', '0x02']
13:17:19.557  DEBUG   [poll]    -> read  st2mot    
13:17:19.560  DEBUG   [poll]    <- read  st2mot     ret=0  data=['0x00', '0x00']
13:17:19.561  DEBUG   [poll]    -> read  st0cur    
13:17:19.565  DEBUG   [poll]    <- read  st0cur     ret=0  data=['0xfe', '0x01', '0x01', '0x02']
13:17:20.566  DEBUG   [poll]    -> read  st2mot    
13:17:20.570  DEBUG   [poll]    <- read  st2mot     ret=0  data=['0x00', '0x00']
13:17:20.570  DEBUG   [poll]    -> read  st0cur    
13:17:20.575  DEBUG   [poll]    <- read  st0cur     ret=0  data=['0xfd', '0x01', '0x01', '0x02']
13:17:21.576  DEBUG   [poll]    -> read  st2mot    
13:17:21.580  DEBUG   [poll]    <- read  st2mot     ret=0  data=['0x00', '0x00']
13:17:21.580  DEBUG   [poll]    -> read  st0cur    
13:17:21.584  DEBUG   [poll]    <- read  st0cur     ret=0  data=['0xfe', '0x01', '0x00', '0x02']
13:17:22.586  DEBUG   [poll]    -> read  st2mot    
13:17:22.590  DEBUG   [poll]    <- read  st2mot     ret=0  data=['0x00', '0x00']
13:17:22.590  DEBUG   [poll]    -> read  st0cur    
13:17:22.594  DEBUG   [poll]    <- read  st0cur     ret=0  data=['0xfd', '0x01', '0x01', '0x02']
13:17:23.113  DEBUG   [client]  -> write cntl3mot   data=['0x00', '0x00']
13:17:23.596  DEBUG   [poll]    -> read  st2mot    
13:17:23.599  DEBUG   [poll]    <- read  st2mot     ret=0  data=['0x00', '0x00']
13:17:23.600  DEBUG   [poll]    -> read  st0cur    
13:17:23.604  DEBUG   [poll]    <- read  st0cur     ret=0  data=['0xfe', '0x01', '0x00', '0x02']
13:17:24.605  DEBUG   [poll]    -> read  st2mot    
13:17:24.609  DEBUG   [poll]    <- read  st2mot     ret=0  data=['0x00', '0x00']
13:17:24.609  DEBUG   [poll]    -> read  st0cur    
13:17:24.613  DEBUG   [poll]    <- read  st0cur     ret=0  data=['0xfe', '0x01', '0x00', '0x02']
13:17:25.615  DEBUG   [poll]    -> read  st2mot    
13:17:25.618  DEBUG   [poll]    <- read  st2mot     ret=0  data=['0x00', '0x00']
13:17:25.619  DEBUG   [poll]    -> read  st0cur    
13:17:25.623  DEBUG   [poll]    <- read  st0cur     ret=0  data=['0xfe', '0x01', '0x00', '0x02']
13:17:26.624  DEBUG   [poll]    -> read  st2mot    
13:17:26.628  DEBUG   [poll]    <- read  st2mot     ret=0  data=['0x00', '0x00']
13:17:26.629  DEBUG   [poll]    -> read  st0cur    
13:17:26.633  DEBUG   [poll]    <- read  st0cur     ret=0  data=['0xfe', '0x01', '0x00', '0x02']
13:17:27.635  DEBUG   [poll]    -> read  st2mot    
13:17:27.638  DEBUG   [poll]    <- read  st2mot     ret=0  data=['0x00', '0x00']
13:17:27.638  DEBUG   [poll]    -> read  st0cur    
13:17:27.643  DEBUG   [poll]    <- read  st0cur     ret=0  data=['0xfe', '0x01', '0x00', '0x02']
13:17:28.644  DEBUG   [poll]    -> read  st2mot    
13:17:28.648  DEBUG   [poll]    <- read  st2mot     ret=0  data=['0x00', '0x00']
13:17:28.648  DEBUG   [poll]    -> read  st0cur    
13:17:28.653  DEBUG   [poll]    <- read  st0cur     ret=0  data=['0xfe', '0x01', '0x00', '0x02']
13:17:29.654  DEBUG   [poll]    -> read  st2mot    
13:17:29.658  DEBUG   [poll]    <- read  st2mot     ret=0  data=['0x00', '0x00']
13:17:29.658  DEBUG   [poll]    -> read  st0cur    
13:17:29.662  DEBUG   [poll]    <- read  st0cur     ret=0  data=['0xfd', '0x01', '0x00', '0x02']
13:17:30.664  DEBUG   [poll]    -> read  st2mot    
13:17:30.667  DEBUG   [poll]    <- read  st2mot     ret=0  data=['0x00', '0x00']
13:17:30.668  DEBUG   [poll]    -> read  st0cur    
13:17:30.672  DEBUG   [poll]    <- read  st0cur     ret=0  data=['0xfd', '0x01', '0x00', '0x02']
13:17:31.674  DEBUG   [poll]    -> read  st2mot    
13:17:31.681  DEBUG   [poll]    <- read  st2mot     ret=0  data=['0x00', '0x00']
13:17:31.681  DEBUG   [poll]    -> read  st0cur    
13:17:31.685  DEBUG   [poll]    <- read  st0cur     ret=0  data=['0xfd', '0x01', '0x01', '0x02']
13:17:32.686  DEBUG   [poll]    -> read  st2mot    
13:17:32.690  DEBUG   [poll]    <- read  st2mot     ret=0  data=['0x00', '0x00']
13:17:32.690  DEBUG   [poll]    -> read  st0cur    
13:17:32.695  DEBUG   [poll]    <- read  st0cur     ret=0  data=['0xfe', '0x01', '0x00', '0x02']
13:17:32.731  DEBUG   [client]  -> write cntl3mot   data=['0x00', '0x00']
13:17:33.696  DEBUG   [poll]    -> read  st2mot    
13:17:33.700  DEBUG   [poll]    <- read  st2mot     ret=0  data=['0x00', '0x00']
13:17:33.700  DEBUG   [poll]    -> read  st0cur    
13:17:33.704  DEBUG   [poll]    <- read  st0cur     ret=0  data=['0xfd', '0x01', '0x00', '0x02']
13:17:34.706  DEBUG   [poll]    -> read  st2mot    
13:17:34.709  DEBUG   [poll]    <- read  st2mot     ret=0  data=['0x00', '0x00']
13:17:34.710  DEBUG   [poll]    -> read  st0cur    
13:17:34.714  DEBUG   [poll]    <- read  st0cur     ret=0  data=['0xfe', '0x01', '0x01', '0x02']
13:17:35.715  DEBUG   [poll]    -> read  st2mot    
13:17:35.719  DEBUG   [poll]    <- read  st2mot     ret=0  data=['0x00', '0x00']
13:17:35.719  DEBUG   [poll]    -> read  st0cur    
13:17:35.724  DEBUG   [poll]    <- read  st0cur     ret=0  data=['0xfd', '0x01', '0x00', '0x02']
13:17:36.725  DEBUG   [poll]    -> read  st2mot    
13:17:36.732  DEBUG   [poll]    <- read  st2mot     ret=0  data=['0x00', '0x00']
13:17:36.733  DEBUG   [poll]    -> read  st0cur    
13:17:36.737  DEBUG   [poll]    <- read  st0cur     ret=0  data=['0xfd', '0x01', '0x00', '0x02']
13:17:37.738  DEBUG   [poll]    -> read  st2mot    
13:17:37.742  DEBUG   [poll]    <- read  st2mot     ret=0  data=['0x00', '0x00']
13:17:37.742  DEBUG   [poll]    -> read  st0cur    
13:17:37.747  DEBUG   [poll]    <- read  st0cur     ret=0  data=['0xfd', '0x01', '0x00', '0x02']
13:17:38.748  DEBUG   [poll]    -> read  st2mot    
13:17:38.751  DEBUG   [poll]    <- read  st2mot     ret=0  data=['0x00', '0x00']
13:17:38.752  DEBUG   [poll]    -> read  st0cur    
13:17:38.756  DEBUG   [poll]    <- read  st0cur     ret=0  data=['0xfe', '0x01', '0x00', '0x02']
13:17:39.276  DEBUG   [client]  -> write cntl3mot   data=['0x01', '0xf4']
13:17:39.758  DEBUG   [poll]    -> read  st2mot    
13:17:39.761  DEBUG   [poll]    <- read  st2mot     ret=0  data=['0x4b', '0x00']
13:17:39.761  DEBUG   [poll]    -> read  st0cur    
13:17:39.766  DEBUG   [poll]    <- read  st0cur     ret=0  data=['0xfd', '0x01', '0x00', '0x02']
13:17:40.767  DEBUG   [poll]    -> read  st2mot    
13:17:40.771  DEBUG   [poll]    <- read  st2mot     ret=0  data=['0xf4', '0x01']
13:17:40.771  DEBUG   [poll]    -> read  st0cur    
13:17:40.775  DEBUG   [poll]    <- read  st0cur     ret=0  data=['0xf8', '0x01', '0xfb', '0x01']
13:17:41.580  DEBUG   [client]  -> write cntl3mot   data=['0x00', '0x00']
13:17:41.777  DEBUG   [poll]    -> read  st2mot    
13:17:41.784  DEBUG   [poll]    <- read  st2mot     ret=0  data=['0x19', '0x00']
13:17:41.785  DEBUG   [poll]    -> read  st0cur    
13:17:41.789  DEBUG   [poll]    <- read  st0cur     ret=0  data=['0xf7', '0x01', '0xf9', '0x01']
13:17:42.790  DEBUG   [poll]    -> read  st2mot    
13:17:42.794  DEBUG   [poll]    <- read  st2mot     ret=0  data=['0x00', '0x00']
13:17:42.794  DEBUG   [poll]    -> read  st0cur    
13:17:42.798  DEBUG   [poll]    <- read  st0cur     ret=0  data=['0xfb', '0x01', '0xfd', '0x01']
13:17:42.799  WARNING *** OBSERVED STALL SIGNATURE (not acted on yet) — current=-0.24A while rpm=0 ***
13:17:43.801  DEBUG   [poll]    -> read  st2mot    
13:17:43.804  DEBUG   [poll]    <- read  st2mot     ret=0  data=['0x00', '0x00']
13:17:43.804  DEBUG   [poll]    -> read  st0cur    
13:17:43.809  DEBUG   [poll]    <- read  st0cur     ret=0  data=['0xfd', '0x01', '0x00', '0x02']
13:17:44.810  DEBUG   [poll]    -> read  st2mot    
13:17:44.813  DEBUG   [poll]    <- read  st2mot     ret=0  data=['0x00', '0x00']
13:17:44.814  DEBUG   [poll]    -> read  st0cur    
13:17:44.818  DEBUG   [poll]    <- read  st0cur     ret=0  data=['0xfd', '0x01', '0x00', '0x02']
13:17:45.820  DEBUG   [poll]    -> read  st2mot    
13:17:45.823  DEBUG   [poll]    <- read  st2mot     ret=0  data=['0x00', '0x00']
13:17:45.823  DEBUG   [poll]    -> read  st0cur    
13:17:45.828  DEBUG   [poll]    <- read  st0cur     ret=0  data=['0xfd', '0x01', '0x00', '0x02']
13:17:46.829  DEBUG   [poll]    -> read  st2mot    
13:17:46.833  DEBUG   [poll]    <- read  st2mot     ret=0  data=['0x00', '0x00']
13:17:46.833  DEBUG   [poll]    -> read  st0cur    
13:17:46.837  DEBUG   [poll]    <- read  st0cur     ret=0  data=['0xfd', '0x01', '0x00', '0x02']
13:17:47.839  DEBUG   [poll]    -> read  st2mot    
13:17:47.842  DEBUG   [poll]    <- read  st2mot     ret=0  data=['0x00', '0x00']
13:17:47.843  DEBUG   [poll]    -> read  st0cur    
13:17:47.847  DEBUG   [poll]    <- read  st0cur     ret=0  data=['0xfe', '0x01', '0x00', '0x02']
13:17:48.848  DEBUG   [poll]    -> read  st2mot    
13:17:48.852  DEBUG   [poll]    <- read  st2mot     ret=0  data=['0x00', '0x00']
13:17:48.852  DEBUG   [poll]    -> read  st0cur    
13:17:48.856  DEBUG   [poll]    <- read  st0cur     ret=0  data=['0xfd', '0x01', '0x01', '0x02']
13:17:49.858  DEBUG   [poll]    -> read  st2mot    
13:17:49.861  DEBUG   [poll]    <- read  st2mot     ret=0  data=['0x00', '0x00']
13:17:49.862  DEBUG   [poll]    -> read  st0cur    
13:17:49.866  DEBUG   [poll]    <- read  st0cur     ret=0  data=['0xfe', '0x01', '0x00', '0x02']
13:17:50.867  DEBUG   [poll]    -> read  st2mot    
13:17:50.871  DEBUG   [poll]    <- read  st2mot     ret=0  data=['0x00', '0x00']
13:17:50.871  DEBUG   [poll]    -> read  st0cur    
13:17:50.875  DEBUG   [poll]    <- read  st0cur     ret=0  data=['0xfd', '0x01', '0x00', '0x02']
13:17:51.877  DEBUG   [poll]    -> read  st2mot    
13:17:51.881  DEBUG   [poll]    <- read  st2mot     ret=0  data=['0x00', '0x00']
13:17:51.881  DEBUG   [poll]    -> read  st0cur    
13:17:51.885  DEBUG   [poll]    <- read  st0cur     ret=0  data=['0xfd', '0x01', '0x00', '0x02']
13:17:52.887  DEBUG   [poll]    -> read  st2mot    
13:17:52.890  DEBUG   [poll]    <- read  st2mot     ret=0  data=['0x00', '0x00']
13:17:52.891  DEBUG   [poll]    -> read  st0cur    
13:17:52.895  DEBUG   [poll]    <- read  st0cur     ret=0  data=['0xfd', '0x01', '0x00', '0x02']
13:17:53.896  DEBUG   [poll]    -> read  st2mot    
13:17:53.900  DEBUG   [poll]    <- read  st2mot     ret=0  data=['0x00', '0x00']
13:17:53.900  DEBUG   [poll]    -> read  st0cur    
13:17:53.904  DEBUG   [poll]    <- read  st0cur     ret=0  data=['0xfe', '0x01', '0x00', '0x02']
13:17:54.906  DEBUG   [poll]    -> read  st2mot    
13:17:54.909  DEBUG   [poll]    <- read  st2mot     ret=0  data=['0x00', '0x00']
13:17:54.910  DEBUG   [poll]    -> read  st0cur    
13:17:54.914  DEBUG   [poll]    <- read  st0cur     ret=0  data=['0xfd', '0x01', '0x00', '0x02']
13:17:55.916  DEBUG   [poll]    -> read  st2mot    
13:17:55.919  DEBUG   [poll]    <- read  st2mot     ret=0  data=['0x00', '0x00']
13:17:55.920  DEBUG   [poll]    -> read  st0cur    
13:17:55.924  DEBUG   [poll]    <- read  st0cur     ret=0  data=['0xfd', '0x01', '0x00', '0x02']
13:17:56.414  DEBUG   [client]  -> read  st3mot    
13:17:56.419  DEBUG   [client]  <- read  st3mot     ret=0  data=['0x00', '0x00', '0x00', '0x01', '0x00', '0x00']
13:17:56.925  DEBUG   [poll]    -> read  st2mot    
13:17:56.929  DEBUG   [poll]    <- read  st2mot     ret=0  data=['0x00', '0x00']
13:17:56.930  DEBUG   [poll]    -> read  st0cur    
13:17:56.934  DEBUG   [poll]    <- read  st0cur     ret=0  data=['0xfe', '0x01', '0x00', '0x02']
13:17:57.936  DEBUG   [poll]    -> read  st2mot    
13:17:57.939  DEBUG   [poll]    <- read  st2mot     ret=0  data=['0x00', '0x00']
13:17:57.939  DEBUG   [poll]    -> read  st0cur    
13:17:57.944  DEBUG   [poll]    <- read  st0cur     ret=0  data=['0xfe', '0x01', '0x00', '0x02']
13:17:58.782  DEBUG   [client]  -> read  st3mot    
13:17:58.788  DEBUG   [client]  <- read  st3mot     ret=0  data=['0x00', '0x00', '0x00', '0x00', '0x00', '0x00']
13:17:58.945  DEBUG   [poll]    -> read  st2mot    
13:17:58.949  DEBUG   [poll]    <- read  st2mot     ret=0  data=['0x00', '0x00']
13:17:58.949  DEBUG   [poll]    -> read  st0cur    
13:17:58.953  DEBUG   [poll]    <- read  st0cur     ret=0  data=['0xfd', '0x01', '0x00', '0x02']
13:17:59.955  DEBUG   [poll]    -> read  st2mot    
13:17:59.958  DEBUG   [poll]    <- read  st2mot     ret=0  data=['0x00', '0x00']
13:17:59.959  DEBUG   [poll]    -> read  st0cur    
13:17:59.963  DEBUG   [poll]    <- read  st0cur     ret=0  data=['0xfd', '0x01', '0x00', '0x02']
13:18:00.964  DEBUG   [poll]    -> read  st2mot    
13:18:00.968  DEBUG   [poll]    <- read  st2mot     ret=0  data=['0x00', '0x00']
13:18:00.969  DEBUG   [poll]    -> read  st0cur    
13:18:00.973  DEBUG   [poll]    <- read  st0cur     ret=0  data=['0xfd', '0x01', '0x00', '0x02']
13:18:01.975  DEBUG   [poll]    -> read  st2mot    
13:18:01.982  DEBUG   [poll]    <- read  st2mot     ret=0  data=['0x00', '0x00']
13:18:01.982  DEBUG   [poll]    -> read  st0cur    
13:18:01.986  DEBUG   [poll]    <- read  st0cur     ret=0  data=['0xfd', '0x01', '0x00', '0x02']
13:18:02.767  DEBUG   [client]  -> write cntl2mot   data=['0x00', '0x00', '0x00', '0x00', '0x00', '0x00']
13:18:02.988  DEBUG   [poll]    -> read  st2mot    
13:18:02.991  DEBUG   [poll]    <- read  st2mot     ret=0  data=['0x00', '0x00']
13:18:02.992  DEBUG   [poll]    -> read  st0cur    
13:18:02.996  DEBUG   [poll]    <- read  st0cur     ret=0  data=['0xfd', '0x01', '0x00', '0x02']
13:18:03.998  DEBUG   [poll]    -> read  st2mot    
13:18:04.001  DEBUG   [poll]    <- read  st2mot     ret=0  data=['0x00', '0x00']
13:18:04.002  DEBUG   [poll]    -> read  st0cur    
13:18:04.006  DEBUG   [poll]    <- read  st0cur     ret=0  data=['0xfe', '0x01', '0x00', '0x02']
13:18:05.007  DEBUG   [poll]    -> read  st2mot    
13:18:05.011  DEBUG   [poll]    <- read  st2mot     ret=0  data=['0x00', '0x00']
13:18:05.011  DEBUG   [poll]    -> read  st0cur    
13:18:05.015  DEBUG   [poll]    <- read  st0cur     ret=0  data=['0xfe', '0x01', '0x00', '0x02']
13:18:05.823  DEBUG   [client]  -> write cntl2mot   data=['0x00', '0x00', '0x00', '0x00', '0x00', '0x00']
13:18:06.017  DEBUG   [poll]    -> read  st2mot    
13:18:06.020  DEBUG   [poll]    <- read  st2mot     ret=0  data=['0x00', '0x00']
13:18:06.021  DEBUG   [poll]    -> read  st0cur    
13:18:06.025  DEBUG   [poll]    <- read  st0cur     ret=0  data=['0xfd', '0x01', '0x00', '0x02']
13:18:07.026  DEBUG   [poll]    -> read  st2mot    
13:18:07.030  DEBUG   [poll]    <- read  st2mot     ret=0  data=['0x00', '0x00']
13:18:07.032  DEBUG   [poll]    -> read  st0cur    
13:18:07.037  DEBUG   [poll]    <- read  st0cur     ret=0  data=['0xfd', '0x01', '0x00', '0x02']
13:18:08.038  DEBUG   [poll]    -> read  st2mot    
13:18:08.042  DEBUG   [poll]    <- read  st2mot     ret=0  data=['0x00', '0x00']
13:18:08.042  DEBUG   [poll]    -> read  st0cur    
13:18:08.046  DEBUG   [poll]    <- read  st0cur     ret=0  data=['0xfd', '0x01', '0x00', '0x02']
13:18:08.911  DEBUG   [client]  -> read  st3mot    
13:18:08.917  DEBUG   [client]  <- read  st3mot     ret=0  data=['0x00', '0x00', '0x00', '0x00', '0x00', '0x00']
13:18:09.048  DEBUG   [poll]    -> read  st2mot    
13:18:09.051  DEBUG   [poll]    <- read  st2mot     ret=0  data=['0x00', '0x00']
13:18:09.052  DEBUG   [poll]    -> read  st0cur    
13:18:09.056  DEBUG   [poll]    <- read  st0cur     ret=0  data=['0xfd', '0x01', '0x00', '0x02']
13:18:10.057  DEBUG   [poll]    -> read  st2mot    
13:18:10.061  DEBUG   [poll]    <- read  st2mot     ret=0  data=['0x00', '0x00']
13:18:10.061  DEBUG   [poll]    -> read  st0cur    
13:18:10.065  DEBUG   [poll]    <- read  st0cur     ret=0  data=['0xfd', '0x01', '0x00', '0x02']
13:18:10.288  DEBUG   [client]  -> write cntl2mot   data=['0x00', '0x00', '0x00', '0x00', '0x00', '0x00']
13:18:11.067  DEBUG   [poll]    -> read  st2mot    
13:18:11.070  DEBUG   [poll]    <- read  st2mot     ret=0  data=['0x00', '0x00']
13:18:11.071  DEBUG   [poll]    -> read  st0cur    
13:18:11.075  DEBUG   [poll]    <- read  st0cur     ret=0  data=['0xfd', '0x01', '0x00', '0x02']
13:18:12.077  DEBUG   [poll]    -> read  st2mot    
13:18:12.084  DEBUG   [poll]    <- read  st2mot     ret=0  data=['0x00', '0x00']
13:18:12.085  DEBUG   [poll]    -> read  st0cur    
13:18:12.089  DEBUG   [poll]    <- read  st0cur     ret=0  data=['0xfd', '0x01', '0x01', '0x02']
13:18:13.090  DEBUG   [poll]    -> read  st2mot    
13:18:13.094  DEBUG   [poll]    <- read  st2mot     ret=0  data=['0x00', '0x00']
13:18:13.094  DEBUG   [poll]    -> read  st0cur    
13:18:13.098  DEBUG   [poll]    <- read  st0cur     ret=0  data=['0xfd', '0x01', '0x00', '0x02']
13:18:14.100  DEBUG   [poll]    -> read  st2mot    
13:18:14.103  DEBUG   [poll]    <- read  st2mot     ret=0  data=['0x00', '0x00']
13:18:14.104  DEBUG   [poll]    -> read  st0cur    
13:18:14.108  DEBUG   [poll]    <- read  st0cur     ret=0  data=['0xfd', '0x01', '0x00', '0x02']
13:18:15.110  DEBUG   [poll]    -> read  st2mot    
13:18:15.113  DEBUG   [poll]    <- read  st2mot     ret=0  data=['0x00', '0x00']
13:18:15.113  DEBUG   [poll]    -> read  st0cur    
13:18:15.118  DEBUG   [poll]    <- read  st0cur     ret=0  data=['0xfd', '0x01', '0x01', '0x02']
13:18:16.119  DEBUG   [poll]    -> read  st2mot    
13:18:16.123  DEBUG   [poll]    <- read  st2mot     ret=0  data=['0x00', '0x00']
13:18:16.123  DEBUG   [poll]    -> read  st0cur    
13:18:16.127  DEBUG   [poll]    <- read  st0cur     ret=0  data=['0xfd', '0x01', '0x00', '0x02']
13:18:16.592  DEBUG   [client]  -> write cntl3mot   data=['0x00', '0x00']
13:18:17.129  DEBUG   [poll]    -> read  st2mot    
13:18:17.136  DEBUG   [poll]    <- read  st2mot     ret=0  data=['0x00', '0x00']
13:18:17.137  DEBUG   [poll]    -> read  st0cur    
13:18:17.141  DEBUG   [poll]    <- read  st0cur     ret=0  data=['0xfe', '0x01', '0x00', '0x02']
13:18:18.142  DEBUG   [poll]    -> read  st2mot    
13:18:18.146  DEBUG   [poll]    <- read  st2mot     ret=0  data=['0x00', '0x00']
13:18:18.146  DEBUG   [poll]    -> read  st0cur    
13:18:18.151  DEBUG   [poll]    <- read  st0cur     ret=0  data=['0xfe', '0x01', '0x00', '0x02']
13:18:19.152  DEBUG   [poll]    -> read  st2mot    
13:18:19.156  DEBUG   [poll]    <- read  st2mot     ret=0  data=['0x00', '0x00']
13:18:19.156  DEBUG   [poll]    -> read  st0cur    
13:18:19.160  DEBUG   [poll]    <- read  st0cur     ret=0  data=['0xfd', '0x01', '0x00', '0x02']
13:18:20.162  DEBUG   [poll]    -> read  st2mot    
13:18:20.165  DEBUG   [poll]    <- read  st2mot     ret=0  data=['0x00', '0x00']
13:18:20.166  DEBUG   [poll]    -> read  st0cur    
13:18:20.170  DEBUG   [poll]    <- read  st0cur     ret=0  data=['0xfd', '0x01', '0xff', '0x01']
13:18:21.171  DEBUG   [poll]    -> read  st2mot    
13:18:21.175  DEBUG   [poll]    <- read  st2mot     ret=0  data=['0x00', '0x00']
13:18:21.175  DEBUG   [poll]    -> read  st0cur    
13:18:21.180  DEBUG   [poll]    <- read  st0cur     ret=0  data=['0xfd', '0x01', '0x00', '0x02']
13:18:22.181  DEBUG   [poll]    -> read  st2mot    
13:18:22.188  DEBUG   [poll]    <- read  st2mot     ret=0  data=['0x00', '0x00']
13:18:22.189  DEBUG   [poll]    -> read  st0cur    
13:18:22.193  DEBUG   [poll]    <- read  st0cur     ret=0  data=['0xfd', '0x01', '0x00', '0x02']
13:18:23.194  DEBUG   [poll]    -> read  st2mot    
13:18:23.198  DEBUG   [poll]    <- read  st2mot     ret=0  data=['0x00', '0x00']
13:18:23.198  DEBUG   [poll]    -> read  st0cur    
13:18:23.203  DEBUG   [poll]    <- read  st0cur     ret=0  data=['0xfe', '0x01', '0x00', '0x02']
13:18:24.204  DEBUG   [poll]    -> read  st2mot    
13:18:24.208  DEBUG   [poll]    <- read  st2mot     ret=0  data=['0x00', '0x00']
13:18:24.208  DEBUG   [poll]    -> read  st0cur    
13:18:24.212  DEBUG   [poll]    <- read  st0cur     ret=0  data=['0xfd', '0x01', '0x00', '0x02']
13:18:25.214  DEBUG   [poll]    -> read  st2mot    
13:18:25.217  DEBUG   [poll]    <- read  st2mot     ret=0  data=['0x00', '0x00']
13:18:25.218  DEBUG   [poll]    -> read  st0cur    
13:18:25.222  DEBUG   [poll]    <- read  st0cur     ret=0  data=['0xfd', '0x01', '0x00', '0x02']
13:18:26.223  DEBUG   [poll]    -> read  st2mot    
13:18:26.227  DEBUG   [poll]    <- read  st2mot     ret=0  data=['0x00', '0x00']
13:18:26.227  DEBUG   [poll]    -> read  st0cur    
13:18:26.231  DEBUG   [poll]    <- read  st0cur     ret=0  data=['0xfd', '0x01', '0x00', '0x02']
13:18:27.233  DEBUG   [poll]    -> read  st2mot    
13:18:27.236  DEBUG   [poll]    <- read  st2mot     ret=0  data=['0x00', '0x00']
13:18:27.237  DEBUG   [poll]    -> read  st0cur    
13:18:27.241  DEBUG   [poll]    <- read  st0cur     ret=0  data=['0xfd', '0x01', '0x00', '0x02']
13:18:28.243  DEBUG   [poll]    -> read  st2mot    
13:18:28.246  DEBUG   [poll]    <- read  st2mot     ret=0  data=['0x00', '0x00']
13:18:28.247  DEBUG   [poll]    -> read  st0cur    
13:18:28.251  DEBUG   [poll]    <- read  st0cur     ret=0  data=['0xfd', '0x01', '0x00', '0x02']
13:18:28.738  DEBUG   [client]  -> write cntl3mot   data=['0xfe', '0x0c']
13:18:29.252  DEBUG   [poll]    -> read  st2mot    
13:18:29.256  DEBUG   [poll]    <- read  st2mot     ret=0  data=['0x00', '0x00']
13:18:29.256  DEBUG   [poll]    -> read  st0cur    
13:18:29.261  DEBUG   [poll]    <- read  st0cur     ret=0  data=['0xfa', '0x01', '0xfb', '0x01']
13:18:29.261  WARNING *** OBSERVED STALL SIGNATURE (not acted on yet) — current=-0.29A while rpm=0 ***
13:18:30.263  DEBUG   [poll]    -> read  st2mot    
13:18:30.266  DEBUG   [poll]    <- read  st2mot     ret=0  data=['0xf3', '0xfd']
13:18:30.267  DEBUG   [poll]    -> read  st0cur    
13:18:30.271  DEBUG   [poll]    <- read  st0cur     ret=0  data=['0xf8', '0x01', '0xf8', '0x01']
13:18:31.273  DEBUG   [poll]    -> read  st2mot    
13:18:31.276  DEBUG   [poll]    <- read  st2mot     ret=0  data=['0xf3', '0xfd']
13:18:31.276  DEBUG   [poll]    -> read  st0cur    
13:18:31.281  DEBUG   [poll]    <- read  st0cur     ret=0  data=['0xf8', '0x01', '0xf9', '0x01']
13:18:31.522  DEBUG   [client]  -> write cntl3mot   data=['0x00', '0x00']
13:18:32.282  DEBUG   [poll]    -> read  st2mot    
13:18:32.285  DEBUG   [poll]    <- read  st2mot     ret=0  data=['0x00', '0x00']
13:18:32.286  DEBUG   [poll]    -> read  st0cur    
13:18:32.290  DEBUG   [poll]    <- read  st0cur     ret=0  data=['0xfb', '0x01', '0xfe', '0x01']
13:18:32.290  WARNING *** OBSERVED STALL SIGNATURE (not acted on yet) — current=-0.24A while rpm=0 ***
13:18:33.292  DEBUG   [poll]    -> read  st2mot    
13:18:33.295  DEBUG   [poll]    <- read  st2mot     ret=0  data=['0x00', '0x00']
13:18:33.296  DEBUG   [poll]    -> read  st0cur    
13:18:33.300  DEBUG   [poll]    <- read  st0cur     ret=0  data=['0xfd', '0x01', '0x00', '0x02']
13:18:34.302  DEBUG   [poll]    -> read  st2mot    
13:18:34.305  DEBUG   [poll]    <- read  st2mot     ret=0  data=['0x00', '0x00']
13:18:34.305  DEBUG   [poll]    -> read  st0cur    
13:18:34.310  DEBUG   [poll]    <- read  st0cur     ret=0  data=['0xfd', '0x01', '0x00', '0x02']
13:18:35.311  DEBUG   [poll]    -> read  st2mot    
13:18:35.314  DEBUG   [poll]    <- read  st2mot     ret=0  data=['0x00', '0x00']
13:18:35.315  DEBUG   [poll]    -> read  st0cur    
13:18:35.319  DEBUG   [poll]    <- read  st0cur     ret=0  data=['0xfe', '0x01', '0x00', '0x02']
13:18:36.321  DEBUG   [poll]    -> read  st2mot    
13:18:36.324  DEBUG   [poll]    <- read  st2mot     ret=0  data=['0x00', '0x00']
13:18:36.325  DEBUG   [poll]    -> read  st0cur    
13:18:36.329  DEBUG   [poll]    <- read  st0cur     ret=0  data=['0xfe', '0x01', '0x00', '0x02']
13:18:37.330  DEBUG   [poll]    -> read  st2mot    
13:18:37.337  DEBUG   [poll]    <- read  st2mot     ret=0  data=['0x00', '0x00']
13:18:37.338  DEBUG   [poll]    -> read  st0cur    
13:18:37.342  DEBUG   [poll]    <- read  st0cur     ret=0  data=['0xfe', '0x01', '0x00', '0x02']
13:18:38.343  DEBUG   [poll]    -> read  st2mot    
13:18:38.347  DEBUG   [poll]    <- read  st2mot     ret=0  data=['0x00', '0x00']
13:18:38.347  DEBUG   [poll]    -> read  st0cur    
13:18:38.352  DEBUG   [poll]    <- read  st0cur     ret=0  data=['0xfd', '0x01', '0x00', '0x02']
13:18:39.353  DEBUG   [poll]    -> read  st2mot    
13:18:39.356  DEBUG   [poll]    <- read  st2mot     ret=0  data=['0x00', '0x00']
13:18:39.357  DEBUG   [poll]    -> read  st0cur    
13:18:39.361  DEBUG   [poll]    <- read  st0cur     ret=0  data=['0xfd', '0x01', '0x00', '0x02']
13:18:40.363  DEBUG   [poll]    -> read  st2mot    
13:18:40.366  DEBUG   [poll]    <- read  st2mot     ret=0  data=['0x00', '0x00']
13:18:40.366  DEBUG   [poll]    -> read  st0cur    
13:18:40.371  DEBUG   [poll]    <- read  st0cur     ret=0  data=['0xfe', '0x01', '0x00', '0x02']
13:18:41.372  DEBUG   [poll]    -> read  st2mot    
13:18:41.376  DEBUG   [poll]    <- read  st2mot     ret=0  data=['0x00', '0x00']
13:18:41.376  DEBUG   [poll]    -> read  st0cur    
13:18:41.380  DEBUG   [poll]    <- read  st0cur     ret=0  data=['0xfe', '0x01', '0x01', '0x02']
13:18:42.382  DEBUG   [poll]    -> read  st2mot    
13:18:42.389  DEBUG   [poll]    <- read  st2mot     ret=0  data=['0x00', '0x00']
13:18:42.390  DEBUG   [poll]    -> read  st0cur    
13:18:42.394  DEBUG   [poll]    <- read  st0cur     ret=0  data=['0xfd', '0x01', '0x00', '0x02']
13:18:43.396  DEBUG   [poll]    -> read  st2mot    
13:18:43.399  DEBUG   [poll]    <- read  st2mot     ret=0  data=['0x00', '0x00']
13:18:43.400  DEBUG   [poll]    -> read  st0cur    
13:18:43.404  DEBUG   [poll]    <- read  st0cur     ret=0  data=['0xfe', '0x01', '0x00', '0x02']
13:18:44.405  DEBUG   [poll]    -> read  st2mot    
13:18:44.409  DEBUG   [poll]    <- read  st2mot     ret=0  data=['0x00', '0x00']
13:18:44.409  DEBUG   [poll]    -> read  st0cur    
13:18:44.413  DEBUG   [poll]    <- read  st0cur     ret=0  data=['0xfd', '0x01', '0x00', '0x02']
13:18:45.415  DEBUG   [poll]    -> read  st2mot    
13:18:45.418  DEBUG   [poll]    <- read  st2mot     ret=0  data=['0x00', '0x00']
13:18:45.419  DEBUG   [poll]    -> read  st0cur    
13:18:45.423  DEBUG   [poll]    <- read  st0cur     ret=0  data=['0xfe', '0x01', '0x00', '0x02']
13:18:46.424  DEBUG   [poll]    -> read  st2mot    
13:18:46.428  DEBUG   [poll]    <- read  st2mot     ret=0  data=['0x00', '0x00']
13:18:46.428  DEBUG   [poll]    -> read  st0cur    
13:18:46.432  DEBUG   [poll]    <- read  st0cur     ret=0  data=['0xfd', '0x01', '0x00', '0x02']
13:18:47.434  DEBUG   [poll]    -> read  st2mot    
13:18:47.441  DEBUG   [poll]    <- read  st2mot     ret=0  data=['0x00', '0x00']
13:18:47.441  DEBUG   [poll]    -> read  st0cur    
13:18:47.445  DEBUG   [poll]    <- read  st0cur     ret=0  data=['0xfd', '0x01', '0x00', '0x02']
13:18:48.447  DEBUG   [poll]    -> read  st2mot    
13:18:48.450  DEBUG   [poll]    <- read  st2mot     ret=0  data=['0x00', '0x00']
13:18:48.451  DEBUG   [poll]    -> read  st0cur    
13:18:48.455  DEBUG   [poll]    <- read  st0cur     ret=0  data=['0xfe', '0x01', '0x00', '0x02']
13:18:49.456  DEBUG   [poll]    -> read  st2mot    
13:18:49.460  DEBUG   [poll]    <- read  st2mot     ret=0  data=['0x00', '0x00']
13:18:49.460  DEBUG   [poll]    -> read  st0cur    
13:18:49.464  DEBUG   [poll]    <- read  st0cur     ret=0  data=['0xfe', '0x01', '0x00', '0x02']
13:18:50.466  DEBUG   [poll]    -> read  st2mot    
13:18:50.469  DEBUG   [poll]    <- read  st2mot     ret=0  data=['0x00', '0x00']
13:18:50.470  DEBUG   [poll]    -> read  st0cur    
13:18:50.474  DEBUG   [poll]    <- read  st0cur     ret=0  data=['0xfe', '0x01', '0x00', '0x02']
13:18:51.476  DEBUG   [poll]    -> read  st2mot    
13:18:51.479  DEBUG   [poll]    <- read  st2mot     ret=0  data=['0x00', '0x00']
13:18:51.479  DEBUG   [poll]    -> read  st0cur    
13:18:51.484  DEBUG   [poll]    <- read  st0cur     ret=0  data=['0xfe', '0x01', '0x00', '0x02']
13:18:52.485  DEBUG   [poll]    -> read  st2mot    
13:18:52.492  DEBUG   [poll]    <- read  st2mot     ret=0  data=['0x00', '0x00']
13:18:52.492  DEBUG   [poll]    -> read  st0cur    
13:18:52.497  DEBUG   [poll]    <- read  st0cur     ret=0  data=['0xfd', '0x01', '0x00', '0x02']
13:18:53.498  DEBUG   [poll]    -> read  st2mot    
13:18:53.502  DEBUG   [poll]    <- read  st2mot     ret=0  data=['0x00', '0x00']
13:18:53.502  DEBUG   [poll]    -> read  st0cur    
13:18:53.506  DEBUG   [poll]    <- read  st0cur     ret=0  data=['0xfd', '0x01', '0x00', '0x02']
13:18:54.508  DEBUG   [poll]    -> read  st2mot    
13:18:54.511  DEBUG   [poll]    <- read  st2mot     ret=0  data=['0x00', '0x00']
13:18:54.512  DEBUG   [poll]    -> read  st0cur    
13:18:54.516  DEBUG   [poll]    <- read  st0cur     ret=0  data=['0xfd', '0x01', '0x00', '0x02']
13:18:55.517  DEBUG   [poll]    -> read  st2mot    
13:18:55.521  DEBUG   [poll]    <- read  st2mot     ret=0  data=['0x00', '0x00']
13:18:55.521  DEBUG   [poll]    -> read  st0cur    
13:18:55.525  DEBUG   [poll]    <- read  st0cur     ret=0  data=['0xfe', '0x01', '0x00', '0x02']
13:18:56.527  DEBUG   [poll]    -> read  st2mot    
13:18:56.530  DEBUG   [poll]    <- read  st2mot     ret=0  data=['0x00', '0x00']
13:18:56.531  DEBUG   [poll]    -> read  st0cur    
13:18:56.535  DEBUG   [poll]    <- read  st0cur     ret=0  data=['0xfd', '0x01', '0x00', '0x02']
13:18:57.536  DEBUG   [poll]    -> read  st2mot    
13:18:57.543  DEBUG   [poll]    <- read  st2mot     ret=0  data=['0x00', '0x00']
13:18:57.544  DEBUG   [poll]    -> read  st0cur    
13:18:57.548  DEBUG   [poll]    <- read  st0cur     ret=0  data=['0xfd', '0x01', '0x00', '0x02']
13:18:58.549  DEBUG   [poll]    -> read  st2mot    
13:18:58.553  DEBUG   [poll]    <- read  st2mot     ret=0  data=['0x00', '0x00']
13:18:58.553  DEBUG   [poll]    -> read  st0cur    
13:18:58.557  DEBUG   [poll]    <- read  st0cur     ret=0  data=['0xfe', '0x01', '0x01', '0x02']
13:18:59.559  DEBUG   [poll]    -> read  st2mot    
13:18:59.562  DEBUG   [poll]    <- read  st2mot     ret=0  data=['0x00', '0x00']
13:18:59.563  DEBUG   [poll]    -> read  st0cur    
13:18:59.567  DEBUG   [poll]    <- read  st0cur     ret=0  data=['0xfe', '0x01', '0x00', '0x02']
13:19:00.568  DEBUG   [poll]    -> read  st2mot    
13:19:00.572  DEBUG   [poll]    <- read  st2mot     ret=0  data=['0x00', '0x00']
13:19:00.572  DEBUG   [poll]    -> read  st0cur    
13:19:00.577  DEBUG   [poll]    <- read  st0cur     ret=0  data=['0xfe', '0x01', '0x01', '0x02']
13:19:01.578  DEBUG   [poll]    -> read  st2mot    
13:19:01.582  DEBUG   [poll]    <- read  st2mot     ret=0  data=['0x00', '0x00']
13:19:01.582  DEBUG   [poll]    -> read  st0cur    
13:19:01.586  DEBUG   [poll]    <- read  st0cur     ret=0  data=['0xfd', '0x01', '0x01', '0x02']
13:19:02.588  DEBUG   [poll]    -> read  st2mot    
13:19:02.595  DEBUG   [poll]    <- read  st2mot     ret=0  data=['0x00', '0x00']
13:19:02.595  DEBUG   [poll]    -> read  st0cur    
13:19:02.599  DEBUG   [poll]    <- read  st0cur     ret=0  data=['0xfd', '0x01', '0x00', '0x02']
13:19:03.601  DEBUG   [poll]    -> read  st2mot    
13:19:03.604  DEBUG   [poll]    <- read  st2mot     ret=0  data=['0x00', '0x00']
13:19:03.605  DEBUG   [poll]    -> read  st0cur    
13:19:03.609  DEBUG   [poll]    <- read  st0cur     ret=0  data=['0xfe', '0x01', '0x01', '0x02']
13:19:04.611  DEBUG   [poll]    -> read  st2mot    
13:19:04.614  DEBUG   [poll]    <- read  st2mot     ret=0  data=['0x00', '0x00']
13:19:04.614  DEBUG   [poll]    -> read  st0cur    
13:19:04.619  DEBUG   [poll]    <- read  st0cur     ret=0  data=['0xfd', '0x01', '0x00', '0x02']
13:19:05.620  DEBUG   [poll]    -> read  st2mot    
13:19:05.624  DEBUG   [poll]    <- read  st2mot     ret=0  data=['0x00', '0x00']
13:19:05.624  DEBUG   [poll]    -> read  st0cur    
13:19:05.628  DEBUG   [poll]    <- read  st0cur     ret=0  data=['0xfe', '0x01', '0x00', '0x02']
13:19:06.630  DEBUG   [poll]    -> read  st2mot    
13:19:06.633  DEBUG   [poll]    <- read  st2mot     ret=0  data=['0x00', '0x00']
13:19:06.633  DEBUG   [poll]    -> read  st0cur    
13:19:06.638  DEBUG   [poll]    <- read  st0cur     ret=0  data=['0xfd', '0x01', '0x00', '0x02']
13:19:07.639  DEBUG   [poll]    -> read  st2mot    
13:19:07.646  DEBUG   [poll]    <- read  st2mot     ret=0  data=['0x00', '0x00']
13:19:07.647  DEBUG   [poll]    -> read  st0cur    
13:19:07.651  DEBUG   [poll]    <- read  st0cur     ret=0  data=['0xfe', '0x01', '0x00', '0x02']
13:19:08.653  DEBUG   [poll]    -> read  st2mot    
13:19:08.656  DEBUG   [poll]    <- read  st2mot     ret=0  data=['0x00', '0x00']
13:19:08.656  DEBUG   [poll]    -> read  st0cur    
13:19:08.661  DEBUG   [poll]    <- read  st0cur     ret=0  data=['0xfe', '0x01', '0x00', '0x02']
13:19:09.662  DEBUG   [poll]    -> read  st2mot    
13:19:09.666  DEBUG   [poll]    <- read  st2mot     ret=0  data=['0x00', '0x00']
13:19:09.666  DEBUG   [poll]    -> read  st0cur    
13:19:09.670  DEBUG   [poll]    <- read  st0cur     ret=0  data=['0xfe', '0x01', '0x01', '0x02']
13:19:10.672  DEBUG   [poll]    -> read  st2mot    
13:19:10.675  DEBUG   [poll]    <- read  st2mot     ret=0  data=['0x00', '0x00']
13:19:10.676  DEBUG   [poll]    -> read  st0cur    
13:19:10.680  DEBUG   [poll]    <- read  st0cur     ret=0  data=['0xfd', '0x01', '0x00', '0x02']
13:19:11.681  DEBUG   [poll]    -> read  st2mot    
13:19:11.685  DEBUG   [poll]    <- read  st2mot     ret=0  data=['0x00', '0x00']
13:19:11.685  DEBUG   [poll]    -> read  st0cur    
13:19:11.689  DEBUG   [poll]    <- read  st0cur     ret=0  data=['0xfd', '0x01', '0x00', '0x02']
13:19:12.691  DEBUG   [poll]    -> read  st2mot    
13:19:12.698  DEBUG   [poll]    <- read  st2mot     ret=0  data=['0x00', '0x00']
13:19:12.699  DEBUG   [poll]    -> read  st0cur    
13:19:12.703  DEBUG   [poll]    <- read  st0cur     ret=0  data=['0xfe', '0x01', '0x00', '0x02']
13:19:13.705  DEBUG   [poll]    -> read  st2mot    
13:19:13.708  DEBUG   [poll]    <- read  st2mot     ret=0  data=['0x00', '0x00']
13:19:13.708  DEBUG   [poll]    -> read  st0cur    
13:19:13.713  DEBUG   [poll]    <- read  st0cur     ret=0  data=['0xfd', '0x01', '0x01', '0x02']
13:19:14.714  DEBUG   [poll]    -> read  st2mot    
13:19:14.718  DEBUG   [poll]    <- read  st2mot     ret=0  data=['0x00', '0x00']
13:19:14.718  DEBUG   [poll]    -> read  st0cur    
13:19:14.722  DEBUG   [poll]    <- read  st0cur     ret=0  data=['0xfe', '0x01', '0x00', '0x02']
13:19:15.724  DEBUG   [poll]    -> read  st2mot    
13:19:15.727  DEBUG   [poll]    <- read  st2mot     ret=0  data=['0x00', '0x00']
13:19:15.727  DEBUG   [poll]    -> read  st0cur    
13:19:15.732  DEBUG   [poll]    <- read  st0cur     ret=0  data=['0xfe', '0x01', '0x00', '0x02']
13:19:16.733  DEBUG   [poll]    -> read  st2mot    
13:19:16.737  DEBUG   [poll]    <- read  st2mot     ret=0  data=['0x00', '0x00']
13:19:16.737  DEBUG   [poll]    -> read  st0cur    
13:19:16.741  DEBUG   [poll]    <- read  st0cur     ret=0  data=['0xfe', '0x01', '0x00', '0x02']
13:19:17.743  DEBUG   [poll]    -> read  st2mot    
13:19:17.750  DEBUG   [poll]    <- read  st2mot     ret=0  data=['0x00', '0x00']
13:19:17.750  DEBUG   [poll]    -> read  st0cur    
13:19:17.755  DEBUG   [poll]    <- read  st0cur     ret=0  data=['0xfd', '0x01', '0x00', '0x02']
13:19:18.756  DEBUG   [poll]    -> read  st2mot    
13:19:18.760  DEBUG   [poll]    <- read  st2mot     ret=0  data=['0x00', '0x00']
13:19:18.760  DEBUG   [poll]    -> read  st0cur    
13:19:18.764  DEBUG   [poll]    <- read  st0cur     ret=0  data=['0xfe', '0x01', '0x00', '0x02']
13:19:19.765  DEBUG   [poll]    -> read  st2mot    
13:19:19.769  DEBUG   [poll]    <- read  st2mot     ret=0  data=['0x00', '0x00']
13:19:19.769  DEBUG   [poll]    -> read  st0cur    
13:19:19.773  DEBUG   [poll]    <- read  st0cur     ret=0  data=['0xfd', '0x01', '0x00', '0x02']
13:19:20.775  DEBUG   [poll]    -> read  st2mot    
13:19:20.778  DEBUG   [poll]    <- read  st2mot     ret=0  data=['0x00', '0x00']
13:19:20.779  DEBUG   [poll]    -> read  st0cur    
13:19:20.783  DEBUG   [poll]    <- read  st0cur     ret=0  data=['0xfd', '0x01', '0x00', '0x02']
13:19:21.784  DEBUG   [poll]    -> read  st2mot    
13:19:21.788  DEBUG   [poll]    <- read  st2mot     ret=0  data=['0x00', '0x00']
13:19:21.788  DEBUG   [poll]    -> read  st0cur    
13:19:21.793  DEBUG   [poll]    <- read  st0cur     ret=0  data=['0xfd', '0x01', '0x01', '0x02']
13:19:22.794  DEBUG   [poll]    -> read  st2mot    
13:19:22.801  DEBUG   [poll]    <- read  st2mot     ret=0  data=['0x00', '0x00']
13:19:22.802  DEBUG   [poll]    -> read  st0cur    
13:19:22.806  DEBUG   [poll]    <- read  st0cur     ret=0  data=['0xfd', '0x01', '0x00', '0x02']
13:19:23.807  DEBUG   [poll]    -> read  st2mot    
13:19:23.811  DEBUG   [poll]    <- read  st2mot     ret=0  data=['0x00', '0x00']
13:19:23.811  DEBUG   [poll]    -> read  st0cur    
13:19:23.815  DEBUG   [poll]    <- read  st0cur     ret=0  data=['0xfe', '0x01', '0x00', '0x02']
13:19:24.817  DEBUG   [poll]    -> read  st2mot    
13:19:24.820  DEBUG   [poll]    <- read  st2mot     ret=0  data=['0x00', '0x00']
13:19:24.821  DEBUG   [poll]    -> read  st0cur    
13:19:24.825  DEBUG   [poll]    <- read  st0cur     ret=0  data=['0xfd', '0x01', '0x00', '0x02']
13:19:25.826  DEBUG   [poll]    -> read  st2mot    
13:19:25.830  DEBUG   [poll]    <- read  st2mot     ret=0  data=['0x00', '0x00']
13:19:25.830  DEBUG   [poll]    -> read  st0cur    
13:19:25.834  DEBUG   [poll]    <- read  st0cur     ret=0  data=['0xfe', '0x01', '0x00', '0x02']
13:19:26.836  DEBUG   [poll]    -> read  st2mot    
13:19:26.839  DEBUG   [poll]    <- read  st2mot     ret=0  data=['0x00', '0x00']
13:19:26.840  DEBUG   [poll]    -> read  st0cur    
13:19:26.844  DEBUG   [poll]    <- read  st0cur     ret=0  data=['0xfd', '0x01', '0x01', '0x02']
13:19:27.845  DEBUG   [poll]    -> read  st2mot    
13:19:27.852  DEBUG   [poll]    <- read  st2mot     ret=0  data=['0x00', '0x00']
13:19:27.853  DEBUG   [poll]    -> read  st0cur    
13:19:27.857  DEBUG   [poll]    <- read  st0cur     ret=0  data=['0xfe', '0x01', '0x01', '0x02']
13:19:28.859  DEBUG   [poll]    -> read  st2mot    
13:19:28.862  DEBUG   [poll]    <- read  st2mot     ret=0  data=['0x00', '0x00']
13:19:28.862  DEBUG   [poll]    -> read  st0cur    
13:19:28.867  DEBUG   [poll]    <- read  st0cur     ret=0  data=['0xfe', '0x01', '0x00', '0x02']
13:19:29.868  DEBUG   [poll]    -> read  st2mot    
13:19:29.872  DEBUG   [poll]    <- read  st2mot     ret=0  data=['0x00', '0x00']
13:19:29.872  DEBUG   [poll]    -> read  st0cur    
13:19:29.876  DEBUG   [poll]    <- read  st0cur     ret=0  data=['0xfd', '0x01', '0x01', '0x02']
13:19:30.878  DEBUG   [poll]    -> read  st2mot    
13:19:30.881  DEBUG   [poll]    <- read  st2mot     ret=0  data=['0x00', '0x00']
13:19:30.882  DEBUG   [poll]    -> read  st0cur    
13:19:30.886  DEBUG   [poll]    <- read  st0cur     ret=0  data=['0xfd', '0x01', '0x01', '0x02']
13:19:31.887  DEBUG   [poll]    -> read  st2mot    
13:19:31.891  DEBUG   [poll]    <- read  st2mot     ret=0  data=['0x00', '0x00']
13:19:31.891  DEBUG   [poll]    -> read  st0cur    
13:19:31.895  DEBUG   [poll]    <- read  st0cur     ret=0  data=['0xfe', '0x01', '0x00', '0x02']
13:19:32.897  DEBUG   [poll]    -> read  st2mot    
13:19:32.904  DEBUG   [poll]    <- read  st2mot     ret=0  data=['0x00', '0x00']
13:19:32.904  DEBUG   [poll]    -> read  st0cur    
13:19:32.908  DEBUG   [poll]    <- read  st0cur     ret=0  data=['0xfd', '0x01', '0x01', '0x02']
13:19:33.910  DEBUG   [poll]    -> read  st2mot    
13:19:33.913  DEBUG   [poll]    <- read  st2mot     ret=0  data=['0x00', '0x00']
13:19:33.914  DEBUG   [poll]    -> read  st0cur    
13:19:33.918  DEBUG   [poll]    <- read  st0cur     ret=0  data=['0xfd', '0x01', '0x00', '0x02']
13:19:34.920  DEBUG   [poll]    -> read  st2mot    
13:19:34.923  DEBUG   [poll]    <- read  st2mot     ret=0  data=['0x00', '0x00']
13:19:34.923  DEBUG   [poll]    -> read  st0cur    
13:19:34.928  DEBUG   [poll]    <- read  st0cur     ret=0  data=['0xfd', '0x01', '0x01', '0x02']
13:19:35.929  DEBUG   [poll]    -> read  st2mot    
13:19:35.932  DEBUG   [poll]    <- read  st2mot     ret=0  data=['0x00', '0x00']
13:19:35.933  DEBUG   [poll]    -> read  st0cur    
13:19:35.937  DEBUG   [poll]    <- read  st0cur     ret=0  data=['0xfd', '0x01', '0x00', '0x02']
13:19:36.939  DEBUG   [poll]    -> read  st2mot    
13:19:36.942  DEBUG   [poll]    <- read  st2mot     ret=0  data=['0x00', '0x00']
13:19:36.942  DEBUG   [poll]    -> read  st0cur    
13:19:36.947  DEBUG   [poll]    <- read  st0cur     ret=0  data=['0xfe', '0x01', '0x00', '0x02']
13:19:37.948  DEBUG   [poll]    -> read  st2mot    
13:19:37.955  DEBUG   [poll]    <- read  st2mot     ret=0  data=['0x00', '0x00']
13:19:37.956  DEBUG   [poll]    -> read  st0cur    
13:19:37.960  DEBUG   [poll]    <- read  st0cur     ret=0  data=['0xfd', '0x01', '0x01', '0x02']
13:19:38.962  DEBUG   [poll]    -> read  st2mot    
13:19:38.965  DEBUG   [poll]    <- read  st2mot     ret=0  data=['0x00', '0x00']
13:19:38.965  DEBUG   [poll]    -> read  st0cur    
13:19:38.970  DEBUG   [poll]    <- read  st0cur     ret=0  data=['0xfd', '0x01', '0x00', '0x02']
13:19:39.971  DEBUG   [poll]    -> read  st2mot    
13:19:39.975  DEBUG   [poll]    <- read  st2mot     ret=0  data=['0x00', '0x00']
13:19:39.975  DEBUG   [poll]    -> read  st0cur    
13:19:39.979  DEBUG   [poll]    <- read  st0cur     ret=0  data=['0xfd', '0x01', '0x01', '0x02']
13:19:40.981  DEBUG   [poll]    -> read  st2mot    
13:19:40.984  DEBUG   [poll]    <- read  st2mot     ret=0  data=['0x00', '0x00']
13:19:40.985  DEBUG   [poll]    -> read  st0cur    
13:19:40.989  DEBUG   [poll]    <- read  st0cur     ret=0  data=['0xfd', '0x01', '0x01', '0x02']
13:19:41.991  DEBUG   [poll]    -> read  st2mot    
13:19:41.994  DEBUG   [poll]    <- read  st2mot     ret=0  data=['0x00', '0x00']
13:19:41.994  DEBUG   [poll]    -> read  st0cur    
13:19:41.999  DEBUG   [poll]    <- read  st0cur     ret=0  data=['0xfe', '0x01', '0x00', '0x02']
13:19:43.000  DEBUG   [poll]    -> read  st2mot    
13:19:43.008  DEBUG   [poll]    <- read  st2mot     ret=0  data=['0x00', '0x00']
13:19:43.008  DEBUG   [poll]    -> read  st0cur    
13:19:43.012  DEBUG   [poll]    <- read  st0cur     ret=0  data=['0xfd', '0x01', '0x01', '0x02']
13:19:44.014  DEBUG   [poll]    -> read  st2mot    
13:19:44.017  DEBUG   [poll]    <- read  st2mot     ret=0  data=['0x00', '0x00']
13:19:44.018  DEBUG   [poll]    -> read  st0cur    
13:19:44.022  DEBUG   [poll]    <- read  st0cur     ret=0  data=['0xfd', '0x01', '0x00', '0x02']
13:19:45.023  DEBUG   [poll]    -> read  st2mot    
13:19:45.027  DEBUG   [poll]    <- read  st2mot     ret=0  data=['0x00', '0x00']
13:19:45.027  DEBUG   [poll]    -> read  st0cur    
13:19:45.031  DEBUG   [poll]    <- read  st0cur     ret=0  data=['0xfd', '0x01', '0x01', '0x02']
13:19:46.033  DEBUG   [poll]    -> read  st2mot    
13:19:46.036  DEBUG   [poll]    <- read  st2mot     ret=0  data=['0x00', '0x00']
13:19:46.037  DEBUG   [poll]    -> read  st0cur    
13:19:46.041  DEBUG   [poll]    <- read  st0cur     ret=0  data=['0xfd', '0x01', '0x00', '0x02']
13:19:47.042  DEBUG   [poll]    -> read  st2mot    
13:19:47.046  DEBUG   [poll]    <- read  st2mot     ret=0  data=['0x00', '0x00']
13:19:47.046  DEBUG   [poll]    -> read  st0cur    
13:19:47.051  DEBUG   [poll]    <- read  st0cur     ret=0  data=['0xfe', '0x01', '0x01', '0x02']
13:19:48.052  DEBUG   [poll]    -> read  st2mot    
13:19:48.059  DEBUG   [poll]    <- read  st2mot     ret=0  data=['0x00', '0x00']
13:19:48.060  DEBUG   [poll]    -> read  st0cur    
13:19:48.064  DEBUG   [poll]    <- read  st0cur     ret=0  data=['0xfd', '0x01', '0x00', '0x02']
13:19:49.065  DEBUG   [poll]    -> read  st2mot    
13:19:49.069  DEBUG   [poll]    <- read  st2mot     ret=0  data=['0x00', '0x00']
13:19:49.069  DEBUG   [poll]    -> read  st0cur    
13:19:49.073  DEBUG   [poll]    <- read  st0cur     ret=0  data=['0xfe', '0x01', '0x01', '0x02']
13:19:50.075  DEBUG   [poll]    -> read  st2mot    
13:19:50.078  DEBUG   [poll]    <- read  st2mot     ret=0  data=['0x00', '0x00']
13:19:50.079  DEBUG   [poll]    -> read  st0cur    
13:19:50.083  DEBUG   [poll]    <- read  st0cur     ret=0  data=['0xfd', '0x01', '0x01', '0x02']
13:19:51.084  DEBUG   [poll]    -> read  st2mot    
13:19:51.088  DEBUG   [poll]    <- read  st2mot     ret=0  data=['0x00', '0x00']
13:19:51.088  DEBUG   [poll]    -> read  st0cur    
13:19:51.092  DEBUG   [poll]    <- read  st0cur     ret=0  data=['0xfe', '0x01', '0x00', '0x02']
13:19:52.094  DEBUG   [poll]    -> read  st2mot    
13:19:52.097  DEBUG   [poll]    <- read  st2mot     ret=0  data=['0x00', '0x00']
13:19:52.098  DEBUG   [poll]    -> read  st0cur    
13:19:52.102  DEBUG   [poll]    <- read  st0cur     ret=0  data=['0xfe', '0x01', '0x01', '0x02']
13:19:53.104  DEBUG   [poll]    -> read  st2mot    
13:19:53.110  DEBUG   [poll]    <- read  st2mot     ret=0  data=['0x00', '0x00']
13:19:53.111  DEBUG   [poll]    -> read  st0cur    
13:19:53.115  DEBUG   [poll]    <- read  st0cur     ret=0  data=['0xfe', '0x01', '0x01', '0x02']
13:19:54.117  DEBUG   [poll]    -> read  st2mot    
13:19:54.120  DEBUG   [poll]    <- read  st2mot     ret=0  data=['0x00', '0x00']
13:19:54.120  DEBUG   [poll]    -> read  st0cur    
13:19:54.125  DEBUG   [poll]    <- read  st0cur     ret=0  data=['0xfe', '0x01', '0x00', '0x02']
13:19:55.126  DEBUG   [poll]    -> read  st2mot    
13:19:55.129  DEBUG   [poll]    <- read  st2mot     ret=0  data=['0x00', '0x00']
13:19:55.130  DEBUG   [poll]    -> read  st0cur    
13:19:55.134  DEBUG   [poll]    <- read  st0cur     ret=0  data=['0xfe', '0x01', '0x01', '0x02']
13:19:56.136  DEBUG   [poll]    -> read  st2mot    
13:19:56.139  DEBUG   [poll]    <- read  st2mot     ret=0  data=['0x00', '0x00']
13:19:56.139  DEBUG   [poll]    -> read  st0cur    
13:19:56.144  DEBUG   [poll]    <- read  st0cur     ret=0  data=['0xfe', '0x01', '0x00', '0x02']
13:19:57.145  DEBUG   [poll]    -> read  st2mot    
13:19:57.149  DEBUG   [poll]    <- read  st2mot     ret=0  data=['0x00', '0x00']
13:19:57.149  DEBUG   [poll]    -> read  st0cur    
13:19:57.153  DEBUG   [poll]    <- read  st0cur     ret=0  data=['0xfe', '0x01', '0x01', '0x02']
13:19:58.155  DEBUG   [poll]    -> read  st2mot    
13:19:58.162  DEBUG   [poll]    <- read  st2mot     ret=0  data=['0x00', '0x00']
13:19:58.162  DEBUG   [poll]    -> read  st0cur    
13:19:58.166  DEBUG   [poll]    <- read  st0cur     ret=0  data=['0xfd', '0x01', '0x00', '0x02']
13:19:59.168  DEBUG   [poll]    -> read  st2mot    
13:19:59.171  DEBUG   [poll]    <- read  st2mot     ret=0  data=['0x00', '0x00']
13:19:59.172  DEBUG   [poll]    -> read  st0cur    
13:19:59.176  DEBUG   [poll]    <- read  st0cur     ret=0  data=['0xfd', '0x01', '0x01', '0x02']
13:20:00.177  DEBUG   [poll]    -> read  st2mot    
13:20:00.181  DEBUG   [poll]    <- read  st2mot     ret=0  data=['0x00', '0x00']
13:20:00.181  DEBUG   [poll]    -> read  st0cur    
13:20:00.185  DEBUG   [poll]    <- read  st0cur     ret=0  data=['0xfe', '0x01', '0x01', '0x02']
13:20:01.187  DEBUG   [poll]    -> read  st2mot    
13:20:01.190  DEBUG   [poll]    <- read  st2mot     ret=0  data=['0x00', '0x00']
13:20:01.191  DEBUG   [poll]    -> read  st0cur    
13:20:01.195  DEBUG   [poll]    <- read  st0cur     ret=0  data=['0xfd', '0x01', '0x01', '0x02']
13:20:02.197  DEBUG   [poll]    -> read  st2mot    
13:20:02.200  DEBUG   [poll]    <- read  st2mot     ret=0  data=['0x00', '0x00']
13:20:02.200  DEBUG   [poll]    -> read  st0cur    
13:20:02.205  DEBUG   [poll]    <- read  st0cur     ret=0  data=['0xfe', '0x01', '0x00', '0x02']
13:20:03.206  DEBUG   [poll]    -> read  st2mot    
13:20:03.213  DEBUG   [poll]    <- read  st2mot     ret=0  data=['0x00', '0x00']
13:20:03.214  DEBUG   [poll]    -> read  st0cur    
13:20:03.218  DEBUG   [poll]    <- read  st0cur     ret=0  data=['0xfe', '0x01', '0x01', '0x02']
13:20:04.219  DEBUG   [poll]    -> read  st2mot    
13:20:04.223  DEBUG   [poll]    <- read  st2mot     ret=0  data=['0x00', '0x00']
13:20:04.223  DEBUG   [poll]    -> read  st0cur    
13:20:04.227  DEBUG   [poll]    <- read  st0cur     ret=0  data=['0xfd', '0x01', '0x01', '0x02']
13:20:05.229  DEBUG   [poll]    -> read  st2mot    
13:20:05.232  DEBUG   [poll]    <- read  st2mot     ret=0  data=['0x00', '0x00']
13:20:05.233  DEBUG   [poll]    -> read  st0cur    
13:20:05.237  DEBUG   [poll]    <- read  st0cur     ret=0  data=['0xfe', '0x01', '0x01', '0x02']
13:20:06.238  DEBUG   [poll]    -> read  st2mot    
13:20:06.242  DEBUG   [poll]    <- read  st2mot     ret=0  data=['0x00', '0x00']
13:20:06.242  DEBUG   [poll]    -> read  st0cur    
13:20:06.246  DEBUG   [poll]    <- read  st0cur     ret=0  data=['0xfd', '0x01', '0x01', '0x02']
13:20:07.248  DEBUG   [poll]    -> read  st2mot    
13:20:07.251  DEBUG   [poll]    <- read  st2mot     ret=0  data=['0x00', '0x00']
13:20:07.252  DEBUG   [poll]    -> read  st0cur    
13:20:07.256  DEBUG   [poll]    <- read  st0cur     ret=0  data=['0xfd', '0x01', '0x00', '0x02']
13:20:08.258  DEBUG   [poll]    -> read  st2mot    
13:20:08.264  DEBUG   [poll]    <- read  st2mot     ret=0  data=['0x00', '0x00']
13:20:08.265  DEBUG   [poll]    -> read  st0cur    
13:20:08.269  DEBUG   [poll]    <- read  st0cur     ret=0  data=['0xfe', '0x01', '0x00', '0x02']
13:20:09.271  DEBUG   [poll]    -> read  st2mot    
13:20:09.274  DEBUG   [poll]    <- read  st2mot     ret=0  data=['0x00', '0x00']
13:20:09.275  DEBUG   [poll]    -> read  st0cur    
13:20:09.279  DEBUG   [poll]    <- read  st0cur     ret=0  data=['0xfe', '0x01', '0x01', '0x02']
13:20:10.280  DEBUG   [poll]    -> read  st2mot    
13:20:10.284  DEBUG   [poll]    <- read  st2mot     ret=0  data=['0x00', '0x00']
13:20:10.284  DEBUG   [poll]    -> read  st0cur    
13:20:10.288  DEBUG   [poll]    <- read  st0cur     ret=0  data=['0xfe', '0x01', '0x01', '0x02']
13:20:11.290  DEBUG   [poll]    -> read  st2mot    
13:20:11.294  DEBUG   [poll]    <- read  st2mot     ret=0  data=['0x00', '0x00']
13:20:11.294  DEBUG   [poll]    -> read  st0cur    
13:20:11.298  DEBUG   [poll]    <- read  st0cur     ret=0  data=['0xfd', '0x01', '0x01', '0x02']
13:20:12.300  DEBUG   [poll]    -> read  st2mot    
13:20:12.303  DEBUG   [poll]    <- read  st2mot     ret=0  data=['0x00', '0x00']
13:20:12.304  DEBUG   [poll]    -> read  st0cur    
13:20:12.308  DEBUG   [poll]    <- read  st0cur     ret=0  data=['0xfe', '0x01', '0x00', '0x02']
13:20:13.310  DEBUG   [poll]    -> read  st2mot    
13:20:13.317  DEBUG   [poll]    <- read  st2mot     ret=0  data=['0x00', '0x00']
13:20:13.317  DEBUG   [poll]    -> read  st0cur    
13:20:13.322  DEBUG   [poll]    <- read  st0cur     ret=0  data=['0xfe', '0x01', '0x01', '0x02']
13:20:14.323  DEBUG   [poll]    -> read  st2mot    
13:20:14.327  DEBUG   [poll]    <- read  st2mot     ret=0  data=['0x00', '0x00']
13:20:14.327  DEBUG   [poll]    -> read  st0cur    
13:20:14.331  DEBUG   [poll]    <- read  st0cur     ret=0  data=['0xfe', '0x01', '0x00', '0x02']
13:20:15.333  DEBUG   [poll]    -> read  st2mot    
13:20:15.336  DEBUG   [poll]    <- read  st2mot     ret=0  data=['0x00', '0x00']
13:20:15.337  DEBUG   [poll]    -> read  st0cur    
13:20:15.341  DEBUG   [poll]    <- read  st0cur     ret=0  data=['0xfd', '0x01', '0x00', '0x02']
13:20:16.342  DEBUG   [poll]    -> read  st2mot    
13:20:16.346  DEBUG   [poll]    <- read  st2mot     ret=0  data=['0x00', '0x00']
13:20:16.346  DEBUG   [poll]    -> read  st0cur    
13:20:16.351  DEBUG   [poll]    <- read  st0cur     ret=0  data=['0xfe', '0x01', '0x01', '0x02']
13:20:17.352  DEBUG   [poll]    -> read  st2mot    
13:20:17.355  DEBUG   [poll]    <- read  st2mot     ret=0  data=['0x00', '0x00']
13:20:17.356  DEBUG   [poll]    -> read  st0cur    
13:20:17.360  DEBUG   [poll]    <- read  st0cur     ret=0  data=['0xfd', '0x01', '0x00', '0x02']
13:20:18.362  DEBUG   [poll]    -> read  st2mot    
13:20:18.368  DEBUG   [poll]    <- read  st2mot     ret=0  data=['0x00', '0x00']
13:20:18.369  DEBUG   [poll]    -> read  st0cur    
13:20:18.373  DEBUG   [poll]    <- read  st0cur     ret=0  data=['0xfe', '0x01', '0x00', '0x02']
13:20:19.375  DEBUG   [poll]    -> read  st2mot    
13:20:19.378  DEBUG   [poll]    <- read  st2mot     ret=0  data=['0x00', '0x00']
13:20:19.378  DEBUG   [poll]    -> read  st0cur    
13:20:19.383  DEBUG   [poll]    <- read  st0cur     ret=0  data=['0xfd', '0x01', '0x01', '0x02']
13:20:20.384  DEBUG   [poll]    -> read  st2mot    
13:20:20.388  DEBUG   [poll]    <- read  st2mot     ret=0  data=['0x00', '0x00']
13:20:20.388  DEBUG   [poll]    -> read  st0cur    
13:20:20.392  DEBUG   [poll]    <- read  st0cur     ret=0  data=['0xfd', '0x01', '0x00', '0x02']
13:20:21.394  DEBUG   [poll]    -> read  st2mot    
13:20:21.397  DEBUG   [poll]    <- read  st2mot     ret=0  data=['0x00', '0x00']
13:20:21.398  DEBUG   [poll]    -> read  st0cur    
13:20:21.402  DEBUG   [poll]    <- read  st0cur     ret=0  data=['0xfd', '0x01', '0x01', '0x02']
13:20:22.404  DEBUG   [poll]    -> read  st2mot    
13:20:22.407  DEBUG   [poll]    <- read  st2mot     ret=0  data=['0x00', '0x00']
13:20:22.407  DEBUG   [poll]    -> read  st0cur    
13:20:22.412  DEBUG   [poll]    <- read  st0cur     ret=0  data=['0xfd', '0x01', '0x01', '0x02']
13:20:23.413  DEBUG   [poll]    -> read  st2mot    
13:20:23.420  DEBUG   [poll]    <- read  st2mot     ret=0  data=['0x00', '0x00']
13:20:23.420  DEBUG   [poll]    -> read  st0cur    
13:20:23.424  DEBUG   [poll]    <- read  st0cur     ret=0  data=['0xfd', '0x01', '0x01', '0x02']
13:20:24.426  DEBUG   [poll]    -> read  st2mot    
13:20:24.429  DEBUG   [poll]    <- read  st2mot     ret=0  data=['0x00', '0x00']
13:20:24.430  DEBUG   [poll]    -> read  st0cur    
13:20:24.434  DEBUG   [poll]    <- read  st0cur     ret=0  data=['0xfe', '0x01', '0x00', '0x02']
13:20:25.435  DEBUG   [poll]    -> read  st2mot    
13:20:25.439  DEBUG   [poll]    <- read  st2mot     ret=0  data=['0x00', '0x00']
13:20:25.439  DEBUG   [poll]    -> read  st0cur    
13:20:25.443  DEBUG   [poll]    <- read  st0cur     ret=0  data=['0xfd', '0x01', '0x01', '0x02']
13:20:26.445  DEBUG   [poll]    -> read  st2mot    
13:20:26.448  DEBUG   [poll]    <- read  st2mot     ret=0  data=['0x00', '0x00']
13:20:26.449  DEBUG   [poll]    -> read  st0cur    
13:20:26.453  DEBUG   [poll]    <- read  st0cur     ret=0  data=['0xfe', '0x01', '0x00', '0x02']
13:20:27.454  DEBUG   [poll]    -> read  st2mot    
13:20:27.458  DEBUG   [poll]    <- read  st2mot     ret=0  data=['0x00', '0x00']
13:20:27.458  DEBUG   [poll]    -> read  st0cur    
13:20:27.462  DEBUG   [poll]    <- read  st0cur     ret=0  data=['0xfd', '0x01', '0x01', '0x02']
13:20:28.464  DEBUG   [poll]    -> read  st2mot    
13:20:28.471  DEBUG   [poll]    <- read  st2mot     ret=0  data=['0x00', '0x00']
13:20:28.471  DEBUG   [poll]    -> read  st0cur    
13:20:28.475  DEBUG   [poll]    <- read  st0cur     ret=0  data=['0xfd', '0x01', '0x00', '0x02']
13:20:29.477  DEBUG   [poll]    -> read  st2mot    
13:20:29.480  DEBUG   [poll]    <- read  st2mot     ret=0  data=['0x00', '0x00']
13:20:29.481  DEBUG   [poll]    -> read  st0cur    
13:20:29.485  DEBUG   [poll]    <- read  st0cur     ret=0  data=['0xfe', '0x01', '0x00', '0x02']
13:20:30.486  DEBUG   [poll]    -> read  st2mot    
13:20:30.490  DEBUG   [poll]    <- read  st2mot     ret=0  data=['0x00', '0x00']
13:20:30.490  DEBUG   [poll]    -> read  st0cur    
13:20:30.494  DEBUG   [poll]    <- read  st0cur     ret=0  data=['0xfe', '0x01', '0x00', '0x02']
13:20:31.496  DEBUG   [poll]    -> read  st2mot    
13:20:31.499  DEBUG   [poll]    <- read  st2mot     ret=0  data=['0x00', '0x00']
13:20:31.500  DEBUG   [poll]    -> read  st0cur    
13:20:31.504  DEBUG   [poll]    <- read  st0cur     ret=0  data=['0xfd', '0x01', '0x01', '0x02']
13:20:32.506  DEBUG   [poll]    -> read  st2mot    
13:20:32.509  DEBUG   [poll]    <- read  st2mot     ret=0  data=['0x00', '0x00']
13:20:32.509  DEBUG   [poll]    -> read  st0cur    
13:20:32.514  DEBUG   [poll]    <- read  st0cur     ret=0  data=['0xfe', '0x01', '0x00', '0x02']
13:20:33.515  DEBUG   [poll]    -> read  st2mot    
13:20:33.519  DEBUG   [poll]    <- read  st2mot     ret=0  data=['0x00', '0x00']
13:20:33.519  DEBUG   [poll]    -> read  st0cur    
13:20:33.524  DEBUG   [poll]    <- read  st0cur     ret=0  data=['0xfd', '0x01', '0x01', '0x02']
13:20:34.525  DEBUG   [poll]    -> read  st2mot    
13:20:34.529  DEBUG   [poll]    <- read  st2mot     ret=0  data=['0x00', '0x00']
13:20:34.529  DEBUG   [poll]    -> read  st0cur    
13:20:34.533  DEBUG   [poll]    <- read  st0cur     ret=0  data=['0xfe', '0x01', '0x01', '0x02']
13:20:35.535  DEBUG   [poll]    -> read  st2mot    
13:20:35.538  DEBUG   [poll]    <- read  st2mot     ret=0  data=['0x00', '0x00']
13:20:35.539  DEBUG   [poll]    -> read  st0cur    
13:20:35.543  DEBUG   [poll]    <- read  st0cur     ret=0  data=['0xfe', '0x01', '0x01', '0x02']
13:20:36.544  DEBUG   [poll]    -> read  st2mot    
13:20:36.548  DEBUG   [poll]    <- read  st2mot     ret=0  data=['0x00', '0x00']
13:20:36.548  DEBUG   [poll]    -> read  st0cur    
13:20:36.552  DEBUG   [poll]    <- read  st0cur     ret=0  data=['0xfe', '0x01', '0x00', '0x02']
13:20:37.554  DEBUG   [poll]    -> read  st2mot    
13:20:37.557  DEBUG   [poll]    <- read  st2mot     ret=0  data=['0x00', '0x00']
13:20:37.558  DEBUG   [poll]    -> read  st0cur    
13:20:37.562  DEBUG   [poll]    <- read  st0cur     ret=0  data=['0xfd', '0x01', '0x01', '0x02']
13:20:38.563  DEBUG   [poll]    -> read  st2mot    
13:20:38.571  DEBUG   [poll]    <- read  st2mot     ret=0  data=['0x00', '0x00']
13:20:38.571  DEBUG   [poll]    -> read  st0cur    
13:20:38.576  DEBUG   [poll]    <- read  st0cur     ret=0  data=['0xfd', '0x01', '0x01', '0x02']
13:20:39.577  DEBUG   [poll]    -> read  st2mot    
13:20:39.581  DEBUG   [poll]    <- read  st2mot     ret=0  data=['0x00', '0x00']
13:20:39.581  DEBUG   [poll]    -> read  st0cur    
13:20:39.585  DEBUG   [poll]    <- read  st0cur     ret=0  data=['0xfd', '0x01', '0x00', '0x02']
13:20:40.587  DEBUG   [poll]    -> read  st2mot    
13:20:40.590  DEBUG   [poll]    <- read  st2mot     ret=0  data=['0x00', '0x00']
13:20:40.591  DEBUG   [poll]    -> read  st0cur    
13:20:40.595  DEBUG   [poll]    <- read  st0cur     ret=0  data=['0xfe', '0x01', '0x00', '0x02']
13:20:41.596  DEBUG   [poll]    -> read  st2mot    
13:20:41.600  DEBUG   [poll]    <- read  st2mot     ret=0  data=['0x00', '0x00']
13:20:41.600  DEBUG   [poll]    -> read  st0cur    
13:20:41.604  DEBUG   [poll]    <- read  st0cur     ret=0  data=['0xfe', '0x01', '0x00', '0x02']
13:20:42.606  DEBUG   [poll]    -> read  st2mot    
13:20:42.609  DEBUG   [poll]    <- read  st2mot     ret=0  data=['0x00', '0x00']
13:20:42.610  DEBUG   [poll]    -> read  st0cur    
13:20:42.615  DEBUG   [poll]    <- read  st0cur     ret=0  data=['0xfe', '0x01', '0x01', '0x02']
13:20:43.616  DEBUG   [poll]    -> read  st2mot    
13:20:43.624  DEBUG   [poll]    <- read  st2mot     ret=0  data=['0x00', '0x00']
13:20:43.624  DEBUG   [poll]    -> read  st0cur    
13:20:43.628  DEBUG   [poll]    <- read  st0cur     ret=0  data=['0xfd', '0x01', '0x00', '0x02']
13:20:44.630  DEBUG   [poll]    -> read  st2mot    
13:20:44.633  DEBUG   [poll]    <- read  st2mot     ret=0  data=['0x00', '0x00']
13:20:44.634  DEBUG   [poll]    -> read  st0cur    
13:20:44.638  DEBUG   [poll]    <- read  st0cur     ret=0  data=['0xfd', '0x01', '0x00', '0x02']
13:20:45.640  DEBUG   [poll]    -> read  st2mot    
13:20:45.643  DEBUG   [poll]    <- read  st2mot     ret=0  data=['0x00', '0x00']
13:20:45.643  DEBUG   [poll]    -> read  st0cur    
13:20:45.648  DEBUG   [poll]    <- read  st0cur     ret=0  data=['0xfd', '0x01', '0x01', '0x02']
13:20:46.117  DEBUG   [client]  -> write cntl0cur   data=['0x01', '0xab']
13:20:46.120  DEBUG   [client]  -> read  st1cur    
13:20:46.127  DEBUG   [client]  <- read  st1cur     ret=0  data=['0x11', '0x55', '0x77', '0xaa', '0xbb', '0xcc', '0xdd', '0xff']
13:20:46.127  DEBUG   [client]  -> write cntl0cur   data=['0xcd', '0x0c']
13:20:46.131  DEBUG   [client]  -> read  st1cur    
13:20:46.137  DEBUG   [client]  <- read  st1cur     ret=0  data=['0x00', '0x00', '0x00', '0x00', '0x00', '0x00', '0x00', '0x00']
13:20:46.138  DEBUG   [client]  -> read  st3mot    
13:20:46.144  DEBUG   [client]  <- read  st3mot     ret=0  data=['0x00', '0x00', '0x00', '0x02', '0x00', '0x00']
13:20:46.144  DEBUG   [client]  -> write cntl0cur   data=['0x01', '0xab'] (DELIBERATELY BAD CHECKSUM)
13:20:46.149  DEBUG   [client]  -> read  st1cur    
13:20:46.156  DEBUG   [client]  <- read  st1cur     ret=0  data=['0xfb', '0x00', '0x00', '0x00', '0x00', '0x00', '0x00', '0x00']
13:20:46.157  DEBUG   [client]  -> read  st3mot    
13:20:46.162  DEBUG   [client]  <- read  st3mot     ret=0  data=['0x00', '0x00', '0x00', '0x02', '0x00', '0x00']
13:20:46.162  DEBUG   [client]  -> read  st3mot    
13:20:46.170  DEBUG   [client]  <- read  st3mot     ret=0  data=['0x00', '0x00', '0x00', '0x02', '0x00', '0x00']
13:20:46.171  DEBUG   [client]  -> write cntl0cur   data=['0xfa', '0x17']
13:20:46.175  DEBUG   [client]  -> read  st0cur    
13:20:48.180  WARNING no response from slave (read timeout)
13:20:48.181  DEBUG   [client]  <- read  st0cur     ret=-5  data=['0xfd']
13:20:48.181  DEBUG   [client]  -> read  st3mot    
13:20:48.187  DEBUG   [client]  <- read  st3mot     ret=0  data=['0x01', '0x00', '0x00', '0x02', '0x00', '0x00']
13:20:48.187  DEBUG   [client]  -> read  st1cur    
13:20:48.193  DEBUG   [client]  <- read  st1cur     ret=0  data=['0xfb', '0xfb', '0x00', '0x00', '0x00', '0x00', '0x00', '0x00']
13:20:48.194  DEBUG   [client]  -> read  st3mot    
13:20:48.200  DEBUG   [client]  <- read  st3mot     ret=0  data=['0x01', '0x00', '0x00', '0x02', '0x00', '0x00']
13:20:48.200  DEBUG   [client]  -> write cntl3mot   data=['0x00', '0x00'] (DELIBERATELY BAD CHECKSUM)
13:20:48.204  DEBUG   [client]  -> read  st3mot    
13:20:48.209  DEBUG   [client]  <- read  st3mot     ret=0  data=['0x01', '0x00', '0x01', '0x02', '0x00', '0x00']
13:20:48.210  DEBUG   [client]  -> read  st3mot    
13:20:48.215  DEBUG   [client]  <- read  st3mot     ret=0  data=['0x01', '0x00', '0x01', '0x02', '0x00', '0x00']
13:20:48.215  DEBUG   [client]  -> write cntl2mot   data=['0x00', '0x00', '0x00', '0x00', '0x00', '0x00']
13:20:48.221  DEBUG   [client]  -> read  st3mot    
13:20:48.227  DEBUG   [client]  <- read  st3mot     ret=0  data=['0x00', '0x00', '0x00', '0x00', '0x00', '0x00']
13:20:48.228  DEBUG   [poll]    -> read  st2mot    
13:20:48.231  DEBUG   [poll]    <- read  st2mot     ret=0  data=['0x00', '0x00']
13:20:48.232  DEBUG   [poll]    -> read  st0cur    
13:20:48.236  DEBUG   [poll]    <- read  st0cur     ret=0  data=['0xfe', '0x01', '0x01', '0x02']
13:20:49.238  DEBUG   [poll]    -> read  st2mot    
13:20:49.241  DEBUG   [poll]    <- read  st2mot     ret=0  data=['0x00', '0x00']
13:20:49.242  DEBUG   [poll]    -> read  st0cur    
13:20:49.246  DEBUG   [poll]    <- read  st0cur     ret=0  data=['0xfd', '0x01', '0x01', '0x02']
13:20:50.248  DEBUG   [poll]    -> read  st2mot    
13:20:50.251  DEBUG   [poll]    <- read  st2mot     ret=0  data=['0x00', '0x00']
13:20:50.251  DEBUG   [poll]    -> read  st0cur    
13:20:50.256  DEBUG   [poll]    <- read  st0cur     ret=0  data=['0xfd', '0x01', '0x01', '0x02']
13:20:51.257  DEBUG   [poll]    -> read  st2mot    
13:20:51.261  DEBUG   [poll]    <- read  st2mot     ret=0  data=['0x00', '0x00']
13:20:51.261  DEBUG   [poll]    -> read  st0cur    
13:20:51.265  DEBUG   [poll]    <- read  st0cur     ret=0  data=['0xfd', '0x01', '0x00', '0x02']
13:20:52.267  DEBUG   [poll]    -> read  st2mot    
13:20:52.270  DEBUG   [poll]    <- read  st2mot     ret=0  data=['0x00', '0x00']
13:20:52.271  DEBUG   [poll]    -> read  st0cur    
13:20:52.275  DEBUG   [poll]    <- read  st0cur     ret=0  data=['0xfe', '0x01', '0x00', '0x02']
13:20:53.277  DEBUG   [poll]    -> read  st2mot    
13:20:53.280  DEBUG   [poll]    <- read  st2mot     ret=0  data=['0x00', '0x00']
13:20:53.280  DEBUG   [poll]    -> read  st0cur    
13:20:53.285  DEBUG   [poll]    <- read  st0cur     ret=0  data=['0xfd', '0x01', '0x01', '0x02']
13:20:53.910  DEBUG   [client]  -> read  st3mot    
13:20:53.915  DEBUG   [client]  <- read  st3mot     ret=0  data=['0x00', '0x00', '0x00', '0x00', '0x00', '0x00']
13:20:54.286  DEBUG   [poll]    -> read  st2mot    
13:20:54.290  DEBUG   [poll]    <- read  st2mot     ret=0  data=['0x00', '0x00']
13:20:54.290  DEBUG   [poll]    -> read  st0cur    
13:20:54.294  DEBUG   [poll]    <- read  st0cur     ret=0  data=['0xfd', '0x01', '0x01', '0x02']
13:20:55.296  DEBUG   [poll]    -> read  st2mot    
13:20:55.299  DEBUG   [poll]    <- read  st2mot     ret=0  data=['0x00', '0x00']
13:20:55.300  DEBUG   [poll]    -> read  st0cur    
13:20:55.304  DEBUG   [poll]    <- read  st0cur     ret=0  data=['0xfd', '0x01', '0x01', '0x02']
13:20:56.306  DEBUG   [poll]    -> read  st2mot    
13:20:56.309  DEBUG   [poll]    <- read  st2mot     ret=0  data=['0x00', '0x00']
13:20:56.309  DEBUG   [poll]    -> read  st0cur    
13:20:56.314  DEBUG   [poll]    <- read  st0cur     ret=0  data=['0xfe', '0x01', '0x00', '0x02']
13:20:57.315  DEBUG   [poll]    -> read  st2mot    
13:20:57.318  DEBUG   [poll]    <- read  st2mot     ret=0  data=['0x00', '0x00']
13:20:57.319  DEBUG   [poll]    -> read  st0cur    
13:20:57.323  DEBUG   [poll]    <- read  st0cur     ret=0  data=['0xfd', '0x01', '0x01', '0x02']
13:20:58.325  DEBUG   [poll]    -> read  st2mot    
13:20:58.328  DEBUG   [poll]    <- read  st2mot     ret=0  data=['0x00', '0x00']
13:20:58.328  DEBUG   [poll]    -> read  st0cur    
13:20:58.333  DEBUG   [poll]    <- read  st0cur     ret=0  data=['0xfd', '0x01', '0x01', '0x02']
13:20:59.334  DEBUG   [poll]    -> read  st2mot    
13:20:59.341  DEBUG   [poll]    <- read  st2mot     ret=0  data=['0x00', '0x00']
13:20:59.341  DEBUG   [poll]    -> read  st0cur    
13:20:59.346  DEBUG   [poll]    <- read  st0cur     ret=0  data=['0xfe', '0x01', '0x00', '0x02']
13:21:00.347  DEBUG   [poll]    -> read  st2mot    
13:21:00.350  DEBUG   [poll]    <- read  st2mot     ret=0  data=['0x00', '0x00']
13:21:00.351  DEBUG   [poll]    -> read  st0cur    
13:21:00.355  DEBUG   [poll]    <- read  st0cur     ret=0  data=['0xfe', '0x01', '0x00', '0x02']
13:21:01.357  DEBUG   [poll]    -> read  st2mot    
13:21:01.360  DEBUG   [poll]    <- read  st2mot     ret=0  data=['0x00', '0x00']
13:21:01.361  DEBUG   [poll]    -> read  st0cur    
13:21:01.365  DEBUG   [poll]    <- read  st0cur     ret=0  data=['0xfd', '0x01', '0x01', '0x02']
13:21:02.366  DEBUG   [poll]    -> read  st2mot    
13:21:02.370  DEBUG   [poll]    <- read  st2mot     ret=0  data=['0x00', '0x00']
13:21:02.370  DEBUG   [poll]    -> read  st0cur    
13:21:02.374  DEBUG   [poll]    <- read  st0cur     ret=0  data=['0xfd', '0x01', '0x00', '0x02']
13:21:03.376  DEBUG   [poll]    -> read  st2mot    
13:21:03.379  DEBUG   [poll]    <- read  st2mot     ret=0  data=['0x00', '0x00']
13:21:03.380  DEBUG   [poll]    -> read  st0cur    
13:21:03.384  DEBUG   [poll]    <- read  st0cur     ret=0  data=['0xfe', '0x01', '0x01', '0x02']
13:21:04.385  DEBUG   [poll]    -> read  st2mot    
13:21:04.392  DEBUG   [poll]    <- read  st2mot     ret=0  data=['0x00', '0x00']
13:21:04.393  DEBUG   [poll]    -> read  st0cur    
13:21:04.397  DEBUG   [poll]    <- read  st0cur     ret=0  data=['0xfe', '0x01', '0x01', '0x02']
13:21:05.398  DEBUG   [poll]    -> read  st2mot    
13:21:05.402  DEBUG   [poll]    <- read  st2mot     ret=0  data=['0x00', '0x00']
13:21:05.402  DEBUG   [poll]    -> read  st0cur    
13:21:05.407  DEBUG   [poll]    <- read  st0cur     ret=0  data=['0xfd', '0x01', '0x01', '0x02']
13:21:06.408  DEBUG   [poll]    -> read  st2mot    
13:21:06.411  DEBUG   [poll]    <- read  st2mot     ret=0  data=['0x00', '0x00']
13:21:06.412  DEBUG   [poll]    -> read  st0cur    
13:21:06.416  DEBUG   [poll]    <- read  st0cur     ret=0  data=['0xfe', '0x01', '0x01', '0x02']
13:21:07.418  DEBUG   [poll]    -> read  st2mot    
13:21:07.421  DEBUG   [poll]    <- read  st2mot     ret=0  data=['0x00', '0x00']
13:21:07.421  DEBUG   [poll]    -> read  st0cur    
13:21:07.425  DEBUG   [poll]    <- read  st0cur     ret=0  data=['0xfd', '0x01', '0x01', '0x02']
13:21:08.427  DEBUG   [poll]    -> read  st2mot    
13:21:08.430  DEBUG   [poll]    <- read  st2mot     ret=0  data=['0x00', '0x00']
13:21:08.431  DEBUG   [poll]    -> read  st0cur    
13:21:08.435  DEBUG   [poll]    <- read  st0cur     ret=0  data=['0xfe', '0x01', '0x01', '0x02']
13:21:09.436  DEBUG   [poll]    -> read  st2mot    
13:21:09.446  DEBUG   [poll]    <- read  st2mot     ret=0  data=['0x00', '0x00']
13:21:09.447  DEBUG   [poll]    -> read  st0cur    
13:21:09.451  DEBUG   [poll]    <- read  st0cur     ret=0  data=['0xfe', '0x01', '0x00', '0x02']
13:21:10.452  DEBUG   [poll]    -> read  st2mot    
13:21:10.456  DEBUG   [poll]    <- read  st2mot     ret=0  data=['0x00', '0x00']
13:21:10.456  DEBUG   [poll]    -> read  st0cur    
13:21:10.460  DEBUG   [poll]    <- read  st0cur     ret=0  data=['0xfe', '0x01', '0x00', '0x02']
13:21:11.462  DEBUG   [poll]    -> read  st2mot    
13:21:11.465  DEBUG   [poll]    <- read  st2mot     ret=0  data=['0x00', '0x00']
13:21:11.466  DEBUG   [poll]    -> read  st0cur    
13:21:11.470  DEBUG   [poll]    <- read  st0cur     ret=0  data=['0xfd', '0x01', '0x00', '0x02']
13:21:12.472  DEBUG   [poll]    -> read  st2mot    
13:21:12.475  DEBUG   [poll]    <- read  st2mot     ret=0  data=['0x00', '0x00']
13:21:12.475  DEBUG   [poll]    -> read  st0cur    
13:21:12.479  DEBUG   [poll]    <- read  st0cur     ret=0  data=['0xfe', '0x01', '0x00', '0x02']
13:21:13.481  DEBUG   [poll]    -> read  st2mot    
13:21:13.484  DEBUG   [poll]    <- read  st2mot     ret=0  data=['0x00', '0x00']
13:21:13.485  DEBUG   [poll]    -> read  st0cur    
13:21:13.489  DEBUG   [poll]    <- read  st0cur     ret=0  data=['0xfd', '0x01', '0x00', '0x02']
13:21:14.491  DEBUG   [poll]    -> read  st2mot    
13:21:14.497  DEBUG   [poll]    <- read  st2mot     ret=0  data=['0x00', '0x00']
13:21:14.498  DEBUG   [poll]    -> read  st0cur    
13:21:14.502  DEBUG   [poll]    <- read  st0cur     ret=0  data=['0xfd', '0x01', '0x01', '0x02']
13:21:15.504  DEBUG   [poll]    -> read  st2mot    
13:21:15.507  DEBUG   [poll]    <- read  st2mot     ret=0  data=['0x00', '0x00']
13:21:15.507  DEBUG   [poll]    -> read  st0cur    
13:21:15.512  DEBUG   [poll]    <- read  st0cur     ret=0  data=['0xfd', '0x01', '0x00', '0x02']
13:21:16.513  DEBUG   [poll]    -> read  st2mot    
13:21:16.516  DEBUG   [poll]    <- read  st2mot     ret=0  data=['0x00', '0x00']
13:21:16.517  DEBUG   [poll]    -> read  st0cur    
13:21:16.521  DEBUG   [poll]    <- read  st0cur     ret=0  data=['0xfe', '0x01', '0x01', '0x02']
13:21:17.523  DEBUG   [poll]    -> read  st2mot    
13:21:17.526  DEBUG   [poll]    <- read  st2mot     ret=0  data=['0x00', '0x00']
13:21:17.526  DEBUG   [poll]    -> read  st0cur    
13:21:17.531  DEBUG   [poll]    <- read  st0cur     ret=0  data=['0xfe', '0x01', '0x00', '0x02']
13:21:18.532  DEBUG   [poll]    -> read  st2mot    
13:21:18.535  DEBUG   [poll]    <- read  st2mot     ret=0  data=['0x00', '0x00']
13:21:18.536  DEBUG   [poll]    -> read  st0cur    
13:21:18.540  DEBUG   [poll]    <- read  st0cur     ret=0  data=['0xfd', '0x01', '0x01', '0x02']
13:21:19.542  DEBUG   [poll]    -> read  st2mot    
13:21:19.548  DEBUG   [poll]    <- read  st2mot     ret=0  data=['0x00', '0x00']
13:21:19.549  DEBUG   [poll]    -> read  st0cur    
13:21:19.553  DEBUG   [poll]    <- read  st0cur     ret=0  data=['0xfd', '0x01', '0x00', '0x02']
13:21:20.555  DEBUG   [poll]    -> read  st2mot    
13:21:20.558  DEBUG   [poll]    <- read  st2mot     ret=0  data=['0x00', '0x00']
13:21:20.558  DEBUG   [poll]    -> read  st0cur    
13:21:20.563  DEBUG   [poll]    <- read  st0cur     ret=0  data=['0xfd', '0x01', '0x00', '0x02']
13:21:21.564  DEBUG   [poll]    -> read  st2mot    
13:21:21.568  DEBUG   [poll]    <- read  st2mot     ret=0  data=['0x00', '0x00']
13:21:21.568  DEBUG   [poll]    -> read  st0cur    
13:21:21.573  DEBUG   [poll]    <- read  st0cur     ret=0  data=['0xfd', '0x01', '0x00', '0x02']
13:21:22.574  DEBUG   [poll]    -> read  st2mot    
13:21:22.577  DEBUG   [poll]    <- read  st2mot     ret=0  data=['0x00', '0x00']
13:21:22.578  DEBUG   [poll]    -> read  st0cur    
13:21:22.582  DEBUG   [poll]    <- read  st0cur     ret=0  data=['0xfd', '0x01', '0x01', '0x02']
13:21:23.583  DEBUG   [poll]    -> read  st2mot    
13:21:23.587  DEBUG   [poll]    <- read  st2mot     ret=0  data=['0x00', '0x00']
13:21:23.587  DEBUG   [poll]    -> read  st0cur    
13:21:23.591  DEBUG   [poll]    <- read  st0cur     ret=0  data=['0xfe', '0x01', '0x01', '0x02']
13:21:24.593  DEBUG   [poll]    -> read  st2mot    
13:21:24.600  DEBUG   [poll]    <- read  st2mot     ret=0  data=['0x00', '0x00']
13:21:24.600  DEBUG   [poll]    -> read  st0cur    
13:21:24.605  DEBUG   [poll]    <- read  st0cur     ret=0  data=['0xfd', '0x01', '0x01', '0x02']
13:21:25.606  DEBUG   [poll]    -> read  st2mot    
13:21:25.609  DEBUG   [poll]    <- read  st2mot     ret=0  data=['0x00', '0x00']
13:21:25.610  DEBUG   [poll]    -> read  st0cur    
13:21:25.614  DEBUG   [poll]    <- read  st0cur     ret=0  data=['0xfd', '0x01', '0x01', '0x02']
13:21:26.616  DEBUG   [poll]    -> read  st2mot    
13:21:26.619  DEBUG   [poll]    <- read  st2mot     ret=0  data=['0x00', '0x00']
13:21:26.619  DEBUG   [poll]    -> read  st0cur    
13:21:26.624  DEBUG   [poll]    <- read  st0cur     ret=0  data=['0xfd', '0x01', '0x01', '0x02']
13:21:27.625  DEBUG   [poll]    -> read  st2mot    
13:21:27.628  DEBUG   [poll]    <- read  st2mot     ret=0  data=['0x00', '0x00']
13:21:27.629  DEBUG   [poll]    -> read  st0cur    
13:21:27.633  DEBUG   [poll]    <- read  st0cur     ret=0  data=['0xfd', '0x01', '0x01', '0x02']
13:21:28.634  DEBUG   [poll]    -> read  st2mot    
13:21:28.638  DEBUG   [poll]    <- read  st2mot     ret=0  data=['0x00', '0x00']
13:21:28.638  DEBUG   [poll]    -> read  st0cur    
13:21:28.643  DEBUG   [poll]    <- read  st0cur     ret=0  data=['0xfd', '0x01', '0x00', '0x02']
13:21:29.644  DEBUG   [poll]    -> read  st2mot    
13:21:29.651  DEBUG   [poll]    <- read  st2mot     ret=0  data=['0x00', '0x00']
13:21:29.651  DEBUG   [poll]    -> read  st0cur    
13:21:29.656  DEBUG   [poll]    <- read  st0cur     ret=0  data=['0xfe', '0x01', '0x01', '0x02']
13:21:30.657  DEBUG   [poll]    -> read  st2mot    
13:21:30.661  DEBUG   [poll]    <- read  st2mot     ret=0  data=['0x00', '0x00']
13:21:30.661  DEBUG   [poll]    -> read  st0cur    
13:21:30.666  DEBUG   [poll]    <- read  st0cur     ret=0  data=['0xfe', '0x01', '0x00', '0x02']
13:21:31.668  DEBUG   [poll]    -> read  st2mot    
13:21:31.671  DEBUG   [poll]    <- read  st2mot     ret=0  data=['0x00', '0x00']
13:21:31.672  DEBUG   [poll]    -> read  st0cur    
13:21:31.676  DEBUG   [poll]    <- read  st0cur     ret=0  data=['0xfd', '0x01', '0x01', '0x02']
13:21:32.678  DEBUG   [poll]    -> read  st2mot    
13:21:32.681  DEBUG   [poll]    <- read  st2mot     ret=0  data=['0x00', '0x00']
13:21:32.682  DEBUG   [poll]    -> read  st0cur    
13:21:32.686  DEBUG   [poll]    <- read  st0cur     ret=0  data=['0xfd', '0x01', '0x01', '0x02']
13:21:32.810  WARNING client disconnected — stopping motor
13:21:32.811  DEBUG   [client]  -> write cntl3mot   data=['0x00', '0x00']
13:21:32.815  INFO    client disconnected
13:21:33.688  DEBUG   [poll]    -> read  st2mot    
13:21:33.691  DEBUG   [poll]    <- read  st2mot     ret=0  data=['0x00', '0x00']
13:21:33.692  DEBUG   [poll]    -> read  st0cur    
13:21:33.696  DEBUG   [poll]    <- read  st0cur     ret=0  data=['0xfe', '0x01', '0x01', '0x02']
13:21:34.698  DEBUG   [poll]    -> read  st2mot    
13:21:34.701  DEBUG   [poll]    <- read  st2mot     ret=0  data=['0x00', '0x00']
13:21:34.702  DEBUG   [poll]    -> read  st0cur    
13:21:34.706  DEBUG   [poll]    <- read  st0cur     ret=0  data=['0xfd', '0x01', '0x01', '0x02']
13:21:35.708  DEBUG   [poll]    -> read  st2mot    
13:21:35.711  DEBUG   [poll]    <- read  st2mot     ret=0  data=['0x00', '0x00']
13:21:35.712  DEBUG   [poll]    -> read  st0cur    
13:21:35.716  DEBUG   [poll]    <- read  st0cur     ret=0  data=['0xfd', '0x01', '0x00', '0x02']
13:21:36.718  DEBUG   [poll]    -> read  st2mot    
13:21:36.721  DEBUG   [poll]    <- read  st2mot     ret=0  data=['0x00', '0x00']
13:21:36.722  DEBUG   [poll]    -> read  st0cur    
13:21:36.726  DEBUG   [poll]    <- read  st0cur     ret=0  data=['0xfe', '0x01', '0x01', '0x02']
13:21:37.728  DEBUG   [poll]    -> read  st2mot    
13:21:37.731  DEBUG   [poll]    <- read  st2mot     ret=0  data=['0x00', '0x00']
13:21:37.731  DEBUG   [poll]    -> read  st0cur    
13:21:37.736  DEBUG   [poll]    <- read  st0cur     ret=0  data=['0xfe', '0x01', '0x01', '0x02']
13:21:38.737  DEBUG   [poll]    -> read  st2mot    
13:21:38.741  DEBUG   [poll]    <- read  st2mot     ret=0  data=['0x00', '0x00']
13:21:38.741  DEBUG   [poll]    -> read  st0cur    
13:21:38.745  DEBUG   [poll]    <- read  st0cur     ret=0  data=['0xfe', '0x01', '0x01', '0x02']
13:21:39.747  DEBUG   [poll]    -> read  st2mot    
13:21:39.751  DEBUG   [poll]    <- read  st2mot     ret=0  data=['0x00', '0x00']
13:21:39.752  DEBUG   [poll]    -> read  st0cur    
13:21:39.756  DEBUG   [poll]    <- read  st0cur     ret=0  data=['0xfd', '0x01', '0x01', '0x02']
13:21:40.758  DEBUG   [poll]    -> read  st2mot    
13:21:40.761  DEBUG   [poll]    <- read  st2mot     ret=0  data=['0x00', '0x00']
13:21:40.762  DEBUG   [poll]    -> read  st0cur    
13:21:40.766  DEBUG   [poll]    <- read  st0cur     ret=0  data=['0xfe', '0x01', '0x01', '0x02']
13:21:41.768  DEBUG   [poll]    -> read  st2mot    
13:21:41.771  DEBUG   [poll]    <- read  st2mot     ret=0  data=['0x00', '0x00']
13:21:41.772  DEBUG   [poll]    -> read  st0cur    
13:21:41.776  DEBUG   [poll]    <- read  st0cur     ret=0  data=['0xfd', '0x01', '0x00', '0x02']
13:21:42.777  DEBUG   [poll]    -> read  st2mot    
13:21:42.781  DEBUG   [poll]    <- read  st2mot     ret=0  data=['0x00', '0x00']
13:21:42.781  DEBUG   [poll]    -> read  st0cur    
13:21:42.786  DEBUG   [poll]    <- read  st0cur     ret=0  data=['0xfe', '0x01', '0x01', '0x02']
13:21:43.787  DEBUG   [poll]    -> read  st2mot    
13:21:43.791  DEBUG   [poll]    <- read  st2mot     ret=0  data=['0x00', '0x00']
13:21:43.791  DEBUG   [poll]    -> read  st0cur    
13:21:43.795  DEBUG   [poll]    <- read  st0cur     ret=0  data=['0xfd', '0x01', '0x01', '0x02']
13:21:44.796  DEBUG   [poll]    -> read  st2mot    
13:21:44.804  DEBUG   [poll]    <- read  st2mot     ret=0  data=['0x00', '0x00']
13:21:44.804  DEBUG   [poll]    -> read  st0cur    
13:21:44.808  DEBUG   [poll]    <- read  st0cur     ret=0  data=['0xfd', '0x01', '0x01', '0x02']
13:21:45.810  DEBUG   [poll]    -> read  st2mot    
13:21:45.813  DEBUG   [poll]    <- read  st2mot     ret=0  data=['0x00', '0x00']
13:21:45.814  DEBUG   [poll]    -> read  st0cur    
13:21:45.818  DEBUG   [poll]    <- read  st0cur     ret=0  data=['0xfd', '0x01', '0x01', '0x02']
13:21:46.819  DEBUG   [poll]    -> read  st2mot    
13:21:46.823  DEBUG   [poll]    <- read  st2mot     ret=0  data=['0x00', '0x00']
13:21:46.823  DEBUG   [poll]    -> read  st0cur    
13:21:46.828  DEBUG   [poll]    <- read  st0cur     ret=0  data=['0xfd', '0x01', '0x00', '0x02']
13:21:47.829  DEBUG   [poll]    -> read  st2mot    
13:21:47.833  DEBUG   [poll]    <- read  st2mot     ret=0  data=['0x00', '0x00']
13:21:47.833  DEBUG   [poll]    -> read  st0cur    
13:21:47.837  DEBUG   [poll]    <- read  st0cur     ret=0  data=['0xfe', '0x01', '0x00', '0x02']
13:21:48.839  DEBUG   [poll]    -> read  st2mot    
13:21:48.842  DEBUG   [poll]    <- read  st2mot     ret=0  data=['0x00', '0x00']
13:21:48.843  DEBUG   [poll]    -> read  st0cur    
13:21:48.847  DEBUG   [poll]    <- read  st0cur     ret=0  data=['0xfd', '0x01', '0x01', '0x02']
13:21:49.849  DEBUG   [poll]    -> read  st2mot    
13:21:49.852  DEBUG   [poll]    <- read  st2mot     ret=0  data=['0x00', '0x00']
13:21:49.853  DEBUG   [poll]    -> read  st0cur    
13:21:49.857  DEBUG   [poll]    <- read  st0cur     ret=0  data=['0xfd', '0x01', '0x01', '0x02']
13:21:50.858  DEBUG   [poll]    -> read  st2mot    
13:21:50.862  DEBUG   [poll]    <- read  st2mot     ret=0  data=['0x00', '0x00']
13:21:50.862  DEBUG   [poll]    -> read  st0cur    
13:21:50.866  DEBUG   [poll]    <- read  st0cur     ret=0  data=['0xfd', '0x01', '0x01', '0x02']
13:21:51.868  DEBUG   [poll]    -> read  st2mot    
13:21:51.872  DEBUG   [poll]    <- read  st2mot     ret=0  data=['0x00', '0x00']
13:21:51.872  DEBUG   [poll]    -> read  st0cur    
13:21:51.876  DEBUG   [poll]    <- read  st0cur     ret=0  data=['0xfd', '0x01', '0x00', '0x02']
13:21:52.878  DEBUG   [poll]    -> read  st2mot    
13:21:52.881  DEBUG   [poll]    <- read  st2mot     ret=0  data=['0x00', '0x00']
13:21:52.882  DEBUG   [poll]    -> read  st0cur    
13:21:52.886  DEBUG   [poll]    <- read  st0cur     ret=0  data=['0xfe', '0x01', '0x01', '0x02']
13:21:53.888  DEBUG   [poll]    -> read  st2mot    
13:21:53.891  DEBUG   [poll]    <- read  st2mot     ret=0  data=['0x00', '0x00']
13:21:53.891  DEBUG   [poll]    -> read  st0cur    
13:21:53.896  DEBUG   [poll]    <- read  st0cur     ret=0  data=['0xfd', '0x01', '0x01', '0x02']
13:21:54.897  DEBUG   [poll]    -> read  st2mot    
13:21:54.904  DEBUG   [poll]    <- read  st2mot     ret=0  data=['0x00', '0x00']
13:21:54.904  DEBUG   [poll]    -> read  st0cur    
13:21:54.909  DEBUG   [poll]    <- read  st0cur     ret=0  data=['0xfd', '0x01', '0x01', '0x02']
13:21:55.910  DEBUG   [poll]    -> read  st2mot    
13:21:55.914  DEBUG   [poll]    <- read  st2mot     ret=0  data=['0x00', '0x00']
13:21:55.914  DEBUG   [poll]    -> read  st0cur    
13:21:55.918  DEBUG   [poll]    <- read  st0cur     ret=0  data=['0xfd', '0x01', '0x01', '0x02']
13:21:56.920  DEBUG   [poll]    -> read  st2mot    
13:21:56.923  DEBUG   [poll]    <- read  st2mot     ret=0  data=['0x00', '0x00']
13:21:56.924  DEBUG   [poll]    -> read  st0cur    
13:21:56.928  DEBUG   [poll]    <- read  st0cur     ret=0  data=['0xfd', '0x01', '0x01', '0x02']
13:21:57.930  DEBUG   [poll]    -> read  st2mot    
13:21:57.933  DEBUG   [poll]    <- read  st2mot     ret=0  data=['0x00', '0x00']
13:21:57.934  DEBUG   [poll]    -> read  st0cur    
13:21:57.938  DEBUG   [poll]    <- read  st0cur     ret=0  data=['0xfd', '0x01', '0x01', '0x02']
13:21:58.939  DEBUG   [poll]    -> read  st2mot    
13:21:58.943  DEBUG   [poll]    <- read  st2mot     ret=0  data=['0x00', '0x00']
13:21:58.943  DEBUG   [poll]    -> read  st0cur    
13:21:58.947  DEBUG   [poll]    <- read  st0cur     ret=0  data=['0xfe', '0x01', '0x01', '0x02']
13:21:59.949  DEBUG   [poll]    -> read  st2mot    
13:21:59.956  DEBUG   [poll]    <- read  st2mot     ret=0  data=['0x00', '0x00']
13:21:59.956  DEBUG   [poll]    -> read  st0cur    
13:21:59.961  DEBUG   [poll]    <- read  st0cur     ret=0  data=['0xfe', '0x01', '0x01', '0x02']
13:22:00.962  DEBUG   [poll]    -> read  st2mot    
13:22:00.966  DEBUG   [poll]    <- read  st2mot     ret=0  data=['0x00', '0x00']
13:22:00.966  DEBUG   [poll]    -> read  st0cur    
13:22:00.970  DEBUG   [poll]    <- read  st0cur     ret=0  data=['0xfd', '0x01', '0x01', '0x02']
13:22:01.972  DEBUG   [poll]    -> read  st2mot    
13:22:01.975  DEBUG   [poll]    <- read  st2mot     ret=0  data=['0x00', '0x00']
13:22:01.976  DEBUG   [poll]    -> read  st0cur    
13:22:01.980  DEBUG   [poll]    <- read  st0cur     ret=0  data=['0xfd', '0x01', '0x01', '0x02']
13:22:02.982  DEBUG   [poll]    -> read  st2mot    
13:22:02.985  DEBUG   [poll]    <- read  st2mot     ret=0  data=['0x00', '0x00']
13:22:02.985  DEBUG   [poll]    -> read  st0cur    
13:22:02.989  DEBUG   [poll]    <- read  st0cur     ret=0  data=['0xfe', '0x01', '0x01', '0x02']
13:22:03.991  DEBUG   [poll]    -> read  st2mot    
13:22:03.994  DEBUG   [poll]    <- read  st2mot     ret=0  data=['0x00', '0x00']
13:22:03.995  DEBUG   [poll]    -> read  st0cur    
13:22:03.999  DEBUG   [poll]    <- read  st0cur     ret=0  data=['0xfd', '0x01', '0x01', '0x02']
13:22:05.001  DEBUG   [poll]    -> read  st2mot    
13:22:05.004  DEBUG   [poll]    <- read  st2mot     ret=0  data=['0x00', '0x00']
13:22:05.005  DEBUG   [poll]    -> read  st0cur    
13:22:05.009  DEBUG   [poll]    <- read  st0cur     ret=0  data=['0xfd', '0x01', '0x00', '0x02']
13:22:06.010  DEBUG   [poll]    -> read  st2mot    
13:22:06.014  DEBUG   [poll]    <- read  st2mot     ret=0  data=['0x00', '0x00']
13:22:06.014  DEBUG   [poll]    -> read  st0cur    
13:22:06.018  DEBUG   [poll]    <- read  st0cur     ret=0  data=['0xfd', '0x01', '0x01', '0x02']
13:22:07.020  DEBUG   [poll]    -> read  st2mot    
13:22:07.024  DEBUG   [poll]    <- read  st2mot     ret=0  data=['0x00', '0x00']
13:22:07.024  DEBUG   [poll]    -> read  st0cur    
13:22:07.028  DEBUG   [poll]    <- read  st0cur     ret=0  data=['0xfe', '0x01', '0x00', '0x02']
13:22:08.030  DEBUG   [poll]    -> read  st2mot    
13:22:08.033  DEBUG   [poll]    <- read  st2mot     ret=0  data=['0x00', '0x00']
13:22:08.034  DEBUG   [poll]    -> read  st0cur    
13:22:08.038  DEBUG   [poll]    <- read  st0cur     ret=0  data=['0xfd', '0x01', '0x01', '0x02']
13:22:09.039  DEBUG   [poll]    -> read  st2mot    
13:22:09.043  DEBUG   [poll]    <- read  st2mot     ret=0  data=['0x00', '0x00']
13:22:09.043  DEBUG   [poll]    -> read  st0cur    
13:22:09.047  DEBUG   [poll]    <- read  st0cur     ret=0  data=['0xfd', '0x01', '0x00', '0x02']
13:22:10.049  DEBUG   [poll]    -> read  st2mot    
13:22:10.052  DEBUG   [poll]    <- read  st2mot     ret=0  data=['0x00', '0x00']
13:22:10.053  DEBUG   [poll]    -> read  st0cur    
13:22:10.058  DEBUG   [poll]    <- read  st0cur     ret=0  data=['0xfd', '0x01', '0x00', '0x02']
13:22:11.059  DEBUG   [poll]    -> read  st2mot    
13:22:11.063  DEBUG   [poll]    <- read  st2mot     ret=0  data=['0x00', '0x00']
13:22:11.063  DEBUG   [poll]    -> read  st0cur    
13:22:11.067  DEBUG   [poll]    <- read  st0cur     ret=0  data=['0xfd', '0x01', '0x01', '0x02']
13:22:12.069  DEBUG   [poll]    -> read  st2mot    
13:22:12.072  DEBUG   [poll]    <- read  st2mot     ret=0  data=['0x00', '0x00']
13:22:12.073  DEBUG   [poll]    -> read  st0cur    
13:22:12.077  DEBUG   [poll]    <- read  st0cur     ret=0  data=['0xfd', '0x01', '0x01', '0x02']
13:22:13.079  DEBUG   [poll]    -> read  st2mot    
13:22:13.082  DEBUG   [poll]    <- read  st2mot     ret=0  data=['0x00', '0x00']
13:22:13.082  DEBUG   [poll]    -> read  st0cur    
13:22:13.087  DEBUG   [poll]    <- read  st0cur     ret=0  data=['0xfe', '0x01', '0x00', '0x02']
13:22:14.088  DEBUG   [poll]    -> read  st2mot    
13:22:14.092  DEBUG   [poll]    <- read  st2mot     ret=0  data=['0x00', '0x00']
13:22:14.092  DEBUG   [poll]    -> read  st0cur    
13:22:14.096  DEBUG   [poll]    <- read  st0cur     ret=0  data=['0xfd', '0x01', '0x01', '0x02']
13:22:15.098  DEBUG   [poll]    -> read  st2mot    
13:22:15.101  DEBUG   [poll]    <- read  st2mot     ret=0  data=['0x00', '0x00']
13:22:15.102  DEBUG   [poll]    -> read  st0cur    
13:22:15.106  DEBUG   [poll]    <- read  st0cur     ret=0  data=['0xfe', '0x01', '0x00', '0x02']
13:22:16.108  DEBUG   [poll]    -> read  st2mot    
13:22:16.111  DEBUG   [poll]    <- read  st2mot     ret=0  data=['0x00', '0x00']
13:22:16.112  DEBUG   [poll]    -> read  st0cur    
13:22:16.116  DEBUG   [poll]    <- read  st0cur     ret=0  data=['0xfd', '0x01', '0x01', '0x02']
13:22:17.117  DEBUG   [poll]    -> read  st2mot    
13:22:17.121  DEBUG   [poll]    <- read  st2mot     ret=0  data=['0x00', '0x00']
13:22:17.121  DEBUG   [poll]    -> read  st0cur    
13:22:17.126  DEBUG   [poll]    <- read  st0cur     ret=0  data=['0xfd', '0x01', '0x01', '0x02']
13:22:18.127  DEBUG   [poll]    -> read  st2mot    
13:22:18.130  DEBUG   [poll]    <- read  st2mot     ret=0  data=['0x00', '0x00']
13:22:18.131  DEBUG   [poll]    -> read  st0cur    
13:22:18.135  DEBUG   [poll]    <- read  st0cur     ret=0  data=['0xfe', '0x01', '0x00', '0x02']
13:22:19.136  DEBUG   [poll]    -> read  st2mot    
13:22:19.140  DEBUG   [poll]    <- read  st2mot     ret=0  data=['0x00', '0x00']
13:22:19.140  DEBUG   [poll]    -> read  st0cur    
13:22:19.144  DEBUG   [poll]    <- read  st0cur     ret=0  data=['0xfd', '0x01', '0x00', '0x02']
13:22:20.146  DEBUG   [poll]    -> read  st2mot    
13:22:20.150  DEBUG   [poll]    <- read  st2mot     ret=0  data=['0x00', '0x00']
13:22:20.150  DEBUG   [poll]    -> read  st0cur    
13:22:20.155  DEBUG   [poll]    <- read  st0cur     ret=0  data=['0xfd', '0x01', '0x01', '0x02']
13:22:21.156  DEBUG   [poll]    -> read  st2mot    
13:22:21.159  DEBUG   [poll]    <- read  st2mot     ret=0  data=['0x00', '0x00']
13:22:21.160  DEBUG   [poll]    -> read  st0cur    
13:22:21.164  DEBUG   [poll]    <- read  st0cur     ret=0  data=['0xfd', '0x01', '0x01', '0x02']
13:22:22.165  DEBUG   [poll]    -> read  st2mot    
13:22:22.169  DEBUG   [poll]    <- read  st2mot     ret=0  data=['0x00', '0x00']
13:22:22.169  DEBUG   [poll]    -> read  st0cur    
13:22:22.173  DEBUG   [poll]    <- read  st0cur     ret=0  data=['0xfd', '0x01', '0x00', '0x02']
13:22:23.175  DEBUG   [poll]    -> read  st2mot    
13:22:23.178  DEBUG   [poll]    <- read  st2mot     ret=0  data=['0x00', '0x00']
13:22:23.179  DEBUG   [poll]    -> read  st0cur    
13:22:23.183  DEBUG   [poll]    <- read  st0cur     ret=0  data=['0xfe', '0x01', '0x00', '0x02']
13:22:24.184  DEBUG   [poll]    -> read  st2mot    
13:22:24.188  DEBUG   [poll]    <- read  st2mot     ret=0  data=['0x00', '0x00']
13:22:24.188  DEBUG   [poll]    -> read  st0cur    
13:22:24.192  DEBUG   [poll]    <- read  st0cur     ret=0  data=['0xfe', '0x01', '0x00', '0x02']
13:22:25.194  DEBUG   [poll]    -> read  st2mot    
13:22:25.197  DEBUG   [poll]    <- read  st2mot     ret=0  data=['0x00', '0x00']
13:22:25.198  DEBUG   [poll]    -> read  st0cur    
13:22:25.202  DEBUG   [poll]    <- read  st0cur     ret=0  data=['0xfe', '0x01', '0x01', '0x02']
13:22:26.204  DEBUG   [poll]    -> read  st2mot    
13:22:26.207  DEBUG   [poll]    <- read  st2mot     ret=0  data=['0x00', '0x00']
13:22:26.208  DEBUG   [poll]    -> read  st0cur    
13:22:26.212  DEBUG   [poll]    <- read  st0cur     ret=0  data=['0xfd', '0x01', '0x00', '0x02']
13:22:27.213  DEBUG   [poll]    -> read  st2mot    
13:22:27.217  DEBUG   [poll]    <- read  st2mot     ret=0  data=['0x00', '0x00']
13:22:27.217  DEBUG   [poll]    -> read  st0cur    
13:22:27.221  DEBUG   [poll]    <- read  st0cur     ret=0  data=['0xfe', '0x01', '0x00', '0x02']
13:22:28.223  DEBUG   [poll]    -> read  st2mot    
13:22:28.226  DEBUG   [poll]    <- read  st2mot     ret=0  data=['0x00', '0x00']
13:22:28.227  DEBUG   [poll]    -> read  st0cur    
13:22:28.231  DEBUG   [poll]    <- read  st0cur     ret=0  data=['0xfd', '0x01', '0x01', '0x02']
13:22:29.232  DEBUG   [poll]    -> read  st2mot    
13:22:29.236  DEBUG   [poll]    <- read  st2mot     ret=0  data=['0x00', '0x00']
13:22:29.236  DEBUG   [poll]    -> read  st0cur    
13:22:29.240  DEBUG   [poll]    <- read  st0cur     ret=0  data=['0xfe', '0x01', '0x00', '0x02']
13:22:30.242  DEBUG   [poll]    -> read  st2mot    
13:22:30.245  DEBUG   [poll]    <- read  st2mot     ret=0  data=['0x00', '0x00']
13:22:30.246  DEBUG   [poll]    -> read  st0cur    
13:22:30.250  DEBUG   [poll]    <- read  st0cur     ret=0  data=['0xfd', '0x01', '0x01', '0x02']
13:22:31.071  INFO    client connected
13:22:31.071  DEBUG   [client]  -> write cntl2mot   data=['0x00', '0x00', '0x00', '0x00', '0x00', '0x00']
13:22:31.077  DEBUG   [client]  -> read  st0mot    
13:22:31.080  DEBUG   [client]  <- read  st0mot     ret=0  data=['0x01', '0x00', '0x01']
13:22:31.081  DEBUG   [client]  -> write cntl3mot   data=['0x00', '0x00']
13:22:31.085  DEBUG   [client]  -> write cntl3mot   data=['0x03', '0xe8']
13:22:31.089  DEBUG   [client]  -> read  st2mot    
13:22:31.092  DEBUG   [client]  <- read  st2mot     ret=0  data=['0x00', '0x00']
13:22:31.093  DEBUG   [client]  -> read  st0cur    
13:22:31.097  DEBUG   [client]  <- read  st0cur     ret=0  data=['0xfd', '0x01', '0x01', '0x02']
13:22:31.252  DEBUG   [poll]    -> read  st2mot    
13:22:31.255  DEBUG   [poll]    <- read  st2mot     ret=0  data=['0x90', '0x01']
13:22:31.255  DEBUG   [poll]    -> read  st0cur    
13:22:31.259  DEBUG   [poll]    <- read  st0cur     ret=0  data=['0xfd', '0x01', '0x01', '0x02']
13:22:31.290  DEBUG   [client]  -> read  st2mot    
13:22:31.292  DEBUG   [client]  <- read  st2mot     ret=0  data=['0x90', '0x01']
13:22:31.490  DEBUG   [client]  -> read  st2mot    
13:22:31.493  DEBUG   [client]  <- read  st2mot     ret=0  data=['0x07', '0x03']
13:22:31.690  DEBUG   [client]  -> read  st2mot    
13:22:31.693  DEBUG   [client]  <- read  st2mot     ret=0  data=['0x8a', '0x02']
13:22:31.890  DEBUG   [client]  -> read  st2mot    
13:22:31.894  DEBUG   [client]  <- read  st2mot     ret=0  data=['0x9d', '0x03']
13:22:32.090  DEBUG   [client]  -> read  st2mot    
13:22:32.094  DEBUG   [client]  <- read  st2mot     ret=0  data=['0x52', '0x03']
13:22:32.095  DEBUG   [client]  -> read  st0cur    
13:22:32.100  DEBUG   [client]  <- read  st0cur     ret=0  data=['0xf4', '0x01', '0xf4', '0x01']
13:22:32.260  DEBUG   [poll]    -> read  st2mot    
13:22:32.264  DEBUG   [poll]    <- read  st2mot     ret=0  data=['0xb6', '0x03']
13:22:32.264  DEBUG   [poll]    -> read  st0cur    
13:22:32.268  DEBUG   [poll]    <- read  st0cur     ret=0  data=['0xf4', '0x01', '0xf4', '0x01']
13:22:32.290  DEBUG   [client]  -> read  st2mot    
13:22:32.293  DEBUG   [client]  <- read  st2mot     ret=0  data=['0xb6', '0x03']
13:22:32.490  DEBUG   [client]  -> read  st2mot    
13:22:32.493  DEBUG   [client]  <- read  st2mot     ret=0  data=['0x9d', '0x03']
13:22:32.690  DEBUG   [client]  -> read  st2mot    
13:22:32.693  DEBUG   [client]  <- read  st2mot     ret=0  data=['0xe8', '0x03']
13:22:32.890  DEBUG   [client]  -> read  st2mot    
13:22:32.893  DEBUG   [client]  <- read  st2mot     ret=0  data=['0xe8', '0x03']
13:22:33.090  DEBUG   [client]  -> read  st2mot    
13:22:33.094  DEBUG   [client]  <- read  st2mot     ret=0  data=['0xe8', '0x03']
13:22:33.096  DEBUG   [client]  -> read  st0cur    
13:22:33.100  DEBUG   [client]  <- read  st0cur     ret=0  data=['0xf4', '0x01', '0xf6', '0x01']
13:22:33.270  DEBUG   [poll]    -> read  st2mot    
13:22:33.273  DEBUG   [poll]    <- read  st2mot     ret=0  data=['0xe8', '0x03']
13:22:33.274  DEBUG   [poll]    -> read  st0cur    
13:22:33.278  DEBUG   [poll]    <- read  st0cur     ret=0  data=['0xf4', '0x01', '0xf6', '0x01']
13:22:33.290  DEBUG   [client]  -> read  st2mot    
13:22:33.293  DEBUG   [client]  <- read  st2mot     ret=0  data=['0xe8', '0x03']
13:22:33.490  DEBUG   [client]  -> read  st2mot    
13:22:33.494  DEBUG   [client]  <- read  st2mot     ret=0  data=['0xe8', '0x03']
13:22:33.690  DEBUG   [client]  -> read  st2mot    
13:22:33.694  DEBUG   [client]  <- read  st2mot     ret=0  data=['0x01', '0x04']
13:22:33.890  DEBUG   [client]  -> read  st2mot    
13:22:33.894  DEBUG   [client]  <- read  st2mot     ret=0  data=['0xcf', '0x03']
13:22:34.090  DEBUG   [client]  -> read  st2mot    
13:22:34.094  DEBUG   [client]  <- read  st2mot     ret=0  data=['0xe8', '0x03']
13:22:34.095  DEBUG   [client]  -> read  st0cur    
13:22:34.100  DEBUG   [client]  <- read  st0cur     ret=0  data=['0xf7', '0x01', '0xf8', '0x01']
13:22:34.280  DEBUG   [poll]    -> read  st2mot    
13:22:34.283  DEBUG   [poll]    <- read  st2mot     ret=0  data=['0xe8', '0x03']
13:22:34.284  DEBUG   [poll]    -> read  st0cur    
13:22:34.288  DEBUG   [poll]    <- read  st0cur     ret=0  data=['0xf7', '0x01', '0xf8', '0x01']
13:22:34.290  DEBUG   [client]  -> read  st2mot    
13:22:34.293  DEBUG   [client]  <- read  st2mot     ret=0  data=['0xe8', '0x03']
13:22:34.490  DEBUG   [client]  -> read  st2mot    
13:22:34.494  DEBUG   [client]  <- read  st2mot     ret=0  data=['0x01', '0x04']
13:22:34.690  DEBUG   [client]  -> read  st2mot    
13:22:34.694  DEBUG   [client]  <- read  st2mot     ret=0  data=['0xe8', '0x03']
13:22:34.890  DEBUG   [client]  -> read  st2mot    
13:22:34.894  DEBUG   [client]  <- read  st2mot     ret=0  data=['0xe8', '0x03']
13:22:35.090  DEBUG   [client]  -> read  st2mot    
13:22:35.094  DEBUG   [client]  <- read  st2mot     ret=0  data=['0xe8', '0x03']
13:22:35.095  DEBUG   [client]  -> read  st0cur    
13:22:35.100  DEBUG   [client]  <- read  st0cur     ret=0  data=['0xf7', '0x01', '0xf9', '0x01']
13:22:35.290  DEBUG   [poll]    -> read  st2mot    
13:22:35.297  DEBUG   [poll]    <- read  st2mot     ret=0  data=['0xe8', '0x03']
13:22:35.298  DEBUG   [poll]    -> read  st0cur    
13:22:35.302  DEBUG   [poll]    <- read  st0cur     ret=0  data=['0xf7', '0x01', '0xf9', '0x01']
13:22:35.303  DEBUG   [client]  -> read  st2mot    
13:22:35.306  DEBUG   [client]  <- read  st2mot     ret=0  data=['0x01', '0x04']
13:22:35.490  DEBUG   [client]  -> read  st2mot    
13:22:35.494  DEBUG   [client]  <- read  st2mot     ret=0  data=['0xcf', '0x03']
13:22:35.690  DEBUG   [client]  -> read  st2mot    
13:22:35.694  DEBUG   [client]  <- read  st2mot     ret=0  data=['0x01', '0x04']
13:22:35.890  DEBUG   [client]  -> read  st2mot    
13:22:35.894  DEBUG   [client]  <- read  st2mot     ret=0  data=['0x01', '0x04']
13:22:36.090  DEBUG   [client]  -> read  st2mot    
13:22:36.094  DEBUG   [client]  <- read  st2mot     ret=0  data=['0xcf', '0x03']
13:22:36.095  DEBUG   [client]  -> read  st0cur    
13:22:36.100  DEBUG   [client]  <- read  st0cur     ret=0  data=['0xf8', '0x01', '0xf8', '0x01']
13:22:36.290  DEBUG   [client]  -> read  st2mot    
13:22:36.294  DEBUG   [client]  <- read  st2mot     ret=0  data=['0xe8', '0x03']
13:22:36.304  DEBUG   [poll]    -> read  st2mot    
13:22:36.307  DEBUG   [poll]    <- read  st2mot     ret=0  data=['0xe8', '0x03']
13:22:36.308  DEBUG   [poll]    -> read  st0cur    
13:22:36.312  DEBUG   [poll]    <- read  st0cur     ret=0  data=['0xf8', '0x01', '0xf8', '0x01']
13:22:36.490  DEBUG   [client]  -> read  st2mot    
13:22:36.494  DEBUG   [client]  <- read  st2mot     ret=0  data=['0xe8', '0x03']
13:22:36.690  DEBUG   [client]  -> read  st2mot    
13:22:36.694  DEBUG   [client]  <- read  st2mot     ret=0  data=['0xcf', '0x03']
13:22:36.890  DEBUG   [client]  -> read  st2mot    
13:22:36.894  DEBUG   [client]  <- read  st2mot     ret=0  data=['0xe8', '0x03']
13:22:37.090  DEBUG   [client]  -> read  st2mot    
13:22:37.094  DEBUG   [client]  <- read  st2mot     ret=0  data=['0xe8', '0x03']
13:22:37.095  DEBUG   [client]  -> read  st0cur    
13:22:37.100  DEBUG   [client]  <- read  st0cur     ret=0  data=['0xf7', '0x01', '0xf9', '0x01']
13:22:37.290  DEBUG   [client]  -> read  st2mot    
13:22:37.294  DEBUG   [client]  <- read  st2mot     ret=0  data=['0x01', '0x04']
13:22:37.313  DEBUG   [poll]    -> read  st2mot    
13:22:37.317  DEBUG   [poll]    <- read  st2mot     ret=0  data=['0x01', '0x04']
13:22:37.317  DEBUG   [poll]    -> read  st0cur    
13:22:37.322  DEBUG   [poll]    <- read  st0cur     ret=0  data=['0xf7', '0x01', '0xf9', '0x01']
13:22:37.490  DEBUG   [client]  -> read  st2mot    
13:22:37.494  DEBUG   [client]  <- read  st2mot     ret=0  data=['0xe8', '0x03']
13:22:37.690  DEBUG   [client]  -> read  st2mot    
13:22:37.694  DEBUG   [client]  <- read  st2mot     ret=0  data=['0x01', '0x04']
13:22:37.890  DEBUG   [client]  -> read  st2mot    
13:22:37.894  DEBUG   [client]  <- read  st2mot     ret=0  data=['0xcf', '0x03']
13:22:37.899  DEBUG   [client]  -> read  st0mot    
13:22:37.903  DEBUG   [client]  <- read  st0mot     ret=0  data=['0x01', '0x00', '0x00']
13:22:37.906  DEBUG   [client]  -> read  st2mot    
13:22:37.910  DEBUG   [client]  <- read  st2mot     ret=0  data=['0xcf', '0x03']
13:22:37.912  DEBUG   [client]  -> read  st3mot    
13:22:37.918  DEBUG   [client]  <- read  st3mot     ret=0  data=['0x00', '0x00', '0x00', '0x00', '0x00', '0x00']
13:22:37.920  DEBUG   [client]  -> write cntl3mot   data=['0x03', '0x20']
13:22:38.176  DEBUG   [client]  -> write cntl3mot   data=['0x02', '0x58']
13:22:38.324  DEBUG   [poll]    -> read  st2mot    
13:22:38.328  DEBUG   [poll]    <- read  st2mot     ret=0  data=['0xbc', '0x02']
13:22:38.328  DEBUG   [poll]    -> read  st0cur    
13:22:38.332  DEBUG   [poll]    <- read  st0cur     ret=0  data=['0xf4', '0x01', '0xf3', '0x01']
13:22:38.431  DEBUG   [client]  -> write cntl3mot   data=['0x01', '0x90']
13:22:38.687  DEBUG   [client]  -> write cntl3mot   data=['0x00', '0xc8']
13:22:38.942  DEBUG   [client]  -> write cntl3mot   data=['0x00', '0x00']
13:22:38.947  WARNING client disconnected — stopping motor
13:22:38.948  DEBUG   [client]  -> write cntl3mot   data=['0x00', '0x00']
13:22:38.952  INFO    client disconnected
13:22:39.334  DEBUG   [poll]    -> read  st2mot    
13:22:39.337  DEBUG   [poll]    <- read  st2mot     ret=0  data=['0x00', '0x00']
13:22:39.338  DEBUG   [poll]    -> read  st0cur    
13:22:39.342  DEBUG   [poll]    <- read  st0cur     ret=0  data=['0xf9', '0x01', '0xfa', '0x01']
13:22:39.342  WARNING *** OBSERVED STALL SIGNATURE (not acted on yet) — current=-0.34A while rpm=0 ***
13:22:40.344  DEBUG   [poll]    -> read  st2mot    
13:22:40.347  DEBUG   [poll]    <- read  st2mot     ret=0  data=['0x00', '0x00']
13:22:40.349  DEBUG   [poll]    -> read  st0cur    
13:22:40.353  DEBUG   [poll]    <- read  st0cur     ret=0  data=['0xfd', '0x01', '0x00', '0x02']
13:22:41.354  DEBUG   [poll]    -> read  st2mot    
13:22:41.358  DEBUG   [poll]    <- read  st2mot     ret=0  data=['0x00', '0x00']
13:22:41.358  DEBUG   [poll]    -> read  st0cur    
13:22:41.362  DEBUG   [poll]    <- read  st0cur     ret=0  data=['0xfe', '0x01', '0x00', '0x02']
13:22:42.364  DEBUG   [poll]    -> read  st2mot    
13:22:42.367  DEBUG   [poll]    <- read  st2mot     ret=0  data=['0x00', '0x00']
13:22:42.368  DEBUG   [poll]    -> read  st0cur    
13:22:42.372  DEBUG   [poll]    <- read  st0cur     ret=0  data=['0xfd', '0x01', '0x00', '0x02']
13:22:43.374  DEBUG   [poll]    -> read  st2mot    
13:22:43.377  DEBUG   [poll]    <- read  st2mot     ret=0  data=['0x00', '0x00']
13:22:43.377  DEBUG   [poll]    -> read  st0cur    
13:22:43.381  DEBUG   [poll]    <- read  st0cur     ret=0  data=['0xfd', '0x01', '0x00', '0x02']
13:22:44.383  DEBUG   [poll]    -> read  st2mot    
13:22:44.387  DEBUG   [poll]    <- read  st2mot     ret=0  data=['0x00', '0x00']
13:22:44.387  DEBUG   [poll]    -> read  st0cur    
13:22:44.391  DEBUG   [poll]    <- read  st0cur     ret=0  data=['0xfd', '0x01', '0x00', '0x02']
13:22:45.393  DEBUG   [poll]    -> read  st2mot    
13:22:45.396  DEBUG   [poll]    <- read  st2mot     ret=0  data=['0x00', '0x00']
13:22:45.397  DEBUG   [poll]    -> read  st0cur    
13:22:45.401  DEBUG   [poll]    <- read  st0cur     ret=0  data=['0xfd', '0x01', '0x00', '0x02']
13:22:46.403  DEBUG   [poll]    -> read  st2mot    
13:22:46.406  DEBUG   [poll]    <- read  st2mot     ret=0  data=['0x00', '0x00']
13:22:46.407  DEBUG   [poll]    -> read  st0cur    
13:22:46.411  DEBUG   [poll]    <- read  st0cur     ret=0  data=['0xfd', '0x01', '0x01', '0x02']
13:22:47.412  DEBUG   [poll]    -> read  st2mot    
13:22:47.416  DEBUG   [poll]    <- read  st2mot     ret=0  data=['0x00', '0x00']
13:22:47.416  DEBUG   [poll]    -> read  st0cur    
13:22:47.420  DEBUG   [poll]    <- read  st0cur     ret=0  data=['0xfd', '0x01', '0x00', '0x02']
13:22:48.422  DEBUG   [poll]    -> read  st2mot    
13:22:48.425  DEBUG   [poll]    <- read  st2mot     ret=0  data=['0x00', '0x00']
13:22:48.426  DEBUG   [poll]    -> read  st0cur    
13:22:48.430  DEBUG   [poll]    <- read  st0cur     ret=0  data=['0xfd', '0x01', '0x01', '0x02']
13:22:49.431  DEBUG   [poll]    -> read  st2mot    
13:22:49.435  DEBUG   [poll]    <- read  st2mot     ret=0  data=['0x00', '0x00']
13:22:49.435  DEBUG   [poll]    -> read  st0cur    
13:22:49.440  DEBUG   [poll]    <- read  st0cur     ret=0  data=['0xfe', '0x01', '0x00', '0x02']
13:22:50.441  DEBUG   [poll]    -> read  st2mot    
13:22:50.445  DEBUG   [poll]    <- read  st2mot     ret=0  data=['0x00', '0x00']
13:22:50.445  DEBUG   [poll]    -> read  st0cur    
13:22:50.450  DEBUG   [poll]    <- read  st0cur     ret=0  data=['0xfd', '0x01', '0x00', '0x02']
13:22:51.451  DEBUG   [poll]    -> read  st2mot    
13:22:51.454  DEBUG   [poll]    <- read  st2mot     ret=0  data=['0x00', '0x00']
13:22:51.455  DEBUG   [poll]    -> read  st0cur    
13:22:51.459  DEBUG   [poll]    <- read  st0cur     ret=0  data=['0xfe', '0x01', '0x00', '0x02']
13:22:52.461  DEBUG   [poll]    -> read  st2mot    
13:22:52.464  DEBUG   [poll]    <- read  st2mot     ret=0  data=['0x00', '0x00']
13:22:52.464  DEBUG   [poll]    -> read  st0cur    
13:22:52.469  DEBUG   [poll]    <- read  st0cur     ret=0  data=['0xfe', '0x01', '0x00', '0x02']
13:22:53.470  DEBUG   [poll]    -> read  st2mot    
13:22:53.473  DEBUG   [poll]    <- read  st2mot     ret=0  data=['0x00', '0x00']
13:22:53.474  DEBUG   [poll]    -> read  st0cur    
13:22:53.478  DEBUG   [poll]    <- read  st0cur     ret=0  data=['0xfe', '0x01', '0x00', '0x02']
13:22:54.480  DEBUG   [poll]    -> read  st2mot    
13:22:54.483  DEBUG   [poll]    <- read  st2mot     ret=0  data=['0x00', '0x00']
13:22:54.483  DEBUG   [poll]    -> read  st0cur    
13:22:54.488  DEBUG   [poll]    <- read  st0cur     ret=0  data=['0xfd', '0x01', '0x00', '0x02']
13:22:55.489  DEBUG   [poll]    -> read  st2mot    
13:22:55.493  DEBUG   [poll]    <- read  st2mot     ret=0  data=['0x00', '0x00']
13:22:55.493  DEBUG   [poll]    -> read  st0cur    
13:22:55.497  DEBUG   [poll]    <- read  st0cur     ret=0  data=['0xfd', '0x01', '0x00', '0x02']
13:22:56.499  DEBUG   [poll]    -> read  st2mot    
13:22:56.502  DEBUG   [poll]    <- read  st2mot     ret=0  data=['0x00', '0x00']
13:22:56.503  DEBUG   [poll]    -> read  st0cur    
13:22:56.507  DEBUG   [poll]    <- read  st0cur     ret=0  data=['0xfd', '0x01', '0x00', '0x02']
13:22:57.508  DEBUG   [poll]    -> read  st2mot    
13:22:57.512  DEBUG   [poll]    <- read  st2mot     ret=0  data=['0x00', '0x00']
13:22:57.512  DEBUG   [poll]    -> read  st0cur    
13:22:57.516  DEBUG   [poll]    <- read  st0cur     ret=0  data=['0xfe', '0x01', '0x00', '0x02']
13:22:58.518  DEBUG   [poll]    -> read  st2mot    
13:22:58.521  DEBUG   [poll]    <- read  st2mot     ret=0  data=['0x00', '0x00']
13:22:58.522  DEBUG   [poll]    -> read  st0cur    
13:22:58.526  DEBUG   [poll]    <- read  st0cur     ret=0  data=['0xfe', '0x01', '0x01', '0x02']
13:22:59.528  DEBUG   [poll]    -> read  st2mot    
13:22:59.531  DEBUG   [poll]    <- read  st2mot     ret=0  data=['0x00', '0x00']
13:22:59.531  DEBUG   [poll]    -> read  st0cur    
13:22:59.536  DEBUG   [poll]    <- read  st0cur     ret=0  data=['0xfe', '0x01', '0x00', '0x02']
13:23:00.537  DEBUG   [poll]    -> read  st2mot    
13:23:00.540  DEBUG   [poll]    <- read  st2mot     ret=0  data=['0x00', '0x00']
13:23:00.541  DEBUG   [poll]    -> read  st0cur    
13:23:00.545  DEBUG   [poll]    <- read  st0cur     ret=0  data=['0xfd', '0x01', '0x00', '0x02']
13:23:01.547  DEBUG   [poll]    -> read  st2mot    
13:23:01.550  DEBUG   [poll]    <- read  st2mot     ret=0  data=['0x00', '0x00']
13:23:01.551  DEBUG   [poll]    -> read  st0cur    
13:23:01.555  DEBUG   [poll]    <- read  st0cur     ret=0  data=['0xfd', '0x01', '0x01', '0x02']
13:23:02.557  DEBUG   [poll]    -> read  st2mot    
13:23:02.560  DEBUG   [poll]    <- read  st2mot     ret=0  data=['0x00', '0x00']
13:23:02.560  DEBUG   [poll]    -> read  st0cur    
13:23:02.565  DEBUG   [poll]    <- read  st0cur     ret=0  data=['0xfd', '0x01', '0x00', '0x02']
13:23:03.566  DEBUG   [poll]    -> read  st2mot    
13:23:03.570  DEBUG   [poll]    <- read  st2mot     ret=0  data=['0x00', '0x00']
13:23:03.570  DEBUG   [poll]    -> read  st0cur    
13:23:03.574  DEBUG   [poll]    <- read  st0cur     ret=0  data=['0xfd', '0x01', '0x00', '0x02']
13:23:04.576  DEBUG   [poll]    -> read  st2mot    
13:23:04.579  DEBUG   [poll]    <- read  st2mot     ret=0  data=['0x00', '0x00']
13:23:04.580  DEBUG   [poll]    -> read  st0cur    
13:23:04.584  DEBUG   [poll]    <- read  st0cur     ret=0  data=['0xfe', '0x01', '0x01', '0x02']
13:23:05.585  DEBUG   [poll]    -> read  st2mot    
13:23:05.589  DEBUG   [poll]    <- read  st2mot     ret=0  data=['0x00', '0x00']
13:23:05.590  DEBUG   [poll]    -> read  st0cur    
13:23:05.594  DEBUG   [poll]    <- read  st0cur     ret=0  data=['0xfe', '0x01', '0x00', '0x02']
13:23:06.595  DEBUG   [poll]    -> read  st2mot    
13:23:06.599  DEBUG   [poll]    <- read  st2mot     ret=0  data=['0x00', '0x00']
13:23:06.599  DEBUG   [poll]    -> read  st0cur    
13:23:06.603  DEBUG   [poll]    <- read  st0cur     ret=0  data=['0xfd', '0x01', '0x00', '0x02']
13:23:07.605  DEBUG   [poll]    -> read  st2mot    
13:23:07.608  DEBUG   [poll]    <- read  st2mot     ret=0  data=['0x00', '0x00']
13:23:07.609  DEBUG   [poll]    -> read  st0cur    
13:23:07.613  DEBUG   [poll]    <- read  st0cur     ret=0  data=['0xfd', '0x01', '0x01', '0x02']
13:23:08.614  DEBUG   [poll]    -> read  st2mot    
13:23:08.618  DEBUG   [poll]    <- read  st2mot     ret=0  data=['0x00', '0x00']
13:23:08.618  DEBUG   [poll]    -> read  st0cur    
13:23:08.623  DEBUG   [poll]    <- read  st0cur     ret=0  data=['0xfd', '0x01', '0x00', '0x02']
13:23:09.624  DEBUG   [poll]    -> read  st2mot    
13:23:09.627  DEBUG   [poll]    <- read  st2mot     ret=0  data=['0x00', '0x00']
13:23:09.628  DEBUG   [poll]    -> read  st0cur    
13:23:09.632  DEBUG   [poll]    <- read  st0cur     ret=0  data=['0xfd', '0x01', '0x00', '0x02']
13:23:10.634  DEBUG   [poll]    -> read  st2mot    
13:23:10.637  DEBUG   [poll]    <- read  st2mot     ret=0  data=['0x00', '0x00']
13:23:10.638  DEBUG   [poll]    -> read  st0cur    
13:23:10.642  DEBUG   [poll]    <- read  st0cur     ret=0  data=['0xfe', '0x01', '0x01', '0x02']
13:23:11.644  DEBUG   [poll]    -> read  st2mot    
13:23:11.647  DEBUG   [poll]    <- read  st2mot     ret=0  data=['0x00', '0x00']
13:23:11.648  DEBUG   [poll]    -> read  st0cur    
13:23:11.652  DEBUG   [poll]    <- read  st0cur     ret=0  data=['0xfd', '0x01', '0x00', '0x02']
13:23:12.654  DEBUG   [poll]    -> read  st2mot    
13:23:12.657  DEBUG   [poll]    <- read  st2mot     ret=0  data=['0x00', '0x00']
13:23:12.658  DEBUG   [poll]    -> read  st0cur    
13:23:12.662  DEBUG   [poll]    <- read  st0cur     ret=0  data=['0xfd', '0x01', '0x01', '0x02']
13:23:13.664  DEBUG   [poll]    -> read  st2mot    
13:23:13.667  DEBUG   [poll]    <- read  st2mot     ret=0  data=['0x00', '0x00']
13:23:13.668  DEBUG   [poll]    -> read  st0cur    
13:23:13.672  DEBUG   [poll]    <- read  st0cur     ret=0  data=['0xfe', '0x01', '0x01', '0x02']
13:23:14.673  DEBUG   [poll]    -> read  st2mot    
13:23:14.677  DEBUG   [poll]    <- read  st2mot     ret=0  data=['0x00', '0x00']
13:23:14.677  DEBUG   [poll]    -> read  st0cur    
13:23:14.682  DEBUG   [poll]    <- read  st0cur     ret=0  data=['0xfd', '0x01', '0x00', '0x02']
13:23:15.683  DEBUG   [poll]    -> read  st2mot    
13:23:15.686  DEBUG   [poll]    <- read  st2mot     ret=0  data=['0x00', '0x00']
13:23:15.687  DEBUG   [poll]    -> read  st0cur    
13:23:15.691  DEBUG   [poll]    <- read  st0cur     ret=0  data=['0xfd', '0x01', '0x00', '0x02']
