17:24:05.249  INFO    === watchdog.py — LIVE bus ===
17:24:05.272  INFO    listening on /tmp/motorwatchdog.sock
17:24:06.273  DEBUG   [poll]    -> read  st2mot    
17:24:06.276  DEBUG   [poll]    <- read  st2mot     ret=0  data=['0x00', '0x00']
17:24:06.277  DEBUG   [poll]    -> read  st0cur    
17:24:06.281  DEBUG   [poll]    <- read  st0cur     ret=0  data=['0xfd', '0x01', '0x01', '0x02']
17:24:47.393  DEBUG   [poll]    -> read  st2mot    
17:24:47.397  DEBUG   [poll]    <- read  st2mot     ret=0  data=['0x00', '0x00']
17:24:47.397  DEBUG   [poll]    -> read  st0cur    
17:24:47.402  DEBUG   [poll]    <- read  st0cur     ret=0  data=['0xfe', '0x01', '0x01', '0x02']
17:24:48.403  DEBUG   [poll]    -> read  st2mot    
17:24:48.406  DEBUG   [poll]    <- read  st2mot     ret=0  data=['0x00', '0x00']
17:24:48.407  DEBUG   [poll]    -> read  st0cur    
17:24:48.411  DEBUG   [poll]    <- read  st0cur     ret=0  data=['0xfe', '0x01', '0x01', '0x02']
17:24:49.413  DEBUG   [poll]    -> read  st2mot    
17:24:49.416  DEBUG   [poll]    <- read  st2mot     ret=0  data=['0x00', '0x00']
17:24:49.416  DEBUG   [poll]    -> read  st0cur    
17:24:49.421  DEBUG   [poll]    <- read  st0cur     ret=0  data=['0xfe', '0x01', '0x01', '0x02']
17:24:50.422  DEBUG   [poll]    -> read  st2mot    
17:24:50.426  DEBUG   [poll]    <- read  st2mot     ret=0  data=['0x00', '0x00']
17:24:50.426  DEBUG   [poll]    -> read  st0cur    
17:24:50.430  DEBUG   [poll]    <- read  st0cur     ret=0  data=['0xfd', '0x01', '0x01', '0x02']
17:24:51.432  DEBUG   [poll]    -> read  st2mot    
17:24:51.435  DEBUG   [poll]    <- read  st2mot     ret=0  data=['0x00', '0x00']
17:24:51.436  DEBUG   [poll]    -> read  st0cur    
17:24:51.440  DEBUG   [poll]    <- read  st0cur     ret=0  data=['0xfe', '0x01', '0x01', '0x02']
17:24:52.441  DEBUG   [poll]    -> read  st2mot    
17:24:52.445  DEBUG   [poll]    <- read  st2mot     ret=0  data=['0x00', '0x00']
17:24:52.445  DEBUG   [poll]    -> read  st0cur    
17:24:52.449  DEBUG   [poll]    <- read  st0cur     ret=0  data=['0xfe', '0x01', '0x01', '0x02']
17:24:53.451  DEBUG   [poll]    -> read  st2mot    
17:24:53.454  DEBUG   [poll]    <- read  st2mot     ret=0  data=['0x00', '0x00']
17:24:53.456  DEBUG   [poll]    -> read  st0cur    
17:24:53.460  DEBUG   [poll]    <- read  st0cur     ret=0  data=['0xfe', '0x01', '0x01', '0x02']
17:24:54.462  DEBUG   [poll]    -> read  st2mot    
17:24:54.465  DEBUG   [poll]    <- read  st2mot     ret=0  data=['0x00', '0x00']
17:24:54.465  DEBUG   [poll]    -> read  st0cur    
17:24:54.470  DEBUG   [poll]    <- read  st0cur     ret=0  data=['0xfe', '0x01', '0x01', '0x02']
17:24:55.471  DEBUG   [poll]    -> read  st2mot    
17:24:55.475  DEBUG   [poll]    <- read  st2mot     ret=0  data=['0x00', '0x00']
17:24:55.475  DEBUG   [poll]    -> read  st0cur    
17:24:55.479  DEBUG   [poll]    <- read  st0cur     ret=0  data=['0xfe', '0x01', '0x01', '0x02']
17:24:56.481  DEBUG   [poll]    -> read  st2mot    
17:24:56.484  DEBUG   [poll]    <- read  st2mot     ret=0  data=['0x00', '0x00']
17:24:56.484  DEBUG   [poll]    -> read  st0cur    
17:24:56.489  DEBUG   [poll]    <- read  st0cur     ret=0  data=['0xfe', '0x01', '0x01', '0x02']
17:24:57.490  DEBUG   [poll]    -> read  st2mot    
17:24:57.493  DEBUG   [poll]    <- read  st2mot     ret=0  data=['0x00', '0x00']
17:24:57.494  DEBUG   [poll]    -> read  st0cur    
17:24:57.498  DEBUG   [poll]    <- read  st0cur     ret=0  data=['0xfe', '0x01', '0x00', '0x02']
17:24:58.500  DEBUG   [poll]    -> read  st2mot    
17:24:58.503  DEBUG   [poll]    <- read  st2mot     ret=0  data=['0x00', '0x00']
17:24:58.505  DEBUG   [poll]    -> read  st0cur    
17:24:58.509  DEBUG   [poll]    <- read  st0cur     ret=0  data=['0xfe', '0x01', '0x01', '0x02']
17:24:59.511  DEBUG   [poll]    -> read  st2mot    
17:24:59.514  DEBUG   [poll]    <- read  st2mot     ret=0  data=['0x00', '0x00']
17:24:59.515  DEBUG   [poll]    -> read  st0cur    
17:24:59.519  DEBUG   [poll]    <- read  st0cur     ret=0  data=['0xfe', '0x01', '0x01', '0x02']
17:25:00.521  DEBUG   [poll]    -> read  st2mot    
17:25:00.526  DEBUG   [poll]    <- read  st2mot     ret=0  data=['0x00', '0x00']
17:25:00.527  DEBUG   [poll]    -> read  st0cur    
17:25:00.534  DEBUG   [poll]    <- read  st0cur     ret=0  data=['0xfe', '0x01', '0x00', '0x02']
17:25:01.536  DEBUG   [poll]    -> read  st2mot    
17:25:01.539  DEBUG   [poll]    <- read  st2mot     ret=0  data=['0x00', '0x00']
17:25:01.540  DEBUG   [poll]    -> read  st0cur    
17:25:01.544  DEBUG   [poll]    <- read  st0cur     ret=0  data=['0xfd', '0x01', '0x01', '0x02']
17:25:02.545  DEBUG   [poll]    -> read  st2mot    
17:25:02.549  DEBUG   [poll]    <- read  st2mot     ret=0  data=['0x00', '0x00']
17:25:02.549  DEBUG   [poll]    -> read  st0cur    
17:25:02.553  DEBUG   [poll]    <- read  st0cur     ret=0  data=['0xfe', '0x01', '0x01', '0x02']
17:25:03.555  DEBUG   [poll]    -> read  st2mot    
17:25:03.558  DEBUG   [poll]    <- read  st2mot     ret=0  data=['0x00', '0x00']
17:25:03.560  DEBUG   [poll]    -> read  st0cur    
17:25:03.564  DEBUG   [poll]    <- read  st0cur     ret=0  data=['0xfe', '0x01', '0x01', '0x02']
17:25:04.566  DEBUG   [poll]    -> read  st2mot    
17:25:04.569  DEBUG   [poll]    <- read  st2mot     ret=0  data=['0x00', '0x00']
17:25:04.569  DEBUG   [poll]    -> read  st0cur    
17:25:04.574  DEBUG   [poll]    <- read  st0cur     ret=0  data=['0xfd', '0x01', '0x01', '0x02']
17:25:05.575  DEBUG   [poll]    -> read  st2mot    
17:25:05.578  DEBUG   [poll]    <- read  st2mot     ret=0  data=['0x00', '0x00']
17:25:05.579  DEBUG   [poll]    -> read  st0cur    
17:25:05.583  DEBUG   [poll]    <- read  st0cur     ret=0  data=['0xfe', '0x01', '0x01', '0x02']
17:25:06.585  DEBUG   [poll]    -> read  st2mot    
17:25:06.588  DEBUG   [poll]    <- read  st2mot     ret=0  data=['0x00', '0x00']
17:25:06.588  DEBUG   [poll]    -> read  st0cur    
17:25:06.592  DEBUG   [poll]    <- read  st0cur     ret=0  data=['0xfe', '0x01', '0x01', '0x02']
17:25:07.594  DEBUG   [poll]    -> read  st2mot    
17:25:07.597  DEBUG   [poll]    <- read  st2mot     ret=0  data=['0x00', '0x00']
17:25:07.598  DEBUG   [poll]    -> read  st0cur    
17:25:07.602  DEBUG   [poll]    <- read  st0cur     ret=0  data=['0xfe', '0x01', '0x01', '0x02']
17:25:08.603  DEBUG   [poll]    -> read  st2mot    
17:25:08.607  DEBUG   [poll]    <- read  st2mot     ret=0  data=['0x00', '0x00']
17:25:08.607  DEBUG   [poll]    -> read  st0cur    
17:25:08.612  DEBUG   [poll]    <- read  st0cur     ret=0  data=['0xfd', '0x01', '0x00', '0x02']
17:25:09.613  DEBUG   [poll]    -> read  st2mot    
17:25:09.617  DEBUG   [poll]    <- read  st2mot     ret=0  data=['0x00', '0x00']
17:25:09.617  DEBUG   [poll]    -> read  st0cur    
17:25:09.621  DEBUG   [poll]    <- read  st0cur     ret=0  data=['0xfe', '0x01', '0x01', '0x02']
17:25:10.623  DEBUG   [poll]    -> read  st2mot    
17:25:10.626  DEBUG   [poll]    <- read  st2mot     ret=0  data=['0x00', '0x00']
17:25:10.626  DEBUG   [poll]    -> read  st0cur    
17:25:10.631  DEBUG   [poll]    <- read  st0cur     ret=0  data=['0xfe', '0x01', '0x01', '0x02']
17:25:11.632  DEBUG   [poll]    -> read  st2mot    
17:25:11.635  DEBUG   [poll]    <- read  st2mot     ret=0  data=['0x00', '0x00']
17:25:11.636  DEBUG   [poll]    -> read  st0cur    
17:25:11.640  DEBUG   [poll]    <- read  st0cur     ret=0  data=['0xfd', '0x01', '0x00', '0x02']
17:25:12.642  DEBUG   [poll]    -> read  st2mot    
17:25:12.645  DEBUG   [poll]    <- read  st2mot     ret=0  data=['0x00', '0x00']
17:25:12.645  DEBUG   [poll]    -> read  st0cur    
17:25:12.649  DEBUG   [poll]    <- read  st0cur     ret=0  data=['0xfe', '0x01', '0x01', '0x02']
17:25:13.651  DEBUG   [poll]    -> read  st2mot    
17:25:13.654  DEBUG   [poll]    <- read  st2mot     ret=0  data=['0x00', '0x00']
17:25:13.655  DEBUG   [poll]    -> read  st0cur    
17:25:13.659  DEBUG   [poll]    <- read  st0cur     ret=0  data=['0xfe', '0x01', '0x00', '0x02']
17:25:14.661  DEBUG   [poll]    -> read  st2mot    
17:25:14.664  DEBUG   [poll]    <- read  st2mot     ret=0  data=['0x00', '0x00']
17:25:14.664  DEBUG   [poll]    -> read  st0cur    
17:25:14.669  DEBUG   [poll]    <- read  st0cur     ret=0  data=['0xfd', '0x01', '0x00', '0x02']
17:25:15.670  DEBUG   [poll]    -> read  st2mot    
17:25:15.673  DEBUG   [poll]    <- read  st2mot     ret=0  data=['0x00', '0x00']
17:25:15.674  DEBUG   [poll]    -> read  st0cur    
17:25:15.678  DEBUG   [poll]    <- read  st0cur     ret=0  data=['0xfe', '0x01', '0x01', '0x02']
17:25:16.679  DEBUG   [poll]    -> read  st2mot    
17:25:16.683  DEBUG   [poll]    <- read  st2mot     ret=0  data=['0x00', '0x00']
17:25:16.683  DEBUG   [poll]    -> read  st0cur    
17:25:16.687  DEBUG   [poll]    <- read  st0cur     ret=0  data=['0xfd', '0x01', '0x01', '0x02']
17:25:17.689  DEBUG   [poll]    -> read  st2mot    
17:25:17.692  DEBUG   [poll]    <- read  st2mot     ret=0  data=['0x00', '0x00']
17:25:17.693  DEBUG   [poll]    -> read  st0cur    
17:25:17.697  DEBUG   [poll]    <- read  st0cur     ret=0  data=['0xfe', '0x01', '0x01', '0x02']
17:25:18.698  DEBUG   [poll]    -> read  st2mot    
17:25:18.701  DEBUG   [poll]    <- read  st2mot     ret=0  data=['0x00', '0x00']
17:25:18.701  DEBUG   [poll]    -> read  st0cur    
17:25:18.706  DEBUG   [poll]    <- read  st0cur     ret=0  data=['0xfd', '0x01', '0x01', '0x02']
17:25:19.106  INFO    client connected
17:25:19.108  DEBUG   [client]  -> write cntl0mot   data=['0xfd', '0xfd']
17:25:19.111  DEBUG   [client]  -> write cntl3mot   data=['0x00', '0x00']
17:25:19.115  DEBUG   [client]  -> write cntl3mot   data=['0x03', '0xe8']
17:25:19.119  DEBUG   [client]  -> read  st2mot    
17:25:19.122  DEBUG   [client]  <- read  st2mot     ret=0  data=['0x00', '0x00']
17:25:19.122  DEBUG   [client]  -> read  st0cur    
17:25:19.126  DEBUG   [client]  <- read  st0cur     ret=0  data=['0xfe', '0x01', '0x01', '0x02']
17:25:19.319  DEBUG   [client]  -> read  st2mot    
17:25:19.322  DEBUG   [client]  <- read  st2mot     ret=0  data=['0x00', '0x00']
17:25:19.519  DEBUG   [client]  -> read  st2mot    
17:25:19.522  DEBUG   [client]  <- read  st2mot     ret=0  data=['0xa9', '0x01']
17:25:19.707  DEBUG   [poll]    -> read  st2mot    
17:25:19.710  DEBUG   [poll]    <- read  st2mot     ret=0  data=['0x84', '0x03']
17:25:19.711  DEBUG   [poll]    -> read  st0cur    
17:25:19.715  DEBUG   [poll]    <- read  st0cur     ret=0  data=['0xfe', '0x01', '0x01', '0x02']
17:25:19.719  DEBUG   [client]  -> read  st2mot    
17:25:19.722  DEBUG   [client]  <- read  st2mot     ret=0  data=['0x84', '0x03']
17:25:19.919  DEBUG   [client]  -> read  st2mot    
17:25:19.923  DEBUG   [client]  <- read  st2mot     ret=0  data=['0x6b', '0x03']
17:25:20.119  DEBUG   [client]  -> read  st2mot    
17:25:20.123  DEBUG   [client]  <- read  st2mot     ret=0  data=['0x84', '0x03']
17:25:20.125  DEBUG   [client]  -> read  st0cur    
17:25:20.129  DEBUG   [client]  <- read  st0cur     ret=0  data=['0xf6', '0x01', '0xf9', '0x01']
17:25:20.319  DEBUG   [client]  -> read  st2mot    
17:25:20.323  DEBUG   [client]  <- read  st2mot     ret=0  data=['0xcf', '0x03']
17:25:20.519  DEBUG   [client]  -> read  st2mot    
17:25:20.523  DEBUG   [client]  <- read  st2mot     ret=0  data=['0xcf', '0x03']
17:25:20.716  DEBUG   [poll]    -> read  st2mot    
17:25:20.720  DEBUG   [poll]    <- read  st2mot     ret=0  data=['0xcf', '0x03']
17:25:20.720  DEBUG   [poll]    -> read  st0cur    
17:25:20.724  DEBUG   [poll]    <- read  st0cur     ret=0  data=['0xf6', '0x01', '0xf9', '0x01']
17:25:20.725  DEBUG   [client]  -> read  st2mot    
17:25:20.728  DEBUG   [client]  <- read  st2mot     ret=0  data=['0xcf', '0x03']
17:25:20.920  DEBUG   [client]  -> read  st2mot    
17:25:20.923  DEBUG   [client]  <- read  st2mot     ret=0  data=['0xcf', '0x03']
17:25:21.120  DEBUG   [client]  -> read  st2mot    
17:25:21.123  DEBUG   [client]  <- read  st2mot     ret=0  data=['0xe8', '0x03']
17:25:21.125  DEBUG   [client]  -> read  st0cur    
17:25:21.129  DEBUG   [client]  <- read  st0cur     ret=0  data=['0xf5', '0x01', '0xf3', '0x01']
17:25:21.320  DEBUG   [client]  -> read  st2mot    
17:25:21.323  DEBUG   [client]  <- read  st2mot     ret=0  data=['0xe8', '0x03']
17:25:21.520  DEBUG   [client]  -> read  st2mot    
17:25:21.523  DEBUG   [client]  <- read  st2mot     ret=0  data=['0xe8', '0x03']
17:25:21.720  DEBUG   [client]  -> read  st2mot    
17:25:21.723  DEBUG   [client]  <- read  st2mot     ret=0  data=['0xe8', '0x03']
17:25:21.726  DEBUG   [poll]    -> read  st2mot    
17:25:21.729  DEBUG   [poll]    <- read  st2mot     ret=0  data=['0xe8', '0x03']
17:25:21.729  DEBUG   [poll]    -> read  st0cur    
17:25:21.734  DEBUG   [poll]    <- read  st0cur     ret=0  data=['0xf5', '0x01', '0xf3', '0x01']
17:25:21.920  DEBUG   [client]  -> read  st2mot    
17:25:21.923  DEBUG   [client]  <- read  st2mot     ret=0  data=['0xe8', '0x03']
17:25:22.120  DEBUG   [client]  -> read  st2mot    
17:25:22.123  DEBUG   [client]  <- read  st2mot     ret=0  data=['0x01', '0x04']
17:25:22.125  DEBUG   [client]  -> read  st0cur    
17:25:22.129  DEBUG   [client]  <- read  st0cur     ret=0  data=['0xf6', '0x01', '0xf5', '0x01']
17:25:22.320  DEBUG   [client]  -> read  st2mot    
17:25:22.323  DEBUG   [client]  <- read  st2mot     ret=0  data=['0xcf', '0x03']
17:25:22.520  DEBUG   [client]  -> read  st2mot    
17:25:22.523  DEBUG   [client]  <- read  st2mot     ret=0  data=['0xe8', '0x03']
17:25:22.720  DEBUG   [client]  -> read  st2mot    
17:25:22.723  DEBUG   [client]  <- read  st2mot     ret=0  data=['0xcf', '0x03']
17:25:22.735  DEBUG   [poll]    -> read  st2mot    
17:25:22.740  DEBUG   [poll]    <- read  st2mot     ret=0  data=['0xe8', '0x03']
17:25:22.741  DEBUG   [poll]    -> read  st0cur    
17:25:22.745  DEBUG   [poll]    <- read  st0cur     ret=0  data=['0xf6', '0x01', '0xf5', '0x01']
17:25:22.920  DEBUG   [client]  -> read  st2mot    
17:25:22.923  DEBUG   [client]  <- read  st2mot     ret=0  data=['0xe8', '0x03']
17:25:23.120  DEBUG   [client]  -> read  st2mot    
17:25:23.123  DEBUG   [client]  <- read  st2mot     ret=0  data=['0xe8', '0x03']
17:25:23.125  DEBUG   [client]  -> read  st0cur    
17:25:23.129  DEBUG   [client]  <- read  st0cur     ret=0  data=['0xf5', '0x01', '0xf6', '0x01']
17:25:23.320  DEBUG   [client]  -> read  st2mot    
17:25:23.323  DEBUG   [client]  <- read  st2mot     ret=0  data=['0xe8', '0x03']
17:25:23.520  DEBUG   [client]  -> read  st2mot    
17:25:23.523  DEBUG   [client]  <- read  st2mot     ret=0  data=['0xe8', '0x03']
17:25:23.720  DEBUG   [client]  -> read  st2mot    
17:25:23.727  DEBUG   [client]  <- read  st2mot     ret=0  data=['0xe8', '0x03']
17:25:23.745  DEBUG   [poll]    -> read  st2mot    
17:25:23.749  DEBUG   [poll]    <- read  st2mot     ret=0  data=['0x01', '0x04']
17:25:23.750  DEBUG   [poll]    -> read  st0cur    
17:25:23.754  DEBUG   [poll]    <- read  st0cur     ret=0  data=['0xf5', '0x01', '0xf6', '0x01']
17:25:23.920  DEBUG   [client]  -> read  st2mot    
17:25:23.923  DEBUG   [client]  <- read  st2mot     ret=0  data=['0xe8', '0x03']
17:25:24.120  DEBUG   [client]  -> read  st2mot    
17:25:24.123  DEBUG   [client]  <- read  st2mot     ret=0  data=['0xe8', '0x03']
17:25:24.125  DEBUG   [client]  -> read  st0cur    
17:25:24.129  DEBUG   [client]  <- read  st0cur     ret=0  data=['0xf5', '0x01', '0xf4', '0x01']
17:25:24.320  DEBUG   [client]  -> read  st2mot    
17:25:24.323  DEBUG   [client]  <- read  st2mot     ret=0  data=['0x01', '0x04']
17:25:24.520  DEBUG   [client]  -> read  st2mot    
17:25:24.523  DEBUG   [client]  <- read  st2mot     ret=0  data=['0xe8', '0x03']
17:25:24.720  DEBUG   [client]  -> read  st2mot    
17:25:24.723  DEBUG   [client]  <- read  st2mot     ret=0  data=['0xe8', '0x03']
17:25:24.756  DEBUG   [poll]    -> read  st2mot    
17:25:24.759  DEBUG   [poll]    <- read  st2mot     ret=0  data=['0xe8', '0x03']
17:25:24.760  DEBUG   [poll]    -> read  st0cur    
17:25:24.764  DEBUG   [poll]    <- read  st0cur     ret=0  data=['0xf5', '0x01', '0xf4', '0x01']
17:25:24.920  DEBUG   [client]  -> read  st2mot    
17:25:24.923  DEBUG   [client]  <- read  st2mot     ret=0  data=['0xe8', '0x03']
17:25:25.120  DEBUG   [client]  -> read  st2mot    
17:25:25.123  DEBUG   [client]  <- read  st2mot     ret=0  data=['0xcf', '0x03']
17:25:25.125  DEBUG   [client]  -> read  st0cur    
17:25:25.129  DEBUG   [client]  <- read  st0cur     ret=0  data=['0xf4', '0x01', '0xf8', '0x01']
17:25:25.320  DEBUG   [client]  -> read  st2mot    
17:25:25.323  DEBUG   [client]  <- read  st2mot     ret=0  data=['0xe8', '0x03']
17:25:25.520  DEBUG   [client]  -> read  st2mot    
17:25:25.523  DEBUG   [client]  <- read  st2mot     ret=0  data=['0xcf', '0x03']
17:25:25.720  DEBUG   [client]  -> read  st2mot    
17:25:25.723  DEBUG   [client]  <- read  st2mot     ret=0  data=['0xe8', '0x03']
17:25:25.765  DEBUG   [poll]    -> read  st2mot    
17:25:25.769  DEBUG   [poll]    <- read  st2mot     ret=0  data=['0xe8', '0x03']
17:25:25.769  DEBUG   [poll]    -> read  st0cur    
17:25:25.773  DEBUG   [poll]    <- read  st0cur     ret=0  data=['0xf4', '0x01', '0xf8', '0x01']
17:25:25.920  DEBUG   [client]  -> read  st2mot    
17:25:25.923  DEBUG   [client]  <- read  st2mot     ret=0  data=['0xcf', '0x03']
17:25:25.925  DEBUG   [client]  -> write cntl3mot   data=['0x03', '0x20']
17:25:26.180  DEBUG   [client]  -> write cntl3mot   data=['0x02', '0x58']
17:25:26.436  DEBUG   [client]  -> write cntl3mot   data=['0x01', '0x90']
17:25:26.692  DEBUG   [client]  -> write cntl3mot   data=['0x00', '0xc8']
17:25:26.775  DEBUG   [poll]    -> read  st2mot    
17:25:26.778  DEBUG   [poll]    <- read  st2mot     ret=0  data=['0x90', '0x01']
17:25:26.779  DEBUG   [poll]    -> read  st0cur    
17:25:26.783  DEBUG   [poll]    <- read  st0cur     ret=0  data=['0xf4', '0x01', '0xf5', '0x01']
17:25:26.948  DEBUG   [client]  -> write cntl3mot   data=['0x00', '0x00']
17:25:26.953  WARNING client disconnected — stopping motor
17:25:26.954  DEBUG   [client]  -> write cntl3mot   data=['0x00', '0x00']
17:25:26.958  INFO    client disconnected
17:25:27.784  DEBUG   [poll]    -> read  st2mot    
17:25:27.787  DEBUG   [poll]    <- read  st2mot     ret=0  data=['0x00', '0x00']
17:25:27.788  DEBUG   [poll]    -> read  st0cur    
17:25:27.791  DEBUG   [poll]    <- read  st0cur     ret=0  data=['0xf9', '0x01', '0xfa', '0x01']
17:25:27.791  WARNING *** OBSERVED STALL SIGNATURE (not acted on yet) — current=-0.34A while rpm=0 ***
17:25:28.793  DEBUG   [poll]    -> read  st2mot    
17:25:28.801  DEBUG   [poll]    <- read  st2mot     ret=0  data=['0x00', '0x00']
17:25:28.801  DEBUG   [poll]    -> read  st0cur    
17:25:28.806  DEBUG   [poll]    <- read  st0cur     ret=0  data=['0xfd', '0x01', '0x01', '0x02']
17:25:29.807  DEBUG   [poll]    -> read  st2mot    
17:25:29.811  DEBUG   [poll]    <- read  st2mot     ret=0  data=['0x00', '0x00']
17:25:29.811  DEBUG   [poll]    -> read  st0cur    
17:25:29.815  DEBUG   [poll]    <- read  st0cur     ret=0  data=['0xfe', '0x01', '0x01', '0x02']
17:25:30.817  DEBUG   [poll]    -> read  st2mot    
17:25:30.820  DEBUG   [poll]    <- read  st2mot     ret=0  data=['0x00', '0x00']
17:25:30.820  DEBUG   [poll]    -> read  st0cur    
17:25:30.824  DEBUG   [poll]    <- read  st0cur     ret=0  data=['0xfe', '0x01', '0x01', '0x02']
17:25:31.826  DEBUG   [poll]    -> read  st2mot    
17:25:31.829  DEBUG   [poll]    <- read  st2mot     ret=0  data=['0x00', '0x00']
17:25:31.829  DEBUG   [poll]    -> read  st0cur    
17:25:31.833  DEBUG   [poll]    <- read  st0cur     ret=0  data=['0xfe', '0x01', '0x01', '0x02']
17:25:31.887  INFO    client connected
17:25:31.888  DEBUG   [client]  -> write cntl0mot   data=['0x00', '0xfd']
17:25:31.891  DEBUG   [client]  -> write cntl3mot   data=['0x00', '0x00']
17:25:31.895  DEBUG   [client]  -> write cntl3mot   data=['0x03', '0xe8']
17:25:31.898  DEBUG   [client]  -> read  st2mot    
17:25:31.901  DEBUG   [client]  <- read  st2mot     ret=0  data=['0x00', '0x00']
17:25:31.902  DEBUG   [client]  -> read  st0cur    
17:25:31.906  DEBUG   [client]  <- read  st0cur     ret=0  data=['0xfe', '0x01', '0x01', '0x02']
17:25:32.099  DEBUG   [client]  -> read  st2mot    
17:25:32.102  DEBUG   [client]  <- read  st2mot     ret=0  data=['0x00', '0x00']
17:25:32.299  DEBUG   [client]  -> read  st2mot    
17:25:32.302  DEBUG   [client]  <- read  st2mot     ret=0  data=['0xd5', '0x02']
17:25:32.499  DEBUG   [client]  -> read  st2mot    
17:25:32.502  DEBUG   [client]  <- read  st2mot     ret=0  data=['0x52', '0x03']
17:25:32.699  DEBUG   [client]  -> read  st2mot    
17:25:32.703  DEBUG   [client]  <- read  st2mot     ret=0  data=['0x07', '0x03']
17:25:32.835  DEBUG   [poll]    -> read  st2mot    
17:25:32.838  DEBUG   [poll]    <- read  st2mot     ret=0  data=['0x9d', '0x03']
17:25:32.839  DEBUG   [poll]    -> read  st0cur    
17:25:32.843  DEBUG   [poll]    <- read  st0cur     ret=0  data=['0xfc', '0x01', '0x00', '0x02']
17:25:32.899  DEBUG   [client]  -> read  st2mot    
17:25:32.903  DEBUG   [client]  <- read  st2mot     ret=0  data=['0xb6', '0x03']
17:25:32.904  DEBUG   [client]  -> read  st0cur    
17:25:32.909  DEBUG   [client]  <- read  st0cur     ret=0  data=['0xfc', '0x01', '0x00', '0x02']
17:25:33.099  DEBUG   [client]  -> read  st2mot    
17:25:33.103  DEBUG   [client]  <- read  st2mot     ret=0  data=['0x9d', '0x03']
17:25:33.299  DEBUG   [client]  -> read  st2mot    
17:25:33.303  DEBUG   [client]  <- read  st2mot     ret=0  data=['0xcf', '0x03']
17:25:33.499  DEBUG   [client]  -> read  st2mot    
17:25:33.503  DEBUG   [client]  <- read  st2mot     ret=0  data=['0xb6', '0x03']
17:25:33.699  DEBUG   [client]  -> read  st2mot    
17:25:33.703  DEBUG   [client]  <- read  st2mot     ret=0  data=['0xe8', '0x03']
17:25:33.844  DEBUG   [poll]    -> read  st2mot    
17:25:33.853  DEBUG   [poll]    <- read  st2mot     ret=0  data=['0xcf', '0x03']
17:25:33.853  DEBUG   [poll]    -> read  st0cur    
17:25:33.857  DEBUG   [poll]    <- read  st0cur     ret=0  data=['0xf4', '0x01', '0xf5', '0x01']
17:25:33.899  DEBUG   [client]  -> read  st2mot    
17:25:33.903  DEBUG   [client]  <- read  st2mot     ret=0  data=['0xe8', '0x03']
17:25:33.904  DEBUG   [client]  -> read  st0cur    
17:25:33.908  DEBUG   [client]  <- read  st0cur     ret=0  data=['0xf4', '0x01', '0xf5', '0x01']
17:25:34.099  DEBUG   [client]  -> read  st2mot    
17:25:34.103  DEBUG   [client]  <- read  st2mot     ret=0  data=['0xe8', '0x03']
17:25:34.299  DEBUG   [client]  -> read  st2mot    
17:25:34.303  DEBUG   [client]  <- read  st2mot     ret=0  data=['0xcf', '0x03']
17:25:34.499  DEBUG   [client]  -> read  st2mot    
17:25:34.503  DEBUG   [client]  <- read  st2mot     ret=0  data=['0x01', '0x04']
17:25:34.699  DEBUG   [client]  -> read  st2mot    
17:25:34.703  DEBUG   [client]  <- read  st2mot     ret=0  data=['0xcf', '0x03']
17:25:34.859  DEBUG   [poll]    -> read  st2mot    
17:25:34.862  DEBUG   [poll]    <- read  st2mot     ret=0  data=['0x01', '0x04']
17:25:34.863  DEBUG   [poll]    -> read  st0cur    
17:25:34.867  DEBUG   [poll]    <- read  st0cur     ret=0  data=['0xf5', '0x01', '0xf6', '0x01']
17:25:34.899  DEBUG   [client]  -> read  st2mot    
17:25:34.903  DEBUG   [client]  <- read  st2mot     ret=0  data=['0x01', '0x04']
17:25:34.904  DEBUG   [client]  -> read  st0cur    
17:25:34.908  DEBUG   [client]  <- read  st0cur     ret=0  data=['0xf5', '0x01', '0xf6', '0x01']
17:25:35.099  DEBUG   [client]  -> read  st2mot    
17:25:35.103  DEBUG   [client]  <- read  st2mot     ret=0  data=['0xcf', '0x03']
17:25:35.299  DEBUG   [client]  -> read  st2mot    
17:25:35.303  DEBUG   [client]  <- read  st2mot     ret=0  data=['0xe8', '0x03']
17:25:35.499  DEBUG   [client]  -> read  st2mot    
17:25:35.503  DEBUG   [client]  <- read  st2mot     ret=0  data=['0xe8', '0x03']
17:25:35.699  DEBUG   [client]  -> read  st2mot    
17:25:35.703  DEBUG   [client]  <- read  st2mot     ret=0  data=['0xe8', '0x03']
17:25:35.869  DEBUG   [poll]    -> read  st2mot    
17:25:35.872  DEBUG   [poll]    <- read  st2mot     ret=0  data=['0xe8', '0x03']
17:25:35.872  DEBUG   [poll]    -> read  st0cur    
17:25:35.877  DEBUG   [poll]    <- read  st0cur     ret=0  data=['0xf4', '0x01', '0xf6', '0x01']
17:25:35.899  DEBUG   [client]  -> read  st2mot    
17:25:35.902  DEBUG   [client]  <- read  st2mot     ret=0  data=['0xe8', '0x03']
17:25:35.904  DEBUG   [client]  -> read  st0cur    
17:25:35.908  DEBUG   [client]  <- read  st0cur     ret=0  data=['0xf4', '0x01', '0xf6', '0x01']
17:25:36.099  DEBUG   [client]  -> read  st2mot    
17:25:36.103  DEBUG   [client]  <- read  st2mot     ret=0  data=['0xe8', '0x03']
17:25:36.299  DEBUG   [client]  -> read  st2mot    
17:25:36.303  DEBUG   [client]  <- read  st2mot     ret=0  data=['0x01', '0x04']
17:25:36.499  DEBUG   [client]  -> read  st2mot    
17:25:36.503  DEBUG   [client]  <- read  st2mot     ret=0  data=['0xe8', '0x03']
17:25:36.699  DEBUG   [client]  -> read  st2mot    
17:25:36.703  DEBUG   [client]  <- read  st2mot     ret=0  data=['0xe8', '0x03']
17:25:36.878  DEBUG   [poll]    -> read  st2mot    
17:25:36.882  DEBUG   [poll]    <- read  st2mot     ret=0  data=['0x01', '0x04']
17:25:36.882  DEBUG   [poll]    -> read  st0cur    
17:25:36.886  DEBUG   [poll]    <- read  st0cur     ret=0  data=['0xf5', '0x01', '0xf5', '0x01']
17:25:36.899  DEBUG   [client]  -> read  st2mot    
17:25:36.903  DEBUG   [client]  <- read  st2mot     ret=0  data=['0x01', '0x04']
17:25:36.905  DEBUG   [client]  -> read  st0cur    
17:25:36.909  DEBUG   [client]  <- read  st0cur     ret=0  data=['0xf5', '0x01', '0xf5', '0x01']
17:25:37.099  DEBUG   [client]  -> read  st2mot    
17:25:37.103  DEBUG   [client]  <- read  st2mot     ret=0  data=['0xe8', '0x03']
17:25:37.299  DEBUG   [client]  -> read  st2mot    
17:25:37.303  DEBUG   [client]  <- read  st2mot     ret=0  data=['0xe8', '0x03']
17:25:37.499  DEBUG   [client]  -> read  st2mot    
17:25:37.503  DEBUG   [client]  <- read  st2mot     ret=0  data=['0x01', '0x04']
17:25:37.699  DEBUG   [client]  -> read  st2mot    
17:25:37.703  DEBUG   [client]  <- read  st2mot     ret=0  data=['0xcf', '0x03']
17:25:37.888  DEBUG   [poll]    -> read  st2mot    
17:25:37.891  DEBUG   [poll]    <- read  st2mot     ret=0  data=['0xe8', '0x03']
17:25:37.892  DEBUG   [poll]    -> read  st0cur    
17:25:37.896  DEBUG   [poll]    <- read  st0cur     ret=0  data=['0xf5', '0x01', '0xf5', '0x01']
17:25:37.899  DEBUG   [client]  -> read  st2mot    
17:25:37.902  DEBUG   [client]  <- read  st2mot     ret=0  data=['0xe8', '0x03']
17:25:37.904  DEBUG   [client]  -> read  st0cur    
17:25:37.908  DEBUG   [client]  <- read  st0cur     ret=0  data=['0xf5', '0x01', '0xf5', '0x01']
17:25:38.099  DEBUG   [client]  -> read  st2mot    
17:25:38.103  DEBUG   [client]  <- read  st2mot     ret=0  data=['0xe8', '0x03']
17:25:38.299  DEBUG   [client]  -> read  st2mot    
17:25:38.303  DEBUG   [client]  <- read  st2mot     ret=0  data=['0xe8', '0x03']
17:25:38.499  DEBUG   [client]  -> read  st2mot    
17:25:38.503  DEBUG   [client]  <- read  st2mot     ret=0  data=['0xe8', '0x03']
17:25:38.699  DEBUG   [client]  -> read  st2mot    
17:25:38.703  DEBUG   [client]  <- read  st2mot     ret=0  data=['0xe8', '0x03']
17:25:38.704  DEBUG   [client]  -> write cntl3mot   data=['0x03', '0x20']
17:25:38.897  DEBUG   [poll]    -> read  st2mot    
17:25:38.901  DEBUG   [poll]    <- read  st2mot     ret=0  data=['0x52', '0x03']
17:25:38.901  DEBUG   [poll]    -> read  st0cur    
17:25:38.906  DEBUG   [poll]    <- read  st0cur     ret=0  data=['0xf5', '0x01', '0xf5', '0x01']
17:25:38.960  DEBUG   [client]  -> write cntl3mot   data=['0x02', '0x58']
17:25:39.216  DEBUG   [client]  -> write cntl3mot   data=['0x01', '0x90']
17:25:39.471  DEBUG   [client]  -> write cntl3mot   data=['0x00', '0xc8']
17:25:39.727  DEBUG   [client]  -> write cntl3mot   data=['0x00', '0x00']
17:25:39.731  WARNING client disconnected — stopping motor
17:25:39.732  DEBUG   [client]  -> write cntl3mot   data=['0x00', '0x00']
17:25:39.736  INFO    client disconnected
17:25:39.907  DEBUG   [poll]    -> read  st2mot    
17:25:39.911  DEBUG   [poll]    <- read  st2mot     ret=0  data=['0x00', '0x00']
17:25:39.911  DEBUG   [poll]    -> read  st0cur    
17:25:39.915  DEBUG   [poll]    <- read  st0cur     ret=0  data=['0xf7', '0x01', '0xf7', '0x01']
17:25:39.915  WARNING *** OBSERVED STALL SIGNATURE (not acted on yet) — current=-0.44A while rpm=0 ***
17:25:40.917  DEBUG   [poll]    -> read  st2mot    
17:25:40.920  DEBUG   [poll]    <- read  st2mot     ret=0  data=['0x00', '0x00']
17:25:40.921  DEBUG   [poll]    -> read  st0cur    
17:25:40.925  DEBUG   [poll]    <- read  st0cur     ret=0  data=['0xfa', '0x01', '0xfe', '0x01']
17:25:40.925  WARNING *** OBSERVED STALL SIGNATURE (not acted on yet) — current=-0.29A while rpm=0 ***
17:25:41.927  DEBUG   [poll]    -> read  st2mot    
17:25:41.931  DEBUG   [poll]    <- read  st2mot     ret=0  data=['0x00', '0x00']
17:25:41.931  DEBUG   [poll]    -> read  st0cur    
17:25:41.935  DEBUG   [poll]    <- read  st0cur     ret=0  data=['0xfe', '0x01', '0x01', '0x02']
17:25:42.937  DEBUG   [poll]    -> read  st2mot    
17:25:42.940  DEBUG   [poll]    <- read  st2mot     ret=0  data=['0x00', '0x00']
17:25:42.940  DEBUG   [poll]    -> read  st0cur    
17:25:42.945  DEBUG   [poll]    <- read  st0cur     ret=0  data=['0xfe', '0x01', '0x01', '0x02']
17:25:43.946  DEBUG   [poll]    -> read  st2mot    
17:25:43.950  DEBUG   [poll]    <- read  st2mot     ret=0  data=['0x00', '0x00']
17:25:43.950  DEBUG   [poll]    -> read  st0cur    
17:25:43.954  DEBUG   [poll]    <- read  st0cur     ret=0  data=['0xfe', '0x01', '0x01', '0x02']
17:25:44.639  INFO    client connected
17:25:44.639  DEBUG   [client]  -> write cntl0mot   data=['0x03', '0xfd']
17:25:44.643  DEBUG   [client]  -> write cntl3mot   data=['0x00', '0x00']
17:25:44.646  DEBUG   [client]  -> write cntl3mot   data=['0x03', '0xe8']
17:25:44.650  DEBUG   [client]  -> read  st2mot    
17:25:44.653  DEBUG   [client]  <- read  st2mot     ret=0  data=['0x00', '0x00']
17:25:44.654  DEBUG   [client]  -> read  st0cur    
17:25:44.657  DEBUG   [client]  <- read  st0cur     ret=0  data=['0xfe', '0x01', '0x01', '0x02']
17:25:44.850  DEBUG   [client]  -> read  st2mot    
17:25:44.853  DEBUG   [client]  <- read  st2mot     ret=0  data=['0xaf', '0x00']
17:25:44.956  DEBUG   [poll]    -> read  st2mot    
17:25:44.959  DEBUG   [poll]    <- read  st2mot     ret=0  data=['0x3f', '0x02']
17:25:44.959  DEBUG   [poll]    -> read  st0cur    
17:25:44.963  DEBUG   [poll]    <- read  st0cur     ret=0  data=['0xfe', '0x01', '0x01', '0x02']
17:25:45.050  DEBUG   [client]  -> read  st2mot    
17:25:45.053  DEBUG   [client]  <- read  st2mot     ret=0  data=['0xd5', '0x02']
17:25:45.251  DEBUG   [client]  -> read  st2mot    
17:25:45.254  DEBUG   [client]  <- read  st2mot     ret=0  data=['0x8a', '0x02']
17:25:45.451  DEBUG   [client]  -> read  st2mot    
17:25:45.454  DEBUG   [client]  <- read  st2mot     ret=0  data=['0x52', '0x03']
17:25:45.651  DEBUG   [client]  -> read  st2mot    
17:25:45.654  DEBUG   [client]  <- read  st2mot     ret=0  data=['0x6b', '0x03']
17:25:45.656  DEBUG   [client]  -> read  st0cur    
17:25:45.660  DEBUG   [client]  <- read  st0cur     ret=0  data=['0xfa', '0x01', '0xfb', '0x01']
17:25:45.851  DEBUG   [client]  -> read  st2mot    
17:25:45.854  DEBUG   [client]  <- read  st2mot     ret=0  data=['0x84', '0x03']
17:25:45.964  DEBUG   [poll]    -> read  st2mot    
17:25:45.968  DEBUG   [poll]    <- read  st2mot     ret=0  data=['0x9d', '0x03']
17:25:45.968  DEBUG   [poll]    -> read  st0cur    
17:25:45.972  DEBUG   [poll]    <- read  st0cur     ret=0  data=['0xfa', '0x01', '0xfb', '0x01']
17:25:46.051  DEBUG   [client]  -> read  st2mot    
17:25:46.054  DEBUG   [client]  <- read  st2mot     ret=0  data=['0xb6', '0x03']
17:25:46.251  DEBUG   [client]  -> read  st2mot    
17:25:46.254  DEBUG   [client]  <- read  st2mot     ret=0  data=['0x9d', '0x03']
17:25:46.451  DEBUG   [client]  -> read  st2mot    
17:25:46.454  DEBUG   [client]  <- read  st2mot     ret=0  data=['0xe8', '0x03']
17:25:46.651  DEBUG   [client]  -> read  st2mot    
17:25:46.654  DEBUG   [client]  <- read  st2mot     ret=0  data=['0xcf', '0x03']
17:25:46.656  DEBUG   [client]  -> read  st0cur    
17:25:46.660  DEBUG   [client]  <- read  st0cur     ret=0  data=['0xf7', '0x01', '0xf8', '0x01']
17:25:46.851  DEBUG   [client]  -> read  st2mot    
17:25:46.854  DEBUG   [client]  <- read  st2mot     ret=0  data=['0xe8', '0x03']
17:25:46.974  DEBUG   [poll]    -> read  st2mot    
17:25:46.977  DEBUG   [poll]    <- read  st2mot     ret=0  data=['0xcf', '0x03']
17:25:46.978  DEBUG   [poll]    -> read  st0cur    
17:25:46.982  DEBUG   [poll]    <- read  st0cur     ret=0  data=['0xf7', '0x01', '0xf8', '0x01']
17:25:47.051  DEBUG   [client]  -> read  st2mot    
17:25:47.054  DEBUG   [client]  <- read  st2mot     ret=0  data=['0xcf', '0x03']
17:25:47.251  DEBUG   [client]  -> read  st2mot    
17:25:47.254  DEBUG   [client]  <- read  st2mot     ret=0  data=['0xe8', '0x03']
17:25:47.451  DEBUG   [client]  -> read  st2mot    
17:25:47.454  DEBUG   [client]  <- read  st2mot     ret=0  data=['0xe8', '0x03']
17:25:47.651  DEBUG   [client]  -> read  st2mot    
17:25:47.654  DEBUG   [client]  <- read  st2mot     ret=0  data=['0xe8', '0x03']
17:25:47.656  DEBUG   [client]  -> read  st0cur    
17:25:47.660  DEBUG   [client]  <- read  st0cur     ret=0  data=['0xf5', '0x01', '0xf5', '0x01']
17:25:47.851  DEBUG   [client]  -> read  st2mot    
17:25:47.854  DEBUG   [client]  <- read  st2mot     ret=0  data=['0xe8', '0x03']
17:25:47.984  DEBUG   [poll]    -> read  st2mot    
17:25:47.987  DEBUG   [poll]    <- read  st2mot     ret=0  data=['0xcf', '0x03']
17:25:47.988  DEBUG   [poll]    -> read  st0cur    
17:25:47.992  DEBUG   [poll]    <- read  st0cur     ret=0  data=['0xf5', '0x01', '0xf5', '0x01']
17:25:48.050  DEBUG   [client]  -> read  st2mot    
17:25:48.054  DEBUG   [client]  <- read  st2mot     ret=0  data=['0xe8', '0x03']
17:25:48.251  DEBUG   [client]  -> read  st2mot    
17:25:48.254  DEBUG   [client]  <- read  st2mot     ret=0  data=['0xcf', '0x03']
17:25:48.451  DEBUG   [client]  -> read  st2mot    
17:25:48.454  DEBUG   [client]  <- read  st2mot     ret=0  data=['0x01', '0x04']
17:25:48.651  DEBUG   [client]  -> read  st2mot    
17:25:48.654  DEBUG   [client]  <- read  st2mot     ret=0  data=['0xe8', '0x03']
17:25:48.656  DEBUG   [client]  -> read  st0cur    
17:25:48.660  DEBUG   [client]  <- read  st0cur     ret=0  data=['0xf5', '0x01', '0xf5', '0x01']
17:25:48.851  DEBUG   [client]  -> read  st2mot    
17:25:48.854  DEBUG   [client]  <- read  st2mot     ret=0  data=['0x01', '0x04']
17:25:48.993  DEBUG   [poll]    -> read  st2mot    
17:25:48.997  DEBUG   [poll]    <- read  st2mot     ret=0  data=['0xcf', '0x03']
17:25:48.999  DEBUG   [poll]    -> read  st0cur    
17:25:49.003  DEBUG   [poll]    <- read  st0cur     ret=0  data=['0xf5', '0x01', '0xf5', '0x01']
17:25:49.051  DEBUG   [client]  -> read  st2mot    
17:25:49.054  DEBUG   [client]  <- read  st2mot     ret=0  data=['0xe8', '0x03']
17:25:49.251  DEBUG   [client]  -> read  st2mot    
17:25:49.254  DEBUG   [client]  <- read  st2mot     ret=0  data=['0xe8', '0x03']
17:25:49.451  DEBUG   [client]  -> read  st2mot    
17:25:49.454  DEBUG   [client]  <- read  st2mot     ret=0  data=['0xe8', '0x03']
17:25:49.651  DEBUG   [client]  -> read  st2mot    
17:25:49.654  DEBUG   [client]  <- read  st2mot     ret=0  data=['0xe8', '0x03']
17:25:49.656  DEBUG   [client]  -> read  st0cur    
17:25:49.660  DEBUG   [client]  <- read  st0cur     ret=0  data=['0xf5', '0x01', '0xf5', '0x01']
17:25:49.851  DEBUG   [client]  -> read  st2mot    
17:25:49.854  DEBUG   [client]  <- read  st2mot     ret=0  data=['0xe8', '0x03']
17:25:50.004  DEBUG   [poll]    -> read  st2mot    
17:25:50.008  DEBUG   [poll]    <- read  st2mot     ret=0  data=['0xcf', '0x03']
17:25:50.008  DEBUG   [poll]    -> read  st0cur    
17:25:50.013  DEBUG   [poll]    <- read  st0cur     ret=0  data=['0xf5', '0x01', '0xf5', '0x01']
17:25:50.051  DEBUG   [client]  -> read  st2mot    
17:25:50.054  DEBUG   [client]  <- read  st2mot     ret=0  data=['0xe8', '0x03']
17:25:50.251  DEBUG   [client]  -> read  st2mot    
17:25:50.254  DEBUG   [client]  <- read  st2mot     ret=0  data=['0x01', '0x04']
17:25:50.451  DEBUG   [client]  -> read  st2mot    
17:25:50.454  DEBUG   [client]  <- read  st2mot     ret=0  data=['0xe8', '0x03']
17:25:50.651  DEBUG   [client]  -> read  st2mot    
17:25:50.654  DEBUG   [client]  <- read  st2mot     ret=0  data=['0xe8', '0x03']
17:25:50.656  DEBUG   [client]  -> read  st0cur    
17:25:50.660  DEBUG   [client]  <- read  st0cur     ret=0  data=['0xf5', '0x01', '0xf4', '0x01']
17:25:50.851  DEBUG   [client]  -> read  st2mot    
17:25:50.854  DEBUG   [client]  <- read  st2mot     ret=0  data=['0xe8', '0x03']
17:25:51.014  DEBUG   [poll]    -> read  st2mot    
17:25:51.018  DEBUG   [poll]    <- read  st2mot     ret=0  data=['0xe8', '0x03']
17:25:51.018  DEBUG   [poll]    -> read  st0cur    
17:25:51.022  DEBUG   [poll]    <- read  st0cur     ret=0  data=['0xf4', '0x01', '0xf4', '0x01']
17:25:51.050  DEBUG   [client]  -> read  st2mot    
17:25:51.054  DEBUG   [client]  <- read  st2mot     ret=0  data=['0xe8', '0x03']
17:25:51.251  DEBUG   [client]  -> read  st2mot    
17:25:51.254  DEBUG   [client]  <- read  st2mot     ret=0  data=['0xe8', '0x03']
17:25:51.451  DEBUG   [client]  -> read  st2mot    
17:25:51.454  DEBUG   [client]  <- read  st2mot     ret=0  data=['0xe8', '0x03']
17:25:51.456  DEBUG   [client]  -> write cntl3mot   data=['0x03', '0x20']
17:25:51.711  DEBUG   [client]  -> write cntl3mot   data=['0x02', '0x58']
17:25:51.967  DEBUG   [client]  -> write cntl3mot   data=['0x01', '0x90']
17:25:52.024  DEBUG   [poll]    -> read  st2mot    
17:25:52.027  DEBUG   [poll]    <- read  st2mot     ret=0  data=['0x8a', '0x02']
17:25:52.028  DEBUG   [poll]    -> read  st0cur    
17:25:52.032  DEBUG   [poll]    <- read  st0cur     ret=0  data=['0xf6', '0x01', '0xf7', '0x01']
17:25:52.222  DEBUG   [client]  -> write cntl3mot   data=['0x00', '0xc8']
17:25:52.478  DEBUG   [client]  -> write cntl3mot   data=['0x00', '0x00']
17:25:52.482  WARNING client disconnected — stopping motor
17:25:52.483  DEBUG   [client]  -> write cntl3mot   data=['0x00', '0x00']
17:25:52.487  INFO    client disconnected
17:25:53.033  DEBUG   [poll]    -> read  st2mot    
17:25:53.036  DEBUG   [poll]    <- read  st2mot     ret=0  data=['0x00', '0x00']
17:25:53.037  DEBUG   [poll]    -> read  st0cur    
17:25:53.041  DEBUG   [poll]    <- read  st0cur     ret=0  data=['0xfb', '0x01', '0xff', '0x01']
17:25:53.041  WARNING *** OBSERVED STALL SIGNATURE (not acted on yet) — current=-0.24A while rpm=0 ***
17:25:54.043  DEBUG   [poll]    -> read  st2mot    
17:25:54.047  DEBUG   [poll]    <- read  st2mot     ret=0  data=['0x00', '0x00']
17:25:54.048  DEBUG   [poll]    -> read  st0cur    
17:25:54.052  DEBUG   [poll]    <- read  st0cur     ret=0  data=['0xfe', '0x01', '0x01', '0x02']
17:25:55.054  DEBUG   [poll]    -> read  st2mot    
17:25:55.057  DEBUG   [poll]    <- read  st2mot     ret=0  data=['0x00', '0x00']
17:25:55.057  DEBUG   [poll]    -> read  st0cur    
17:25:55.062  DEBUG   [poll]    <- read  st0cur     ret=0  data=['0xfe', '0x01', '0x01', '0x02']
17:25:56.063  DEBUG   [poll]    -> read  st2mot    
17:25:56.066  DEBUG   [poll]    <- read  st2mot     ret=0  data=['0x00', '0x00']
17:25:56.067  DEBUG   [poll]    -> read  st0cur    
17:25:56.071  DEBUG   [poll]    <- read  st0cur     ret=0  data=['0xfe', '0x01', '0x01', '0x02']
17:25:57.072  DEBUG   [poll]    -> read  st2mot    
17:25:57.075  DEBUG   [poll]    <- read  st2mot     ret=0  data=['0x00', '0x00']
17:25:57.076  DEBUG   [poll]    -> read  st0cur    
17:25:57.080  DEBUG   [poll]    <- read  st0cur     ret=0  data=['0xfe', '0x01', '0x01', '0x02']
17:25:57.382  INFO    client connected
17:25:57.382  DEBUG   [client]  -> write cntl0mot   data=['0xfd', '0x00']
17:25:57.386  DEBUG   [client]  -> write cntl3mot   data=['0x00', '0x00']
17:25:57.390  DEBUG   [client]  -> write cntl3mot   data=['0x03', '0xe8']
17:25:57.393  DEBUG   [client]  -> read  st2mot    
17:25:57.396  DEBUG   [client]  <- read  st2mot     ret=0  data=['0x00', '0x00']
17:25:57.397  DEBUG   [client]  -> read  st0cur    
17:25:57.401  DEBUG   [client]  <- read  st0cur     ret=0  data=['0xfe', '0x01', '0x01', '0x02']
17:25:57.594  DEBUG   [client]  -> read  st2mot    
17:25:57.597  DEBUG   [client]  <- read  st2mot     ret=0  data=['0x00', '0x00']
17:25:57.794  DEBUG   [client]  -> read  st2mot    
17:25:57.797  DEBUG   [client]  <- read  st2mot     ret=0  data=['0x8a', '0x02']
17:25:57.994  DEBUG   [client]  -> read  st2mot    
17:25:57.998  DEBUG   [client]  <- read  st2mot     ret=0  data=['0x84', '0x03']
17:25:58.081  DEBUG   [poll]    -> read  st2mot    
17:25:58.084  DEBUG   [poll]    <- read  st2mot     ret=0  data=['0x6b', '0x03']
17:25:58.085  DEBUG   [poll]    -> read  st0cur    
17:25:58.089  DEBUG   [poll]    <- read  st0cur     ret=0  data=['0xf8', '0x01', '0xfc', '0x01']
17:25:58.194  DEBUG   [client]  -> read  st2mot    
17:25:58.197  DEBUG   [client]  <- read  st2mot     ret=0  data=['0x52', '0x03']
17:25:58.394  DEBUG   [client]  -> read  st2mot    
17:25:58.398  DEBUG   [client]  <- read  st2mot     ret=0  data=['0x9d', '0x03']
17:25:58.399  DEBUG   [client]  -> read  st0cur    
17:25:58.404  DEBUG   [client]  <- read  st0cur     ret=0  data=['0xf8', '0x01', '0xfc', '0x01']
17:25:58.594  DEBUG   [client]  -> read  st2mot    
17:25:58.598  DEBUG   [client]  <- read  st2mot     ret=0  data=['0xb6', '0x03']
17:25:58.794  DEBUG   [client]  -> read  st2mot    
17:25:58.798  DEBUG   [client]  <- read  st2mot     ret=0  data=['0xe8', '0x03']
17:25:58.994  DEBUG   [client]  -> read  st2mot    
17:25:58.998  DEBUG   [client]  <- read  st2mot     ret=0  data=['0xcf', '0x03']
17:25:59.091  DEBUG   [poll]    -> read  st2mot    
17:25:59.094  DEBUG   [poll]    <- read  st2mot     ret=0  data=['0xe8', '0x03']
17:25:59.097  DEBUG   [poll]    -> read  st0cur    
17:25:59.101  DEBUG   [poll]    <- read  st0cur     ret=0  data=['0xf5', '0x01', '0xf6', '0x01']
17:25:59.194  DEBUG   [client]  -> read  st2mot    
17:25:59.197  DEBUG   [client]  <- read  st2mot     ret=0  data=['0xe8', '0x03']
17:25:59.394  DEBUG   [client]  -> read  st2mot    
17:25:59.398  DEBUG   [client]  <- read  st2mot     ret=0  data=['0xcf', '0x03']
17:25:59.399  DEBUG   [client]  -> read  st0cur    
17:25:59.404  DEBUG   [client]  <- read  st0cur     ret=0  data=['0xf5', '0x01', '0xf6', '0x01']
17:25:59.594  DEBUG   [client]  -> read  st2mot    
17:25:59.598  DEBUG   [client]  <- read  st2mot     ret=0  data=['0x01', '0x04']
17:25:59.794  DEBUG   [client]  -> read  st2mot    
17:25:59.798  DEBUG   [client]  <- read  st2mot     ret=0  data=['0xcf', '0x03']
17:25:59.994  DEBUG   [client]  -> read  st2mot    
17:25:59.998  DEBUG   [client]  <- read  st2mot     ret=0  data=['0x1a', '0x04']
17:26:00.103  DEBUG   [poll]    -> read  st2mot    
17:26:00.106  DEBUG   [poll]    <- read  st2mot     ret=0  data=['0xe8', '0x03']
17:26:00.106  DEBUG   [poll]    -> read  st0cur    
17:26:00.111  DEBUG   [poll]    <- read  st0cur     ret=0  data=['0xf5', '0x01', '0xf6', '0x01']
17:26:00.194  DEBUG   [client]  -> read  st2mot    
17:26:00.197  DEBUG   [client]  <- read  st2mot     ret=0  data=['0xe8', '0x03']
17:26:00.394  DEBUG   [client]  -> read  st2mot    
17:26:00.398  DEBUG   [client]  <- read  st2mot     ret=0  data=['0xe8', '0x03']
17:26:00.399  DEBUG   [client]  -> read  st0cur    
17:26:00.404  DEBUG   [client]  <- read  st0cur     ret=0  data=['0xf5', '0x01', '0xf6', '0x01']
17:26:00.594  DEBUG   [client]  -> read  st2mot    
17:26:00.598  DEBUG   [client]  <- read  st2mot     ret=0  data=['0x01', '0x04']
17:26:00.794  DEBUG   [client]  -> read  st2mot    
17:26:00.798  DEBUG   [client]  <- read  st2mot     ret=0  data=['0xcf', '0x03']
17:26:00.994  DEBUG   [client]  -> read  st2mot    
17:26:00.998  DEBUG   [client]  <- read  st2mot     ret=0  data=['0xe8', '0x03']
17:26:01.112  DEBUG   [poll]    -> read  st2mot    
17:26:01.116  DEBUG   [poll]    <- read  st2mot     ret=0  data=['0xcf', '0x03']
17:26:01.116  DEBUG   [poll]    -> read  st0cur    
17:26:01.120  DEBUG   [poll]    <- read  st0cur     ret=0  data=['0xf5', '0x01', '0xf5', '0x01']
17:26:01.194  DEBUG   [client]  -> read  st2mot    
17:26:01.197  DEBUG   [client]  <- read  st2mot     ret=0  data=['0x01', '0x04']
17:26:01.394  DEBUG   [client]  -> read  st2mot    
17:26:01.398  DEBUG   [client]  <- read  st2mot     ret=0  data=['0xe8', '0x03']
17:26:01.399  DEBUG   [client]  -> read  st0cur    
17:26:01.403  DEBUG   [client]  <- read  st0cur     ret=0  data=['0xf5', '0x01', '0xf5', '0x01']
17:26:01.594  DEBUG   [client]  -> read  st2mot    
17:26:01.598  DEBUG   [client]  <- read  st2mot     ret=0  data=['0xe8', '0x03']
17:26:01.794  DEBUG   [client]  -> read  st2mot    
17:26:01.798  DEBUG   [client]  <- read  st2mot     ret=0  data=['0xcf', '0x03']
17:26:01.994  DEBUG   [client]  -> read  st2mot    
17:26:01.998  DEBUG   [client]  <- read  st2mot     ret=0  data=['0xe8', '0x03']
17:26:02.122  DEBUG   [poll]    -> read  st2mot    
17:26:02.125  DEBUG   [poll]    <- read  st2mot     ret=0  data=['0x01', '0x04']
17:26:02.126  DEBUG   [poll]    -> read  st0cur    
17:26:02.130  DEBUG   [poll]    <- read  st0cur     ret=0  data=['0xf5', '0x01', '0xf5', '0x01']
17:26:02.194  DEBUG   [client]  -> read  st2mot    
17:26:02.197  DEBUG   [client]  <- read  st2mot     ret=0  data=['0xcf', '0x03']
17:26:02.394  DEBUG   [client]  -> read  st2mot    
17:26:02.398  DEBUG   [client]  <- read  st2mot     ret=0  data=['0xe8', '0x03']
17:26:02.399  DEBUG   [client]  -> read  st0cur    
17:26:02.404  DEBUG   [client]  <- read  st0cur     ret=0  data=['0xf5', '0x01', '0xf5', '0x01']
17:26:02.594  DEBUG   [client]  -> read  st2mot    
17:26:02.598  DEBUG   [client]  <- read  st2mot     ret=0  data=['0xe8', '0x03']
17:26:02.794  DEBUG   [client]  -> read  st2mot    
17:26:02.798  DEBUG   [client]  <- read  st2mot     ret=0  data=['0x01', '0x04']
17:26:02.994  DEBUG   [client]  -> read  st2mot    
17:26:02.998  DEBUG   [client]  <- read  st2mot     ret=0  data=['0xcf', '0x03']
17:26:03.131  DEBUG   [poll]    -> read  st2mot    
17:26:03.135  DEBUG   [poll]    <- read  st2mot     ret=0  data=['0x01', '0x04']
17:26:03.135  DEBUG   [poll]    -> read  st0cur    
17:26:03.139  DEBUG   [poll]    <- read  st0cur     ret=0  data=['0xf5', '0x01', '0xf6', '0x01']
17:26:03.194  DEBUG   [client]  -> read  st2mot    
17:26:03.197  DEBUG   [client]  <- read  st2mot     ret=0  data=['0xe8', '0x03']
17:26:03.394  DEBUG   [client]  -> read  st2mot    
17:26:03.398  DEBUG   [client]  <- read  st2mot     ret=0  data=['0xe8', '0x03']
17:26:03.399  DEBUG   [client]  -> read  st0cur    
17:26:03.404  DEBUG   [client]  <- read  st0cur     ret=0  data=['0xf5', '0x01', '0xf6', '0x01']
17:26:03.594  DEBUG   [client]  -> read  st2mot    
17:26:03.598  DEBUG   [client]  <- read  st2mot     ret=0  data=['0x01', '0x04']
17:26:03.794  DEBUG   [client]  -> read  st2mot    
17:26:03.798  DEBUG   [client]  <- read  st2mot     ret=0  data=['0xe8', '0x03']
17:26:03.994  DEBUG   [client]  -> read  st2mot    
17:26:03.998  DEBUG   [client]  <- read  st2mot     ret=0  data=['0xe8', '0x03']
17:26:04.141  DEBUG   [poll]    -> read  st2mot    
17:26:04.144  DEBUG   [poll]    <- read  st2mot     ret=0  data=['0xe8', '0x03']
17:26:04.145  DEBUG   [poll]    -> read  st0cur    
17:26:04.149  DEBUG   [poll]    <- read  st0cur     ret=0  data=['0xf4', '0x01', '0xf6', '0x01']
17:26:04.194  DEBUG   [client]  -> read  st2mot    
17:26:04.197  DEBUG   [client]  <- read  st2mot     ret=0  data=['0x01', '0x04']
17:26:04.199  DEBUG   [client]  -> write cntl3mot   data=['0x03', '0x20']
17:26:04.455  DEBUG   [client]  -> write cntl3mot   data=['0x02', '0x58']
17:26:04.710  DEBUG   [client]  -> write cntl3mot   data=['0x01', '0x90']
17:26:04.966  DEBUG   [client]  -> write cntl3mot   data=['0x00', '0xc8']
17:26:05.151  DEBUG   [poll]    -> read  st2mot    
17:26:05.154  DEBUG   [poll]    <- read  st2mot     ret=0  data=['0x45', '0x01']
17:26:05.155  DEBUG   [poll]    -> read  st0cur    
17:26:05.159  DEBUG   [poll]    <- read  st0cur     ret=0  data=['0xf7', '0x01', '0xfa', '0x01']
17:26:05.221  DEBUG   [client]  -> write cntl3mot   data=['0x00', '0x00']
17:26:05.226  WARNING client disconnected — stopping motor
17:26:05.227  DEBUG   [client]  -> write cntl3mot   data=['0x00', '0x00']
17:26:05.231  INFO    client disconnected
17:26:06.160  DEBUG   [poll]    -> read  st2mot    
17:26:06.163  DEBUG   [poll]    <- read  st2mot     ret=0  data=['0x00', '0x00']
17:26:06.164  DEBUG   [poll]    -> read  st0cur    
17:26:06.168  DEBUG   [poll]    <- read  st0cur     ret=0  data=['0xfc', '0x01', '0x00', '0x02']
17:26:06.168  WARNING *** OBSERVED STALL SIGNATURE (not acted on yet) — current=-0.20A while rpm=0 ***
17:26:07.171  DEBUG   [poll]    -> read  st2mot    
17:26:07.174  DEBUG   [poll]    <- read  st2mot     ret=0  data=['0x00', '0x00']
17:26:07.174  DEBUG   [poll]    -> read  st0cur    
17:26:07.179  DEBUG   [poll]    <- read  st0cur     ret=0  data=['0xfe', '0x01', '0x01', '0x02']
17:26:08.180  DEBUG   [poll]    -> read  st2mot    
17:26:08.184  DEBUG   [poll]    <- read  st2mot     ret=0  data=['0x00', '0x00']
17:26:08.184  DEBUG   [poll]    -> read  st0cur    
17:26:08.188  DEBUG   [poll]    <- read  st0cur     ret=0  data=['0xfe', '0x01', '0x01', '0x02']
17:26:09.190  DEBUG   [poll]    -> read  st2mot    
17:26:09.193  DEBUG   [poll]    <- read  st2mot     ret=0  data=['0x00', '0x00']
17:26:09.194  DEBUG   [poll]    -> read  st0cur    
17:26:09.198  DEBUG   [poll]    <- read  st0cur     ret=0  data=['0xfe', '0x01', '0x01', '0x02']
17:26:10.085  INFO    client connected
17:26:10.085  DEBUG   [client]  -> write cntl0mot   data=['0x00', '0x00']
17:26:10.089  DEBUG   [client]  -> write cntl3mot   data=['0x00', '0x00']
17:26:10.093  DEBUG   [client]  -> write cntl3mot   data=['0x03', '0xe8']
17:26:10.098  DEBUG   [client]  -> read  st2mot    
17:26:10.103  DEBUG   [client]  <- read  st2mot     ret=0  data=['0x00', '0x00']
17:26:10.105  DEBUG   [client]  -> read  st0cur    
17:26:10.109  DEBUG   [client]  <- read  st0cur     ret=0  data=['0xfe', '0x01', '0x01', '0x02']
17:26:10.200  DEBUG   [poll]    -> read  st2mot    
17:26:10.203  DEBUG   [poll]    <- read  st2mot     ret=0  data=['0x19', '0x00']
17:26:10.203  DEBUG   [poll]    -> read  st0cur    
17:26:10.207  DEBUG   [poll]    <- read  st0cur     ret=0  data=['0xfe', '0x01', '0x01', '0x02']
17:26:10.296  DEBUG   [client]  -> read  st2mot    
17:26:10.299  DEBUG   [client]  <- read  st2mot     ret=0  data=['0x00', '0x00']
17:26:10.496  DEBUG   [client]  -> read  st2mot    
17:26:10.499  DEBUG   [client]  <- read  st2mot     ret=0  data=['0x39', '0x03']
17:26:10.697  DEBUG   [client]  -> read  st2mot    
17:26:10.700  DEBUG   [client]  <- read  st2mot     ret=0  data=['0x6b', '0x03']
17:26:10.897  DEBUG   [client]  -> read  st2mot    
17:26:10.900  DEBUG   [client]  <- read  st2mot     ret=0  data=['0x39', '0x03']
17:26:11.097  DEBUG   [client]  -> read  st2mot    
17:26:11.100  DEBUG   [client]  <- read  st2mot     ret=0  data=['0xcf', '0x03']
17:26:11.102  DEBUG   [client]  -> read  st0cur    
17:26:11.107  DEBUG   [client]  <- read  st0cur     ret=0  data=['0xf6', '0x01', '0xf4', '0x01']
17:26:11.208  DEBUG   [poll]    -> read  st2mot    
17:26:11.212  DEBUG   [poll]    <- read  st2mot     ret=0  data=['0x84', '0x03']
17:26:11.212  DEBUG   [poll]    -> read  st0cur    
17:26:11.216  DEBUG   [poll]    <- read  st0cur     ret=0  data=['0xf6', '0x01', '0xf4', '0x01']
17:26:11.297  DEBUG   [client]  -> read  st2mot    
17:26:11.300  DEBUG   [client]  <- read  st2mot     ret=0  data=['0xb6', '0x03']
17:26:11.497  DEBUG   [client]  -> read  st2mot    
17:26:11.500  DEBUG   [client]  <- read  st2mot     ret=0  data=['0xcf', '0x03']
17:26:11.697  DEBUG   [client]  -> read  st2mot    
17:26:11.700  DEBUG   [client]  <- read  st2mot     ret=0  data=['0xe8', '0x03']
17:26:11.897  DEBUG   [client]  -> read  st2mot    
17:26:11.900  DEBUG   [client]  <- read  st2mot     ret=0  data=['0xe8', '0x03']
17:26:12.097  DEBUG   [client]  -> read  st2mot    
17:26:12.100  DEBUG   [client]  <- read  st2mot     ret=0  data=['0xcf', '0x03']
17:26:12.102  DEBUG   [client]  -> read  st0cur    
17:26:12.106  DEBUG   [client]  <- read  st0cur     ret=0  data=['0xf4', '0x01', '0xf6', '0x01']
17:26:12.218  DEBUG   [poll]    -> read  st2mot    
17:26:12.221  DEBUG   [poll]    <- read  st2mot     ret=0  data=['0x01', '0x04']
17:26:12.222  DEBUG   [poll]    -> read  st0cur    
17:26:12.226  DEBUG   [poll]    <- read  st0cur     ret=0  data=['0xf4', '0x01', '0xf6', '0x01']
17:26:12.297  DEBUG   [client]  -> read  st2mot    
17:26:12.300  DEBUG   [client]  <- read  st2mot     ret=0  data=['0xe8', '0x03']
17:26:12.497  DEBUG   [client]  -> read  st2mot    
17:26:12.500  DEBUG   [client]  <- read  st2mot     ret=0  data=['0xe8', '0x03']
17:26:12.697  DEBUG   [client]  -> read  st2mot    
17:26:12.700  DEBUG   [client]  <- read  st2mot     ret=0  data=['0x01', '0x04']
17:26:12.897  DEBUG   [client]  -> read  st2mot    
17:26:12.900  DEBUG   [client]  <- read  st2mot     ret=0  data=['0xe8', '0x03']
17:26:13.097  DEBUG   [client]  -> read  st2mot    
17:26:13.101  DEBUG   [client]  <- read  st2mot     ret=0  data=['0x01', '0x04']
17:26:13.102  DEBUG   [client]  -> read  st0cur    
17:26:13.107  DEBUG   [client]  <- read  st0cur     ret=0  data=['0xf6', '0x01', '0xf6', '0x01']
17:26:13.227  DEBUG   [poll]    -> read  st2mot    
17:26:13.231  DEBUG   [poll]    <- read  st2mot     ret=0  data=['0xcf', '0x03']
17:26:13.231  DEBUG   [poll]    -> read  st0cur    
17:26:13.236  DEBUG   [poll]    <- read  st0cur     ret=0  data=['0xf6', '0x01', '0xf6', '0x01']
17:26:13.297  DEBUG   [client]  -> read  st2mot    
17:26:13.300  DEBUG   [client]  <- read  st2mot     ret=0  data=['0xcf', '0x03']
17:26:13.497  DEBUG   [client]  -> read  st2mot    
17:26:13.500  DEBUG   [client]  <- read  st2mot     ret=0  data=['0x01', '0x04']
17:26:13.697  DEBUG   [client]  -> read  st2mot    
17:26:13.700  DEBUG   [client]  <- read  st2mot     ret=0  data=['0xcf', '0x03']
17:26:13.897  DEBUG   [client]  -> read  st2mot    
17:26:13.900  DEBUG   [client]  <- read  st2mot     ret=0  data=['0x01', '0x04']
17:26:14.097  DEBUG   [client]  -> read  st2mot    
17:26:14.100  DEBUG   [client]  <- read  st2mot     ret=0  data=['0x01', '0x04']
17:26:14.102  DEBUG   [client]  -> read  st0cur    
17:26:14.106  DEBUG   [client]  <- read  st0cur     ret=0  data=['0xf6', '0x01', '0xf6', '0x01']
17:26:14.237  DEBUG   [poll]    -> read  st2mot    
17:26:14.241  DEBUG   [poll]    <- read  st2mot     ret=0  data=['0xe8', '0x03']
17:26:14.242  DEBUG   [poll]    -> read  st0cur    
17:26:14.246  DEBUG   [poll]    <- read  st0cur     ret=0  data=['0xf6', '0x01', '0xf6', '0x01']
17:26:14.297  DEBUG   [client]  -> read  st2mot    
17:26:14.300  DEBUG   [client]  <- read  st2mot     ret=0  data=['0xe8', '0x03']
17:26:14.497  DEBUG   [client]  -> read  st2mot    
17:26:14.500  DEBUG   [client]  <- read  st2mot     ret=0  data=['0x01', '0x04']
17:26:14.697  DEBUG   [client]  -> read  st2mot    
17:26:14.700  DEBUG   [client]  <- read  st2mot     ret=0  data=['0xcf', '0x03']
17:26:14.897  DEBUG   [client]  -> read  st2mot    
17:26:14.900  DEBUG   [client]  <- read  st2mot     ret=0  data=['0xe8', '0x03']
17:26:15.098  DEBUG   [client]  -> read  st2mot    
17:26:15.101  DEBUG   [client]  <- read  st2mot     ret=0  data=['0xcf', '0x03']
17:26:15.103  DEBUG   [client]  -> read  st0cur    
17:26:15.107  DEBUG   [client]  <- read  st0cur     ret=0  data=['0xf5', '0x01', '0xf7', '0x01']
17:26:15.248  DEBUG   [poll]    -> read  st2mot    
17:26:15.251  DEBUG   [poll]    <- read  st2mot     ret=0  data=['0x01', '0x04']
17:26:15.252  DEBUG   [poll]    -> read  st0cur    
17:26:15.256  DEBUG   [poll]    <- read  st0cur     ret=0  data=['0xf5', '0x01', '0xf7', '0x01']
17:26:15.297  DEBUG   [client]  -> read  st2mot    
17:26:15.300  DEBUG   [client]  <- read  st2mot     ret=0  data=['0x01', '0x04']
17:26:15.497  DEBUG   [client]  -> read  st2mot    
17:26:15.500  DEBUG   [client]  <- read  st2mot     ret=0  data=['0xcf', '0x03']
17:26:15.697  DEBUG   [client]  -> read  st2mot    
17:26:15.700  DEBUG   [client]  <- read  st2mot     ret=0  data=['0xe8', '0x03']
17:26:15.897  DEBUG   [client]  -> read  st2mot    
17:26:15.900  DEBUG   [client]  <- read  st2mot     ret=0  data=['0x01', '0x04']
17:26:16.097  DEBUG   [client]  -> read  st2mot    
17:26:16.100  DEBUG   [client]  <- read  st2mot     ret=0  data=['0x01', '0x04']
17:26:16.102  DEBUG   [client]  -> read  st0cur    
17:26:16.106  DEBUG   [client]  <- read  st0cur     ret=0  data=['0xf7', '0x01', '0xf6', '0x01']
17:26:16.258  DEBUG   [poll]    -> read  st2mot    
17:26:16.261  DEBUG   [poll]    <- read  st2mot     ret=0  data=['0xe8', '0x03']
17:26:16.261  DEBUG   [poll]    -> read  st0cur    
17:26:16.266  DEBUG   [poll]    <- read  st0cur     ret=0  data=['0xf7', '0x01', '0xf6', '0x01']
17:26:16.297  DEBUG   [client]  -> read  st2mot    
17:26:16.300  DEBUG   [client]  <- read  st2mot     ret=0  data=['0xcf', '0x03']
17:26:16.497  DEBUG   [client]  -> read  st2mot    
17:26:16.500  DEBUG   [client]  <- read  st2mot     ret=0  data=['0x01', '0x04']
17:26:16.697  DEBUG   [client]  -> read  st2mot    
17:26:16.700  DEBUG   [client]  <- read  st2mot     ret=0  data=['0xe8', '0x03']
17:26:16.897  DEBUG   [client]  -> read  st2mot    
17:26:16.900  DEBUG   [client]  <- read  st2mot     ret=0  data=['0xe8', '0x03']
17:26:16.902  DEBUG   [client]  -> write cntl3mot   data=['0x03', '0x20']
17:26:17.158  DEBUG   [client]  -> write cntl3mot   data=['0x02', '0x58']
17:26:17.267  DEBUG   [poll]    -> read  st2mot    
17:26:17.271  DEBUG   [poll]    <- read  st2mot     ret=0  data=['0xd5', '0x02']
17:26:17.271  DEBUG   [poll]    -> read  st0cur    
17:26:17.275  DEBUG   [poll]    <- read  st0cur     ret=0  data=['0xf6', '0x01', '0xf6', '0x01']
17:26:17.413  DEBUG   [client]  -> write cntl3mot   data=['0x01', '0x90']
17:26:17.669  DEBUG   [client]  -> write cntl3mot   data=['0x00', '0xc8']
17:26:17.924  DEBUG   [client]  -> write cntl3mot   data=['0x00', '0x00']
17:26:17.929  WARNING client disconnected — stopping motor
17:26:17.929  DEBUG   [client]  -> write cntl3mot   data=['0x00', '0x00']
17:26:17.933  INFO    client disconnected
17:26:18.277  DEBUG   [poll]    -> read  st2mot    
17:26:18.280  DEBUG   [poll]    <- read  st2mot     ret=0  data=['0x00', '0x00']
17:26:18.280  DEBUG   [poll]    -> read  st0cur    
17:26:18.284  DEBUG   [poll]    <- read  st0cur     ret=0  data=['0xf9', '0x01', '0xfc', '0x01']
17:26:18.285  WARNING *** OBSERVED STALL SIGNATURE (not acted on yet) — current=-0.34A while rpm=0 ***
17:26:19.286  DEBUG   [poll]    -> read  st2mot    
17:26:19.290  DEBUG   [poll]    <- read  st2mot     ret=0  data=['0x00', '0x00']
17:26:19.291  DEBUG   [poll]    -> read  st0cur    
17:26:19.295  DEBUG   [poll]    <- read  st0cur     ret=0  data=['0xfd', '0x01', '0x01', '0x02']
17:26:20.297  DEBUG   [poll]    -> read  st2mot    
17:26:20.300  DEBUG   [poll]    <- read  st2mot     ret=0  data=['0x00', '0x00']
17:26:20.301  DEBUG   [poll]    -> read  st0cur    
17:26:20.305  DEBUG   [poll]    <- read  st0cur     ret=0  data=['0xfe', '0x01', '0x01', '0x02']
17:26:21.306  DEBUG   [poll]    -> read  st2mot    
17:26:21.310  DEBUG   [poll]    <- read  st2mot     ret=0  data=['0x00', '0x00']
17:26:21.310  DEBUG   [poll]    -> read  st0cur    
17:26:21.314  DEBUG   [poll]    <- read  st0cur     ret=0  data=['0xfe', '0x01', '0x01', '0x02']
17:26:22.316  DEBUG   [poll]    -> read  st2mot    
17:26:22.319  DEBUG   [poll]    <- read  st2mot     ret=0  data=['0x00', '0x00']
17:26:22.320  DEBUG   [poll]    -> read  st0cur    
17:26:22.324  DEBUG   [poll]    <- read  st0cur     ret=0  data=['0xfe', '0x01', '0x01', '0x02']
17:26:22.831  INFO    client connected
17:26:22.832  DEBUG   [client]  -> write cntl0mot   data=['0x03', '0x00']
17:26:22.836  DEBUG   [client]  -> write cntl3mot   data=['0x00', '0x00']
17:26:22.839  DEBUG   [client]  -> write cntl3mot   data=['0x03', '0xe8']
17:26:22.843  DEBUG   [client]  -> read  st2mot    
17:26:22.848  DEBUG   [client]  <- read  st2mot     ret=0  data=['0x00', '0x00']
17:26:22.849  DEBUG   [client]  -> read  st0cur    
17:26:22.853  DEBUG   [client]  <- read  st0cur     ret=0  data=['0xfe', '0x01', '0x01', '0x02']
17:26:23.044  DEBUG   [client]  -> read  st2mot    
17:26:23.047  DEBUG   [client]  <- read  st2mot     ret=0  data=['0xfa', '0x00']
17:26:23.244  DEBUG   [client]  -> read  st2mot    
17:26:23.247  DEBUG   [client]  <- read  st2mot     ret=0  data=['0x07', '0x03']
17:26:23.325  DEBUG   [poll]    -> read  st2mot    
17:26:23.329  DEBUG   [poll]    <- read  st2mot     ret=0  data=['0xa3', '0x02']
17:26:23.329  DEBUG   [poll]    -> read  st0cur    
17:26:23.333  DEBUG   [poll]    <- read  st0cur     ret=0  data=['0xfc', '0x01', '0xff', '0x01']
17:26:23.444  DEBUG   [client]  -> read  st2mot    
17:26:23.448  DEBUG   [client]  <- read  st2mot     ret=0  data=['0x71', '0x02']
17:26:23.644  DEBUG   [client]  -> read  st2mot    
17:26:23.648  DEBUG   [client]  <- read  st2mot     ret=0  data=['0x84', '0x03']
17:26:23.844  DEBUG   [client]  -> read  st2mot    
17:26:23.848  DEBUG   [client]  <- read  st2mot     ret=0  data=['0x6b', '0x03']
17:26:23.849  DEBUG   [client]  -> read  st0cur    
17:26:23.854  DEBUG   [client]  <- read  st0cur     ret=0  data=['0xfc', '0x01', '0xff', '0x01']
17:26:24.044  DEBUG   [client]  -> read  st2mot    
17:26:24.048  DEBUG   [client]  <- read  st2mot     ret=0  data=['0x9d', '0x03']
17:26:24.244  DEBUG   [client]  -> read  st2mot    
17:26:24.248  DEBUG   [client]  <- read  st2mot     ret=0  data=['0xb6', '0x03']
17:26:24.334  DEBUG   [poll]    -> read  st2mot    
17:26:24.339  DEBUG   [poll]    <- read  st2mot     ret=0  data=['0x9d', '0x03']
17:26:24.340  DEBUG   [poll]    -> read  st0cur    
17:26:24.344  DEBUG   [poll]    <- read  st0cur     ret=0  data=['0xf4', '0x01', '0xf7', '0x01']
17:26:24.444  DEBUG   [client]  -> read  st2mot    
17:26:24.447  DEBUG   [client]  <- read  st2mot     ret=0  data=['0xb6', '0x03']
17:26:24.644  DEBUG   [client]  -> read  st2mot    
17:26:24.648  DEBUG   [client]  <- read  st2mot     ret=0  data=['0xe8', '0x03']
17:26:24.844  DEBUG   [client]  -> read  st2mot    
17:26:24.848  DEBUG   [client]  <- read  st2mot     ret=0  data=['0xe8', '0x03']
17:26:24.849  DEBUG   [client]  -> read  st0cur    
17:26:24.854  DEBUG   [client]  <- read  st0cur     ret=0  data=['0xf4', '0x01', '0xf7', '0x01']
17:26:25.044  DEBUG   [client]  -> read  st2mot    
17:26:25.048  DEBUG   [client]  <- read  st2mot     ret=0  data=['0xe8', '0x03']
17:26:25.244  DEBUG   [client]  -> read  st2mot    
17:26:25.248  DEBUG   [client]  <- read  st2mot     ret=0  data=['0xcf', '0x03']
17:26:25.345  DEBUG   [poll]    -> read  st2mot    
17:26:25.349  DEBUG   [poll]    <- read  st2mot     ret=0  data=['0xcf', '0x03']
17:26:25.349  DEBUG   [poll]    -> read  st0cur    
17:26:25.354  DEBUG   [poll]    <- read  st0cur     ret=0  data=['0xf5', '0x01', '0xf7', '0x01']
17:26:25.444  DEBUG   [client]  -> read  st2mot    
17:26:25.447  DEBUG   [client]  <- read  st2mot     ret=0  data=['0x01', '0x04']
17:26:25.644  DEBUG   [client]  -> read  st2mot    
17:26:25.648  DEBUG   [client]  <- read  st2mot     ret=0  data=['0xcf', '0x03']
17:26:25.844  DEBUG   [client]  -> read  st2mot    
17:26:25.848  DEBUG   [client]  <- read  st2mot     ret=0  data=['0xe8', '0x03']
17:26:25.849  DEBUG   [client]  -> read  st0cur    
17:26:25.854  DEBUG   [client]  <- read  st0cur     ret=0  data=['0xf5', '0x01', '0xf7', '0x01']
17:26:26.044  DEBUG   [client]  -> read  st2mot    
17:26:26.048  DEBUG   [client]  <- read  st2mot     ret=0  data=['0xe8', '0x03']
17:26:26.244  DEBUG   [client]  -> read  st2mot    
17:26:26.248  DEBUG   [client]  <- read  st2mot     ret=0  data=['0xe8', '0x03']
17:26:26.355  DEBUG   [poll]    -> read  st2mot    
17:26:26.359  DEBUG   [poll]    <- read  st2mot     ret=0  data=['0xe8', '0x03']
17:26:26.359  DEBUG   [poll]    -> read  st0cur    
17:26:26.363  DEBUG   [poll]    <- read  st0cur     ret=0  data=['0xf6', '0x01', '0xf7', '0x01']
17:26:26.444  DEBUG   [client]  -> read  st2mot    
17:26:26.447  DEBUG   [client]  <- read  st2mot     ret=0  data=['0xe8', '0x03']
17:26:26.644  DEBUG   [client]  -> read  st2mot    
17:26:26.648  DEBUG   [client]  <- read  st2mot     ret=0  data=['0xe8', '0x03']
17:26:26.844  DEBUG   [client]  -> read  st2mot    
17:26:26.848  DEBUG   [client]  <- read  st2mot     ret=0  data=['0xe8', '0x03']
17:26:26.850  DEBUG   [client]  -> read  st0cur    
17:26:26.854  DEBUG   [client]  <- read  st0cur     ret=0  data=['0xf6', '0x01', '0xf7', '0x01']
17:26:27.044  DEBUG   [client]  -> read  st2mot    
17:26:27.048  DEBUG   [client]  <- read  st2mot     ret=0  data=['0xe8', '0x03']
17:26:27.244  DEBUG   [client]  -> read  st2mot    
17:26:27.248  DEBUG   [client]  <- read  st2mot     ret=0  data=['0xe8', '0x03']
17:26:27.365  DEBUG   [poll]    -> read  st2mot    
17:26:27.368  DEBUG   [poll]    <- read  st2mot     ret=0  data=['0xcf', '0x03']
17:26:27.368  DEBUG   [poll]    -> read  st0cur    
17:26:27.373  DEBUG   [poll]    <- read  st0cur     ret=0  data=['0xf5', '0x01', '0xf7', '0x01']
17:26:27.444  DEBUG   [client]  -> read  st2mot    
17:26:27.448  DEBUG   [client]  <- read  st2mot     ret=0  data=['0xe8', '0x03']
17:26:27.644  DEBUG   [client]  -> read  st2mot    
17:26:27.648  DEBUG   [client]  <- read  st2mot     ret=0  data=['0xcf', '0x03']
17:26:27.844  DEBUG   [client]  -> read  st2mot    
17:26:27.848  DEBUG   [client]  <- read  st2mot     ret=0  data=['0xe8', '0x03']
17:26:27.849  DEBUG   [client]  -> read  st0cur    
17:26:27.854  DEBUG   [client]  <- read  st0cur     ret=0  data=['0xf5', '0x01', '0xf7', '0x01']
17:26:28.044  DEBUG   [client]  -> read  st2mot    
17:26:28.048  DEBUG   [client]  <- read  st2mot     ret=0  data=['0xe8', '0x03']
17:26:28.244  DEBUG   [client]  -> read  st2mot    
17:26:28.248  DEBUG   [client]  <- read  st2mot     ret=0  data=['0xe8', '0x03']
17:26:28.374  DEBUG   [poll]    -> read  st2mot    
17:26:28.378  DEBUG   [poll]    <- read  st2mot     ret=0  data=['0x01', '0x04']
17:26:28.378  DEBUG   [poll]    -> read  st0cur    
17:26:28.382  DEBUG   [poll]    <- read  st0cur     ret=0  data=['0xf5', '0x01', '0xf7', '0x01']
17:26:28.444  DEBUG   [client]  -> read  st2mot    
17:26:28.447  DEBUG   [client]  <- read  st2mot     ret=0  data=['0x01', '0x04']
17:26:28.644  DEBUG   [client]  -> read  st2mot    
17:26:28.648  DEBUG   [client]  <- read  st2mot     ret=0  data=['0xe8', '0x03']
17:26:28.844  DEBUG   [client]  -> read  st2mot    
17:26:28.848  DEBUG   [client]  <- read  st2mot     ret=0  data=['0x01', '0x04']
17:26:28.849  DEBUG   [client]  -> read  st0cur    
17:26:28.854  DEBUG   [client]  <- read  st0cur     ret=0  data=['0xf5', '0x01', '0xf7', '0x01']
17:26:29.044  DEBUG   [client]  -> read  st2mot    
17:26:29.047  DEBUG   [client]  <- read  st2mot     ret=0  data=['0x01', '0x04']
17:26:29.244  DEBUG   [client]  -> read  st2mot    
17:26:29.248  DEBUG   [client]  <- read  st2mot     ret=0  data=['0xe8', '0x03']
17:26:29.384  DEBUG   [poll]    -> read  st2mot    
17:26:29.387  DEBUG   [poll]    <- read  st2mot     ret=0  data=['0xe8', '0x03']
17:26:29.389  DEBUG   [poll]    -> read  st0cur    
17:26:29.393  DEBUG   [poll]    <- read  st0cur     ret=0  data=['0xf5', '0x01', '0xf7', '0x01']
17:26:29.444  DEBUG   [client]  -> read  st2mot    
17:26:29.447  DEBUG   [client]  <- read  st2mot     ret=0  data=['0xe8', '0x03']
17:26:29.644  DEBUG   [client]  -> read  st2mot    
17:26:29.648  DEBUG   [client]  <- read  st2mot     ret=0  data=['0x01', '0x04']
17:26:29.649  DEBUG   [client]  -> write cntl3mot   data=['0x03', '0x20']
17:26:29.905  DEBUG   [client]  -> write cntl3mot   data=['0x02', '0x58']
17:26:30.161  DEBUG   [client]  -> write cntl3mot   data=['0x01', '0x90']
17:26:30.395  DEBUG   [poll]    -> read  st2mot    
17:26:30.398  DEBUG   [poll]    <- read  st2mot     ret=0  data=['0x77', '0x01']
17:26:30.399  DEBUG   [poll]    -> read  st0cur    
17:26:30.403  DEBUG   [poll]    <- read  st0cur     ret=0  data=['0xf7', '0x01', '0xf7', '0x01']
17:26:30.416  DEBUG   [client]  -> write cntl3mot   data=['0x00', '0xc8']
17:26:30.672  DEBUG   [client]  -> write cntl3mot   data=['0x00', '0x00']
17:26:30.676  WARNING client disconnected — stopping motor
17:26:30.677  DEBUG   [client]  -> write cntl3mot   data=['0x00', '0x00']
17:26:30.681  INFO    client disconnected
17:26:31.404  DEBUG   [poll]    -> read  st2mot    
17:26:31.408  DEBUG   [poll]    <- read  st2mot     ret=0  data=['0x00', '0x00']
17:26:31.408  DEBUG   [poll]    -> read  st0cur    
17:26:31.413  DEBUG   [poll]    <- read  st0cur     ret=0  data=['0xfc', '0x01', '0xfe', '0x01']
17:26:31.413  WARNING *** OBSERVED STALL SIGNATURE (not acted on yet) — current=-0.20A while rpm=0 ***
17:26:32.415  DEBUG   [poll]    -> read  st2mot    
17:26:32.418  DEBUG   [poll]    <- read  st2mot     ret=0  data=['0x00', '0x00']
17:26:32.418  DEBUG   [poll]    -> read  st0cur    
17:26:32.423  DEBUG   [poll]    <- read  st0cur     ret=0  data=['0xfe', '0x01', '0x01', '0x02']
17:26:33.424  DEBUG   [poll]    -> read  st2mot    
17:26:33.428  DEBUG   [poll]    <- read  st2mot     ret=0  data=['0x00', '0x00']
17:26:33.428  DEBUG   [poll]    -> read  st0cur    
17:26:33.432  DEBUG   [poll]    <- read  st0cur     ret=0  data=['0xfe', '0x01', '0x01', '0x02']
17:26:34.434  DEBUG   [poll]    -> read  st2mot    
17:26:34.437  DEBUG   [poll]    <- read  st2mot     ret=0  data=['0x00', '0x00']
17:26:34.438  DEBUG   [poll]    -> read  st0cur    
17:26:34.442  DEBUG   [poll]    <- read  st0cur     ret=0  data=['0xfe', '0x01', '0x02', '0x02']
17:26:35.443  DEBUG   [poll]    -> read  st2mot    
17:26:35.447  DEBUG   [poll]    <- read  st2mot     ret=0  data=['0x00', '0x00']
17:26:35.447  DEBUG   [poll]    -> read  st0cur    
17:26:35.451  DEBUG   [poll]    <- read  st0cur     ret=0  data=['0xfe', '0x01', '0x01', '0x02']
17:26:35.636  INFO    client connected
17:26:35.637  DEBUG   [client]  -> write cntl0mot   data=['0xfd', '0x03']
17:26:35.641  DEBUG   [client]  -> write cntl3mot   data=['0x00', '0x00']
17:26:35.644  DEBUG   [client]  -> write cntl3mot   data=['0x03', '0xe8']
17:26:35.648  DEBUG   [client]  -> read  st2mot    
17:26:35.652  DEBUG   [client]  <- read  st2mot     ret=0  data=['0x00', '0x00']
17:26:35.653  DEBUG   [client]  -> read  st0cur    
17:26:35.657  DEBUG   [client]  <- read  st0cur     ret=0  data=['0xfe', '0x01', '0x01', '0x02']
17:26:35.849  DEBUG   [client]  -> read  st2mot    
17:26:35.852  DEBUG   [client]  <- read  st2mot     ret=0  data=['0x00', '0x00']
17:26:36.049  DEBUG   [client]  -> read  st2mot    
17:26:36.052  DEBUG   [client]  <- read  st2mot     ret=0  data=['0xf4', '0x01']
17:26:36.249  DEBUG   [client]  -> read  st2mot    
17:26:36.252  DEBUG   [client]  <- read  st2mot     ret=0  data=['0xcf', '0x03']
17:26:36.449  DEBUG   [client]  -> read  st2mot    
17:26:36.453  DEBUG   [client]  <- read  st2mot     ret=0  data=['0x84', '0x03']
17:26:36.453  DEBUG   [poll]    -> read  st2mot    
17:26:36.457  DEBUG   [poll]    <- read  st2mot     ret=0  data=['0x84', '0x03']
17:26:36.457  DEBUG   [poll]    -> read  st0cur    
17:26:36.461  DEBUG   [poll]    <- read  st0cur     ret=0  data=['0xf9', '0x01', '0xfb', '0x01']
17:26:36.649  DEBUG   [client]  -> read  st2mot    
17:26:36.653  DEBUG   [client]  <- read  st2mot     ret=0  data=['0x9d', '0x03']
17:26:36.654  DEBUG   [client]  -> read  st0cur    
17:26:36.659  DEBUG   [client]  <- read  st0cur     ret=0  data=['0xf9', '0x01', '0xfb', '0x01']
17:26:36.849  DEBUG   [client]  -> read  st2mot    
17:26:36.853  DEBUG   [client]  <- read  st2mot     ret=0  data=['0xcf', '0x03']
17:26:37.049  DEBUG   [client]  -> read  st2mot    
17:26:37.053  DEBUG   [client]  <- read  st2mot     ret=0  data=['0xe8', '0x03']
17:26:37.249  DEBUG   [client]  -> read  st2mot    
17:26:37.253  DEBUG   [client]  <- read  st2mot     ret=0  data=['0xe8', '0x03']
17:26:37.449  DEBUG   [client]  -> read  st2mot    
17:26:37.453  DEBUG   [client]  <- read  st2mot     ret=0  data=['0xcf', '0x03']
17:26:37.463  DEBUG   [poll]    -> read  st2mot    
17:26:37.466  DEBUG   [poll]    <- read  st2mot     ret=0  data=['0xcf', '0x03']
17:26:37.467  DEBUG   [poll]    -> read  st0cur    
17:26:37.471  DEBUG   [poll]    <- read  st0cur     ret=0  data=['0xf6', '0x01', '0xf7', '0x01']
17:26:37.649  DEBUG   [client]  -> read  st2mot    
17:26:37.653  DEBUG   [client]  <- read  st2mot     ret=0  data=['0xcf', '0x03']
17:26:37.654  DEBUG   [client]  -> read  st0cur    
17:26:37.659  DEBUG   [client]  <- read  st0cur     ret=0  data=['0xf6', '0x01', '0xf7', '0x01']
17:26:37.849  DEBUG   [client]  -> read  st2mot    
17:26:37.853  DEBUG   [client]  <- read  st2mot     ret=0  data=['0xe8', '0x03']
17:26:38.049  DEBUG   [client]  -> read  st2mot    
17:26:38.053  DEBUG   [client]  <- read  st2mot     ret=0  data=['0xe8', '0x03']
17:26:38.249  DEBUG   [client]  -> read  st2mot    
17:26:38.253  DEBUG   [client]  <- read  st2mot     ret=0  data=['0x01', '0x04']
17:26:38.449  DEBUG   [client]  -> read  st2mot    
17:26:38.453  DEBUG   [client]  <- read  st2mot     ret=0  data=['0xb6', '0x03']
17:26:38.472  DEBUG   [poll]    -> read  st2mot    
17:26:38.476  DEBUG   [poll]    <- read  st2mot     ret=0  data=['0xb6', '0x03']
17:26:38.476  DEBUG   [poll]    -> read  st0cur    
17:26:38.481  DEBUG   [poll]    <- read  st0cur     ret=0  data=['0xf5', '0x01', '0xf7', '0x01']
17:26:38.649  DEBUG   [client]  -> read  st2mot    
17:26:38.653  DEBUG   [client]  <- read  st2mot     ret=0  data=['0x01', '0x04']
17:26:38.654  DEBUG   [client]  -> read  st0cur    
17:26:38.659  DEBUG   [client]  <- read  st0cur     ret=0  data=['0xf5', '0x01', '0xf7', '0x01']
17:26:38.849  DEBUG   [client]  -> read  st2mot    
17:26:38.853  DEBUG   [client]  <- read  st2mot     ret=0  data=['0xcf', '0x03']
17:26:39.049  DEBUG   [client]  -> read  st2mot    
17:26:39.053  DEBUG   [client]  <- read  st2mot     ret=0  data=['0x01', '0x04']
17:26:39.249  DEBUG   [client]  -> read  st2mot    
17:26:39.253  DEBUG   [client]  <- read  st2mot     ret=0  data=['0xcf', '0x03']
17:26:39.454  DEBUG   [client]  -> read  st2mot    
17:26:39.457  DEBUG   [client]  <- read  st2mot     ret=0  data=['0xe8', '0x03']
17:26:39.483  DEBUG   [poll]    -> read  st2mot    
17:26:39.486  DEBUG   [poll]    <- read  st2mot     ret=0  data=['0xe8', '0x03']
17:26:39.486  DEBUG   [poll]    -> read  st0cur    
17:26:39.491  DEBUG   [poll]    <- read  st0cur     ret=0  data=['0xf6', '0x01', '0xf5', '0x01']
17:26:39.649  DEBUG   [client]  -> read  st2mot    
17:26:39.652  DEBUG   [client]  <- read  st2mot     ret=0  data=['0xe8', '0x03']
17:26:39.654  DEBUG   [client]  -> read  st0cur    
17:26:39.659  DEBUG   [client]  <- read  st0cur     ret=0  data=['0xf6', '0x01', '0xf5', '0x01']
17:26:39.849  DEBUG   [client]  -> read  st2mot    
17:26:39.853  DEBUG   [client]  <- read  st2mot     ret=0  data=['0xe8', '0x03']
17:26:40.049  DEBUG   [client]  -> read  st2mot    
17:26:40.053  DEBUG   [client]  <- read  st2mot     ret=0  data=['0xcf', '0x03']
17:26:40.249  DEBUG   [client]  -> read  st2mot    
17:26:40.253  DEBUG   [client]  <- read  st2mot     ret=0  data=['0xe8', '0x03']
17:26:40.449  DEBUG   [client]  -> read  st2mot    
17:26:40.453  DEBUG   [client]  <- read  st2mot     ret=0  data=['0xcf', '0x03']
17:26:40.492  DEBUG   [poll]    -> read  st2mot    
17:26:40.496  DEBUG   [poll]    <- read  st2mot     ret=0  data=['0xcf', '0x03']
17:26:40.496  DEBUG   [poll]    -> read  st0cur    
17:26:40.500  DEBUG   [poll]    <- read  st0cur     ret=0  data=['0xf6', '0x01', '0xf7', '0x01']
17:26:40.649  DEBUG   [client]  -> read  st2mot    
17:26:40.653  DEBUG   [client]  <- read  st2mot     ret=0  data=['0xe8', '0x03']
17:26:40.654  DEBUG   [client]  -> read  st0cur    
17:26:40.659  DEBUG   [client]  <- read  st0cur     ret=0  data=['0xf6', '0x01', '0xf7', '0x01']
17:26:40.849  DEBUG   [client]  -> read  st2mot    
17:26:40.853  DEBUG   [client]  <- read  st2mot     ret=0  data=['0x01', '0x04']
17:26:41.049  DEBUG   [client]  -> read  st2mot    
17:26:41.053  DEBUG   [client]  <- read  st2mot     ret=0  data=['0x01', '0x04']
17:26:41.249  DEBUG   [client]  -> read  st2mot    
17:26:41.253  DEBUG   [client]  <- read  st2mot     ret=0  data=['0xe8', '0x03']
17:26:41.449  DEBUG   [client]  -> read  st2mot    
17:26:41.453  DEBUG   [client]  <- read  st2mot     ret=0  data=['0xe8', '0x03']
17:26:41.502  DEBUG   [poll]    -> read  st2mot    
17:26:41.505  DEBUG   [poll]    <- read  st2mot     ret=0  data=['0x01', '0x04']
17:26:41.506  DEBUG   [poll]    -> read  st0cur    
17:26:41.510  DEBUG   [poll]    <- read  st0cur     ret=0  data=['0xf4', '0x01', '0xf7', '0x01']
17:26:41.649  DEBUG   [client]  -> read  st2mot    
17:26:41.652  DEBUG   [client]  <- read  st2mot     ret=0  data=['0xe8', '0x03']
17:26:41.654  DEBUG   [client]  -> read  st0cur    
17:26:41.659  DEBUG   [client]  <- read  st0cur     ret=0  data=['0xf4', '0x01', '0xf7', '0x01']
17:26:41.849  DEBUG   [client]  -> read  st2mot    
17:26:41.853  DEBUG   [client]  <- read  st2mot     ret=0  data=['0xe8', '0x03']
17:26:42.049  DEBUG   [client]  -> read  st2mot    
17:26:42.053  DEBUG   [client]  <- read  st2mot     ret=0  data=['0xe8', '0x03']
17:26:42.249  DEBUG   [client]  -> read  st2mot    
17:26:42.253  DEBUG   [client]  <- read  st2mot     ret=0  data=['0x01', '0x04']
17:26:42.449  DEBUG   [client]  -> read  st2mot    
17:26:42.453  DEBUG   [client]  <- read  st2mot     ret=0  data=['0xcf', '0x03']
17:26:42.454  DEBUG   [client]  -> write cntl3mot   data=['0x03', '0x20']
17:26:42.511  DEBUG   [poll]    -> read  st2mot    
17:26:42.515  DEBUG   [poll]    <- read  st2mot     ret=0  data=['0xcf', '0x03']
17:26:42.515  DEBUG   [poll]    -> read  st0cur    
17:26:42.520  DEBUG   [poll]    <- read  st0cur     ret=0  data=['0xf6', '0x01', '0xf5', '0x01']
17:26:42.710  DEBUG   [client]  -> write cntl3mot   data=['0x02', '0x58']
17:26:42.966  DEBUG   [client]  -> write cntl3mot   data=['0x01', '0x90']
17:26:43.221  DEBUG   [client]  -> write cntl3mot   data=['0x00', '0xc8']
17:26:43.477  DEBUG   [client]  -> write cntl3mot   data=['0x00', '0x00']
17:26:43.481  WARNING client disconnected — stopping motor
17:26:43.483  DEBUG   [client]  -> write cntl3mot   data=['0x00', '0x00']
17:26:43.487  INFO    client disconnected
17:26:43.521  DEBUG   [poll]    -> read  st2mot    
17:26:43.525  DEBUG   [poll]    <- read  st2mot     ret=0  data=['0xaf', '0x00']
17:26:43.525  DEBUG   [poll]    -> read  st0cur    
17:26:43.530  DEBUG   [poll]    <- read  st0cur     ret=0  data=['0xf7', '0x01', '0xf8', '0x01']
17:26:44.532  DEBUG   [poll]    -> read  st2mot    
17:26:44.536  DEBUG   [poll]    <- read  st2mot     ret=0  data=['0x00', '0x00']
17:26:44.539  DEBUG   [poll]    -> read  st0cur    
17:26:44.543  DEBUG   [poll]    <- read  st0cur     ret=0  data=['0xfd', '0x01', '0x00', '0x02']
17:26:45.544  DEBUG   [poll]    -> read  st2mot    
17:26:45.547  DEBUG   [poll]    <- read  st2mot     ret=0  data=['0x00', '0x00']
17:26:45.548  DEBUG   [poll]    -> read  st0cur    
17:26:45.551  DEBUG   [poll]    <- read  st0cur     ret=0  data=['0xfe', '0x01', '0x01', '0x02']
17:26:46.553  DEBUG   [poll]    -> read  st2mot    
17:26:46.556  DEBUG   [poll]    <- read  st2mot     ret=0  data=['0x00', '0x00']
17:26:46.557  DEBUG   [poll]    -> read  st0cur    
17:26:46.561  DEBUG   [poll]    <- read  st0cur     ret=0  data=['0xfe', '0x01', '0x01', '0x02']
17:26:47.563  DEBUG   [poll]    -> read  st2mot    
17:26:47.566  DEBUG   [poll]    <- read  st2mot     ret=0  data=['0x00', '0x00']
17:26:47.566  DEBUG   [poll]    -> read  st0cur    
17:26:47.570  DEBUG   [poll]    <- read  st0cur     ret=0  data=['0xfe', '0x01', '0x01', '0x02']
17:26:48.572  DEBUG   [poll]    -> read  st2mot    
17:26:48.575  DEBUG   [poll]    <- read  st2mot     ret=0  data=['0x00', '0x00']
17:26:48.576  DEBUG   [poll]    -> read  st0cur    
17:26:48.580  DEBUG   [poll]    <- read  st0cur     ret=0  data=['0xfe', '0x01', '0x01', '0x02']
17:26:49.581  DEBUG   [poll]    -> read  st2mot    
17:26:49.585  DEBUG   [poll]    <- read  st2mot     ret=0  data=['0x00', '0x00']
17:26:49.586  DEBUG   [poll]    -> read  st0cur    
17:26:49.590  DEBUG   [poll]    <- read  st0cur     ret=0  data=['0xfe', '0x01', '0x01', '0x02']
17:26:50.449  INFO    client connected
17:26:50.450  DEBUG   [client]  -> write cntl0mot   data=['0x00', '0x03']
17:26:50.454  DEBUG   [client]  -> write cntl3mot   data=['0x00', '0x00']
17:26:50.458  DEBUG   [client]  -> write cntl3mot   data=['0x03', '0xe8']
17:26:50.461  DEBUG   [client]  -> read  st2mot    
17:26:50.464  DEBUG   [client]  <- read  st2mot     ret=0  data=['0x00', '0x00']
17:26:50.466  DEBUG   [client]  -> read  st0cur    
17:26:50.470  DEBUG   [client]  <- read  st0cur     ret=0  data=['0xfe', '0x01', '0x01', '0x02']
17:26:50.591  DEBUG   [poll]    -> read  st2mot    
17:26:50.594  DEBUG   [poll]    <- read  st2mot     ret=0  data=['0x00', '0x00']
17:26:50.595  DEBUG   [poll]    -> read  st0cur    
17:26:50.598  DEBUG   [poll]    <- read  st0cur     ret=0  data=['0xfe', '0x01', '0x01', '0x02']
17:26:50.662  DEBUG   [client]  -> read  st2mot    
17:26:50.665  DEBUG   [client]  <- read  st2mot     ret=0  data=['0x00', '0x00']
17:26:50.862  DEBUG   [client]  -> read  st2mot    
17:26:50.865  DEBUG   [client]  <- read  st2mot     ret=0  data=['0xa3', '0x02']
17:26:51.062  DEBUG   [client]  -> read  st2mot    
17:26:51.065  DEBUG   [client]  <- read  st2mot     ret=0  data=['0xb6', '0x03']
17:26:51.262  DEBUG   [client]  -> read  st2mot    
17:26:51.266  DEBUG   [client]  <- read  st2mot     ret=0  data=['0x20', '0x03']
17:26:51.462  DEBUG   [client]  -> read  st2mot    
17:26:51.466  DEBUG   [client]  <- read  st2mot     ret=0  data=['0xb6', '0x03']
17:26:51.467  DEBUG   [client]  -> read  st0cur    
17:26:51.472  DEBUG   [client]  <- read  st0cur     ret=0  data=['0xf6', '0x01', '0xf7', '0x01']
17:26:51.599  DEBUG   [poll]    -> read  st2mot    
17:26:51.603  DEBUG   [poll]    <- read  st2mot     ret=0  data=['0xe8', '0x03']
17:26:51.603  DEBUG   [poll]    -> read  st0cur    
17:26:51.607  DEBUG   [poll]    <- read  st0cur     ret=0  data=['0xf6', '0x01', '0xf7', '0x01']
17:26:51.662  DEBUG   [client]  -> read  st2mot    
17:26:51.665  DEBUG   [client]  <- read  st2mot     ret=0  data=['0xe8', '0x03']
17:26:51.862  DEBUG   [client]  -> read  st2mot    
17:26:51.866  DEBUG   [client]  <- read  st2mot     ret=0  data=['0xb6', '0x03']
17:26:52.062  DEBUG   [client]  -> read  st2mot    
17:26:52.066  DEBUG   [client]  <- read  st2mot     ret=0  data=['0xe8', '0x03']
17:26:52.262  DEBUG   [client]  -> read  st2mot    
17:26:52.266  DEBUG   [client]  <- read  st2mot     ret=0  data=['0xe8', '0x03']
17:26:52.462  DEBUG   [client]  -> read  st2mot    
17:26:52.466  DEBUG   [client]  <- read  st2mot     ret=0  data=['0xcf', '0x03']
17:26:52.467  DEBUG   [client]  -> read  st0cur    
17:26:52.472  DEBUG   [client]  <- read  st0cur     ret=0  data=['0xf6', '0x01', '0xf6', '0x01']
17:26:52.609  DEBUG   [poll]    -> read  st2mot    
17:26:52.612  DEBUG   [poll]    <- read  st2mot     ret=0  data=['0x01', '0x04']
17:26:52.612  DEBUG   [poll]    -> read  st0cur    
17:26:52.617  DEBUG   [poll]    <- read  st0cur     ret=0  data=['0xf6', '0x01', '0xf6', '0x01']
17:26:52.662  DEBUG   [client]  -> read  st2mot    
17:26:52.665  DEBUG   [client]  <- read  st2mot     ret=0  data=['0xcf', '0x03']
17:26:52.862  DEBUG   [client]  -> read  st2mot    
17:26:52.866  DEBUG   [client]  <- read  st2mot     ret=0  data=['0x01', '0x04']
17:26:53.062  DEBUG   [client]  -> read  st2mot    
17:26:53.066  DEBUG   [client]  <- read  st2mot     ret=0  data=['0xe8', '0x03']
17:26:53.262  DEBUG   [client]  -> read  st2mot    
17:26:53.266  DEBUG   [client]  <- read  st2mot     ret=0  data=['0xe8', '0x03']
17:26:53.462  DEBUG   [client]  -> read  st2mot    
17:26:53.466  DEBUG   [client]  <- read  st2mot     ret=0  data=['0xe8', '0x03']
17:26:53.467  DEBUG   [client]  -> read  st0cur    
17:26:53.472  DEBUG   [client]  <- read  st0cur     ret=0  data=['0xf5', '0x01', '0xf7', '0x01']
17:26:53.618  DEBUG   [poll]    -> read  st2mot    
17:26:53.621  DEBUG   [poll]    <- read  st2mot     ret=0  data=['0x01', '0x04']
17:26:53.622  DEBUG   [poll]    -> read  st0cur    
17:26:53.626  DEBUG   [poll]    <- read  st0cur     ret=0  data=['0xf5', '0x01', '0xf7', '0x01']
17:26:53.662  DEBUG   [client]  -> read  st2mot    
17:26:53.665  DEBUG   [client]  <- read  st2mot     ret=0  data=['0xe8', '0x03']
17:26:53.862  DEBUG   [client]  -> read  st2mot    
17:26:53.866  DEBUG   [client]  <- read  st2mot     ret=0  data=['0xe8', '0x03']
17:26:54.062  DEBUG   [client]  -> read  st2mot    
17:26:54.066  DEBUG   [client]  <- read  st2mot     ret=0  data=['0xe8', '0x03']
17:26:54.262  DEBUG   [client]  -> read  st2mot    
17:26:54.266  DEBUG   [client]  <- read  st2mot     ret=0  data=['0xe8', '0x03']
17:26:54.462  DEBUG   [client]  -> read  st2mot    
17:26:54.466  DEBUG   [client]  <- read  st2mot     ret=0  data=['0xe8', '0x03']
17:26:54.467  DEBUG   [client]  -> read  st0cur    
17:26:54.472  DEBUG   [client]  <- read  st0cur     ret=0  data=['0xf6', '0x01', '0xf6', '0x01']
17:26:54.627  DEBUG   [poll]    -> read  st2mot    
17:26:54.635  DEBUG   [poll]    <- read  st2mot     ret=0  data=['0xe8', '0x03']
17:26:54.636  DEBUG   [poll]    -> read  st0cur    
17:26:54.640  DEBUG   [poll]    <- read  st0cur     ret=0  data=['0xf6', '0x01', '0xf6', '0x01']
17:26:54.662  DEBUG   [client]  -> read  st2mot    
17:26:54.665  DEBUG   [client]  <- read  st2mot     ret=0  data=['0xe8', '0x03']
17:26:54.862  DEBUG   [client]  -> read  st2mot    
17:26:54.866  DEBUG   [client]  <- read  st2mot     ret=0  data=['0xe8', '0x03']
17:26:55.062  DEBUG   [client]  -> read  st2mot    
17:26:55.066  DEBUG   [client]  <- read  st2mot     ret=0  data=['0xe8', '0x03']
17:26:55.262  DEBUG   [client]  -> read  st2mot    
17:26:55.266  DEBUG   [client]  <- read  st2mot     ret=0  data=['0xe8', '0x03']
17:26:55.462  DEBUG   [client]  -> read  st2mot    
17:26:55.466  DEBUG   [client]  <- read  st2mot     ret=0  data=['0xe8', '0x03']
17:26:55.467  DEBUG   [client]  -> read  st0cur    
17:26:55.472  DEBUG   [client]  <- read  st0cur     ret=0  data=['0xf5', '0x01', '0xf8', '0x01']
17:26:55.641  DEBUG   [poll]    -> read  st2mot    
17:26:55.645  DEBUG   [poll]    <- read  st2mot     ret=0  data=['0xe8', '0x03']
17:26:55.645  DEBUG   [poll]    -> read  st0cur    
17:26:55.649  DEBUG   [poll]    <- read  st0cur     ret=0  data=['0xf5', '0x01', '0xf8', '0x01']
17:26:55.662  DEBUG   [client]  -> read  st2mot    
17:26:55.666  DEBUG   [client]  <- read  st2mot     ret=0  data=['0xe8', '0x03']
17:26:55.862  DEBUG   [client]  -> read  st2mot    
17:26:55.866  DEBUG   [client]  <- read  st2mot     ret=0  data=['0xe8', '0x03']
17:26:56.062  DEBUG   [client]  -> read  st2mot    
17:26:56.066  DEBUG   [client]  <- read  st2mot     ret=0  data=['0xe8', '0x03']
17:26:56.262  DEBUG   [client]  -> read  st2mot    
17:26:56.265  DEBUG   [client]  <- read  st2mot     ret=0  data=['0xcf', '0x03']
17:26:56.462  DEBUG   [client]  -> read  st2mot    
17:26:56.466  DEBUG   [client]  <- read  st2mot     ret=0  data=['0xe8', '0x03']
17:26:56.467  DEBUG   [client]  -> read  st0cur    
17:26:56.472  DEBUG   [client]  <- read  st0cur     ret=0  data=['0xf4', '0x01', '0xf7', '0x01']
17:26:56.651  DEBUG   [poll]    -> read  st2mot    
17:26:56.654  DEBUG   [poll]    <- read  st2mot     ret=0  data=['0xe8', '0x03']
17:26:56.654  DEBUG   [poll]    -> read  st0cur    
17:26:56.658  DEBUG   [poll]    <- read  st0cur     ret=0  data=['0xf4', '0x01', '0xf7', '0x01']
17:26:56.662  DEBUG   [client]  -> read  st2mot    
17:26:56.665  DEBUG   [client]  <- read  st2mot     ret=0  data=['0xe8', '0x03']
17:26:56.862  DEBUG   [client]  -> read  st2mot    
17:26:56.866  DEBUG   [client]  <- read  st2mot     ret=0  data=['0xe8', '0x03']
17:26:57.062  DEBUG   [client]  -> read  st2mot    
17:26:57.066  DEBUG   [client]  <- read  st2mot     ret=0  data=['0x01', '0x04']
17:26:57.262  DEBUG   [client]  -> read  st2mot    
17:26:57.266  DEBUG   [client]  <- read  st2mot     ret=0  data=['0xe8', '0x03']
17:26:57.268  DEBUG   [client]  -> write cntl3mot   data=['0x03', '0x20']
17:26:57.523  DEBUG   [client]  -> write cntl3mot   data=['0x02', '0x58']
17:26:57.659  DEBUG   [poll]    -> read  st2mot    
17:26:57.663  DEBUG   [poll]    <- read  st2mot     ret=0  data=['0xa3', '0x02']
17:26:57.663  DEBUG   [poll]    -> read  st0cur    
17:26:57.667  DEBUG   [poll]    <- read  st0cur     ret=0  data=['0xf5', '0x01', '0xf5', '0x01']
17:26:57.779  DEBUG   [client]  -> write cntl3mot   data=['0x01', '0x90']
17:26:58.035  DEBUG   [client]  -> write cntl3mot   data=['0x00', '0xc8']
17:26:58.290  DEBUG   [client]  -> write cntl3mot   data=['0x00', '0x00']
17:26:58.295  WARNING client disconnected — stopping motor
17:26:58.296  DEBUG   [client]  -> write cntl3mot   data=['0x00', '0x00']
17:26:58.300  INFO    client disconnected
17:26:58.669  DEBUG   [poll]    -> read  st2mot    
17:26:58.672  DEBUG   [poll]    <- read  st2mot     ret=0  data=['0x00', '0x00']
17:26:58.672  DEBUG   [poll]    -> read  st0cur    
17:26:58.676  DEBUG   [poll]    <- read  st0cur     ret=0  data=['0xf8', '0x01', '0xfb', '0x01']
17:26:58.676  WARNING *** OBSERVED STALL SIGNATURE (not acted on yet) — current=-0.39A while rpm=0 ***
17:26:59.678  DEBUG   [poll]    -> read  st2mot    
17:26:59.681  DEBUG   [poll]    <- read  st2mot     ret=0  data=['0x00', '0x00']
17:26:59.682  DEBUG   [poll]    -> read  st0cur    
17:26:59.686  DEBUG   [poll]    <- read  st0cur     ret=0  data=['0xfc', '0x01', '0x00', '0x02']
17:26:59.687  WARNING *** OBSERVED STALL SIGNATURE (not acted on yet) — current=-0.20A while rpm=0 ***
17:27:00.688  DEBUG   [poll]    -> read  st2mot    
17:27:00.692  DEBUG   [poll]    <- read  st2mot     ret=0  data=['0x00', '0x00']
17:27:00.692  DEBUG   [poll]    -> read  st0cur    
17:27:00.696  DEBUG   [poll]    <- read  st0cur     ret=0  data=['0xfe', '0x01', '0x01', '0x02']
17:27:01.698  DEBUG   [poll]    -> read  st2mot    
17:27:01.701  DEBUG   [poll]    <- read  st2mot     ret=0  data=['0x00', '0x00']
17:27:01.702  DEBUG   [poll]    -> read  st0cur    
17:27:01.706  DEBUG   [poll]    <- read  st0cur     ret=0  data=['0xfd', '0x01', '0x01', '0x02']
17:27:02.708  DEBUG   [poll]    -> read  st2mot    
17:27:02.711  DEBUG   [poll]    <- read  st2mot     ret=0  data=['0x00', '0x00']
17:27:02.711  DEBUG   [poll]    -> read  st0cur    
17:27:02.716  DEBUG   [poll]    <- read  st0cur     ret=0  data=['0xfe', '0x01', '0x01', '0x02']
17:27:03.113  INFO    client connected
17:27:03.114  DEBUG   [client]  -> write cntl0mot   data=['0x03', '0x03']
17:27:03.117  DEBUG   [client]  -> write cntl3mot   data=['0x00', '0x00']
17:27:03.121  DEBUG   [client]  -> write cntl3mot   data=['0x03', '0xe8']
17:27:03.127  DEBUG   [client]  -> read  st2mot    
17:27:03.131  DEBUG   [client]  <- read  st2mot     ret=0  data=['0x00', '0x00']
17:27:03.132  DEBUG   [client]  -> read  st0cur    
17:27:03.136  DEBUG   [client]  <- read  st0cur     ret=0  data=['0xfe', '0x01', '0x01', '0x02']
17:27:03.327  DEBUG   [client]  -> read  st2mot    
17:27:03.330  DEBUG   [client]  <- read  st2mot     ret=0  data=['0xc2', '0x01']
17:27:03.527  DEBUG   [client]  -> read  st2mot    
17:27:03.530  DEBUG   [client]  <- read  st2mot     ret=0  data=['0x07', '0x03']
17:27:03.717  DEBUG   [poll]    -> read  st2mot    
17:27:03.721  DEBUG   [poll]    <- read  st2mot     ret=0  data=['0xd5', '0x02']
17:27:03.721  DEBUG   [poll]    -> read  st0cur    
17:27:03.726  DEBUG   [poll]    <- read  st0cur     ret=0  data=['0xfc', '0x01', '0xfe', '0x01']
17:27:03.727  DEBUG   [client]  -> read  st2mot    
17:27:03.731  DEBUG   [client]  <- read  st2mot     ret=0  data=['0xd5', '0x02']
17:27:03.927  DEBUG   [client]  -> read  st2mot    
17:27:03.931  DEBUG   [client]  <- read  st2mot     ret=0  data=['0x6b', '0x03']
17:27:04.127  DEBUG   [client]  -> read  st2mot    
17:27:04.131  DEBUG   [client]  <- read  st2mot     ret=0  data=['0x9d', '0x03']
17:27:04.132  DEBUG   [client]  -> read  st0cur    
17:27:04.137  DEBUG   [client]  <- read  st0cur     ret=0  data=['0xfc', '0x01', '0xfe', '0x01']
17:27:04.327  DEBUG   [client]  -> read  st2mot    
17:27:04.331  DEBUG   [client]  <- read  st2mot     ret=0  data=['0x9d', '0x03']
17:27:04.527  DEBUG   [client]  -> read  st2mot    
17:27:04.531  DEBUG   [client]  <- read  st2mot     ret=0  data=['0xcf', '0x03']
17:27:04.727  DEBUG   [poll]    -> read  st2mot    
17:27:04.734  DEBUG   [poll]    <- read  st2mot     ret=0  data=['0xb6', '0x03']
17:27:04.735  DEBUG   [poll]    -> read  st0cur    
17:27:04.739  DEBUG   [poll]    <- read  st0cur     ret=0  data=['0xf5', '0x01', '0xf8', '0x01']
17:27:04.740  DEBUG   [client]  -> read  st2mot    
17:27:04.743  DEBUG   [client]  <- read  st2mot     ret=0  data=['0xb6', '0x03']
17:27:04.928  DEBUG   [client]  -> read  st2mot    
17:27:04.931  DEBUG   [client]  <- read  st2mot     ret=0  data=['0xe8', '0x03']
17:27:05.128  DEBUG   [client]  -> read  st2mot    
17:27:05.131  DEBUG   [client]  <- read  st2mot     ret=0  data=['0xcf', '0x03']
17:27:05.133  DEBUG   [client]  -> read  st0cur    
17:27:05.137  DEBUG   [client]  <- read  st0cur     ret=0  data=['0xf5', '0x01', '0xf8', '0x01']
17:27:05.328  DEBUG   [client]  -> read  st2mot    
17:27:05.331  DEBUG   [client]  <- read  st2mot     ret=0  data=['0xcf', '0x03']
17:27:05.527  DEBUG   [client]  -> read  st2mot    
17:27:05.531  DEBUG   [client]  <- read  st2mot     ret=0  data=['0xe8', '0x03']
17:27:05.727  DEBUG   [client]  -> read  st2mot    
17:27:05.731  DEBUG   [client]  <- read  st2mot     ret=0  data=['0xe8', '0x03']
17:27:05.741  DEBUG   [poll]    -> read  st2mot    
17:27:05.744  DEBUG   [poll]    <- read  st2mot     ret=0  data=['0xe8', '0x03']
17:27:05.744  DEBUG   [poll]    -> read  st0cur    
17:27:05.749  DEBUG   [poll]    <- read  st0cur     ret=0  data=['0xf6', '0x01', '0xf6', '0x01']
17:27:05.927  DEBUG   [client]  -> read  st2mot    
17:27:05.931  DEBUG   [client]  <- read  st2mot     ret=0  data=['0x01', '0x04']
17:27:06.127  DEBUG   [client]  -> read  st2mot    
17:27:06.131  DEBUG   [client]  <- read  st2mot     ret=0  data=['0xe8', '0x03']
17:27:06.132  DEBUG   [client]  -> read  st0cur    
17:27:06.137  DEBUG   [client]  <- read  st0cur     ret=0  data=['0xf6', '0x01', '0xf6', '0x01']
17:27:06.327  DEBUG   [client]  -> read  st2mot    
17:27:06.331  DEBUG   [client]  <- read  st2mot     ret=0  data=['0xe8', '0x03']
17:27:06.527  DEBUG   [client]  -> read  st2mot    
17:27:06.531  DEBUG   [client]  <- read  st2mot     ret=0  data=['0xe8', '0x03']
17:27:06.727  DEBUG   [client]  -> read  st2mot    
17:27:06.731  DEBUG   [client]  <- read  st2mot     ret=0  data=['0xe8', '0x03']
17:27:06.750  DEBUG   [poll]    -> read  st2mot    
17:27:06.754  DEBUG   [poll]    <- read  st2mot     ret=0  data=['0xcf', '0x03']
17:27:06.754  DEBUG   [poll]    -> read  st0cur    
17:27:06.758  DEBUG   [poll]    <- read  st0cur     ret=0  data=['0xf6', '0x01', '0xf4', '0x01']
17:27:06.927  DEBUG   [client]  -> read  st2mot    
17:27:06.931  DEBUG   [client]  <- read  st2mot     ret=0  data=['0xe8', '0x03']
17:27:07.127  DEBUG   [client]  -> read  st2mot    
17:27:07.131  DEBUG   [client]  <- read  st2mot     ret=0  data=['0xe8', '0x03']
17:27:07.133  DEBUG   [client]  -> read  st0cur    
17:27:07.137  DEBUG   [client]  <- read  st0cur     ret=0  data=['0xf6', '0x01', '0xf4', '0x01']
17:27:07.327  DEBUG   [client]  -> read  st2mot    
17:27:07.331  DEBUG   [client]  <- read  st2mot     ret=0  data=['0xcf', '0x03']
17:27:07.527  DEBUG   [client]  -> read  st2mot    
17:27:07.531  DEBUG   [client]  <- read  st2mot     ret=0  data=['0xe8', '0x03']
17:27:07.727  DEBUG   [client]  -> read  st2mot    
17:27:07.731  DEBUG   [client]  <- read  st2mot     ret=0  data=['0xe8', '0x03']
17:27:07.760  DEBUG   [poll]    -> read  st2mot    
17:27:07.764  DEBUG   [poll]    <- read  st2mot     ret=0  data=['0xe8', '0x03']
17:27:07.764  DEBUG   [poll]    -> read  st0cur    
17:27:07.768  DEBUG   [poll]    <- read  st0cur     ret=0  data=['0xf6', '0x01', '0xf7', '0x01']
17:27:07.927  DEBUG   [client]  -> read  st2mot    
17:27:07.931  DEBUG   [client]  <- read  st2mot     ret=0  data=['0xcf', '0x03']
17:27:08.127  DEBUG   [client]  -> read  st2mot    
17:27:08.131  DEBUG   [client]  <- read  st2mot     ret=0  data=['0x01', '0x04']
17:27:08.132  DEBUG   [client]  -> read  st0cur    
17:27:08.137  DEBUG   [client]  <- read  st0cur     ret=0  data=['0xf6', '0x01', '0xf7', '0x01']
17:27:08.327  DEBUG   [client]  -> read  st2mot    
17:27:08.331  DEBUG   [client]  <- read  st2mot     ret=0  data=['0xcf', '0x03']
17:27:08.527  DEBUG   [client]  -> read  st2mot    
17:27:08.531  DEBUG   [client]  <- read  st2mot     ret=0  data=['0x01', '0x04']
17:27:08.727  DEBUG   [client]  -> read  st2mot    
17:27:08.731  DEBUG   [client]  <- read  st2mot     ret=0  data=['0xe8', '0x03']
17:27:08.770  DEBUG   [poll]    -> read  st2mot    
17:27:08.773  DEBUG   [poll]    <- read  st2mot     ret=0  data=['0xe8', '0x03']
17:27:08.773  DEBUG   [poll]    -> read  st0cur    
17:27:08.778  DEBUG   [poll]    <- read  st0cur     ret=0  data=['0xf5', '0x01', '0xf5', '0x01']
17:27:08.927  DEBUG   [client]  -> read  st2mot    
17:27:08.931  DEBUG   [client]  <- read  st2mot     ret=0  data=['0x01', '0x04']
17:27:09.127  DEBUG   [client]  -> read  st2mot    
17:27:09.131  DEBUG   [client]  <- read  st2mot     ret=0  data=['0xcf', '0x03']
17:27:09.132  DEBUG   [client]  -> read  st0cur    
17:27:09.137  DEBUG   [client]  <- read  st0cur     ret=0  data=['0xf5', '0x01', '0xf5', '0x01']
17:27:09.327  DEBUG   [client]  -> read  st2mot    
17:27:09.331  DEBUG   [client]  <- read  st2mot     ret=0  data=['0xe8', '0x03']
17:27:09.527  DEBUG   [client]  -> read  st2mot    
17:27:09.531  DEBUG   [client]  <- read  st2mot     ret=0  data=['0xcf', '0x03']
17:27:09.727  DEBUG   [client]  -> read  st2mot    
17:27:09.731  DEBUG   [client]  <- read  st2mot     ret=0  data=['0x01', '0x04']
17:27:09.779  DEBUG   [poll]    -> read  st2mot    
17:27:09.783  DEBUG   [poll]    <- read  st2mot     ret=0  data=['0x01', '0x04']
17:27:09.783  DEBUG   [poll]    -> read  st0cur    
17:27:09.787  DEBUG   [poll]    <- read  st0cur     ret=0  data=['0xf4', '0x01', '0xf6', '0x01']
17:27:09.927  DEBUG   [client]  -> read  st2mot    
17:27:09.931  DEBUG   [client]  <- read  st2mot     ret=0  data=['0xcf', '0x03']
17:27:09.932  DEBUG   [client]  -> write cntl3mot   data=['0x03', '0x20']
17:27:10.188  DEBUG   [client]  -> write cntl3mot   data=['0x02', '0x58']
17:27:10.444  DEBUG   [client]  -> write cntl3mot   data=['0x01', '0x90']
17:27:10.699  DEBUG   [client]  -> write cntl3mot   data=['0x00', '0xc8']
17:27:10.789  DEBUG   [poll]    -> read  st2mot    
17:27:10.792  DEBUG   [poll]    <- read  st2mot     ret=0  data=['0x90', '0x01']
17:27:10.793  DEBUG   [poll]    -> read  st0cur    
17:27:10.797  DEBUG   [poll]    <- read  st0cur     ret=0  data=['0xf7', '0x01', '0xf8', '0x01']
17:27:10.955  DEBUG   [client]  -> write cntl3mot   data=['0x00', '0x00']
17:27:10.959  WARNING client disconnected — stopping motor
17:27:10.960  DEBUG   [client]  -> write cntl3mot   data=['0x00', '0x00']
17:27:10.964  INFO    client disconnected
17:27:11.798  DEBUG   [poll]    -> read  st2mot    
17:27:11.802  DEBUG   [poll]    <- read  st2mot     ret=0  data=['0x00', '0x00']
17:27:11.802  DEBUG   [poll]    -> read  st0cur    
17:27:11.806  DEBUG   [poll]    <- read  st0cur     ret=0  data=['0xf9', '0x01', '0xfd', '0x01']
17:27:11.806  WARNING *** OBSERVED STALL SIGNATURE (not acted on yet) — current=-0.34A while rpm=0 ***
17:27:12.807  DEBUG   [poll]    -> read  st2mot    
17:27:12.811  DEBUG   [poll]    <- read  st2mot     ret=0  data=['0x00', '0x00']
17:27:12.811  DEBUG   [poll]    -> read  st0cur    
17:27:12.815  DEBUG   [poll]    <- read  st0cur     ret=0  data=['0xfd', '0x01', '0x01', '0x02']
17:27:13.817  DEBUG   [poll]    -> read  st2mot    
17:27:13.820  DEBUG   [poll]    <- read  st2mot     ret=0  data=['0x00', '0x00']
17:27:13.821  DEBUG   [poll]    -> read  st0cur    
17:27:13.825  DEBUG   [poll]    <- read  st0cur     ret=0  data=['0xfe', '0x01', '0x01', '0x02']
17:27:14.826  DEBUG   [poll]    -> read  st2mot    
17:27:14.829  DEBUG   [poll]    <- read  st2mot     ret=0  data=['0x00', '0x00']
17:27:14.830  DEBUG   [poll]    -> read  st0cur    
17:27:14.834  DEBUG   [poll]    <- read  st0cur     ret=0  data=['0xfe', '0x01', '0x01', '0x02']
17:27:15.836  DEBUG   [poll]    -> read  st2mot    
17:27:15.839  DEBUG   [poll]    <- read  st2mot     ret=0  data=['0x00', '0x00']
17:27:15.839  DEBUG   [poll]    -> read  st0cur    
17:27:15.844  DEBUG   [poll]    <- read  st0cur     ret=0  data=['0xfd', '0x01', '0x01', '0x02']
17:27:16.845  DEBUG   [poll]    -> read  st2mot    
17:27:16.849  DEBUG   [poll]    <- read  st2mot     ret=0  data=['0x00', '0x00']
17:27:16.849  DEBUG   [poll]    -> read  st0cur    
17:27:16.853  DEBUG   [poll]    <- read  st0cur     ret=0  data=['0xfd', '0x01', '0x01', '0x02']
17:27:17.855  DEBUG   [poll]    -> read  st2mot    
17:27:17.858  DEBUG   [poll]    <- read  st2mot     ret=0  data=['0x00', '0x00']
17:27:17.859  DEBUG   [poll]    -> read  st0cur    
17:27:17.863  DEBUG   [poll]    <- read  st0cur     ret=0  data=['0xfe', '0x01', '0x01', '0x02']
17:27:18.864  DEBUG   [poll]    -> read  st2mot    
17:27:18.868  DEBUG   [poll]    <- read  st2mot     ret=0  data=['0x00', '0x00']
17:27:18.868  DEBUG   [poll]    -> read  st0cur    
17:27:18.872  DEBUG   [poll]    <- read  st0cur     ret=0  data=['0xfe', '0x01', '0x01', '0x02']
17:27:19.874  DEBUG   [poll]    -> read  st2mot    
17:27:19.877  DEBUG   [poll]    <- read  st2mot     ret=0  data=['0x00', '0x00']
17:27:19.878  DEBUG   [poll]    -> read  st0cur    
17:27:19.882  DEBUG   [poll]    <- read  st0cur     ret=0  data=['0xfe', '0x01', '0x01', '0x02']
17:27:20.883  DEBUG   [poll]    -> read  st2mot    
17:27:20.887  DEBUG   [poll]    <- read  st2mot     ret=0  data=['0x00', '0x00']
17:27:20.887  DEBUG   [poll]    -> read  st0cur    
17:27:20.892  DEBUG   [poll]    <- read  st0cur     ret=0  data=['0xfe', '0x01', '0x01', '0x02']
17:27:21.893  DEBUG   [poll]    -> read  st2mot    
17:27:21.896  DEBUG   [poll]    <- read  st2mot     ret=0  data=['0x00', '0x00']
17:27:21.897  DEBUG   [poll]    -> read  st0cur    
17:27:21.901  DEBUG   [poll]    <- read  st0cur     ret=0  data=['0xfe', '0x01', '0x01', '0x02']
17:27:22.902  DEBUG   [poll]    -> read  st2mot    
17:27:22.906  DEBUG   [poll]    <- read  st2mot     ret=0  data=['0x00', '0x00']
17:27:22.906  DEBUG   [poll]    -> read  st0cur    
17:27:22.910  DEBUG   [poll]    <- read  st0cur     ret=0  data=['0xfe', '0x01', '0x01', '0x02']
17:27:23.912  DEBUG   [poll]    -> read  st2mot    
17:27:23.915  DEBUG   [poll]    <- read  st2mot     ret=0  data=['0x00', '0x00']
17:27:23.916  DEBUG   [poll]    -> read  st0cur    
17:27:23.920  DEBUG   [poll]    <- read  st0cur     ret=0  data=['0xfe', '0x01', '0x01', '0x02']
17:27:24.921  DEBUG   [poll]    -> read  st2mot    
17:27:24.925  DEBUG   [poll]    <- read  st2mot     ret=0  data=['0x00', '0x00']
17:27:24.925  DEBUG   [poll]    -> read  st0cur    
17:27:24.929  DEBUG   [poll]    <- read  st0cur     ret=0  data=['0xfe', '0x01', '0x01', '0x02']
17:27:25.931  DEBUG   [poll]    -> read  st2mot    
17:27:25.934  DEBUG   [poll]    <- read  st2mot     ret=0  data=['0x00', '0x00']
17:27:25.935  DEBUG   [poll]    -> read  st0cur    
17:27:25.939  DEBUG   [poll]    <- read  st0cur     ret=0  data=['0xfe', '0x01', '0x01', '0x02']
17:27:26.940  DEBUG   [poll]    -> read  st2mot    
17:27:26.944  DEBUG   [poll]    <- read  st2mot     ret=0  data=['0x00', '0x00']
17:27:26.944  DEBUG   [poll]    -> read  st0cur    
17:27:26.948  DEBUG   [poll]    <- read  st0cur     ret=0  data=['0xfe', '0x01', '0x01', '0x02']
17:27:27.950  DEBUG   [poll]    -> read  st2mot    
17:27:27.953  DEBUG   [poll]    <- read  st2mot     ret=0  data=['0x00', '0x00']
17:27:27.954  DEBUG   [poll]    -> read  st0cur    
17:27:27.958  DEBUG   [poll]    <- read  st0cur     ret=0  data=['0xfd', '0x01', '0x01', '0x02']
17:27:28.960  DEBUG   [poll]    -> read  st2mot    
17:27:28.963  DEBUG   [poll]    <- read  st2mot     ret=0  data=['0x00', '0x00']
17:27:28.963  DEBUG   [poll]    -> read  st0cur    
17:27:28.968  DEBUG   [poll]    <- read  st0cur     ret=0  data=['0xfd', '0x01', '0x01', '0x02']
17:27:29.969  DEBUG   [poll]    -> read  st2mot    
17:27:29.973  DEBUG   [poll]    <- read  st2mot     ret=0  data=['0x00', '0x00']
17:27:29.973  DEBUG   [poll]    -> read  st0cur    
17:27:29.978  DEBUG   [poll]    <- read  st0cur     ret=0  data=['0xfd', '0x01', '0x01', '0x02']
17:27:30.979  DEBUG   [poll]    -> read  st2mot    
17:27:30.982  DEBUG   [poll]    <- read  st2mot     ret=0  data=['0x00', '0x00']
17:27:30.983  DEBUG   [poll]    -> read  st0cur    
17:27:30.987  DEBUG   [poll]    <- read  st0cur     ret=0  data=['0xfe', '0x01', '0x02', '0x02']
17:27:31.989  DEBUG   [poll]    -> read  st2mot    
17:27:31.992  DEBUG   [poll]    <- read  st2mot     ret=0  data=['0x00', '0x00']
17:27:31.992  DEBUG   [poll]    -> read  st0cur    
17:27:31.997  DEBUG   [poll]    <- read  st0cur     ret=0  data=['0xfe', '0x01', '0x01', '0x02']
17:27:32.998  DEBUG   [poll]    -> read  st2mot    
17:27:33.001  DEBUG   [poll]    <- read  st2mot     ret=0  data=['0x00', '0x00']
17:27:33.002  DEBUG   [poll]    -> read  st0cur    
17:27:33.006  DEBUG   [poll]    <- read  st0cur     ret=0  data=['0xfe', '0x01', '0x01', '0x02']
17:27:34.008  DEBUG   [poll]    -> read  st2mot    
17:27:34.011  DEBUG   [poll]    <- read  st2mot     ret=0  data=['0x00', '0x00']
17:27:34.011  DEBUG   [poll]    -> read  st0cur    
17:27:34.016  DEBUG   [poll]    <- read  st0cur     ret=0  data=['0xfe', '0x01', '0x01', '0x02']
17:27:35.017  DEBUG   [poll]    -> read  st2mot    
17:27:35.020  DEBUG   [poll]    <- read  st2mot     ret=0  data=['0x00', '0x00']
17:27:35.021  DEBUG   [poll]    -> read  st0cur    
17:27:35.025  DEBUG   [poll]    <- read  st0cur     ret=0  data=['0xfe', '0x01', '0x01', '0x02']
17:27:36.027  DEBUG   [poll]    -> read  st2mot    
17:27:36.030  DEBUG   [poll]    <- read  st2mot     ret=0  data=['0x00', '0x00']
17:27:36.030  DEBUG   [poll]    -> read  st0cur    
17:27:36.035  DEBUG   [poll]    <- read  st0cur     ret=0  data=['0xfd', '0x01', '0x01', '0x02']
17:27:37.036  DEBUG   [poll]    -> read  st2mot    
17:27:37.039  DEBUG   [poll]    <- read  st2mot     ret=0  data=['0x00', '0x00']
17:27:37.040  DEBUG   [poll]    -> read  st0cur    
17:27:37.044  DEBUG   [poll]    <- read  st0cur     ret=0  data=['0xfe', '0x01', '0x01', '0x02']
17:27:38.046  DEBUG   [poll]    -> read  st2mot    
17:27:38.049  DEBUG   [poll]    <- read  st2mot     ret=0  data=['0x00', '0x00']
17:27:38.049  DEBUG   [poll]    -> read  st0cur    
17:27:38.054  DEBUG   [poll]    <- read  st0cur     ret=0  data=['0xfe', '0x01', '0x01', '0x02']
17:27:39.055  DEBUG   [poll]    -> read  st2mot    
17:27:39.058  DEBUG   [poll]    <- read  st2mot     ret=0  data=['0x00', '0x00']
17:27:39.059  DEBUG   [poll]    -> read  st0cur    
17:27:39.063  DEBUG   [poll]    <- read  st0cur     ret=0  data=['0xfe', '0x01', '0x01', '0x02']
17:27:40.064  DEBUG   [poll]    -> read  st2mot    
17:27:40.068  DEBUG   [poll]    <- read  st2mot     ret=0  data=['0x00', '0x00']
17:27:40.068  DEBUG   [poll]    -> read  st0cur    
17:27:40.073  DEBUG   [poll]    <- read  st0cur     ret=0  data=['0xfe', '0x01', '0x02', '0x02']
17:27:41.074  DEBUG   [poll]    -> read  st2mot    
17:27:41.077  DEBUG   [poll]    <- read  st2mot     ret=0  data=['0x00', '0x00']
17:27:41.078  DEBUG   [poll]    -> read  st0cur    
17:27:41.082  DEBUG   [poll]    <- read  st0cur     ret=0  data=['0xfe', '0x01', '0x01', '0x02']
17:27:42.084  DEBUG   [poll]    -> read  st2mot    
17:27:42.087  DEBUG   [poll]    <- read  st2mot     ret=0  data=['0x00', '0x00']
17:27:42.087  DEBUG   [poll]    -> read  st0cur    
17:27:42.092  DEBUG   [poll]    <- read  st0cur     ret=0  data=['0xfe', '0x01', '0x01', '0x02']
17:27:43.093  DEBUG   [poll]    -> read  st2mot    
17:27:43.097  DEBUG   [poll]    <- read  st2mot     ret=0  data=['0x00', '0x00']
17:27:43.097  DEBUG   [poll]    -> read  st0cur    
17:27:43.101  DEBUG   [poll]    <- read  st0cur     ret=0  data=['0xfe', '0x01', '0x02', '0x02']
17:27:44.103  DEBUG   [poll]    -> read  st2mot    
17:27:44.106  DEBUG   [poll]    <- read  st2mot     ret=0  data=['0x00', '0x00']
17:27:44.106  DEBUG   [poll]    -> read  st0cur    
17:27:44.111  DEBUG   [poll]    <- read  st0cur     ret=0  data=['0xfe', '0x01', '0x01', '0x02']
17:27:45.112  DEBUG   [poll]    -> read  st2mot    
17:27:45.115  DEBUG   [poll]    <- read  st2mot     ret=0  data=['0x00', '0x00']
17:27:45.116  DEBUG   [poll]    -> read  st0cur    
17:27:45.120  DEBUG   [poll]    <- read  st0cur     ret=0  data=['0xfe', '0x01', '0x01', '0x02']
17:27:46.122  DEBUG   [poll]    -> read  st2mot    
17:27:46.125  DEBUG   [poll]    <- read  st2mot     ret=0  data=['0x00', '0x00']
17:27:46.126  DEBUG   [poll]    -> read  st0cur    
17:27:46.130  DEBUG   [poll]    <- read  st0cur     ret=0  data=['0xfe', '0x01', '0x01', '0x02']
17:27:47.131  DEBUG   [poll]    -> read  st2mot    
17:27:47.135  DEBUG   [poll]    <- read  st2mot     ret=0  data=['0x00', '0x00']
17:27:47.135  DEBUG   [poll]    -> read  st0cur    
17:27:47.139  DEBUG   [poll]    <- read  st0cur     ret=0  data=['0xfe', '0x01', '0x01', '0x02']
17:27:48.141  DEBUG   [poll]    -> read  st2mot    
17:27:48.144  DEBUG   [poll]    <- read  st2mot     ret=0  data=['0x00', '0x00']
17:27:48.145  DEBUG   [poll]    -> read  st0cur    
17:27:48.149  DEBUG   [poll]    <- read  st0cur     ret=0  data=['0xfe', '0x01', '0x01', '0x02']
17:27:49.150  DEBUG   [poll]    -> read  st2mot    
17:27:49.154  DEBUG   [poll]    <- read  st2mot     ret=0  data=['0x00', '0x00']
17:27:49.154  DEBUG   [poll]    -> read  st0cur    
17:27:49.158  DEBUG   [poll]    <- read  st0cur     ret=0  data=['0xfe', '0x01', '0x01', '0x02']
17:27:50.160  DEBUG   [poll]    -> read  st2mot    
17:27:50.163  DEBUG   [poll]    <- read  st2mot     ret=0  data=['0x00', '0x00']
17:27:50.164  DEBUG   [poll]    -> read  st0cur    
17:27:50.168  DEBUG   [poll]    <- read  st0cur     ret=0  data=['0xfe', '0x01', '0x01', '0x02']
17:27:51.169  DEBUG   [poll]    -> read  st2mot    
17:27:51.173  DEBUG   [poll]    <- read  st2mot     ret=0  data=['0x00', '0x00']
17:27:51.173  DEBUG   [poll]    -> read  st0cur    
17:27:51.177  DEBUG   [poll]    <- read  st0cur     ret=0  data=['0xfe', '0x01', '0x01', '0x02']
17:27:52.179  DEBUG   [poll]    -> read  st2mot    
17:27:52.182  DEBUG   [poll]    <- read  st2mot     ret=0  data=['0x00', '0x00']
17:27:52.182  DEBUG   [poll]    -> read  st0cur    
17:27:52.187  DEBUG   [poll]    <- read  st0cur     ret=0  data=['0xfe', '0x01', '0x01', '0x02']
17:27:53.188  DEBUG   [poll]    -> read  st2mot    
17:27:53.192  DEBUG   [poll]    <- read  st2mot     ret=0  data=['0x00', '0x00']
17:27:53.192  DEBUG   [poll]    -> read  st0cur    
17:27:53.196  DEBUG   [poll]    <- read  st0cur     ret=0  data=['0xfe', '0x01', '0x01', '0x02']
17:27:54.198  DEBUG   [poll]    -> read  st2mot    
17:27:54.201  DEBUG   [poll]    <- read  st2mot     ret=0  data=['0x00', '0x00']
17:27:54.201  DEBUG   [poll]    -> read  st0cur    
17:27:54.206  DEBUG   [poll]    <- read  st0cur     ret=0  data=['0xfe', '0x01', '0x01', '0x02']
17:27:55.207  DEBUG   [poll]    -> read  st2mot    
17:27:55.210  DEBUG   [poll]    <- read  st2mot     ret=0  data=['0x00', '0x00']
17:27:55.211  DEBUG   [poll]    -> read  st0cur    
17:27:55.215  DEBUG   [poll]    <- read  st0cur     ret=0  data=['0xfe', '0x01', '0x01', '0x02']
17:27:56.217  DEBUG   [poll]    -> read  st2mot    
17:27:56.220  DEBUG   [poll]    <- read  st2mot     ret=0  data=['0x00', '0x00']
17:27:56.220  DEBUG   [poll]    -> read  st0cur    
17:27:56.225  DEBUG   [poll]    <- read  st0cur     ret=0  data=['0xfe', '0x01', '0x01', '0x02']
17:27:57.226  DEBUG   [poll]    -> read  st2mot    
17:27:57.229  DEBUG   [poll]    <- read  st2mot     ret=0  data=['0x00', '0x00']
17:27:57.230  DEBUG   [poll]    -> read  st0cur    
17:27:57.234  DEBUG   [poll]    <- read  st0cur     ret=0  data=['0xfd', '0x01', '0x01', '0x02']
17:27:58.236  DEBUG   [poll]    -> read  st2mot    
17:27:58.239  DEBUG   [poll]    <- read  st2mot     ret=0  data=['0x00', '0x00']
17:27:58.239  DEBUG   [poll]    -> read  st0cur    
17:27:58.243  DEBUG   [poll]    <- read  st0cur     ret=0  data=['0xfe', '0x01', '0x01', '0x02']
17:27:59.245  DEBUG   [poll]    -> read  st2mot    
17:27:59.248  DEBUG   [poll]    <- read  st2mot     ret=0  data=['0x00', '0x00']
17:27:59.249  DEBUG   [poll]    -> read  st0cur    
17:27:59.253  DEBUG   [poll]    <- read  st0cur     ret=0  data=['0xfe', '0x01', '0x01', '0x02']
17:28:00.254  DEBUG   [poll]    -> read  st2mot    
17:28:00.258  DEBUG   [poll]    <- read  st2mot     ret=0  data=['0x00', '0x00']
17:28:00.258  DEBUG   [poll]    -> read  st0cur    
17:28:00.262  DEBUG   [poll]    <- read  st0cur     ret=0  data=['0xfe', '0x01', '0x01', '0x02']
17:28:01.264  DEBUG   [poll]    -> read  st2mot    
17:28:01.268  DEBUG   [poll]    <- read  st2mot     ret=0  data=['0x00', '0x00']
17:28:01.268  DEBUG   [poll]    -> read  st0cur    
17:28:01.272  DEBUG   [poll]    <- read  st0cur     ret=0  data=['0xfe', '0x01', '0x01', '0x02']
17:28:02.274  DEBUG   [poll]    -> read  st2mot    
17:28:02.277  DEBUG   [poll]    <- read  st2mot     ret=0  data=['0x00', '0x00']
17:28:02.278  DEBUG   [poll]    -> read  st0cur    
17:28:02.282  DEBUG   [poll]    <- read  st0cur     ret=0  data=['0xfd', '0x01', '0x01', '0x02']
17:28:03.283  DEBUG   [poll]    -> read  st2mot    
17:28:03.287  DEBUG   [poll]    <- read  st2mot     ret=0  data=['0x00', '0x00']
17:28:03.287  DEBUG   [poll]    -> read  st0cur    
17:28:03.291  DEBUG   [poll]    <- read  st0cur     ret=0  data=['0xfe', '0x01', '0x01', '0x02']
17:28:04.293  DEBUG   [poll]    -> read  st2mot    
17:28:04.296  DEBUG   [poll]    <- read  st2mot     ret=0  data=['0x00', '0x00']
17:28:04.296  DEBUG   [poll]    -> read  st0cur    
17:28:04.301  DEBUG   [poll]    <- read  st0cur     ret=0  data=['0xfd', '0x01', '0x01', '0x02']
17:28:05.302  DEBUG   [poll]    -> read  st2mot    
17:28:05.306  DEBUG   [poll]    <- read  st2mot     ret=0  data=['0x00', '0x00']
17:28:05.306  DEBUG   [poll]    -> read  st0cur    
17:28:05.310  DEBUG   [poll]    <- read  st0cur     ret=0  data=['0xfe', '0x01', '0x01', '0x02']
17:28:06.312  DEBUG   [poll]    -> read  st2mot    
17:28:06.315  DEBUG   [poll]    <- read  st2mot     ret=0  data=['0x00', '0x00']
17:28:06.316  DEBUG   [poll]    -> read  st0cur    
17:28:06.320  DEBUG   [poll]    <- read  st0cur     ret=0  data=['0xfe', '0x01', '0x01', '0x02']
17:28:07.321  DEBUG   [poll]    -> read  st2mot    
17:28:07.325  DEBUG   [poll]    <- read  st2mot     ret=0  data=['0x00', '0x00']
17:28:07.325  DEBUG   [poll]    -> read  st0cur    
17:28:07.329  DEBUG   [poll]    <- read  st0cur     ret=0  data=['0xfe', '0x01', '0x01', '0x02']
17:28:08.331  DEBUG   [poll]    -> read  st2mot    
17:28:08.334  DEBUG   [poll]    <- read  st2mot     ret=0  data=['0x00', '0x00']
17:28:08.334  DEBUG   [poll]    -> read  st0cur    
17:28:08.339  DEBUG   [poll]    <- read  st0cur     ret=0  data=['0xfe', '0x01', '0x01', '0x02']
17:28:09.340  DEBUG   [poll]    -> read  st2mot    
17:28:09.343  DEBUG   [poll]    <- read  st2mot     ret=0  data=['0x00', '0x00']
17:28:09.344  DEBUG   [poll]    -> read  st0cur    
17:28:09.348  DEBUG   [poll]    <- read  st0cur     ret=0  data=['0xfe', '0x01', '0x01', '0x02']
17:28:10.350  DEBUG   [poll]    -> read  st2mot    
17:28:10.353  DEBUG   [poll]    <- read  st2mot     ret=0  data=['0x00', '0x00']
17:28:10.353  DEBUG   [poll]    -> read  st0cur    
17:28:10.358  DEBUG   [poll]    <- read  st0cur     ret=0  data=['0xfe', '0x01', '0x01', '0x02']
17:28:11.359  DEBUG   [poll]    -> read  st2mot    
17:28:11.362  DEBUG   [poll]    <- read  st2mot     ret=0  data=['0x00', '0x00']
17:28:11.363  DEBUG   [poll]    -> read  st0cur    
17:28:11.367  DEBUG   [poll]    <- read  st0cur     ret=0  data=['0xfe', '0x01', '0x01', '0x02']
17:28:12.369  DEBUG   [poll]    -> read  st2mot    
17:28:12.372  DEBUG   [poll]    <- read  st2mot     ret=0  data=['0x00', '0x00']
17:28:12.372  DEBUG   [poll]    -> read  st0cur    
17:28:12.376  DEBUG   [poll]    <- read  st0cur     ret=0  data=['0xfe', '0x01', '0x01', '0x02']
17:28:13.378  DEBUG   [poll]    -> read  st2mot    
17:28:13.381  DEBUG   [poll]    <- read  st2mot     ret=0  data=['0x00', '0x00']
17:28:13.382  DEBUG   [poll]    -> read  st0cur    
17:28:13.386  DEBUG   [poll]    <- read  st0cur     ret=0  data=['0xfd', '0x01', '0x01', '0x02']
17:28:14.387  DEBUG   [poll]    -> read  st2mot    
17:28:14.391  DEBUG   [poll]    <- read  st2mot     ret=0  data=['0x00', '0x00']
17:28:14.391  DEBUG   [poll]    -> read  st0cur    
17:28:14.395  DEBUG   [poll]    <- read  st0cur     ret=0  data=['0xfe', '0x01', '0x01', '0x02']
17:28:15.397  DEBUG   [poll]    -> read  st2mot    
17:28:15.400  DEBUG   [poll]    <- read  st2mot     ret=0  data=['0x00', '0x00']
17:28:15.401  DEBUG   [poll]    -> read  st0cur    
17:28:15.405  DEBUG   [poll]    <- read  st0cur     ret=0  data=['0xfe', '0x01', '0x01', '0x02']
17:28:16.407  DEBUG   [poll]    -> read  st2mot    
17:28:16.410  DEBUG   [poll]    <- read  st2mot     ret=0  data=['0x00', '0x00']
17:28:16.411  DEBUG   [poll]    -> read  st0cur    
17:28:16.415  DEBUG   [poll]    <- read  st0cur     ret=0  data=['0xfe', '0x01', '0x01', '0x02']
17:28:17.416  DEBUG   [poll]    -> read  st2mot    
17:28:17.420  DEBUG   [poll]    <- read  st2mot     ret=0  data=['0x00', '0x00']
17:28:17.420  DEBUG   [poll]    -> read  st0cur    
17:28:17.424  DEBUG   [poll]    <- read  st0cur     ret=0  data=['0xfe', '0x01', '0x01', '0x02']
17:28:18.426  DEBUG   [poll]    -> read  st2mot    
17:28:18.429  DEBUG   [poll]    <- read  st2mot     ret=0  data=['0x00', '0x00']
17:28:18.430  DEBUG   [poll]    -> read  st0cur    
17:28:18.434  DEBUG   [poll]    <- read  st0cur     ret=0  data=['0xfe', '0x01', '0x01', '0x02']
17:28:19.435  DEBUG   [poll]    -> read  st2mot    
17:28:19.439  DEBUG   [poll]    <- read  st2mot     ret=0  data=['0x00', '0x00']
17:28:19.439  DEBUG   [poll]    -> read  st0cur    
17:28:19.443  DEBUG   [poll]    <- read  st0cur     ret=0  data=['0xfd', '0x01', '0x01', '0x02']
17:28:20.445  DEBUG   [poll]    -> read  st2mot    
17:28:20.448  DEBUG   [poll]    <- read  st2mot     ret=0  data=['0x00', '0x00']
17:28:20.449  DEBUG   [poll]    -> read  st0cur    
17:28:20.453  DEBUG   [poll]    <- read  st0cur     ret=0  data=['0xfe', '0x01', '0x01', '0x02']
17:28:21.454  DEBUG   [poll]    -> read  st2mot    
17:28:21.458  DEBUG   [poll]    <- read  st2mot     ret=0  data=['0x00', '0x00']
17:28:21.458  DEBUG   [poll]    -> read  st0cur    
17:28:21.462  DEBUG   [poll]    <- read  st0cur     ret=0  data=['0xfe', '0x01', '0x01', '0x02']
17:28:22.464  DEBUG   [poll]    -> read  st2mot    
17:28:22.467  DEBUG   [poll]    <- read  st2mot     ret=0  data=['0x00', '0x00']
17:28:22.468  DEBUG   [poll]    -> read  st0cur    
17:28:22.472  DEBUG   [poll]    <- read  st0cur     ret=0  data=['0xfe', '0x01', '0x01', '0x02']
17:28:23.473  DEBUG   [poll]    -> read  st2mot    
17:28:23.477  DEBUG   [poll]    <- read  st2mot     ret=0  data=['0x00', '0x00']
17:28:23.477  DEBUG   [poll]    -> read  st0cur    
17:28:23.481  DEBUG   [poll]    <- read  st0cur     ret=0  data=['0xfe', '0x01', '0x01', '0x02']
17:28:24.483  DEBUG   [poll]    -> read  st2mot    
17:28:24.486  DEBUG   [poll]    <- read  st2mot     ret=0  data=['0x00', '0x00']
17:28:24.486  DEBUG   [poll]    -> read  st0cur    
17:28:24.491  DEBUG   [poll]    <- read  st0cur     ret=0  data=['0xfe', '0x01', '0x01', '0x02']
17:28:25.492  DEBUG   [poll]    -> read  st2mot    
17:28:25.495  DEBUG   [poll]    <- read  st2mot     ret=0  data=['0x00', '0x00']
17:28:25.496  DEBUG   [poll]    -> read  st0cur    
17:28:25.500  DEBUG   [poll]    <- read  st0cur     ret=0  data=['0xfe', '0x01', '0x01', '0x02']
17:28:26.502  DEBUG   [poll]    -> read  st2mot    
17:28:26.505  DEBUG   [poll]    <- read  st2mot     ret=0  data=['0x00', '0x00']
17:28:26.505  DEBUG   [poll]    -> read  st0cur    
17:28:26.510  DEBUG   [poll]    <- read  st0cur     ret=0  data=['0xfe', '0x01', '0x01', '0x02']
17:28:27.511  DEBUG   [poll]    -> read  st2mot    
17:28:27.515  DEBUG   [poll]    <- read  st2mot     ret=0  data=['0x00', '0x00']
17:28:27.515  DEBUG   [poll]    -> read  st0cur    
17:28:27.519  DEBUG   [poll]    <- read  st0cur     ret=0  data=['0xfe', '0x01', '0x01', '0x02']
17:28:28.521  DEBUG   [poll]    -> read  st2mot    
17:28:28.524  DEBUG   [poll]    <- read  st2mot     ret=0  data=['0x00', '0x00']
17:28:28.524  DEBUG   [poll]    -> read  st0cur    
17:28:28.529  DEBUG   [poll]    <- read  st0cur     ret=0  data=['0xfd', '0x01', '0x01', '0x02']
17:28:29.530  DEBUG   [poll]    -> read  st2mot    
17:28:29.534  DEBUG   [poll]    <- read  st2mot     ret=0  data=['0x00', '0x00']
17:28:29.534  DEBUG   [poll]    -> read  st0cur    
17:28:29.538  DEBUG   [poll]    <- read  st0cur     ret=0  data=['0xfd', '0x01', '0x01', '0x02']
17:28:30.540  DEBUG   [poll]    -> read  st2mot    
17:28:30.543  DEBUG   [poll]    <- read  st2mot     ret=0  data=['0x00', '0x00']
17:28:30.544  DEBUG   [poll]    -> read  st0cur    
17:28:30.548  DEBUG   [poll]    <- read  st0cur     ret=0  data=['0xfe', '0x01', '0x01', '0x02']
17:28:31.550  DEBUG   [poll]    -> read  st2mot    
17:28:31.553  DEBUG   [poll]    <- read  st2mot     ret=0  data=['0x00', '0x00']
17:28:31.553  DEBUG   [poll]    -> read  st0cur    
17:28:31.558  DEBUG   [poll]    <- read  st0cur     ret=0  data=['0xfe', '0x01', '0x01', '0x02']
17:28:32.559  DEBUG   [poll]    -> read  st2mot    
17:28:32.563  DEBUG   [poll]    <- read  st2mot     ret=0  data=['0x00', '0x00']
17:28:32.563  DEBUG   [poll]    -> read  st0cur    
17:28:32.567  DEBUG   [poll]    <- read  st0cur     ret=0  data=['0xfd', '0x01', '0x01', '0x02']
17:28:33.569  DEBUG   [poll]    -> read  st2mot    
17:28:33.572  DEBUG   [poll]    <- read  st2mot     ret=0  data=['0x00', '0x00']
17:28:33.573  DEBUG   [poll]    -> read  st0cur    
17:28:33.577  DEBUG   [poll]    <- read  st0cur     ret=0  data=['0xfe', '0x01', '0x01', '0x02']
17:28:34.579  DEBUG   [poll]    -> read  st2mot    
17:28:34.582  DEBUG   [poll]    <- read  st2mot     ret=0  data=['0x00', '0x00']
17:28:34.582  DEBUG   [poll]    -> read  st0cur    
17:28:34.586  DEBUG   [poll]    <- read  st0cur     ret=0  data=['0xfd', '0x01', '0x01', '0x02']
17:28:35.588  DEBUG   [poll]    -> read  st2mot    
17:28:35.591  DEBUG   [poll]    <- read  st2mot     ret=0  data=['0x00', '0x00']
17:28:35.592  DEBUG   [poll]    -> read  st0cur    
17:28:35.596  DEBUG   [poll]    <- read  st0cur     ret=0  data=['0xfe', '0x01', '0x01', '0x02']
17:28:36.598  DEBUG   [poll]    -> read  st2mot    
17:28:36.601  DEBUG   [poll]    <- read  st2mot     ret=0  data=['0x00', '0x00']
17:28:36.601  DEBUG   [poll]    -> read  st0cur    
17:28:36.606  DEBUG   [poll]    <- read  st0cur     ret=0  data=['0xfd', '0x01', '0x01', '0x02']
17:28:37.607  DEBUG   [poll]    -> read  st2mot    
17:28:37.611  DEBUG   [poll]    <- read  st2mot     ret=0  data=['0x00', '0x00']
17:28:37.611  DEBUG   [poll]    -> read  st0cur    
17:28:37.615  DEBUG   [poll]    <- read  st0cur     ret=0  data=['0xfe', '0x01', '0x01', '0x02']
17:28:38.617  DEBUG   [poll]    -> read  st2mot    
17:28:38.620  DEBUG   [poll]    <- read  st2mot     ret=0  data=['0x00', '0x00']
17:28:38.620  DEBUG   [poll]    -> read  st0cur    
17:28:38.625  DEBUG   [poll]    <- read  st0cur     ret=0  data=['0xfe', '0x01', '0x01', '0x02']
17:28:39.626  DEBUG   [poll]    -> read  st2mot    
17:28:39.630  DEBUG   [poll]    <- read  st2mot     ret=0  data=['0x00', '0x00']
17:28:39.630  DEBUG   [poll]    -> read  st0cur    
17:28:39.634  DEBUG   [poll]    <- read  st0cur     ret=0  data=['0xfe', '0x01', '0x01', '0x02']
17:28:40.636  DEBUG   [poll]    -> read  st2mot    
17:28:40.639  DEBUG   [poll]    <- read  st2mot     ret=0  data=['0x00', '0x00']
17:28:40.640  DEBUG   [poll]    -> read  st0cur    
17:28:40.644  DEBUG   [poll]    <- read  st0cur     ret=0  data=['0xfe', '0x01', '0x01', '0x02']
17:28:41.645  DEBUG   [poll]    -> read  st2mot    
17:28:41.649  DEBUG   [poll]    <- read  st2mot     ret=0  data=['0x00', '0x00']
17:28:41.649  DEBUG   [poll]    -> read  st0cur    
17:28:41.653  DEBUG   [poll]    <- read  st0cur     ret=0  data=['0xfe', '0x01', '0x01', '0x02']
17:28:42.655  DEBUG   [poll]    -> read  st2mot    
17:28:42.658  DEBUG   [poll]    <- read  st2mot     ret=0  data=['0x00', '0x00']
17:28:42.659  DEBUG   [poll]    -> read  st0cur    
17:28:42.663  DEBUG   [poll]    <- read  st0cur     ret=0  data=['0xfe', '0x01', '0x01', '0x02']
17:28:43.664  DEBUG   [poll]    -> read  st2mot    
17:28:43.668  DEBUG   [poll]    <- read  st2mot     ret=0  data=['0x00', '0x00']
17:28:43.668  DEBUG   [poll]    -> read  st0cur    
17:28:43.672  DEBUG   [poll]    <- read  st0cur     ret=0  data=['0xfe', '0x01', '0x01', '0x02']
17:28:44.674  DEBUG   [poll]    -> read  st2mot    
17:28:44.677  DEBUG   [poll]    <- read  st2mot     ret=0  data=['0x00', '0x00']
17:28:44.678  DEBUG   [poll]    -> read  st0cur    
17:28:44.682  DEBUG   [poll]    <- read  st0cur     ret=0  data=['0xfe', '0x01', '0x01', '0x02']
17:28:45.683  DEBUG   [poll]    -> read  st2mot    
17:28:45.691  DEBUG   [poll]    <- read  st2mot     ret=0  data=['0x00', '0x00']
17:28:45.691  DEBUG   [poll]    -> read  st0cur    
17:28:45.695  DEBUG   [poll]    <- read  st0cur     ret=0  data=['0xfe', '0x01', '0x01', '0x02']
17:28:46.697  DEBUG   [poll]    -> read  st2mot    
17:28:46.700  DEBUG   [poll]    <- read  st2mot     ret=0  data=['0x00', '0x00']
17:28:46.701  DEBUG   [poll]    -> read  st0cur    
17:28:46.705  DEBUG   [poll]    <- read  st0cur     ret=0  data=['0xfe', '0x01', '0x01', '0x02']
17:28:47.706  DEBUG   [poll]    -> read  st2mot    
17:28:47.710  DEBUG   [poll]    <- read  st2mot     ret=0  data=['0x00', '0x00']
17:28:47.710  DEBUG   [poll]    -> read  st0cur    
17:28:47.714  DEBUG   [poll]    <- read  st0cur     ret=0  data=['0xfe', '0x01', '0x02', '0x02']
17:28:48.716  DEBUG   [poll]    -> read  st2mot    
17:28:48.719  DEBUG   [poll]    <- read  st2mot     ret=0  data=['0x00', '0x00']
17:28:48.720  DEBUG   [poll]    -> read  st0cur    
17:28:48.724  DEBUG   [poll]    <- read  st0cur     ret=0  data=['0xfd', '0x01', '0x01', '0x02']
17:28:49.725  DEBUG   [poll]    -> read  st2mot    
17:28:49.729  DEBUG   [poll]    <- read  st2mot     ret=0  data=['0x00', '0x00']
17:28:49.729  DEBUG   [poll]    -> read  st0cur    
17:28:49.733  DEBUG   [poll]    <- read  st0cur     ret=0  data=['0xfe', '0x01', '0x01', '0x02']
17:28:50.735  DEBUG   [poll]    -> read  st2mot    
17:28:50.742  DEBUG   [poll]    <- read  st2mot     ret=0  data=['0x00', '0x00']
17:28:50.742  DEBUG   [poll]    -> read  st0cur    
17:28:50.746  DEBUG   [poll]    <- read  st0cur     ret=0  data=['0xfe', '0x01', '0x01', '0x02']
17:28:51.748  DEBUG   [poll]    -> read  st2mot    
17:28:51.751  DEBUG   [poll]    <- read  st2mot     ret=0  data=['0x00', '0x00']
17:28:51.751  DEBUG   [poll]    -> read  st0cur    
17:28:51.756  DEBUG   [poll]    <- read  st0cur     ret=0  data=['0xfe', '0x01', '0x01', '0x02']
17:28:52.757  DEBUG   [poll]    -> read  st2mot    
17:28:52.761  DEBUG   [poll]    <- read  st2mot     ret=0  data=['0x00', '0x00']
17:28:52.761  DEBUG   [poll]    -> read  st0cur    
17:28:52.765  DEBUG   [poll]    <- read  st0cur     ret=0  data=['0xfe', '0x01', '0x01', '0x02']
17:28:53.767  DEBUG   [poll]    -> read  st2mot    
17:28:53.770  DEBUG   [poll]    <- read  st2mot     ret=0  data=['0x00', '0x00']
17:28:53.770  DEBUG   [poll]    -> read  st0cur    
17:28:53.775  DEBUG   [poll]    <- read  st0cur     ret=0  data=['0xfd', '0x01', '0x01', '0x02']
17:28:54.776  DEBUG   [poll]    -> read  st2mot    
17:28:54.780  DEBUG   [poll]    <- read  st2mot     ret=0  data=['0x00', '0x00']
17:28:54.780  DEBUG   [poll]    -> read  st0cur    
17:28:54.784  DEBUG   [poll]    <- read  st0cur     ret=0  data=['0xfe', '0x01', '0x01', '0x02']
17:28:55.786  DEBUG   [poll]    -> read  st2mot    
17:28:55.793  DEBUG   [poll]    <- read  st2mot     ret=0  data=['0x00', '0x00']
17:28:55.793  DEBUG   [poll]    -> read  st0cur    
17:28:55.797  DEBUG   [poll]    <- read  st0cur     ret=0  data=['0xfd', '0x01', '0x01', '0x02']
17:28:56.799  DEBUG   [poll]    -> read  st2mot    
17:28:56.802  DEBUG   [poll]    <- read  st2mot     ret=0  data=['0x00', '0x00']
17:28:56.803  DEBUG   [poll]    -> read  st0cur    
17:28:56.807  DEBUG   [poll]    <- read  st0cur     ret=0  data=['0xfd', '0x01', '0x01', '0x02']
17:28:57.808  DEBUG   [poll]    -> read  st2mot    
17:28:57.812  DEBUG   [poll]    <- read  st2mot     ret=0  data=['0x00', '0x00']
17:28:57.812  DEBUG   [poll]    -> read  st0cur    
17:28:57.816  DEBUG   [poll]    <- read  st0cur     ret=0  data=['0xfe', '0x01', '0x01', '0x02']
17:28:58.818  DEBUG   [poll]    -> read  st2mot    
17:28:58.821  DEBUG   [poll]    <- read  st2mot     ret=0  data=['0x00', '0x00']
17:28:58.822  DEBUG   [poll]    -> read  st0cur    
17:28:58.826  DEBUG   [poll]    <- read  st0cur     ret=0  data=['0xfe', '0x01', '0x01', '0x02']
17:28:59.827  DEBUG   [poll]    -> read  st2mot    
17:28:59.831  DEBUG   [poll]    <- read  st2mot     ret=0  data=['0x00', '0x00']
17:28:59.831  DEBUG   [poll]    -> read  st0cur    
17:28:59.835  DEBUG   [poll]    <- read  st0cur     ret=0  data=['0xfe', '0x01', '0x02', '0x02']
17:29:00.837  DEBUG   [poll]    -> read  st2mot    
17:29:00.843  DEBUG   [poll]    <- read  st2mot     ret=0  data=['0x00', '0x00']
17:29:00.844  DEBUG   [poll]    -> read  st0cur    
17:29:00.848  DEBUG   [poll]    <- read  st0cur     ret=0  data=['0xfe', '0x01', '0x01', '0x02']
17:29:01.850  DEBUG   [poll]    -> read  st2mot    
17:29:01.853  DEBUG   [poll]    <- read  st2mot     ret=0  data=['0x00', '0x00']
17:29:01.853  DEBUG   [poll]    -> read  st0cur    
17:29:01.858  DEBUG   [poll]    <- read  st0cur     ret=0  data=['0xfe', '0x01', '0x01', '0x02']
17:29:02.859  DEBUG   [poll]    -> read  st2mot    
17:29:02.863  DEBUG   [poll]    <- read  st2mot     ret=0  data=['0x00', '0x00']
17:29:02.863  DEBUG   [poll]    -> read  st0cur    
17:29:02.867  DEBUG   [poll]    <- read  st0cur     ret=0  data=['0xfd', '0x01', '0x02', '0x02']
17:29:03.869  DEBUG   [poll]    -> read  st2mot    
17:29:03.872  DEBUG   [poll]    <- read  st2mot     ret=0  data=['0x00', '0x00']
17:29:03.872  DEBUG   [poll]    -> read  st0cur    
17:29:03.877  DEBUG   [poll]    <- read  st0cur     ret=0  data=['0xfe', '0x01', '0x01', '0x02']
17:29:04.878  DEBUG   [poll]    -> read  st2mot    
17:29:04.881  DEBUG   [poll]    <- read  st2mot     ret=0  data=['0x00', '0x00']
17:29:04.882  DEBUG   [poll]    -> read  st0cur    
17:29:04.886  DEBUG   [poll]    <- read  st0cur     ret=0  data=['0xfe', '0x01', '0x01', '0x02']
17:29:05.888  DEBUG   [poll]    -> read  st2mot    
17:29:05.894  DEBUG   [poll]    <- read  st2mot     ret=0  data=['0x00', '0x00']
17:29:05.895  DEBUG   [poll]    -> read  st0cur    
17:29:05.899  DEBUG   [poll]    <- read  st0cur     ret=0  data=['0xfe', '0x01', '0x01', '0x02']
17:29:06.901  DEBUG   [poll]    -> read  st2mot    
17:29:06.904  DEBUG   [poll]    <- read  st2mot     ret=0  data=['0x00', '0x00']
17:29:06.904  DEBUG   [poll]    -> read  st0cur    
17:29:06.908  DEBUG   [poll]    <- read  st0cur     ret=0  data=['0xfe', '0x01', '0x02', '0x02']
17:29:07.910  DEBUG   [poll]    -> read  st2mot    
17:29:07.913  DEBUG   [poll]    <- read  st2mot     ret=0  data=['0x00', '0x00']
17:29:07.914  DEBUG   [poll]    -> read  st0cur    
17:29:07.918  DEBUG   [poll]    <- read  st0cur     ret=0  data=['0xfe', '0x01', '0x01', '0x02']
17:29:08.919  DEBUG   [poll]    -> read  st2mot    
17:29:08.923  DEBUG   [poll]    <- read  st2mot     ret=0  data=['0x00', '0x00']
17:29:08.923  DEBUG   [poll]    -> read  st0cur    
17:29:08.927  DEBUG   [poll]    <- read  st0cur     ret=0  data=['0xfe', '0x01', '0x01', '0x02']
17:29:09.929  DEBUG   [poll]    -> read  st2mot    
17:29:09.932  DEBUG   [poll]    <- read  st2mot     ret=0  data=['0x00', '0x00']
17:29:09.933  DEBUG   [poll]    -> read  st0cur    
17:29:09.937  DEBUG   [poll]    <- read  st0cur     ret=0  data=['0xfe', '0x01', '0x01', '0x02']
17:29:10.938  DEBUG   [poll]    -> read  st2mot    
17:29:10.945  DEBUG   [poll]    <- read  st2mot     ret=0  data=['0x00', '0x00']
17:29:10.946  DEBUG   [poll]    -> read  st0cur    
17:29:10.950  DEBUG   [poll]    <- read  st0cur     ret=0  data=['0xfd', '0x01', '0x01', '0x02']
17:29:11.951  DEBUG   [poll]    -> read  st2mot    
17:29:11.955  DEBUG   [poll]    <- read  st2mot     ret=0  data=['0x00', '0x00']
17:29:11.955  DEBUG   [poll]    -> read  st0cur    
17:29:11.959  DEBUG   [poll]    <- read  st0cur     ret=0  data=['0xfe', '0x01', '0x01', '0x02']
17:29:12.961  DEBUG   [poll]    -> read  st2mot    
17:29:12.964  DEBUG   [poll]    <- read  st2mot     ret=0  data=['0x00', '0x00']
17:29:12.965  DEBUG   [poll]    -> read  st0cur    
17:29:12.969  DEBUG   [poll]    <- read  st0cur     ret=0  data=['0xfe', '0x01', '0x01', '0x02']
17:29:13.970  DEBUG   [poll]    -> read  st2mot    
17:29:13.974  DEBUG   [poll]    <- read  st2mot     ret=0  data=['0x00', '0x00']
17:29:13.974  DEBUG   [poll]    -> read  st0cur    
17:29:13.978  DEBUG   [poll]    <- read  st0cur     ret=0  data=['0xfe', '0x01', '0x01', '0x02']
17:29:14.980  DEBUG   [poll]    -> read  st2mot    
17:29:14.983  DEBUG   [poll]    <- read  st2mot     ret=0  data=['0x00', '0x00']
17:29:14.984  DEBUG   [poll]    -> read  st0cur    
17:29:14.988  DEBUG   [poll]    <- read  st0cur     ret=0  data=['0xfe', '0x01', '0x01', '0x02']
17:29:15.989  DEBUG   [poll]    -> read  st2mot    
17:29:15.993  DEBUG   [poll]    <- read  st2mot     ret=0  data=['0x00', '0x00']
17:29:15.994  DEBUG   [poll]    -> read  st0cur    
17:29:15.998  DEBUG   [poll]    <- read  st0cur     ret=0  data=['0xfe', '0x01', '0x01', '0x02']
17:29:17.000  DEBUG   [poll]    -> read  st2mot    
17:29:17.003  DEBUG   [poll]    <- read  st2mot     ret=0  data=['0x00', '0x00']
17:29:17.004  DEBUG   [poll]    -> read  st0cur    
17:29:17.008  DEBUG   [poll]    <- read  st0cur     ret=0  data=['0xfd', '0x01', '0x01', '0x02']
17:29:18.009  DEBUG   [poll]    -> read  st2mot    
17:29:18.013  DEBUG   [poll]    <- read  st2mot     ret=0  data=['0x00', '0x00']
17:29:18.013  DEBUG   [poll]    -> read  st0cur    
17:29:18.018  DEBUG   [poll]    <- read  st0cur     ret=0  data=['0xfe', '0x01', '0x01', '0x02']
17:29:19.019  DEBUG   [poll]    -> read  st2mot    
17:29:19.022  DEBUG   [poll]    <- read  st2mot     ret=0  data=['0x00', '0x00']
17:29:19.023  DEBUG   [poll]    -> read  st0cur    
17:29:19.027  DEBUG   [poll]    <- read  st0cur     ret=0  data=['0xfe', '0x01', '0x01', '0x02']
17:29:20.029  DEBUG   [poll]    -> read  st2mot    
17:29:20.032  DEBUG   [poll]    <- read  st2mot     ret=0  data=['0x00', '0x00']
17:29:20.032  DEBUG   [poll]    -> read  st0cur    
17:29:20.037  DEBUG   [poll]    <- read  st0cur     ret=0  data=['0xfe', '0x01', '0x01', '0x02']
17:29:21.038  DEBUG   [poll]    -> read  st2mot    
17:29:21.045  DEBUG   [poll]    <- read  st2mot     ret=0  data=['0x00', '0x00']
17:29:21.045  DEBUG   [poll]    -> read  st0cur    
17:29:21.050  DEBUG   [poll]    <- read  st0cur     ret=0  data=['0xfe', '0x01', '0x01', '0x02']
17:29:22.051  DEBUG   [poll]    -> read  st2mot    
17:29:22.055  DEBUG   [poll]    <- read  st2mot     ret=0  data=['0x00', '0x00']
17:29:22.055  DEBUG   [poll]    -> read  st0cur    
17:29:22.059  DEBUG   [poll]    <- read  st0cur     ret=0  data=['0xfd', '0x01', '0x01', '0x02']
17:29:23.061  DEBUG   [poll]    -> read  st2mot    
17:29:23.064  DEBUG   [poll]    <- read  st2mot     ret=0  data=['0x00', '0x00']
17:29:23.064  DEBUG   [poll]    -> read  st0cur    
17:29:23.069  DEBUG   [poll]    <- read  st0cur     ret=0  data=['0xfe', '0x01', '0x01', '0x02']
17:29:24.070  DEBUG   [poll]    -> read  st2mot    
17:29:24.073  DEBUG   [poll]    <- read  st2mot     ret=0  data=['0x00', '0x00']
17:29:24.074  DEBUG   [poll]    -> read  st0cur    
17:29:24.078  DEBUG   [poll]    <- read  st0cur     ret=0  data=['0xfe', '0x01', '0x01', '0x02']
17:29:25.079  DEBUG   [poll]    -> read  st2mot    
17:29:25.083  DEBUG   [poll]    <- read  st2mot     ret=0  data=['0x00', '0x00']
17:29:25.083  DEBUG   [poll]    -> read  st0cur    
17:29:25.087  DEBUG   [poll]    <- read  st0cur     ret=0  data=['0xfe', '0x01', '0x01', '0x02']
17:29:26.089  DEBUG   [poll]    -> read  st2mot    
17:29:26.096  DEBUG   [poll]    <- read  st2mot     ret=0  data=['0x00', '0x00']
17:29:26.096  DEBUG   [poll]    -> read  st0cur    
17:29:26.100  DEBUG   [poll]    <- read  st0cur     ret=0  data=['0xfd', '0x01', '0x01', '0x02']
17:29:27.102  DEBUG   [poll]    -> read  st2mot    
17:29:27.105  DEBUG   [poll]    <- read  st2mot     ret=0  data=['0x00', '0x00']
17:29:27.106  DEBUG   [poll]    -> read  st0cur    
17:29:27.110  DEBUG   [poll]    <- read  st0cur     ret=0  data=['0xfe', '0x01', '0x01', '0x02']
17:29:28.111  DEBUG   [poll]    -> read  st2mot    
17:29:28.115  DEBUG   [poll]    <- read  st2mot     ret=0  data=['0x00', '0x00']
17:29:28.115  DEBUG   [poll]    -> read  st0cur    
17:29:28.119  DEBUG   [poll]    <- read  st0cur     ret=0  data=['0xfd', '0x01', '0x01', '0x02']
17:29:29.121  DEBUG   [poll]    -> read  st2mot    
17:29:29.124  DEBUG   [poll]    <- read  st2mot     ret=0  data=['0x00', '0x00']
17:29:29.125  DEBUG   [poll]    -> read  st0cur    
17:29:29.129  DEBUG   [poll]    <- read  st0cur     ret=0  data=['0xfd', '0x01', '0x01', '0x02']
17:29:30.131  DEBUG   [poll]    -> read  st2mot    
17:29:30.134  DEBUG   [poll]    <- read  st2mot     ret=0  data=['0x00', '0x00']
17:29:30.134  DEBUG   [poll]    -> read  st0cur    
17:29:30.139  DEBUG   [poll]    <- read  st0cur     ret=0  data=['0xfe', '0x01', '0x01', '0x02']
17:29:31.140  DEBUG   [poll]    -> read  st2mot    
17:29:31.147  DEBUG   [poll]    <- read  st2mot     ret=0  data=['0x00', '0x00']
17:29:31.148  DEBUG   [poll]    -> read  st0cur    
17:29:31.152  DEBUG   [poll]    <- read  st0cur     ret=0  data=['0xfe', '0x01', '0x01', '0x02']
17:29:32.154  DEBUG   [poll]    -> read  st2mot    
17:29:32.157  DEBUG   [poll]    <- read  st2mot     ret=0  data=['0x00', '0x00']
17:29:32.158  DEBUG   [poll]    -> read  st0cur    
17:29:32.162  DEBUG   [poll]    <- read  st0cur     ret=0  data=['0xfe', '0x01', '0x01', '0x02']
17:29:33.163  DEBUG   [poll]    -> read  st2mot    
17:29:33.167  DEBUG   [poll]    <- read  st2mot     ret=0  data=['0x00', '0x00']
17:29:33.167  DEBUG   [poll]    -> read  st0cur    
17:29:33.171  DEBUG   [poll]    <- read  st0cur     ret=0  data=['0xfe', '0x01', '0x01', '0x02']
17:29:34.173  DEBUG   [poll]    -> read  st2mot    
17:29:34.176  DEBUG   [poll]    <- read  st2mot     ret=0  data=['0x00', '0x00']
17:29:34.176  DEBUG   [poll]    -> read  st0cur    
17:29:34.181  DEBUG   [poll]    <- read  st0cur     ret=0  data=['0xfe', '0x01', '0x01', '0x02']
17:29:35.182  DEBUG   [poll]    -> read  st2mot    
17:29:35.186  DEBUG   [poll]    <- read  st2mot     ret=0  data=['0x00', '0x00']
17:29:35.186  DEBUG   [poll]    -> read  st0cur    
17:29:35.190  DEBUG   [poll]    <- read  st0cur     ret=0  data=['0xfe', '0x01', '0x01', '0x02']
17:29:36.192  DEBUG   [poll]    -> read  st2mot    
17:29:36.198  DEBUG   [poll]    <- read  st2mot     ret=0  data=['0x00', '0x00']
17:29:36.199  DEBUG   [poll]    -> read  st0cur    
17:29:36.203  DEBUG   [poll]    <- read  st0cur     ret=0  data=['0xfe', '0x01', '0x01', '0x02']
17:29:37.204  DEBUG   [poll]    -> read  st2mot    
17:29:37.208  DEBUG   [poll]    <- read  st2mot     ret=0  data=['0x00', '0x00']
17:29:37.208  DEBUG   [poll]    -> read  st0cur    
17:29:37.212  DEBUG   [poll]    <- read  st0cur     ret=0  data=['0xfe', '0x01', '0x01', '0x02']
17:29:38.214  DEBUG   [poll]    -> read  st2mot    
17:29:38.217  DEBUG   [poll]    <- read  st2mot     ret=0  data=['0x00', '0x00']
17:29:38.217  DEBUG   [poll]    -> read  st0cur    
17:29:38.222  DEBUG   [poll]    <- read  st0cur     ret=0  data=['0xfe', '0x01', '0x01', '0x02']
17:29:39.223  DEBUG   [poll]    -> read  st2mot    
17:29:39.226  DEBUG   [poll]    <- read  st2mot     ret=0  data=['0x00', '0x00']
17:29:39.227  DEBUG   [poll]    -> read  st0cur    
17:29:39.231  DEBUG   [poll]    <- read  st0cur     ret=0  data=['0xfe', '0x01', '0x01', '0x02']
17:29:40.233  DEBUG   [poll]    -> read  st2mot    
17:29:40.236  DEBUG   [poll]    <- read  st2mot     ret=0  data=['0x00', '0x00']
17:29:40.236  DEBUG   [poll]    -> read  st0cur    
17:29:40.240  DEBUG   [poll]    <- read  st0cur     ret=0  data=['0xfd', '0x01', '0x01', '0x02']
17:29:41.242  DEBUG   [poll]    -> read  st2mot    
17:29:41.249  DEBUG   [poll]    <- read  st2mot     ret=0  data=['0x00', '0x00']
17:29:41.249  DEBUG   [poll]    -> read  st0cur    
17:29:41.253  DEBUG   [poll]    <- read  st0cur     ret=0  data=['0xfe', '0x01', '0x01', '0x02']
17:29:42.255  DEBUG   [poll]    -> read  st2mot    
17:29:42.258  DEBUG   [poll]    <- read  st2mot     ret=0  data=['0x00', '0x00']
17:29:42.259  DEBUG   [poll]    -> read  st0cur    
17:29:42.263  DEBUG   [poll]    <- read  st0cur     ret=0  data=['0xfe', '0x01', '0x02', '0x02']
17:29:43.264  DEBUG   [poll]    -> read  st2mot    
17:29:43.268  DEBUG   [poll]    <- read  st2mot     ret=0  data=['0x00', '0x00']
17:29:43.268  DEBUG   [poll]    -> read  st0cur    
17:29:43.272  DEBUG   [poll]    <- read  st0cur     ret=0  data=['0xfe', '0x01', '0x01', '0x02']
17:29:44.274  DEBUG   [poll]    -> read  st2mot    
17:29:44.277  DEBUG   [poll]    <- read  st2mot     ret=0  data=['0x00', '0x00']
17:29:44.278  DEBUG   [poll]    -> read  st0cur    
17:29:44.282  DEBUG   [poll]    <- read  st0cur     ret=0  data=['0xfd', '0x01', '0x01', '0x02']
17:29:45.283  DEBUG   [poll]    -> read  st2mot    
17:29:45.287  DEBUG   [poll]    <- read  st2mot     ret=0  data=['0x00', '0x00']
17:29:45.287  DEBUG   [poll]    -> read  st0cur    
17:29:45.291  DEBUG   [poll]    <- read  st0cur     ret=0  data=['0xfe', '0x01', '0x01', '0x02']
17:29:46.293  DEBUG   [poll]    -> read  st2mot    
17:29:46.301  DEBUG   [poll]    <- read  st2mot     ret=0  data=['0x00', '0x00']
17:29:46.301  DEBUG   [poll]    -> read  st0cur    
17:29:46.305  DEBUG   [poll]    <- read  st0cur     ret=0  data=['0xfe', '0x01', '0x01', '0x02']
17:29:47.307  DEBUG   [poll]    -> read  st2mot    
17:29:47.310  DEBUG   [poll]    <- read  st2mot     ret=0  data=['0x00', '0x00']
17:29:47.310  DEBUG   [poll]    -> read  st0cur    
17:29:47.315  DEBUG   [poll]    <- read  st0cur     ret=0  data=['0xfe', '0x01', '0x01', '0x02']
17:29:48.316  DEBUG   [poll]    -> read  st2mot    
17:29:48.319  DEBUG   [poll]    <- read  st2mot     ret=0  data=['0x00', '0x00']
17:29:48.320  DEBUG   [poll]    -> read  st0cur    
17:29:48.324  DEBUG   [poll]    <- read  st0cur     ret=0  data=['0xfd', '0x01', '0x01', '0x02']
17:29:49.325  DEBUG   [poll]    -> read  st2mot    
17:29:49.329  DEBUG   [poll]    <- read  st2mot     ret=0  data=['0x00', '0x00']
17:29:49.329  DEBUG   [poll]    -> read  st0cur    
17:29:49.334  DEBUG   [poll]    <- read  st0cur     ret=0  data=['0xfe', '0x01', '0x01', '0x02']
17:29:50.335  DEBUG   [poll]    -> read  st2mot    
17:29:50.338  DEBUG   [poll]    <- read  st2mot     ret=0  data=['0x00', '0x00']
17:29:50.339  DEBUG   [poll]    -> read  st0cur    
17:29:50.343  DEBUG   [poll]    <- read  st0cur     ret=0  data=['0xfe', '0x01', '0x01', '0x02']
17:29:51.344  DEBUG   [poll]    -> read  st2mot    
17:29:51.351  DEBUG   [poll]    <- read  st2mot     ret=0  data=['0x00', '0x00']
17:29:51.352  DEBUG   [poll]    -> read  st0cur    
17:29:51.356  DEBUG   [poll]    <- read  st0cur     ret=0  data=['0xfe', '0x01', '0x01', '0x02']
17:29:52.357  DEBUG   [poll]    -> read  st2mot    
17:29:52.361  DEBUG   [poll]    <- read  st2mot     ret=0  data=['0x00', '0x00']
17:29:52.361  DEBUG   [poll]    -> read  st0cur    
17:29:52.365  DEBUG   [poll]    <- read  st0cur     ret=0  data=['0xfe', '0x01', '0x01', '0x02']
17:29:53.367  DEBUG   [poll]    -> read  st2mot    
17:29:53.370  DEBUG   [poll]    <- read  st2mot     ret=0  data=['0x00', '0x00']
17:29:53.371  DEBUG   [poll]    -> read  st0cur    
17:29:53.375  DEBUG   [poll]    <- read  st0cur     ret=0  data=['0xfe', '0x01', '0x01', '0x02']
17:29:54.376  DEBUG   [poll]    -> read  st2mot    
17:29:54.380  DEBUG   [poll]    <- read  st2mot     ret=0  data=['0x00', '0x00']
17:29:54.380  DEBUG   [poll]    -> read  st0cur    
17:29:54.384  DEBUG   [poll]    <- read  st0cur     ret=0  data=['0xfe', '0x01', '0x01', '0x02']
17:29:55.386  DEBUG   [poll]    -> read  st2mot    
17:29:55.389  DEBUG   [poll]    <- read  st2mot     ret=0  data=['0x00', '0x00']
17:29:55.389  DEBUG   [poll]    -> read  st0cur    
17:29:55.394  DEBUG   [poll]    <- read  st0cur     ret=0  data=['0xfe', '0x01', '0x01', '0x02']
17:29:56.395  DEBUG   [poll]    -> read  st2mot    
17:29:56.402  DEBUG   [poll]    <- read  st2mot     ret=0  data=['0x00', '0x00']
17:29:56.402  DEBUG   [poll]    -> read  st0cur    
17:29:56.407  DEBUG   [poll]    <- read  st0cur     ret=0  data=['0xfe', '0x01', '0x01', '0x02']
17:29:57.408  DEBUG   [poll]    -> read  st2mot    
17:29:57.411  DEBUG   [poll]    <- read  st2mot     ret=0  data=['0x00', '0x00']
17:29:57.412  DEBUG   [poll]    -> read  st0cur    
17:29:57.416  DEBUG   [poll]    <- read  st0cur     ret=0  data=['0xfe', '0x01', '0x01', '0x02']
17:29:58.418  DEBUG   [poll]    -> read  st2mot    
17:29:58.421  DEBUG   [poll]    <- read  st2mot     ret=0  data=['0x00', '0x00']
17:29:58.421  DEBUG   [poll]    -> read  st0cur    
17:29:58.425  DEBUG   [poll]    <- read  st0cur     ret=0  data=['0xfe', '0x01', '0x01', '0x02']
17:29:59.427  DEBUG   [poll]    -> read  st2mot    
17:29:59.430  DEBUG   [poll]    <- read  st2mot     ret=0  data=['0x00', '0x00']
17:29:59.431  DEBUG   [poll]    -> read  st0cur    
17:29:59.435  DEBUG   [poll]    <- read  st0cur     ret=0  data=['0xfe', '0x01', '0x01', '0x02']
17:30:00.436  DEBUG   [poll]    -> read  st2mot    
17:30:00.440  DEBUG   [poll]    <- read  st2mot     ret=0  data=['0x00', '0x00']
17:30:00.440  DEBUG   [poll]    -> read  st0cur    
17:30:00.444  DEBUG   [poll]    <- read  st0cur     ret=0  data=['0xfe', '0x01', '0x01', '0x02']
17:30:01.446  DEBUG   [poll]    -> read  st2mot    
17:30:01.449  DEBUG   [poll]    <- read  st2mot     ret=0  data=['0x00', '0x00']
17:30:01.450  DEBUG   [poll]    -> read  st0cur    
17:30:01.454  DEBUG   [poll]    <- read  st0cur     ret=0  data=['0xfe', '0x01', '0x01', '0x02']
17:30:02.456  DEBUG   [poll]    -> read  st2mot    
17:30:02.459  DEBUG   [poll]    <- read  st2mot     ret=0  data=['0x00', '0x00']
17:30:02.460  DEBUG   [poll]    -> read  st0cur    
17:30:02.464  DEBUG   [poll]    <- read  st0cur     ret=0  data=['0xfe', '0x01', '0x01', '0x02']
17:30:03.465  DEBUG   [poll]    -> read  st2mot    
17:30:03.469  DEBUG   [poll]    <- read  st2mot     ret=0  data=['0x00', '0x00']
17:30:03.469  DEBUG   [poll]    -> read  st0cur    
17:30:03.473  DEBUG   [poll]    <- read  st0cur     ret=0  data=['0xfe', '0x01', '0x01', '0x02']
17:30:04.475  DEBUG   [poll]    -> read  st2mot    
17:30:04.478  DEBUG   [poll]    <- read  st2mot     ret=0  data=['0x00', '0x00']
17:30:04.479  DEBUG   [poll]    -> read  st0cur    
17:30:04.483  DEBUG   [poll]    <- read  st0cur     ret=0  data=['0xfe', '0x01', '0x01', '0x02']
17:30:05.484  DEBUG   [poll]    -> read  st2mot    
17:30:05.488  DEBUG   [poll]    <- read  st2mot     ret=0  data=['0x00', '0x00']
17:30:05.488  DEBUG   [poll]    -> read  st0cur    
17:30:05.492  DEBUG   [poll]    <- read  st0cur     ret=0  data=['0xfd', '0x01', '0x01', '0x02']
17:30:06.494  DEBUG   [poll]    -> read  st2mot    
17:30:06.501  DEBUG   [poll]    <- read  st2mot     ret=0  data=['0x00', '0x00']
17:30:06.501  DEBUG   [poll]    -> read  st0cur    
17:30:06.505  DEBUG   [poll]    <- read  st0cur     ret=0  data=['0xfe', '0x01', '0x01', '0x02']
17:30:07.507  DEBUG   [poll]    -> read  st2mot    
17:30:07.510  DEBUG   [poll]    <- read  st2mot     ret=0  data=['0x00', '0x00']
17:30:07.511  DEBUG   [poll]    -> read  st0cur    
17:30:07.515  DEBUG   [poll]    <- read  st0cur     ret=0  data=['0xfe', '0x01', '0x01', '0x02']
17:30:08.516  DEBUG   [poll]    -> read  st2mot    
17:30:08.519  DEBUG   [poll]    <- read  st2mot     ret=0  data=['0x00', '0x00']
17:30:08.520  DEBUG   [poll]    -> read  st0cur    
17:30:08.524  DEBUG   [poll]    <- read  st0cur     ret=0  data=['0xfd', '0x01', '0x01', '0x02']
17:30:09.526  DEBUG   [poll]    -> read  st2mot    
17:30:09.529  DEBUG   [poll]    <- read  st2mot     ret=0  data=['0x00', '0x00']
17:30:09.529  DEBUG   [poll]    -> read  st0cur    
17:30:09.534  DEBUG   [poll]    <- read  st0cur     ret=0  data=['0xfe', '0x01', '0x01', '0x02']
17:30:10.535  DEBUG   [poll]    -> read  st2mot    
17:30:10.538  DEBUG   [poll]    <- read  st2mot     ret=0  data=['0x00', '0x00']
17:30:10.539  DEBUG   [poll]    -> read  st0cur    
17:30:10.543  DEBUG   [poll]    <- read  st0cur     ret=0  data=['0xfe', '0x01', '0x01', '0x02']
17:30:11.544  DEBUG   [poll]    -> read  st2mot    
17:30:11.551  DEBUG   [poll]    <- read  st2mot     ret=0  data=['0x00', '0x00']
17:30:11.552  DEBUG   [poll]    -> read  st0cur    
17:30:11.556  DEBUG   [poll]    <- read  st0cur     ret=0  data=['0xfd', '0x01', '0x01', '0x02']
17:30:12.557  DEBUG   [poll]    -> read  st2mot    
17:30:12.561  DEBUG   [poll]    <- read  st2mot     ret=0  data=['0x00', '0x00']
17:30:12.561  DEBUG   [poll]    -> read  st0cur    
17:30:12.565  DEBUG   [poll]    <- read  st0cur     ret=0  data=['0xfe', '0x01', '0x01', '0x02']
17:30:13.567  DEBUG   [poll]    -> read  st2mot    
17:30:13.570  DEBUG   [poll]    <- read  st2mot     ret=0  data=['0x00', '0x00']
17:30:13.570  DEBUG   [poll]    -> read  st0cur    
17:30:13.575  DEBUG   [poll]    <- read  st0cur     ret=0  data=['0xfd', '0x01', '0x01', '0x02']
17:30:14.576  DEBUG   [poll]    -> read  st2mot    
17:30:14.580  DEBUG   [poll]    <- read  st2mot     ret=0  data=['0x00', '0x00']
17:30:14.580  DEBUG   [poll]    -> read  st0cur    
17:30:14.584  DEBUG   [poll]    <- read  st0cur     ret=0  data=['0xfd', '0x01', '0x01', '0x02']
17:30:15.586  DEBUG   [poll]    -> read  st2mot    
17:30:15.589  DEBUG   [poll]    <- read  st2mot     ret=0  data=['0x00', '0x00']
17:30:15.589  DEBUG   [poll]    -> read  st0cur    
17:30:15.594  DEBUG   [poll]    <- read  st0cur     ret=0  data=['0xfe', '0x01', '0x01', '0x02']
17:30:16.595  DEBUG   [poll]    -> read  st2mot    
17:30:16.603  DEBUG   [poll]    <- read  st2mot     ret=0  data=['0x00', '0x00']
17:30:16.603  DEBUG   [poll]    -> read  st0cur    
17:30:16.607  DEBUG   [poll]    <- read  st0cur     ret=0  data=['0xfe', '0x01', '0x01', '0x02']
17:30:17.609  DEBUG   [poll]    -> read  st2mot    
17:30:17.612  DEBUG   [poll]    <- read  st2mot     ret=0  data=['0x00', '0x00']
17:30:17.613  DEBUG   [poll]    -> read  st0cur    
17:30:17.617  DEBUG   [poll]    <- read  st0cur     ret=0  data=['0xfe', '0x01', '0x01', '0x02']
17:30:18.618  DEBUG   [poll]    -> read  st2mot    
17:30:18.622  DEBUG   [poll]    <- read  st2mot     ret=0  data=['0x00', '0x00']
17:30:18.622  DEBUG   [poll]    -> read  st0cur    
17:30:18.626  DEBUG   [poll]    <- read  st0cur     ret=0  data=['0xfe', '0x01', '0x01', '0x02']
17:30:19.628  DEBUG   [poll]    -> read  st2mot    
17:30:19.631  DEBUG   [poll]    <- read  st2mot     ret=0  data=['0x00', '0x00']
17:30:19.631  DEBUG   [poll]    -> read  st0cur    
17:30:19.636  DEBUG   [poll]    <- read  st0cur     ret=0  data=['0xfe', '0x01', '0x01', '0x02']
17:30:20.637  DEBUG   [poll]    -> read  st2mot    
17:30:20.641  DEBUG   [poll]    <- read  st2mot     ret=0  data=['0x00', '0x00']
17:30:20.641  DEBUG   [poll]    -> read  st0cur    
17:30:20.645  DEBUG   [poll]    <- read  st0cur     ret=0  data=['0xfe', '0x01', '0x01', '0x02']
17:30:21.647  DEBUG   [poll]    -> read  st2mot    
17:30:21.653  DEBUG   [poll]    <- read  st2mot     ret=0  data=['0x00', '0x00']
17:30:21.654  DEBUG   [poll]    -> read  st0cur    
17:30:21.658  DEBUG   [poll]    <- read  st0cur     ret=0  data=['0xfe', '0x01', '0x01', '0x02']
17:30:22.660  DEBUG   [poll]    -> read  st2mot    
17:30:22.663  DEBUG   [poll]    <- read  st2mot     ret=0  data=['0x00', '0x00']
17:30:22.663  DEBUG   [poll]    -> read  st0cur    
17:30:22.668  DEBUG   [poll]    <- read  st0cur     ret=0  data=['0xfe', '0x01', '0x01', '0x02']
17:30:23.669  DEBUG   [poll]    -> read  st2mot    
17:30:23.672  DEBUG   [poll]    <- read  st2mot     ret=0  data=['0x00', '0x00']
17:30:23.673  DEBUG   [poll]    -> read  st0cur    
17:30:23.677  DEBUG   [poll]    <- read  st0cur     ret=0  data=['0xfe', '0x01', '0x01', '0x02']
17:30:24.678  DEBUG   [poll]    -> read  st2mot    
17:30:24.682  DEBUG   [poll]    <- read  st2mot     ret=0  data=['0x00', '0x00']
17:30:24.682  DEBUG   [poll]    -> read  st0cur    
17:30:24.686  DEBUG   [poll]    <- read  st0cur     ret=0  data=['0xfe', '0x01', '0x01', '0x02']
17:30:25.688  DEBUG   [poll]    -> read  st2mot    
17:30:25.691  DEBUG   [poll]    <- read  st2mot     ret=0  data=['0x00', '0x00']
17:30:25.692  DEBUG   [poll]    -> read  st0cur    
17:30:25.696  DEBUG   [poll]    <- read  st0cur     ret=0  data=['0xfe', '0x01', '0x01', '0x02']
17:30:26.697  DEBUG   [poll]    -> read  st2mot    
17:30:26.704  DEBUG   [poll]    <- read  st2mot     ret=0  data=['0x00', '0x00']
17:30:26.705  DEBUG   [poll]    -> read  st0cur    
17:30:26.709  DEBUG   [poll]    <- read  st0cur     ret=0  data=['0xfe', '0x01', '0x01', '0x02']
17:30:27.710  DEBUG   [poll]    -> read  st2mot    
17:30:27.714  DEBUG   [poll]    <- read  st2mot     ret=0  data=['0x00', '0x00']
17:30:27.714  DEBUG   [poll]    -> read  st0cur    
17:30:27.718  DEBUG   [poll]    <- read  st0cur     ret=0  data=['0xfd', '0x01', '0x01', '0x02']
17:30:28.720  DEBUG   [poll]    -> read  st2mot    
17:30:28.723  DEBUG   [poll]    <- read  st2mot     ret=0  data=['0x00', '0x00']
17:30:28.724  DEBUG   [poll]    -> read  st0cur    
17:30:28.728  DEBUG   [poll]    <- read  st0cur     ret=0  data=['0xfe', '0x01', '0x01', '0x02']
17:30:29.729  DEBUG   [poll]    -> read  st2mot    
17:30:29.733  DEBUG   [poll]    <- read  st2mot     ret=0  data=['0x00', '0x00']
17:30:29.733  DEBUG   [poll]    -> read  st0cur    
17:30:29.738  DEBUG   [poll]    <- read  st0cur     ret=0  data=['0xfd', '0x01', '0x01', '0x02']
17:30:30.739  DEBUG   [poll]    -> read  st2mot    
17:30:30.742  DEBUG   [poll]    <- read  st2mot     ret=0  data=['0x00', '0x00']
17:30:30.743  DEBUG   [poll]    -> read  st0cur    
17:30:30.747  DEBUG   [poll]    <- read  st0cur     ret=0  data=['0xfe', '0x01', '0x01', '0x02']
17:30:31.748  DEBUG   [poll]    -> read  st2mot    
17:30:31.752  DEBUG   [poll]    <- read  st2mot     ret=0  data=['0x00', '0x00']
17:30:31.752  DEBUG   [poll]    -> read  st0cur    
17:30:31.757  DEBUG   [poll]    <- read  st0cur     ret=0  data=['0xfe', '0x01', '0x01', '0x02']
17:30:32.758  DEBUG   [poll]    -> read  st2mot    
17:30:32.761  DEBUG   [poll]    <- read  st2mot     ret=0  data=['0x00', '0x00']
17:30:32.762  DEBUG   [poll]    -> read  st0cur    
17:30:32.766  DEBUG   [poll]    <- read  st0cur     ret=0  data=['0xfe', '0x01', '0x01', '0x02']
17:30:33.769  DEBUG   [poll]    -> read  st2mot    
17:30:33.772  DEBUG   [poll]    <- read  st2mot     ret=0  data=['0x00', '0x00']
17:30:33.773  DEBUG   [poll]    -> read  st0cur    
17:30:33.777  DEBUG   [poll]    <- read  st0cur     ret=0  data=['0xfe', '0x01', '0x01', '0x02']
17:30:34.778  DEBUG   [poll]    -> read  st2mot    
17:30:34.782  DEBUG   [poll]    <- read  st2mot     ret=0  data=['0x00', '0x00']
17:30:34.782  DEBUG   [poll]    -> read  st0cur    
17:30:34.786  DEBUG   [poll]    <- read  st0cur     ret=0  data=['0xfe', '0x01', '0x01', '0x02']
17:30:35.788  DEBUG   [poll]    -> read  st2mot    
17:30:35.791  DEBUG   [poll]    <- read  st2mot     ret=0  data=['0x00', '0x00']
17:30:35.792  DEBUG   [poll]    -> read  st0cur    
17:30:35.796  DEBUG   [poll]    <- read  st0cur     ret=0  data=['0xfe', '0x01', '0x01', '0x02']
17:30:36.797  DEBUG   [poll]    -> read  st2mot    
17:30:36.801  DEBUG   [poll]    <- read  st2mot     ret=0  data=['0x00', '0x00']
17:30:36.801  DEBUG   [poll]    -> read  st0cur    
17:30:36.805  DEBUG   [poll]    <- read  st0cur     ret=0  data=['0xfe', '0x01', '0x01', '0x02']
17:30:37.807  DEBUG   [poll]    -> read  st2mot    
17:30:37.810  DEBUG   [poll]    <- read  st2mot     ret=0  data=['0x00', '0x00']
17:30:37.810  DEBUG   [poll]    -> read  st0cur    
17:30:37.815  DEBUG   [poll]    <- read  st0cur     ret=0  data=['0xfe', '0x01', '0x01', '0x02']
17:30:38.816  DEBUG   [poll]    -> read  st2mot    
17:30:38.820  DEBUG   [poll]    <- read  st2mot     ret=0  data=['0x00', '0x00']
17:30:38.820  DEBUG   [poll]    -> read  st0cur    
17:30:38.824  DEBUG   [poll]    <- read  st0cur     ret=0  data=['0xfe', '0x01', '0x02', '0x02']
17:30:39.826  DEBUG   [poll]    -> read  st2mot    
17:30:39.829  DEBUG   [poll]    <- read  st2mot     ret=0  data=['0x00', '0x00']
17:30:39.829  DEBUG   [poll]    -> read  st0cur    
17:30:39.834  DEBUG   [poll]    <- read  st0cur     ret=0  data=['0xfe', '0x01', '0x01', '0x02']
17:30:40.835  DEBUG   [poll]    -> read  st2mot    
17:30:40.838  DEBUG   [poll]    <- read  st2mot     ret=0  data=['0x00', '0x00']
17:30:40.839  DEBUG   [poll]    -> read  st0cur    
17:30:40.843  DEBUG   [poll]    <- read  st0cur     ret=0  data=['0xfe', '0x01', '0x01', '0x02']
17:30:41.844  DEBUG   [poll]    -> read  st2mot    
17:30:41.852  DEBUG   [poll]    <- read  st2mot     ret=0  data=['0x00', '0x00']
17:30:41.852  DEBUG   [poll]    -> read  st0cur    
17:30:41.856  DEBUG   [poll]    <- read  st0cur     ret=0  data=['0xfd', '0x01', '0x01', '0x02']
17:30:42.858  DEBUG   [poll]    -> read  st2mot    
17:30:42.861  DEBUG   [poll]    <- read  st2mot     ret=0  data=['0x00', '0x00']
17:30:42.861  DEBUG   [poll]    -> read  st0cur    
17:30:42.866  DEBUG   [poll]    <- read  st0cur     ret=0  data=['0xfe', '0x01', '0x01', '0x02']
17:30:43.867  DEBUG   [poll]    -> read  st2mot    
17:30:43.871  DEBUG   [poll]    <- read  st2mot     ret=0  data=['0x00', '0x00']
17:30:43.871  DEBUG   [poll]    -> read  st0cur    
17:30:43.875  DEBUG   [poll]    <- read  st0cur     ret=0  data=['0xfe', '0x01', '0x01', '0x02']
17:30:44.877  DEBUG   [poll]    -> read  st2mot    
17:30:44.880  DEBUG   [poll]    <- read  st2mot     ret=0  data=['0x00', '0x00']
17:30:44.880  DEBUG   [poll]    -> read  st0cur    
17:30:44.885  DEBUG   [poll]    <- read  st0cur     ret=0  data=['0xfe', '0x01', '0x01', '0x02']
17:30:45.886  DEBUG   [poll]    -> read  st2mot    
17:30:45.889  DEBUG   [poll]    <- read  st2mot     ret=0  data=['0x00', '0x00']
17:30:45.890  DEBUG   [poll]    -> read  st0cur    
17:30:45.894  DEBUG   [poll]    <- read  st0cur     ret=0  data=['0xfe', '0x01', '0x01', '0x02']
17:30:46.895  DEBUG   [poll]    -> read  st2mot    
17:30:46.906  DEBUG   [poll]    <- read  st2mot     ret=0  data=['0x00', '0x00']
17:30:46.907  DEBUG   [poll]    -> read  st0cur    
17:30:46.911  DEBUG   [poll]    <- read  st0cur     ret=0  data=['0xfe', '0x01', '0x01', '0x02']
17:30:47.912  DEBUG   [poll]    -> read  st2mot    
17:30:47.916  DEBUG   [poll]    <- read  st2mot     ret=0  data=['0x00', '0x00']
17:30:47.916  DEBUG   [poll]    -> read  st0cur    
17:30:47.920  DEBUG   [poll]    <- read  st0cur     ret=0  data=['0xfe', '0x01', '0x01', '0x02']
17:30:48.922  DEBUG   [poll]    -> read  st2mot    
17:30:48.925  DEBUG   [poll]    <- read  st2mot     ret=0  data=['0x00', '0x00']
17:30:48.925  DEBUG   [poll]    -> read  st0cur    
17:30:48.930  DEBUG   [poll]    <- read  st0cur     ret=0  data=['0xfe', '0x01', '0x01', '0x02']
17:30:49.931  DEBUG   [poll]    -> read  st2mot    
17:30:49.935  DEBUG   [poll]    <- read  st2mot     ret=0  data=['0x00', '0x00']
17:30:49.935  DEBUG   [poll]    -> read  st0cur    
17:30:49.939  DEBUG   [poll]    <- read  st0cur     ret=0  data=['0xfe', '0x01', '0x01', '0x02']
17:30:50.941  DEBUG   [poll]    -> read  st2mot    
17:30:50.944  DEBUG   [poll]    <- read  st2mot     ret=0  data=['0x00', '0x00']
17:30:50.945  DEBUG   [poll]    -> read  st0cur    
17:30:50.949  DEBUG   [poll]    <- read  st0cur     ret=0  data=['0xfe', '0x01', '0x01', '0x02']
17:30:51.950  DEBUG   [poll]    -> read  st2mot    
17:30:51.957  DEBUG   [poll]    <- read  st2mot     ret=0  data=['0x00', '0x00']
17:30:51.958  DEBUG   [poll]    -> read  st0cur    
17:30:51.962  DEBUG   [poll]    <- read  st0cur     ret=0  data=['0xfe', '0x01', '0x01', '0x02']
17:30:52.963  DEBUG   [poll]    -> read  st2mot    
17:30:52.967  DEBUG   [poll]    <- read  st2mot     ret=0  data=['0x00', '0x00']
17:30:52.967  DEBUG   [poll]    -> read  st0cur    
17:30:52.971  DEBUG   [poll]    <- read  st0cur     ret=0  data=['0xfd', '0x01', '0x01', '0x02']
17:30:53.973  DEBUG   [poll]    -> read  st2mot    
17:30:53.976  DEBUG   [poll]    <- read  st2mot     ret=0  data=['0x00', '0x00']
17:30:53.977  DEBUG   [poll]    -> read  st0cur    
17:30:53.981  DEBUG   [poll]    <- read  st0cur     ret=0  data=['0xfe', '0x01', '0x01', '0x02']
17:30:54.982  DEBUG   [poll]    -> read  st2mot    
17:30:54.986  DEBUG   [poll]    <- read  st2mot     ret=0  data=['0x00', '0x00']
17:30:54.986  DEBUG   [poll]    -> read  st0cur    
17:30:54.990  DEBUG   [poll]    <- read  st0cur     ret=0  data=['0xfe', '0x01', '0x01', '0x02']
17:30:55.992  DEBUG   [poll]    -> read  st2mot    
17:30:55.995  DEBUG   [poll]    <- read  st2mot     ret=0  data=['0x00', '0x00']
17:30:55.995  DEBUG   [poll]    -> read  st0cur    
17:30:56.000  DEBUG   [poll]    <- read  st0cur     ret=0  data=['0xfe', '0x01', '0x01', '0x02']
17:30:57.001  DEBUG   [poll]    -> read  st2mot    
17:30:57.008  DEBUG   [poll]    <- read  st2mot     ret=0  data=['0x00', '0x00']
17:30:57.008  DEBUG   [poll]    -> read  st0cur    
17:30:57.012  DEBUG   [poll]    <- read  st0cur     ret=0  data=['0xfe', '0x01', '0x01', '0x02']
17:30:58.014  DEBUG   [poll]    -> read  st2mot    
17:30:58.017  DEBUG   [poll]    <- read  st2mot     ret=0  data=['0x00', '0x00']
17:30:58.018  DEBUG   [poll]    -> read  st0cur    
17:30:58.022  DEBUG   [poll]    <- read  st0cur     ret=0  data=['0xfe', '0x01', '0x01', '0x02']
17:30:59.023  DEBUG   [poll]    -> read  st2mot    
17:30:59.027  DEBUG   [poll]    <- read  st2mot     ret=0  data=['0x00', '0x00']
17:30:59.027  DEBUG   [poll]    -> read  st0cur    
17:30:59.031  DEBUG   [poll]    <- read  st0cur     ret=0  data=['0xfe', '0x01', '0x01', '0x02']
17:31:00.033  DEBUG   [poll]    -> read  st2mot    
17:31:00.036  DEBUG   [poll]    <- read  st2mot     ret=0  data=['0x00', '0x00']
17:31:00.037  DEBUG   [poll]    -> read  st0cur    
17:31:00.041  DEBUG   [poll]    <- read  st0cur     ret=0  data=['0xfe', '0x01', '0x01', '0x02']
17:31:01.043  DEBUG   [poll]    -> read  st2mot    
17:31:01.046  DEBUG   [poll]    <- read  st2mot     ret=0  data=['0x00', '0x00']
17:31:01.047  DEBUG   [poll]    -> read  st0cur    
17:31:01.051  DEBUG   [poll]    <- read  st0cur     ret=0  data=['0xfe', '0x01', '0x01', '0x02']
17:31:02.052  DEBUG   [poll]    -> read  st2mot    
17:31:02.059  DEBUG   [poll]    <- read  st2mot     ret=0  data=['0x00', '0x00']
17:31:02.060  DEBUG   [poll]    -> read  st0cur    
17:31:02.064  DEBUG   [poll]    <- read  st0cur     ret=0  data=['0xfd', '0x01', '0x01', '0x02']
17:31:03.065  DEBUG   [poll]    -> read  st2mot    
17:31:03.069  DEBUG   [poll]    <- read  st2mot     ret=0  data=['0x00', '0x00']
17:31:03.069  DEBUG   [poll]    -> read  st0cur    
17:31:03.073  DEBUG   [poll]    <- read  st0cur     ret=0  data=['0xfd', '0x01', '0x01', '0x02']
17:31:04.075  DEBUG   [poll]    -> read  st2mot    
17:31:04.078  DEBUG   [poll]    <- read  st2mot     ret=0  data=['0x00', '0x00']
17:31:04.079  DEBUG   [poll]    -> read  st0cur    
17:31:04.083  DEBUG   [poll]    <- read  st0cur     ret=0  data=['0xfe', '0x01', '0x01', '0x02']
17:31:05.084  DEBUG   [poll]    -> read  st2mot    
17:31:05.088  DEBUG   [poll]    <- read  st2mot     ret=0  data=['0x00', '0x00']
17:31:05.088  DEBUG   [poll]    -> read  st0cur    
17:31:05.092  DEBUG   [poll]    <- read  st0cur     ret=0  data=['0xfe', '0x01', '0x01', '0x02']
17:31:06.094  DEBUG   [poll]    -> read  st2mot    
17:31:06.097  DEBUG   [poll]    <- read  st2mot     ret=0  data=['0x00', '0x00']
17:31:06.098  DEBUG   [poll]    -> read  st0cur    
17:31:06.102  DEBUG   [poll]    <- read  st0cur     ret=0  data=['0xfd', '0x01', '0x01', '0x02']
17:31:07.103  DEBUG   [poll]    -> read  st2mot    
17:31:07.110  DEBUG   [poll]    <- read  st2mot     ret=0  data=['0x00', '0x00']
17:31:07.111  DEBUG   [poll]    -> read  st0cur    
17:31:07.115  DEBUG   [poll]    <- read  st0cur     ret=0  data=['0xfe', '0x01', '0x01', '0x02']
17:31:08.116  DEBUG   [poll]    -> read  st2mot    
17:31:08.120  DEBUG   [poll]    <- read  st2mot     ret=0  data=['0x00', '0x00']
17:31:08.120  DEBUG   [poll]    -> read  st0cur    
17:31:08.124  DEBUG   [poll]    <- read  st0cur     ret=0  data=['0xfe', '0x01', '0x01', '0x02']
17:31:09.126  DEBUG   [poll]    -> read  st2mot    
17:31:09.129  DEBUG   [poll]    <- read  st2mot     ret=0  data=['0x00', '0x00']
17:31:09.129  DEBUG   [poll]    -> read  st0cur    
17:31:09.134  DEBUG   [poll]    <- read  st0cur     ret=0  data=['0xfe', '0x01', '0x01', '0x02']
17:31:10.135  DEBUG   [poll]    -> read  st2mot    
17:31:10.138  DEBUG   [poll]    <- read  st2mot     ret=0  data=['0x00', '0x00']
17:31:10.139  DEBUG   [poll]    -> read  st0cur    
17:31:10.143  DEBUG   [poll]    <- read  st0cur     ret=0  data=['0xfe', '0x01', '0x01', '0x02']
17:31:11.145  DEBUG   [poll]    -> read  st2mot    
17:31:11.148  DEBUG   [poll]    <- read  st2mot     ret=0  data=['0x00', '0x00']
17:31:11.148  DEBUG   [poll]    -> read  st0cur    
17:31:11.152  DEBUG   [poll]    <- read  st0cur     ret=0  data=['0xfe', '0x01', '0x01', '0x02']
17:31:12.154  DEBUG   [poll]    -> read  st2mot    
17:31:12.161  DEBUG   [poll]    <- read  st2mot     ret=0  data=['0x00', '0x00']
17:31:12.161  DEBUG   [poll]    -> read  st0cur    
17:31:12.165  DEBUG   [poll]    <- read  st0cur     ret=0  data=['0xfe', '0x01', '0x01', '0x02']
17:31:13.167  DEBUG   [poll]    -> read  st2mot    
17:31:13.170  DEBUG   [poll]    <- read  st2mot     ret=0  data=['0x00', '0x00']
17:31:13.171  DEBUG   [poll]    -> read  st0cur    
17:31:13.175  DEBUG   [poll]    <- read  st0cur     ret=0  data=['0xfe', '0x01', '0x01', '0x02']
17:31:14.176  DEBUG   [poll]    -> read  st2mot    
17:31:14.180  DEBUG   [poll]    <- read  st2mot     ret=0  data=['0x00', '0x00']
17:31:14.180  DEBUG   [poll]    -> read  st0cur    
17:31:14.184  DEBUG   [poll]    <- read  st0cur     ret=0  data=['0xfe', '0x01', '0x01', '0x02']
17:31:15.186  DEBUG   [poll]    -> read  st2mot    
17:31:15.189  DEBUG   [poll]    <- read  st2mot     ret=0  data=['0x00', '0x00']
17:31:15.190  DEBUG   [poll]    -> read  st0cur    
17:31:15.194  DEBUG   [poll]    <- read  st0cur     ret=0  data=['0xfe', '0x01', '0x01', '0x02']
17:31:16.195  DEBUG   [poll]    -> read  st2mot    
17:31:16.199  DEBUG   [poll]    <- read  st2mot     ret=0  data=['0x00', '0x00']
17:31:16.199  DEBUG   [poll]    -> read  st0cur    
17:31:16.203  DEBUG   [poll]    <- read  st0cur     ret=0  data=['0xfe', '0x01', '0x01', '0x02']
17:31:17.205  DEBUG   [poll]    -> read  st2mot    
17:31:17.212  DEBUG   [poll]    <- read  st2mot     ret=0  data=['0x00', '0x00']
17:31:17.213  DEBUG   [poll]    -> read  st0cur    
17:31:17.217  DEBUG   [poll]    <- read  st0cur     ret=0  data=['0xfe', '0x01', '0x01', '0x02']
17:31:18.218  DEBUG   [poll]    -> read  st2mot    
17:31:18.222  DEBUG   [poll]    <- read  st2mot     ret=0  data=['0x00', '0x00']
17:31:18.222  DEBUG   [poll]    -> read  st0cur    
17:31:18.226  DEBUG   [poll]    <- read  st0cur     ret=0  data=['0xfd', '0x01', '0x01', '0x02']
17:31:19.228  DEBUG   [poll]    -> read  st2mot    
17:31:19.231  DEBUG   [poll]    <- read  st2mot     ret=0  data=['0x00', '0x00']
17:31:19.232  DEBUG   [poll]    -> read  st0cur    
17:31:19.236  DEBUG   [poll]    <- read  st0cur     ret=0  data=['0xfe', '0x01', '0x01', '0x02']
17:31:20.237  DEBUG   [poll]    -> read  st2mot    
17:31:20.241  DEBUG   [poll]    <- read  st2mot     ret=0  data=['0x00', '0x00']
17:31:20.241  DEBUG   [poll]    -> read  st0cur    
17:31:20.245  DEBUG   [poll]    <- read  st0cur     ret=0  data=['0xfe', '0x01', '0x01', '0x02']
17:31:21.247  DEBUG   [poll]    -> read  st2mot    
17:31:21.250  DEBUG   [poll]    <- read  st2mot     ret=0  data=['0x00', '0x00']
17:31:21.250  DEBUG   [poll]    -> read  st0cur    
17:31:21.255  DEBUG   [poll]    <- read  st0cur     ret=0  data=['0xfe', '0x01', '0x01', '0x02']
17:31:22.256  DEBUG   [poll]    -> read  st2mot    
17:31:22.263  DEBUG   [poll]    <- read  st2mot     ret=0  data=['0x00', '0x00']
17:31:22.263  DEBUG   [poll]    -> read  st0cur    
17:31:22.267  DEBUG   [poll]    <- read  st0cur     ret=0  data=['0xfe', '0x01', '0x01', '0x02']
17:31:23.269  DEBUG   [poll]    -> read  st2mot    
17:31:23.272  DEBUG   [poll]    <- read  st2mot     ret=0  data=['0x00', '0x00']
17:31:23.273  DEBUG   [poll]    -> read  st0cur    
17:31:23.277  DEBUG   [poll]    <- read  st0cur     ret=0  data=['0xfe', '0x01', '0x01', '0x02']
17:31:24.278  DEBUG   [poll]    -> read  st2mot    
17:31:24.282  DEBUG   [poll]    <- read  st2mot     ret=0  data=['0x00', '0x00']
17:31:24.282  DEBUG   [poll]    -> read  st0cur    
17:31:24.286  DEBUG   [poll]    <- read  st0cur     ret=0  data=['0xfe', '0x01', '0x01', '0x02']
17:31:25.288  DEBUG   [poll]    -> read  st2mot    
17:31:25.291  DEBUG   [poll]    <- read  st2mot     ret=0  data=['0x00', '0x00']
17:31:25.291  DEBUG   [poll]    -> read  st0cur    
17:31:25.296  DEBUG   [poll]    <- read  st0cur     ret=0  data=['0xfe', '0x01', '0x01', '0x02']
17:31:26.297  DEBUG   [poll]    -> read  st2mot    
17:31:26.300  DEBUG   [poll]    <- read  st2mot     ret=0  data=['0x00', '0x00']
17:31:26.301  DEBUG   [poll]    -> read  st0cur    
17:31:26.305  DEBUG   [poll]    <- read  st0cur     ret=0  data=['0xfe', '0x01', '0x01', '0x02']
17:31:27.306  DEBUG   [poll]    -> read  st2mot    
17:31:27.313  DEBUG   [poll]    <- read  st2mot     ret=0  data=['0x00', '0x00']
17:31:27.314  DEBUG   [poll]    -> read  st0cur    
17:31:27.318  DEBUG   [poll]    <- read  st0cur     ret=0  data=['0xfd', '0x01', '0x01', '0x02']
17:31:28.320  DEBUG   [poll]    -> read  st2mot    
17:31:28.323  DEBUG   [poll]    <- read  st2mot     ret=0  data=['0x00', '0x00']
17:31:28.324  DEBUG   [poll]    -> read  st0cur    
17:31:28.328  DEBUG   [poll]    <- read  st0cur     ret=0  data=['0xfd', '0x01', '0x01', '0x02']
17:31:29.330  DEBUG   [poll]    -> read  st2mot    
17:31:29.333  DEBUG   [poll]    <- read  st2mot     ret=0  data=['0x00', '0x00']
17:31:29.333  DEBUG   [poll]    -> read  st0cur    
17:31:29.338  DEBUG   [poll]    <- read  st0cur     ret=0  data=['0xfd', '0x01', '0x01', '0x02']
17:31:30.339  DEBUG   [poll]    -> read  st2mot    
17:31:30.343  DEBUG   [poll]    <- read  st2mot     ret=0  data=['0x00', '0x00']
17:31:30.343  DEBUG   [poll]    -> read  st0cur    
17:31:30.347  DEBUG   [poll]    <- read  st0cur     ret=0  data=['0xfe', '0x01', '0x02', '0x02']
17:31:31.349  DEBUG   [poll]    -> read  st2mot    
17:31:31.352  DEBUG   [poll]    <- read  st2mot     ret=0  data=['0x00', '0x00']
17:31:31.353  DEBUG   [poll]    -> read  st0cur    
17:31:31.357  DEBUG   [poll]    <- read  st0cur     ret=0  data=['0xfe', '0x01', '0x01', '0x02']
17:31:32.358  DEBUG   [poll]    -> read  st2mot    
17:31:32.365  DEBUG   [poll]    <- read  st2mot     ret=0  data=['0x00', '0x00']
17:31:32.366  DEBUG   [poll]    -> read  st0cur    
17:31:32.370  DEBUG   [poll]    <- read  st0cur     ret=0  data=['0xfe', '0x01', '0x01', '0x02']
17:31:33.371  DEBUG   [poll]    -> read  st2mot    
17:31:33.375  DEBUG   [poll]    <- read  st2mot     ret=0  data=['0x00', '0x00']
17:31:33.375  DEBUG   [poll]    -> read  st0cur    
17:31:33.379  DEBUG   [poll]    <- read  st0cur     ret=0  data=['0xfe', '0x01', '0x01', '0x02']
17:31:34.381  DEBUG   [poll]    -> read  st2mot    
17:31:34.384  DEBUG   [poll]    <- read  st2mot     ret=0  data=['0x00', '0x00']
17:31:34.384  DEBUG   [poll]    -> read  st0cur    
17:31:34.389  DEBUG   [poll]    <- read  st0cur     ret=0  data=['0xfe', '0x01', '0x01', '0x02']
17:31:35.390  DEBUG   [poll]    -> read  st2mot    
17:31:35.393  DEBUG   [poll]    <- read  st2mot     ret=0  data=['0x00', '0x00']
17:31:35.394  DEBUG   [poll]    -> read  st0cur    
17:31:35.398  DEBUG   [poll]    <- read  st0cur     ret=0  data=['0xfe', '0x01', '0x01', '0x02']
17:31:36.400  DEBUG   [poll]    -> read  st2mot    
17:31:36.403  DEBUG   [poll]    <- read  st2mot     ret=0  data=['0x00', '0x00']
17:31:36.403  DEBUG   [poll]    -> read  st0cur    
17:31:36.407  DEBUG   [poll]    <- read  st0cur     ret=0  data=['0xfe', '0x01', '0x01', '0x02']
17:31:37.409  DEBUG   [poll]    -> read  st2mot    
17:31:37.416  DEBUG   [poll]    <- read  st2mot     ret=0  data=['0x00', '0x00']
17:31:37.416  DEBUG   [poll]    -> read  st0cur    
17:31:37.420  DEBUG   [poll]    <- read  st0cur     ret=0  data=['0xfe', '0x01', '0x01', '0x02']
17:31:38.422  DEBUG   [poll]    -> read  st2mot    
17:31:38.425  DEBUG   [poll]    <- read  st2mot     ret=0  data=['0x00', '0x00']
17:31:38.426  DEBUG   [poll]    -> read  st0cur    
17:31:38.430  DEBUG   [poll]    <- read  st0cur     ret=0  data=['0xfe', '0x01', '0x01', '0x02']
17:31:39.431  DEBUG   [poll]    -> read  st2mot    
17:31:39.435  DEBUG   [poll]    <- read  st2mot     ret=0  data=['0x00', '0x00']
17:31:39.435  DEBUG   [poll]    -> read  st0cur    
17:31:39.439  DEBUG   [poll]    <- read  st0cur     ret=0  data=['0xfe', '0x01', '0x01', '0x02']
17:31:40.441  DEBUG   [poll]    -> read  st2mot    
17:31:40.444  DEBUG   [poll]    <- read  st2mot     ret=0  data=['0x00', '0x00']
17:31:40.444  DEBUG   [poll]    -> read  st0cur    
17:31:40.449  DEBUG   [poll]    <- read  st0cur     ret=0  data=['0xfe', '0x01', '0x01', '0x02']
17:31:41.450  DEBUG   [poll]    -> read  st2mot    
17:31:41.454  DEBUG   [poll]    <- read  st2mot     ret=0  data=['0x00', '0x00']
17:31:41.454  DEBUG   [poll]    -> read  st0cur    
17:31:41.458  DEBUG   [poll]    <- read  st0cur     ret=0  data=['0xfe', '0x01', '0x02', '0x02']
17:31:42.460  DEBUG   [poll]    -> read  st2mot    
17:31:42.467  DEBUG   [poll]    <- read  st2mot     ret=0  data=['0x00', '0x00']
17:31:42.467  DEBUG   [poll]    -> read  st0cur    
17:31:42.471  DEBUG   [poll]    <- read  st0cur     ret=0  data=['0xfe', '0x01', '0x01', '0x02']
17:31:43.473  DEBUG   [poll]    -> read  st2mot    
17:31:43.476  DEBUG   [poll]    <- read  st2mot     ret=0  data=['0x00', '0x00']
17:31:43.476  DEBUG   [poll]    -> read  st0cur    
17:31:43.481  DEBUG   [poll]    <- read  st0cur     ret=0  data=['0xfe', '0x01', '0x01', '0x02']
17:31:44.482  DEBUG   [poll]    -> read  st2mot    
17:31:44.485  DEBUG   [poll]    <- read  st2mot     ret=0  data=['0x00', '0x00']
17:31:44.486  DEBUG   [poll]    -> read  st0cur    
17:31:44.490  DEBUG   [poll]    <- read  st0cur     ret=0  data=['0xfe', '0x01', '0x01', '0x02']
17:31:45.491  DEBUG   [poll]    -> read  st2mot    
17:31:45.495  DEBUG   [poll]    <- read  st2mot     ret=0  data=['0x00', '0x00']
17:31:45.495  DEBUG   [poll]    -> read  st0cur    
17:31:45.499  DEBUG   [poll]    <- read  st0cur     ret=0  data=['0xfd', '0x01', '0x01', '0x02']
17:31:46.501  DEBUG   [poll]    -> read  st2mot    
17:31:46.504  DEBUG   [poll]    <- read  st2mot     ret=0  data=['0x00', '0x00']
17:31:46.505  DEBUG   [poll]    -> read  st0cur    
17:31:46.509  DEBUG   [poll]    <- read  st0cur     ret=0  data=['0xfe', '0x01', '0x01', '0x02']
17:31:47.510  DEBUG   [poll]    -> read  st2mot    
17:31:47.518  DEBUG   [poll]    <- read  st2mot     ret=0  data=['0x00', '0x00']
17:31:47.518  DEBUG   [poll]    -> read  st0cur    
17:31:47.522  DEBUG   [poll]    <- read  st0cur     ret=0  data=['0xfe', '0x01', '0x01', '0x02']
17:31:48.524  DEBUG   [poll]    -> read  st2mot    
17:31:48.527  DEBUG   [poll]    <- read  st2mot     ret=0  data=['0x00', '0x00']
17:31:48.528  DEBUG   [poll]    -> read  st0cur    
17:31:48.532  DEBUG   [poll]    <- read  st0cur     ret=0  data=['0xfe', '0x01', '0x01', '0x02']
17:31:49.533  DEBUG   [poll]    -> read  st2mot    
17:31:49.537  DEBUG   [poll]    <- read  st2mot     ret=0  data=['0x00', '0x00']
17:31:49.537  DEBUG   [poll]    -> read  st0cur    
17:31:49.542  DEBUG   [poll]    <- read  st0cur     ret=0  data=['0xfe', '0x01', '0x01', '0x02']
17:31:50.543  DEBUG   [poll]    -> read  st2mot    
17:31:50.546  DEBUG   [poll]    <- read  st2mot     ret=0  data=['0x00', '0x00']
17:31:50.547  DEBUG   [poll]    -> read  st0cur    
17:31:50.551  DEBUG   [poll]    <- read  st0cur     ret=0  data=['0xfe', '0x01', '0x01', '0x02']
17:31:51.552  DEBUG   [poll]    -> read  st2mot    
17:31:51.556  DEBUG   [poll]    <- read  st2mot     ret=0  data=['0x00', '0x00']
17:31:51.556  DEBUG   [poll]    -> read  st0cur    
17:31:51.560  DEBUG   [poll]    <- read  st0cur     ret=0  data=['0xfe', '0x01', '0x01', '0x02']
17:31:52.562  DEBUG   [poll]    -> read  st2mot    
17:31:52.568  DEBUG   [poll]    <- read  st2mot     ret=0  data=['0x00', '0x00']
17:31:52.569  DEBUG   [poll]    -> read  st0cur    
17:31:52.573  DEBUG   [poll]    <- read  st0cur     ret=0  data=['0xfe', '0x01', '0x01', '0x02']
17:31:53.574  DEBUG   [poll]    -> read  st2mot    
17:31:53.578  DEBUG   [poll]    <- read  st2mot     ret=0  data=['0x00', '0x00']
17:31:53.578  DEBUG   [poll]    -> read  st0cur    
17:31:53.582  DEBUG   [poll]    <- read  st0cur     ret=0  data=['0xfe', '0x01', '0x01', '0x02']
17:31:54.584  DEBUG   [poll]    -> read  st2mot    
17:31:54.587  DEBUG   [poll]    <- read  st2mot     ret=0  data=['0x00', '0x00']
17:31:54.588  DEBUG   [poll]    -> read  st0cur    
17:31:54.592  DEBUG   [poll]    <- read  st0cur     ret=0  data=['0xfe', '0x01', '0x01', '0x02']
17:31:55.593  DEBUG   [poll]    -> read  st2mot    
17:31:55.597  DEBUG   [poll]    <- read  st2mot     ret=0  data=['0x00', '0x00']
17:31:55.597  DEBUG   [poll]    -> read  st0cur    
17:31:55.601  DEBUG   [poll]    <- read  st0cur     ret=0  data=['0xfe', '0x01', '0x01', '0x02']
17:31:56.603  DEBUG   [poll]    -> read  st2mot    
17:31:56.606  DEBUG   [poll]    <- read  st2mot     ret=0  data=['0x00', '0x00']
17:31:56.606  DEBUG   [poll]    -> read  st0cur    
17:31:56.611  DEBUG   [poll]    <- read  st0cur     ret=0  data=['0xfd', '0x01', '0x01', '0x02']
17:31:57.612  DEBUG   [poll]    -> read  st2mot    
17:31:57.619  DEBUG   [poll]    <- read  st2mot     ret=0  data=['0x00', '0x00']
17:31:57.620  DEBUG   [poll]    -> read  st0cur    
17:31:57.624  DEBUG   [poll]    <- read  st0cur     ret=0  data=['0xfe', '0x01', '0x01', '0x02']
17:31:58.625  DEBUG   [poll]    -> read  st2mot    
17:31:58.629  DEBUG   [poll]    <- read  st2mot     ret=0  data=['0x00', '0x00']
17:31:58.629  DEBUG   [poll]    -> read  st0cur    
17:31:58.633  DEBUG   [poll]    <- read  st0cur     ret=0  data=['0xfe', '0x01', '0x02', '0x02']
17:31:59.635  DEBUG   [poll]    -> read  st2mot    
17:31:59.638  DEBUG   [poll]    <- read  st2mot     ret=0  data=['0x00', '0x00']
17:31:59.638  DEBUG   [poll]    -> read  st0cur    
17:31:59.643  DEBUG   [poll]    <- read  st0cur     ret=0  data=['0xfe', '0x01', '0x01', '0x02']
17:32:00.644  DEBUG   [poll]    -> read  st2mot    
17:32:00.648  DEBUG   [poll]    <- read  st2mot     ret=0  data=['0x00', '0x00']
17:32:00.648  DEBUG   [poll]    -> read  st0cur    
17:32:00.652  DEBUG   [poll]    <- read  st0cur     ret=0  data=['0xfe', '0x01', '0x01', '0x02']
17:32:01.654  DEBUG   [poll]    -> read  st2mot    
17:32:01.657  DEBUG   [poll]    <- read  st2mot     ret=0  data=['0x00', '0x00']
17:32:01.658  DEBUG   [poll]    -> read  st0cur    
17:32:01.662  DEBUG   [poll]    <- read  st0cur     ret=0  data=['0xfe', '0x01', '0x01', '0x02']
17:32:02.663  DEBUG   [poll]    -> read  st2mot    
17:32:02.670  DEBUG   [poll]    <- read  st2mot     ret=0  data=['0x00', '0x00']
17:32:02.671  DEBUG   [poll]    -> read  st0cur    
17:32:02.675  DEBUG   [poll]    <- read  st0cur     ret=0  data=['0xfe', '0x01', '0x01', '0x02']
17:32:03.677  DEBUG   [poll]    -> read  st2mot    
17:32:03.680  DEBUG   [poll]    <- read  st2mot     ret=0  data=['0x00', '0x00']
17:32:03.680  DEBUG   [poll]    -> read  st0cur    
17:32:03.685  DEBUG   [poll]    <- read  st0cur     ret=0  data=['0xfe', '0x01', '0x01', '0x02']
17:32:04.686  DEBUG   [poll]    -> read  st2mot    
17:32:04.689  DEBUG   [poll]    <- read  st2mot     ret=0  data=['0x00', '0x00']
17:32:04.690  DEBUG   [poll]    -> read  st0cur    
17:32:04.694  DEBUG   [poll]    <- read  st0cur     ret=0  data=['0xfe', '0x01', '0x01', '0x02']
17:32:05.695  DEBUG   [poll]    -> read  st2mot    
17:32:05.699  DEBUG   [poll]    <- read  st2mot     ret=0  data=['0x00', '0x00']
17:32:05.699  DEBUG   [poll]    -> read  st0cur    
17:32:05.703  DEBUG   [poll]    <- read  st0cur     ret=0  data=['0xfe', '0x01', '0x01', '0x02']
17:32:06.705  DEBUG   [poll]    -> read  st2mot    
17:32:06.708  DEBUG   [poll]    <- read  st2mot     ret=0  data=['0x00', '0x00']
17:32:06.708  DEBUG   [poll]    -> read  st0cur    
17:32:06.712  DEBUG   [poll]    <- read  st0cur     ret=0  data=['0xfe', '0x01', '0x01', '0x02']
17:32:07.714  DEBUG   [poll]    -> read  st2mot    
17:32:07.721  DEBUG   [poll]    <- read  st2mot     ret=0  data=['0x00', '0x00']
17:32:07.721  DEBUG   [poll]    -> read  st0cur    
17:32:07.726  DEBUG   [poll]    <- read  st0cur     ret=0  data=['0xfe', '0x01', '0x01', '0x02']
17:32:08.727  DEBUG   [poll]    -> read  st2mot    
17:32:08.730  DEBUG   [poll]    <- read  st2mot     ret=0  data=['0x00', '0x00']
17:32:08.731  DEBUG   [poll]    -> read  st0cur    
17:32:08.735  DEBUG   [poll]    <- read  st0cur     ret=0  data=['0xfd', '0x01', '0x01', '0x02']
17:32:09.737  DEBUG   [poll]    -> read  st2mot    
17:32:09.740  DEBUG   [poll]    <- read  st2mot     ret=0  data=['0x00', '0x00']
17:32:09.740  DEBUG   [poll]    -> read  st0cur    
17:32:09.744  DEBUG   [poll]    <- read  st0cur     ret=0  data=['0xfe', '0x01', '0x01', '0x02']
17:32:10.746  DEBUG   [poll]    -> read  st2mot    
17:32:10.749  DEBUG   [poll]    <- read  st2mot     ret=0  data=['0x00', '0x00']
17:32:10.750  DEBUG   [poll]    -> read  st0cur    
17:32:10.754  DEBUG   [poll]    <- read  st0cur     ret=0  data=['0xfe', '0x01', '0x01', '0x02']
17:32:11.755  DEBUG   [poll]    -> read  st2mot    
17:32:11.759  DEBUG   [poll]    <- read  st2mot     ret=0  data=['0x00', '0x00']
17:32:11.759  DEBUG   [poll]    -> read  st0cur    
17:32:11.763  DEBUG   [poll]    <- read  st0cur     ret=0  data=['0xfe', '0x01', '0x01', '0x02']
17:32:12.765  DEBUG   [poll]    -> read  st2mot    
17:32:12.771  DEBUG   [poll]    <- read  st2mot     ret=0  data=['0x00', '0x00']
17:32:12.772  DEBUG   [poll]    -> read  st0cur    
17:32:12.776  DEBUG   [poll]    <- read  st0cur     ret=0  data=['0xfe', '0x01', '0x01', '0x02']
17:32:13.778  DEBUG   [poll]    -> read  st2mot    
17:32:13.781  DEBUG   [poll]    <- read  st2mot     ret=0  data=['0x00', '0x00']
17:32:13.781  DEBUG   [poll]    -> read  st0cur    
17:32:13.785  DEBUG   [poll]    <- read  st0cur     ret=0  data=['0xfe', '0x01', '0x01', '0x02']
17:32:14.787  DEBUG   [poll]    -> read  st2mot    
17:32:14.790  DEBUG   [poll]    <- read  st2mot     ret=0  data=['0x00', '0x00']
17:32:14.791  DEBUG   [poll]    -> read  st0cur    
17:32:14.795  DEBUG   [poll]    <- read  st0cur     ret=0  data=['0xfe', '0x01', '0x01', '0x02']
17:32:15.796  DEBUG   [poll]    -> read  st2mot    
17:32:15.800  DEBUG   [poll]    <- read  st2mot     ret=0  data=['0x00', '0x00']
17:32:15.800  DEBUG   [poll]    -> read  st0cur    
17:32:15.804  DEBUG   [poll]    <- read  st0cur     ret=0  data=['0xfe', '0x01', '0x01', '0x02']
17:32:16.806  DEBUG   [poll]    -> read  st2mot    
17:32:16.809  DEBUG   [poll]    <- read  st2mot     ret=0  data=['0x00', '0x00']
17:32:16.810  DEBUG   [poll]    -> read  st0cur    
17:32:16.814  DEBUG   [poll]    <- read  st0cur     ret=0  data=['0xfd', '0x01', '0x01', '0x02']
17:32:17.815  DEBUG   [poll]    -> read  st2mot    
17:32:17.823  DEBUG   [poll]    <- read  st2mot     ret=0  data=['0x00', '0x00']
17:32:17.823  DEBUG   [poll]    -> read  st0cur    
17:32:17.828  DEBUG   [poll]    <- read  st0cur     ret=0  data=['0xfe', '0x01', '0x01', '0x02']
17:32:18.829  DEBUG   [poll]    -> read  st2mot    
17:32:18.832  DEBUG   [poll]    <- read  st2mot     ret=0  data=['0x00', '0x00']
17:32:18.833  DEBUG   [poll]    -> read  st0cur    
17:32:18.837  DEBUG   [poll]    <- read  st0cur     ret=0  data=['0xfe', '0x01', '0x01', '0x02']
17:32:19.838  DEBUG   [poll]    -> read  st2mot    
17:32:19.842  DEBUG   [poll]    <- read  st2mot     ret=0  data=['0x00', '0x00']
17:32:19.842  DEBUG   [poll]    -> read  st0cur    
17:32:19.846  DEBUG   [poll]    <- read  st0cur     ret=0  data=['0xfe', '0x01', '0x01', '0x02']
17:32:20.848  DEBUG   [poll]    -> read  st2mot    
17:32:20.851  DEBUG   [poll]    <- read  st2mot     ret=0  data=['0x00', '0x00']
17:32:20.852  DEBUG   [poll]    -> read  st0cur    
17:32:20.856  DEBUG   [poll]    <- read  st0cur     ret=0  data=['0xfe', '0x01', '0x01', '0x02']
17:32:21.857  DEBUG   [poll]    -> read  st2mot    
17:32:21.861  DEBUG   [poll]    <- read  st2mot     ret=0  data=['0x00', '0x00']
17:32:21.861  DEBUG   [poll]    -> read  st0cur    
17:32:21.865  DEBUG   [poll]    <- read  st0cur     ret=0  data=['0xfe', '0x01', '0x01', '0x02']
17:32:22.867  DEBUG   [poll]    -> read  st2mot    
17:32:22.874  DEBUG   [poll]    <- read  st2mot     ret=0  data=['0x00', '0x00']
17:32:22.874  DEBUG   [poll]    -> read  st0cur    
17:32:22.878  DEBUG   [poll]    <- read  st0cur     ret=0  data=['0xfe', '0x01', '0x01', '0x02']
17:32:23.880  DEBUG   [poll]    -> read  st2mot    
17:32:23.883  DEBUG   [poll]    <- read  st2mot     ret=0  data=['0x00', '0x00']
17:32:23.884  DEBUG   [poll]    -> read  st0cur    
17:32:23.888  DEBUG   [poll]    <- read  st0cur     ret=0  data=['0xfd', '0x01', '0x02', '0x02']
17:32:24.889  DEBUG   [poll]    -> read  st2mot    
17:32:24.893  DEBUG   [poll]    <- read  st2mot     ret=0  data=['0x00', '0x00']
17:32:24.893  DEBUG   [poll]    -> read  st0cur    
17:32:24.897  DEBUG   [poll]    <- read  st0cur     ret=0  data=['0xfe', '0x01', '0x01', '0x02']
17:32:25.899  DEBUG   [poll]    -> read  st2mot    
17:32:25.902  DEBUG   [poll]    <- read  st2mot     ret=0  data=['0x00', '0x00']
17:32:25.902  DEBUG   [poll]    -> read  st0cur    
17:32:25.906  DEBUG   [poll]    <- read  st0cur     ret=0  data=['0xfd', '0x01', '0x01', '0x02']
17:32:26.908  DEBUG   [poll]    -> read  st2mot    
17:32:26.911  DEBUG   [poll]    <- read  st2mot     ret=0  data=['0x00', '0x00']
17:32:26.912  DEBUG   [poll]    -> read  st0cur    
17:32:26.916  DEBUG   [poll]    <- read  st0cur     ret=0  data=['0xfd', '0x01', '0x01', '0x02']
17:32:27.917  DEBUG   [poll]    -> read  st2mot    
17:32:27.924  DEBUG   [poll]    <- read  st2mot     ret=0  data=['0x00', '0x00']
17:32:27.924  DEBUG   [poll]    -> read  st0cur    
17:32:27.929  DEBUG   [poll]    <- read  st0cur     ret=0  data=['0xfd', '0x01', '0x02', '0x02']
17:32:28.930  DEBUG   [poll]    -> read  st2mot    
17:32:28.933  DEBUG   [poll]    <- read  st2mot     ret=0  data=['0x00', '0x00']
17:32:28.934  DEBUG   [poll]    -> read  st0cur    
17:32:28.938  DEBUG   [poll]    <- read  st0cur     ret=0  data=['0xfd', '0x01', '0x01', '0x02']
17:32:29.939  DEBUG   [poll]    -> read  st2mot    
17:32:29.943  DEBUG   [poll]    <- read  st2mot     ret=0  data=['0x00', '0x00']
17:32:29.943  DEBUG   [poll]    -> read  st0cur    
17:32:29.947  DEBUG   [poll]    <- read  st0cur     ret=0  data=['0xfd', '0x01', '0x01', '0x02']
17:32:30.949  DEBUG   [poll]    -> read  st2mot    
17:32:30.952  DEBUG   [poll]    <- read  st2mot     ret=0  data=['0x00', '0x00']
17:32:30.953  DEBUG   [poll]    -> read  st0cur    
17:32:30.957  DEBUG   [poll]    <- read  st0cur     ret=0  data=['0xfe', '0x01', '0x01', '0x02']
17:32:31.959  DEBUG   [poll]    -> read  st2mot    
17:32:31.962  DEBUG   [poll]    <- read  st2mot     ret=0  data=['0x00', '0x00']
17:32:31.962  DEBUG   [poll]    -> read  st0cur    
17:32:31.966  DEBUG   [poll]    <- read  st0cur     ret=0  data=['0xfe', '0x01', '0x01', '0x02']
17:32:32.968  DEBUG   [poll]    -> read  st2mot    
17:32:32.975  DEBUG   [poll]    <- read  st2mot     ret=0  data=['0x00', '0x00']
17:32:32.976  DEBUG   [poll]    -> read  st0cur    
17:32:32.980  DEBUG   [poll]    <- read  st0cur     ret=0  data=['0xfd', '0x01', '0x01', '0x02']
17:32:33.981  DEBUG   [poll]    -> read  st2mot    
17:32:33.985  DEBUG   [poll]    <- read  st2mot     ret=0  data=['0x00', '0x00']
17:32:33.985  DEBUG   [poll]    -> read  st0cur    
17:32:33.989  DEBUG   [poll]    <- read  st0cur     ret=0  data=['0xfe', '0x01', '0x01', '0x02']
17:32:34.991  DEBUG   [poll]    -> read  st2mot    
17:32:34.994  DEBUG   [poll]    <- read  st2mot     ret=0  data=['0x00', '0x00']
17:32:34.994  DEBUG   [poll]    -> read  st0cur    
17:32:34.999  DEBUG   [poll]    <- read  st0cur     ret=0  data=['0xfe', '0x01', '0x02', '0x02']
17:32:36.000  DEBUG   [poll]    -> read  st2mot    
17:32:36.004  DEBUG   [poll]    <- read  st2mot     ret=0  data=['0x00', '0x00']
17:32:36.004  DEBUG   [poll]    -> read  st0cur    
17:32:36.008  DEBUG   [poll]    <- read  st0cur     ret=0  data=['0xfe', '0x01', '0x01', '0x02']
17:32:37.010  DEBUG   [poll]    -> read  st2mot    
17:32:37.013  DEBUG   [poll]    <- read  st2mot     ret=0  data=['0x00', '0x00']
17:32:37.013  DEBUG   [poll]    -> read  st0cur    
17:32:37.018  DEBUG   [poll]    <- read  st0cur     ret=0  data=['0xfe', '0x01', '0x02', '0x02']
17:32:38.019  DEBUG   [poll]    -> read  st2mot    
17:32:38.026  DEBUG   [poll]    <- read  st2mot     ret=0  data=['0x00', '0x00']
17:32:38.026  DEBUG   [poll]    -> read  st0cur    
17:32:38.031  DEBUG   [poll]    <- read  st0cur     ret=0  data=['0xfe', '0x01', '0x01', '0x02']
17:32:39.032  DEBUG   [poll]    -> read  st2mot    
17:32:39.035  DEBUG   [poll]    <- read  st2mot     ret=0  data=['0x00', '0x00']
17:32:39.036  DEBUG   [poll]    -> read  st0cur    
17:32:39.040  DEBUG   [poll]    <- read  st0cur     ret=0  data=['0xfe', '0x01', '0x01', '0x02']
17:32:40.042  DEBUG   [poll]    -> read  st2mot    
17:32:40.045  DEBUG   [poll]    <- read  st2mot     ret=0  data=['0x00', '0x00']
17:32:40.045  DEBUG   [poll]    -> read  st0cur    
17:32:40.049  DEBUG   [poll]    <- read  st0cur     ret=0  data=['0xfd', '0x01', '0x01', '0x02']
17:32:41.051  DEBUG   [poll]    -> read  st2mot    
17:32:41.054  DEBUG   [poll]    <- read  st2mot     ret=0  data=['0x00', '0x00']
17:32:41.055  DEBUG   [poll]    -> read  st0cur    
17:32:41.059  DEBUG   [poll]    <- read  st0cur     ret=0  data=['0xfe', '0x01', '0x01', '0x02']
17:32:42.060  DEBUG   [poll]    -> read  st2mot    
17:32:42.064  DEBUG   [poll]    <- read  st2mot     ret=0  data=['0x00', '0x00']
17:32:42.064  DEBUG   [poll]    -> read  st0cur    
17:32:42.068  DEBUG   [poll]    <- read  st0cur     ret=0  data=['0xfe', '0x01', '0x01', '0x02']
17:32:43.070  DEBUG   [poll]    -> read  st2mot    
17:32:43.076  DEBUG   [poll]    <- read  st2mot     ret=0  data=['0x00', '0x00']
17:32:43.077  DEBUG   [poll]    -> read  st0cur    
17:32:43.081  DEBUG   [poll]    <- read  st0cur     ret=0  data=['0xfe', '0x01', '0x01', '0x02']
17:32:44.083  DEBUG   [poll]    -> read  st2mot    
17:32:44.086  DEBUG   [poll]    <- read  st2mot     ret=0  data=['0x00', '0x00']
17:32:44.086  DEBUG   [poll]    -> read  st0cur    
17:32:44.090  DEBUG   [poll]    <- read  st0cur     ret=0  data=['0xfe', '0x01', '0x01', '0x02']
17:32:45.092  DEBUG   [poll]    -> read  st2mot    
17:32:45.095  DEBUG   [poll]    <- read  st2mot     ret=0  data=['0x00', '0x00']
17:32:45.096  DEBUG   [poll]    -> read  st0cur    
17:32:45.100  DEBUG   [poll]    <- read  st0cur     ret=0  data=['0xfd', '0x01', '0x01', '0x02']
17:32:46.101  DEBUG   [poll]    -> read  st2mot    
17:32:46.105  DEBUG   [poll]    <- read  st2mot     ret=0  data=['0x00', '0x00']
17:32:46.105  DEBUG   [poll]    -> read  st0cur    
17:32:46.109  DEBUG   [poll]    <- read  st0cur     ret=0  data=['0xfe', '0x01', '0x01', '0x02']
17:32:47.111  DEBUG   [poll]    -> read  st2mot    
17:32:47.114  DEBUG   [poll]    <- read  st2mot     ret=0  data=['0x00', '0x00']
17:32:47.114  DEBUG   [poll]    -> read  st0cur    
17:32:47.119  DEBUG   [poll]    <- read  st0cur     ret=0  data=['0xfe', '0x01', '0x01', '0x02']
17:32:48.120  DEBUG   [poll]    -> read  st2mot    
17:32:48.128  DEBUG   [poll]    <- read  st2mot     ret=0  data=['0x00', '0x00']
17:32:48.128  DEBUG   [poll]    -> read  st0cur    
17:32:48.133  DEBUG   [poll]    <- read  st0cur     ret=0  data=['0xfe', '0x01', '0x01', '0x02']
17:32:49.134  DEBUG   [poll]    -> read  st2mot    
17:32:49.138  DEBUG   [poll]    <- read  st2mot     ret=0  data=['0x00', '0x00']
17:32:49.138  DEBUG   [poll]    -> read  st0cur    
17:32:49.142  DEBUG   [poll]    <- read  st0cur     ret=0  data=['0xfe', '0x01', '0x01', '0x02']
17:32:50.144  DEBUG   [poll]    -> read  st2mot    
17:32:50.147  DEBUG   [poll]    <- read  st2mot     ret=0  data=['0x00', '0x00']
17:32:50.147  DEBUG   [poll]    -> read  st0cur    
17:32:50.152  DEBUG   [poll]    <- read  st0cur     ret=0  data=['0xfe', '0x01', '0x01', '0x02']
17:32:51.153  DEBUG   [poll]    -> read  st2mot    
17:32:51.157  DEBUG   [poll]    <- read  st2mot     ret=0  data=['0x00', '0x00']
17:32:51.157  DEBUG   [poll]    -> read  st0cur    
17:32:51.161  DEBUG   [poll]    <- read  st0cur     ret=0  data=['0xfe', '0x01', '0x01', '0x02']
17:32:52.163  DEBUG   [poll]    -> read  st2mot    
17:32:52.166  DEBUG   [poll]    <- read  st2mot     ret=0  data=['0x00', '0x00']
17:32:52.167  DEBUG   [poll]    -> read  st0cur    
17:32:52.171  DEBUG   [poll]    <- read  st0cur     ret=0  data=['0xfe', '0x01', '0x01', '0x02']
17:32:53.172  DEBUG   [poll]    -> read  st2mot    
17:32:53.179  DEBUG   [poll]    <- read  st2mot     ret=0  data=['0x00', '0x00']
17:32:53.179  DEBUG   [poll]    -> read  st0cur    
17:32:53.183  DEBUG   [poll]    <- read  st0cur     ret=0  data=['0xfe', '0x01', '0x01', '0x02']
17:32:54.185  DEBUG   [poll]    -> read  st2mot    
17:32:54.188  DEBUG   [poll]    <- read  st2mot     ret=0  data=['0x00', '0x00']
17:32:54.189  DEBUG   [poll]    -> read  st0cur    
17:32:54.193  DEBUG   [poll]    <- read  st0cur     ret=0  data=['0xfe', '0x01', '0x02', '0x02']
17:32:55.194  DEBUG   [poll]    -> read  st2mot    
17:32:55.198  DEBUG   [poll]    <- read  st2mot     ret=0  data=['0x00', '0x00']
17:32:55.198  DEBUG   [poll]    -> read  st0cur    
17:32:55.202  DEBUG   [poll]    <- read  st0cur     ret=0  data=['0xfd', '0x01', '0x01', '0x02']
17:32:56.204  DEBUG   [poll]    -> read  st2mot    
17:32:56.207  DEBUG   [poll]    <- read  st2mot     ret=0  data=['0x00', '0x00']
17:32:56.208  DEBUG   [poll]    -> read  st0cur    
17:32:56.212  DEBUG   [poll]    <- read  st0cur     ret=0  data=['0xfe', '0x01', '0x01', '0x02']
17:32:57.213  DEBUG   [poll]    -> read  st2mot    
17:32:57.217  DEBUG   [poll]    <- read  st2mot     ret=0  data=['0x00', '0x00']
17:32:57.217  DEBUG   [poll]    -> read  st0cur    
17:32:57.221  DEBUG   [poll]    <- read  st0cur     ret=0  data=['0xfd', '0x01', '0x01', '0x02']
17:32:58.223  DEBUG   [poll]    -> read  st2mot    
17:32:58.229  DEBUG   [poll]    <- read  st2mot     ret=0  data=['0x00', '0x00']
17:32:58.230  DEBUG   [poll]    -> read  st0cur    
17:32:58.234  DEBUG   [poll]    <- read  st0cur     ret=0  data=['0xfe', '0x01', '0x01', '0x02']
17:32:59.236  DEBUG   [poll]    -> read  st2mot    
17:32:59.239  DEBUG   [poll]    <- read  st2mot     ret=0  data=['0x00', '0x00']
17:32:59.239  DEBUG   [poll]    -> read  st0cur    
17:32:59.244  DEBUG   [poll]    <- read  st0cur     ret=0  data=['0xfd', '0x01', '0x01', '0x02']
17:33:00.245  DEBUG   [poll]    -> read  st2mot    
17:33:00.248  DEBUG   [poll]    <- read  st2mot     ret=0  data=['0x00', '0x00']
17:33:00.249  DEBUG   [poll]    -> read  st0cur    
17:33:00.253  DEBUG   [poll]    <- read  st0cur     ret=0  data=['0xfe', '0x01', '0x01', '0x02']
17:33:01.255  DEBUG   [poll]    -> read  st2mot    
17:33:01.258  DEBUG   [poll]    <- read  st2mot     ret=0  data=['0x00', '0x00']
17:33:01.258  DEBUG   [poll]    -> read  st0cur    
17:33:01.263  DEBUG   [poll]    <- read  st0cur     ret=0  data=['0xfe', '0x01', '0x01', '0x02']
17:33:02.264  DEBUG   [poll]    -> read  st2mot    
17:33:02.268  DEBUG   [poll]    <- read  st2mot     ret=0  data=['0x00', '0x00']
17:33:02.268  DEBUG   [poll]    -> read  st0cur    
17:33:02.272  DEBUG   [poll]    <- read  st0cur     ret=0  data=['0xfe', '0x01', '0x01', '0x02']
17:33:03.274  DEBUG   [poll]    -> read  st2mot    
17:33:03.282  DEBUG   [poll]    <- read  st2mot     ret=0  data=['0x00', '0x00']
17:33:03.282  DEBUG   [poll]    -> read  st0cur    
17:33:03.286  DEBUG   [poll]    <- read  st0cur     ret=0  data=['0xfe', '0x01', '0x01', '0x02']
17:33:04.288  DEBUG   [poll]    -> read  st2mot    
17:33:04.291  DEBUG   [poll]    <- read  st2mot     ret=0  data=['0x00', '0x00']
17:33:04.291  DEBUG   [poll]    -> read  st0cur    
17:33:04.296  DEBUG   [poll]    <- read  st0cur     ret=0  data=['0xfe', '0x01', '0x01', '0x02']
17:33:05.297  DEBUG   [poll]    -> read  st2mot    
17:33:05.300  DEBUG   [poll]    <- read  st2mot     ret=0  data=['0x00', '0x00']
17:33:05.301  DEBUG   [poll]    -> read  st0cur    
17:33:05.305  DEBUG   [poll]    <- read  st0cur     ret=0  data=['0xfe', '0x01', '0x01', '0x02']
17:33:06.307  DEBUG   [poll]    -> read  st2mot    
17:33:06.310  DEBUG   [poll]    <- read  st2mot     ret=0  data=['0x00', '0x00']
17:33:06.310  DEBUG   [poll]    -> read  st0cur    
17:33:06.314  DEBUG   [poll]    <- read  st0cur     ret=0  data=['0xfe', '0x01', '0x01', '0x02']
17:33:07.316  DEBUG   [poll]    -> read  st2mot    
17:33:07.319  DEBUG   [poll]    <- read  st2mot     ret=0  data=['0x00', '0x00']
17:33:07.320  DEBUG   [poll]    -> read  st0cur    
17:33:07.324  DEBUG   [poll]    <- read  st0cur     ret=0  data=['0xfe', '0x01', '0x01', '0x02']
17:33:08.325  DEBUG   [poll]    -> read  st2mot    
17:33:08.335  DEBUG   [poll]    <- read  st2mot     ret=0  data=['0x00', '0x00']
17:33:08.335  DEBUG   [poll]    -> read  st0cur    
17:33:08.339  DEBUG   [poll]    <- read  st0cur     ret=0  data=['0xfe', '0x01', '0x01', '0x02']
17:33:09.341  DEBUG   [poll]    -> read  st2mot    
17:33:09.344  DEBUG   [poll]    <- read  st2mot     ret=0  data=['0x00', '0x00']
17:33:09.344  DEBUG   [poll]    -> read  st0cur    
17:33:09.349  DEBUG   [poll]    <- read  st0cur     ret=0  data=['0xfd', '0x01', '0x01', '0x02']
17:33:10.350  DEBUG   [poll]    -> read  st2mot    
17:33:10.354  DEBUG   [poll]    <- read  st2mot     ret=0  data=['0x00', '0x00']
17:33:10.354  DEBUG   [poll]    -> read  st0cur    
17:33:10.358  DEBUG   [poll]    <- read  st0cur     ret=0  data=['0xfe', '0x01', '0x01', '0x02']
17:33:11.360  DEBUG   [poll]    -> read  st2mot    
17:33:11.363  DEBUG   [poll]    <- read  st2mot     ret=0  data=['0x00', '0x00']
17:33:11.363  DEBUG   [poll]    -> read  st0cur    
17:33:11.368  DEBUG   [poll]    <- read  st0cur     ret=0  data=['0xfe', '0x01', '0x01', '0x02']
17:33:12.369  DEBUG   [poll]    -> read  st2mot    
17:33:12.373  DEBUG   [poll]    <- read  st2mot     ret=0  data=['0x00', '0x00']
17:33:12.373  DEBUG   [poll]    -> read  st0cur    
17:33:12.377  DEBUG   [poll]    <- read  st0cur     ret=0  data=['0xfe', '0x01', '0x01', '0x02']
17:33:13.379  DEBUG   [poll]    -> read  st2mot    
17:33:13.385  DEBUG   [poll]    <- read  st2mot     ret=0  data=['0x00', '0x00']
17:33:13.386  DEBUG   [poll]    -> read  st0cur    
17:33:13.390  DEBUG   [poll]    <- read  st0cur     ret=0  data=['0xfe', '0x01', '0x01', '0x02']
17:33:14.391  DEBUG   [poll]    -> read  st2mot    
17:33:14.395  DEBUG   [poll]    <- read  st2mot     ret=0  data=['0x00', '0x00']
17:33:14.395  DEBUG   [poll]    -> read  st0cur    
17:33:14.399  DEBUG   [poll]    <- read  st0cur     ret=0  data=['0xfe', '0x01', '0x01', '0x02']
17:33:15.401  DEBUG   [poll]    -> read  st2mot    
17:33:15.404  DEBUG   [poll]    <- read  st2mot     ret=0  data=['0x00', '0x00']
17:33:15.404  DEBUG   [poll]    -> read  st0cur    
17:33:15.409  DEBUG   [poll]    <- read  st0cur     ret=0  data=['0xfe', '0x01', '0x01', '0x02']
17:33:16.410  DEBUG   [poll]    -> read  st2mot    
17:33:16.413  DEBUG   [poll]    <- read  st2mot     ret=0  data=['0x00', '0x00']
17:33:16.414  DEBUG   [poll]    -> read  st0cur    
17:33:16.418  DEBUG   [poll]    <- read  st0cur     ret=0  data=['0xfd', '0x01', '0x01', '0x02']
17:33:17.420  DEBUG   [poll]    -> read  st2mot    
17:33:17.423  DEBUG   [poll]    <- read  st2mot     ret=0  data=['0x00', '0x00']
17:33:17.423  DEBUG   [poll]    -> read  st0cur    
17:33:17.428  DEBUG   [poll]    <- read  st0cur     ret=0  data=['0xfe', '0x01', '0x01', '0x02']
17:33:18.429  DEBUG   [poll]    -> read  st2mot    
17:33:18.436  DEBUG   [poll]    <- read  st2mot     ret=0  data=['0x00', '0x00']
17:33:18.437  DEBUG   [poll]    -> read  st0cur    
17:33:18.441  DEBUG   [poll]    <- read  st0cur     ret=0  data=['0xfe', '0x01', '0x01', '0x02']
17:33:19.443  DEBUG   [poll]    -> read  st2mot    
17:33:19.446  DEBUG   [poll]    <- read  st2mot     ret=0  data=['0x00', '0x00']
17:33:19.446  DEBUG   [poll]    -> read  st0cur    
17:33:19.450  DEBUG   [poll]    <- read  st0cur     ret=0  data=['0xfe', '0x01', '0x02', '0x02']
17:33:20.452  DEBUG   [poll]    -> read  st2mot    
17:33:20.455  DEBUG   [poll]    <- read  st2mot     ret=0  data=['0x00', '0x00']
17:33:20.456  DEBUG   [poll]    -> read  st0cur    
17:33:20.460  DEBUG   [poll]    <- read  st0cur     ret=0  data=['0xfe', '0x01', '0x01', '0x02']
17:33:21.461  DEBUG   [poll]    -> read  st2mot    
17:33:21.465  DEBUG   [poll]    <- read  st2mot     ret=0  data=['0x00', '0x00']
17:33:21.465  DEBUG   [poll]    -> read  st0cur    
17:33:21.469  DEBUG   [poll]    <- read  st0cur     ret=0  data=['0xfe', '0x01', '0x01', '0x02']
17:33:22.471  DEBUG   [poll]    -> read  st2mot    
17:33:22.474  DEBUG   [poll]    <- read  st2mot     ret=0  data=['0x00', '0x00']
17:33:22.475  DEBUG   [poll]    -> read  st0cur    
17:33:22.479  DEBUG   [poll]    <- read  st0cur     ret=0  data=['0xfd', '0x01', '0x02', '0x02']
17:33:23.480  DEBUG   [poll]    -> read  st2mot    
17:33:23.487  DEBUG   [poll]    <- read  st2mot     ret=0  data=['0x00', '0x00']
17:33:23.488  DEBUG   [poll]    -> read  st0cur    
17:33:23.492  DEBUG   [poll]    <- read  st0cur     ret=0  data=['0xfe', '0x01', '0x01', '0x02']
17:33:24.493  DEBUG   [poll]    -> read  st2mot    
17:33:24.497  DEBUG   [poll]    <- read  st2mot     ret=0  data=['0x00', '0x00']
17:33:24.497  DEBUG   [poll]    -> read  st0cur    
17:33:24.501  DEBUG   [poll]    <- read  st0cur     ret=0  data=['0xfe', '0x01', '0x01', '0x02']
17:33:25.503  DEBUG   [poll]    -> read  st2mot    
17:33:25.506  DEBUG   [poll]    <- read  st2mot     ret=0  data=['0x00', '0x00']
17:33:25.506  DEBUG   [poll]    -> read  st0cur    
17:33:25.511  DEBUG   [poll]    <- read  st0cur     ret=0  data=['0xfe', '0x01', '0x01', '0x02']
17:33:26.512  DEBUG   [poll]    -> read  st2mot    
17:33:26.516  DEBUG   [poll]    <- read  st2mot     ret=0  data=['0x00', '0x00']
17:33:26.516  DEBUG   [poll]    -> read  st0cur    
17:33:26.520  DEBUG   [poll]    <- read  st0cur     ret=0  data=['0xfd', '0x01', '0x01', '0x02']
17:33:27.522  DEBUG   [poll]    -> read  st2mot    
17:33:27.525  DEBUG   [poll]    <- read  st2mot     ret=0  data=['0x00', '0x00']
17:33:27.526  DEBUG   [poll]    -> read  st0cur    
17:33:27.530  DEBUG   [poll]    <- read  st0cur     ret=0  data=['0xfd', '0x01', '0x01', '0x02']
17:33:28.531  DEBUG   [poll]    -> read  st2mot    
17:33:28.535  DEBUG   [poll]    <- read  st2mot     ret=0  data=['0x00', '0x00']
17:33:28.535  DEBUG   [poll]    -> read  st0cur    
17:33:28.539  DEBUG   [poll]    <- read  st0cur     ret=0  data=['0xfd', '0x01', '0x02', '0x02']
17:33:29.541  DEBUG   [poll]    -> read  st2mot    
17:33:29.545  DEBUG   [poll]    <- read  st2mot     ret=0  data=['0x00', '0x00']
17:33:29.545  DEBUG   [poll]    -> read  st0cur    
17:33:29.549  DEBUG   [poll]    <- read  st0cur     ret=0  data=['0xfe', '0x01', '0x01', '0x02']
17:33:30.551  DEBUG   [poll]    -> read  st2mot    
17:33:30.554  DEBUG   [poll]    <- read  st2mot     ret=0  data=['0x00', '0x00']
17:33:30.554  DEBUG   [poll]    -> read  st0cur    
17:33:30.559  DEBUG   [poll]    <- read  st0cur     ret=0  data=['0xfe', '0x01', '0x01', '0x02']
17:33:31.560  DEBUG   [poll]    -> read  st2mot    
17:33:31.564  DEBUG   [poll]    <- read  st2mot     ret=0  data=['0x00', '0x00']
17:33:31.564  DEBUG   [poll]    -> read  st0cur    
17:33:31.568  DEBUG   [poll]    <- read  st0cur     ret=0  data=['0xfe', '0x01', '0x01', '0x02']
17:33:32.570  DEBUG   [poll]    -> read  st2mot    
17:33:32.573  DEBUG   [poll]    <- read  st2mot     ret=0  data=['0x00', '0x00']
17:33:32.573  DEBUG   [poll]    -> read  st0cur    
17:33:32.578  DEBUG   [poll]    <- read  st0cur     ret=0  data=['0xfe', '0x01', '0x01', '0x02']
17:33:33.579  DEBUG   [poll]    -> read  st2mot    
17:33:33.586  DEBUG   [poll]    <- read  st2mot     ret=0  data=['0x00', '0x00']
17:33:33.587  DEBUG   [poll]    -> read  st0cur    
17:33:33.591  DEBUG   [poll]    <- read  st0cur     ret=0  data=['0xfe', '0x01', '0x01', '0x02']
17:33:34.592  DEBUG   [poll]    -> read  st2mot    
17:33:34.596  DEBUG   [poll]    <- read  st2mot     ret=0  data=['0x00', '0x00']
17:33:34.596  DEBUG   [poll]    -> read  st0cur    
17:33:34.600  DEBUG   [poll]    <- read  st0cur     ret=0  data=['0xfe', '0x01', '0x02', '0x02']
17:33:35.602  DEBUG   [poll]    -> read  st2mot    
17:33:35.605  DEBUG   [poll]    <- read  st2mot     ret=0  data=['0x00', '0x00']
17:33:35.605  DEBUG   [poll]    -> read  st0cur    
17:33:35.610  DEBUG   [poll]    <- read  st0cur     ret=0  data=['0xfe', '0x01', '0x01', '0x02']
17:33:36.611  DEBUG   [poll]    -> read  st2mot    
17:33:36.615  DEBUG   [poll]    <- read  st2mot     ret=0  data=['0x00', '0x00']
17:33:36.615  DEBUG   [poll]    -> read  st0cur    
17:33:36.619  DEBUG   [poll]    <- read  st0cur     ret=0  data=['0xfe', '0x01', '0x01', '0x02']
17:33:37.621  DEBUG   [poll]    -> read  st2mot    
17:33:37.624  DEBUG   [poll]    <- read  st2mot     ret=0  data=['0x00', '0x00']
17:33:37.624  DEBUG   [poll]    -> read  st0cur    
17:33:37.628  DEBUG   [poll]    <- read  st0cur     ret=0  data=['0xfe', '0x01', '0x01', '0x02']
17:33:38.630  DEBUG   [poll]    -> read  st2mot    
17:33:38.634  DEBUG   [poll]    <- read  st2mot     ret=0  data=['0x00', '0x00']
17:33:38.635  DEBUG   [poll]    -> read  st0cur    
17:33:38.639  DEBUG   [poll]    <- read  st0cur     ret=0  data=['0xfe', '0x01', '0x01', '0x02']
17:33:39.640  DEBUG   [poll]    -> read  st2mot    
17:33:39.644  DEBUG   [poll]    <- read  st2mot     ret=0  data=['0x00', '0x00']
17:33:39.644  DEBUG   [poll]    -> read  st0cur    
17:33:39.648  DEBUG   [poll]    <- read  st0cur     ret=0  data=['0xfe', '0x01', '0x01', '0x02']
17:33:40.650  DEBUG   [poll]    -> read  st2mot    
17:33:40.653  DEBUG   [poll]    <- read  st2mot     ret=0  data=['0x00', '0x00']
17:33:40.653  DEBUG   [poll]    -> read  st0cur    
17:33:40.658  DEBUG   [poll]    <- read  st0cur     ret=0  data=['0xfe', '0x01', '0x01', '0x02']
17:33:41.659  DEBUG   [poll]    -> read  st2mot    
17:33:41.662  DEBUG   [poll]    <- read  st2mot     ret=0  data=['0x00', '0x00']
17:33:41.663  DEBUG   [poll]    -> read  st0cur    
17:33:41.667  DEBUG   [poll]    <- read  st0cur     ret=0  data=['0xfe', '0x01', '0x01', '0x02']
17:33:42.669  DEBUG   [poll]    -> read  st2mot    
17:33:42.672  DEBUG   [poll]    <- read  st2mot     ret=0  data=['0x00', '0x00']
17:33:42.672  DEBUG   [poll]    -> read  st0cur    
17:33:42.676  DEBUG   [poll]    <- read  st0cur     ret=0  data=['0xfe', '0x01', '0x01', '0x02']
17:33:43.678  DEBUG   [poll]    -> read  st2mot    
17:33:43.684  DEBUG   [poll]    <- read  st2mot     ret=0  data=['0x00', '0x00']
17:33:43.685  DEBUG   [poll]    -> read  st0cur    
17:33:43.689  DEBUG   [poll]    <- read  st0cur     ret=0  data=['0xfe', '0x01', '0x01', '0x02']
17:33:44.691  DEBUG   [poll]    -> read  st2mot    
17:33:44.694  DEBUG   [poll]    <- read  st2mot     ret=0  data=['0x00', '0x00']
17:33:44.694  DEBUG   [poll]    -> read  st0cur    
17:33:44.699  DEBUG   [poll]    <- read  st0cur     ret=0  data=['0xfe', '0x01', '0x01', '0x02']
17:33:45.700  DEBUG   [poll]    -> read  st2mot    
17:33:45.703  DEBUG   [poll]    <- read  st2mot     ret=0  data=['0x00', '0x00']
17:33:45.704  DEBUG   [poll]    -> read  st0cur    
17:33:45.708  DEBUG   [poll]    <- read  st0cur     ret=0  data=['0xfe', '0x01', '0x01', '0x02']
17:33:46.709  DEBUG   [poll]    -> read  st2mot    
17:33:46.713  DEBUG   [poll]    <- read  st2mot     ret=0  data=['0x00', '0x00']
17:33:46.713  DEBUG   [poll]    -> read  st0cur    
17:33:46.718  DEBUG   [poll]    <- read  st0cur     ret=0  data=['0xfe', '0x01', '0x01', '0x02']
17:33:47.719  DEBUG   [poll]    -> read  st2mot    
17:33:47.722  DEBUG   [poll]    <- read  st2mot     ret=0  data=['0x00', '0x00']
17:33:47.723  DEBUG   [poll]    -> read  st0cur    
17:33:47.727  DEBUG   [poll]    <- read  st0cur     ret=0  data=['0xfe', '0x01', '0x01', '0x02']
17:33:48.728  DEBUG   [poll]    -> read  st2mot    
17:33:48.735  DEBUG   [poll]    <- read  st2mot     ret=0  data=['0x00', '0x00']
17:33:48.736  DEBUG   [poll]    -> read  st0cur    
17:33:48.740  DEBUG   [poll]    <- read  st0cur     ret=0  data=['0xfe', '0x01', '0x01', '0x02']
17:33:49.742  DEBUG   [poll]    -> read  st2mot    
17:33:49.745  DEBUG   [poll]    <- read  st2mot     ret=0  data=['0x00', '0x00']
17:33:49.745  DEBUG   [poll]    -> read  st0cur    
17:33:49.750  DEBUG   [poll]    <- read  st0cur     ret=0  data=['0xfe', '0x01', '0x01', '0x02']
17:33:50.751  DEBUG   [poll]    -> read  st2mot    
17:33:50.754  DEBUG   [poll]    <- read  st2mot     ret=0  data=['0x00', '0x00']
17:33:50.755  DEBUG   [poll]    -> read  st0cur    
17:33:50.759  DEBUG   [poll]    <- read  st0cur     ret=0  data=['0xfd', '0x01', '0x01', '0x02']
17:33:51.760  DEBUG   [poll]    -> read  st2mot    
17:33:51.764  DEBUG   [poll]    <- read  st2mot     ret=0  data=['0x00', '0x00']
17:33:51.764  DEBUG   [poll]    -> read  st0cur    
17:33:51.768  DEBUG   [poll]    <- read  st0cur     ret=0  data=['0xfe', '0x01', '0x01', '0x02']
17:33:52.770  DEBUG   [poll]    -> read  st2mot    
17:33:52.773  DEBUG   [poll]    <- read  st2mot     ret=0  data=['0x00', '0x00']
17:33:52.774  DEBUG   [poll]    -> read  st0cur    
17:33:52.778  DEBUG   [poll]    <- read  st0cur     ret=0  data=['0xfe', '0x01', '0x01', '0x02']
17:33:53.779  DEBUG   [poll]    -> read  st2mot    
17:33:53.786  DEBUG   [poll]    <- read  st2mot     ret=0  data=['0x00', '0x00']
17:33:53.787  DEBUG   [poll]    -> read  st0cur    
17:33:53.791  DEBUG   [poll]    <- read  st0cur     ret=0  data=['0xfe', '0x01', '0x01', '0x02']
17:33:54.792  DEBUG   [poll]    -> read  st2mot    
17:33:54.796  DEBUG   [poll]    <- read  st2mot     ret=0  data=['0x00', '0x00']
17:33:54.796  DEBUG   [poll]    -> read  st0cur    
17:33:54.800  DEBUG   [poll]    <- read  st0cur     ret=0  data=['0xfe', '0x01', '0x01', '0x02']
17:33:55.802  DEBUG   [poll]    -> read  st2mot    
17:33:55.805  DEBUG   [poll]    <- read  st2mot     ret=0  data=['0x00', '0x00']
17:33:55.805  DEBUG   [poll]    -> read  st0cur    
17:33:55.810  DEBUG   [poll]    <- read  st0cur     ret=0  data=['0xfd', '0x01', '0x01', '0x02']
17:33:56.811  DEBUG   [poll]    -> read  st2mot    
17:33:56.814  DEBUG   [poll]    <- read  st2mot     ret=0  data=['0x00', '0x00']
17:33:56.815  DEBUG   [poll]    -> read  st0cur    
17:33:56.819  DEBUG   [poll]    <- read  st0cur     ret=0  data=['0xfe', '0x01', '0x01', '0x02']
17:33:57.821  DEBUG   [poll]    -> read  st2mot    
17:33:57.824  DEBUG   [poll]    <- read  st2mot     ret=0  data=['0x00', '0x00']
17:33:57.824  DEBUG   [poll]    -> read  st0cur    
17:33:57.828  DEBUG   [poll]    <- read  st0cur     ret=0  data=['0xfe', '0x01', '0x01', '0x02']
17:33:58.830  DEBUG   [poll]    -> read  st2mot    
17:33:58.837  DEBUG   [poll]    <- read  st2mot     ret=0  data=['0x00', '0x00']
17:33:58.837  DEBUG   [poll]    -> read  st0cur    
17:33:58.842  DEBUG   [poll]    <- read  st0cur     ret=0  data=['0xfe', '0x01', '0x01', '0x02']
17:33:59.843  DEBUG   [poll]    -> read  st2mot    
17:33:59.846  DEBUG   [poll]    <- read  st2mot     ret=0  data=['0x00', '0x00']
17:33:59.847  DEBUG   [poll]    -> read  st0cur    
17:33:59.851  DEBUG   [poll]    <- read  st0cur     ret=0  data=['0xfe', '0x01', '0x01', '0x02']
17:34:00.853  DEBUG   [poll]    -> read  st2mot    
17:34:00.856  DEBUG   [poll]    <- read  st2mot     ret=0  data=['0x00', '0x00']
17:34:00.856  DEBUG   [poll]    -> read  st0cur    
17:34:00.860  DEBUG   [poll]    <- read  st0cur     ret=0  data=['0xfe', '0x01', '0x01', '0x02']
17:34:01.862  DEBUG   [poll]    -> read  st2mot    
17:34:01.865  DEBUG   [poll]    <- read  st2mot     ret=0  data=['0x00', '0x00']
17:34:01.866  DEBUG   [poll]    -> read  st0cur    
17:34:01.870  DEBUG   [poll]    <- read  st0cur     ret=0  data=['0xfe', '0x01', '0x01', '0x02']
17:34:02.872  DEBUG   [poll]    -> read  st2mot    
17:34:02.875  DEBUG   [poll]    <- read  st2mot     ret=0  data=['0x00', '0x00']
17:34:02.875  DEBUG   [poll]    -> read  st0cur    
17:34:02.880  DEBUG   [poll]    <- read  st0cur     ret=0  data=['0xfe', '0x01', '0x01', '0x02']
17:34:03.881  DEBUG   [poll]    -> read  st2mot    
17:34:03.888  DEBUG   [poll]    <- read  st2mot     ret=0  data=['0x00', '0x00']
17:34:03.888  DEBUG   [poll]    -> read  st0cur    
17:34:03.893  DEBUG   [poll]    <- read  st0cur     ret=0  data=['0xfe', '0x01', '0x01', '0x02']
17:34:04.894  DEBUG   [poll]    -> read  st2mot    
17:34:04.898  DEBUG   [poll]    <- read  st2mot     ret=0  data=['0x00', '0x00']
17:34:04.898  DEBUG   [poll]    -> read  st0cur    
17:34:04.902  DEBUG   [poll]    <- read  st0cur     ret=0  data=['0xfe', '0x01', '0x01', '0x02']
17:34:05.904  DEBUG   [poll]    -> read  st2mot    
17:34:05.907  DEBUG   [poll]    <- read  st2mot     ret=0  data=['0x00', '0x00']
17:34:05.907  DEBUG   [poll]    -> read  st0cur    
17:34:05.912  DEBUG   [poll]    <- read  st0cur     ret=0  data=['0xfe', '0x01', '0x01', '0x02']
17:34:06.913  DEBUG   [poll]    -> read  st2mot    
17:34:06.916  DEBUG   [poll]    <- read  st2mot     ret=0  data=['0x00', '0x00']
17:34:06.917  DEBUG   [poll]    -> read  st0cur    
17:34:06.921  DEBUG   [poll]    <- read  st0cur     ret=0  data=['0xfe', '0x01', '0x01', '0x02']
17:34:07.922  DEBUG   [poll]    -> read  st2mot    
17:34:07.926  DEBUG   [poll]    <- read  st2mot     ret=0  data=['0x00', '0x00']
17:34:07.926  DEBUG   [poll]    -> read  st0cur    
17:34:07.930  DEBUG   [poll]    <- read  st0cur     ret=0  data=['0xfe', '0x01', '0x01', '0x02']
17:34:08.932  DEBUG   [poll]    -> read  st2mot    
17:34:08.939  DEBUG   [poll]    <- read  st2mot     ret=0  data=['0x00', '0x00']
17:34:08.939  DEBUG   [poll]    -> read  st0cur    
17:34:08.943  DEBUG   [poll]    <- read  st0cur     ret=0  data=['0xfe', '0x01', '0x01', '0x02']
17:34:09.945  DEBUG   [poll]    -> read  st2mot    
17:34:09.948  DEBUG   [poll]    <- read  st2mot     ret=0  data=['0x00', '0x00']
17:34:09.949  DEBUG   [poll]    -> read  st0cur    
17:34:09.953  DEBUG   [poll]    <- read  st0cur     ret=0  data=['0xfe', '0x01', '0x01', '0x02']
17:34:10.954  DEBUG   [poll]    -> read  st2mot    
17:34:10.958  DEBUG   [poll]    <- read  st2mot     ret=0  data=['0x00', '0x00']
17:34:10.958  DEBUG   [poll]    -> read  st0cur    
17:34:10.962  DEBUG   [poll]    <- read  st0cur     ret=0  data=['0xfe', '0x01', '0x01', '0x02']
17:34:11.964  DEBUG   [poll]    -> read  st2mot    
17:34:11.967  DEBUG   [poll]    <- read  st2mot     ret=0  data=['0x00', '0x00']
17:34:11.968  DEBUG   [poll]    -> read  st0cur    
17:34:11.972  DEBUG   [poll]    <- read  st0cur     ret=0  data=['0xfe', '0x01', '0x01', '0x02']
17:34:12.973  DEBUG   [poll]    -> read  st2mot    
17:34:12.977  DEBUG   [poll]    <- read  st2mot     ret=0  data=['0x00', '0x00']
17:34:12.977  DEBUG   [poll]    -> read  st0cur    
17:34:12.981  DEBUG   [poll]    <- read  st0cur     ret=0  data=['0xfe', '0x01', '0x01', '0x02']
17:34:13.983  DEBUG   [poll]    -> read  st2mot    
17:34:13.989  DEBUG   [poll]    <- read  st2mot     ret=0  data=['0x00', '0x00']
17:34:13.990  DEBUG   [poll]    -> read  st0cur    
17:34:13.994  DEBUG   [poll]    <- read  st0cur     ret=0  data=['0xfd', '0x01', '0x01', '0x02']
17:34:14.996  DEBUG   [poll]    -> read  st2mot    
17:34:14.999  DEBUG   [poll]    <- read  st2mot     ret=0  data=['0x00', '0x00']
17:34:14.999  DEBUG   [poll]    -> read  st0cur    
17:34:15.004  DEBUG   [poll]    <- read  st0cur     ret=0  data=['0xfd', '0x01', '0x01', '0x02']
17:34:16.005  DEBUG   [poll]    -> read  st2mot    
17:34:16.008  DEBUG   [poll]    <- read  st2mot     ret=0  data=['0x00', '0x00']
17:34:16.009  DEBUG   [poll]    -> read  st0cur    
17:34:16.013  DEBUG   [poll]    <- read  st0cur     ret=0  data=['0xfe', '0x01', '0x01', '0x02']
17:34:17.014  DEBUG   [poll]    -> read  st2mot    
17:34:17.018  DEBUG   [poll]    <- read  st2mot     ret=0  data=['0x00', '0x00']
17:34:17.018  DEBUG   [poll]    -> read  st0cur    
17:34:17.022  DEBUG   [poll]    <- read  st0cur     ret=0  data=['0xfe', '0x01', '0x01', '0x02']
17:34:18.024  DEBUG   [poll]    -> read  st2mot    
17:34:18.027  DEBUG   [poll]    <- read  st2mot     ret=0  data=['0x00', '0x00']
17:34:18.028  DEBUG   [poll]    -> read  st0cur    
17:34:18.032  DEBUG   [poll]    <- read  st0cur     ret=0  data=['0xfd', '0x01', '0x01', '0x02']
17:34:19.033  DEBUG   [poll]    -> read  st2mot    
17:34:19.041  DEBUG   [poll]    <- read  st2mot     ret=0  data=['0x00', '0x00']
17:34:19.042  DEBUG   [poll]    -> read  st0cur    
17:34:19.046  DEBUG   [poll]    <- read  st0cur     ret=0  data=['0xfd', '0x01', '0x01', '0x02']
17:34:20.047  DEBUG   [poll]    -> read  st2mot    
17:34:20.051  DEBUG   [poll]    <- read  st2mot     ret=0  data=['0x00', '0x00']
17:34:20.051  DEBUG   [poll]    -> read  st0cur    
17:34:20.055  DEBUG   [poll]    <- read  st0cur     ret=0  data=['0xfd', '0x01', '0x02', '0x02']
17:34:21.057  DEBUG   [poll]    -> read  st2mot    
17:34:21.060  DEBUG   [poll]    <- read  st2mot     ret=0  data=['0x00', '0x00']
17:34:21.061  DEBUG   [poll]    -> read  st0cur    
17:34:21.065  DEBUG   [poll]    <- read  st0cur     ret=0  data=['0xfe', '0x01', '0x01', '0x02']
17:34:22.067  DEBUG   [poll]    -> read  st2mot    
17:34:22.070  DEBUG   [poll]    <- read  st2mot     ret=0  data=['0x00', '0x00']
17:34:22.070  DEBUG   [poll]    -> read  st0cur    
17:34:22.074  DEBUG   [poll]    <- read  st0cur     ret=0  data=['0xfe', '0x01', '0x01', '0x02']
17:34:23.076  DEBUG   [poll]    -> read  st2mot    
17:34:23.079  DEBUG   [poll]    <- read  st2mot     ret=0  data=['0x00', '0x00']
17:34:23.080  DEBUG   [poll]    -> read  st0cur    
17:34:23.084  DEBUG   [poll]    <- read  st0cur     ret=0  data=['0xfe', '0x01', '0x01', '0x02']
17:34:24.085  DEBUG   [poll]    -> read  st2mot    
17:34:24.092  DEBUG   [poll]    <- read  st2mot     ret=0  data=['0x00', '0x00']
17:34:24.093  DEBUG   [poll]    -> read  st0cur    
17:34:24.097  DEBUG   [poll]    <- read  st0cur     ret=0  data=['0xfe', '0x01', '0x01', '0x02']
17:34:25.099  DEBUG   [poll]    -> read  st2mot    
17:34:25.102  DEBUG   [poll]    <- read  st2mot     ret=0  data=['0x00', '0x00']
17:34:25.102  DEBUG   [poll]    -> read  st0cur    
17:34:25.106  DEBUG   [poll]    <- read  st0cur     ret=0  data=['0xfe', '0x01', '0x01', '0x02']
17:34:26.107  DEBUG   [poll]    -> read  st2mot    
17:34:26.111  DEBUG   [poll]    <- read  st2mot     ret=0  data=['0x00', '0x00']
17:34:26.111  DEBUG   [poll]    -> read  st0cur    
17:34:26.115  DEBUG   [poll]    <- read  st0cur     ret=0  data=['0xfd', '0x01', '0x01', '0x02']
17:34:27.117  DEBUG   [poll]    -> read  st2mot    
17:34:27.120  DEBUG   [poll]    <- read  st2mot     ret=0  data=['0x00', '0x00']
17:34:27.121  DEBUG   [poll]    -> read  st0cur    
17:34:27.125  DEBUG   [poll]    <- read  st0cur     ret=0  data=['0xfd', '0x01', '0x01', '0x02']
17:34:28.126  DEBUG   [poll]    -> read  st2mot    
17:34:28.130  DEBUG   [poll]    <- read  st2mot     ret=0  data=['0x00', '0x00']
17:34:28.130  DEBUG   [poll]    -> read  st0cur    
17:34:28.134  DEBUG   [poll]    <- read  st0cur     ret=0  data=['0xfd', '0x01', '0x01', '0x02']
17:34:29.136  DEBUG   [poll]    -> read  st2mot    
17:34:29.143  DEBUG   [poll]    <- read  st2mot     ret=0  data=['0x00', '0x00']
17:34:29.144  DEBUG   [poll]    -> read  st0cur    
17:34:29.148  DEBUG   [poll]    <- read  st0cur     ret=0  data=['0xfd', '0x01', '0x01', '0x02']
17:34:30.150  DEBUG   [poll]    -> read  st2mot    
17:34:30.153  DEBUG   [poll]    <- read  st2mot     ret=0  data=['0x00', '0x00']
17:34:30.153  DEBUG   [poll]    -> read  st0cur    
17:34:30.158  DEBUG   [poll]    <- read  st0cur     ret=0  data=['0xfe', '0x01', '0x01', '0x02']
17:34:31.159  DEBUG   [poll]    -> read  st2mot    
17:34:31.163  DEBUG   [poll]    <- read  st2mot     ret=0  data=['0x00', '0x00']
17:34:31.163  DEBUG   [poll]    -> read  st0cur    
17:34:31.167  DEBUG   [poll]    <- read  st0cur     ret=0  data=['0xfe', '0x01', '0x01', '0x02']
17:34:32.169  DEBUG   [poll]    -> read  st2mot    
17:34:32.172  DEBUG   [poll]    <- read  st2mot     ret=0  data=['0x00', '0x00']
17:34:32.172  DEBUG   [poll]    -> read  st0cur    
17:34:32.177  DEBUG   [poll]    <- read  st0cur     ret=0  data=['0xfe', '0x01', '0x01', '0x02']
17:34:33.178  DEBUG   [poll]    -> read  st2mot    
17:34:33.181  DEBUG   [poll]    <- read  st2mot     ret=0  data=['0x00', '0x00']
17:34:33.182  DEBUG   [poll]    -> read  st0cur    
17:34:33.186  DEBUG   [poll]    <- read  st0cur     ret=0  data=['0xfe', '0x01', '0x01', '0x02']
17:34:34.188  DEBUG   [poll]    -> read  st2mot    
17:34:34.194  DEBUG   [poll]    <- read  st2mot     ret=0  data=['0x00', '0x00']
17:34:34.195  DEBUG   [poll]    -> read  st0cur    
17:34:34.199  DEBUG   [poll]    <- read  st0cur     ret=0  data=['0xfe', '0x01', '0x01', '0x02']
17:34:35.200  DEBUG   [poll]    -> read  st2mot    
17:34:35.204  DEBUG   [poll]    <- read  st2mot     ret=0  data=['0x00', '0x00']
17:34:35.204  DEBUG   [poll]    -> read  st0cur    
17:34:35.208  DEBUG   [poll]    <- read  st0cur     ret=0  data=['0xfe', '0x01', '0x01', '0x02']
17:34:36.210  DEBUG   [poll]    -> read  st2mot    
17:34:36.213  DEBUG   [poll]    <- read  st2mot     ret=0  data=['0x00', '0x00']
17:34:36.214  DEBUG   [poll]    -> read  st0cur    
17:34:36.218  DEBUG   [poll]    <- read  st0cur     ret=0  data=['0xfe', '0x01', '0x01', '0x02']
17:34:37.219  DEBUG   [poll]    -> read  st2mot    
17:34:37.223  DEBUG   [poll]    <- read  st2mot     ret=0  data=['0x00', '0x00']
17:34:37.223  DEBUG   [poll]    -> read  st0cur    
17:34:37.227  DEBUG   [poll]    <- read  st0cur     ret=0  data=['0xfe', '0x01', '0x01', '0x02']
17:34:38.229  DEBUG   [poll]    -> read  st2mot    
17:34:38.232  DEBUG   [poll]    <- read  st2mot     ret=0  data=['0x00', '0x00']
17:34:38.232  DEBUG   [poll]    -> read  st0cur    
17:34:38.237  DEBUG   [poll]    <- read  st0cur     ret=0  data=['0xfe', '0x01', '0x01', '0x02']
17:34:39.238  DEBUG   [poll]    -> read  st2mot    
17:34:39.245  DEBUG   [poll]    <- read  st2mot     ret=0  data=['0x00', '0x00']
17:34:39.245  DEBUG   [poll]    -> read  st0cur    
17:34:39.250  DEBUG   [poll]    <- read  st0cur     ret=0  data=['0xfe', '0x01', '0x01', '0x02']
17:34:40.251  DEBUG   [poll]    -> read  st2mot    
17:34:40.255  DEBUG   [poll]    <- read  st2mot     ret=0  data=['0x00', '0x00']
17:34:40.255  DEBUG   [poll]    -> read  st0cur    
17:34:40.259  DEBUG   [poll]    <- read  st0cur     ret=0  data=['0xfe', '0x01', '0x01', '0x02']
17:34:41.261  DEBUG   [poll]    -> read  st2mot    
17:34:41.264  DEBUG   [poll]    <- read  st2mot     ret=0  data=['0x00', '0x00']
17:34:41.264  DEBUG   [poll]    -> read  st0cur    
17:34:41.269  DEBUG   [poll]    <- read  st0cur     ret=0  data=['0xfd', '0x01', '0x01', '0x02']
17:34:42.270  DEBUG   [poll]    -> read  st2mot    
17:34:42.273  DEBUG   [poll]    <- read  st2mot     ret=0  data=['0x00', '0x00']
17:34:42.274  DEBUG   [poll]    -> read  st0cur    
17:34:42.278  DEBUG   [poll]    <- read  st0cur     ret=0  data=['0xfe', '0x01', '0x01', '0x02']
17:34:43.279  DEBUG   [poll]    -> read  st2mot    
17:34:43.283  DEBUG   [poll]    <- read  st2mot     ret=0  data=['0x00', '0x00']
17:34:43.283  DEBUG   [poll]    -> read  st0cur    
17:34:43.288  DEBUG   [poll]    <- read  st0cur     ret=0  data=['0xfe', '0x01', '0x01', '0x02']
17:34:44.289  DEBUG   [poll]    -> read  st2mot    
17:34:44.296  DEBUG   [poll]    <- read  st2mot     ret=0  data=['0x00', '0x00']
17:34:44.296  DEBUG   [poll]    -> read  st0cur    
17:34:44.301  DEBUG   [poll]    <- read  st0cur     ret=0  data=['0xfe', '0x01', '0x01', '0x02']
17:34:45.302  DEBUG   [poll]    -> read  st2mot    
17:34:45.306  DEBUG   [poll]    <- read  st2mot     ret=0  data=['0x00', '0x00']
17:34:45.306  DEBUG   [poll]    -> read  st0cur    
17:34:45.310  DEBUG   [poll]    <- read  st0cur     ret=0  data=['0xfe', '0x01', '0x02', '0x02']
17:34:46.001  INFO    client connected
17:34:46.001  DEBUG   [client]  -> write cntl0mot   data=['0xfb', '0xfd']
17:34:46.005  DEBUG   [client]  -> write cntl3mot   data=['0x00', '0x00']
17:34:46.009  DEBUG   [client]  -> write cntl3mot   data=['0x03', '0xe8']
17:34:46.012  DEBUG   [client]  -> read  st2mot    
17:34:46.015  DEBUG   [client]  <- read  st2mot     ret=0  data=['0x00', '0x00']
17:34:46.017  DEBUG   [client]  -> read  st0cur    
17:34:46.021  DEBUG   [client]  <- read  st0cur     ret=0  data=['0xfd', '0x01', '0x01', '0x02']
17:34:46.213  DEBUG   [client]  -> read  st2mot    
17:34:46.216  DEBUG   [client]  <- read  st2mot     ret=0  data=['0x00', '0x00']
17:34:46.312  DEBUG   [poll]    -> read  st2mot    
17:34:46.315  DEBUG   [poll]    <- read  st2mot     ret=0  data=['0x32', '0x00']
17:34:46.315  DEBUG   [poll]    -> read  st0cur    
17:34:46.319  DEBUG   [poll]    <- read  st0cur     ret=0  data=['0xfd', '0x01', '0x01', '0x02']
17:34:46.412  DEBUG   [client]  -> read  st2mot    
17:34:46.415  DEBUG   [client]  <- read  st2mot     ret=0  data=['0x90', '0x01']
17:34:46.613  DEBUG   [client]  -> read  st2mot    
17:34:46.616  DEBUG   [client]  <- read  st2mot     ret=0  data=['0xe8', '0x03']
17:34:46.813  DEBUG   [client]  -> read  st2mot    
17:34:46.816  DEBUG   [client]  <- read  st2mot     ret=0  data=['0xe8', '0x03']
17:34:47.013  DEBUG   [client]  -> read  st2mot    
17:34:47.016  DEBUG   [client]  <- read  st2mot     ret=0  data=['0xb6', '0x03']
17:34:47.018  DEBUG   [client]  -> read  st0cur    
17:34:47.023  DEBUG   [client]  <- read  st0cur     ret=0  data=['0xf9', '0x01', '0xf9', '0x01']
17:34:47.213  DEBUG   [client]  -> read  st2mot    
17:34:47.216  DEBUG   [client]  <- read  st2mot     ret=0  data=['0xcf', '0x03']
17:34:47.320  DEBUG   [poll]    -> read  st2mot    
17:34:47.324  DEBUG   [poll]    <- read  st2mot     ret=0  data=['0xcf', '0x03']
17:34:47.324  DEBUG   [poll]    -> read  st0cur    
17:34:47.328  DEBUG   [poll]    <- read  st0cur     ret=0  data=['0xf9', '0x01', '0xf9', '0x01']
17:34:47.413  DEBUG   [client]  -> read  st2mot    
17:34:47.416  DEBUG   [client]  <- read  st2mot     ret=0  data=['0xe8', '0x03']
17:34:47.613  DEBUG   [client]  -> read  st2mot    
17:34:47.616  DEBUG   [client]  <- read  st2mot     ret=0  data=['0xe8', '0x03']
17:34:47.813  DEBUG   [client]  -> read  st2mot    
17:34:47.816  DEBUG   [client]  <- read  st2mot     ret=0  data=['0xe8', '0x03']
17:34:48.013  DEBUG   [client]  -> read  st2mot    
17:34:48.016  DEBUG   [client]  <- read  st2mot     ret=0  data=['0xe8', '0x03']
17:34:48.018  DEBUG   [client]  -> read  st0cur    
17:34:48.022  DEBUG   [client]  <- read  st0cur     ret=0  data=['0xf6', '0x01', '0xf4', '0x01']
17:34:48.213  DEBUG   [client]  -> read  st2mot    
17:34:48.216  DEBUG   [client]  <- read  st2mot     ret=0  data=['0xe8', '0x03']
17:34:48.330  DEBUG   [poll]    -> read  st2mot    
17:34:48.333  DEBUG   [poll]    <- read  st2mot     ret=0  data=['0xe8', '0x03']
17:34:48.334  DEBUG   [poll]    -> read  st0cur    
17:34:48.338  DEBUG   [poll]    <- read  st0cur     ret=0  data=['0xf6', '0x01', '0xf4', '0x01']
17:34:48.413  DEBUG   [client]  -> read  st2mot    
17:34:48.416  DEBUG   [client]  <- read  st2mot     ret=0  data=['0xe8', '0x03']
17:34:48.613  DEBUG   [client]  -> read  st2mot    
17:34:48.616  DEBUG   [client]  <- read  st2mot     ret=0  data=['0x01', '0x04']
17:34:48.813  DEBUG   [client]  -> read  st2mot    
17:34:48.816  DEBUG   [client]  <- read  st2mot     ret=0  data=['0xe8', '0x03']
17:34:49.013  DEBUG   [client]  -> read  st2mot    
17:34:49.016  DEBUG   [client]  <- read  st2mot     ret=0  data=['0xe8', '0x03']
17:34:49.018  DEBUG   [client]  -> read  st0cur    
17:34:49.022  DEBUG   [client]  <- read  st0cur     ret=0  data=['0xf6', '0x01', '0xf3', '0x01']
17:34:49.213  DEBUG   [client]  -> read  st2mot    
17:34:49.216  DEBUG   [client]  <- read  st2mot     ret=0  data=['0xe8', '0x03']
17:34:49.340  DEBUG   [poll]    -> read  st2mot    
17:34:49.343  DEBUG   [poll]    <- read  st2mot     ret=0  data=['0x01', '0x04']
17:34:49.347  DEBUG   [poll]    -> read  st0cur    
17:34:49.351  DEBUG   [poll]    <- read  st0cur     ret=0  data=['0xf6', '0x01', '0xf3', '0x01']
17:34:49.413  DEBUG   [client]  -> read  st2mot    
17:34:49.416  DEBUG   [client]  <- read  st2mot     ret=0  data=['0xe8', '0x03']
17:34:49.613  DEBUG   [client]  -> read  st2mot    
17:34:49.616  DEBUG   [client]  <- read  st2mot     ret=0  data=['0xe8', '0x03']
17:34:49.813  DEBUG   [client]  -> read  st2mot    
17:34:49.816  DEBUG   [client]  <- read  st2mot     ret=0  data=['0xe8', '0x03']
17:34:50.013  DEBUG   [client]  -> read  st2mot    
17:34:50.016  DEBUG   [client]  <- read  st2mot     ret=0  data=['0x01', '0x04']
17:34:50.018  DEBUG   [client]  -> read  st0cur    
17:34:50.023  DEBUG   [client]  <- read  st0cur     ret=0  data=['0xf5', '0x01', '0xf7', '0x01']
17:34:50.213  DEBUG   [client]  -> read  st2mot    
17:34:50.216  DEBUG   [client]  <- read  st2mot     ret=0  data=['0xcf', '0x03']
17:34:50.353  DEBUG   [poll]    -> read  st2mot    
17:34:50.356  DEBUG   [poll]    <- read  st2mot     ret=0  data=['0xe8', '0x03']
17:34:50.357  DEBUG   [poll]    -> read  st0cur    
17:34:50.361  DEBUG   [poll]    <- read  st0cur     ret=0  data=['0xf5', '0x01', '0xf7', '0x01']
17:34:50.413  DEBUG   [client]  -> read  st2mot    
17:34:50.416  DEBUG   [client]  <- read  st2mot     ret=0  data=['0x01', '0x04']
17:34:50.613  DEBUG   [client]  -> read  st2mot    
17:34:50.616  DEBUG   [client]  <- read  st2mot     ret=0  data=['0xcf', '0x03']
17:34:50.813  DEBUG   [client]  -> read  st2mot    
17:34:50.816  DEBUG   [client]  <- read  st2mot     ret=0  data=['0x01', '0x04']
17:34:51.013  DEBUG   [client]  -> read  st2mot    
17:34:51.016  DEBUG   [client]  <- read  st2mot     ret=0  data=['0xcf', '0x03']
17:34:51.018  DEBUG   [client]  -> read  st0cur    
17:34:51.022  DEBUG   [client]  <- read  st0cur     ret=0  data=['0xf5', '0x01', '0xf6', '0x01']
17:34:51.213  DEBUG   [client]  -> read  st2mot    
17:34:51.216  DEBUG   [client]  <- read  st2mot     ret=0  data=['0xe8', '0x03']
17:34:51.362  DEBUG   [poll]    -> read  st2mot    
17:34:51.366  DEBUG   [poll]    <- read  st2mot     ret=0  data=['0xe8', '0x03']
17:34:51.366  DEBUG   [poll]    -> read  st0cur    
17:34:51.371  DEBUG   [poll]    <- read  st0cur     ret=0  data=['0xf5', '0x01', '0xf6', '0x01']
17:34:51.413  DEBUG   [client]  -> read  st2mot    
17:34:51.416  DEBUG   [client]  <- read  st2mot     ret=0  data=['0xcf', '0x03']
17:34:51.613  DEBUG   [client]  -> read  st2mot    
17:34:51.616  DEBUG   [client]  <- read  st2mot     ret=0  data=['0x01', '0x04']
17:34:51.813  DEBUG   [client]  -> read  st2mot    
17:34:51.816  DEBUG   [client]  <- read  st2mot     ret=0  data=['0xe8', '0x03']
17:34:52.013  DEBUG   [client]  -> read  st2mot    
17:34:52.016  DEBUG   [client]  <- read  st2mot     ret=0  data=['0x01', '0x04']
17:34:52.018  DEBUG   [client]  -> read  st0cur    
17:34:52.022  DEBUG   [client]  <- read  st0cur     ret=0  data=['0xf4', '0x01', '0xf4', '0x01']
17:34:52.213  DEBUG   [client]  -> read  st2mot    
17:34:52.217  DEBUG   [client]  <- read  st2mot     ret=0  data=['0xe8', '0x03']
17:34:52.372  DEBUG   [poll]    -> read  st2mot    
17:34:52.376  DEBUG   [poll]    <- read  st2mot     ret=0  data=['0x01', '0x04']
17:34:52.376  DEBUG   [poll]    -> read  st0cur    
17:34:52.380  DEBUG   [poll]    <- read  st0cur     ret=0  data=['0xf4', '0x01', '0xf4', '0x01']
17:34:52.413  DEBUG   [client]  -> read  st2mot    
17:34:52.416  DEBUG   [client]  <- read  st2mot     ret=0  data=['0x01', '0x04']
17:34:52.613  DEBUG   [client]  -> read  st2mot    
17:34:52.616  DEBUG   [client]  <- read  st2mot     ret=0  data=['0xcf', '0x03']
17:34:52.813  DEBUG   [client]  -> read  st2mot    
17:34:52.816  DEBUG   [client]  <- read  st2mot     ret=0  data=['0x01', '0x04']
17:34:52.818  DEBUG   [client]  -> write cntl3mot   data=['0x03', '0x20']
17:34:53.074  DEBUG   [client]  -> write cntl3mot   data=['0x02', '0x58']
17:34:53.329  DEBUG   [client]  -> write cntl3mot   data=['0x01', '0x90']
17:34:53.382  DEBUG   [poll]    -> read  st2mot    
17:34:53.385  DEBUG   [poll]    <- read  st2mot     ret=0  data=['0x3f', '0x02']
17:34:53.386  DEBUG   [poll]    -> read  st0cur    
17:34:53.390  DEBUG   [poll]    <- read  st0cur     ret=0  data=['0xf3', '0x01', '0xf6', '0x01']
17:34:53.585  DEBUG   [client]  -> write cntl3mot   data=['0x00', '0xc8']
17:34:53.840  DEBUG   [client]  -> write cntl3mot   data=['0x00', '0x00']
17:34:53.845  WARNING client disconnected — stopping motor
17:34:53.846  DEBUG   [client]  -> write cntl3mot   data=['0x00', '0x00']
17:34:53.850  INFO    client disconnected
17:34:54.391  DEBUG   [poll]    -> read  st2mot    
17:34:54.398  DEBUG   [poll]    <- read  st2mot     ret=0  data=['0x00', '0x00']
17:34:54.398  DEBUG   [poll]    -> read  st0cur    
17:34:54.402  DEBUG   [poll]    <- read  st0cur     ret=0  data=['0xf9', '0x01', '0xfb', '0x01']
17:34:54.402  WARNING *** OBSERVED STALL SIGNATURE (not acted on yet) — current=-0.34A while rpm=0 ***
17:34:55.404  DEBUG   [poll]    -> read  st2mot    
17:34:55.407  DEBUG   [poll]    <- read  st2mot     ret=0  data=['0x00', '0x00']
17:34:55.408  DEBUG   [poll]    -> read  st0cur    
17:34:55.412  DEBUG   [poll]    <- read  st0cur     ret=0  data=['0xfe', '0x01', '0x01', '0x02']
17:34:56.414  DEBUG   [poll]    -> read  st2mot    
17:34:56.417  DEBUG   [poll]    <- read  st2mot     ret=0  data=['0x00', '0x00']
17:34:56.418  DEBUG   [poll]    -> read  st0cur    
17:34:56.422  DEBUG   [poll]    <- read  st0cur     ret=0  data=['0xfe', '0x01', '0x01', '0x02']
17:34:57.423  DEBUG   [poll]    -> read  st2mot    
17:34:57.427  DEBUG   [poll]    <- read  st2mot     ret=0  data=['0x00', '0x00']
17:34:57.427  DEBUG   [poll]    -> read  st0cur    
17:34:57.431  DEBUG   [poll]    <- read  st0cur     ret=0  data=['0xfe', '0x01', '0x01', '0x02']
17:34:58.433  DEBUG   [poll]    -> read  st2mot    
17:34:58.436  DEBUG   [poll]    <- read  st2mot     ret=0  data=['0x00', '0x00']
17:34:58.436  DEBUG   [poll]    -> read  st0cur    
17:34:58.440  DEBUG   [poll]    <- read  st0cur     ret=0  data=['0xfe', '0x01', '0x01', '0x02']
17:34:58.721  INFO    client connected
17:34:58.721  DEBUG   [client]  -> write cntl0mot   data=['0x00', '0xfd']
17:34:58.725  DEBUG   [client]  -> write cntl3mot   data=['0x00', '0x00']
17:34:58.728  DEBUG   [client]  -> write cntl3mot   data=['0x03', '0xe8']
17:34:58.732  DEBUG   [client]  -> read  st2mot    
17:34:58.735  DEBUG   [client]  <- read  st2mot     ret=0  data=['0x00', '0x00']
17:34:58.736  DEBUG   [client]  -> read  st0cur    
17:34:58.741  DEBUG   [client]  <- read  st0cur     ret=0  data=['0xfe', '0x01', '0x01', '0x02']
17:34:58.932  DEBUG   [client]  -> read  st2mot    
17:34:58.935  DEBUG   [client]  <- read  st2mot     ret=0  data=['0x77', '0x01']
17:34:59.132  DEBUG   [client]  -> read  st2mot    
17:34:59.135  DEBUG   [client]  <- read  st2mot     ret=0  data=['0xbc', '0x02']
17:34:59.332  DEBUG   [client]  -> read  st2mot    
17:34:59.335  DEBUG   [client]  <- read  st2mot     ret=0  data=['0xbc', '0x02']
17:34:59.442  DEBUG   [poll]    -> read  st2mot    
17:34:59.445  DEBUG   [poll]    <- read  st2mot     ret=0  data=['0xee', '0x02']
17:34:59.447  DEBUG   [poll]    -> read  st0cur    
17:34:59.452  DEBUG   [poll]    <- read  st0cur     ret=0  data=['0xfd', '0x01', '0x00', '0x02']
17:34:59.533  DEBUG   [client]  -> read  st2mot    
17:34:59.536  DEBUG   [client]  <- read  st2mot     ret=0  data=['0x20', '0x03']
17:34:59.733  DEBUG   [client]  -> read  st2mot    
17:34:59.736  DEBUG   [client]  <- read  st2mot     ret=0  data=['0x6b', '0x03']
17:34:59.738  DEBUG   [client]  -> read  st0cur    
17:34:59.742  DEBUG   [client]  <- read  st0cur     ret=0  data=['0xfd', '0x01', '0x00', '0x02']
17:34:59.933  DEBUG   [client]  -> read  st2mot    
17:34:59.936  DEBUG   [client]  <- read  st2mot     ret=0  data=['0x9d', '0x03']
17:35:00.133  DEBUG   [client]  -> read  st2mot    
17:35:00.136  DEBUG   [client]  <- read  st2mot     ret=0  data=['0xb6', '0x03']
17:35:00.333  DEBUG   [client]  -> read  st2mot    
17:35:00.336  DEBUG   [client]  <- read  st2mot     ret=0  data=['0xcf', '0x03']
17:35:00.453  DEBUG   [poll]    -> read  st2mot    
17:35:00.457  DEBUG   [poll]    <- read  st2mot     ret=0  data=['0xcf', '0x03']
17:35:00.457  DEBUG   [poll]    -> read  st0cur    
17:35:00.461  DEBUG   [poll]    <- read  st0cur     ret=0  data=['0xf6', '0x01', '0xf7', '0x01']
17:35:00.533  DEBUG   [client]  -> read  st2mot    
17:35:00.536  DEBUG   [client]  <- read  st2mot     ret=0  data=['0xcf', '0x03']
17:35:00.733  DEBUG   [client]  -> read  st2mot    
17:35:00.736  DEBUG   [client]  <- read  st2mot     ret=0  data=['0xcf', '0x03']
17:35:00.738  DEBUG   [client]  -> read  st0cur    
17:35:00.742  DEBUG   [client]  <- read  st0cur     ret=0  data=['0xf6', '0x01', '0xf7', '0x01']
17:35:00.933  DEBUG   [client]  -> read  st2mot    
17:35:00.936  DEBUG   [client]  <- read  st2mot     ret=0  data=['0xcf', '0x03']
17:35:01.133  DEBUG   [client]  -> read  st2mot    
17:35:01.136  DEBUG   [client]  <- read  st2mot     ret=0  data=['0x01', '0x04']
17:35:01.333  DEBUG   [client]  -> read  st2mot    
17:35:01.336  DEBUG   [client]  <- read  st2mot     ret=0  data=['0xcf', '0x03']
17:35:01.463  DEBUG   [poll]    -> read  st2mot    
17:35:01.466  DEBUG   [poll]    <- read  st2mot     ret=0  data=['0xe8', '0x03']
17:35:01.467  DEBUG   [poll]    -> read  st0cur    
17:35:01.471  DEBUG   [poll]    <- read  st0cur     ret=0  data=['0xf5', '0x01', '0xf6', '0x01']
17:35:01.533  DEBUG   [client]  -> read  st2mot    
17:35:01.536  DEBUG   [client]  <- read  st2mot     ret=0  data=['0xe8', '0x03']
17:35:01.733  DEBUG   [client]  -> read  st2mot    
17:35:01.736  DEBUG   [client]  <- read  st2mot     ret=0  data=['0xe8', '0x03']
17:35:01.738  DEBUG   [client]  -> read  st0cur    
17:35:01.742  DEBUG   [client]  <- read  st0cur     ret=0  data=['0xf5', '0x01', '0xf6', '0x01']
17:35:01.933  DEBUG   [client]  -> read  st2mot    
17:35:01.936  DEBUG   [client]  <- read  st2mot     ret=0  data=['0xcf', '0x03']
17:35:02.133  DEBUG   [client]  -> read  st2mot    
17:35:02.136  DEBUG   [client]  <- read  st2mot     ret=0  data=['0x01', '0x04']
17:35:02.333  DEBUG   [client]  -> read  st2mot    
17:35:02.336  DEBUG   [client]  <- read  st2mot     ret=0  data=['0xe8', '0x03']
17:35:02.473  DEBUG   [poll]    -> read  st2mot    
17:35:02.476  DEBUG   [poll]    <- read  st2mot     ret=0  data=['0xe8', '0x03']
17:35:02.477  DEBUG   [poll]    -> read  st0cur    
17:35:02.481  DEBUG   [poll]    <- read  st0cur     ret=0  data=['0xf5', '0x01', '0xf5', '0x01']
17:35:02.533  DEBUG   [client]  -> read  st2mot    
17:35:02.536  DEBUG   [client]  <- read  st2mot     ret=0  data=['0xe8', '0x03']
17:35:02.733  DEBUG   [client]  -> read  st2mot    
17:35:02.736  DEBUG   [client]  <- read  st2mot     ret=0  data=['0xe8', '0x03']
17:35:02.738  DEBUG   [client]  -> read  st0cur    
17:35:02.743  DEBUG   [client]  <- read  st0cur     ret=0  data=['0xf5', '0x01', '0xf5', '0x01']
17:35:02.933  DEBUG   [client]  -> read  st2mot    
17:35:02.936  DEBUG   [client]  <- read  st2mot     ret=0  data=['0xe8', '0x03']
17:35:03.133  DEBUG   [client]  -> read  st2mot    
17:35:03.136  DEBUG   [client]  <- read  st2mot     ret=0  data=['0xe8', '0x03']
17:35:03.333  DEBUG   [client]  -> read  st2mot    
17:35:03.336  DEBUG   [client]  <- read  st2mot     ret=0  data=['0xcf', '0x03']
17:35:03.482  DEBUG   [poll]    -> read  st2mot    
17:35:03.486  DEBUG   [poll]    <- read  st2mot     ret=0  data=['0xe8', '0x03']
17:35:03.486  DEBUG   [poll]    -> read  st0cur    
17:35:03.490  DEBUG   [poll]    <- read  st0cur     ret=0  data=['0xf4', '0x01', '0xf6', '0x01']
17:35:03.533  DEBUG   [client]  -> read  st2mot    
17:35:03.536  DEBUG   [client]  <- read  st2mot     ret=0  data=['0x01', '0x04']
17:35:03.733  DEBUG   [client]  -> read  st2mot    
17:35:03.736  DEBUG   [client]  <- read  st2mot     ret=0  data=['0x01', '0x04']
17:35:03.738  DEBUG   [client]  -> read  st0cur    
17:35:03.743  DEBUG   [client]  <- read  st0cur     ret=0  data=['0xf4', '0x01', '0xf6', '0x01']
17:35:03.933  DEBUG   [client]  -> read  st2mot    
17:35:03.936  DEBUG   [client]  <- read  st2mot     ret=0  data=['0xe8', '0x03']
17:35:04.133  DEBUG   [client]  -> read  st2mot    
17:35:04.136  DEBUG   [client]  <- read  st2mot     ret=0  data=['0x01', '0x04']
17:35:04.333  DEBUG   [client]  -> read  st2mot    
17:35:04.336  DEBUG   [client]  <- read  st2mot     ret=0  data=['0xe8', '0x03']
17:35:04.492  DEBUG   [poll]    -> read  st2mot    
17:35:04.500  DEBUG   [poll]    <- read  st2mot     ret=0  data=['0xcf', '0x03']
17:35:04.500  DEBUG   [poll]    -> read  st0cur    
17:35:04.505  DEBUG   [poll]    <- read  st0cur     ret=0  data=['0xf7', '0x01', '0xf5', '0x01']
17:35:04.533  DEBUG   [client]  -> read  st2mot    
17:35:04.536  DEBUG   [client]  <- read  st2mot     ret=0  data=['0xe8', '0x03']
17:35:04.733  DEBUG   [client]  -> read  st2mot    
17:35:04.736  DEBUG   [client]  <- read  st2mot     ret=0  data=['0xe8', '0x03']
17:35:04.738  DEBUG   [client]  -> read  st0cur    
17:35:04.742  DEBUG   [client]  <- read  st0cur     ret=0  data=['0xf7', '0x01', '0xf5', '0x01']
17:35:04.933  DEBUG   [client]  -> read  st2mot    
17:35:04.936  DEBUG   [client]  <- read  st2mot     ret=0  data=['0x01', '0x04']
17:35:05.133  DEBUG   [client]  -> read  st2mot    
17:35:05.136  DEBUG   [client]  <- read  st2mot     ret=0  data=['0xe8', '0x03']
17:35:05.333  DEBUG   [client]  -> read  st2mot    
17:35:05.336  DEBUG   [client]  <- read  st2mot     ret=0  data=['0xe8', '0x03']
17:35:05.506  DEBUG   [poll]    -> read  st2mot    
17:35:05.510  DEBUG   [poll]    <- read  st2mot     ret=0  data=['0xe8', '0x03']
17:35:05.510  DEBUG   [poll]    -> read  st0cur    
17:35:05.514  DEBUG   [poll]    <- read  st0cur     ret=0  data=['0xf4', '0x01', '0xf7', '0x01']
17:35:05.533  DEBUG   [client]  -> read  st2mot    
17:35:05.536  DEBUG   [client]  <- read  st2mot     ret=0  data=['0xe8', '0x03']
17:35:05.538  DEBUG   [client]  -> write cntl3mot   data=['0x03', '0x20']
17:35:05.794  DEBUG   [client]  -> write cntl3mot   data=['0x02', '0x58']
17:35:06.049  DEBUG   [client]  -> write cntl3mot   data=['0x01', '0x90']
17:35:06.305  DEBUG   [client]  -> write cntl3mot   data=['0x00', '0xc8']
17:35:06.516  DEBUG   [poll]    -> read  st2mot    
17:35:06.520  DEBUG   [poll]    <- read  st2mot     ret=0  data=['0x13', '0x01']
17:35:06.520  DEBUG   [poll]    -> read  st0cur    
17:35:06.524  DEBUG   [poll]    <- read  st0cur     ret=0  data=['0xf6', '0x01', '0xf7', '0x01']
17:35:06.560  DEBUG   [client]  -> write cntl3mot   data=['0x00', '0x00']
17:35:06.565  WARNING client disconnected — stopping motor
17:35:06.565  DEBUG   [client]  -> write cntl3mot   data=['0x00', '0x00']
17:35:06.571  INFO    client disconnected
17:35:07.526  DEBUG   [poll]    -> read  st2mot    
17:35:07.529  DEBUG   [poll]    <- read  st2mot     ret=0  data=['0x00', '0x00']
17:35:07.530  DEBUG   [poll]    -> read  st0cur    
17:35:07.534  DEBUG   [poll]    <- read  st0cur     ret=0  data=['0xfa', '0x01', '0xfc', '0x01']
17:35:07.534  WARNING *** OBSERVED STALL SIGNATURE (not acted on yet) — current=-0.29A while rpm=0 ***
17:35:08.536  DEBUG   [poll]    -> read  st2mot    
17:35:08.540  DEBUG   [poll]    <- read  st2mot     ret=0  data=['0x00', '0x00']
17:35:08.540  DEBUG   [poll]    -> read  st0cur    
17:35:08.544  DEBUG   [poll]    <- read  st0cur     ret=0  data=['0xfe', '0x01', '0x01', '0x02']
17:35:09.546  DEBUG   [poll]    -> read  st2mot    
17:35:09.549  DEBUG   [poll]    <- read  st2mot     ret=0  data=['0x00', '0x00']
17:35:09.550  DEBUG   [poll]    -> read  st0cur    
17:35:09.554  DEBUG   [poll]    <- read  st0cur     ret=0  data=['0xfe', '0x01', '0x01', '0x02']
17:35:10.556  DEBUG   [poll]    -> read  st2mot    
17:35:10.559  DEBUG   [poll]    <- read  st2mot     ret=0  data=['0x00', '0x00']
17:35:10.560  DEBUG   [poll]    -> read  st0cur    
17:35:10.564  DEBUG   [poll]    <- read  st0cur     ret=0  data=['0xfe', '0x01', '0x01', '0x02']
17:35:11.565  DEBUG   [poll]    -> read  st2mot    
17:35:11.569  DEBUG   [poll]    <- read  st2mot     ret=0  data=['0x00', '0x00']
17:35:11.569  DEBUG   [poll]    -> read  st0cur    
17:35:11.573  DEBUG   [poll]    <- read  st0cur     ret=0  data=['0xfe', '0x01', '0x01', '0x02']
17:35:12.575  DEBUG   [poll]    -> read  st2mot    
17:35:12.578  DEBUG   [poll]    <- read  st2mot     ret=0  data=['0x00', '0x00']
17:35:12.579  DEBUG   [poll]    -> read  st0cur    
17:35:12.583  DEBUG   [poll]    <- read  st0cur     ret=0  data=['0xfe', '0x01', '0x01', '0x02']
17:35:13.585  DEBUG   [poll]    -> read  st2mot    
17:35:13.588  DEBUG   [poll]    <- read  st2mot     ret=0  data=['0x00', '0x00']
17:35:13.588  DEBUG   [poll]    -> read  st0cur    
17:35:13.592  DEBUG   [poll]    <- read  st0cur     ret=0  data=['0xfe', '0x01', '0x01', '0x02']
17:35:13.841  INFO    client connected
17:35:13.842  DEBUG   [client]  -> write cntl0mot   data=['0x05', '0xfd']
17:35:13.845  DEBUG   [client]  -> write cntl3mot   data=['0x00', '0x00']
17:35:13.849  DEBUG   [client]  -> write cntl3mot   data=['0x03', '0xe8']
17:35:13.853  DEBUG   [client]  -> read  st2mot    
17:35:13.856  DEBUG   [client]  <- read  st2mot     ret=0  data=['0x00', '0x00']
17:35:13.858  DEBUG   [client]  -> read  st0cur    
17:35:13.862  DEBUG   [client]  <- read  st0cur     ret=0  data=['0xfd', '0x01', '0x01', '0x02']
17:35:14.053  DEBUG   [client]  -> read  st2mot    
17:35:14.056  DEBUG   [client]  <- read  st2mot     ret=0  data=['0x58', '0x02']
17:35:14.253  DEBUG   [client]  -> read  st2mot    
17:35:14.256  DEBUG   [client]  <- read  st2mot     ret=0  data=['0xa3', '0x02']
17:35:14.453  DEBUG   [client]  -> read  st2mot    
17:35:14.456  DEBUG   [client]  <- read  st2mot     ret=0  data=['0x8a', '0x02']
17:35:14.594  DEBUG   [poll]    -> read  st2mot    
17:35:14.602  DEBUG   [poll]    <- read  st2mot     ret=0  data=['0x20', '0x03']
17:35:14.602  DEBUG   [poll]    -> read  st0cur    
17:35:14.607  DEBUG   [poll]    <- read  st0cur     ret=0  data=['0xfd', '0x01', '0x01', '0x02']
17:35:14.653  DEBUG   [client]  -> read  st2mot    
17:35:14.657  DEBUG   [client]  <- read  st2mot     ret=0  data=['0x52', '0x03']
17:35:14.853  DEBUG   [client]  -> read  st2mot    
17:35:14.857  DEBUG   [client]  <- read  st2mot     ret=0  data=['0x20', '0x03']
17:35:14.858  DEBUG   [client]  -> read  st0cur    
17:35:14.863  DEBUG   [client]  <- read  st0cur     ret=0  data=['0xf6', '0x01', '0xf6', '0x01']
17:35:15.053  DEBUG   [client]  -> read  st2mot    
17:35:15.057  DEBUG   [client]  <- read  st2mot     ret=0  data=['0x84', '0x03']
17:35:15.253  DEBUG   [client]  -> read  st2mot    
17:35:15.257  DEBUG   [client]  <- read  st2mot     ret=0  data=['0x9d', '0x03']
17:35:15.453  DEBUG   [client]  -> read  st2mot    
17:35:15.457  DEBUG   [client]  <- read  st2mot     ret=0  data=['0x84', '0x03']
17:35:15.608  DEBUG   [poll]    -> read  st2mot    
17:35:15.612  DEBUG   [poll]    <- read  st2mot     ret=0  data=['0xb6', '0x03']
17:35:15.612  DEBUG   [poll]    -> read  st0cur    
17:35:15.616  DEBUG   [poll]    <- read  st0cur     ret=0  data=['0xf6', '0x01', '0xf6', '0x01']
17:35:15.653  DEBUG   [client]  -> read  st2mot    
17:35:15.657  DEBUG   [client]  <- read  st2mot     ret=0  data=['0xb6', '0x03']
17:35:15.853  DEBUG   [client]  -> read  st2mot    
17:35:15.857  DEBUG   [client]  <- read  st2mot     ret=0  data=['0xb6', '0x03']
17:35:15.858  DEBUG   [client]  -> read  st0cur    
17:35:15.863  DEBUG   [client]  <- read  st0cur     ret=0  data=['0xf6', '0x01', '0xf6', '0x01']
17:35:16.053  DEBUG   [client]  -> read  st2mot    
17:35:16.057  DEBUG   [client]  <- read  st2mot     ret=0  data=['0xcf', '0x03']
17:35:16.253  DEBUG   [client]  -> read  st2mot    
17:35:16.257  DEBUG   [client]  <- read  st2mot     ret=0  data=['0xb6', '0x03']
17:35:16.453  DEBUG   [client]  -> read  st2mot    
17:35:16.457  DEBUG   [client]  <- read  st2mot     ret=0  data=['0xe8', '0x03']
17:35:16.618  DEBUG   [poll]    -> read  st2mot    
17:35:16.621  DEBUG   [poll]    <- read  st2mot     ret=0  data=['0xcf', '0x03']
17:35:16.622  DEBUG   [poll]    -> read  st0cur    
17:35:16.626  DEBUG   [poll]    <- read  st0cur     ret=0  data=['0xf6', '0x01', '0xf4', '0x01']
17:35:16.653  DEBUG   [client]  -> read  st2mot    
17:35:16.657  DEBUG   [client]  <- read  st2mot     ret=0  data=['0xcf', '0x03']
17:35:16.853  DEBUG   [client]  -> read  st2mot    
17:35:16.857  DEBUG   [client]  <- read  st2mot     ret=0  data=['0xe8', '0x03']
17:35:16.858  DEBUG   [client]  -> read  st0cur    
17:35:16.863  DEBUG   [client]  <- read  st0cur     ret=0  data=['0xf6', '0x01', '0xf4', '0x01']
17:35:17.053  DEBUG   [client]  -> read  st2mot    
17:35:17.057  DEBUG   [client]  <- read  st2mot     ret=0  data=['0xe8', '0x03']
17:35:17.253  DEBUG   [client]  -> read  st2mot    
17:35:17.257  DEBUG   [client]  <- read  st2mot     ret=0  data=['0xe8', '0x03']
17:35:17.453  DEBUG   [client]  -> read  st2mot    
17:35:17.457  DEBUG   [client]  <- read  st2mot     ret=0  data=['0xe8', '0x03']
17:35:17.627  DEBUG   [poll]    -> read  st2mot    
17:35:17.631  DEBUG   [poll]    <- read  st2mot     ret=0  data=['0x01', '0x04']
17:35:17.631  DEBUG   [poll]    -> read  st0cur    
17:35:17.636  DEBUG   [poll]    <- read  st0cur     ret=0  data=['0xf4', '0x01', '0xf6', '0x01']
17:35:17.653  DEBUG   [client]  -> read  st2mot    
17:35:17.657  DEBUG   [client]  <- read  st2mot     ret=0  data=['0x01', '0x04']
17:35:17.853  DEBUG   [client]  -> read  st2mot    
17:35:17.857  DEBUG   [client]  <- read  st2mot     ret=0  data=['0xe8', '0x03']
17:35:17.858  DEBUG   [client]  -> read  st0cur    
17:35:17.863  DEBUG   [client]  <- read  st0cur     ret=0  data=['0xf4', '0x01', '0xf6', '0x01']
17:35:18.053  DEBUG   [client]  -> read  st2mot    
17:35:18.057  DEBUG   [client]  <- read  st2mot     ret=0  data=['0x01', '0x04']
17:35:18.253  DEBUG   [client]  -> read  st2mot    
17:35:18.257  DEBUG   [client]  <- read  st2mot     ret=0  data=['0xe8', '0x03']
17:35:18.453  DEBUG   [client]  -> read  st2mot    
17:35:18.457  DEBUG   [client]  <- read  st2mot     ret=0  data=['0xe8', '0x03']
17:35:18.637  DEBUG   [poll]    -> read  st2mot    
17:35:18.641  DEBUG   [poll]    <- read  st2mot     ret=0  data=['0xe8', '0x03']
17:35:18.641  DEBUG   [poll]    -> read  st0cur    
17:35:18.645  DEBUG   [poll]    <- read  st0cur     ret=0  data=['0xf5', '0x01', '0xf8', '0x01']
17:35:18.653  DEBUG   [client]  -> read  st2mot    
17:35:18.657  DEBUG   [client]  <- read  st2mot     ret=0  data=['0xe8', '0x03']
17:35:18.853  DEBUG   [client]  -> read  st2mot    
17:35:18.857  DEBUG   [client]  <- read  st2mot     ret=0  data=['0x01', '0x04']
17:35:18.858  DEBUG   [client]  -> read  st0cur    
17:35:18.863  DEBUG   [client]  <- read  st0cur     ret=0  data=['0xf5', '0x01', '0xf8', '0x01']
17:35:19.053  DEBUG   [client]  -> read  st2mot    
17:35:19.057  DEBUG   [client]  <- read  st2mot     ret=0  data=['0xe8', '0x03']
17:35:19.253  DEBUG   [client]  -> read  st2mot    
17:35:19.257  DEBUG   [client]  <- read  st2mot     ret=0  data=['0x01', '0x04']
17:35:19.453  DEBUG   [client]  -> read  st2mot    
17:35:19.457  DEBUG   [client]  <- read  st2mot     ret=0  data=['0xe8', '0x03']
17:35:19.647  DEBUG   [poll]    -> read  st2mot    
17:35:19.650  DEBUG   [poll]    <- read  st2mot     ret=0  data=['0x01', '0x04']
17:35:19.652  DEBUG   [poll]    -> read  st0cur    
17:35:19.656  DEBUG   [poll]    <- read  st0cur     ret=0  data=['0xf6', '0x01', '0xf6', '0x01']
17:35:19.656  DEBUG   [client]  -> read  st2mot    
17:35:19.660  DEBUG   [client]  <- read  st2mot     ret=0  data=['0x01', '0x04']
17:35:19.853  DEBUG   [client]  -> read  st2mot    
17:35:19.857  DEBUG   [client]  <- read  st2mot     ret=0  data=['0xcf', '0x03']
17:35:19.858  DEBUG   [client]  -> read  st0cur    
17:35:19.863  DEBUG   [client]  <- read  st0cur     ret=0  data=['0xf6', '0x01', '0xf6', '0x01']
17:35:20.053  DEBUG   [client]  -> read  st2mot    
17:35:20.057  DEBUG   [client]  <- read  st2mot     ret=0  data=['0xcf', '0x03']
17:35:20.253  DEBUG   [client]  -> read  st2mot    
17:35:20.257  DEBUG   [client]  <- read  st2mot     ret=0  data=['0x01', '0x04']
17:35:20.453  DEBUG   [client]  -> read  st2mot    
17:35:20.457  DEBUG   [client]  <- read  st2mot     ret=0  data=['0xcf', '0x03']
17:35:20.653  DEBUG   [client]  -> read  st2mot    
17:35:20.657  DEBUG   [client]  <- read  st2mot     ret=0  data=['0xe8', '0x03']
17:35:20.658  DEBUG   [poll]    -> read  st2mot    
17:35:20.661  DEBUG   [poll]    <- read  st2mot     ret=0  data=['0xe8', '0x03']
17:35:20.661  DEBUG   [poll]    -> read  st0cur    
17:35:20.666  DEBUG   [poll]    <- read  st0cur     ret=0  data=['0xf4', '0x01', '0xf6', '0x01']
17:35:20.666  DEBUG   [client]  -> write cntl3mot   data=['0x03', '0x20']
17:35:20.922  DEBUG   [client]  -> write cntl3mot   data=['0x02', '0x58']
17:35:21.177  DEBUG   [client]  -> write cntl3mot   data=['0x01', '0x90']
17:35:21.433  DEBUG   [client]  -> write cntl3mot   data=['0x00', '0xc8']
17:35:21.667  DEBUG   [poll]    -> read  st2mot    
17:35:21.671  DEBUG   [poll]    <- read  st2mot     ret=0  data=['0x2c', '0x01']
17:35:21.671  DEBUG   [poll]    -> read  st0cur    
17:35:21.675  DEBUG   [poll]    <- read  st0cur     ret=0  data=['0xf6', '0x01', '0xf6', '0x01']
17:35:21.688  DEBUG   [client]  -> write cntl3mot   data=['0x00', '0x00']
17:35:21.693  WARNING client disconnected — stopping motor
17:35:21.693  DEBUG   [client]  -> write cntl3mot   data=['0x00', '0x00']
17:35:21.697  INFO    client disconnected
17:35:22.677  DEBUG   [poll]    -> read  st2mot    
17:35:22.680  DEBUG   [poll]    <- read  st2mot     ret=0  data=['0x00', '0x00']
17:35:22.681  DEBUG   [poll]    -> read  st0cur    
17:35:22.685  DEBUG   [poll]    <- read  st0cur     ret=0  data=['0xf9', '0x01', '0xfb', '0x01']
17:35:22.685  WARNING *** OBSERVED STALL SIGNATURE (not acted on yet) — current=-0.34A while rpm=0 ***
17:35:23.687  DEBUG   [poll]    -> read  st2mot    
17:35:23.691  DEBUG   [poll]    <- read  st2mot     ret=0  data=['0x00', '0x00']
17:35:23.691  DEBUG   [poll]    -> read  st0cur    
17:35:23.695  DEBUG   [poll]    <- read  st0cur     ret=0  data=['0xfe', '0x01', '0x01', '0x02']
17:35:24.697  DEBUG   [poll]    -> read  st2mot    
17:35:24.700  DEBUG   [poll]    <- read  st2mot     ret=0  data=['0x00', '0x00']
17:35:24.703  DEBUG   [poll]    -> read  st0cur    
17:35:24.707  DEBUG   [poll]    <- read  st0cur     ret=0  data=['0xfe', '0x01', '0x01', '0x02']
17:35:25.709  DEBUG   [poll]    -> read  st2mot    
17:35:25.712  DEBUG   [poll]    <- read  st2mot     ret=0  data=['0x00', '0x00']
17:35:25.713  DEBUG   [poll]    -> read  st0cur    
17:35:25.717  DEBUG   [poll]    <- read  st0cur     ret=0  data=['0xfe', '0x01', '0x01', '0x02']
17:35:26.569  INFO    client connected
17:35:26.569  DEBUG   [client]  -> write cntl0mot   data=['0xfb', '0x00']
17:35:26.573  DEBUG   [client]  -> write cntl3mot   data=['0x00', '0x00']
17:35:26.577  DEBUG   [client]  -> write cntl3mot   data=['0x03', '0xe8']
17:35:26.580  DEBUG   [client]  -> read  st2mot    
17:35:26.583  DEBUG   [client]  <- read  st2mot     ret=0  data=['0x00', '0x00']
17:35:26.584  DEBUG   [client]  -> read  st0cur    
17:35:26.588  DEBUG   [client]  <- read  st0cur     ret=0  data=['0xfe', '0x01', '0x01', '0x02']
17:35:26.718  DEBUG   [poll]    -> read  st2mot    
17:35:26.721  DEBUG   [poll]    <- read  st2mot     ret=0  data=['0x00', '0x00']
17:35:26.722  DEBUG   [poll]    -> read  st0cur    
17:35:26.725  DEBUG   [poll]    <- read  st0cur     ret=0  data=['0xfe', '0x01', '0x01', '0x02']
17:35:26.780  DEBUG   [client]  -> read  st2mot    
17:35:26.783  DEBUG   [client]  <- read  st2mot     ret=0  data=['0x00', '0x00']
17:35:26.981  DEBUG   [client]  -> read  st2mot    
17:35:26.983  DEBUG   [client]  <- read  st2mot     ret=0  data=['0xe1', '0x00']
17:35:27.181  DEBUG   [client]  -> read  st2mot    
17:35:27.184  DEBUG   [client]  <- read  st2mot     ret=0  data=['0x4c', '0x04']
17:35:27.381  DEBUG   [client]  -> read  st2mot    
17:35:27.384  DEBUG   [client]  <- read  st2mot     ret=0  data=['0x1a', '0x04']
17:35:27.581  DEBUG   [client]  -> read  st2mot    
17:35:27.584  DEBUG   [client]  <- read  st2mot     ret=0  data=['0xcf', '0x03']
17:35:27.586  DEBUG   [client]  -> read  st0cur    
17:35:27.590  DEBUG   [client]  <- read  st0cur     ret=0  data=['0xfb', '0x01', '0xfd', '0x01']
17:35:27.727  DEBUG   [poll]    -> read  st2mot    
17:35:27.730  DEBUG   [poll]    <- read  st2mot     ret=0  data=['0xb6', '0x03']
17:35:27.731  DEBUG   [poll]    -> read  st0cur    
17:35:27.735  DEBUG   [poll]    <- read  st0cur     ret=0  data=['0xfb', '0x01', '0xfd', '0x01']
17:35:27.781  DEBUG   [client]  -> read  st2mot    
17:35:27.784  DEBUG   [client]  <- read  st2mot     ret=0  data=['0xcf', '0x03']
17:35:27.981  DEBUG   [client]  -> read  st2mot    
17:35:27.984  DEBUG   [client]  <- read  st2mot     ret=0  data=['0xcf', '0x03']
17:35:28.181  DEBUG   [client]  -> read  st2mot    
17:35:28.184  DEBUG   [client]  <- read  st2mot     ret=0  data=['0xcf', '0x03']
17:35:28.381  DEBUG   [client]  -> read  st2mot    
17:35:28.384  DEBUG   [client]  <- read  st2mot     ret=0  data=['0xe8', '0x03']
17:35:28.581  DEBUG   [client]  -> read  st2mot    
17:35:28.584  DEBUG   [client]  <- read  st2mot     ret=0  data=['0xe8', '0x03']
17:35:28.586  DEBUG   [client]  -> read  st0cur    
17:35:28.590  DEBUG   [client]  <- read  st0cur     ret=0  data=['0xf5', '0x01', '0xf5', '0x01']
17:35:28.736  DEBUG   [poll]    -> read  st2mot    
17:35:28.740  DEBUG   [poll]    <- read  st2mot     ret=0  data=['0xe8', '0x03']
17:35:28.740  DEBUG   [poll]    -> read  st0cur    
17:35:28.744  DEBUG   [poll]    <- read  st0cur     ret=0  data=['0xf5', '0x01', '0xf5', '0x01']
17:35:28.781  DEBUG   [client]  -> read  st2mot    
17:35:28.784  DEBUG   [client]  <- read  st2mot     ret=0  data=['0xcf', '0x03']
17:35:28.981  DEBUG   [client]  -> read  st2mot    
17:35:28.984  DEBUG   [client]  <- read  st2mot     ret=0  data=['0x01', '0x04']
17:35:29.181  DEBUG   [client]  -> read  st2mot    
17:35:29.184  DEBUG   [client]  <- read  st2mot     ret=0  data=['0xcf', '0x03']
17:35:29.381  DEBUG   [client]  -> read  st2mot    
17:35:29.384  DEBUG   [client]  <- read  st2mot     ret=0  data=['0x01', '0x04']
17:35:29.581  DEBUG   [client]  -> read  st2mot    
17:35:29.584  DEBUG   [client]  <- read  st2mot     ret=0  data=['0xe8', '0x03']
17:35:29.586  DEBUG   [client]  -> read  st0cur    
17:35:29.591  DEBUG   [client]  <- read  st0cur     ret=0  data=['0xf5', '0x01', '0xf8', '0x01']
17:35:29.746  DEBUG   [poll]    -> read  st2mot    
17:35:29.749  DEBUG   [poll]    <- read  st2mot     ret=0  data=['0xe8', '0x03']
17:35:29.750  DEBUG   [poll]    -> read  st0cur    
17:35:29.754  DEBUG   [poll]    <- read  st0cur     ret=0  data=['0xf5', '0x01', '0xf8', '0x01']
17:35:29.781  DEBUG   [client]  -> read  st2mot    
17:35:29.785  DEBUG   [client]  <- read  st2mot     ret=0  data=['0xe8', '0x03']
17:35:29.981  DEBUG   [client]  -> read  st2mot    
17:35:29.984  DEBUG   [client]  <- read  st2mot     ret=0  data=['0x01', '0x04']
17:35:30.181  DEBUG   [client]  -> read  st2mot    
17:35:30.184  DEBUG   [client]  <- read  st2mot     ret=0  data=['0xe8', '0x03']
17:35:30.381  DEBUG   [client]  -> read  st2mot    
17:35:30.384  DEBUG   [client]  <- read  st2mot     ret=0  data=['0xe8', '0x03']
17:35:30.581  DEBUG   [client]  -> read  st2mot    
17:35:30.584  DEBUG   [client]  <- read  st2mot     ret=0  data=['0xcf', '0x03']
17:35:30.586  DEBUG   [client]  -> read  st0cur    
17:35:30.590  DEBUG   [client]  <- read  st0cur     ret=0  data=['0xf5', '0x01', '0xf6', '0x01']
17:35:30.756  DEBUG   [poll]    -> read  st2mot    
17:35:30.759  DEBUG   [poll]    <- read  st2mot     ret=0  data=['0x01', '0x04']
17:35:30.760  DEBUG   [poll]    -> read  st0cur    
17:35:30.764  DEBUG   [poll]    <- read  st0cur     ret=0  data=['0xf5', '0x01', '0xf6', '0x01']
17:35:30.781  DEBUG   [client]  -> read  st2mot    
17:35:30.784  DEBUG   [client]  <- read  st2mot     ret=0  data=['0x01', '0x04']
17:35:30.981  DEBUG   [client]  -> read  st2mot    
17:35:30.985  DEBUG   [client]  <- read  st2mot     ret=0  data=['0xe8', '0x03']
17:35:31.181  DEBUG   [client]  -> read  st2mot    
17:35:31.185  DEBUG   [client]  <- read  st2mot     ret=0  data=['0xe8', '0x03']
17:35:31.381  DEBUG   [client]  -> read  st2mot    
17:35:31.385  DEBUG   [client]  <- read  st2mot     ret=0  data=['0xe8', '0x03']
17:35:31.581  DEBUG   [client]  -> read  st2mot    
17:35:31.585  DEBUG   [client]  <- read  st2mot     ret=0  data=['0xe8', '0x03']
17:35:31.586  DEBUG   [client]  -> read  st0cur    
17:35:31.591  DEBUG   [client]  <- read  st0cur     ret=0  data=['0xf6', '0x01', '0xf5', '0x01']
17:35:31.765  DEBUG   [poll]    -> read  st2mot    
17:35:31.769  DEBUG   [poll]    <- read  st2mot     ret=0  data=['0xe8', '0x03']
17:35:31.769  DEBUG   [poll]    -> read  st0cur    
17:35:31.773  DEBUG   [poll]    <- read  st0cur     ret=0  data=['0xf6', '0x01', '0xf5', '0x01']
17:35:31.781  DEBUG   [client]  -> read  st2mot    
17:35:31.784  DEBUG   [client]  <- read  st2mot     ret=0  data=['0xe8', '0x03']
17:35:31.981  DEBUG   [client]  -> read  st2mot    
17:35:31.985  DEBUG   [client]  <- read  st2mot     ret=0  data=['0xe8', '0x03']
17:35:32.181  DEBUG   [client]  -> read  st2mot    
17:35:32.184  DEBUG   [client]  <- read  st2mot     ret=0  data=['0xe8', '0x03']
17:35:32.381  DEBUG   [client]  -> read  st2mot    
17:35:32.384  DEBUG   [client]  <- read  st2mot     ret=0  data=['0xe8', '0x03']
17:35:32.581  DEBUG   [client]  -> read  st2mot    
17:35:32.584  DEBUG   [client]  <- read  st2mot     ret=0  data=['0xe8', '0x03']
17:35:32.586  DEBUG   [client]  -> read  st0cur    
17:35:32.591  DEBUG   [client]  <- read  st0cur     ret=0  data=['0xf4', '0x01', '0xf7', '0x01']
17:35:32.774  DEBUG   [poll]    -> read  st2mot    
17:35:32.778  DEBUG   [poll]    <- read  st2mot     ret=0  data=['0xe8', '0x03']
17:35:32.778  DEBUG   [poll]    -> read  st0cur    
17:35:32.782  DEBUG   [poll]    <- read  st0cur     ret=0  data=['0xf4', '0x01', '0xf7', '0x01']
17:35:32.783  DEBUG   [client]  -> read  st2mot    
17:35:32.786  DEBUG   [client]  <- read  st2mot     ret=0  data=['0xe8', '0x03']
17:35:32.981  DEBUG   [client]  -> read  st2mot    
17:35:32.984  DEBUG   [client]  <- read  st2mot     ret=0  data=['0xcf', '0x03']
17:35:33.181  DEBUG   [client]  -> read  st2mot    
17:35:33.184  DEBUG   [client]  <- read  st2mot     ret=0  data=['0x01', '0x04']
17:35:33.381  DEBUG   [client]  -> read  st2mot    
17:35:33.384  DEBUG   [client]  <- read  st2mot     ret=0  data=['0xe8', '0x03']
17:35:33.386  DEBUG   [client]  -> write cntl3mot   data=['0x03', '0x20']
17:35:33.642  DEBUG   [client]  -> write cntl3mot   data=['0x02', '0x58']
17:35:33.784  DEBUG   [poll]    -> read  st2mot    
17:35:33.787  DEBUG   [poll]    <- read  st2mot     ret=0  data=['0xd5', '0x02']
17:35:33.788  DEBUG   [poll]    -> read  st0cur    
17:35:33.792  DEBUG   [poll]    <- read  st0cur     ret=0  data=['0xf6', '0x01', '0xf5', '0x01']
17:35:33.897  DEBUG   [client]  -> write cntl3mot   data=['0x01', '0x90']
17:35:34.153  DEBUG   [client]  -> write cntl3mot   data=['0x00', '0xc8']
17:35:34.408  DEBUG   [client]  -> write cntl3mot   data=['0x00', '0x00']
17:35:34.414  WARNING client disconnected — stopping motor
17:35:34.415  DEBUG   [client]  -> write cntl3mot   data=['0x00', '0x00']
17:35:34.426  INFO    client disconnected
17:35:34.794  DEBUG   [poll]    -> read  st2mot    
17:35:34.797  DEBUG   [poll]    <- read  st2mot     ret=0  data=['0x00', '0x00']
17:35:34.797  DEBUG   [poll]    -> read  st0cur    
17:35:34.801  DEBUG   [poll]    <- read  st0cur     ret=0  data=['0xf6', '0x01', '0xf7', '0x01']
17:35:34.801  WARNING *** OBSERVED STALL SIGNATURE (not acted on yet) — current=-0.49A while rpm=0 ***
17:35:35.802  DEBUG   [poll]    -> read  st2mot    
17:35:35.806  DEBUG   [poll]    <- read  st2mot     ret=0  data=['0x00', '0x00']
17:35:35.806  DEBUG   [poll]    -> read  st0cur    
17:35:35.810  DEBUG   [poll]    <- read  st0cur     ret=0  data=['0xfc', '0x01', '0xff', '0x01']
17:35:35.811  WARNING *** OBSERVED STALL SIGNATURE (not acted on yet) — current=-0.20A while rpm=0 ***
17:35:36.812  DEBUG   [poll]    -> read  st2mot    
17:35:36.816  DEBUG   [poll]    <- read  st2mot     ret=0  data=['0x00', '0x00']
17:35:36.816  DEBUG   [poll]    -> read  st0cur    
17:35:36.820  DEBUG   [poll]    <- read  st0cur     ret=0  data=['0xfe', '0x01', '0x01', '0x02']
17:35:37.822  DEBUG   [poll]    -> read  st2mot    
17:35:37.825  DEBUG   [poll]    <- read  st2mot     ret=0  data=['0x00', '0x00']
17:35:37.826  DEBUG   [poll]    -> read  st0cur    
17:35:37.830  DEBUG   [poll]    <- read  st0cur     ret=0  data=['0xfe', '0x01', '0x01', '0x02']
17:35:38.831  DEBUG   [poll]    -> read  st2mot    
17:35:38.835  DEBUG   [poll]    <- read  st2mot     ret=0  data=['0x00', '0x00']
17:35:38.835  DEBUG   [poll]    -> read  st0cur    
17:35:38.839  DEBUG   [poll]    <- read  st0cur     ret=0  data=['0xfe', '0x01', '0x01', '0x02']
17:35:39.841  DEBUG   [poll]    -> read  st2mot    
17:35:39.844  DEBUG   [poll]    <- read  st2mot     ret=0  data=['0x00', '0x00']
17:35:39.845  DEBUG   [poll]    -> read  st0cur    
17:35:39.849  DEBUG   [poll]    <- read  st0cur     ret=0  data=['0xfe', '0x01', '0x01', '0x02']
17:35:40.851  DEBUG   [poll]    -> read  st2mot    
17:35:40.854  DEBUG   [poll]    <- read  st2mot     ret=0  data=['0x00', '0x00']
17:35:40.854  DEBUG   [poll]    -> read  st0cur    
17:35:40.859  DEBUG   [poll]    <- read  st0cur     ret=0  data=['0xfe', '0x01', '0x01', '0x02']
17:35:41.516  INFO    client connected
17:35:41.517  DEBUG   [client]  -> write cntl0mot   data=['0x00', '0x00']
17:35:41.521  DEBUG   [client]  -> write cntl3mot   data=['0x00', '0x00']
17:35:41.525  DEBUG   [client]  -> write cntl3mot   data=['0x03', '0xe8']
17:35:41.528  DEBUG   [client]  -> read  st2mot    
17:35:41.532  DEBUG   [client]  <- read  st2mot     ret=0  data=['0x00', '0x00']
17:35:41.533  DEBUG   [client]  -> read  st0cur    
17:35:41.537  DEBUG   [client]  <- read  st0cur     ret=0  data=['0xfe', '0x01', '0x01', '0x02']
17:35:41.729  DEBUG   [client]  -> read  st2mot    
17:35:41.732  DEBUG   [client]  <- read  st2mot     ret=0  data=['0x32', '0x00']
17:35:41.860  DEBUG   [poll]    -> read  st2mot    
17:35:41.863  DEBUG   [poll]    <- read  st2mot     ret=0  data=['0xc2', '0x01']
17:35:41.863  DEBUG   [poll]    -> read  st0cur    
17:35:41.867  DEBUG   [poll]    <- read  st0cur     ret=0  data=['0xfe', '0x01', '0x01', '0x02']
17:35:41.929  DEBUG   [client]  -> read  st2mot    
17:35:41.932  DEBUG   [client]  <- read  st2mot     ret=0  data=['0xee', '0x02']
17:35:42.129  DEBUG   [client]  -> read  st2mot    
17:35:42.133  DEBUG   [client]  <- read  st2mot     ret=0  data=['0x20', '0x03']
17:35:42.329  DEBUG   [client]  -> read  st2mot    
17:35:42.333  DEBUG   [client]  <- read  st2mot     ret=0  data=['0x39', '0x03']
17:35:42.529  DEBUG   [client]  -> read  st2mot    
17:35:42.533  DEBUG   [client]  <- read  st2mot     ret=0  data=['0x84', '0x03']
17:35:42.534  DEBUG   [client]  -> read  st0cur    
17:35:42.539  DEBUG   [client]  <- read  st0cur     ret=0  data=['0xf9', '0x01', '0xfc', '0x01']
17:35:42.729  DEBUG   [client]  -> read  st2mot    
17:35:42.733  DEBUG   [client]  <- read  st2mot     ret=0  data=['0x9d', '0x03']
17:35:42.869  DEBUG   [poll]    -> read  st2mot    
17:35:42.872  DEBUG   [poll]    <- read  st2mot     ret=0  data=['0xb6', '0x03']
17:35:42.872  DEBUG   [poll]    -> read  st0cur    
17:35:42.877  DEBUG   [poll]    <- read  st0cur     ret=0  data=['0xf9', '0x01', '0xfc', '0x01']
17:35:42.929  DEBUG   [client]  -> read  st2mot    
17:35:42.932  DEBUG   [client]  <- read  st2mot     ret=0  data=['0xb6', '0x03']
17:35:43.129  DEBUG   [client]  -> read  st2mot    
17:35:43.133  DEBUG   [client]  <- read  st2mot     ret=0  data=['0xcf', '0x03']
17:35:43.329  DEBUG   [client]  -> read  st2mot    
17:35:43.333  DEBUG   [client]  <- read  st2mot     ret=0  data=['0xe8', '0x03']
17:35:43.529  DEBUG   [client]  -> read  st2mot    
17:35:43.533  DEBUG   [client]  <- read  st2mot     ret=0  data=['0xcf', '0x03']
17:35:43.534  DEBUG   [client]  -> read  st0cur    
17:35:43.539  DEBUG   [client]  <- read  st0cur     ret=0  data=['0xf4', '0x01', '0xf7', '0x01']
17:35:43.729  DEBUG   [client]  -> read  st2mot    
17:35:43.733  DEBUG   [client]  <- read  st2mot     ret=0  data=['0x01', '0x04']
17:35:43.878  DEBUG   [poll]    -> read  st2mot    
17:35:43.882  DEBUG   [poll]    <- read  st2mot     ret=0  data=['0xe8', '0x03']
17:35:43.882  DEBUG   [poll]    -> read  st0cur    
17:35:43.886  DEBUG   [poll]    <- read  st0cur     ret=0  data=['0xf4', '0x01', '0xf7', '0x01']
17:35:43.929  DEBUG   [client]  -> read  st2mot    
17:35:43.932  DEBUG   [client]  <- read  st2mot     ret=0  data=['0xcf', '0x03']
17:35:44.129  DEBUG   [client]  -> read  st2mot    
17:35:44.133  DEBUG   [client]  <- read  st2mot     ret=0  data=['0xe8', '0x03']
17:35:44.329  DEBUG   [client]  -> read  st2mot    
17:35:44.333  DEBUG   [client]  <- read  st2mot     ret=0  data=['0xe8', '0x03']
17:35:44.529  DEBUG   [client]  -> read  st2mot    
17:35:44.533  DEBUG   [client]  <- read  st2mot     ret=0  data=['0x01', '0x04']
17:35:44.534  DEBUG   [client]  -> read  st0cur    
17:35:44.539  DEBUG   [client]  <- read  st0cur     ret=0  data=['0xf4', '0x01', '0xf7', '0x01']
17:35:44.729  DEBUG   [client]  -> read  st2mot    
17:35:44.733  DEBUG   [client]  <- read  st2mot     ret=0  data=['0xcf', '0x03']
17:35:44.888  DEBUG   [poll]    -> read  st2mot    
17:35:44.896  DEBUG   [poll]    <- read  st2mot     ret=0  data=['0xcf', '0x03']
17:35:44.896  DEBUG   [poll]    -> read  st0cur    
17:35:44.901  DEBUG   [poll]    <- read  st0cur     ret=0  data=['0xf4', '0x01', '0xf7', '0x01']
17:35:44.929  DEBUG   [client]  -> read  st2mot    
17:35:44.932  DEBUG   [client]  <- read  st2mot     ret=0  data=['0x01', '0x04']
17:35:45.129  DEBUG   [client]  -> read  st2mot    
17:35:45.133  DEBUG   [client]  <- read  st2mot     ret=0  data=['0xe8', '0x03']
17:35:45.329  DEBUG   [client]  -> read  st2mot    
17:35:45.333  DEBUG   [client]  <- read  st2mot     ret=0  data=['0xe8', '0x03']
17:35:45.529  DEBUG   [client]  -> read  st2mot    
17:35:45.533  DEBUG   [client]  <- read  st2mot     ret=0  data=['0x01', '0x04']
17:35:45.534  DEBUG   [client]  -> read  st0cur    
17:35:45.539  DEBUG   [client]  <- read  st0cur     ret=0  data=['0xf5', '0x01', '0xf6', '0x01']
17:35:45.729  DEBUG   [client]  -> read  st2mot    
17:35:45.733  DEBUG   [client]  <- read  st2mot     ret=0  data=['0xe8', '0x03']
17:35:45.902  DEBUG   [poll]    -> read  st2mot    
17:35:45.906  DEBUG   [poll]    <- read  st2mot     ret=0  data=['0xe8', '0x03']
17:35:45.906  DEBUG   [poll]    -> read  st0cur    
17:35:45.910  DEBUG   [poll]    <- read  st0cur     ret=0  data=['0xf5', '0x01', '0xf6', '0x01']
17:35:45.929  DEBUG   [client]  -> read  st2mot    
17:35:45.932  DEBUG   [client]  <- read  st2mot     ret=0  data=['0xe8', '0x03']
17:35:46.129  DEBUG   [client]  -> read  st2mot    
17:35:46.133  DEBUG   [client]  <- read  st2mot     ret=0  data=['0x01', '0x04']
17:35:46.329  DEBUG   [client]  -> read  st2mot    
17:35:46.333  DEBUG   [client]  <- read  st2mot     ret=0  data=['0xe8', '0x03']
17:35:46.529  DEBUG   [client]  -> read  st2mot    
17:35:46.533  DEBUG   [client]  <- read  st2mot     ret=0  data=['0xe8', '0x03']
17:35:46.534  DEBUG   [client]  -> read  st0cur    
17:35:46.539  DEBUG   [client]  <- read  st0cur     ret=0  data=['0xf5', '0x01', '0xf6', '0x01']
17:35:46.729  DEBUG   [client]  -> read  st2mot    
17:35:46.733  DEBUG   [client]  <- read  st2mot     ret=0  data=['0xe8', '0x03']
17:35:46.912  DEBUG   [poll]    -> read  st2mot    
17:35:46.915  DEBUG   [poll]    <- read  st2mot     ret=0  data=['0xe8', '0x03']
17:35:46.916  DEBUG   [poll]    -> read  st0cur    
17:35:46.920  DEBUG   [poll]    <- read  st0cur     ret=0  data=['0xf5', '0x01', '0xf6', '0x01']
17:35:46.929  DEBUG   [client]  -> read  st2mot    
17:35:46.932  DEBUG   [client]  <- read  st2mot     ret=0  data=['0xe8', '0x03']
17:35:47.129  DEBUG   [client]  -> read  st2mot    
17:35:47.133  DEBUG   [client]  <- read  st2mot     ret=0  data=['0xe8', '0x03']
17:35:47.329  DEBUG   [client]  -> read  st2mot    
17:35:47.333  DEBUG   [client]  <- read  st2mot     ret=0  data=['0x01', '0x04']
17:35:47.529  DEBUG   [client]  -> read  st2mot    
17:35:47.533  DEBUG   [client]  <- read  st2mot     ret=0  data=['0xe8', '0x03']
17:35:47.534  DEBUG   [client]  -> read  st0cur    
17:35:47.539  DEBUG   [client]  <- read  st0cur     ret=0  data=['0xf3', '0x01', '0xf6', '0x01']
17:35:47.729  DEBUG   [client]  -> read  st2mot    
17:35:47.733  DEBUG   [client]  <- read  st2mot     ret=0  data=['0xe8', '0x03']
17:35:47.921  DEBUG   [poll]    -> read  st2mot    
17:35:47.925  DEBUG   [poll]    <- read  st2mot     ret=0  data=['0xe8', '0x03']
17:35:47.925  DEBUG   [poll]    -> read  st0cur    
17:35:47.930  DEBUG   [poll]    <- read  st0cur     ret=0  data=['0xf3', '0x01', '0xf6', '0x01']
17:35:47.930  DEBUG   [client]  -> read  st2mot    
17:35:47.933  DEBUG   [client]  <- read  st2mot     ret=0  data=['0xe8', '0x03']
17:35:48.129  DEBUG   [client]  -> read  st2mot    
17:35:48.133  DEBUG   [client]  <- read  st2mot     ret=0  data=['0xe8', '0x03']
17:35:48.329  DEBUG   [client]  -> read  st2mot    
17:35:48.333  DEBUG   [client]  <- read  st2mot     ret=0  data=['0xe8', '0x03']
17:35:48.334  DEBUG   [client]  -> write cntl3mot   data=['0x03', '0x20']
17:35:48.590  DEBUG   [client]  -> write cntl3mot   data=['0x02', '0x58']
17:35:48.846  DEBUG   [client]  -> write cntl3mot   data=['0x01', '0x90']
17:35:48.931  DEBUG   [poll]    -> read  st2mot    
17:35:48.935  DEBUG   [poll]    <- read  st2mot     ret=0  data=['0x26', '0x02']
17:35:48.935  DEBUG   [poll]    -> read  st0cur    
17:35:48.939  DEBUG   [poll]    <- read  st0cur     ret=0  data=['0xf5', '0x01', '0xf7', '0x01']
17:35:49.101  DEBUG   [client]  -> write cntl3mot   data=['0x00', '0xc8']
17:35:49.357  DEBUG   [client]  -> write cntl3mot   data=['0x00', '0x00']
17:35:49.361  WARNING client disconnected — stopping motor
17:35:49.362  DEBUG   [client]  -> write cntl3mot   data=['0x00', '0x00']
17:35:49.366  INFO    client disconnected
17:35:49.941  DEBUG   [poll]    -> read  st2mot    
17:35:49.944  DEBUG   [poll]    <- read  st2mot     ret=0  data=['0x00', '0x00']
17:35:49.946  DEBUG   [poll]    -> read  st0cur    
17:35:49.950  DEBUG   [poll]    <- read  st0cur     ret=0  data=['0xf6', '0x01', '0xfa', '0x01']
17:35:49.951  WARNING *** OBSERVED STALL SIGNATURE (not acted on yet) — current=-0.49A while rpm=0 ***
17:35:50.952  DEBUG   [poll]    -> read  st2mot    
17:35:50.956  DEBUG   [poll]    <- read  st2mot     ret=0  data=['0x00', '0x00']
17:35:50.956  DEBUG   [poll]    -> read  st0cur    
17:35:50.961  DEBUG   [poll]    <- read  st0cur     ret=0  data=['0xfc', '0x01', '0xfe', '0x01']
17:35:50.961  WARNING *** OBSERVED STALL SIGNATURE (not acted on yet) — current=-0.20A while rpm=0 ***
17:35:51.963  DEBUG   [poll]    -> read  st2mot    
17:35:51.966  DEBUG   [poll]    <- read  st2mot     ret=0  data=['0x00', '0x00']
17:35:51.966  DEBUG   [poll]    -> read  st0cur    
17:35:51.971  DEBUG   [poll]    <- read  st0cur     ret=0  data=['0xfe', '0x01', '0x01', '0x02']
17:35:52.972  DEBUG   [poll]    -> read  st2mot    
17:35:52.976  DEBUG   [poll]    <- read  st2mot     ret=0  data=['0x00', '0x00']
17:35:52.976  DEBUG   [poll]    -> read  st0cur    
17:35:52.980  DEBUG   [poll]    <- read  st0cur     ret=0  data=['0xfe', '0x01', '0x01', '0x02']
17:35:53.982  DEBUG   [poll]    -> read  st2mot    
17:35:53.985  DEBUG   [poll]    <- read  st2mot     ret=0  data=['0x00', '0x00']
17:35:53.985  DEBUG   [poll]    -> read  st0cur    
17:35:53.990  DEBUG   [poll]    <- read  st0cur     ret=0  data=['0xfe', '0x01', '0x01', '0x02']
17:35:54.991  DEBUG   [poll]    -> read  st2mot    
17:35:54.995  DEBUG   [poll]    <- read  st2mot     ret=0  data=['0x00', '0x00']
17:35:54.995  DEBUG   [poll]    -> read  st0cur    
17:35:55.000  DEBUG   [poll]    <- read  st0cur     ret=0  data=['0xfe', '0x01', '0x01', '0x02']
17:35:56.001  DEBUG   [poll]    -> read  st2mot    
17:35:56.005  DEBUG   [poll]    <- read  st2mot     ret=0  data=['0x00', '0x00']
17:35:56.005  DEBUG   [poll]    -> read  st0cur    
17:35:56.009  DEBUG   [poll]    <- read  st0cur     ret=0  data=['0xfe', '0x01', '0x01', '0x02']
17:35:56.321  INFO    client connected
17:35:56.322  DEBUG   [client]  -> write cntl0mot   data=['0x05', '0x00']
17:35:56.326  DEBUG   [client]  -> write cntl3mot   data=['0x00', '0x00']
17:35:56.330  DEBUG   [client]  -> write cntl3mot   data=['0x03', '0xe8']
17:35:56.334  DEBUG   [client]  -> read  st2mot    
17:35:56.337  DEBUG   [client]  <- read  st2mot     ret=0  data=['0x00', '0x00']
17:35:56.338  DEBUG   [client]  -> read  st0cur    
17:35:56.342  DEBUG   [client]  <- read  st0cur     ret=0  data=['0xfe', '0x01', '0x01', '0x02']
17:35:56.534  DEBUG   [client]  -> read  st2mot    
17:35:56.537  DEBUG   [client]  <- read  st2mot     ret=0  data=['0x0d', '0x02']
17:35:56.734  DEBUG   [client]  -> read  st2mot    
17:35:56.737  DEBUG   [client]  <- read  st2mot     ret=0  data=['0xd5', '0x02']
17:35:56.934  DEBUG   [client]  -> read  st2mot    
17:35:56.937  DEBUG   [client]  <- read  st2mot     ret=0  data=['0xbc', '0x02']
17:35:57.011  DEBUG   [poll]    -> read  st2mot    
17:35:57.014  DEBUG   [poll]    <- read  st2mot     ret=0  data=['0x52', '0x03']
17:35:57.014  DEBUG   [poll]    -> read  st0cur    
17:35:57.019  DEBUG   [poll]    <- read  st0cur     ret=0  data=['0xf7', '0x01', '0xf8', '0x01']
17:35:57.134  DEBUG   [client]  -> read  st2mot    
17:35:57.138  DEBUG   [client]  <- read  st2mot     ret=0  data=['0x52', '0x03']
17:35:57.334  DEBUG   [client]  -> read  st2mot    
17:35:57.338  DEBUG   [client]  <- read  st2mot     ret=0  data=['0x52', '0x03']
17:35:57.340  DEBUG   [client]  -> read  st0cur    
17:35:57.344  DEBUG   [client]  <- read  st0cur     ret=0  data=['0xf7', '0x01', '0xf8', '0x01']
17:35:57.534  DEBUG   [client]  -> read  st2mot    
17:35:57.538  DEBUG   [client]  <- read  st2mot     ret=0  data=['0x9d', '0x03']
17:35:57.734  DEBUG   [client]  -> read  st2mot    
17:35:57.738  DEBUG   [client]  <- read  st2mot     ret=0  data=['0x9d', '0x03']
17:35:57.934  DEBUG   [client]  -> read  st2mot    
17:35:57.938  DEBUG   [client]  <- read  st2mot     ret=0  data=['0xb6', '0x03']
17:35:58.020  DEBUG   [poll]    -> read  st2mot    
17:35:58.023  DEBUG   [poll]    <- read  st2mot     ret=0  data=['0xb6', '0x03']
17:35:58.024  DEBUG   [poll]    -> read  st0cur    
17:35:58.028  DEBUG   [poll]    <- read  st0cur     ret=0  data=['0xf5', '0x01', '0xf6', '0x01']
17:35:58.134  DEBUG   [client]  -> read  st2mot    
17:35:58.138  DEBUG   [client]  <- read  st2mot     ret=0  data=['0xb6', '0x03']
17:35:58.334  DEBUG   [client]  -> read  st2mot    
17:35:58.338  DEBUG   [client]  <- read  st2mot     ret=0  data=['0xe8', '0x03']
17:35:58.339  DEBUG   [client]  -> read  st0cur    
17:35:58.344  DEBUG   [client]  <- read  st0cur     ret=0  data=['0xf5', '0x01', '0xf6', '0x01']
17:35:58.534  DEBUG   [client]  -> read  st2mot    
17:35:58.538  DEBUG   [client]  <- read  st2mot     ret=0  data=['0xcf', '0x03']
17:35:58.734  DEBUG   [client]  -> read  st2mot    
17:35:58.738  DEBUG   [client]  <- read  st2mot     ret=0  data=['0xe8', '0x03']
17:35:58.934  DEBUG   [client]  -> read  st2mot    
17:35:58.938  DEBUG   [client]  <- read  st2mot     ret=0  data=['0xb6', '0x03']
17:35:59.030  DEBUG   [poll]    -> read  st2mot    
17:35:59.033  DEBUG   [poll]    <- read  st2mot     ret=0  data=['0xb6', '0x03']
17:35:59.033  DEBUG   [poll]    -> read  st0cur    
17:35:59.038  DEBUG   [poll]    <- read  st0cur     ret=0  data=['0xf5', '0x01', '0xf5', '0x01']
17:35:59.134  DEBUG   [client]  -> read  st2mot    
17:35:59.138  DEBUG   [client]  <- read  st2mot     ret=0  data=['0x01', '0x04']
17:35:59.335  DEBUG   [client]  -> read  st2mot    
17:35:59.338  DEBUG   [client]  <- read  st2mot     ret=0  data=['0xe8', '0x03']
17:35:59.340  DEBUG   [client]  -> read  st0cur    
17:35:59.344  DEBUG   [client]  <- read  st0cur     ret=0  data=['0xf5', '0x01', '0xf5', '0x01']
17:35:59.534  DEBUG   [client]  -> read  st2mot    
17:35:59.538  DEBUG   [client]  <- read  st2mot     ret=0  data=['0xe8', '0x03']
17:35:59.734  DEBUG   [client]  -> read  st2mot    
17:35:59.738  DEBUG   [client]  <- read  st2mot     ret=0  data=['0xe8', '0x03']
17:35:59.934  DEBUG   [client]  -> read  st2mot    
17:35:59.938  DEBUG   [client]  <- read  st2mot     ret=0  data=['0xcf', '0x03']
17:36:00.039  DEBUG   [poll]    -> read  st2mot    
17:36:00.043  DEBUG   [poll]    <- read  st2mot     ret=0  data=['0xe8', '0x03']
17:36:00.045  DEBUG   [poll]    -> read  st0cur    
17:36:00.049  DEBUG   [poll]    <- read  st0cur     ret=0  data=['0xf4', '0x01', '0xf5', '0x01']
17:36:00.134  DEBUG   [client]  -> read  st2mot    
17:36:00.138  DEBUG   [client]  <- read  st2mot     ret=0  data=['0x01', '0x04']
17:36:00.334  DEBUG   [client]  -> read  st2mot    
17:36:00.338  DEBUG   [client]  <- read  st2mot     ret=0  data=['0xe8', '0x03']
17:36:00.339  DEBUG   [client]  -> read  st0cur    
17:36:00.344  DEBUG   [client]  <- read  st0cur     ret=0  data=['0xf4', '0x01', '0xf5', '0x01']
17:36:00.534  DEBUG   [client]  -> read  st2mot    
17:36:00.538  DEBUG   [client]  <- read  st2mot     ret=0  data=['0x01', '0x04']
17:36:00.734  DEBUG   [client]  -> read  st2mot    
17:36:00.738  DEBUG   [client]  <- read  st2mot     ret=0  data=['0xe8', '0x03']
17:36:00.934  DEBUG   [client]  -> read  st2mot    
17:36:00.938  DEBUG   [client]  <- read  st2mot     ret=0  data=['0xe8', '0x03']
17:36:01.051  DEBUG   [poll]    -> read  st2mot    
17:36:01.054  DEBUG   [poll]    <- read  st2mot     ret=0  data=['0x01', '0x04']
17:36:01.054  DEBUG   [poll]    -> read  st0cur    
17:36:01.059  DEBUG   [poll]    <- read  st0cur     ret=0  data=['0xf4', '0x01', '0xf7', '0x01']
17:36:01.134  DEBUG   [client]  -> read  st2mot    
17:36:01.138  DEBUG   [client]  <- read  st2mot     ret=0  data=['0xe8', '0x03']
17:36:01.334  DEBUG   [client]  -> read  st2mot    
17:36:01.338  DEBUG   [client]  <- read  st2mot     ret=0  data=['0xe8', '0x03']
17:36:01.339  DEBUG   [client]  -> read  st0cur    
17:36:01.344  DEBUG   [client]  <- read  st0cur     ret=0  data=['0xf4', '0x01', '0xf7', '0x01']
17:36:01.534  DEBUG   [client]  -> read  st2mot    
17:36:01.538  DEBUG   [client]  <- read  st2mot     ret=0  data=['0xe8', '0x03']
17:36:01.734  DEBUG   [client]  -> read  st2mot    
17:36:01.738  DEBUG   [client]  <- read  st2mot     ret=0  data=['0xe8', '0x03']
17:36:01.934  DEBUG   [client]  -> read  st2mot    
17:36:01.938  DEBUG   [client]  <- read  st2mot     ret=0  data=['0xcf', '0x03']
17:36:02.060  DEBUG   [poll]    -> read  st2mot    
17:36:02.064  DEBUG   [poll]    <- read  st2mot     ret=0  data=['0xe8', '0x03']
17:36:02.064  DEBUG   [poll]    -> read  st0cur    
17:36:02.068  DEBUG   [poll]    <- read  st0cur     ret=0  data=['0xf4', '0x01', '0xf5', '0x01']
17:36:02.134  DEBUG   [client]  -> read  st2mot    
17:36:02.138  DEBUG   [client]  <- read  st2mot     ret=0  data=['0x01', '0x04']
17:36:02.334  DEBUG   [client]  -> read  st2mot    
17:36:02.338  DEBUG   [client]  <- read  st2mot     ret=0  data=['0xe8', '0x03']
17:36:02.339  DEBUG   [client]  -> read  st0cur    
17:36:02.344  DEBUG   [client]  <- read  st0cur     ret=0  data=['0xf4', '0x01', '0xf5', '0x01']
17:36:02.534  DEBUG   [client]  -> read  st2mot    
17:36:02.538  DEBUG   [client]  <- read  st2mot     ret=0  data=['0xe8', '0x03']
17:36:02.734  DEBUG   [client]  -> read  st2mot    
17:36:02.738  DEBUG   [client]  <- read  st2mot     ret=0  data=['0xe8', '0x03']
17:36:02.934  DEBUG   [client]  -> read  st2mot    
17:36:02.938  DEBUG   [client]  <- read  st2mot     ret=0  data=['0xe8', '0x03']
17:36:03.070  DEBUG   [poll]    -> read  st2mot    
17:36:03.073  DEBUG   [poll]    <- read  st2mot     ret=0  data=['0xcf', '0x03']
17:36:03.074  DEBUG   [poll]    -> read  st0cur    
17:36:03.078  DEBUG   [poll]    <- read  st0cur     ret=0  data=['0xf6', '0x01', '0xf4', '0x01']
17:36:03.134  DEBUG   [client]  -> read  st2mot    
17:36:03.138  DEBUG   [client]  <- read  st2mot     ret=0  data=['0xe8', '0x03']
17:36:03.139  DEBUG   [client]  -> write cntl3mot   data=['0x03', '0x20']
17:36:03.395  DEBUG   [client]  -> write cntl3mot   data=['0x02', '0x58']
17:36:03.651  DEBUG   [client]  -> write cntl3mot   data=['0x01', '0x90']
17:36:03.906  DEBUG   [client]  -> write cntl3mot   data=['0x00', '0xc8']
17:36:04.080  DEBUG   [poll]    -> read  st2mot    
17:36:04.083  DEBUG   [poll]    <- read  st2mot     ret=0  data=['0x13', '0x01']
17:36:04.083  DEBUG   [poll]    -> read  st0cur    
17:36:04.088  DEBUG   [poll]    <- read  st0cur     ret=0  data=['0xf7', '0x01', '0xf9', '0x01']
17:36:04.162  DEBUG   [client]  -> write cntl3mot   data=['0x00', '0x00']
17:36:04.166  WARNING client disconnected — stopping motor
17:36:04.167  DEBUG   [client]  -> write cntl3mot   data=['0x00', '0x00']
17:36:04.172  INFO    client disconnected
17:36:05.089  DEBUG   [poll]    -> read  st2mot    
17:36:05.093  DEBUG   [poll]    <- read  st2mot     ret=0  data=['0x00', '0x00']
17:36:05.093  DEBUG   [poll]    -> read  st0cur    
17:36:05.098  DEBUG   [poll]    <- read  st0cur     ret=0  data=['0xfd', '0x01', '0x00', '0x02']
17:36:06.099  DEBUG   [poll]    -> read  st2mot    
17:36:06.102  DEBUG   [poll]    <- read  st2mot     ret=0  data=['0x00', '0x00']
17:36:06.103  DEBUG   [poll]    -> read  st0cur    
17:36:06.107  DEBUG   [poll]    <- read  st0cur     ret=0  data=['0xfe', '0x01', '0x01', '0x02']
17:36:07.109  DEBUG   [poll]    -> read  st2mot    
17:36:07.112  DEBUG   [poll]    <- read  st2mot     ret=0  data=['0x00', '0x00']
17:36:07.112  DEBUG   [poll]    -> read  st0cur    
17:36:07.117  DEBUG   [poll]    <- read  st0cur     ret=0  data=['0xfe', '0x01', '0x01', '0x02']
17:36:08.118  DEBUG   [poll]    -> read  st2mot    
17:36:08.122  DEBUG   [poll]    <- read  st2mot     ret=0  data=['0x00', '0x00']
17:36:08.122  DEBUG   [poll]    -> read  st0cur    
17:36:08.126  DEBUG   [poll]    <- read  st0cur     ret=0  data=['0xfe', '0x01', '0x02', '0x02']
17:36:09.048  INFO    client connected
17:36:09.050  DEBUG   [client]  -> write cntl0mot   data=['0xfb', '0x03']
17:36:09.053  DEBUG   [client]  -> write cntl3mot   data=['0x00', '0x00']
17:36:09.057  DEBUG   [client]  -> write cntl3mot   data=['0x03', '0xe8']
17:36:09.061  DEBUG   [client]  -> read  st2mot    
17:36:09.064  DEBUG   [client]  <- read  st2mot     ret=0  data=['0x00', '0x00']
17:36:09.065  DEBUG   [client]  -> read  st0cur    
17:36:09.069  DEBUG   [client]  <- read  st0cur     ret=0  data=['0xfe', '0x01', '0x01', '0x02']
17:36:09.128  DEBUG   [poll]    -> read  st2mot    
17:36:09.131  DEBUG   [poll]    <- read  st2mot     ret=0  data=['0x00', '0x00']
17:36:09.131  DEBUG   [poll]    -> read  st0cur    
17:36:09.135  DEBUG   [poll]    <- read  st0cur     ret=0  data=['0xfe', '0x01', '0x01', '0x02']
17:36:09.261  DEBUG   [client]  -> read  st2mot    
17:36:09.264  DEBUG   [client]  <- read  st2mot     ret=0  data=['0x00', '0x00']
17:36:09.461  DEBUG   [client]  -> read  st2mot    
17:36:09.464  DEBUG   [client]  <- read  st2mot     ret=0  data=['0x64', '0x00']
17:36:09.661  DEBUG   [client]  -> read  st2mot    
17:36:09.664  DEBUG   [client]  <- read  st2mot     ret=0  data=['0x65', '0x04']
17:36:09.862  DEBUG   [client]  -> read  st2mot    
17:36:09.865  DEBUG   [client]  <- read  st2mot     ret=0  data=['0x33', '0x04']
17:36:10.062  DEBUG   [client]  -> read  st2mot    
17:36:10.065  DEBUG   [client]  <- read  st2mot     ret=0  data=['0xcf', '0x03']
17:36:10.067  DEBUG   [client]  -> read  st0cur    
17:36:10.071  DEBUG   [client]  <- read  st0cur     ret=0  data=['0xf5', '0x01', '0xf6', '0x01']
17:36:10.136  DEBUG   [poll]    -> read  st2mot    
17:36:10.139  DEBUG   [poll]    <- read  st2mot     ret=0  data=['0xcf', '0x03']
17:36:10.142  DEBUG   [poll]    -> read  st0cur    
17:36:10.147  DEBUG   [poll]    <- read  st0cur     ret=0  data=['0xf5', '0x01', '0xf6', '0x01']
17:36:10.261  DEBUG   [client]  -> read  st2mot    
17:36:10.265  DEBUG   [client]  <- read  st2mot     ret=0  data=['0xcf', '0x03']
17:36:10.462  DEBUG   [client]  -> read  st2mot    
17:36:10.465  DEBUG   [client]  <- read  st2mot     ret=0  data=['0xe8', '0x03']
17:36:10.662  DEBUG   [client]  -> read  st2mot    
17:36:10.665  DEBUG   [client]  <- read  st2mot     ret=0  data=['0x01', '0x04']
17:36:10.862  DEBUG   [client]  -> read  st2mot    
17:36:10.865  DEBUG   [client]  <- read  st2mot     ret=0  data=['0xcf', '0x03']
17:36:11.062  DEBUG   [client]  -> read  st2mot    
17:36:11.065  DEBUG   [client]  <- read  st2mot     ret=0  data=['0xe8', '0x03']
17:36:11.067  DEBUG   [client]  -> read  st0cur    
17:36:11.071  DEBUG   [client]  <- read  st0cur     ret=0  data=['0xf5', '0x01', '0xf6', '0x01']
17:36:11.148  DEBUG   [poll]    -> read  st2mot    
17:36:11.152  DEBUG   [poll]    <- read  st2mot     ret=0  data=['0x01', '0x04']
17:36:11.152  DEBUG   [poll]    -> read  st0cur    
17:36:11.156  DEBUG   [poll]    <- read  st0cur     ret=0  data=['0xf5', '0x01', '0xf6', '0x01']
17:36:11.262  DEBUG   [client]  -> read  st2mot    
17:36:11.265  DEBUG   [client]  <- read  st2mot     ret=0  data=['0xcf', '0x03']
17:36:11.462  DEBUG   [client]  -> read  st2mot    
17:36:11.465  DEBUG   [client]  <- read  st2mot     ret=0  data=['0x01', '0x04']
17:36:11.662  DEBUG   [client]  -> read  st2mot    
17:36:11.665  DEBUG   [client]  <- read  st2mot     ret=0  data=['0xe8', '0x03']
17:36:11.862  DEBUG   [client]  -> read  st2mot    
17:36:11.865  DEBUG   [client]  <- read  st2mot     ret=0  data=['0x01', '0x04']
17:36:12.062  DEBUG   [client]  -> read  st2mot    
17:36:12.065  DEBUG   [client]  <- read  st2mot     ret=0  data=['0x01', '0x04']
17:36:12.067  DEBUG   [client]  -> read  st0cur    
17:36:12.071  DEBUG   [client]  <- read  st0cur     ret=0  data=['0xf6', '0x01', '0xf7', '0x01']
17:36:12.158  DEBUG   [poll]    -> read  st2mot    
17:36:12.161  DEBUG   [poll]    <- read  st2mot     ret=0  data=['0xcf', '0x03']
17:36:12.162  DEBUG   [poll]    -> read  st0cur    
17:36:12.166  DEBUG   [poll]    <- read  st0cur     ret=0  data=['0xf6', '0x01', '0xf7', '0x01']
17:36:12.262  DEBUG   [client]  -> read  st2mot    
17:36:12.265  DEBUG   [client]  <- read  st2mot     ret=0  data=['0xe8', '0x03']
17:36:12.462  DEBUG   [client]  -> read  st2mot    
17:36:12.465  DEBUG   [client]  <- read  st2mot     ret=0  data=['0xe8', '0x03']
17:36:12.662  DEBUG   [client]  -> read  st2mot    
17:36:12.665  DEBUG   [client]  <- read  st2mot     ret=0  data=['0x01', '0x04']
17:36:12.862  DEBUG   [client]  -> read  st2mot    
17:36:12.865  DEBUG   [client]  <- read  st2mot     ret=0  data=['0xe8', '0x03']
17:36:13.062  DEBUG   [client]  -> read  st2mot    
17:36:13.065  DEBUG   [client]  <- read  st2mot     ret=0  data=['0xe8', '0x03']
17:36:13.067  DEBUG   [client]  -> read  st0cur    
17:36:13.071  DEBUG   [client]  <- read  st0cur     ret=0  data=['0xf5', '0x01', '0xf7', '0x01']
17:36:13.167  DEBUG   [poll]    -> read  st2mot    
17:36:13.171  DEBUG   [poll]    <- read  st2mot     ret=0  data=['0xe8', '0x03']
17:36:13.171  DEBUG   [poll]    -> read  st0cur    
17:36:13.175  DEBUG   [poll]    <- read  st0cur     ret=0  data=['0xf5', '0x01', '0xf7', '0x01']
17:36:13.261  DEBUG   [client]  -> read  st2mot    
17:36:13.265  DEBUG   [client]  <- read  st2mot     ret=0  data=['0xe8', '0x03']
17:36:13.462  DEBUG   [client]  -> read  st2mot    
17:36:13.465  DEBUG   [client]  <- read  st2mot     ret=0  data=['0xe8', '0x03']
17:36:13.662  DEBUG   [client]  -> read  st2mot    
17:36:13.665  DEBUG   [client]  <- read  st2mot     ret=0  data=['0x01', '0x04']
17:36:13.862  DEBUG   [client]  -> read  st2mot    
17:36:13.865  DEBUG   [client]  <- read  st2mot     ret=0  data=['0xe8', '0x03']
17:36:14.062  DEBUG   [client]  -> read  st2mot    
17:36:14.065  DEBUG   [client]  <- read  st2mot     ret=0  data=['0xe8', '0x03']
17:36:14.067  DEBUG   [client]  -> read  st0cur    
17:36:14.071  DEBUG   [client]  <- read  st0cur     ret=0  data=['0xf6', '0x01', '0xf6', '0x01']
17:36:14.177  DEBUG   [poll]    -> read  st2mot    
17:36:14.180  DEBUG   [poll]    <- read  st2mot     ret=0  data=['0x01', '0x04']
17:36:14.180  DEBUG   [poll]    -> read  st0cur    
17:36:14.184  DEBUG   [poll]    <- read  st0cur     ret=0  data=['0xf6', '0x01', '0xf6', '0x01']
17:36:14.261  DEBUG   [client]  -> read  st2mot    
17:36:14.265  DEBUG   [client]  <- read  st2mot     ret=0  data=['0xe8', '0x03']
17:36:14.462  DEBUG   [client]  -> read  st2mot    
17:36:14.465  DEBUG   [client]  <- read  st2mot     ret=0  data=['0x01', '0x04']
17:36:14.662  DEBUG   [client]  -> read  st2mot    
17:36:14.665  DEBUG   [client]  <- read  st2mot     ret=0  data=['0xe8', '0x03']
17:36:14.862  DEBUG   [client]  -> read  st2mot    
17:36:14.865  DEBUG   [client]  <- read  st2mot     ret=0  data=['0xe8', '0x03']
17:36:15.062  DEBUG   [client]  -> read  st2mot    
17:36:15.065  DEBUG   [client]  <- read  st2mot     ret=0  data=['0xe8', '0x03']
17:36:15.067  DEBUG   [client]  -> read  st0cur    
17:36:15.071  DEBUG   [client]  <- read  st0cur     ret=0  data=['0xf4', '0x01', '0xf5', '0x01']
17:36:15.186  DEBUG   [poll]    -> read  st2mot    
17:36:15.189  DEBUG   [poll]    <- read  st2mot     ret=0  data=['0xe8', '0x03']
17:36:15.190  DEBUG   [poll]    -> read  st0cur    
17:36:15.195  DEBUG   [poll]    <- read  st0cur     ret=0  data=['0xf4', '0x01', '0xf5', '0x01']
17:36:15.261  DEBUG   [client]  -> read  st2mot    
17:36:15.265  DEBUG   [client]  <- read  st2mot     ret=0  data=['0xe8', '0x03']
17:36:15.462  DEBUG   [client]  -> read  st2mot    
17:36:15.465  DEBUG   [client]  <- read  st2mot     ret=0  data=['0xe8', '0x03']
17:36:15.662  DEBUG   [client]  -> read  st2mot    
17:36:15.665  DEBUG   [client]  <- read  st2mot     ret=0  data=['0xe8', '0x03']
17:36:15.862  DEBUG   [client]  -> read  st2mot    
17:36:15.865  DEBUG   [client]  <- read  st2mot     ret=0  data=['0xe8', '0x03']
17:36:15.867  DEBUG   [client]  -> write cntl3mot   data=['0x03', '0x20']
17:36:16.122  DEBUG   [client]  -> write cntl3mot   data=['0x02', '0x58']
17:36:16.196  DEBUG   [poll]    -> read  st2mot    
17:36:16.200  DEBUG   [poll]    <- read  st2mot     ret=0  data=['0x07', '0x03']
17:36:16.200  DEBUG   [poll]    -> read  st0cur    
17:36:16.204  DEBUG   [poll]    <- read  st0cur     ret=0  data=['0xf4', '0x01', '0xf5', '0x01']
17:36:16.378  DEBUG   [client]  -> write cntl3mot   data=['0x01', '0x90']
17:36:16.633  DEBUG   [client]  -> write cntl3mot   data=['0x00', '0xc8']
17:36:16.889  DEBUG   [client]  -> write cntl3mot   data=['0x00', '0x00']
17:36:16.894  WARNING client disconnected — stopping motor
17:36:16.894  DEBUG   [client]  -> write cntl3mot   data=['0x00', '0x00']
17:36:16.898  INFO    client disconnected
17:36:17.206  DEBUG   [poll]    -> read  st2mot    
17:36:17.209  DEBUG   [poll]    <- read  st2mot     ret=0  data=['0x00', '0x00']
17:36:17.209  DEBUG   [poll]    -> read  st0cur    
17:36:17.213  DEBUG   [poll]    <- read  st0cur     ret=0  data=['0xf9', '0x01', '0xfc', '0x01']
17:36:17.213  WARNING *** OBSERVED STALL SIGNATURE (not acted on yet) — current=-0.34A while rpm=0 ***
17:36:18.215  DEBUG   [poll]    -> read  st2mot    
17:36:18.218  DEBUG   [poll]    <- read  st2mot     ret=0  data=['0x00', '0x00']
17:36:18.218  DEBUG   [poll]    -> read  st0cur    
17:36:18.223  DEBUG   [poll]    <- read  st0cur     ret=0  data=['0xfd', '0x01', '0x01', '0x02']
17:36:19.224  DEBUG   [poll]    -> read  st2mot    
17:36:19.228  DEBUG   [poll]    <- read  st2mot     ret=0  data=['0x00', '0x00']
17:36:19.228  DEBUG   [poll]    -> read  st0cur    
17:36:19.232  DEBUG   [poll]    <- read  st0cur     ret=0  data=['0xfe', '0x01', '0x01', '0x02']
17:36:20.234  DEBUG   [poll]    -> read  st2mot    
17:36:20.237  DEBUG   [poll]    <- read  st2mot     ret=0  data=['0x00', '0x00']
17:36:20.238  DEBUG   [poll]    -> read  st0cur    
17:36:20.242  DEBUG   [poll]    <- read  st0cur     ret=0  data=['0xfd', '0x01', '0x01', '0x02']
17:36:21.244  DEBUG   [poll]    -> read  st2mot    
17:36:21.247  DEBUG   [poll]    <- read  st2mot     ret=0  data=['0x00', '0x00']
17:36:21.247  DEBUG   [poll]    -> read  st0cur    
17:36:21.252  DEBUG   [poll]    <- read  st0cur     ret=0  data=['0xfe', '0x01', '0x01', '0x02']
17:36:21.777  INFO    client connected
17:36:21.778  DEBUG   [client]  -> write cntl0mot   data=['0x00', '0x03']
17:36:21.781  DEBUG   [client]  -> write cntl3mot   data=['0x00', '0x00']
17:36:21.785  DEBUG   [client]  -> write cntl3mot   data=['0x03', '0xe8']
17:36:21.789  DEBUG   [client]  -> read  st2mot    
17:36:21.792  DEBUG   [client]  <- read  st2mot     ret=0  data=['0x00', '0x00']
17:36:21.793  DEBUG   [client]  -> read  st0cur    
17:36:21.797  DEBUG   [client]  <- read  st0cur     ret=0  data=['0xfe', '0x01', '0x01', '0x02']
17:36:21.989  DEBUG   [client]  -> read  st2mot    
17:36:21.992  DEBUG   [client]  <- read  st2mot     ret=0  data=['0x00', '0x00']
17:36:22.189  DEBUG   [client]  -> read  st2mot    
17:36:22.192  DEBUG   [client]  <- read  st2mot     ret=0  data=['0xd5', '0x02']
17:36:22.253  DEBUG   [poll]    -> read  st2mot    
17:36:22.256  DEBUG   [poll]    <- read  st2mot     ret=0  data=['0x6b', '0x03']
17:36:22.256  DEBUG   [poll]    -> read  st0cur    
17:36:22.260  DEBUG   [poll]    <- read  st0cur     ret=0  data=['0xfa', '0x01', '0xfd', '0x01']
17:36:22.389  DEBUG   [client]  -> read  st2mot    
17:36:22.392  DEBUG   [client]  <- read  st2mot     ret=0  data=['0x39', '0x03']
17:36:22.590  DEBUG   [client]  -> read  st2mot    
17:36:22.593  DEBUG   [client]  <- read  st2mot     ret=0  data=['0x52', '0x03']
17:36:22.789  DEBUG   [client]  -> read  st2mot    
17:36:22.793  DEBUG   [client]  <- read  st2mot     ret=0  data=['0x9d', '0x03']
17:36:22.795  DEBUG   [client]  -> read  st0cur    
17:36:22.799  DEBUG   [client]  <- read  st0cur     ret=0  data=['0xfa', '0x01', '0xfd', '0x01']
17:36:22.989  DEBUG   [client]  -> read  st2mot    
17:36:22.993  DEBUG   [client]  <- read  st2mot     ret=0  data=['0xcf', '0x03']
17:36:23.189  DEBUG   [client]  -> read  st2mot    
17:36:23.193  DEBUG   [client]  <- read  st2mot     ret=0  data=['0xcf', '0x03']
17:36:23.262  DEBUG   [poll]    -> read  st2mot    
17:36:23.265  DEBUG   [poll]    <- read  st2mot     ret=0  data=['0xb6', '0x03']
17:36:23.265  DEBUG   [poll]    -> read  st0cur    
17:36:23.270  DEBUG   [poll]    <- read  st0cur     ret=0  data=['0xf6', '0x01', '0xf5', '0x01']
17:36:23.390  DEBUG   [client]  -> read  st2mot    
17:36:23.393  DEBUG   [client]  <- read  st2mot     ret=0  data=['0xe8', '0x03']
17:36:23.590  DEBUG   [client]  -> read  st2mot    
17:36:23.593  DEBUG   [client]  <- read  st2mot     ret=0  data=['0xcf', '0x03']
17:36:23.790  DEBUG   [client]  -> read  st2mot    
17:36:23.793  DEBUG   [client]  <- read  st2mot     ret=0  data=['0xe8', '0x03']
17:36:23.795  DEBUG   [client]  -> read  st0cur    
17:36:23.799  DEBUG   [client]  <- read  st0cur     ret=0  data=['0xf6', '0x01', '0xf5', '0x01']
17:36:23.989  DEBUG   [client]  -> read  st2mot    
17:36:23.993  DEBUG   [client]  <- read  st2mot     ret=0  data=['0xcf', '0x03']
17:36:24.189  DEBUG   [client]  -> read  st2mot    
17:36:24.193  DEBUG   [client]  <- read  st2mot     ret=0  data=['0xe8', '0x03']
17:36:24.271  DEBUG   [poll]    -> read  st2mot    
17:36:24.275  DEBUG   [poll]    <- read  st2mot     ret=0  data=['0xcf', '0x03']
17:36:24.275  DEBUG   [poll]    -> read  st0cur    
17:36:24.279  DEBUG   [poll]    <- read  st0cur     ret=0  data=['0xf5', '0x01', '0xf7', '0x01']
17:36:24.389  DEBUG   [client]  -> read  st2mot    
17:36:24.393  DEBUG   [client]  <- read  st2mot     ret=0  data=['0xe8', '0x03']
17:36:24.589  DEBUG   [client]  -> read  st2mot    
17:36:24.593  DEBUG   [client]  <- read  st2mot     ret=0  data=['0x01', '0x04']
17:36:24.789  DEBUG   [client]  -> read  st2mot    
17:36:24.793  DEBUG   [client]  <- read  st2mot     ret=0  data=['0xe8', '0x03']
17:36:24.794  DEBUG   [client]  -> read  st0cur    
17:36:24.799  DEBUG   [client]  <- read  st0cur     ret=0  data=['0xf5', '0x01', '0xf7', '0x01']
17:36:24.989  DEBUG   [client]  -> read  st2mot    
17:36:24.993  DEBUG   [client]  <- read  st2mot     ret=0  data=['0xcf', '0x03']
17:36:25.189  DEBUG   [client]  -> read  st2mot    
17:36:25.193  DEBUG   [client]  <- read  st2mot     ret=0  data=['0xe8', '0x03']
17:36:25.281  DEBUG   [poll]    -> read  st2mot    
17:36:25.284  DEBUG   [poll]    <- read  st2mot     ret=0  data=['0xe8', '0x03']
17:36:25.286  DEBUG   [poll]    -> read  st0cur    
17:36:25.290  DEBUG   [poll]    <- read  st0cur     ret=0  data=['0xf5', '0x01', '0xf6', '0x01']
17:36:25.389  DEBUG   [client]  -> read  st2mot    
17:36:25.393  DEBUG   [client]  <- read  st2mot     ret=0  data=['0xe8', '0x03']
17:36:25.589  DEBUG   [client]  -> read  st2mot    
17:36:25.593  DEBUG   [client]  <- read  st2mot     ret=0  data=['0xe8', '0x03']
17:36:25.789  DEBUG   [client]  -> read  st2mot    
17:36:25.793  DEBUG   [client]  <- read  st2mot     ret=0  data=['0xe8', '0x03']
17:36:25.795  DEBUG   [client]  -> read  st0cur    
17:36:25.799  DEBUG   [client]  <- read  st0cur     ret=0  data=['0xf5', '0x01', '0xf6', '0x01']
17:36:25.989  DEBUG   [client]  -> read  st2mot    
17:36:25.993  DEBUG   [client]  <- read  st2mot     ret=0  data=['0xe8', '0x03']
17:36:26.189  DEBUG   [client]  -> read  st2mot    
17:36:26.193  DEBUG   [client]  <- read  st2mot     ret=0  data=['0xe8', '0x03']
17:36:26.292  DEBUG   [poll]    -> read  st2mot    
17:36:26.295  DEBUG   [poll]    <- read  st2mot     ret=0  data=['0xe8', '0x03']
17:36:26.296  DEBUG   [poll]    -> read  st0cur    
17:36:26.300  DEBUG   [poll]    <- read  st0cur     ret=0  data=['0xf4', '0x01', '0xf6', '0x01']
17:36:26.389  DEBUG   [client]  -> read  st2mot    
17:36:26.393  DEBUG   [client]  <- read  st2mot     ret=0  data=['0xe8', '0x03']
17:36:26.589  DEBUG   [client]  -> read  st2mot    
17:36:26.593  DEBUG   [client]  <- read  st2mot     ret=0  data=['0xe8', '0x03']
17:36:26.789  DEBUG   [client]  -> read  st2mot    
17:36:26.793  DEBUG   [client]  <- read  st2mot     ret=0  data=['0xe8', '0x03']
17:36:26.794  DEBUG   [client]  -> read  st0cur    
17:36:26.799  DEBUG   [client]  <- read  st0cur     ret=0  data=['0xf4', '0x01', '0xf6', '0x01']
17:36:26.989  DEBUG   [client]  -> read  st2mot    
17:36:26.993  DEBUG   [client]  <- read  st2mot     ret=0  data=['0xe8', '0x03']
17:36:27.189  DEBUG   [client]  -> read  st2mot    
17:36:27.193  DEBUG   [client]  <- read  st2mot     ret=0  data=['0xe8', '0x03']
17:36:27.301  DEBUG   [poll]    -> read  st2mot    
17:36:27.305  DEBUG   [poll]    <- read  st2mot     ret=0  data=['0xcf', '0x03']
17:36:27.305  DEBUG   [poll]    -> read  st0cur    
17:36:27.309  DEBUG   [poll]    <- read  st0cur     ret=0  data=['0xf4', '0x01', '0xf6', '0x01']
17:36:27.389  DEBUG   [client]  -> read  st2mot    
17:36:27.393  DEBUG   [client]  <- read  st2mot     ret=0  data=['0xcf', '0x03']
17:36:27.589  DEBUG   [client]  -> read  st2mot    
17:36:27.593  DEBUG   [client]  <- read  st2mot     ret=0  data=['0x01', '0x04']
17:36:27.789  DEBUG   [client]  -> read  st2mot    
17:36:27.793  DEBUG   [client]  <- read  st2mot     ret=0  data=['0xcf', '0x03']
17:36:27.794  DEBUG   [client]  -> read  st0cur    
17:36:27.799  DEBUG   [client]  <- read  st0cur     ret=0  data=['0xf4', '0x01', '0xf6', '0x01']
17:36:27.989  DEBUG   [client]  -> read  st2mot    
17:36:27.993  DEBUG   [client]  <- read  st2mot     ret=0  data=['0xe8', '0x03']
17:36:28.189  DEBUG   [client]  -> read  st2mot    
17:36:28.193  DEBUG   [client]  <- read  st2mot     ret=0  data=['0x01', '0x04']
17:36:28.311  DEBUG   [poll]    -> read  st2mot    
17:36:28.314  DEBUG   [poll]    <- read  st2mot     ret=0  data=['0x01', '0x04']
17:36:28.314  DEBUG   [poll]    -> read  st0cur    
17:36:28.318  DEBUG   [poll]    <- read  st0cur     ret=0  data=['0xf4', '0x01', '0xf8', '0x01']
17:36:28.389  DEBUG   [client]  -> read  st2mot    
17:36:28.393  DEBUG   [client]  <- read  st2mot     ret=0  data=['0x01', '0x04']
17:36:28.589  DEBUG   [client]  -> read  st2mot    
17:36:28.593  DEBUG   [client]  <- read  st2mot     ret=0  data=['0xcf', '0x03']
17:36:28.595  DEBUG   [client]  -> write cntl3mot   data=['0x03', '0x20']
17:36:28.850  DEBUG   [client]  -> write cntl3mot   data=['0x02', '0x58']
17:36:29.108  DEBUG   [client]  -> write cntl3mot   data=['0x01', '0x90']
17:36:29.320  DEBUG   [poll]    -> read  st2mot    
17:36:29.323  DEBUG   [poll]    <- read  st2mot     ret=0  data=['0xdb', '0x01']
17:36:29.324  DEBUG   [poll]    -> read  st0cur    
17:36:29.328  DEBUG   [poll]    <- read  st0cur     ret=0  data=['0xf6', '0x01', '0xf8', '0x01']
17:36:29.363  DEBUG   [client]  -> write cntl3mot   data=['0x00', '0xc8']
17:36:29.619  DEBUG   [client]  -> write cntl3mot   data=['0x00', '0x00']
17:36:29.623  WARNING client disconnected — stopping motor
17:36:29.625  DEBUG   [client]  -> write cntl3mot   data=['0x00', '0x00']
17:36:29.629  INFO    client disconnected
17:36:30.330  DEBUG   [poll]    -> read  st2mot    
17:36:30.333  DEBUG   [poll]    <- read  st2mot     ret=0  data=['0x00', '0x00']
17:36:30.334  DEBUG   [poll]    -> read  st0cur    
17:36:30.339  DEBUG   [poll]    <- read  st0cur     ret=0  data=['0xfc', '0x01', '0xfe', '0x01']
17:36:30.339  WARNING *** OBSERVED STALL SIGNATURE (not acted on yet) — current=-0.20A while rpm=0 ***
17:36:31.341  DEBUG   [poll]    -> read  st2mot    
17:36:31.344  DEBUG   [poll]    <- read  st2mot     ret=0  data=['0x00', '0x00']
17:36:31.344  DEBUG   [poll]    -> read  st0cur    
17:36:31.349  DEBUG   [poll]    <- read  st0cur     ret=0  data=['0xfe', '0x01', '0x01', '0x02']
17:36:32.350  DEBUG   [poll]    -> read  st2mot    
17:36:32.353  DEBUG   [poll]    <- read  st2mot     ret=0  data=['0x00', '0x00']
17:36:32.354  DEBUG   [poll]    -> read  st0cur    
17:36:32.358  DEBUG   [poll]    <- read  st0cur     ret=0  data=['0xfe', '0x01', '0x01', '0x02']
17:36:33.360  DEBUG   [poll]    -> read  st2mot    
17:36:33.363  DEBUG   [poll]    <- read  st2mot     ret=0  data=['0x00', '0x00']
17:36:33.363  DEBUG   [poll]    -> read  st0cur    
17:36:33.368  DEBUG   [poll]    <- read  st0cur     ret=0  data=['0xfe', '0x01', '0x01', '0x02']
17:36:34.369  DEBUG   [poll]    -> read  st2mot    
17:36:34.372  DEBUG   [poll]    <- read  st2mot     ret=0  data=['0x00', '0x00']
17:36:34.373  DEBUG   [poll]    -> read  st0cur    
17:36:34.377  DEBUG   [poll]    <- read  st0cur     ret=0  data=['0xfe', '0x01', '0x01', '0x02']
17:36:35.379  DEBUG   [poll]    -> read  st2mot    
17:36:35.382  DEBUG   [poll]    <- read  st2mot     ret=0  data=['0x00', '0x00']
17:36:35.383  DEBUG   [poll]    -> read  st0cur    
17:36:35.387  DEBUG   [poll]    <- read  st0cur     ret=0  data=['0xfe', '0x01', '0x01', '0x02']
17:36:36.388  DEBUG   [poll]    -> read  st2mot    
17:36:36.391  DEBUG   [poll]    <- read  st2mot     ret=0  data=['0x00', '0x00']
17:36:36.392  DEBUG   [poll]    -> read  st0cur    
17:36:36.396  DEBUG   [poll]    <- read  st0cur     ret=0  data=['0xfe', '0x01', '0x01', '0x02']
17:36:36.814  INFO    client connected
17:36:36.815  DEBUG   [client]  -> write cntl0mot   data=['0x05', '0x03']
17:36:36.819  DEBUG   [client]  -> write cntl3mot   data=['0x00', '0x00']
17:36:36.822  DEBUG   [client]  -> write cntl3mot   data=['0x03', '0xe8']
17:36:36.828  DEBUG   [client]  -> read  st2mot    
17:36:36.833  DEBUG   [client]  <- read  st2mot     ret=0  data=['0x00', '0x00']
17:36:36.835  DEBUG   [client]  -> read  st0cur    
17:36:36.839  DEBUG   [client]  <- read  st0cur     ret=0  data=['0xfe', '0x01', '0x01', '0x02']
17:36:37.026  DEBUG   [client]  -> read  st2mot    
17:36:37.029  DEBUG   [client]  <- read  st2mot     ret=0  data=['0xbc', '0x02']
17:36:37.226  DEBUG   [client]  -> read  st2mot    
17:36:37.229  DEBUG   [client]  <- read  st2mot     ret=0  data=['0xbc', '0x02']
17:36:37.397  DEBUG   [poll]    -> read  st2mot    
17:36:37.400  DEBUG   [poll]    <- read  st2mot     ret=0  data=['0x8a', '0x02']
17:36:37.401  DEBUG   [poll]    -> read  st0cur    
17:36:37.405  DEBUG   [poll]    <- read  st0cur     ret=0  data=['0xfa', '0x01', '0xff', '0x01']
17:36:37.427  DEBUG   [client]  -> read  st2mot    
17:36:37.430  DEBUG   [client]  <- read  st2mot     ret=0  data=['0xd5', '0x02']
17:36:37.627  DEBUG   [client]  -> read  st2mot    
17:36:37.631  DEBUG   [client]  <- read  st2mot     ret=0  data=['0x84', '0x03']
17:36:37.827  DEBUG   [client]  -> read  st2mot    
17:36:37.830  DEBUG   [client]  <- read  st2mot     ret=0  data=['0x52', '0x03']
17:36:37.832  DEBUG   [client]  -> read  st0cur    
17:36:37.837  DEBUG   [client]  <- read  st0cur     ret=0  data=['0xfa', '0x01', '0xff', '0x01']
17:36:38.027  DEBUG   [client]  -> read  st2mot    
17:36:38.030  DEBUG   [client]  <- read  st2mot     ret=0  data=['0x9d', '0x03']
17:36:38.227  DEBUG   [client]  -> read  st2mot    
17:36:38.230  DEBUG   [client]  <- read  st2mot     ret=0  data=['0xb6', '0x03']
17:36:38.406  DEBUG   [poll]    -> read  st2mot    
17:36:38.410  DEBUG   [poll]    <- read  st2mot     ret=0  data=['0xb6', '0x03']
17:36:38.410  DEBUG   [poll]    -> read  st0cur    
17:36:38.414  DEBUG   [poll]    <- read  st0cur     ret=0  data=['0xf6', '0x01', '0xf8', '0x01']
17:36:38.427  DEBUG   [client]  -> read  st2mot    
17:36:38.430  DEBUG   [client]  <- read  st2mot     ret=0  data=['0xb6', '0x03']
17:36:38.627  DEBUG   [client]  -> read  st2mot    
17:36:38.631  DEBUG   [client]  <- read  st2mot     ret=0  data=['0xe8', '0x03']
17:36:38.827  DEBUG   [client]  -> read  st2mot    
17:36:38.830  DEBUG   [client]  <- read  st2mot     ret=0  data=['0xcf', '0x03']
17:36:38.832  DEBUG   [client]  -> read  st0cur    
17:36:38.837  DEBUG   [client]  <- read  st0cur     ret=0  data=['0xf6', '0x01', '0xf8', '0x01']
17:36:39.027  DEBUG   [client]  -> read  st2mot    
17:36:39.030  DEBUG   [client]  <- read  st2mot     ret=0  data=['0xe8', '0x03']
17:36:39.227  DEBUG   [client]  -> read  st2mot    
17:36:39.231  DEBUG   [client]  <- read  st2mot     ret=0  data=['0xcf', '0x03']
17:36:39.416  DEBUG   [poll]    -> read  st2mot    
17:36:39.419  DEBUG   [poll]    <- read  st2mot     ret=0  data=['0xcf', '0x03']
17:36:39.420  DEBUG   [poll]    -> read  st0cur    
17:36:39.424  DEBUG   [poll]    <- read  st0cur     ret=0  data=['0xf5', '0x01', '0xf5', '0x01']
17:36:39.427  DEBUG   [client]  -> read  st2mot    
17:36:39.430  DEBUG   [client]  <- read  st2mot     ret=0  data=['0xcf', '0x03']
17:36:39.627  DEBUG   [client]  -> read  st2mot    
17:36:39.630  DEBUG   [client]  <- read  st2mot     ret=0  data=['0xe8', '0x03']
17:36:39.827  DEBUG   [client]  -> read  st2mot    
17:36:39.830  DEBUG   [client]  <- read  st2mot     ret=0  data=['0xe8', '0x03']
17:36:39.832  DEBUG   [client]  -> read  st0cur    
17:36:39.837  DEBUG   [client]  <- read  st0cur     ret=0  data=['0xf5', '0x01', '0xf5', '0x01']
17:36:40.027  DEBUG   [client]  -> read  st2mot    
17:36:40.030  DEBUG   [client]  <- read  st2mot     ret=0  data=['0xe8', '0x03']
17:36:40.227  DEBUG   [client]  -> read  st2mot    
17:36:40.230  DEBUG   [client]  <- read  st2mot     ret=0  data=['0xe8', '0x03']
17:36:40.425  DEBUG   [poll]    -> read  st2mot    
17:36:40.429  DEBUG   [poll]    <- read  st2mot     ret=0  data=['0xe8', '0x03']
17:36:40.431  DEBUG   [poll]    -> read  st0cur    
17:36:40.435  DEBUG   [poll]    <- read  st0cur     ret=0  data=['0xf5', '0x01', '0xf5', '0x01']
17:36:40.436  DEBUG   [client]  -> read  st2mot    
17:36:40.439  DEBUG   [client]  <- read  st2mot     ret=0  data=['0xe8', '0x03']
17:36:40.627  DEBUG   [client]  -> read  st2mot    
17:36:40.630  DEBUG   [client]  <- read  st2mot     ret=0  data=['0xe8', '0x03']
17:36:40.827  DEBUG   [client]  -> read  st2mot    
17:36:40.831  DEBUG   [client]  <- read  st2mot     ret=0  data=['0xe8', '0x03']
17:36:40.832  DEBUG   [client]  -> read  st0cur    
17:36:40.837  DEBUG   [client]  <- read  st0cur     ret=0  data=['0xf5', '0x01', '0xf5', '0x01']
17:36:41.027  DEBUG   [client]  -> read  st2mot    
17:36:41.030  DEBUG   [client]  <- read  st2mot     ret=0  data=['0xcf', '0x03']
17:36:41.227  DEBUG   [client]  -> read  st2mot    
17:36:41.230  DEBUG   [client]  <- read  st2mot     ret=0  data=['0x01', '0x04']
17:36:41.427  DEBUG   [client]  -> read  st2mot    
17:36:41.430  DEBUG   [client]  <- read  st2mot     ret=0  data=['0xcf', '0x03']
17:36:41.437  DEBUG   [poll]    -> read  st2mot    
17:36:41.440  DEBUG   [poll]    <- read  st2mot     ret=0  data=['0xcf', '0x03']
17:36:41.441  DEBUG   [poll]    -> read  st0cur    
17:36:41.445  DEBUG   [poll]    <- read  st0cur     ret=0  data=['0xf6', '0x01', '0xf6', '0x01']
17:36:41.627  DEBUG   [client]  -> read  st2mot    
17:36:41.630  DEBUG   [client]  <- read  st2mot     ret=0  data=['0x01', '0x04']
17:36:41.827  DEBUG   [client]  -> read  st2mot    
17:36:41.830  DEBUG   [client]  <- read  st2mot     ret=0  data=['0xcf', '0x03']
17:36:41.832  DEBUG   [client]  -> read  st0cur    
17:36:41.836  DEBUG   [client]  <- read  st0cur     ret=0  data=['0xf6', '0x01', '0xf6', '0x01']
17:36:42.027  DEBUG   [client]  -> read  st2mot    
17:36:42.030  DEBUG   [client]  <- read  st2mot     ret=0  data=['0xe8', '0x03']
17:36:42.227  DEBUG   [client]  -> read  st2mot    
17:36:42.230  DEBUG   [client]  <- read  st2mot     ret=0  data=['0xe8', '0x03']
17:36:42.427  DEBUG   [client]  -> read  st2mot    
17:36:42.430  DEBUG   [client]  <- read  st2mot     ret=0  data=['0xcf', '0x03']
17:36:42.447  DEBUG   [poll]    -> read  st2mot    
17:36:42.450  DEBUG   [poll]    <- read  st2mot     ret=0  data=['0xcf', '0x03']
17:36:42.450  DEBUG   [poll]    -> read  st0cur    
17:36:42.455  DEBUG   [poll]    <- read  st0cur     ret=0  data=['0xf6', '0x01', '0xf6', '0x01']
17:36:42.627  DEBUG   [client]  -> read  st2mot    
17:36:42.630  DEBUG   [client]  <- read  st2mot     ret=0  data=['0xe8', '0x03']
17:36:42.827  DEBUG   [client]  -> read  st2mot    
17:36:42.830  DEBUG   [client]  <- read  st2mot     ret=0  data=['0x01', '0x04']
17:36:42.832  DEBUG   [client]  -> read  st0cur    
17:36:42.837  DEBUG   [client]  <- read  st0cur     ret=0  data=['0xf6', '0x01', '0xf6', '0x01']
17:36:43.027  DEBUG   [client]  -> read  st2mot    
17:36:43.030  DEBUG   [client]  <- read  st2mot     ret=0  data=['0xe8', '0x03']
17:36:43.227  DEBUG   [client]  -> read  st2mot    
17:36:43.230  DEBUG   [client]  <- read  st2mot     ret=0  data=['0xcf', '0x03']
17:36:43.427  DEBUG   [client]  -> read  st2mot    
17:36:43.430  DEBUG   [client]  <- read  st2mot     ret=0  data=['0x01', '0x04']
17:36:43.457  DEBUG   [poll]    -> read  st2mot    
17:36:43.460  DEBUG   [poll]    <- read  st2mot     ret=0  data=['0xcf', '0x03']
17:36:43.461  DEBUG   [poll]    -> read  st0cur    
17:36:43.465  DEBUG   [poll]    <- read  st0cur     ret=0  data=['0xf5', '0x01', '0xf7', '0x01']
17:36:43.627  DEBUG   [client]  -> read  st2mot    
17:36:43.630  DEBUG   [client]  <- read  st2mot     ret=0  data=['0xe8', '0x03']
17:36:43.632  DEBUG   [client]  -> write cntl3mot   data=['0x03', '0x20']
17:36:43.888  DEBUG   [client]  -> write cntl3mot   data=['0x02', '0x58']
17:36:44.144  DEBUG   [client]  -> write cntl3mot   data=['0x01', '0x90']
17:36:44.400  DEBUG   [client]  -> write cntl3mot   data=['0x00', '0xc8']
17:36:44.466  DEBUG   [poll]    -> read  st2mot    
17:36:44.470  DEBUG   [poll]    <- read  st2mot     ret=0  data=['0x90', '0x01']
17:36:44.470  DEBUG   [poll]    -> read  st0cur    
17:36:44.475  DEBUG   [poll]    <- read  st0cur     ret=0  data=['0xf6', '0x01', '0xf8', '0x01']
17:36:44.656  DEBUG   [client]  -> write cntl3mot   data=['0x00', '0x00']
17:36:44.661  WARNING client disconnected — stopping motor
17:36:44.662  DEBUG   [client]  -> write cntl3mot   data=['0x00', '0x00']
17:36:44.666  INFO    client disconnected
17:36:45.476  DEBUG   [poll]    -> read  st2mot    
17:36:45.480  DEBUG   [poll]    <- read  st2mot     ret=0  data=['0x00', '0x00']
17:36:45.481  DEBUG   [poll]    -> read  st0cur    
17:36:45.485  DEBUG   [poll]    <- read  st0cur     ret=0  data=['0xfd', '0x01', '0x00', '0x02']
17:36:46.487  DEBUG   [poll]    -> read  st2mot    
17:36:46.490  DEBUG   [poll]    <- read  st2mot     ret=0  data=['0x00', '0x00']
17:36:46.491  DEBUG   [poll]    -> read  st0cur    
17:36:46.495  DEBUG   [poll]    <- read  st0cur     ret=0  data=['0xfd', '0x01', '0x01', '0x02']
17:36:47.496  DEBUG   [poll]    -> read  st2mot    
17:36:47.500  DEBUG   [poll]    <- read  st2mot     ret=0  data=['0x00', '0x00']
17:36:47.501  DEBUG   [poll]    -> read  st0cur    
17:36:47.505  DEBUG   [poll]    <- read  st0cur     ret=0  data=['0xfe', '0x01', '0x01', '0x02']
