14:20:37.107  INFO    === watchdog.py — LIVE bus ===
14:20:37.116  INFO    listening on /tmp/motorwatchdog.sock
14:20:38.117  DEBUG   [poll]    -> read  st2mot    
14:20:38.120  DEBUG   [poll]    <- read  st2mot     ret=0  data=['0x00', '0x00']
14:20:38.121  DEBUG   [poll]    -> read  st0cur    
14:20:38.125  DEBUG   [poll]    <- read  st0cur     ret=0  data=['0xfe', '0x01', '0x01', '0x02']
14:20:39.126  DEBUG   [poll]    -> read  st2mot    
14:20:39.130  DEBUG   [poll]    <- read  st2mot     ret=0  data=['0x00', '0x00']
14:20:39.130  DEBUG   [poll]    -> read  st0cur    
14:20:39.134  DEBUG   [poll]    <- read  st0cur     ret=0  data=['0xfe', '0x01', '0x01', '0x02']
14:20:40.136  DEBUG   [poll]    -> read  st2mot    
14:20:40.139  DEBUG   [poll]    <- read  st2mot     ret=0  data=['0x00', '0x00']
14:20:40.140  DEBUG   [poll]    -> read  st0cur    
14:20:40.144  DEBUG   [poll]    <- read  st0cur     ret=0  data=['0xfe', '0x01', '0x02', '0x02']
14:20:41.145  DEBUG   [poll]    -> read  st2mot    
14:20:41.149  DEBUG   [poll]    <- read  st2mot     ret=0  data=['0x00', '0x00']
14:20:41.150  DEBUG   [poll]    -> read  st0cur    
14:20:41.155  DEBUG   [poll]    <- read  st0cur     ret=0  data=['0xfe', '0x01', '0x01', '0x02']
14:20:41.327  INFO    client connected
14:20:42.156  DEBUG   [poll]    -> read  st2mot    
14:20:42.165  DEBUG   [poll]    <- read  st2mot     ret=0  data=['0x00', '0x00']
14:20:42.166  DEBUG   [poll]    -> read  st0cur    
14:20:42.170  DEBUG   [poll]    <- read  st0cur     ret=0  data=['0xfd', '0x01', '0x01', '0x02']
14:20:43.172  DEBUG   [poll]    -> read  st2mot    
14:20:43.175  DEBUG   [poll]    <- read  st2mot     ret=0  data=['0x00', '0x00']
14:20:43.176  DEBUG   [poll]    -> read  st0cur    
14:20:43.180  DEBUG   [poll]    <- read  st0cur     ret=0  data=['0xfe', '0x01', '0x01', '0x02']
14:20:44.182  DEBUG   [poll]    -> read  st2mot    
14:20:44.185  DEBUG   [poll]    <- read  st2mot     ret=0  data=['0x00', '0x00']
14:20:44.185  DEBUG   [poll]    -> read  st0cur    
14:20:44.190  DEBUG   [poll]    <- read  st0cur     ret=0  data=['0xfe', '0x01', '0x01', '0x02']
14:20:45.191  DEBUG   [poll]    -> read  st2mot    
14:20:45.195  DEBUG   [poll]    <- read  st2mot     ret=0  data=['0x00', '0x00']
14:20:45.195  DEBUG   [poll]    -> read  st0cur    
14:20:45.199  DEBUG   [poll]    <- read  st0cur     ret=0  data=['0xfe', '0x01', '0x01', '0x02']
14:20:45.215  DEBUG   [client]  -> read  st3mot    
14:20:45.219  DEBUG   [client]  <- read  st3mot     ret=0  data=['0x00', '0x00', '0x00', '0x00']
14:20:46.201  DEBUG   [poll]    -> read  st2mot    
14:20:46.205  DEBUG   [poll]    <- read  st2mot     ret=0  data=['0x00', '0x00']
14:20:46.205  DEBUG   [poll]    -> read  st0cur    
14:20:46.209  DEBUG   [poll]    <- read  st0cur     ret=0  data=['0xfe', '0x01', '0x01', '0x02']
14:20:46.574  DEBUG   [client]  -> read  st3mot    
14:20:46.579  DEBUG   [client]  <- read  st3mot     ret=0  data=['0x00', '0x00', '0x00', '0x00']
14:20:47.211  DEBUG   [poll]    -> read  st2mot    
14:20:47.218  DEBUG   [poll]    <- read  st2mot     ret=0  data=['0x00', '0x00']
14:20:47.218  DEBUG   [poll]    -> read  st0cur    
14:20:47.223  DEBUG   [poll]    <- read  st0cur     ret=0  data=['0xfe', '0x01', '0x01', '0x02']
14:20:47.247  DEBUG   [client]  -> read  st3mot    
14:20:47.251  DEBUG   [client]  <- read  st3mot     ret=0  data=['0x00', '0x00', '0x00', '0x00']
14:20:48.224  DEBUG   [poll]    -> read  st2mot    
14:20:48.228  DEBUG   [poll]    <- read  st2mot     ret=0  data=['0x00', '0x00']
14:20:48.228  DEBUG   [poll]    -> read  st0cur    
14:20:48.232  DEBUG   [poll]    <- read  st0cur     ret=0  data=['0xfe', '0x01', '0x01', '0x02']
14:20:48.831  DEBUG   [client]  -> read  st0mot    
14:20:48.835  DEBUG   [client]  <- read  st0mot     ret=0  data=['0x01', '0x00', '0x00']
14:20:49.234  DEBUG   [poll]    -> read  st2mot    
14:20:49.237  DEBUG   [poll]    <- read  st2mot     ret=0  data=['0x00', '0x00']
14:20:49.238  DEBUG   [poll]    -> read  st0cur    
14:20:49.242  DEBUG   [poll]    <- read  st0cur     ret=0  data=['0xfe', '0x01', '0x01', '0x02']
14:20:50.244  DEBUG   [poll]    -> read  st2mot    
14:20:50.247  DEBUG   [poll]    <- read  st2mot     ret=0  data=['0x00', '0x00']
14:20:50.247  DEBUG   [poll]    -> read  st0cur    
14:20:50.252  DEBUG   [poll]    <- read  st0cur     ret=0  data=['0xfe', '0x01', '0x01', '0x02']
14:20:51.253  DEBUG   [poll]    -> read  st2mot    
14:20:51.256  DEBUG   [poll]    <- read  st2mot     ret=0  data=['0x00', '0x00']
14:20:51.257  DEBUG   [poll]    -> read  st0cur    
14:20:51.261  DEBUG   [poll]    <- read  st0cur     ret=0  data=['0xfe', '0x01', '0x01', '0x02']
14:20:52.263  DEBUG   [poll]    -> read  st2mot    
14:20:52.270  DEBUG   [poll]    <- read  st2mot     ret=0  data=['0x00', '0x00']
14:20:52.270  DEBUG   [poll]    -> read  st0cur    
14:20:52.274  DEBUG   [poll]    <- read  st0cur     ret=0  data=['0xfe', '0x01', '0x01', '0x02']
14:20:53.276  DEBUG   [poll]    -> read  st2mot    
14:20:53.279  DEBUG   [poll]    <- read  st2mot     ret=0  data=['0x00', '0x00']
14:20:53.280  DEBUG   [poll]    -> read  st0cur    
14:20:53.284  DEBUG   [poll]    <- read  st0cur     ret=0  data=['0xfe', '0x01', '0x01', '0x02']
14:20:54.285  DEBUG   [poll]    -> read  st2mot    
14:20:54.289  DEBUG   [poll]    <- read  st2mot     ret=0  data=['0x00', '0x00']
14:20:54.289  DEBUG   [poll]    -> read  st0cur    
14:20:54.293  DEBUG   [poll]    <- read  st0cur     ret=0  data=['0xfe', '0x01', '0x01', '0x02']
14:20:55.295  DEBUG   [poll]    -> read  st2mot    
14:20:55.298  DEBUG   [poll]    <- read  st2mot     ret=0  data=['0x00', '0x00']
14:20:55.298  DEBUG   [poll]    -> read  st0cur    
14:20:55.303  DEBUG   [poll]    <- read  st0cur     ret=0  data=['0xfe', '0x01', '0x01', '0x02']
14:20:56.304  DEBUG   [poll]    -> read  st2mot    
14:20:56.307  DEBUG   [poll]    <- read  st2mot     ret=0  data=['0x00', '0x00']
14:20:56.308  DEBUG   [poll]    -> read  st0cur    
14:20:56.312  DEBUG   [poll]    <- read  st0cur     ret=0  data=['0xfe', '0x01', '0x02', '0x02']
14:20:57.314  DEBUG   [poll]    -> read  st2mot    
14:20:57.320  DEBUG   [poll]    <- read  st2mot     ret=0  data=['0x00', '0x00']
14:20:57.321  DEBUG   [poll]    -> read  st0cur    
14:20:57.325  DEBUG   [poll]    <- read  st0cur     ret=0  data=['0xfe', '0x01', '0x02', '0x02']
14:20:58.327  DEBUG   [poll]    -> read  st2mot    
14:20:58.330  DEBUG   [poll]    <- read  st2mot     ret=0  data=['0x00', '0x00']
14:20:58.330  DEBUG   [poll]    -> read  st0cur    
14:20:58.335  DEBUG   [poll]    <- read  st0cur     ret=0  data=['0xfe', '0x01', '0x01', '0x02']
14:20:59.336  DEBUG   [poll]    -> read  st2mot    
14:20:59.339  DEBUG   [poll]    <- read  st2mot     ret=0  data=['0x00', '0x00']
14:20:59.340  DEBUG   [poll]    -> read  st0cur    
14:20:59.344  DEBUG   [poll]    <- read  st0cur     ret=0  data=['0xfe', '0x01', '0x02', '0x02']
14:21:00.345  DEBUG   [poll]    -> read  st2mot    
14:21:00.349  DEBUG   [poll]    <- read  st2mot     ret=0  data=['0x00', '0x00']
14:21:00.349  DEBUG   [poll]    -> read  st0cur    
14:21:00.353  DEBUG   [poll]    <- read  st0cur     ret=0  data=['0xfe', '0x01', '0x01', '0x02']
14:21:01.355  DEBUG   [poll]    -> read  st2mot    
14:21:01.358  DEBUG   [poll]    <- read  st2mot     ret=0  data=['0x00', '0x00']
14:21:01.359  DEBUG   [poll]    -> read  st0cur    
14:21:01.363  DEBUG   [poll]    <- read  st0cur     ret=0  data=['0xfe', '0x01', '0x01', '0x02']
14:21:02.364  DEBUG   [poll]    -> read  st2mot    
14:21:02.371  DEBUG   [poll]    <- read  st2mot     ret=0  data=['0x00', '0x00']
14:21:02.372  DEBUG   [poll]    -> read  st0cur    
14:21:02.376  DEBUG   [poll]    <- read  st0cur     ret=0  data=['0xfd', '0x01', '0x01', '0x02']
14:21:03.378  DEBUG   [poll]    -> read  st2mot    
14:21:03.381  DEBUG   [poll]    <- read  st2mot     ret=0  data=['0x00', '0x00']
14:21:03.381  DEBUG   [poll]    -> read  st0cur    
14:21:03.386  DEBUG   [poll]    <- read  st0cur     ret=0  data=['0xfe', '0x01', '0x01', '0x02']
14:21:04.289  DEBUG   [client]  -> write cntl3mot   data=['0x00', '0x00']
14:21:04.387  DEBUG   [poll]    -> read  st2mot    
14:21:04.390  DEBUG   [poll]    <- read  st2mot     ret=0  data=['0x00', '0x00']
14:21:04.391  DEBUG   [poll]    -> read  st0cur    
14:21:04.395  DEBUG   [poll]    <- read  st0cur     ret=0  data=['0xfe', '0x01', '0x02', '0x02']
14:21:05.396  DEBUG   [poll]    -> read  st2mot    
14:21:05.400  DEBUG   [poll]    <- read  st2mot     ret=0  data=['0x00', '0x00']
14:21:05.400  DEBUG   [poll]    -> read  st0cur    
14:21:05.404  DEBUG   [poll]    <- read  st0cur     ret=0  data=['0xfe', '0x01', '0x02', '0x02']
14:21:06.406  DEBUG   [poll]    -> read  st2mot    
14:21:06.409  DEBUG   [poll]    <- read  st2mot     ret=0  data=['0x00', '0x00']
14:21:06.409  DEBUG   [poll]    -> read  st0cur    
14:21:06.414  DEBUG   [poll]    <- read  st0cur     ret=0  data=['0xfd', '0x01', '0x01', '0x02']
14:21:07.415  DEBUG   [poll]    -> read  st2mot    
14:21:07.422  DEBUG   [poll]    <- read  st2mot     ret=0  data=['0x00', '0x00']
14:21:07.422  DEBUG   [poll]    -> read  st0cur    
14:21:07.427  DEBUG   [poll]    <- read  st0cur     ret=0  data=['0xfe', '0x01', '0x01', '0x02']
14:21:08.428  DEBUG   [poll]    -> read  st2mot    
14:21:08.432  DEBUG   [poll]    <- read  st2mot     ret=0  data=['0x00', '0x00']
14:21:08.432  DEBUG   [poll]    -> read  st0cur    
14:21:08.436  DEBUG   [poll]    <- read  st0cur     ret=0  data=['0xfe', '0x01', '0x01', '0x02']
14:21:09.438  DEBUG   [poll]    -> read  st2mot    
14:21:09.441  DEBUG   [poll]    <- read  st2mot     ret=0  data=['0x00', '0x00']
14:21:09.442  DEBUG   [poll]    -> read  st0cur    
14:21:09.446  DEBUG   [poll]    <- read  st0cur     ret=0  data=['0xfe', '0x01', '0x01', '0x02']
14:21:10.419  DEBUG   [client]  -> write cntl3mot   data=['0x01', '0xf4']
14:21:10.448  DEBUG   [poll]    -> read  st2mot    
14:21:10.451  DEBUG   [poll]    <- read  st2mot     ret=0  data=['0x00', '0x00']
14:21:10.451  DEBUG   [poll]    -> read  st0cur    
14:21:10.456  DEBUG   [poll]    <- read  st0cur     ret=0  data=['0xfe', '0x01', '0x01', '0x02']
14:21:11.457  DEBUG   [poll]    -> read  st2mot    
14:21:11.461  DEBUG   [poll]    <- read  st2mot     ret=0  data=['0x26', '0x02']
14:21:11.461  DEBUG   [poll]    -> read  st0cur    
14:21:11.465  DEBUG   [poll]    <- read  st0cur     ret=0  data=['0xf9', '0x01', '0xf8', '0x01']
14:21:12.467  DEBUG   [poll]    -> read  st2mot    
14:21:12.474  DEBUG   [poll]    <- read  st2mot     ret=0  data=['0xf4', '0x01']
14:21:12.475  DEBUG   [poll]    -> read  st0cur    
14:21:12.479  DEBUG   [poll]    <- read  st0cur     ret=0  data=['0xf7', '0x01', '0xfa', '0x01']
14:21:12.722  DEBUG   [client]  -> write cntl3mot   data=['0x00', '0x00']
14:21:13.481  DEBUG   [poll]    -> read  st2mot    
14:21:13.484  DEBUG   [poll]    <- read  st2mot     ret=0  data=['0x00', '0x00']
14:21:13.485  DEBUG   [poll]    -> read  st0cur    
14:21:13.489  DEBUG   [poll]    <- read  st0cur     ret=0  data=['0xfc', '0x01', '0xff', '0x01']
14:21:13.489  WARNING *** OBSERVED STALL SIGNATURE (not acted on yet) — current=-0.20A while rpm=0 ***
14:21:14.491  DEBUG   [poll]    -> read  st2mot    
14:21:14.494  DEBUG   [poll]    <- read  st2mot     ret=0  data=['0x00', '0x00']
14:21:14.495  DEBUG   [poll]    -> read  st0cur    
14:21:14.499  DEBUG   [poll]    <- read  st0cur     ret=0  data=['0xfe', '0x01', '0x01', '0x02']
14:21:15.501  DEBUG   [poll]    -> read  st2mot    
14:21:15.504  DEBUG   [poll]    <- read  st2mot     ret=0  data=['0x00', '0x00']
14:21:15.505  DEBUG   [poll]    -> read  st0cur    
14:21:15.509  DEBUG   [poll]    <- read  st0cur     ret=0  data=['0xfd', '0x01', '0x01', '0x02']
14:21:16.003  DEBUG   [client]  -> read  st3mot    
14:21:16.007  DEBUG   [client]  <- read  st3mot     ret=0  data=['0x00', '0x00', '0x00', '0x03']
14:21:16.510  DEBUG   [poll]    -> read  st2mot    
14:21:16.514  DEBUG   [poll]    <- read  st2mot     ret=0  data=['0x00', '0x00']
14:21:16.514  DEBUG   [poll]    -> read  st0cur    
14:21:16.518  DEBUG   [poll]    <- read  st0cur     ret=0  data=['0xfd', '0x01', '0x01', '0x02']
14:21:17.520  DEBUG   [poll]    -> read  st2mot    
14:21:17.528  DEBUG   [poll]    <- read  st2mot     ret=0  data=['0x00', '0x00']
14:21:17.528  DEBUG   [poll]    -> read  st0cur    
14:21:17.532  DEBUG   [poll]    <- read  st0cur     ret=0  data=['0xfe', '0x01', '0x01', '0x02']
14:21:18.534  DEBUG   [poll]    -> read  st2mot    
14:21:18.537  DEBUG   [poll]    <- read  st2mot     ret=0  data=['0x00', '0x00']
14:21:18.538  DEBUG   [poll]    -> read  st0cur    
14:21:18.542  DEBUG   [poll]    <- read  st0cur     ret=0  data=['0xfe', '0x01', '0x01', '0x02']
14:21:19.543  DEBUG   [poll]    -> read  st2mot    
14:21:19.547  DEBUG   [poll]    <- read  st2mot     ret=0  data=['0x00', '0x00']
14:21:19.547  DEBUG   [poll]    -> read  st0cur    
14:21:19.551  DEBUG   [poll]    <- read  st0cur     ret=0  data=['0xfe', '0x01', '0x01', '0x02']
14:21:20.553  DEBUG   [poll]    -> read  st2mot    
14:21:20.556  DEBUG   [poll]    <- read  st2mot     ret=0  data=['0x00', '0x00']
14:21:20.556  DEBUG   [poll]    -> read  st0cur    
14:21:20.561  DEBUG   [poll]    <- read  st0cur     ret=0  data=['0xfd', '0x01', '0x01', '0x02']
14:21:21.562  DEBUG   [poll]    -> read  st2mot    
14:21:21.565  DEBUG   [poll]    <- read  st2mot     ret=0  data=['0x00', '0x00']
14:21:21.566  DEBUG   [poll]    -> read  st0cur    
14:21:21.570  DEBUG   [poll]    <- read  st0cur     ret=0  data=['0xfe', '0x01', '0x01', '0x02']
14:21:22.572  DEBUG   [poll]    -> read  st2mot    
14:21:22.578  DEBUG   [poll]    <- read  st2mot     ret=0  data=['0x00', '0x00']
14:21:22.579  DEBUG   [poll]    -> read  st0cur    
14:21:22.583  DEBUG   [poll]    <- read  st0cur     ret=0  data=['0xfe', '0x01', '0x01', '0x02']
14:21:23.584  DEBUG   [poll]    -> read  st2mot    
14:21:23.588  DEBUG   [poll]    <- read  st2mot     ret=0  data=['0x00', '0x00']
14:21:23.588  DEBUG   [poll]    -> read  st0cur    
14:21:23.592  DEBUG   [poll]    <- read  st0cur     ret=0  data=['0xfe', '0x01', '0x01', '0x02']
14:21:24.594  DEBUG   [poll]    -> read  st2mot    
14:21:24.597  DEBUG   [poll]    <- read  st2mot     ret=0  data=['0x00', '0x00']
14:21:24.598  DEBUG   [poll]    -> read  st0cur    
14:21:24.602  DEBUG   [poll]    <- read  st0cur     ret=0  data=['0xfe', '0x01', '0x01', '0x02']
14:21:25.603  DEBUG   [poll]    -> read  st2mot    
14:21:25.607  DEBUG   [poll]    <- read  st2mot     ret=0  data=['0x00', '0x00']
14:21:25.607  DEBUG   [poll]    -> read  st0cur    
14:21:25.611  DEBUG   [poll]    <- read  st0cur     ret=0  data=['0xfe', '0x01', '0x01', '0x02']
14:21:26.613  DEBUG   [poll]    -> read  st2mot    
14:21:26.616  DEBUG   [poll]    <- read  st2mot     ret=0  data=['0x00', '0x00']
14:21:26.617  DEBUG   [poll]    -> read  st0cur    
14:21:26.621  DEBUG   [poll]    <- read  st0cur     ret=0  data=['0xfe', '0x01', '0x01', '0x02']
14:21:27.622  DEBUG   [poll]    -> read  st2mot    
14:21:27.629  DEBUG   [poll]    <- read  st2mot     ret=0  data=['0x00', '0x00']
14:21:27.629  DEBUG   [poll]    -> read  st0cur    
14:21:27.634  DEBUG   [poll]    <- read  st0cur     ret=0  data=['0xfe', '0x01', '0x01', '0x02']
14:21:28.635  DEBUG   [poll]    -> read  st2mot    
14:21:28.639  DEBUG   [poll]    <- read  st2mot     ret=0  data=['0x00', '0x00']
14:21:28.639  DEBUG   [poll]    -> read  st0cur    
14:21:28.643  DEBUG   [poll]    <- read  st0cur     ret=0  data=['0xfe', '0x01', '0x01', '0x02']
14:21:29.645  DEBUG   [poll]    -> read  st2mot    
14:21:29.648  DEBUG   [poll]    <- read  st2mot     ret=0  data=['0x00', '0x00']
14:21:29.648  DEBUG   [poll]    -> read  st0cur    
14:21:29.653  DEBUG   [poll]    <- read  st0cur     ret=0  data=['0xfe', '0x01', '0x01', '0x02']
14:21:30.654  DEBUG   [poll]    -> read  st2mot    
14:21:30.657  DEBUG   [poll]    <- read  st2mot     ret=0  data=['0x00', '0x00']
14:21:30.658  DEBUG   [poll]    -> read  st0cur    
14:21:30.662  DEBUG   [poll]    <- read  st0cur     ret=0  data=['0xfe', '0x01', '0x01', '0x02']
14:21:31.663  DEBUG   [poll]    -> read  st2mot    
14:21:31.667  DEBUG   [poll]    <- read  st2mot     ret=0  data=['0x00', '0x00']
14:21:31.667  DEBUG   [poll]    -> read  st0cur    
14:21:31.671  DEBUG   [poll]    <- read  st0cur     ret=0  data=['0xfe', '0x01', '0x01', '0x02']
14:21:32.673  DEBUG   [poll]    -> read  st2mot    
14:21:32.680  DEBUG   [poll]    <- read  st2mot     ret=0  data=['0x00', '0x00']
14:21:32.680  DEBUG   [poll]    -> read  st0cur    
14:21:32.684  DEBUG   [poll]    <- read  st0cur     ret=0  data=['0xfe', '0x01', '0x01', '0x02']
14:21:33.686  DEBUG   [poll]    -> read  st2mot    
14:21:33.689  DEBUG   [poll]    <- read  st2mot     ret=0  data=['0x00', '0x00']
14:21:33.690  DEBUG   [poll]    -> read  st0cur    
14:21:33.694  DEBUG   [poll]    <- read  st0cur     ret=0  data=['0xfd', '0x01', '0x01', '0x02']
14:21:34.695  DEBUG   [poll]    -> read  st2mot    
14:21:34.699  DEBUG   [poll]    <- read  st2mot     ret=0  data=['0x00', '0x00']
14:21:34.699  DEBUG   [poll]    -> read  st0cur    
14:21:34.703  DEBUG   [poll]    <- read  st0cur     ret=0  data=['0xfe', '0x01', '0x01', '0x02']
14:21:35.705  DEBUG   [poll]    -> read  st2mot    
14:21:35.708  DEBUG   [poll]    <- read  st2mot     ret=0  data=['0x00', '0x00']
14:21:35.708  DEBUG   [poll]    -> read  st0cur    
14:21:35.713  DEBUG   [poll]    <- read  st0cur     ret=0  data=['0xfe', '0x01', '0x01', '0x02']
14:21:36.714  WARNING idle 20.7s with connection still open — stopping motor
14:21:36.715  DEBUG   [poll]    -> write cntl3mot   data=['0x00', '0x00']
14:21:36.718  DEBUG   [poll]    -> read  st2mot    
14:21:36.722  DEBUG   [poll]    <- read  st2mot     ret=0  data=['0x00', '0x00']
14:21:36.722  DEBUG   [poll]    -> read  st0cur    
14:21:36.726  DEBUG   [poll]    <- read  st0cur     ret=0  data=['0xfe', '0x01', '0x01', '0x02']
14:21:37.728  DEBUG   [poll]    -> read  st2mot    
14:21:37.735  DEBUG   [poll]    <- read  st2mot     ret=0  data=['0x00', '0x00']
14:21:37.735  DEBUG   [poll]    -> read  st0cur    
14:21:37.739  DEBUG   [poll]    <- read  st0cur     ret=0  data=['0xfe', '0x01', '0x01', '0x02']
14:21:38.741  DEBUG   [poll]    -> read  st2mot    
14:21:38.744  DEBUG   [poll]    <- read  st2mot     ret=0  data=['0x00', '0x00']
14:21:38.745  DEBUG   [poll]    -> read  st0cur    
14:21:38.749  DEBUG   [poll]    <- read  st0cur     ret=0  data=['0xfe', '0x01', '0x01', '0x02']
14:21:39.750  DEBUG   [poll]    -> read  st2mot    
14:21:39.754  DEBUG   [poll]    <- read  st2mot     ret=0  data=['0x00', '0x00']
14:21:39.754  DEBUG   [poll]    -> read  st0cur    
14:21:39.758  DEBUG   [poll]    <- read  st0cur     ret=0  data=['0xfe', '0x01', '0x01', '0x02']
14:21:40.760  DEBUG   [poll]    -> read  st2mot    
14:21:40.763  DEBUG   [poll]    <- read  st2mot     ret=0  data=['0x00', '0x00']
14:21:40.764  DEBUG   [poll]    -> read  st0cur    
14:21:40.768  DEBUG   [poll]    <- read  st0cur     ret=0  data=['0xfe', '0x01', '0x02', '0x02']
14:21:41.769  DEBUG   [poll]    -> read  st2mot    
14:21:41.773  DEBUG   [poll]    <- read  st2mot     ret=0  data=['0x00', '0x00']
14:21:41.773  DEBUG   [poll]    -> read  st0cur    
14:21:41.777  DEBUG   [poll]    <- read  st0cur     ret=0  data=['0xfe', '0x01', '0x02', '0x02']
14:21:42.779  DEBUG   [poll]    -> read  st2mot    
14:21:42.786  DEBUG   [poll]    <- read  st2mot     ret=0  data=['0x00', '0x00']
14:21:42.786  DEBUG   [poll]    -> read  st0cur    
14:21:42.790  DEBUG   [poll]    <- read  st0cur     ret=0  data=['0xfe', '0x01', '0x01', '0x02']
14:21:43.792  DEBUG   [poll]    -> read  st2mot    
14:21:43.795  DEBUG   [poll]    <- read  st2mot     ret=0  data=['0x00', '0x00']
14:21:43.796  DEBUG   [poll]    -> read  st0cur    
14:21:43.800  DEBUG   [poll]    <- read  st0cur     ret=0  data=['0xfd', '0x01', '0x01', '0x02']
14:21:44.801  DEBUG   [poll]    -> read  st2mot    
14:21:44.805  DEBUG   [poll]    <- read  st2mot     ret=0  data=['0x00', '0x00']
14:21:44.805  DEBUG   [poll]    -> read  st0cur    
14:21:44.809  DEBUG   [poll]    <- read  st0cur     ret=0  data=['0xfe', '0x01', '0x01', '0x02']
14:21:45.811  DEBUG   [poll]    -> read  st2mot    
14:21:45.815  DEBUG   [poll]    <- read  st2mot     ret=0  data=['0x00', '0x00']
14:21:45.815  DEBUG   [poll]    -> read  st0cur    
14:21:45.819  DEBUG   [poll]    <- read  st0cur     ret=0  data=['0xfd', '0x01', '0x01', '0x02']
14:21:46.821  DEBUG   [poll]    -> read  st2mot    
14:21:46.824  DEBUG   [poll]    <- read  st2mot     ret=0  data=['0x00', '0x00']
14:21:46.825  DEBUG   [poll]    -> read  st0cur    
14:21:46.829  DEBUG   [poll]    <- read  st0cur     ret=0  data=['0xfe', '0x01', '0x01', '0x02']
14:21:47.831  DEBUG   [poll]    -> read  st2mot    
14:21:47.838  DEBUG   [poll]    <- read  st2mot     ret=0  data=['0x00', '0x00']
14:21:47.838  DEBUG   [poll]    -> read  st0cur    
14:21:47.843  DEBUG   [poll]    <- read  st0cur     ret=0  data=['0xfe', '0x01', '0x01', '0x02']
14:21:48.844  DEBUG   [poll]    -> read  st2mot    
14:21:48.848  DEBUG   [poll]    <- read  st2mot     ret=0  data=['0x00', '0x00']
14:21:48.848  DEBUG   [poll]    -> read  st0cur    
14:21:48.852  DEBUG   [poll]    <- read  st0cur     ret=0  data=['0xfe', '0x01', '0x01', '0x02']
14:21:49.854  DEBUG   [poll]    -> read  st2mot    
14:21:49.857  DEBUG   [poll]    <- read  st2mot     ret=0  data=['0x00', '0x00']
14:21:49.857  DEBUG   [poll]    -> read  st0cur    
14:21:49.862  DEBUG   [poll]    <- read  st0cur     ret=0  data=['0xfe', '0x01', '0x01', '0x02']
14:21:50.863  DEBUG   [poll]    -> read  st2mot    
14:21:50.866  DEBUG   [poll]    <- read  st2mot     ret=0  data=['0x00', '0x00']
14:21:50.867  DEBUG   [poll]    -> read  st0cur    
14:21:50.871  DEBUG   [poll]    <- read  st0cur     ret=0  data=['0xfe', '0x01', '0x01', '0x02']
14:21:51.872  DEBUG   [poll]    -> read  st2mot    
14:21:51.876  DEBUG   [poll]    <- read  st2mot     ret=0  data=['0x00', '0x00']
14:21:51.876  DEBUG   [poll]    -> read  st0cur    
14:21:51.880  DEBUG   [poll]    <- read  st0cur     ret=0  data=['0xfe', '0x01', '0x01', '0x02']
14:21:52.882  DEBUG   [poll]    -> read  st2mot    
14:21:52.889  DEBUG   [poll]    <- read  st2mot     ret=0  data=['0x00', '0x00']
14:21:52.889  DEBUG   [poll]    -> read  st0cur    
14:21:52.893  DEBUG   [poll]    <- read  st0cur     ret=0  data=['0xfe', '0x01', '0x01', '0x02']
14:21:53.895  DEBUG   [poll]    -> read  st2mot    
14:21:53.898  DEBUG   [poll]    <- read  st2mot     ret=0  data=['0x00', '0x00']
14:21:53.899  DEBUG   [poll]    -> read  st0cur    
14:21:53.903  DEBUG   [poll]    <- read  st0cur     ret=0  data=['0xfe', '0x01', '0x01', '0x02']
14:21:54.904  DEBUG   [poll]    -> read  st2mot    
14:21:54.908  DEBUG   [poll]    <- read  st2mot     ret=0  data=['0x00', '0x00']
14:21:54.908  DEBUG   [poll]    -> read  st0cur    
14:21:54.912  DEBUG   [poll]    <- read  st0cur     ret=0  data=['0xfe', '0x01', '0x01', '0x02']
14:21:55.914  DEBUG   [poll]    -> read  st2mot    
14:21:55.917  DEBUG   [poll]    <- read  st2mot     ret=0  data=['0x00', '0x00']
14:21:55.918  DEBUG   [poll]    -> read  st0cur    
14:21:55.922  DEBUG   [poll]    <- read  st0cur     ret=0  data=['0xfe', '0x01', '0x01', '0x02']
14:21:56.923  DEBUG   [poll]    -> read  st2mot    
14:21:56.927  DEBUG   [poll]    <- read  st2mot     ret=0  data=['0x00', '0x00']
14:21:56.927  DEBUG   [poll]    -> read  st0cur    
14:21:56.931  DEBUG   [poll]    <- read  st0cur     ret=0  data=['0xfe', '0x01', '0x01', '0x02']
14:21:57.933  DEBUG   [poll]    -> read  st2mot    
14:21:57.940  DEBUG   [poll]    <- read  st2mot     ret=0  data=['0x00', '0x00']
14:21:57.940  DEBUG   [poll]    -> read  st0cur    
14:21:57.944  DEBUG   [poll]    <- read  st0cur     ret=0  data=['0xfe', '0x01', '0x01', '0x02']
14:21:58.946  DEBUG   [poll]    -> read  st2mot    
14:21:58.949  DEBUG   [poll]    <- read  st2mot     ret=0  data=['0x00', '0x00']
14:21:58.950  DEBUG   [poll]    -> read  st0cur    
14:21:58.954  DEBUG   [poll]    <- read  st0cur     ret=0  data=['0xfe', '0x01', '0x01', '0x02']
14:21:59.955  DEBUG   [poll]    -> read  st2mot    
14:21:59.959  DEBUG   [poll]    <- read  st2mot     ret=0  data=['0x00', '0x00']
14:21:59.959  DEBUG   [poll]    -> read  st0cur    
14:21:59.963  DEBUG   [poll]    <- read  st0cur     ret=0  data=['0xfe', '0x01', '0x01', '0x02']
14:22:00.965  DEBUG   [poll]    -> read  st2mot    
14:22:00.968  DEBUG   [poll]    <- read  st2mot     ret=0  data=['0x00', '0x00']
14:22:00.969  DEBUG   [poll]    -> read  st0cur    
14:22:00.973  DEBUG   [poll]    <- read  st0cur     ret=0  data=['0xfe', '0x01', '0x01', '0x02']
14:22:01.974  DEBUG   [poll]    -> read  st2mot    
14:22:01.978  DEBUG   [poll]    <- read  st2mot     ret=0  data=['0x00', '0x00']
14:22:01.978  DEBUG   [poll]    -> read  st0cur    
14:22:01.982  DEBUG   [poll]    <- read  st0cur     ret=0  data=['0xfe', '0x01', '0x01', '0x02']
14:22:02.984  DEBUG   [poll]    -> read  st2mot    
14:22:02.991  DEBUG   [poll]    <- read  st2mot     ret=0  data=['0x00', '0x00']
14:22:02.991  DEBUG   [poll]    -> read  st0cur    
14:22:02.995  DEBUG   [poll]    <- read  st0cur     ret=0  data=['0xfe', '0x01', '0x02', '0x02']
14:22:03.997  DEBUG   [poll]    -> read  st2mot    
14:22:04.000  DEBUG   [poll]    <- read  st2mot     ret=0  data=['0x00', '0x00']
14:22:04.000  DEBUG   [poll]    -> read  st0cur    
14:22:04.004  DEBUG   [poll]    <- read  st0cur     ret=0  data=['0xfd', '0x01', '0x01', '0x02']
14:22:05.006  DEBUG   [poll]    -> read  st2mot    
14:22:05.009  DEBUG   [poll]    <- read  st2mot     ret=0  data=['0x00', '0x00']
14:22:05.010  DEBUG   [poll]    -> read  st0cur    
14:22:05.014  DEBUG   [poll]    <- read  st0cur     ret=0  data=['0xfe', '0x01', '0x01', '0x02']
14:22:06.015  DEBUG   [poll]    -> read  st2mot    
14:22:06.019  DEBUG   [poll]    <- read  st2mot     ret=0  data=['0x00', '0x00']
14:22:06.019  DEBUG   [poll]    -> read  st0cur    
14:22:06.023  DEBUG   [poll]    <- read  st0cur     ret=0  data=['0xfe', '0x01', '0x01', '0x02']
14:22:07.025  DEBUG   [poll]    -> read  st2mot    
14:22:07.028  DEBUG   [poll]    <- read  st2mot     ret=0  data=['0x00', '0x00']
14:22:07.029  DEBUG   [poll]    -> read  st0cur    
14:22:07.033  DEBUG   [poll]    <- read  st0cur     ret=0  data=['0xfe', '0x01', '0x01', '0x02']
14:22:08.034  DEBUG   [poll]    -> read  st2mot    
14:22:08.041  DEBUG   [poll]    <- read  st2mot     ret=0  data=['0x00', '0x00']
14:22:08.042  DEBUG   [poll]    -> read  st0cur    
14:22:08.046  DEBUG   [poll]    <- read  st0cur     ret=0  data=['0xfe', '0x01', '0x01', '0x02']
14:22:09.047  DEBUG   [poll]    -> read  st2mot    
14:22:09.051  DEBUG   [poll]    <- read  st2mot     ret=0  data=['0x00', '0x00']
14:22:09.051  DEBUG   [poll]    -> read  st0cur    
14:22:09.055  DEBUG   [poll]    <- read  st0cur     ret=0  data=['0xfe', '0x01', '0x01', '0x02']
14:22:10.057  DEBUG   [poll]    -> read  st2mot    
14:22:10.060  DEBUG   [poll]    <- read  st2mot     ret=0  data=['0x00', '0x00']
14:22:10.061  DEBUG   [poll]    -> read  st0cur    
14:22:10.065  DEBUG   [poll]    <- read  st0cur     ret=0  data=['0xfe', '0x01', '0x01', '0x02']
14:22:11.066  DEBUG   [poll]    -> read  st2mot    
14:22:11.070  DEBUG   [poll]    <- read  st2mot     ret=0  data=['0x00', '0x00']
14:22:11.070  DEBUG   [poll]    -> read  st0cur    
14:22:11.074  DEBUG   [poll]    <- read  st0cur     ret=0  data=['0xfd', '0x01', '0x02', '0x02']
14:22:12.076  DEBUG   [poll]    -> read  st2mot    
14:22:12.079  DEBUG   [poll]    <- read  st2mot     ret=0  data=['0x00', '0x00']
14:22:12.080  DEBUG   [poll]    -> read  st0cur    
14:22:12.084  DEBUG   [poll]    <- read  st0cur     ret=0  data=['0xfe', '0x01', '0x01', '0x02']
14:22:13.085  DEBUG   [poll]    -> read  st2mot    
14:22:13.093  DEBUG   [poll]    <- read  st2mot     ret=0  data=['0x00', '0x00']
14:22:13.093  DEBUG   [poll]    -> read  st0cur    
14:22:13.097  DEBUG   [poll]    <- read  st0cur     ret=0  data=['0xfe', '0x01', '0x01', '0x02']
14:22:14.099  DEBUG   [poll]    -> read  st2mot    
14:22:14.102  DEBUG   [poll]    <- read  st2mot     ret=0  data=['0x00', '0x00']
14:22:14.102  DEBUG   [poll]    -> read  st0cur    
14:22:14.107  DEBUG   [poll]    <- read  st0cur     ret=0  data=['0xfd', '0x01', '0x01', '0x02']
14:22:15.108  DEBUG   [poll]    -> read  st2mot    
14:22:15.112  DEBUG   [poll]    <- read  st2mot     ret=0  data=['0x00', '0x00']
14:22:15.112  DEBUG   [poll]    -> read  st0cur    
14:22:15.116  DEBUG   [poll]    <- read  st0cur     ret=0  data=['0xfe', '0x01', '0x01', '0x02']
14:22:16.118  DEBUG   [poll]    -> read  st2mot    
14:22:16.121  DEBUG   [poll]    <- read  st2mot     ret=0  data=['0x00', '0x00']
14:22:16.122  DEBUG   [poll]    -> read  st0cur    
14:22:16.126  DEBUG   [poll]    <- read  st0cur     ret=0  data=['0xfd', '0x01', '0x01', '0x02']
14:22:17.127  DEBUG   [poll]    -> read  st2mot    
14:22:17.131  DEBUG   [poll]    <- read  st2mot     ret=0  data=['0x00', '0x00']
14:22:17.131  DEBUG   [poll]    -> read  st0cur    
14:22:17.135  DEBUG   [poll]    <- read  st0cur     ret=0  data=['0xfd', '0x01', '0x01', '0x02']
14:22:18.136  DEBUG   [poll]    -> read  st2mot    
14:22:18.144  DEBUG   [poll]    <- read  st2mot     ret=0  data=['0x00', '0x00']
14:22:18.144  DEBUG   [poll]    -> read  st0cur    
14:22:18.148  DEBUG   [poll]    <- read  st0cur     ret=0  data=['0xfd', '0x01', '0x01', '0x02']
14:22:19.150  DEBUG   [poll]    -> read  st2mot    
14:22:19.153  DEBUG   [poll]    <- read  st2mot     ret=0  data=['0x00', '0x00']
14:22:19.154  DEBUG   [poll]    -> read  st0cur    
14:22:19.158  DEBUG   [poll]    <- read  st0cur     ret=0  data=['0xfd', '0x01', '0x01', '0x02']
14:22:20.159  DEBUG   [poll]    -> read  st2mot    
14:22:20.163  DEBUG   [poll]    <- read  st2mot     ret=0  data=['0x00', '0x00']
14:22:20.163  DEBUG   [poll]    -> read  st0cur    
14:22:20.167  DEBUG   [poll]    <- read  st0cur     ret=0  data=['0xfd', '0x01', '0x02', '0x02']
14:22:21.169  DEBUG   [poll]    -> read  st2mot    
14:22:21.172  DEBUG   [poll]    <- read  st2mot     ret=0  data=['0x00', '0x00']
14:22:21.172  DEBUG   [poll]    -> read  st0cur    
14:22:21.177  DEBUG   [poll]    <- read  st0cur     ret=0  data=['0xfe', '0x01', '0x01', '0x02']
14:22:22.178  DEBUG   [poll]    -> read  st2mot    
14:22:22.181  DEBUG   [poll]    <- read  st2mot     ret=0  data=['0x00', '0x00']
14:22:22.182  DEBUG   [poll]    -> read  st0cur    
14:22:22.186  DEBUG   [poll]    <- read  st0cur     ret=0  data=['0xfe', '0x01', '0x02', '0x02']
14:22:23.188  DEBUG   [poll]    -> read  st2mot    
14:22:23.195  DEBUG   [poll]    <- read  st2mot     ret=0  data=['0x00', '0x00']
14:22:23.196  DEBUG   [poll]    -> read  st0cur    
14:22:23.200  DEBUG   [poll]    <- read  st0cur     ret=0  data=['0xfe', '0x01', '0x01', '0x02']
14:22:24.201  DEBUG   [poll]    -> read  st2mot    
14:22:24.205  DEBUG   [poll]    <- read  st2mot     ret=0  data=['0x00', '0x00']
14:22:24.205  DEBUG   [poll]    -> read  st0cur    
14:22:24.209  DEBUG   [poll]    <- read  st0cur     ret=0  data=['0xfe', '0x01', '0x01', '0x02']
14:22:25.211  DEBUG   [poll]    -> read  st2mot    
14:22:25.214  DEBUG   [poll]    <- read  st2mot     ret=0  data=['0x00', '0x00']
14:22:25.214  DEBUG   [poll]    -> read  st0cur    
14:22:25.219  DEBUG   [poll]    <- read  st0cur     ret=0  data=['0xfe', '0x01', '0x01', '0x02']
14:22:26.220  DEBUG   [poll]    -> read  st2mot    
14:22:26.223  DEBUG   [poll]    <- read  st2mot     ret=0  data=['0x00', '0x00']
14:22:26.224  DEBUG   [poll]    -> read  st0cur    
14:22:26.228  DEBUG   [poll]    <- read  st0cur     ret=0  data=['0xfe', '0x01', '0x01', '0x02']
14:22:27.230  DEBUG   [poll]    -> read  st2mot    
14:22:27.233  DEBUG   [poll]    <- read  st2mot     ret=0  data=['0x00', '0x00']
14:22:27.233  DEBUG   [poll]    -> read  st0cur    
14:22:27.237  DEBUG   [poll]    <- read  st0cur     ret=0  data=['0xfe', '0x01', '0x01', '0x02']
14:22:28.239  DEBUG   [poll]    -> read  st2mot    
14:22:28.246  DEBUG   [poll]    <- read  st2mot     ret=0  data=['0x00', '0x00']
14:22:28.246  DEBUG   [poll]    -> read  st0cur    
14:22:28.250  DEBUG   [poll]    <- read  st0cur     ret=0  data=['0xfe', '0x01', '0x01', '0x02']
14:22:29.252  DEBUG   [poll]    -> read  st2mot    
14:22:29.255  DEBUG   [poll]    <- read  st2mot     ret=0  data=['0x00', '0x00']
14:22:29.256  DEBUG   [poll]    -> read  st0cur    
14:22:29.260  DEBUG   [poll]    <- read  st0cur     ret=0  data=['0xfe', '0x01', '0x01', '0x02']
14:22:30.261  DEBUG   [poll]    -> read  st2mot    
14:22:30.265  DEBUG   [poll]    <- read  st2mot     ret=0  data=['0x00', '0x00']
14:22:30.265  DEBUG   [poll]    -> read  st0cur    
14:22:30.269  DEBUG   [poll]    <- read  st0cur     ret=0  data=['0xfd', '0x01', '0x01', '0x02']
14:22:31.271  DEBUG   [poll]    -> read  st2mot    
14:22:31.274  DEBUG   [poll]    <- read  st2mot     ret=0  data=['0x00', '0x00']
14:22:31.275  DEBUG   [poll]    -> read  st0cur    
14:22:31.279  DEBUG   [poll]    <- read  st0cur     ret=0  data=['0xfe', '0x01', '0x01', '0x02']
14:22:32.280  DEBUG   [poll]    -> read  st2mot    
14:22:32.284  DEBUG   [poll]    <- read  st2mot     ret=0  data=['0x00', '0x00']
14:22:32.284  DEBUG   [poll]    -> read  st0cur    
14:22:32.288  DEBUG   [poll]    <- read  st0cur     ret=0  data=['0xfe', '0x01', '0x01', '0x02']
14:22:33.290  DEBUG   [poll]    -> read  st2mot    
14:22:33.297  DEBUG   [poll]    <- read  st2mot     ret=0  data=['0x00', '0x00']
14:22:33.297  DEBUG   [poll]    -> read  st0cur    
14:22:33.301  DEBUG   [poll]    <- read  st0cur     ret=0  data=['0xfe', '0x01', '0x01', '0x02']
14:22:34.303  DEBUG   [poll]    -> read  st2mot    
14:22:34.306  DEBUG   [poll]    <- read  st2mot     ret=0  data=['0x00', '0x00']
14:22:34.307  DEBUG   [poll]    -> read  st0cur    
14:22:34.311  DEBUG   [poll]    <- read  st0cur     ret=0  data=['0xfd', '0x01', '0x01', '0x02']
14:22:35.312  DEBUG   [poll]    -> read  st2mot    
14:22:35.316  DEBUG   [poll]    <- read  st2mot     ret=0  data=['0x00', '0x00']
14:22:35.316  DEBUG   [poll]    -> read  st0cur    
14:22:35.320  DEBUG   [poll]    <- read  st0cur     ret=0  data=['0xfe', '0x01', '0x01', '0x02']
14:22:36.322  DEBUG   [poll]    -> read  st2mot    
14:22:36.325  DEBUG   [poll]    <- read  st2mot     ret=0  data=['0x00', '0x00']
14:22:36.325  DEBUG   [poll]    -> read  st0cur    
14:22:36.330  DEBUG   [poll]    <- read  st0cur     ret=0  data=['0xfe', '0x01', '0x01', '0x02']
14:22:37.331  DEBUG   [poll]    -> read  st2mot    
14:22:37.335  DEBUG   [poll]    <- read  st2mot     ret=0  data=['0x00', '0x00']
14:22:37.335  DEBUG   [poll]    -> read  st0cur    
14:22:37.339  DEBUG   [poll]    <- read  st0cur     ret=0  data=['0xfe', '0x01', '0x02', '0x02']
14:22:38.341  DEBUG   [poll]    -> read  st2mot    
14:22:38.348  DEBUG   [poll]    <- read  st2mot     ret=0  data=['0x00', '0x00']
14:22:38.348  DEBUG   [poll]    -> read  st0cur    
14:22:38.352  DEBUG   [poll]    <- read  st0cur     ret=0  data=['0xfe', '0x01', '0x01', '0x02']
14:22:39.354  DEBUG   [poll]    -> read  st2mot    
14:22:39.357  DEBUG   [poll]    <- read  st2mot     ret=0  data=['0x00', '0x00']
14:22:39.358  DEBUG   [poll]    -> read  st0cur    
14:22:39.362  DEBUG   [poll]    <- read  st0cur     ret=0  data=['0xfe', '0x01', '0x01', '0x02']
14:22:40.363  DEBUG   [poll]    -> read  st2mot    
14:22:40.367  DEBUG   [poll]    <- read  st2mot     ret=0  data=['0x00', '0x00']
14:22:40.367  DEBUG   [poll]    -> read  st0cur    
14:22:40.371  DEBUG   [poll]    <- read  st0cur     ret=0  data=['0xfe', '0x01', '0x01', '0x02']
14:22:41.373  DEBUG   [poll]    -> read  st2mot    
14:22:41.376  DEBUG   [poll]    <- read  st2mot     ret=0  data=['0x00', '0x00']
14:22:41.377  DEBUG   [poll]    -> read  st0cur    
14:22:41.381  DEBUG   [poll]    <- read  st0cur     ret=0  data=['0xfe', '0x01', '0x01', '0x02']
14:22:42.382  DEBUG   [poll]    -> read  st2mot    
14:22:42.386  DEBUG   [poll]    <- read  st2mot     ret=0  data=['0x00', '0x00']
14:22:42.386  DEBUG   [poll]    -> read  st0cur    
14:22:42.390  DEBUG   [poll]    <- read  st0cur     ret=0  data=['0xfd', '0x01', '0x01', '0x02']
14:22:43.392  DEBUG   [poll]    -> read  st2mot    
14:22:43.399  DEBUG   [poll]    <- read  st2mot     ret=0  data=['0x00', '0x00']
14:22:43.399  DEBUG   [poll]    -> read  st0cur    
14:22:43.404  DEBUG   [poll]    <- read  st0cur     ret=0  data=['0xfe', '0x01', '0x01', '0x02']
14:22:44.405  DEBUG   [poll]    -> read  st2mot    
14:22:44.408  DEBUG   [poll]    <- read  st2mot     ret=0  data=['0x00', '0x00']
14:22:44.409  DEBUG   [poll]    -> read  st0cur    
14:22:44.413  DEBUG   [poll]    <- read  st0cur     ret=0  data=['0xfe', '0x01', '0x01', '0x02']
14:22:45.414  DEBUG   [poll]    -> read  st2mot    
14:22:45.418  DEBUG   [poll]    <- read  st2mot     ret=0  data=['0x00', '0x00']
14:22:45.418  DEBUG   [poll]    -> read  st0cur    
14:22:45.422  DEBUG   [poll]    <- read  st0cur     ret=0  data=['0xfe', '0x01', '0x01', '0x02']
14:22:46.424  DEBUG   [poll]    -> read  st2mot    
14:22:46.427  DEBUG   [poll]    <- read  st2mot     ret=0  data=['0x00', '0x00']
14:22:46.428  DEBUG   [poll]    -> read  st0cur    
14:22:46.432  DEBUG   [poll]    <- read  st0cur     ret=0  data=['0xfe', '0x01', '0x01', '0x02']
14:22:47.433  DEBUG   [poll]    -> read  st2mot    
14:22:47.437  DEBUG   [poll]    <- read  st2mot     ret=0  data=['0x00', '0x00']
14:22:47.437  DEBUG   [poll]    -> read  st0cur    
14:22:47.441  DEBUG   [poll]    <- read  st0cur     ret=0  data=['0xfe', '0x01', '0x01', '0x02']
14:22:48.443  DEBUG   [poll]    -> read  st2mot    
14:22:48.450  DEBUG   [poll]    <- read  st2mot     ret=0  data=['0x00', '0x00']
14:22:48.450  DEBUG   [poll]    -> read  st0cur    
14:22:48.454  DEBUG   [poll]    <- read  st0cur     ret=0  data=['0xfd', '0x01', '0x01', '0x02']
14:22:49.456  DEBUG   [poll]    -> read  st2mot    
14:22:49.459  DEBUG   [poll]    <- read  st2mot     ret=0  data=['0x00', '0x00']
14:22:49.460  DEBUG   [poll]    -> read  st0cur    
14:22:49.464  DEBUG   [poll]    <- read  st0cur     ret=0  data=['0xfe', '0x01', '0x01', '0x02']
14:22:50.465  DEBUG   [poll]    -> read  st2mot    
14:22:50.469  DEBUG   [poll]    <- read  st2mot     ret=0  data=['0x00', '0x00']
14:22:50.469  DEBUG   [poll]    -> read  st0cur    
14:22:50.473  DEBUG   [poll]    <- read  st0cur     ret=0  data=['0xfe', '0x01', '0x01', '0x02']
14:22:51.475  DEBUG   [poll]    -> read  st2mot    
14:22:51.478  DEBUG   [poll]    <- read  st2mot     ret=0  data=['0x00', '0x00']
14:22:51.478  DEBUG   [poll]    -> read  st0cur    
14:22:51.483  DEBUG   [poll]    <- read  st0cur     ret=0  data=['0xfe', '0x01', '0x01', '0x02']
14:22:52.484  DEBUG   [poll]    -> read  st2mot    
14:22:52.487  DEBUG   [poll]    <- read  st2mot     ret=0  data=['0x00', '0x00']
14:22:52.488  DEBUG   [poll]    -> read  st0cur    
14:22:52.492  DEBUG   [poll]    <- read  st0cur     ret=0  data=['0xfe', '0x01', '0x02', '0x02']
14:22:53.493  DEBUG   [poll]    -> read  st2mot    
14:22:53.500  DEBUG   [poll]    <- read  st2mot     ret=0  data=['0x00', '0x00']
14:22:53.501  DEBUG   [poll]    -> read  st0cur    
14:22:53.505  DEBUG   [poll]    <- read  st0cur     ret=0  data=['0xfe', '0x01', '0x01', '0x02']
14:22:54.507  DEBUG   [poll]    -> read  st2mot    
14:22:54.510  DEBUG   [poll]    <- read  st2mot     ret=0  data=['0x00', '0x00']
14:22:54.510  DEBUG   [poll]    -> read  st0cur    
14:22:54.515  DEBUG   [poll]    <- read  st0cur     ret=0  data=['0xfe', '0x01', '0x01', '0x02']
14:22:55.516  DEBUG   [poll]    -> read  st2mot    
14:22:55.519  DEBUG   [poll]    <- read  st2mot     ret=0  data=['0x00', '0x00']
14:22:55.520  DEBUG   [poll]    -> read  st0cur    
14:22:55.524  DEBUG   [poll]    <- read  st0cur     ret=0  data=['0xfd', '0x01', '0x01', '0x02']
14:22:56.526  DEBUG   [poll]    -> read  st2mot    
14:22:56.529  DEBUG   [poll]    <- read  st2mot     ret=0  data=['0x00', '0x00']
14:22:56.529  DEBUG   [poll]    -> read  st0cur    
14:22:56.533  DEBUG   [poll]    <- read  st0cur     ret=0  data=['0xfe', '0x01', '0x01', '0x02']
14:22:57.535  DEBUG   [poll]    -> read  st2mot    
14:22:57.538  DEBUG   [poll]    <- read  st2mot     ret=0  data=['0x00', '0x00']
14:22:57.539  DEBUG   [poll]    -> read  st0cur    
14:22:57.543  DEBUG   [poll]    <- read  st0cur     ret=0  data=['0xfe', '0x01', '0x01', '0x02']
14:22:58.544  DEBUG   [poll]    -> read  st2mot    
14:22:58.551  DEBUG   [poll]    <- read  st2mot     ret=0  data=['0x00', '0x00']
14:22:58.551  DEBUG   [poll]    -> read  st0cur    
14:22:58.556  DEBUG   [poll]    <- read  st0cur     ret=0  data=['0xfe', '0x01', '0x01', '0x02']
14:22:59.557  DEBUG   [poll]    -> read  st2mot    
14:22:59.560  DEBUG   [poll]    <- read  st2mot     ret=0  data=['0x00', '0x00']
14:22:59.561  DEBUG   [poll]    -> read  st0cur    
14:22:59.565  DEBUG   [poll]    <- read  st0cur     ret=0  data=['0xfe', '0x01', '0x01', '0x02']
14:23:00.567  DEBUG   [poll]    -> read  st2mot    
14:23:00.570  DEBUG   [poll]    <- read  st2mot     ret=0  data=['0x00', '0x00']
14:23:00.570  DEBUG   [poll]    -> read  st0cur    
14:23:00.575  DEBUG   [poll]    <- read  st0cur     ret=0  data=['0xfe', '0x01', '0x01', '0x02']
14:23:01.576  DEBUG   [poll]    -> read  st2mot    
14:23:01.580  DEBUG   [poll]    <- read  st2mot     ret=0  data=['0x00', '0x00']
14:23:01.580  DEBUG   [poll]    -> read  st0cur    
14:23:01.584  DEBUG   [poll]    <- read  st0cur     ret=0  data=['0xfd', '0x01', '0x02', '0x02']
14:23:02.586  DEBUG   [poll]    -> read  st2mot    
14:23:02.589  DEBUG   [poll]    <- read  st2mot     ret=0  data=['0x00', '0x00']
14:23:02.589  DEBUG   [poll]    -> read  st0cur    
14:23:02.594  DEBUG   [poll]    <- read  st0cur     ret=0  data=['0xfe', '0x01', '0x01', '0x02']
14:23:03.595  DEBUG   [poll]    -> read  st2mot    
14:23:03.602  DEBUG   [poll]    <- read  st2mot     ret=0  data=['0x00', '0x00']
14:23:03.602  DEBUG   [poll]    -> read  st0cur    
14:23:03.607  DEBUG   [poll]    <- read  st0cur     ret=0  data=['0xfe', '0x01', '0x01', '0x02']
14:23:04.608  DEBUG   [poll]    -> read  st2mot    
14:23:04.612  DEBUG   [poll]    <- read  st2mot     ret=0  data=['0x00', '0x00']
14:23:04.612  DEBUG   [poll]    -> read  st0cur    
14:23:04.616  DEBUG   [poll]    <- read  st0cur     ret=0  data=['0xfe', '0x01', '0x01', '0x02']
14:23:05.618  DEBUG   [poll]    -> read  st2mot    
14:23:05.621  DEBUG   [poll]    <- read  st2mot     ret=0  data=['0x00', '0x00']
14:23:05.621  DEBUG   [poll]    -> read  st0cur    
14:23:05.626  DEBUG   [poll]    <- read  st0cur     ret=0  data=['0xfe', '0x01', '0x01', '0x02']
14:23:06.627  DEBUG   [poll]    -> read  st2mot    
14:23:06.630  DEBUG   [poll]    <- read  st2mot     ret=0  data=['0x00', '0x00']
14:23:06.631  DEBUG   [poll]    -> read  st0cur    
14:23:06.635  DEBUG   [poll]    <- read  st0cur     ret=0  data=['0xfd', '0x01', '0x01', '0x02']
14:23:07.637  DEBUG   [poll]    -> read  st2mot    
14:23:07.640  DEBUG   [poll]    <- read  st2mot     ret=0  data=['0x00', '0x00']
14:23:07.640  DEBUG   [poll]    -> read  st0cur    
14:23:07.645  DEBUG   [poll]    <- read  st0cur     ret=0  data=['0xfe', '0x01', '0x01', '0x02']
14:23:08.646  DEBUG   [poll]    -> read  st2mot    
14:23:08.653  DEBUG   [poll]    <- read  st2mot     ret=0  data=['0x00', '0x00']
14:23:08.654  DEBUG   [poll]    -> read  st0cur    
14:23:08.658  DEBUG   [poll]    <- read  st0cur     ret=0  data=['0xfe', '0x01', '0x01', '0x02']
14:23:09.659  DEBUG   [poll]    -> read  st2mot    
14:23:09.663  DEBUG   [poll]    <- read  st2mot     ret=0  data=['0x00', '0x00']
14:23:09.663  DEBUG   [poll]    -> read  st0cur    
14:23:09.667  DEBUG   [poll]    <- read  st0cur     ret=0  data=['0xfd', '0x01', '0x01', '0x02']
14:23:10.669  DEBUG   [poll]    -> read  st2mot    
14:23:10.672  DEBUG   [poll]    <- read  st2mot     ret=0  data=['0x00', '0x00']
14:23:10.673  DEBUG   [poll]    -> read  st0cur    
14:23:10.677  DEBUG   [poll]    <- read  st0cur     ret=0  data=['0xfd', '0x01', '0x01', '0x02']
14:23:11.678  DEBUG   [poll]    -> read  st2mot    
14:23:11.682  DEBUG   [poll]    <- read  st2mot     ret=0  data=['0x00', '0x00']
14:23:11.682  DEBUG   [poll]    -> read  st0cur    
14:23:11.686  DEBUG   [poll]    <- read  st0cur     ret=0  data=['0xfe', '0x01', '0x01', '0x02']
14:23:12.688  DEBUG   [poll]    -> read  st2mot    
14:23:12.691  DEBUG   [poll]    <- read  st2mot     ret=0  data=['0x00', '0x00']
14:23:12.691  DEBUG   [poll]    -> read  st0cur    
14:23:12.696  DEBUG   [poll]    <- read  st0cur     ret=0  data=['0xfd', '0x01', '0x01', '0x02']
14:23:13.697  DEBUG   [poll]    -> read  st2mot    
14:23:13.704  DEBUG   [poll]    <- read  st2mot     ret=0  data=['0x00', '0x00']
14:23:13.704  DEBUG   [poll]    -> read  st0cur    
14:23:13.709  DEBUG   [poll]    <- read  st0cur     ret=0  data=['0xfe', '0x01', '0x01', '0x02']
14:23:14.711  DEBUG   [poll]    -> read  st2mot    
14:23:14.714  DEBUG   [poll]    <- read  st2mot     ret=0  data=['0x00', '0x00']
14:23:14.715  DEBUG   [poll]    -> read  st0cur    
14:23:14.719  DEBUG   [poll]    <- read  st0cur     ret=0  data=['0xfe', '0x01', '0x01', '0x02']
14:23:15.720  DEBUG   [poll]    -> read  st2mot    
14:23:15.724  DEBUG   [poll]    <- read  st2mot     ret=0  data=['0x00', '0x00']
14:23:15.724  DEBUG   [poll]    -> read  st0cur    
14:23:15.729  DEBUG   [poll]    <- read  st0cur     ret=0  data=['0xfe', '0x01', '0x01', '0x02']
14:23:16.730  DEBUG   [poll]    -> read  st2mot    
14:23:16.734  DEBUG   [poll]    <- read  st2mot     ret=0  data=['0x00', '0x00']
14:23:16.734  DEBUG   [poll]    -> read  st0cur    
14:23:16.738  DEBUG   [poll]    <- read  st0cur     ret=0  data=['0xfd', '0x01', '0x01', '0x02']
14:23:17.740  DEBUG   [poll]    -> read  st2mot    
14:23:17.743  DEBUG   [poll]    <- read  st2mot     ret=0  data=['0x00', '0x00']
14:23:17.744  DEBUG   [poll]    -> read  st0cur    
14:23:17.748  DEBUG   [poll]    <- read  st0cur     ret=0  data=['0xfd', '0x01', '0x01', '0x02']
14:23:18.749  DEBUG   [poll]    -> read  st2mot    
14:23:18.757  DEBUG   [poll]    <- read  st2mot     ret=0  data=['0x00', '0x00']
14:23:18.757  DEBUG   [poll]    -> read  st0cur    
14:23:18.762  DEBUG   [poll]    <- read  st0cur     ret=0  data=['0xfd', '0x01', '0x02', '0x02']
14:23:19.763  DEBUG   [poll]    -> read  st2mot    
14:23:19.766  DEBUG   [poll]    <- read  st2mot     ret=0  data=['0x00', '0x00']
14:23:19.767  DEBUG   [poll]    -> read  st0cur    
14:23:19.771  DEBUG   [poll]    <- read  st0cur     ret=0  data=['0xfe', '0x01', '0x01', '0x02']
14:23:20.772  DEBUG   [poll]    -> read  st2mot    
14:23:20.776  DEBUG   [poll]    <- read  st2mot     ret=0  data=['0x00', '0x00']
14:23:20.776  DEBUG   [poll]    -> read  st0cur    
14:23:20.780  DEBUG   [poll]    <- read  st0cur     ret=0  data=['0xfe', '0x01', '0x01', '0x02']
14:23:21.782  DEBUG   [poll]    -> read  st2mot    
14:23:21.785  DEBUG   [poll]    <- read  st2mot     ret=0  data=['0x00', '0x00']
14:23:21.786  DEBUG   [poll]    -> read  st0cur    
14:23:21.790  DEBUG   [poll]    <- read  st0cur     ret=0  data=['0xfe', '0x01', '0x01', '0x02']
14:23:22.791  DEBUG   [poll]    -> read  st2mot    
14:23:22.795  DEBUG   [poll]    <- read  st2mot     ret=0  data=['0x00', '0x00']
14:23:22.795  DEBUG   [poll]    -> read  st0cur    
14:23:22.799  DEBUG   [poll]    <- read  st0cur     ret=0  data=['0xfe', '0x01', '0x01', '0x02']
14:23:23.801  DEBUG   [poll]    -> read  st2mot    
14:23:23.808  DEBUG   [poll]    <- read  st2mot     ret=0  data=['0x00', '0x00']
14:23:23.809  DEBUG   [poll]    -> read  st0cur    
14:23:23.813  DEBUG   [poll]    <- read  st0cur     ret=0  data=['0xfe', '0x01', '0x01', '0x02']
14:23:24.814  DEBUG   [poll]    -> read  st2mot    
14:23:24.818  DEBUG   [poll]    <- read  st2mot     ret=0  data=['0x00', '0x00']
14:23:24.818  DEBUG   [poll]    -> read  st0cur    
14:23:24.822  DEBUG   [poll]    <- read  st0cur     ret=0  data=['0xfe', '0x01', '0x01', '0x02']
14:23:25.824  DEBUG   [poll]    -> read  st2mot    
14:23:25.827  DEBUG   [poll]    <- read  st2mot     ret=0  data=['0x00', '0x00']
14:23:25.828  DEBUG   [poll]    -> read  st0cur    
14:23:25.832  DEBUG   [poll]    <- read  st0cur     ret=0  data=['0xfe', '0x01', '0x01', '0x02']
14:23:26.833  DEBUG   [poll]    -> read  st2mot    
14:23:26.837  DEBUG   [poll]    <- read  st2mot     ret=0  data=['0x00', '0x00']
14:23:26.837  DEBUG   [poll]    -> read  st0cur    
14:23:26.841  DEBUG   [poll]    <- read  st0cur     ret=0  data=['0xfe', '0x01', '0x01', '0x02']
14:23:27.843  DEBUG   [poll]    -> read  st2mot    
14:23:27.846  DEBUG   [poll]    <- read  st2mot     ret=0  data=['0x00', '0x00']
14:23:27.847  DEBUG   [poll]    -> read  st0cur    
14:23:27.851  DEBUG   [poll]    <- read  st0cur     ret=0  data=['0xfe', '0x01', '0x01', '0x02']
14:23:28.852  DEBUG   [poll]    -> read  st2mot    
14:23:28.859  DEBUG   [poll]    <- read  st2mot     ret=0  data=['0x00', '0x00']
14:23:28.860  DEBUG   [poll]    -> read  st0cur    
14:23:28.864  DEBUG   [poll]    <- read  st0cur     ret=0  data=['0xfe', '0x01', '0x01', '0x02']
14:23:29.865  DEBUG   [poll]    -> read  st2mot    
14:23:29.869  DEBUG   [poll]    <- read  st2mot     ret=0  data=['0x00', '0x00']
14:23:29.869  DEBUG   [poll]    -> read  st0cur    
14:23:29.873  DEBUG   [poll]    <- read  st0cur     ret=0  data=['0xfe', '0x01', '0x01', '0x02']
14:23:30.875  DEBUG   [poll]    -> read  st2mot    
14:23:30.878  DEBUG   [poll]    <- read  st2mot     ret=0  data=['0x00', '0x00']
14:23:30.879  DEBUG   [poll]    -> read  st0cur    
14:23:30.883  DEBUG   [poll]    <- read  st0cur     ret=0  data=['0xfe', '0x01', '0x01', '0x02']
14:23:31.884  DEBUG   [poll]    -> read  st2mot    
14:23:31.888  DEBUG   [poll]    <- read  st2mot     ret=0  data=['0x00', '0x00']
14:23:31.888  DEBUG   [poll]    -> read  st0cur    
14:23:31.892  DEBUG   [poll]    <- read  st0cur     ret=0  data=['0xfd', '0x01', '0x02', '0x02']
14:23:32.894  DEBUG   [poll]    -> read  st2mot    
14:23:32.897  DEBUG   [poll]    <- read  st2mot     ret=0  data=['0x00', '0x00']
14:23:32.898  DEBUG   [poll]    -> read  st0cur    
14:23:32.902  DEBUG   [poll]    <- read  st0cur     ret=0  data=['0xfe', '0x01', '0x01', '0x02']
14:23:33.903  DEBUG   [poll]    -> read  st2mot    
14:23:33.910  DEBUG   [poll]    <- read  st2mot     ret=0  data=['0x00', '0x00']
14:23:33.911  DEBUG   [poll]    -> read  st0cur    
14:23:33.915  DEBUG   [poll]    <- read  st0cur     ret=0  data=['0xfe', '0x01', '0x01', '0x02']
14:23:34.916  DEBUG   [poll]    -> read  st2mot    
14:23:34.920  DEBUG   [poll]    <- read  st2mot     ret=0  data=['0x00', '0x00']
14:23:34.920  DEBUG   [poll]    -> read  st0cur    
14:23:34.924  DEBUG   [poll]    <- read  st0cur     ret=0  data=['0xfe', '0x01', '0x01', '0x02']
14:23:35.926  DEBUG   [poll]    -> read  st2mot    
14:23:35.929  DEBUG   [poll]    <- read  st2mot     ret=0  data=['0x00', '0x00']
14:23:35.929  DEBUG   [poll]    -> read  st0cur    
14:23:35.934  DEBUG   [poll]    <- read  st0cur     ret=0  data=['0xfe', '0x01', '0x01', '0x02']
14:23:36.935  DEBUG   [poll]    -> read  st2mot    
14:23:36.939  DEBUG   [poll]    <- read  st2mot     ret=0  data=['0x00', '0x00']
14:23:36.939  DEBUG   [poll]    -> read  st0cur    
14:23:36.943  DEBUG   [poll]    <- read  st0cur     ret=0  data=['0xfd', '0x01', '0x02', '0x02']
14:23:37.945  DEBUG   [poll]    -> read  st2mot    
14:23:37.948  DEBUG   [poll]    <- read  st2mot     ret=0  data=['0x00', '0x00']
14:23:37.948  DEBUG   [poll]    -> read  st0cur    
14:23:37.953  DEBUG   [poll]    <- read  st0cur     ret=0  data=['0xfd', '0x01', '0x01', '0x02']
14:23:38.954  DEBUG   [poll]    -> read  st2mot    
14:23:38.961  DEBUG   [poll]    <- read  st2mot     ret=0  data=['0x00', '0x00']
14:23:38.961  DEBUG   [poll]    -> read  st0cur    
14:23:38.966  DEBUG   [poll]    <- read  st0cur     ret=0  data=['0xfe', '0x01', '0x01', '0x02']
14:23:39.967  DEBUG   [poll]    -> read  st2mot    
14:23:39.970  DEBUG   [poll]    <- read  st2mot     ret=0  data=['0x00', '0x00']
14:23:39.971  DEBUG   [poll]    -> read  st0cur    
14:23:39.975  DEBUG   [poll]    <- read  st0cur     ret=0  data=['0xfe', '0x01', '0x01', '0x02']
14:23:40.977  DEBUG   [poll]    -> read  st2mot    
14:23:40.980  DEBUG   [poll]    <- read  st2mot     ret=0  data=['0x00', '0x00']
14:23:40.980  DEBUG   [poll]    -> read  st0cur    
14:23:40.984  DEBUG   [poll]    <- read  st0cur     ret=0  data=['0xfe', '0x01', '0x01', '0x02']
14:23:41.986  DEBUG   [poll]    -> read  st2mot    
14:23:41.989  DEBUG   [poll]    <- read  st2mot     ret=0  data=['0x00', '0x00']
14:23:41.990  DEBUG   [poll]    -> read  st0cur    
14:23:41.994  DEBUG   [poll]    <- read  st0cur     ret=0  data=['0xfe', '0x01', '0x02', '0x02']
14:23:42.995  DEBUG   [poll]    -> read  st2mot    
14:23:42.999  DEBUG   [poll]    <- read  st2mot     ret=0  data=['0x00', '0x00']
14:23:42.999  DEBUG   [poll]    -> read  st0cur    
14:23:43.003  DEBUG   [poll]    <- read  st0cur     ret=0  data=['0xfe', '0x01', '0x01', '0x02']
14:23:44.005  DEBUG   [poll]    -> read  st2mot    
14:23:44.012  DEBUG   [poll]    <- read  st2mot     ret=0  data=['0x00', '0x00']
14:23:44.012  DEBUG   [poll]    -> read  st0cur    
14:23:44.016  DEBUG   [poll]    <- read  st0cur     ret=0  data=['0xfe', '0x01', '0x01', '0x02']
14:23:45.018  DEBUG   [poll]    -> read  st2mot    
14:23:45.021  DEBUG   [poll]    <- read  st2mot     ret=0  data=['0x00', '0x00']
14:23:45.022  DEBUG   [poll]    -> read  st0cur    
14:23:45.026  DEBUG   [poll]    <- read  st0cur     ret=0  data=['0xfe', '0x01', '0x01', '0x02']
14:23:46.027  DEBUG   [poll]    -> read  st2mot    
14:23:46.031  DEBUG   [poll]    <- read  st2mot     ret=0  data=['0x00', '0x00']
14:23:46.031  DEBUG   [poll]    -> read  st0cur    
14:23:46.036  DEBUG   [poll]    <- read  st0cur     ret=0  data=['0xfd', '0x01', '0x01', '0x02']
14:23:47.037  DEBUG   [poll]    -> read  st2mot    
14:23:47.040  DEBUG   [poll]    <- read  st2mot     ret=0  data=['0x00', '0x00']
14:23:47.041  DEBUG   [poll]    -> read  st0cur    
14:23:47.045  DEBUG   [poll]    <- read  st0cur     ret=0  data=['0xfe', '0x01', '0x01', '0x02']
14:23:48.047  DEBUG   [poll]    -> read  st2mot    
14:23:48.050  DEBUG   [poll]    <- read  st2mot     ret=0  data=['0x00', '0x00']
14:23:48.050  DEBUG   [poll]    -> read  st0cur    
14:23:48.055  DEBUG   [poll]    <- read  st0cur     ret=0  data=['0xfe', '0x01', '0x01', '0x02']
14:23:49.056  DEBUG   [poll]    -> read  st2mot    
14:23:49.063  DEBUG   [poll]    <- read  st2mot     ret=0  data=['0x00', '0x00']
14:23:49.064  DEBUG   [poll]    -> read  st0cur    
14:23:49.068  DEBUG   [poll]    <- read  st0cur     ret=0  data=['0xfd', '0x01', '0x01', '0x02']
14:23:50.069  DEBUG   [poll]    -> read  st2mot    
14:23:50.073  DEBUG   [poll]    <- read  st2mot     ret=0  data=['0x00', '0x00']
14:23:50.073  DEBUG   [poll]    -> read  st0cur    
14:23:50.077  DEBUG   [poll]    <- read  st0cur     ret=0  data=['0xfe', '0x01', '0x01', '0x02']
14:23:51.079  DEBUG   [poll]    -> read  st2mot    
14:23:51.082  DEBUG   [poll]    <- read  st2mot     ret=0  data=['0x00', '0x00']
14:23:51.083  DEBUG   [poll]    -> read  st0cur    
14:23:51.087  DEBUG   [poll]    <- read  st0cur     ret=0  data=['0xfd', '0x01', '0x01', '0x02']
14:23:52.088  DEBUG   [poll]    -> read  st2mot    
14:23:52.092  DEBUG   [poll]    <- read  st2mot     ret=0  data=['0x00', '0x00']
14:23:52.092  DEBUG   [poll]    -> read  st0cur    
14:23:52.096  DEBUG   [poll]    <- read  st0cur     ret=0  data=['0xfd', '0x01', '0x02', '0x02']
14:23:53.098  DEBUG   [poll]    -> read  st2mot    
14:23:53.101  DEBUG   [poll]    <- read  st2mot     ret=0  data=['0x00', '0x00']
14:23:53.102  DEBUG   [poll]    -> read  st0cur    
14:23:53.106  DEBUG   [poll]    <- read  st0cur     ret=0  data=['0xfe', '0x01', '0x02', '0x02']
14:23:54.107  DEBUG   [poll]    -> read  st2mot    
14:23:54.114  DEBUG   [poll]    <- read  st2mot     ret=0  data=['0x00', '0x00']
14:23:54.114  DEBUG   [poll]    -> read  st0cur    
14:23:54.119  DEBUG   [poll]    <- read  st0cur     ret=0  data=['0xfe', '0x01', '0x01', '0x02']
14:23:55.120  DEBUG   [poll]    -> read  st2mot    
14:23:55.124  DEBUG   [poll]    <- read  st2mot     ret=0  data=['0x00', '0x00']
14:23:55.124  DEBUG   [poll]    -> read  st0cur    
14:23:55.128  DEBUG   [poll]    <- read  st0cur     ret=0  data=['0xfd', '0x01', '0x01', '0x02']
14:23:56.130  DEBUG   [poll]    -> read  st2mot    
14:23:56.133  DEBUG   [poll]    <- read  st2mot     ret=0  data=['0x00', '0x00']
14:23:56.133  DEBUG   [poll]    -> read  st0cur    
14:23:56.138  DEBUG   [poll]    <- read  st0cur     ret=0  data=['0xfe', '0x01', '0x01', '0x02']
14:23:57.139  DEBUG   [poll]    -> read  st2mot    
14:23:57.142  DEBUG   [poll]    <- read  st2mot     ret=0  data=['0x00', '0x00']
14:23:57.143  DEBUG   [poll]    -> read  st0cur    
14:23:57.147  DEBUG   [poll]    <- read  st0cur     ret=0  data=['0xfd', '0x01', '0x01', '0x02']
14:23:58.148  DEBUG   [poll]    -> read  st2mot    
14:23:58.152  DEBUG   [poll]    <- read  st2mot     ret=0  data=['0x00', '0x00']
14:23:58.152  DEBUG   [poll]    -> read  st0cur    
14:23:58.157  DEBUG   [poll]    <- read  st0cur     ret=0  data=['0xfd', '0x01', '0x01', '0x02']
14:23:59.158  DEBUG   [poll]    -> read  st2mot    
14:23:59.162  DEBUG   [poll]    <- read  st2mot     ret=0  data=['0x00', '0x00']
14:23:59.165  DEBUG   [poll]    -> read  st0cur    
14:23:59.169  DEBUG   [poll]    <- read  st0cur     ret=0  data=['0xfd', '0x01', '0x01', '0x02']
14:24:00.170  DEBUG   [poll]    -> read  st2mot    
14:24:00.174  DEBUG   [poll]    <- read  st2mot     ret=0  data=['0x00', '0x00']
14:24:00.174  DEBUG   [poll]    -> read  st0cur    
14:24:00.178  DEBUG   [poll]    <- read  st0cur     ret=0  data=['0xfe', '0x01', '0x01', '0x02']
14:24:01.180  DEBUG   [poll]    -> read  st2mot    
14:24:01.183  DEBUG   [poll]    <- read  st2mot     ret=0  data=['0x00', '0x00']
14:24:01.184  DEBUG   [poll]    -> read  st0cur    
14:24:01.188  DEBUG   [poll]    <- read  st0cur     ret=0  data=['0xfe', '0x01', '0x01', '0x02']
14:24:02.190  DEBUG   [poll]    -> read  st2mot    
14:24:02.193  DEBUG   [poll]    <- read  st2mot     ret=0  data=['0x00', '0x00']
14:24:02.193  DEBUG   [poll]    -> read  st0cur    
14:24:02.198  DEBUG   [poll]    <- read  st0cur     ret=0  data=['0xfe', '0x01', '0x01', '0x02']
14:24:03.199  DEBUG   [poll]    -> read  st2mot    
14:24:03.202  DEBUG   [poll]    <- read  st2mot     ret=0  data=['0x00', '0x00']
14:24:03.203  DEBUG   [poll]    -> read  st0cur    
14:24:03.207  DEBUG   [poll]    <- read  st0cur     ret=0  data=['0xfe', '0x01', '0x01', '0x02']
14:24:04.208  DEBUG   [poll]    -> read  st2mot    
14:24:04.215  DEBUG   [poll]    <- read  st2mot     ret=0  data=['0x00', '0x00']
14:24:04.216  DEBUG   [poll]    -> read  st0cur    
14:24:04.220  DEBUG   [poll]    <- read  st0cur     ret=0  data=['0xfe', '0x01', '0x01', '0x02']
14:24:05.221  DEBUG   [poll]    -> read  st2mot    
14:24:05.225  DEBUG   [poll]    <- read  st2mot     ret=0  data=['0x00', '0x00']
14:24:05.225  DEBUG   [poll]    -> read  st0cur    
14:24:05.229  DEBUG   [poll]    <- read  st0cur     ret=0  data=['0xfd', '0x01', '0x01', '0x02']
14:24:06.231  DEBUG   [poll]    -> read  st2mot    
14:24:06.234  DEBUG   [poll]    <- read  st2mot     ret=0  data=['0x00', '0x00']
14:24:06.235  DEBUG   [poll]    -> read  st0cur    
14:24:06.239  DEBUG   [poll]    <- read  st0cur     ret=0  data=['0xfd', '0x01', '0x01', '0x02']
14:24:07.240  DEBUG   [poll]    -> read  st2mot    
14:24:07.244  DEBUG   [poll]    <- read  st2mot     ret=0  data=['0x00', '0x00']
14:24:07.244  DEBUG   [poll]    -> read  st0cur    
14:24:07.248  DEBUG   [poll]    <- read  st0cur     ret=0  data=['0xfe', '0x01', '0x01', '0x02']
14:24:08.250  DEBUG   [poll]    -> read  st2mot    
14:24:08.253  DEBUG   [poll]    <- read  st2mot     ret=0  data=['0x00', '0x00']
14:24:08.253  DEBUG   [poll]    -> read  st0cur    
14:24:08.258  DEBUG   [poll]    <- read  st0cur     ret=0  data=['0xfe', '0x01', '0x01', '0x02']
14:24:09.259  DEBUG   [poll]    -> read  st2mot    
14:24:09.266  DEBUG   [poll]    <- read  st2mot     ret=0  data=['0x00', '0x00']
14:24:09.266  DEBUG   [poll]    -> read  st0cur    
14:24:09.271  DEBUG   [poll]    <- read  st0cur     ret=0  data=['0xfe', '0x01', '0x01', '0x02']
14:24:10.272  DEBUG   [poll]    -> read  st2mot    
14:24:10.275  DEBUG   [poll]    <- read  st2mot     ret=0  data=['0x00', '0x00']
14:24:10.276  DEBUG   [poll]    -> read  st0cur    
14:24:10.280  DEBUG   [poll]    <- read  st0cur     ret=0  data=['0xfe', '0x01', '0x01', '0x02']
14:24:11.282  DEBUG   [poll]    -> read  st2mot    
14:24:11.285  DEBUG   [poll]    <- read  st2mot     ret=0  data=['0x00', '0x00']
14:24:11.285  DEBUG   [poll]    -> read  st0cur    
14:24:11.289  DEBUG   [poll]    <- read  st0cur     ret=0  data=['0xfe', '0x01', '0x01', '0x02']
14:24:12.291  DEBUG   [poll]    -> read  st2mot    
14:24:12.294  DEBUG   [poll]    <- read  st2mot     ret=0  data=['0x00', '0x00']
14:24:12.295  DEBUG   [poll]    -> read  st0cur    
14:24:12.299  DEBUG   [poll]    <- read  st0cur     ret=0  data=['0xfe', '0x01', '0x01', '0x02']
14:24:13.300  DEBUG   [poll]    -> read  st2mot    
14:24:13.304  DEBUG   [poll]    <- read  st2mot     ret=0  data=['0x00', '0x00']
14:24:13.304  DEBUG   [poll]    -> read  st0cur    
14:24:13.308  DEBUG   [poll]    <- read  st0cur     ret=0  data=['0xfe', '0x01', '0x01', '0x02']
14:24:14.310  DEBUG   [poll]    -> read  st2mot    
14:24:14.317  DEBUG   [poll]    <- read  st2mot     ret=0  data=['0x00', '0x00']
14:24:14.317  DEBUG   [poll]    -> read  st0cur    
14:24:14.322  DEBUG   [poll]    <- read  st0cur     ret=0  data=['0xfe', '0x01', '0x01', '0x02']
14:24:15.323  DEBUG   [poll]    -> read  st2mot    
14:24:15.327  DEBUG   [poll]    <- read  st2mot     ret=0  data=['0x00', '0x00']
14:24:15.327  DEBUG   [poll]    -> read  st0cur    
14:24:15.332  DEBUG   [poll]    <- read  st0cur     ret=0  data=['0xfd', '0x01', '0x01', '0x02']
14:24:16.333  DEBUG   [poll]    -> read  st2mot    
14:24:16.337  DEBUG   [poll]    <- read  st2mot     ret=0  data=['0x00', '0x00']
14:24:16.337  DEBUG   [poll]    -> read  st0cur    
14:24:16.341  DEBUG   [poll]    <- read  st0cur     ret=0  data=['0xfd', '0x01', '0x01', '0x02']
14:24:17.343  DEBUG   [poll]    -> read  st2mot    
14:24:17.346  DEBUG   [poll]    <- read  st2mot     ret=0  data=['0x00', '0x00']
14:24:17.347  DEBUG   [poll]    -> read  st0cur    
14:24:17.351  DEBUG   [poll]    <- read  st0cur     ret=0  data=['0xfd', '0x01', '0x02', '0x02']
14:24:18.352  DEBUG   [poll]    -> read  st2mot    
14:24:18.356  DEBUG   [poll]    <- read  st2mot     ret=0  data=['0x00', '0x00']
14:24:18.356  DEBUG   [poll]    -> read  st0cur    
14:24:18.361  DEBUG   [poll]    <- read  st0cur     ret=0  data=['0xfe', '0x01', '0x01', '0x02']
14:24:19.362  DEBUG   [poll]    -> read  st2mot    
14:24:19.366  DEBUG   [poll]    <- read  st2mot     ret=0  data=['0x00', '0x00']
14:24:19.366  DEBUG   [poll]    -> read  st0cur    
14:24:19.371  DEBUG   [poll]    <- read  st0cur     ret=0  data=['0xfe', '0x01', '0x02', '0x02']
14:24:20.187  DEBUG   [client]  -> write cntl0cur   data=['0x01', '0xab']
14:24:20.191  DEBUG   [client]  -> read  st1cur    
14:24:20.197  DEBUG   [client]  <- read  st1cur     ret=0  data=['0x11', '0x55', '0x77', '0xaa', '0xbb', '0xcc', '0xdd', '0xff']
14:24:20.198  DEBUG   [client]  -> write cntl0cur   data=['0xcd', '0x0c']
14:24:20.201  DEBUG   [client]  -> read  st1cur    
14:24:20.212  DEBUG   [client]  <- read  st1cur     ret=0  data=['0x00', '0x00', '0x00', '0x00', '0x00', '0x00', '0x00', '0x00']
14:24:20.212  DEBUG   [client]  -> read  st3mot    
14:24:20.217  DEBUG   [client]  <- read  st3mot     ret=0  data=['0x00', '0x00', '0x00', '0x03']
14:24:20.218  DEBUG   [client]  -> write cntl0cur   data=['0x01', '0xab'] (DELIBERATELY BAD CHECKSUM)
14:24:20.221  DEBUG   [client]  -> read  st1cur    
14:24:20.228  DEBUG   [client]  <- read  st1cur     ret=0  data=['0xfb', '0x00', '0x00', '0x00', '0x00', '0x00', '0x00', '0x00']
14:24:20.228  DEBUG   [client]  -> read  st3mot    
14:24:20.242  DEBUG   [client]  <- read  st3mot     ret=0  data=['0x00', '0x00', '0x00', '0x03']
14:24:20.242  DEBUG   [client]  -> read  st3mot    
14:24:20.247  DEBUG   [client]  <- read  st3mot     ret=0  data=['0x00', '0x00', '0x00', '0x03']
14:24:20.248  DEBUG   [client]  -> write cntl0cur   data=['0xfa', '0x17']
14:24:20.253  DEBUG   [client]  -> read  st0cur    
14:24:22.257  WARNING no response from slave (read timeout)
14:24:22.258  DEBUG   [client]  <- read  st0cur     ret=-5  data=['0xfd']
14:24:22.259  DEBUG   [client]  -> read  st3mot    
14:24:22.263  DEBUG   [client]  <- read  st3mot     ret=0  data=['0x01', '0x00', '0x00', '0x03']
14:24:22.263  DEBUG   [client]  -> read  st1cur    
14:24:22.270  DEBUG   [client]  <- read  st1cur     ret=0  data=['0xfb', '0xfb', '0x00', '0x00', '0x00', '0x00', '0x00', '0x00']
14:24:22.271  DEBUG   [client]  -> read  st3mot    
14:24:22.275  DEBUG   [client]  <- read  st3mot     ret=0  data=['0x01', '0x00', '0x00', '0x03']
14:24:22.276  DEBUG   [client]  -> write cntl3mot   data=['0x00', '0x00'] (DELIBERATELY BAD CHECKSUM)
14:24:22.280  DEBUG   [client]  -> read  st3mot    
14:24:22.284  DEBUG   [client]  <- read  st3mot     ret=0  data=['0x01', '0x00', '0x01', '0x03']
14:24:22.286  DEBUG   [poll]    -> read  st2mot    
14:24:22.289  DEBUG   [poll]    <- read  st2mot     ret=0  data=['0x00', '0x00']
14:24:22.290  DEBUG   [poll]    -> read  st0cur    
14:24:22.294  DEBUG   [poll]    <- read  st0cur     ret=0  data=['0xfe', '0x01', '0x01', '0x02']
14:24:23.296  DEBUG   [poll]    -> read  st2mot    
14:24:23.299  DEBUG   [poll]    <- read  st2mot     ret=0  data=['0x00', '0x00']
14:24:23.300  DEBUG   [poll]    -> read  st0cur    
14:24:23.304  DEBUG   [poll]    <- read  st0cur     ret=0  data=['0xfe', '0x01', '0x01', '0x02']
14:24:24.305  DEBUG   [poll]    -> read  st2mot    
14:24:24.309  DEBUG   [poll]    <- read  st2mot     ret=0  data=['0x00', '0x00']
14:24:24.309  DEBUG   [poll]    -> read  st0cur    
14:24:24.314  DEBUG   [poll]    <- read  st0cur     ret=0  data=['0xfd', '0x01', '0x01', '0x02']
14:24:24.879  DEBUG   [client]  -> read  st3mot    
14:24:24.884  DEBUG   [client]  <- read  st3mot     ret=0  data=['0x01', '0x00', '0x01', '0x03']
14:24:25.315  DEBUG   [poll]    -> read  st2mot    
14:24:25.319  DEBUG   [poll]    <- read  st2mot     ret=0  data=['0x00', '0x00']
14:24:25.319  DEBUG   [poll]    -> read  st0cur    
14:24:25.323  DEBUG   [poll]    <- read  st0cur     ret=0  data=['0xfe', '0x01', '0x01', '0x02']
14:24:26.325  DEBUG   [poll]    -> read  st2mot    
14:24:26.328  DEBUG   [poll]    <- read  st2mot     ret=0  data=['0x00', '0x00']
14:24:26.328  DEBUG   [poll]    -> read  st0cur    
14:24:26.333  DEBUG   [poll]    <- read  st0cur     ret=0  data=['0xfe', '0x01', '0x01', '0x02']
14:24:27.334  DEBUG   [poll]    -> read  st2mot    
14:24:27.338  DEBUG   [poll]    <- read  st2mot     ret=0  data=['0x00', '0x00']
14:24:27.338  DEBUG   [poll]    -> read  st0cur    
14:24:27.342  DEBUG   [poll]    <- read  st0cur     ret=0  data=['0xfd', '0x01', '0x01', '0x02']
14:24:27.851  WARNING client disconnected — stopping motor
14:24:27.853  DEBUG   [client]  -> write cntl3mot   data=['0x00', '0x00']
14:24:27.857  INFO    client disconnected
14:24:28.344  DEBUG   [poll]    -> read  st2mot    
14:24:28.347  DEBUG   [poll]    <- read  st2mot     ret=0  data=['0x00', '0x00']
14:24:28.348  DEBUG   [poll]    -> read  st0cur    
14:24:28.352  DEBUG   [poll]    <- read  st0cur     ret=0  data=['0xfe', '0x01', '0x01', '0x02']
14:24:29.353  DEBUG   [poll]    -> read  st2mot    
14:24:29.357  DEBUG   [poll]    <- read  st2mot     ret=0  data=['0x00', '0x00']
14:24:29.357  DEBUG   [poll]    -> read  st0cur    
14:24:29.361  DEBUG   [poll]    <- read  st0cur     ret=0  data=['0xfe', '0x01', '0x01', '0x02']
14:24:30.363  DEBUG   [poll]    -> read  st2mot    
14:24:30.370  DEBUG   [poll]    <- read  st2mot     ret=0  data=['0x00', '0x00']
14:24:30.370  DEBUG   [poll]    -> read  st0cur    
14:24:30.374  DEBUG   [poll]    <- read  st0cur     ret=0  data=['0xfe', '0x01', '0x02', '0x02']
14:24:31.376  DEBUG   [poll]    -> read  st2mot    
14:24:31.379  DEBUG   [poll]    <- read  st2mot     ret=0  data=['0x00', '0x00']
14:24:31.380  DEBUG   [poll]    -> read  st0cur    
14:24:31.384  DEBUG   [poll]    <- read  st0cur     ret=0  data=['0xfe', '0x01', '0x01', '0x02']
14:24:32.385  DEBUG   [poll]    -> read  st2mot    
14:24:32.389  DEBUG   [poll]    <- read  st2mot     ret=0  data=['0x00', '0x00']
14:24:32.389  DEBUG   [poll]    -> read  st0cur    
14:24:32.393  DEBUG   [poll]    <- read  st0cur     ret=0  data=['0xfe', '0x01', '0x02', '0x02']
14:24:33.395  DEBUG   [poll]    -> read  st2mot    
14:24:33.398  DEBUG   [poll]    <- read  st2mot     ret=0  data=['0x00', '0x00']
14:24:33.399  DEBUG   [poll]    -> read  st0cur    
14:24:33.403  DEBUG   [poll]    <- read  st0cur     ret=0  data=['0xfd', '0x01', '0x02', '0x02']
14:24:34.404  DEBUG   [poll]    -> read  st2mot    
14:24:34.407  DEBUG   [poll]    <- read  st2mot     ret=0  data=['0x00', '0x00']
14:24:34.408  DEBUG   [poll]    -> read  st0cur    
14:24:34.412  DEBUG   [poll]    <- read  st0cur     ret=0  data=['0xfd', '0x01', '0x02', '0x02']
14:24:35.414  DEBUG   [poll]    -> read  st2mot    
14:24:35.420  DEBUG   [poll]    <- read  st2mot     ret=0  data=['0x00', '0x00']
14:24:35.421  DEBUG   [poll]    -> read  st0cur    
14:24:35.425  DEBUG   [poll]    <- read  st0cur     ret=0  data=['0xfe', '0x01', '0x01', '0x02']
14:24:36.427  DEBUG   [poll]    -> read  st2mot    
14:24:36.430  DEBUG   [poll]    <- read  st2mot     ret=0  data=['0x00', '0x00']
14:24:36.430  DEBUG   [poll]    -> read  st0cur    
14:24:36.435  DEBUG   [poll]    <- read  st0cur     ret=0  data=['0xfe', '0x01', '0x01', '0x02']
14:24:37.436  DEBUG   [poll]    -> read  st2mot    
14:24:37.439  DEBUG   [poll]    <- read  st2mot     ret=0  data=['0x00', '0x00']
14:24:37.440  DEBUG   [poll]    -> read  st0cur    
14:24:37.444  DEBUG   [poll]    <- read  st0cur     ret=0  data=['0xfe', '0x01', '0x01', '0x02']
14:24:38.446  DEBUG   [poll]    -> read  st2mot    
14:24:38.449  DEBUG   [poll]    <- read  st2mot     ret=0  data=['0x00', '0x00']
14:24:38.449  DEBUG   [poll]    -> read  st0cur    
14:24:38.454  DEBUG   [poll]    <- read  st0cur     ret=0  data=['0xfe', '0x01', '0x01', '0x02']
14:24:39.455  DEBUG   [poll]    -> read  st2mot    
14:24:39.458  DEBUG   [poll]    <- read  st2mot     ret=0  data=['0x00', '0x00']
14:24:39.459  DEBUG   [poll]    -> read  st0cur    
14:24:39.463  DEBUG   [poll]    <- read  st0cur     ret=0  data=['0xfe', '0x01', '0x02', '0x02']
14:24:40.464  DEBUG   [poll]    -> read  st2mot    
14:24:40.471  DEBUG   [poll]    <- read  st2mot     ret=0  data=['0x00', '0x00']
14:24:40.472  DEBUG   [poll]    -> read  st0cur    
14:24:40.476  DEBUG   [poll]    <- read  st0cur     ret=0  data=['0xfd', '0x01', '0x01', '0x02']
14:24:41.477  DEBUG   [poll]    -> read  st2mot    
14:24:41.481  DEBUG   [poll]    <- read  st2mot     ret=0  data=['0x00', '0x00']
14:24:41.481  DEBUG   [poll]    -> read  st0cur    
14:24:41.485  DEBUG   [poll]    <- read  st0cur     ret=0  data=['0xfd', '0x01', '0x01', '0x02']
14:24:42.487  DEBUG   [poll]    -> read  st2mot    
14:24:42.490  DEBUG   [poll]    <- read  st2mot     ret=0  data=['0x00', '0x00']
14:24:42.491  DEBUG   [poll]    -> read  st0cur    
14:24:42.495  DEBUG   [poll]    <- read  st0cur     ret=0  data=['0xfe', '0x01', '0x01', '0x02']
14:24:43.496  DEBUG   [poll]    -> read  st2mot    
14:24:43.500  DEBUG   [poll]    <- read  st2mot     ret=0  data=['0x00', '0x00']
14:24:43.500  DEBUG   [poll]    -> read  st0cur    
14:24:43.504  DEBUG   [poll]    <- read  st0cur     ret=0  data=['0xfe', '0x01', '0x02', '0x02']
14:24:44.506  DEBUG   [poll]    -> read  st2mot    
14:24:44.509  DEBUG   [poll]    <- read  st2mot     ret=0  data=['0x00', '0x00']
14:24:44.509  DEBUG   [poll]    -> read  st0cur    
14:24:44.514  DEBUG   [poll]    <- read  st0cur     ret=0  data=['0xfe', '0x01', '0x02', '0x02']
14:24:45.515  DEBUG   [poll]    -> read  st2mot    
14:24:45.522  DEBUG   [poll]    <- read  st2mot     ret=0  data=['0x00', '0x00']
14:24:45.522  DEBUG   [poll]    -> read  st0cur    
14:24:45.527  DEBUG   [poll]    <- read  st0cur     ret=0  data=['0xfd', '0x01', '0x01', '0x02']
14:24:46.528  DEBUG   [poll]    -> read  st2mot    
14:24:46.532  DEBUG   [poll]    <- read  st2mot     ret=0  data=['0x00', '0x00']
14:24:46.532  DEBUG   [poll]    -> read  st0cur    
14:24:46.536  DEBUG   [poll]    <- read  st0cur     ret=0  data=['0xfe', '0x01', '0x01', '0x02']
14:24:47.538  DEBUG   [poll]    -> read  st2mot    
14:24:47.541  DEBUG   [poll]    <- read  st2mot     ret=0  data=['0x00', '0x00']
14:24:47.541  DEBUG   [poll]    -> read  st0cur    
14:24:47.546  DEBUG   [poll]    <- read  st0cur     ret=0  data=['0xfe', '0x01', '0x02', '0x02']
14:24:48.547  DEBUG   [poll]    -> read  st2mot    
14:24:48.550  DEBUG   [poll]    <- read  st2mot     ret=0  data=['0x00', '0x00']
14:24:48.551  DEBUG   [poll]    -> read  st0cur    
14:24:48.555  DEBUG   [poll]    <- read  st0cur     ret=0  data=['0xfe', '0x01', '0x01', '0x02']
14:24:49.557  DEBUG   [poll]    -> read  st2mot    
14:24:49.560  DEBUG   [poll]    <- read  st2mot     ret=0  data=['0x00', '0x00']
14:24:49.560  DEBUG   [poll]    -> read  st0cur    
14:24:49.565  DEBUG   [poll]    <- read  st0cur     ret=0  data=['0xfe', '0x01', '0x01', '0x02']
14:24:50.566  DEBUG   [poll]    -> read  st2mot    
14:24:50.575  DEBUG   [poll]    <- read  st2mot     ret=0  data=['0x00', '0x00']
14:24:50.575  DEBUG   [poll]    -> read  st0cur    
14:24:50.579  DEBUG   [poll]    <- read  st0cur     ret=0  data=['0xfe', '0x01', '0x01', '0x02']
14:24:51.581  DEBUG   [poll]    -> read  st2mot    
14:24:51.584  DEBUG   [poll]    <- read  st2mot     ret=0  data=['0x00', '0x00']
14:24:51.584  DEBUG   [poll]    -> read  st0cur    
14:24:51.589  DEBUG   [poll]    <- read  st0cur     ret=0  data=['0xfe', '0x01', '0x01', '0x02']
14:24:52.590  DEBUG   [poll]    -> read  st2mot    
14:24:52.593  DEBUG   [poll]    <- read  st2mot     ret=0  data=['0x00', '0x00']
14:24:52.594  DEBUG   [poll]    -> read  st0cur    
14:24:52.598  DEBUG   [poll]    <- read  st0cur     ret=0  data=['0xfe', '0x01', '0x01', '0x02']
14:24:53.599  DEBUG   [poll]    -> read  st2mot    
14:24:53.603  DEBUG   [poll]    <- read  st2mot     ret=0  data=['0x00', '0x00']
14:24:53.603  DEBUG   [poll]    -> read  st0cur    
14:24:53.607  DEBUG   [poll]    <- read  st0cur     ret=0  data=['0xfe', '0x01', '0x01', '0x02']
14:24:54.609  DEBUG   [poll]    -> read  st2mot    
14:24:54.612  DEBUG   [poll]    <- read  st2mot     ret=0  data=['0x00', '0x00']
14:24:54.612  DEBUG   [poll]    -> read  st0cur    
14:24:54.617  DEBUG   [poll]    <- read  st0cur     ret=0  data=['0xfe', '0x01', '0x01', '0x02']
14:24:55.618  DEBUG   [poll]    -> read  st2mot    
14:24:55.625  DEBUG   [poll]    <- read  st2mot     ret=0  data=['0x00', '0x00']
14:24:55.625  DEBUG   [poll]    -> read  st0cur    
14:24:55.630  DEBUG   [poll]    <- read  st0cur     ret=0  data=['0xfe', '0x01', '0x01', '0x02']
14:24:56.631  DEBUG   [poll]    -> read  st2mot    
14:24:56.634  DEBUG   [poll]    <- read  st2mot     ret=0  data=['0x00', '0x00']
14:24:56.635  DEBUG   [poll]    -> read  st0cur    
14:24:56.639  DEBUG   [poll]    <- read  st0cur     ret=0  data=['0xfe', '0x01', '0x01', '0x02']
14:24:57.640  DEBUG   [poll]    -> read  st2mot    
14:24:57.644  DEBUG   [poll]    <- read  st2mot     ret=0  data=['0x00', '0x00']
14:24:57.644  DEBUG   [poll]    -> read  st0cur    
14:24:57.648  DEBUG   [poll]    <- read  st0cur     ret=0  data=['0xfe', '0x01', '0x02', '0x02']
14:24:58.650  DEBUG   [poll]    -> read  st2mot    
14:24:58.653  DEBUG   [poll]    <- read  st2mot     ret=0  data=['0x00', '0x00']
14:24:58.654  DEBUG   [poll]    -> read  st0cur    
14:24:58.658  DEBUG   [poll]    <- read  st0cur     ret=0  data=['0xfe', '0x01', '0x01', '0x02']
14:24:59.659  DEBUG   [poll]    -> read  st2mot    
14:24:59.663  DEBUG   [poll]    <- read  st2mot     ret=0  data=['0x00', '0x00']
14:24:59.663  DEBUG   [poll]    -> read  st0cur    
14:24:59.667  DEBUG   [poll]    <- read  st0cur     ret=0  data=['0xfe', '0x01', '0x01', '0x02']
14:25:00.669  DEBUG   [poll]    -> read  st2mot    
14:25:00.675  DEBUG   [poll]    <- read  st2mot     ret=0  data=['0x00', '0x00']
14:25:00.676  DEBUG   [poll]    -> read  st0cur    
14:25:00.680  DEBUG   [poll]    <- read  st0cur     ret=0  data=['0xfe', '0x01', '0x01', '0x02']
14:25:01.681  DEBUG   [poll]    -> read  st2mot    
14:25:01.685  DEBUG   [poll]    <- read  st2mot     ret=0  data=['0x00', '0x00']
14:25:01.685  DEBUG   [poll]    -> read  st0cur    
14:25:01.689  DEBUG   [poll]    <- read  st0cur     ret=0  data=['0xfe', '0x01', '0x01', '0x02']
14:25:02.691  DEBUG   [poll]    -> read  st2mot    
14:25:02.694  DEBUG   [poll]    <- read  st2mot     ret=0  data=['0x00', '0x00']
14:25:02.695  DEBUG   [poll]    -> read  st0cur    
14:25:02.699  DEBUG   [poll]    <- read  st0cur     ret=0  data=['0xfe', '0x01', '0x01', '0x02']
14:25:03.700  DEBUG   [poll]    -> read  st2mot    
14:25:03.704  DEBUG   [poll]    <- read  st2mot     ret=0  data=['0x00', '0x00']
14:25:03.704  DEBUG   [poll]    -> read  st0cur    
14:25:03.708  DEBUG   [poll]    <- read  st0cur     ret=0  data=['0xfe', '0x01', '0x01', '0x02']
14:25:04.710  DEBUG   [poll]    -> read  st2mot    
14:25:04.713  DEBUG   [poll]    <- read  st2mot     ret=0  data=['0x00', '0x00']
14:25:04.713  DEBUG   [poll]    -> read  st0cur    
14:25:04.718  DEBUG   [poll]    <- read  st0cur     ret=0  data=['0xfe', '0x01', '0x01', '0x02']
14:25:05.719  DEBUG   [poll]    -> read  st2mot    
14:25:05.726  DEBUG   [poll]    <- read  st2mot     ret=0  data=['0x00', '0x00']
14:25:05.726  DEBUG   [poll]    -> read  st0cur    
14:25:05.730  DEBUG   [poll]    <- read  st0cur     ret=0  data=['0xfe', '0x01', '0x01', '0x02']
14:25:06.732  DEBUG   [poll]    -> read  st2mot    
14:25:06.735  DEBUG   [poll]    <- read  st2mot     ret=0  data=['0x00', '0x00']
14:25:06.736  DEBUG   [poll]    -> read  st0cur    
14:25:06.740  DEBUG   [poll]    <- read  st0cur     ret=0  data=['0xfe', '0x01', '0x01', '0x02']
14:25:07.742  DEBUG   [poll]    -> read  st2mot    
14:25:07.745  DEBUG   [poll]    <- read  st2mot     ret=0  data=['0x00', '0x00']
14:25:07.745  DEBUG   [poll]    -> read  st0cur    
14:25:07.749  DEBUG   [poll]    <- read  st0cur     ret=0  data=['0xfe', '0x01', '0x01', '0x02']
14:25:08.751  DEBUG   [poll]    -> read  st2mot    
14:25:08.754  DEBUG   [poll]    <- read  st2mot     ret=0  data=['0x00', '0x00']
14:25:08.755  DEBUG   [poll]    -> read  st0cur    
14:25:08.759  DEBUG   [poll]    <- read  st0cur     ret=0  data=['0xfe', '0x01', '0x01', '0x02']
14:25:09.760  DEBUG   [poll]    -> read  st2mot    
14:25:09.764  DEBUG   [poll]    <- read  st2mot     ret=0  data=['0x00', '0x00']
14:25:09.764  DEBUG   [poll]    -> read  st0cur    
14:25:09.768  DEBUG   [poll]    <- read  st0cur     ret=0  data=['0xfe', '0x01', '0x01', '0x02']
14:25:10.770  DEBUG   [poll]    -> read  st2mot    
14:25:10.777  DEBUG   [poll]    <- read  st2mot     ret=0  data=['0x00', '0x00']
14:25:10.777  DEBUG   [poll]    -> read  st0cur    
14:25:10.781  DEBUG   [poll]    <- read  st0cur     ret=0  data=['0xfe', '0x01', '0x01', '0x02']
14:25:11.783  DEBUG   [poll]    -> read  st2mot    
14:25:11.786  DEBUG   [poll]    <- read  st2mot     ret=0  data=['0x00', '0x00']
14:25:11.787  DEBUG   [poll]    -> read  st0cur    
14:25:11.791  DEBUG   [poll]    <- read  st0cur     ret=0  data=['0xfd', '0x01', '0x02', '0x02']
14:25:12.792  DEBUG   [poll]    -> read  st2mot    
14:25:12.795  DEBUG   [poll]    <- read  st2mot     ret=0  data=['0x00', '0x00']
14:25:12.796  DEBUG   [poll]    -> read  st0cur    
14:25:12.800  DEBUG   [poll]    <- read  st0cur     ret=0  data=['0xfe', '0x01', '0x01', '0x02']
14:25:13.802  DEBUG   [poll]    -> read  st2mot    
14:25:13.805  DEBUG   [poll]    <- read  st2mot     ret=0  data=['0x00', '0x00']
14:25:13.805  DEBUG   [poll]    -> read  st0cur    
14:25:13.809  DEBUG   [poll]    <- read  st0cur     ret=0  data=['0xfe', '0x01', '0x01', '0x02']
14:25:14.811  DEBUG   [poll]    -> read  st2mot    
14:25:14.814  DEBUG   [poll]    <- read  st2mot     ret=0  data=['0x00', '0x00']
14:25:14.815  DEBUG   [poll]    -> read  st0cur    
14:25:14.819  DEBUG   [poll]    <- read  st0cur     ret=0  data=['0xfe', '0x01', '0x01', '0x02']
14:25:15.820  DEBUG   [poll]    -> read  st2mot    
14:25:15.828  DEBUG   [poll]    <- read  st2mot     ret=0  data=['0x00', '0x00']
14:25:15.828  DEBUG   [poll]    -> read  st0cur    
14:25:15.832  DEBUG   [poll]    <- read  st0cur     ret=0  data=['0xfd', '0x01', '0x01', '0x02']
14:25:16.834  DEBUG   [poll]    -> read  st2mot    
14:25:16.837  DEBUG   [poll]    <- read  st2mot     ret=0  data=['0x00', '0x00']
14:25:16.838  DEBUG   [poll]    -> read  st0cur    
14:25:16.842  DEBUG   [poll]    <- read  st0cur     ret=0  data=['0xfd', '0x01', '0x01', '0x02']
14:25:17.843  DEBUG   [poll]    -> read  st2mot    
14:25:17.847  DEBUG   [poll]    <- read  st2mot     ret=0  data=['0x00', '0x00']
14:25:17.847  DEBUG   [poll]    -> read  st0cur    
14:25:17.851  DEBUG   [poll]    <- read  st0cur     ret=0  data=['0xfd', '0x01', '0x01', '0x02']
14:25:18.853  DEBUG   [poll]    -> read  st2mot    
14:25:18.856  DEBUG   [poll]    <- read  st2mot     ret=0  data=['0x00', '0x00']
14:25:18.857  DEBUG   [poll]    -> read  st0cur    
14:25:18.861  DEBUG   [poll]    <- read  st0cur     ret=0  data=['0xfe', '0x01', '0x01', '0x02']
14:25:19.862  DEBUG   [poll]    -> read  st2mot    
14:25:19.866  DEBUG   [poll]    <- read  st2mot     ret=0  data=['0x00', '0x00']
14:25:19.866  DEBUG   [poll]    -> read  st0cur    
14:25:19.870  DEBUG   [poll]    <- read  st0cur     ret=0  data=['0xfe', '0x01', '0x01', '0x02']
14:25:20.872  DEBUG   [poll]    -> read  st2mot    
14:25:20.875  DEBUG   [poll]    <- read  st2mot     ret=0  data=['0x00', '0x00']
14:25:20.875  DEBUG   [poll]    -> read  st0cur    
14:25:20.880  DEBUG   [poll]    <- read  st0cur     ret=0  data=['0xfe', '0x01', '0x02', '0x02']
14:25:21.881  DEBUG   [poll]    -> read  st2mot    
14:25:21.884  DEBUG   [poll]    <- read  st2mot     ret=0  data=['0x00', '0x00']
14:25:21.885  DEBUG   [poll]    -> read  st0cur    
14:25:21.889  DEBUG   [poll]    <- read  st0cur     ret=0  data=['0xfe', '0x01', '0x01', '0x02']
14:25:22.890  DEBUG   [poll]    -> read  st2mot    
14:25:22.894  DEBUG   [poll]    <- read  st2mot     ret=0  data=['0x00', '0x00']
14:25:22.894  DEBUG   [poll]    -> read  st0cur    
14:25:22.898  DEBUG   [poll]    <- read  st0cur     ret=0  data=['0xfe', '0x01', '0x01', '0x02']
14:25:23.900  DEBUG   [poll]    -> read  st2mot    
14:25:23.903  DEBUG   [poll]    <- read  st2mot     ret=0  data=['0x00', '0x00']
14:25:23.904  DEBUG   [poll]    -> read  st0cur    
14:25:23.908  DEBUG   [poll]    <- read  st0cur     ret=0  data=['0xfe', '0x01', '0x01', '0x02']
14:25:24.909  DEBUG   [poll]    -> read  st2mot    
14:25:24.913  DEBUG   [poll]    <- read  st2mot     ret=0  data=['0x00', '0x00']
14:25:24.913  DEBUG   [poll]    -> read  st0cur    
14:25:24.917  DEBUG   [poll]    <- read  st0cur     ret=0  data=['0xfe', '0x01', '0x01', '0x02']
14:25:25.919  DEBUG   [poll]    -> read  st2mot    
14:25:25.926  DEBUG   [poll]    <- read  st2mot     ret=0  data=['0x00', '0x00']
14:25:25.926  DEBUG   [poll]    -> read  st0cur    
14:25:25.930  DEBUG   [poll]    <- read  st0cur     ret=0  data=['0xfe', '0x01', '0x02', '0x02']
14:25:26.932  DEBUG   [poll]    -> read  st2mot    
14:25:26.935  DEBUG   [poll]    <- read  st2mot     ret=0  data=['0x00', '0x00']
14:25:26.935  DEBUG   [poll]    -> read  st0cur    
14:25:26.939  DEBUG   [poll]    <- read  st0cur     ret=0  data=['0xfd', '0x01', '0x01', '0x02']
14:25:27.940  DEBUG   [poll]    -> read  st2mot    
14:25:27.943  DEBUG   [poll]    <- read  st2mot     ret=0  data=['0x00', '0x00']
14:25:27.944  DEBUG   [poll]    -> read  st0cur    
14:25:27.948  DEBUG   [poll]    <- read  st0cur     ret=0  data=['0xfd', '0x01', '0x02', '0x02']
14:25:28.949  DEBUG   [poll]    -> read  st2mot    
14:25:28.953  DEBUG   [poll]    <- read  st2mot     ret=0  data=['0x00', '0x00']
14:25:28.953  DEBUG   [poll]    -> read  st0cur    
14:25:28.957  DEBUG   [poll]    <- read  st0cur     ret=0  data=['0xfe', '0x01', '0x01', '0x02']
14:25:29.959  DEBUG   [poll]    -> read  st2mot    
14:25:29.962  DEBUG   [poll]    <- read  st2mot     ret=0  data=['0x00', '0x00']
14:25:29.962  DEBUG   [poll]    -> read  st0cur    
14:25:29.967  DEBUG   [poll]    <- read  st0cur     ret=0  data=['0xfe', '0x01', '0x01', '0x02']
14:25:30.968  DEBUG   [poll]    -> read  st2mot    
14:25:30.975  DEBUG   [poll]    <- read  st2mot     ret=0  data=['0x00', '0x00']
14:25:30.976  DEBUG   [poll]    -> read  st0cur    
14:25:30.980  DEBUG   [poll]    <- read  st0cur     ret=0  data=['0xfd', '0x01', '0x02', '0x02']
14:25:31.982  DEBUG   [poll]    -> read  st2mot    
14:25:31.985  DEBUG   [poll]    <- read  st2mot     ret=0  data=['0x00', '0x00']
14:25:31.985  DEBUG   [poll]    -> read  st0cur    
14:25:31.990  DEBUG   [poll]    <- read  st0cur     ret=0  data=['0xfe', '0x01', '0x01', '0x02']
14:25:32.991  DEBUG   [poll]    -> read  st2mot    
14:25:32.994  DEBUG   [poll]    <- read  st2mot     ret=0  data=['0x00', '0x00']
14:25:32.995  DEBUG   [poll]    -> read  st0cur    
14:25:32.999  DEBUG   [poll]    <- read  st0cur     ret=0  data=['0xfe', '0x01', '0x01', '0x02']
14:25:34.000  DEBUG   [poll]    -> read  st2mot    
14:25:34.004  DEBUG   [poll]    <- read  st2mot     ret=0  data=['0x00', '0x00']
14:25:34.004  DEBUG   [poll]    -> read  st0cur    
14:25:34.008  DEBUG   [poll]    <- read  st0cur     ret=0  data=['0xfe', '0x01', '0x01', '0x02']
14:25:35.010  DEBUG   [poll]    -> read  st2mot    
14:25:35.013  DEBUG   [poll]    <- read  st2mot     ret=0  data=['0x00', '0x00']
14:25:35.014  DEBUG   [poll]    -> read  st0cur    
14:25:35.018  DEBUG   [poll]    <- read  st0cur     ret=0  data=['0xfe', '0x01', '0x02', '0x02']
14:25:36.019  DEBUG   [poll]    -> read  st2mot    
14:25:36.026  DEBUG   [poll]    <- read  st2mot     ret=0  data=['0x00', '0x00']
14:25:36.027  DEBUG   [poll]    -> read  st0cur    
14:25:36.031  DEBUG   [poll]    <- read  st0cur     ret=0  data=['0xfe', '0x01', '0x01', '0x02']
14:25:37.032  DEBUG   [poll]    -> read  st2mot    
14:25:37.036  DEBUG   [poll]    <- read  st2mot     ret=0  data=['0x00', '0x00']
14:25:37.036  DEBUG   [poll]    -> read  st0cur    
14:25:37.040  DEBUG   [poll]    <- read  st0cur     ret=0  data=['0xfe', '0x01', '0x01', '0x02']
14:25:38.042  DEBUG   [poll]    -> read  st2mot    
14:25:38.045  DEBUG   [poll]    <- read  st2mot     ret=0  data=['0x00', '0x00']
14:25:38.045  DEBUG   [poll]    -> read  st0cur    
14:25:38.050  DEBUG   [poll]    <- read  st0cur     ret=0  data=['0xfe', '0x01', '0x01', '0x02']
14:25:39.051  DEBUG   [poll]    -> read  st2mot    
14:25:39.054  DEBUG   [poll]    <- read  st2mot     ret=0  data=['0x00', '0x00']
14:25:39.055  DEBUG   [poll]    -> read  st0cur    
14:25:39.059  DEBUG   [poll]    <- read  st0cur     ret=0  data=['0xfe', '0x01', '0x01', '0x02']
14:25:40.061  DEBUG   [poll]    -> read  st2mot    
14:25:40.064  DEBUG   [poll]    <- read  st2mot     ret=0  data=['0x00', '0x00']
14:25:40.064  DEBUG   [poll]    -> read  st0cur    
14:25:40.068  DEBUG   [poll]    <- read  st0cur     ret=0  data=['0xfe', '0x01', '0x01', '0x02']
14:25:41.070  DEBUG   [poll]    -> read  st2mot    
14:25:41.077  DEBUG   [poll]    <- read  st2mot     ret=0  data=['0x00', '0x00']
14:25:41.077  DEBUG   [poll]    -> read  st0cur    
14:25:41.081  DEBUG   [poll]    <- read  st0cur     ret=0  data=['0xfe', '0x01', '0x01', '0x02']
14:25:42.083  DEBUG   [poll]    -> read  st2mot    
14:25:42.086  DEBUG   [poll]    <- read  st2mot     ret=0  data=['0x00', '0x00']
14:25:42.087  DEBUG   [poll]    -> read  st0cur    
14:25:42.091  DEBUG   [poll]    <- read  st0cur     ret=0  data=['0xfe', '0x01', '0x02', '0x02']
14:25:43.092  DEBUG   [poll]    -> read  st2mot    
14:25:43.096  DEBUG   [poll]    <- read  st2mot     ret=0  data=['0x00', '0x00']
14:25:43.096  DEBUG   [poll]    -> read  st0cur    
14:25:43.100  DEBUG   [poll]    <- read  st0cur     ret=0  data=['0xfe', '0x01', '0x01', '0x02']
14:25:44.102  DEBUG   [poll]    -> read  st2mot    
14:25:44.105  DEBUG   [poll]    <- read  st2mot     ret=0  data=['0x00', '0x00']
14:25:44.105  DEBUG   [poll]    -> read  st0cur    
14:25:44.110  DEBUG   [poll]    <- read  st0cur     ret=0  data=['0xfd', '0x01', '0x01', '0x02']
14:25:45.111  DEBUG   [poll]    -> read  st2mot    
14:25:45.114  DEBUG   [poll]    <- read  st2mot     ret=0  data=['0x00', '0x00']
14:25:45.115  DEBUG   [poll]    -> read  st0cur    
14:25:45.119  DEBUG   [poll]    <- read  st0cur     ret=0  data=['0xfe', '0x01', '0x01', '0x02']
14:25:46.120  DEBUG   [poll]    -> read  st2mot    
14:25:46.127  DEBUG   [poll]    <- read  st2mot     ret=0  data=['0x00', '0x00']
14:25:46.128  DEBUG   [poll]    -> read  st0cur    
14:25:46.132  DEBUG   [poll]    <- read  st0cur     ret=0  data=['0xfe', '0x01', '0x02', '0x02']
14:25:47.133  DEBUG   [poll]    -> read  st2mot    
14:25:47.137  DEBUG   [poll]    <- read  st2mot     ret=0  data=['0x00', '0x00']
14:25:47.137  DEBUG   [poll]    -> read  st0cur    
14:25:47.141  DEBUG   [poll]    <- read  st0cur     ret=0  data=['0xfe', '0x01', '0x01', '0x02']
14:25:48.143  DEBUG   [poll]    -> read  st2mot    
14:25:48.146  DEBUG   [poll]    <- read  st2mot     ret=0  data=['0x00', '0x00']
14:25:48.147  DEBUG   [poll]    -> read  st0cur    
14:25:48.151  DEBUG   [poll]    <- read  st0cur     ret=0  data=['0xfe', '0x01', '0x01', '0x02']
14:25:49.152  DEBUG   [poll]    -> read  st2mot    
14:25:49.156  DEBUG   [poll]    <- read  st2mot     ret=0  data=['0x00', '0x00']
14:25:49.156  DEBUG   [poll]    -> read  st0cur    
14:25:49.160  DEBUG   [poll]    <- read  st0cur     ret=0  data=['0xfe', '0x01', '0x01', '0x02']
14:25:50.162  DEBUG   [poll]    -> read  st2mot    
14:25:50.165  DEBUG   [poll]    <- read  st2mot     ret=0  data=['0x00', '0x00']
14:25:50.165  DEBUG   [poll]    -> read  st0cur    
14:25:50.170  DEBUG   [poll]    <- read  st0cur     ret=0  data=['0xfd', '0x01', '0x02', '0x02']
14:25:51.171  DEBUG   [poll]    -> read  st2mot    
14:25:51.179  DEBUG   [poll]    <- read  st2mot     ret=0  data=['0x00', '0x00']
14:25:51.179  DEBUG   [poll]    -> read  st0cur    
14:25:51.183  DEBUG   [poll]    <- read  st0cur     ret=0  data=['0xfe', '0x01', '0x02', '0x02']
14:25:52.185  DEBUG   [poll]    -> read  st2mot    
14:25:52.188  DEBUG   [poll]    <- read  st2mot     ret=0  data=['0x00', '0x00']
14:25:52.188  DEBUG   [poll]    -> read  st0cur    
14:25:52.193  DEBUG   [poll]    <- read  st0cur     ret=0  data=['0xfe', '0x01', '0x01', '0x02']
14:25:53.194  DEBUG   [poll]    -> read  st2mot    
14:25:53.197  DEBUG   [poll]    <- read  st2mot     ret=0  data=['0x00', '0x00']
14:25:53.198  DEBUG   [poll]    -> read  st0cur    
14:25:53.202  DEBUG   [poll]    <- read  st0cur     ret=0  data=['0xfe', '0x01', '0x02', '0x02']
14:25:54.203  DEBUG   [poll]    -> read  st2mot    
14:25:54.207  DEBUG   [poll]    <- read  st2mot     ret=0  data=['0x00', '0x00']
14:25:54.207  DEBUG   [poll]    -> read  st0cur    
14:25:54.211  DEBUG   [poll]    <- read  st0cur     ret=0  data=['0xfe', '0x01', '0x01', '0x02']
14:25:55.213  DEBUG   [poll]    -> read  st2mot    
14:25:55.216  DEBUG   [poll]    <- read  st2mot     ret=0  data=['0x00', '0x00']
14:25:55.216  DEBUG   [poll]    -> read  st0cur    
14:25:55.221  DEBUG   [poll]    <- read  st0cur     ret=0  data=['0xfe', '0x01', '0x01', '0x02']
14:25:56.222  DEBUG   [poll]    -> read  st2mot    
14:25:56.229  DEBUG   [poll]    <- read  st2mot     ret=0  data=['0x00', '0x00']
14:25:56.229  DEBUG   [poll]    -> read  st0cur    
14:25:56.234  DEBUG   [poll]    <- read  st0cur     ret=0  data=['0xfe', '0x01', '0x01', '0x02']
14:25:57.235  DEBUG   [poll]    -> read  st2mot    
14:25:57.238  DEBUG   [poll]    <- read  st2mot     ret=0  data=['0x00', '0x00']
14:25:57.239  DEBUG   [poll]    -> read  st0cur    
14:25:57.243  DEBUG   [poll]    <- read  st0cur     ret=0  data=['0xfd', '0x01', '0x02', '0x02']
14:25:58.244  DEBUG   [poll]    -> read  st2mot    
14:25:58.248  DEBUG   [poll]    <- read  st2mot     ret=0  data=['0x00', '0x00']
14:25:58.248  DEBUG   [poll]    -> read  st0cur    
14:25:58.252  DEBUG   [poll]    <- read  st0cur     ret=0  data=['0xfe', '0x01', '0x01', '0x02']
14:25:59.254  DEBUG   [poll]    -> read  st2mot    
14:25:59.258  DEBUG   [poll]    <- read  st2mot     ret=0  data=['0x00', '0x00']
14:25:59.258  DEBUG   [poll]    -> read  st0cur    
14:25:59.262  DEBUG   [poll]    <- read  st0cur     ret=0  data=['0xfe', '0x01', '0x01', '0x02']
14:25:59.366  INFO    client connected
14:25:59.367  DEBUG   [client]  -> read  st3mot    
14:25:59.371  DEBUG   [client]  <- read  st3mot     ret=0  data=['0x01', '0x00', '0x01', '0x03']
14:25:59.371  WARNING client disconnected — stopping motor
14:25:59.372  DEBUG   [client]  -> write cntl3mot   data=['0x00', '0x00']
14:25:59.375  INFO    client disconnected
14:26:00.264  DEBUG   [poll]    -> read  st2mot    
14:26:00.267  DEBUG   [poll]    <- read  st2mot     ret=0  data=['0x00', '0x00']
14:26:00.267  DEBUG   [poll]    -> read  st0cur    
14:26:00.271  DEBUG   [poll]    <- read  st0cur     ret=0  data=['0xfe', '0x01', '0x01', '0x02']
14:26:00.290  INFO    client connected
14:26:00.291  DEBUG   [client]  -> write cntl0mot   data=['0xf6', '0xfa']
14:26:00.295  DEBUG   [client]  -> write cntl3mot   data=['0x00', '0x00']
14:26:00.299  DEBUG   [client]  -> write cntl3mot   data=['0x03', '0xe8']
14:26:00.303  DEBUG   [client]  -> read  st2mot    
14:26:00.306  DEBUG   [client]  <- read  st2mot     ret=0  data=['0x00', '0x00']
14:26:00.307  DEBUG   [client]  -> read  st0cur    
14:26:00.311  DEBUG   [client]  <- read  st0cur     ret=0  data=['0xfe', '0x01', '0x01', '0x02']
14:26:00.503  DEBUG   [client]  -> read  st2mot    
14:26:00.506  DEBUG   [client]  <- read  st2mot     ret=0  data=['0x00', '0x00']
14:26:00.703  DEBUG   [client]  -> read  st2mot    
14:26:00.706  DEBUG   [client]  <- read  st2mot     ret=0  data=['0x00', '0x00']
14:26:00.903  DEBUG   [client]  -> read  st2mot    
14:26:00.906  DEBUG   [client]  <- read  st2mot     ret=0  data=['0xaf', '0x00']
14:26:01.103  DEBUG   [client]  -> read  st2mot    
14:26:01.107  DEBUG   [client]  <- read  st2mot     ret=0  data=['0x33', '0x04']
14:26:01.273  DEBUG   [poll]    -> read  st2mot    
14:26:01.281  DEBUG   [poll]    <- read  st2mot     ret=0  data=['0xe2', '0x04']
14:26:01.282  DEBUG   [poll]    -> read  st0cur    
14:26:01.286  DEBUG   [poll]    <- read  st0cur     ret=0  data=['0xfd', '0x01', '0x01', '0x02']
14:26:01.303  DEBUG   [client]  -> read  st2mot    
14:26:01.307  DEBUG   [client]  <- read  st2mot     ret=0  data=['0xe2', '0x04']
14:26:01.308  DEBUG   [client]  -> read  st0cur    
14:26:01.313  DEBUG   [client]  <- read  st0cur     ret=0  data=['0xfd', '0x01', '0x01', '0x02']
14:26:01.503  DEBUG   [client]  -> read  st2mot    
14:26:01.507  DEBUG   [client]  <- read  st2mot     ret=0  data=['0xb0', '0x04']
14:26:01.703  DEBUG   [client]  -> read  st2mot    
14:26:01.707  DEBUG   [client]  <- read  st2mot     ret=0  data=['0x33', '0x04']
14:26:01.903  DEBUG   [client]  -> read  st2mot    
14:26:01.907  DEBUG   [client]  <- read  st2mot     ret=0  data=['0x01', '0x04']
14:26:02.103  DEBUG   [client]  -> read  st2mot    
14:26:02.107  DEBUG   [client]  <- read  st2mot     ret=0  data=['0xe8', '0x03']
14:26:02.288  DEBUG   [poll]    -> read  st2mot    
14:26:02.291  DEBUG   [poll]    <- read  st2mot     ret=0  data=['0xcf', '0x03']
14:26:02.291  DEBUG   [poll]    -> read  st0cur    
14:26:02.296  DEBUG   [poll]    <- read  st0cur     ret=0  data=['0xf5', '0x01', '0xf4', '0x01']
14:26:02.303  DEBUG   [client]  -> read  st2mot    
14:26:02.307  DEBUG   [client]  <- read  st2mot     ret=0  data=['0xcf', '0x03']
14:26:02.308  DEBUG   [client]  -> read  st0cur    
14:26:02.313  DEBUG   [client]  <- read  st0cur     ret=0  data=['0xf5', '0x01', '0xf4', '0x01']
14:26:02.503  DEBUG   [client]  -> read  st2mot    
14:26:02.507  DEBUG   [client]  <- read  st2mot     ret=0  data=['0xe8', '0x03']
14:26:02.703  DEBUG   [client]  -> read  st2mot    
14:26:02.707  DEBUG   [client]  <- read  st2mot     ret=0  data=['0xe8', '0x03']
14:26:02.903  DEBUG   [client]  -> read  st2mot    
14:26:02.907  DEBUG   [client]  <- read  st2mot     ret=0  data=['0xe8', '0x03']
14:26:03.103  DEBUG   [client]  -> read  st2mot    
14:26:03.107  DEBUG   [client]  <- read  st2mot     ret=0  data=['0xe8', '0x03']
14:26:03.297  DEBUG   [poll]    -> read  st2mot    
14:26:03.301  DEBUG   [poll]    <- read  st2mot     ret=0  data=['0x01', '0x04']
14:26:03.301  DEBUG   [poll]    -> read  st0cur    
14:26:03.305  DEBUG   [poll]    <- read  st0cur     ret=0  data=['0xf5', '0x01', '0xf5', '0x01']
14:26:03.306  DEBUG   [client]  -> read  st2mot    
14:26:03.309  DEBUG   [client]  <- read  st2mot     ret=0  data=['0x01', '0x04']
14:26:03.311  DEBUG   [client]  -> read  st0cur    
14:26:03.315  DEBUG   [client]  <- read  st0cur     ret=0  data=['0xf5', '0x01', '0xf5', '0x01']
14:26:03.503  DEBUG   [client]  -> read  st2mot    
14:26:03.507  DEBUG   [client]  <- read  st2mot     ret=0  data=['0xe8', '0x03']
14:26:03.703  DEBUG   [client]  -> read  st2mot    
14:26:03.707  DEBUG   [client]  <- read  st2mot     ret=0  data=['0xe8', '0x03']
14:26:03.903  DEBUG   [client]  -> read  st2mot    
14:26:03.907  DEBUG   [client]  <- read  st2mot     ret=0  data=['0xe8', '0x03']
14:26:04.103  DEBUG   [client]  -> read  st2mot    
14:26:04.107  DEBUG   [client]  <- read  st2mot     ret=0  data=['0xe8', '0x03']
14:26:04.303  DEBUG   [client]  -> read  st2mot    
14:26:04.307  DEBUG   [client]  <- read  st2mot     ret=0  data=['0xe8', '0x03']
14:26:04.308  DEBUG   [poll]    -> read  st2mot    
14:26:04.311  DEBUG   [poll]    <- read  st2mot     ret=0  data=['0xe8', '0x03']
14:26:04.311  DEBUG   [poll]    -> read  st0cur    
14:26:04.316  DEBUG   [poll]    <- read  st0cur     ret=0  data=['0xf5', '0x01', '0xf7', '0x01']
14:26:04.316  DEBUG   [client]  -> read  st0cur    
14:26:04.320  DEBUG   [client]  <- read  st0cur     ret=0  data=['0xf5', '0x01', '0xf7', '0x01']
14:26:04.503  DEBUG   [client]  -> read  st2mot    
14:26:04.507  DEBUG   [client]  <- read  st2mot     ret=0  data=['0xcf', '0x03']
14:26:04.703  DEBUG   [client]  -> read  st2mot    
14:26:04.707  DEBUG   [client]  <- read  st2mot     ret=0  data=['0x01', '0x04']
14:26:04.903  DEBUG   [client]  -> read  st2mot    
14:26:04.907  DEBUG   [client]  <- read  st2mot     ret=0  data=['0x01', '0x04']
14:26:05.103  DEBUG   [client]  -> read  st2mot    
14:26:05.107  DEBUG   [client]  <- read  st2mot     ret=0  data=['0xe8', '0x03']
14:26:05.303  DEBUG   [client]  -> read  st2mot    
14:26:05.307  DEBUG   [client]  <- read  st2mot     ret=0  data=['0xe8', '0x03']
14:26:05.308  DEBUG   [client]  -> read  st0cur    
14:26:05.313  DEBUG   [client]  <- read  st0cur     ret=0  data=['0xf5', '0x01', '0xf7', '0x01']
14:26:05.317  DEBUG   [poll]    -> read  st2mot    
14:26:05.321  DEBUG   [poll]    <- read  st2mot     ret=0  data=['0xe8', '0x03']
14:26:05.321  DEBUG   [poll]    -> read  st0cur    
14:26:05.325  DEBUG   [poll]    <- read  st0cur     ret=0  data=['0xf5', '0x01', '0xf7', '0x01']
14:26:05.503  DEBUG   [client]  -> read  st2mot    
14:26:05.507  DEBUG   [client]  <- read  st2mot     ret=0  data=['0x01', '0x04']
14:26:05.703  DEBUG   [client]  -> read  st2mot    
14:26:05.707  DEBUG   [client]  <- read  st2mot     ret=0  data=['0xe8', '0x03']
14:26:05.903  DEBUG   [client]  -> read  st2mot    
14:26:05.907  DEBUG   [client]  <- read  st2mot     ret=0  data=['0x01', '0x04']
14:26:06.104  DEBUG   [client]  -> read  st2mot    
14:26:06.107  DEBUG   [client]  <- read  st2mot     ret=0  data=['0xe8', '0x03']
14:26:06.303  DEBUG   [client]  -> read  st2mot    
14:26:06.309  DEBUG   [client]  <- read  st2mot     ret=0  data=['0xe8', '0x03']
14:26:06.311  DEBUG   [client]  -> read  st0cur    
14:26:06.316  DEBUG   [client]  <- read  st0cur     ret=0  data=['0xf7', '0x01', '0xf7', '0x01']
14:26:06.327  DEBUG   [poll]    -> read  st2mot    
14:26:06.330  DEBUG   [poll]    <- read  st2mot     ret=0  data=['0xe8', '0x03']
14:26:06.330  DEBUG   [poll]    -> read  st0cur    
14:26:06.335  DEBUG   [poll]    <- read  st0cur     ret=0  data=['0xf7', '0x01', '0xf7', '0x01']
14:26:06.503  DEBUG   [client]  -> read  st2mot    
14:26:06.507  DEBUG   [client]  <- read  st2mot     ret=0  data=['0xe8', '0x03']
14:26:06.703  DEBUG   [client]  -> read  st2mot    
14:26:06.707  DEBUG   [client]  <- read  st2mot     ret=0  data=['0xe8', '0x03']
14:26:06.903  DEBUG   [client]  -> read  st2mot    
14:26:06.907  DEBUG   [client]  <- read  st2mot     ret=0  data=['0xe8', '0x03']
14:26:07.103  DEBUG   [client]  -> read  st2mot    
14:26:07.107  DEBUG   [client]  <- read  st2mot     ret=0  data=['0xcf', '0x03']
14:26:07.109  DEBUG   [client]  -> write cntl3mot   data=['0x03', '0x20']
14:26:07.337  DEBUG   [poll]    -> read  st2mot    
14:26:07.340  DEBUG   [poll]    <- read  st2mot     ret=0  data=['0xb6', '0x03']
14:26:07.341  DEBUG   [poll]    -> read  st0cur    
14:26:07.345  DEBUG   [poll]    <- read  st0cur     ret=0  data=['0xf5', '0x01', '0xf5', '0x01']
14:26:07.364  DEBUG   [client]  -> write cntl3mot   data=['0x02', '0x58']
14:26:07.620  DEBUG   [client]  -> write cntl3mot   data=['0x01', '0x90']
14:26:07.875  DEBUG   [client]  -> write cntl3mot   data=['0x00', '0xc8']
14:26:08.131  DEBUG   [client]  -> write cntl3mot   data=['0x00', '0x00']
14:26:08.136  WARNING client disconnected — stopping motor
14:26:08.138  DEBUG   [client]  -> write cntl3mot   data=['0x00', '0x00']
14:26:08.142  INFO    client disconnected
14:26:08.346  DEBUG   [poll]    -> read  st2mot    
14:26:08.350  DEBUG   [poll]    <- read  st2mot     ret=0  data=['0x00', '0x00']
14:26:08.350  DEBUG   [poll]    -> read  st0cur    
14:26:08.354  DEBUG   [poll]    <- read  st0cur     ret=0  data=['0xf6', '0x01', '0xf7', '0x01']
14:26:08.355  WARNING *** OBSERVED STALL SIGNATURE (not acted on yet) — current=-0.49A while rpm=0 ***
14:26:09.356  DEBUG   [poll]    -> read  st2mot    
14:26:09.360  DEBUG   [poll]    <- read  st2mot     ret=0  data=['0x00', '0x00']
14:26:09.360  DEBUG   [poll]    -> read  st0cur    
14:26:09.364  DEBUG   [poll]    <- read  st0cur     ret=0  data=['0xfb', '0x01', '0xfd', '0x01']
14:26:09.365  WARNING *** OBSERVED STALL SIGNATURE (not acted on yet) — current=-0.24A while rpm=0 ***
14:26:10.366  DEBUG   [poll]    -> read  st2mot    
14:26:10.370  DEBUG   [poll]    <- read  st2mot     ret=0  data=['0x00', '0x00']
14:26:10.370  DEBUG   [poll]    -> read  st0cur    
14:26:10.374  DEBUG   [poll]    <- read  st0cur     ret=0  data=['0xfd', '0x01', '0x01', '0x02']
14:26:11.376  DEBUG   [poll]    -> read  st2mot    
14:26:11.379  DEBUG   [poll]    <- read  st2mot     ret=0  data=['0x00', '0x00']
14:26:11.380  DEBUG   [poll]    -> read  st0cur    
14:26:11.384  DEBUG   [poll]    <- read  st0cur     ret=0  data=['0xfe', '0x01', '0x01', '0x02']
14:26:11.526  INFO    client connected
14:26:11.527  DEBUG   [client]  -> read  st3mot    
14:26:11.530  DEBUG   [client]  <- read  st3mot     ret=0  data=['0x01', '0x00', '0x01', '0x05']
14:26:11.531  WARNING client disconnected — stopping motor
14:26:11.531  DEBUG   [client]  -> write cntl3mot   data=['0x00', '0x00']
14:26:11.535  INFO    client disconnected
14:26:12.385  DEBUG   [poll]    -> read  st2mot    
14:26:12.389  DEBUG   [poll]    <- read  st2mot     ret=0  data=['0x00', '0x00']
14:26:12.389  DEBUG   [poll]    -> read  st0cur    
14:26:12.394  DEBUG   [poll]    <- read  st0cur     ret=0  data=['0xfe', '0x01', '0x02', '0x02']
14:26:13.395  DEBUG   [poll]    -> read  st2mot    
14:26:13.399  DEBUG   [poll]    <- read  st2mot     ret=0  data=['0x00', '0x00']
14:26:13.399  DEBUG   [poll]    -> read  st0cur    
14:26:13.403  DEBUG   [poll]    <- read  st0cur     ret=0  data=['0xfd', '0x01', '0x01', '0x02']
14:26:14.405  DEBUG   [poll]    -> read  st2mot    
14:26:14.408  DEBUG   [poll]    <- read  st2mot     ret=0  data=['0x00', '0x00']
14:26:14.408  DEBUG   [poll]    -> read  st0cur    
14:26:14.412  DEBUG   [poll]    <- read  st0cur     ret=0  data=['0xfe', '0x01', '0x02', '0x02']
14:26:15.414  DEBUG   [poll]    -> read  st2mot    
14:26:15.417  DEBUG   [poll]    <- read  st2mot     ret=0  data=['0x00', '0x00']
14:26:15.418  DEBUG   [poll]    -> read  st0cur    
14:26:15.422  DEBUG   [poll]    <- read  st0cur     ret=0  data=['0xfd', '0x01', '0x01', '0x02']
14:26:16.423  DEBUG   [poll]    -> read  st2mot    
14:26:16.427  DEBUG   [poll]    <- read  st2mot     ret=0  data=['0x00', '0x00']
14:26:16.427  DEBUG   [poll]    -> read  st0cur    
14:26:16.432  DEBUG   [poll]    <- read  st0cur     ret=0  data=['0xfd', '0x01', '0x01', '0x02']
14:26:17.433  DEBUG   [poll]    -> read  st2mot    
14:26:17.437  DEBUG   [poll]    <- read  st2mot     ret=0  data=['0x00', '0x00']
14:26:17.437  DEBUG   [poll]    -> read  st0cur    
14:26:17.441  DEBUG   [poll]    <- read  st0cur     ret=0  data=['0xfe', '0x01', '0x01', '0x02']
14:26:18.443  DEBUG   [poll]    -> read  st2mot    
14:26:18.446  DEBUG   [poll]    <- read  st2mot     ret=0  data=['0x00', '0x00']
14:26:18.447  DEBUG   [poll]    -> read  st0cur    
14:26:18.451  DEBUG   [poll]    <- read  st0cur     ret=0  data=['0xfe', '0x01', '0x01', '0x02']
14:26:19.452  DEBUG   [poll]    -> read  st2mot    
14:26:19.456  DEBUG   [poll]    <- read  st2mot     ret=0  data=['0x00', '0x00']
14:26:19.456  DEBUG   [poll]    -> read  st0cur    
14:26:19.460  DEBUG   [poll]    <- read  st0cur     ret=0  data=['0xfe', '0x01', '0x02', '0x02']
14:26:20.462  DEBUG   [poll]    -> read  st2mot    
14:26:20.465  DEBUG   [poll]    <- read  st2mot     ret=0  data=['0x00', '0x00']
14:26:20.466  DEBUG   [poll]    -> read  st0cur    
14:26:20.470  DEBUG   [poll]    <- read  st0cur     ret=0  data=['0xfe', '0x01', '0x01', '0x02']
14:26:21.471  DEBUG   [poll]    -> read  st2mot    
14:26:21.479  DEBUG   [poll]    <- read  st2mot     ret=0  data=['0x00', '0x00']
14:26:21.479  DEBUG   [poll]    -> read  st0cur    
14:26:21.483  DEBUG   [poll]    <- read  st0cur     ret=0  data=['0xfe', '0x01', '0x01', '0x02']
14:26:22.485  DEBUG   [poll]    -> read  st2mot    
14:26:22.488  DEBUG   [poll]    <- read  st2mot     ret=0  data=['0x00', '0x00']
14:26:22.489  DEBUG   [poll]    -> read  st0cur    
14:26:22.493  DEBUG   [poll]    <- read  st0cur     ret=0  data=['0xfe', '0x01', '0x01', '0x02']
14:26:23.494  DEBUG   [poll]    -> read  st2mot    
14:26:23.498  DEBUG   [poll]    <- read  st2mot     ret=0  data=['0x00', '0x00']
14:26:23.498  DEBUG   [poll]    -> read  st0cur    
14:26:23.502  DEBUG   [poll]    <- read  st0cur     ret=0  data=['0xfe', '0x01', '0x01', '0x02']
14:26:24.504  DEBUG   [poll]    -> read  st2mot    
14:26:24.507  DEBUG   [poll]    <- read  st2mot     ret=0  data=['0x00', '0x00']
14:26:24.507  DEBUG   [poll]    -> read  st0cur    
14:26:24.512  DEBUG   [poll]    <- read  st0cur     ret=0  data=['0xfe', '0x01', '0x01', '0x02']
14:26:25.513  DEBUG   [poll]    -> read  st2mot    
14:26:25.517  DEBUG   [poll]    <- read  st2mot     ret=0  data=['0x00', '0x00']
14:26:25.517  DEBUG   [poll]    -> read  st0cur    
14:26:25.521  DEBUG   [poll]    <- read  st0cur     ret=0  data=['0xfe', '0x01', '0x01', '0x02']
14:26:26.523  DEBUG   [poll]    -> read  st2mot    
14:26:26.529  DEBUG   [poll]    <- read  st2mot     ret=0  data=['0x00', '0x00']
14:26:26.530  DEBUG   [poll]    -> read  st0cur    
14:26:26.534  DEBUG   [poll]    <- read  st0cur     ret=0  data=['0xfd', '0x01', '0x01', '0x02']
14:26:27.536  DEBUG   [poll]    -> read  st2mot    
14:26:27.539  DEBUG   [poll]    <- read  st2mot     ret=0  data=['0x00', '0x00']
14:26:27.539  DEBUG   [poll]    -> read  st0cur    
14:26:27.544  DEBUG   [poll]    <- read  st0cur     ret=0  data=['0xfe', '0x01', '0x01', '0x02']
14:26:28.545  DEBUG   [poll]    -> read  st2mot    
14:26:28.549  DEBUG   [poll]    <- read  st2mot     ret=0  data=['0x00', '0x00']
14:26:28.549  DEBUG   [poll]    -> read  st0cur    
14:26:28.553  DEBUG   [poll]    <- read  st0cur     ret=0  data=['0xfe', '0x01', '0x01', '0x02']
14:26:29.555  DEBUG   [poll]    -> read  st2mot    
14:26:29.558  DEBUG   [poll]    <- read  st2mot     ret=0  data=['0x00', '0x00']
14:26:29.559  DEBUG   [poll]    -> read  st0cur    
14:26:29.563  DEBUG   [poll]    <- read  st0cur     ret=0  data=['0xfe', '0x01', '0x02', '0x02']
14:26:30.564  DEBUG   [poll]    -> read  st2mot    
14:26:30.568  DEBUG   [poll]    <- read  st2mot     ret=0  data=['0x00', '0x00']
14:26:30.568  DEBUG   [poll]    -> read  st0cur    
14:26:30.572  DEBUG   [poll]    <- read  st0cur     ret=0  data=['0xfe', '0x01', '0x01', '0x02']
14:26:31.574  DEBUG   [poll]    -> read  st2mot    
14:26:31.581  DEBUG   [poll]    <- read  st2mot     ret=0  data=['0x00', '0x00']
14:26:31.582  DEBUG   [poll]    -> read  st0cur    
14:26:31.586  DEBUG   [poll]    <- read  st0cur     ret=0  data=['0xfe', '0x01', '0x01', '0x02']
14:26:32.587  DEBUG   [poll]    -> read  st2mot    
14:26:32.591  DEBUG   [poll]    <- read  st2mot     ret=0  data=['0x00', '0x00']
14:26:32.591  DEBUG   [poll]    -> read  st0cur    
14:26:32.595  DEBUG   [poll]    <- read  st0cur     ret=0  data=['0xfd', '0x01', '0x01', '0x02']
14:26:33.597  DEBUG   [poll]    -> read  st2mot    
14:26:33.600  DEBUG   [poll]    <- read  st2mot     ret=0  data=['0x00', '0x00']
14:26:33.601  DEBUG   [poll]    -> read  st0cur    
14:26:33.605  DEBUG   [poll]    <- read  st0cur     ret=0  data=['0xfe', '0x01', '0x01', '0x02']
14:26:34.606  DEBUG   [poll]    -> read  st2mot    
14:26:34.610  DEBUG   [poll]    <- read  st2mot     ret=0  data=['0x00', '0x00']
14:26:34.610  DEBUG   [poll]    -> read  st0cur    
14:26:34.614  DEBUG   [poll]    <- read  st0cur     ret=0  data=['0xfd', '0x01', '0x01', '0x02']
14:26:35.616  DEBUG   [poll]    -> read  st2mot    
14:26:35.619  DEBUG   [poll]    <- read  st2mot     ret=0  data=['0x00', '0x00']
14:26:35.619  DEBUG   [poll]    -> read  st0cur    
14:26:35.624  DEBUG   [poll]    <- read  st0cur     ret=0  data=['0xfe', '0x01', '0x01', '0x02']
14:26:36.625  DEBUG   [poll]    -> read  st2mot    
14:26:36.632  DEBUG   [poll]    <- read  st2mot     ret=0  data=['0x00', '0x00']
14:26:36.633  DEBUG   [poll]    -> read  st0cur    
14:26:36.637  DEBUG   [poll]    <- read  st0cur     ret=0  data=['0xfe', '0x01', '0x01', '0x02']
14:26:37.638  DEBUG   [poll]    -> read  st2mot    
14:26:37.641  DEBUG   [poll]    <- read  st2mot     ret=0  data=['0x00', '0x00']
14:26:37.642  DEBUG   [poll]    -> read  st0cur    
14:26:37.646  DEBUG   [poll]    <- read  st0cur     ret=0  data=['0xfe', '0x01', '0x01', '0x02']
14:26:38.647  DEBUG   [poll]    -> read  st2mot    
14:26:38.651  DEBUG   [poll]    <- read  st2mot     ret=0  data=['0x00', '0x00']
14:26:38.651  DEBUG   [poll]    -> read  st0cur    
14:26:38.655  DEBUG   [poll]    <- read  st0cur     ret=0  data=['0xfe', '0x01', '0x01', '0x02']
14:26:39.657  DEBUG   [poll]    -> read  st2mot    
14:26:39.660  DEBUG   [poll]    <- read  st2mot     ret=0  data=['0x00', '0x00']
14:26:39.661  DEBUG   [poll]    -> read  st0cur    
14:26:39.665  DEBUG   [poll]    <- read  st0cur     ret=0  data=['0xfe', '0x01', '0x01', '0x02']
14:26:40.666  DEBUG   [poll]    -> read  st2mot    
14:26:40.670  DEBUG   [poll]    <- read  st2mot     ret=0  data=['0x00', '0x00']
14:26:40.670  DEBUG   [poll]    -> read  st0cur    
14:26:40.674  DEBUG   [poll]    <- read  st0cur     ret=0  data=['0xfe', '0x01', '0x01', '0x02']
14:26:41.676  DEBUG   [poll]    -> read  st2mot    
14:26:41.683  DEBUG   [poll]    <- read  st2mot     ret=0  data=['0x00', '0x00']
14:26:41.684  DEBUG   [poll]    -> read  st0cur    
14:26:41.688  DEBUG   [poll]    <- read  st0cur     ret=0  data=['0xfd', '0x01', '0x01', '0x02']
14:26:42.689  DEBUG   [poll]    -> read  st2mot    
14:26:42.693  DEBUG   [poll]    <- read  st2mot     ret=0  data=['0x00', '0x00']
14:26:42.693  DEBUG   [poll]    -> read  st0cur    
14:26:42.697  DEBUG   [poll]    <- read  st0cur     ret=0  data=['0xfe', '0x01', '0x02', '0x02']
14:26:43.699  DEBUG   [poll]    -> read  st2mot    
14:26:43.702  DEBUG   [poll]    <- read  st2mot     ret=0  data=['0x00', '0x00']
14:26:43.702  DEBUG   [poll]    -> read  st0cur    
14:26:43.707  DEBUG   [poll]    <- read  st0cur     ret=0  data=['0xfe', '0x01', '0x01', '0x02']
14:26:44.708  DEBUG   [poll]    -> read  st2mot    
14:26:44.712  DEBUG   [poll]    <- read  st2mot     ret=0  data=['0x00', '0x00']
14:26:44.712  DEBUG   [poll]    -> read  st0cur    
14:26:44.716  DEBUG   [poll]    <- read  st0cur     ret=0  data=['0xfe', '0x01', '0x01', '0x02']
14:26:45.718  DEBUG   [poll]    -> read  st2mot    
14:26:45.721  DEBUG   [poll]    <- read  st2mot     ret=0  data=['0x00', '0x00']
14:26:45.721  DEBUG   [poll]    -> read  st0cur    
14:26:45.726  DEBUG   [poll]    <- read  st0cur     ret=0  data=['0xfe', '0x01', '0x01', '0x02']
14:26:46.727  DEBUG   [poll]    -> read  st2mot    
14:26:46.734  DEBUG   [poll]    <- read  st2mot     ret=0  data=['0x00', '0x00']
14:26:46.734  DEBUG   [poll]    -> read  st0cur    
14:26:46.738  DEBUG   [poll]    <- read  st0cur     ret=0  data=['0xfe', '0x01', '0x02', '0x02']
14:26:47.740  DEBUG   [poll]    -> read  st2mot    
14:26:47.743  DEBUG   [poll]    <- read  st2mot     ret=0  data=['0x00', '0x00']
14:26:47.744  DEBUG   [poll]    -> read  st0cur    
14:26:47.748  DEBUG   [poll]    <- read  st0cur     ret=0  data=['0xfe', '0x01', '0x01', '0x02']
14:26:48.750  DEBUG   [poll]    -> read  st2mot    
14:26:48.753  DEBUG   [poll]    <- read  st2mot     ret=0  data=['0x00', '0x00']
14:26:48.753  DEBUG   [poll]    -> read  st0cur    
14:26:48.758  DEBUG   [poll]    <- read  st0cur     ret=0  data=['0xfe', '0x01', '0x01', '0x02']
14:26:49.759  DEBUG   [poll]    -> read  st2mot    
14:26:49.763  DEBUG   [poll]    <- read  st2mot     ret=0  data=['0x00', '0x00']
14:26:49.763  DEBUG   [poll]    -> read  st0cur    
14:26:49.767  DEBUG   [poll]    <- read  st0cur     ret=0  data=['0xfe', '0x01', '0x01', '0x02']
14:26:50.769  DEBUG   [poll]    -> read  st2mot    
14:26:50.772  DEBUG   [poll]    <- read  st2mot     ret=0  data=['0x00', '0x00']
14:26:50.772  DEBUG   [poll]    -> read  st0cur    
14:26:50.777  DEBUG   [poll]    <- read  st0cur     ret=0  data=['0xfe', '0x01', '0x01', '0x02']
14:26:51.778  DEBUG   [poll]    -> read  st2mot    
14:26:51.785  DEBUG   [poll]    <- read  st2mot     ret=0  data=['0x00', '0x00']
14:26:51.786  DEBUG   [poll]    -> read  st0cur    
14:26:51.790  DEBUG   [poll]    <- read  st0cur     ret=0  data=['0xfe', '0x01', '0x01', '0x02']
14:26:52.791  DEBUG   [poll]    -> read  st2mot    
14:26:52.795  DEBUG   [poll]    <- read  st2mot     ret=0  data=['0x00', '0x00']
14:26:52.795  DEBUG   [poll]    -> read  st0cur    
14:26:52.799  DEBUG   [poll]    <- read  st0cur     ret=0  data=['0xfe', '0x01', '0x01', '0x02']
14:26:53.801  DEBUG   [poll]    -> read  st2mot    
14:26:53.804  DEBUG   [poll]    <- read  st2mot     ret=0  data=['0x00', '0x00']
14:26:53.804  DEBUG   [poll]    -> read  st0cur    
14:26:53.809  DEBUG   [poll]    <- read  st0cur     ret=0  data=['0xfe', '0x01', '0x02', '0x02']
14:26:54.810  DEBUG   [poll]    -> read  st2mot    
14:26:54.813  DEBUG   [poll]    <- read  st2mot     ret=0  data=['0x00', '0x00']
14:26:54.814  DEBUG   [poll]    -> read  st0cur    
14:26:54.818  DEBUG   [poll]    <- read  st0cur     ret=0  data=['0xfe', '0x01', '0x02', '0x02']
14:26:55.819  DEBUG   [poll]    -> read  st2mot    
14:26:55.823  DEBUG   [poll]    <- read  st2mot     ret=0  data=['0x00', '0x00']
14:26:55.823  DEBUG   [poll]    -> read  st0cur    
14:26:55.827  DEBUG   [poll]    <- read  st0cur     ret=0  data=['0xfe', '0x01', '0x01', '0x02']
14:26:56.829  DEBUG   [poll]    -> read  st2mot    
14:26:56.835  DEBUG   [poll]    <- read  st2mot     ret=0  data=['0x00', '0x00']
14:26:56.836  DEBUG   [poll]    -> read  st0cur    
14:26:56.840  DEBUG   [poll]    <- read  st0cur     ret=0  data=['0xfe', '0x01', '0x01', '0x02']
14:26:57.841  DEBUG   [poll]    -> read  st2mot    
14:26:57.845  DEBUG   [poll]    <- read  st2mot     ret=0  data=['0x00', '0x00']
14:26:57.845  DEBUG   [poll]    -> read  st0cur    
14:26:57.849  DEBUG   [poll]    <- read  st0cur     ret=0  data=['0xfe', '0x01', '0x01', '0x02']
14:26:58.851  DEBUG   [poll]    -> read  st2mot    
14:26:58.854  DEBUG   [poll]    <- read  st2mot     ret=0  data=['0x00', '0x00']
14:26:58.855  DEBUG   [poll]    -> read  st0cur    
14:26:58.859  DEBUG   [poll]    <- read  st0cur     ret=0  data=['0xfe', '0x01', '0x01', '0x02']
14:26:59.860  DEBUG   [poll]    -> read  st2mot    
14:26:59.864  DEBUG   [poll]    <- read  st2mot     ret=0  data=['0x00', '0x00']
14:26:59.864  DEBUG   [poll]    -> read  st0cur    
14:26:59.868  DEBUG   [poll]    <- read  st0cur     ret=0  data=['0xfe', '0x01', '0x01', '0x02']
14:27:00.870  DEBUG   [poll]    -> read  st2mot    
14:27:00.873  DEBUG   [poll]    <- read  st2mot     ret=0  data=['0x00', '0x00']
14:27:00.874  DEBUG   [poll]    -> read  st0cur    
14:27:00.878  DEBUG   [poll]    <- read  st0cur     ret=0  data=['0xfd', '0x01', '0x01', '0x02']
14:27:01.879  DEBUG   [poll]    -> read  st2mot    
14:27:01.886  DEBUG   [poll]    <- read  st2mot     ret=0  data=['0x00', '0x00']
14:27:01.887  DEBUG   [poll]    -> read  st0cur    
14:27:01.891  DEBUG   [poll]    <- read  st0cur     ret=0  data=['0xfe', '0x01', '0x01', '0x02']
14:27:02.892  DEBUG   [poll]    -> read  st2mot    
14:27:02.896  DEBUG   [poll]    <- read  st2mot     ret=0  data=['0x00', '0x00']
14:27:02.896  DEBUG   [poll]    -> read  st0cur    
14:27:02.900  DEBUG   [poll]    <- read  st0cur     ret=0  data=['0xfe', '0x01', '0x01', '0x02']
14:27:03.902  DEBUG   [poll]    -> read  st2mot    
14:27:03.905  DEBUG   [poll]    <- read  st2mot     ret=0  data=['0x00', '0x00']
14:27:03.906  DEBUG   [poll]    -> read  st0cur    
14:27:03.910  DEBUG   [poll]    <- read  st0cur     ret=0  data=['0xfe', '0x01', '0x01', '0x02']
14:27:04.911  DEBUG   [poll]    -> read  st2mot    
14:27:04.915  DEBUG   [poll]    <- read  st2mot     ret=0  data=['0x00', '0x00']
14:27:04.915  DEBUG   [poll]    -> read  st0cur    
14:27:04.919  DEBUG   [poll]    <- read  st0cur     ret=0  data=['0xfe', '0x01', '0x01', '0x02']
14:27:05.921  DEBUG   [poll]    -> read  st2mot    
14:27:05.924  DEBUG   [poll]    <- read  st2mot     ret=0  data=['0x00', '0x00']
14:27:05.924  DEBUG   [poll]    -> read  st0cur    
14:27:05.929  DEBUG   [poll]    <- read  st0cur     ret=0  data=['0xfe', '0x01', '0x01', '0x02']
14:27:06.930  DEBUG   [poll]    -> read  st2mot    
14:27:06.937  DEBUG   [poll]    <- read  st2mot     ret=0  data=['0x00', '0x00']
14:27:06.937  DEBUG   [poll]    -> read  st0cur    
14:27:06.942  DEBUG   [poll]    <- read  st0cur     ret=0  data=['0xfe', '0x01', '0x01', '0x02']
14:27:07.943  DEBUG   [poll]    -> read  st2mot    
14:27:07.946  DEBUG   [poll]    <- read  st2mot     ret=0  data=['0x00', '0x00']
14:27:07.947  DEBUG   [poll]    -> read  st0cur    
14:27:07.951  DEBUG   [poll]    <- read  st0cur     ret=0  data=['0xfe', '0x01', '0x02', '0x02']
14:27:08.953  DEBUG   [poll]    -> read  st2mot    
14:27:08.956  DEBUG   [poll]    <- read  st2mot     ret=0  data=['0x00', '0x00']
14:27:08.956  DEBUG   [poll]    -> read  st0cur    
14:27:08.961  DEBUG   [poll]    <- read  st0cur     ret=0  data=['0xfe', '0x01', '0x01', '0x02']
14:27:09.962  DEBUG   [poll]    -> read  st2mot    
14:27:09.965  DEBUG   [poll]    <- read  st2mot     ret=0  data=['0x00', '0x00']
14:27:09.966  DEBUG   [poll]    -> read  st0cur    
14:27:09.970  DEBUG   [poll]    <- read  st0cur     ret=0  data=['0xfe', '0x01', '0x01', '0x02']
14:27:10.971  DEBUG   [poll]    -> read  st2mot    
14:27:10.975  DEBUG   [poll]    <- read  st2mot     ret=0  data=['0x00', '0x00']
14:27:10.975  DEBUG   [poll]    -> read  st0cur    
14:27:10.979  DEBUG   [poll]    <- read  st0cur     ret=0  data=['0xfe', '0x01', '0x01', '0x02']
14:27:11.981  DEBUG   [poll]    -> read  st2mot    
14:27:11.988  DEBUG   [poll]    <- read  st2mot     ret=0  data=['0x00', '0x00']
14:27:11.988  DEBUG   [poll]    -> read  st0cur    
14:27:11.992  DEBUG   [poll]    <- read  st0cur     ret=0  data=['0xfe', '0x01', '0x01', '0x02']
14:27:12.994  DEBUG   [poll]    -> read  st2mot    
14:27:12.997  DEBUG   [poll]    <- read  st2mot     ret=0  data=['0x00', '0x00']
14:27:12.998  DEBUG   [poll]    -> read  st0cur    
14:27:13.002  DEBUG   [poll]    <- read  st0cur     ret=0  data=['0xfe', '0x01', '0x01', '0x02']
14:27:14.003  DEBUG   [poll]    -> read  st2mot    
14:27:14.007  DEBUG   [poll]    <- read  st2mot     ret=0  data=['0x00', '0x00']
14:27:14.007  DEBUG   [poll]    -> read  st0cur    
14:27:14.011  DEBUG   [poll]    <- read  st0cur     ret=0  data=['0xfe', '0x01', '0x01', '0x02']
14:27:15.013  DEBUG   [poll]    -> read  st2mot    
14:27:15.016  DEBUG   [poll]    <- read  st2mot     ret=0  data=['0x00', '0x00']
14:27:15.016  DEBUG   [poll]    -> read  st0cur    
14:27:15.020  DEBUG   [poll]    <- read  st0cur     ret=0  data=['0xfe', '0x01', '0x01', '0x02']
14:27:16.022  DEBUG   [poll]    -> read  st2mot    
14:27:16.025  DEBUG   [poll]    <- read  st2mot     ret=0  data=['0x00', '0x00']
14:27:16.026  DEBUG   [poll]    -> read  st0cur    
14:27:16.030  DEBUG   [poll]    <- read  st0cur     ret=0  data=['0xfe', '0x01', '0x01', '0x02']
14:27:17.032  DEBUG   [poll]    -> read  st2mot    
14:27:17.035  DEBUG   [poll]    <- read  st2mot     ret=0  data=['0x00', '0x00']
14:27:17.036  DEBUG   [poll]    -> read  st0cur    
14:27:17.040  DEBUG   [poll]    <- read  st0cur     ret=0  data=['0xfe', '0x01', '0x01', '0x02']
14:27:18.042  DEBUG   [poll]    -> read  st2mot    
14:27:18.045  DEBUG   [poll]    <- read  st2mot     ret=0  data=['0x00', '0x00']
14:27:18.045  DEBUG   [poll]    -> read  st0cur    
14:27:18.050  DEBUG   [poll]    <- read  st0cur     ret=0  data=['0xfe', '0x01', '0x02', '0x02']
14:27:19.051  DEBUG   [poll]    -> read  st2mot    
14:27:19.055  DEBUG   [poll]    <- read  st2mot     ret=0  data=['0x00', '0x00']
14:27:19.055  DEBUG   [poll]    -> read  st0cur    
14:27:19.059  DEBUG   [poll]    <- read  st0cur     ret=0  data=['0xfe', '0x01', '0x01', '0x02']
14:27:20.061  DEBUG   [poll]    -> read  st2mot    
14:27:20.064  DEBUG   [poll]    <- read  st2mot     ret=0  data=['0x00', '0x00']
14:27:20.065  DEBUG   [poll]    -> read  st0cur    
14:27:20.069  DEBUG   [poll]    <- read  st0cur     ret=0  data=['0xfd', '0x01', '0x01', '0x02']
14:27:21.070  DEBUG   [poll]    -> read  st2mot    
14:27:21.073  DEBUG   [poll]    <- read  st2mot     ret=0  data=['0x00', '0x00']
14:27:21.074  DEBUG   [poll]    -> read  st0cur    
14:27:21.078  DEBUG   [poll]    <- read  st0cur     ret=0  data=['0xfe', '0x01', '0x01', '0x02']
14:27:22.080  DEBUG   [poll]    -> read  st2mot    
14:27:22.083  DEBUG   [poll]    <- read  st2mot     ret=0  data=['0x00', '0x00']
14:27:22.083  DEBUG   [poll]    -> read  st0cur    
14:27:22.088  DEBUG   [poll]    <- read  st0cur     ret=0  data=['0xfe', '0x01', '0x01', '0x02']
14:27:23.089  DEBUG   [poll]    -> read  st2mot    
14:27:23.092  DEBUG   [poll]    <- read  st2mot     ret=0  data=['0x00', '0x00']
14:27:23.093  DEBUG   [poll]    -> read  st0cur    
14:27:23.097  DEBUG   [poll]    <- read  st0cur     ret=0  data=['0xfe', '0x01', '0x01', '0x02']
14:27:24.098  DEBUG   [poll]    -> read  st2mot    
14:27:24.102  DEBUG   [poll]    <- read  st2mot     ret=0  data=['0x00', '0x00']
14:27:24.102  DEBUG   [poll]    -> read  st0cur    
14:27:24.106  DEBUG   [poll]    <- read  st0cur     ret=0  data=['0xfe', '0x01', '0x01', '0x02']
14:27:25.108  DEBUG   [poll]    -> read  st2mot    
14:27:25.111  DEBUG   [poll]    <- read  st2mot     ret=0  data=['0x00', '0x00']
14:27:25.112  DEBUG   [poll]    -> read  st0cur    
14:27:25.116  DEBUG   [poll]    <- read  st0cur     ret=0  data=['0xfe', '0x01', '0x01', '0x02']
14:27:26.117  DEBUG   [poll]    -> read  st2mot    
14:27:26.121  DEBUG   [poll]    <- read  st2mot     ret=0  data=['0x00', '0x00']
14:27:26.121  DEBUG   [poll]    -> read  st0cur    
14:27:26.125  DEBUG   [poll]    <- read  st0cur     ret=0  data=['0xfe', '0x01', '0x01', '0x02']
14:27:27.127  DEBUG   [poll]    -> read  st2mot    
14:27:27.130  DEBUG   [poll]    <- read  st2mot     ret=0  data=['0x00', '0x00']
14:27:27.131  DEBUG   [poll]    -> read  st0cur    
14:27:27.135  DEBUG   [poll]    <- read  st0cur     ret=0  data=['0xfe', '0x01', '0x01', '0x02']
14:27:28.137  DEBUG   [poll]    -> read  st2mot    
14:27:28.140  DEBUG   [poll]    <- read  st2mot     ret=0  data=['0x00', '0x00']
14:27:28.140  DEBUG   [poll]    -> read  st0cur    
14:27:28.145  DEBUG   [poll]    <- read  st0cur     ret=0  data=['0xfe', '0x01', '0x01', '0x02']
14:27:29.146  DEBUG   [poll]    -> read  st2mot    
14:27:29.149  DEBUG   [poll]    <- read  st2mot     ret=0  data=['0x00', '0x00']
14:27:29.150  DEBUG   [poll]    -> read  st0cur    
14:27:29.154  DEBUG   [poll]    <- read  st0cur     ret=0  data=['0xfe', '0x01', '0x01', '0x02']
14:27:30.155  DEBUG   [poll]    -> read  st2mot    
14:27:30.159  DEBUG   [poll]    <- read  st2mot     ret=0  data=['0x00', '0x00']
14:27:30.159  DEBUG   [poll]    -> read  st0cur    
14:27:30.163  DEBUG   [poll]    <- read  st0cur     ret=0  data=['0xfe', '0x01', '0x01', '0x02']
14:27:31.165  DEBUG   [poll]    -> read  st2mot    
14:27:31.168  DEBUG   [poll]    <- read  st2mot     ret=0  data=['0x00', '0x00']
14:27:31.169  DEBUG   [poll]    -> read  st0cur    
14:27:31.173  DEBUG   [poll]    <- read  st0cur     ret=0  data=['0xfe', '0x01', '0x01', '0x02']
14:27:32.174  DEBUG   [poll]    -> read  st2mot    
14:27:32.178  DEBUG   [poll]    <- read  st2mot     ret=0  data=['0x00', '0x00']
14:27:32.178  DEBUG   [poll]    -> read  st0cur    
14:27:32.183  DEBUG   [poll]    <- read  st0cur     ret=0  data=['0xfe', '0x01', '0x01', '0x02']
14:27:33.184  DEBUG   [poll]    -> read  st2mot    
14:27:33.187  DEBUG   [poll]    <- read  st2mot     ret=0  data=['0x00', '0x00']
14:27:33.188  DEBUG   [poll]    -> read  st0cur    
14:27:33.192  DEBUG   [poll]    <- read  st0cur     ret=0  data=['0xfe', '0x01', '0x01', '0x02']
14:27:34.194  DEBUG   [poll]    -> read  st2mot    
14:27:34.197  DEBUG   [poll]    <- read  st2mot     ret=0  data=['0x00', '0x00']
14:27:34.197  DEBUG   [poll]    -> read  st0cur    
14:27:34.202  DEBUG   [poll]    <- read  st0cur     ret=0  data=['0xfd', '0x01', '0x01', '0x02']
14:27:35.203  DEBUG   [poll]    -> read  st2mot    
14:27:35.206  DEBUG   [poll]    <- read  st2mot     ret=0  data=['0x00', '0x00']
14:27:35.207  DEBUG   [poll]    -> read  st0cur    
14:27:35.211  DEBUG   [poll]    <- read  st0cur     ret=0  data=['0xfe', '0x01', '0x01', '0x02']
14:27:36.212  DEBUG   [poll]    -> read  st2mot    
14:27:36.215  DEBUG   [poll]    <- read  st2mot     ret=0  data=['0x00', '0x00']
14:27:36.215  DEBUG   [poll]    -> read  st0cur    
14:27:36.220  DEBUG   [poll]    <- read  st0cur     ret=0  data=['0xfd', '0x01', '0x01', '0x02']
14:27:37.221  DEBUG   [poll]    -> read  st2mot    
14:27:37.225  DEBUG   [poll]    <- read  st2mot     ret=0  data=['0x00', '0x00']
14:27:37.225  DEBUG   [poll]    -> read  st0cur    
14:27:37.229  DEBUG   [poll]    <- read  st0cur     ret=0  data=['0xfe', '0x01', '0x01', '0x02']
14:27:38.231  DEBUG   [poll]    -> read  st2mot    
14:27:38.234  DEBUG   [poll]    <- read  st2mot     ret=0  data=['0x00', '0x00']
14:27:38.235  DEBUG   [poll]    -> read  st0cur    
14:27:38.239  DEBUG   [poll]    <- read  st0cur     ret=0  data=['0xfe', '0x01', '0x01', '0x02']
14:27:39.241  DEBUG   [poll]    -> read  st2mot    
14:27:39.244  DEBUG   [poll]    <- read  st2mot     ret=0  data=['0x00', '0x00']
14:27:39.244  DEBUG   [poll]    -> read  st0cur    
14:27:39.248  DEBUG   [poll]    <- read  st0cur     ret=0  data=['0xfe', '0x01', '0x01', '0x02']
14:27:40.250  DEBUG   [poll]    -> read  st2mot    
14:27:40.253  DEBUG   [poll]    <- read  st2mot     ret=0  data=['0x00', '0x00']
14:27:40.254  DEBUG   [poll]    -> read  st0cur    
14:27:40.258  DEBUG   [poll]    <- read  st0cur     ret=0  data=['0xfe', '0x01', '0x01', '0x02']
14:27:41.259  DEBUG   [poll]    -> read  st2mot    
14:27:41.263  DEBUG   [poll]    <- read  st2mot     ret=0  data=['0x00', '0x00']
14:27:41.263  DEBUG   [poll]    -> read  st0cur    
14:27:41.267  DEBUG   [poll]    <- read  st0cur     ret=0  data=['0xfe', '0x01', '0x01', '0x02']
14:27:42.269  DEBUG   [poll]    -> read  st2mot    
14:27:42.272  DEBUG   [poll]    <- read  st2mot     ret=0  data=['0x00', '0x00']
14:27:42.273  DEBUG   [poll]    -> read  st0cur    
14:27:42.277  DEBUG   [poll]    <- read  st0cur     ret=0  data=['0xfe', '0x01', '0x01', '0x02']
14:27:43.278  DEBUG   [poll]    -> read  st2mot    
14:27:43.282  DEBUG   [poll]    <- read  st2mot     ret=0  data=['0x00', '0x00']
14:27:43.282  DEBUG   [poll]    -> read  st0cur    
14:27:43.286  DEBUG   [poll]    <- read  st0cur     ret=0  data=['0xfe', '0x01', '0x01', '0x02']
14:27:44.288  DEBUG   [poll]    -> read  st2mot    
14:27:44.291  DEBUG   [poll]    <- read  st2mot     ret=0  data=['0x00', '0x00']
14:27:44.292  DEBUG   [poll]    -> read  st0cur    
14:27:44.296  DEBUG   [poll]    <- read  st0cur     ret=0  data=['0xfe', '0x01', '0x01', '0x02']
14:27:45.297  DEBUG   [poll]    -> read  st2mot    
14:27:45.301  DEBUG   [poll]    <- read  st2mot     ret=0  data=['0x00', '0x00']
14:27:45.301  DEBUG   [poll]    -> read  st0cur    
14:27:45.305  DEBUG   [poll]    <- read  st0cur     ret=0  data=['0xfe', '0x01', '0x01', '0x02']
14:27:46.307  DEBUG   [poll]    -> read  st2mot    
14:27:46.310  DEBUG   [poll]    <- read  st2mot     ret=0  data=['0x00', '0x00']
14:27:46.310  DEBUG   [poll]    -> read  st0cur    
14:27:46.315  DEBUG   [poll]    <- read  st0cur     ret=0  data=['0xfe', '0x01', '0x01', '0x02']
14:27:47.316  DEBUG   [poll]    -> read  st2mot    
14:27:47.319  DEBUG   [poll]    <- read  st2mot     ret=0  data=['0x00', '0x00']
14:27:47.320  DEBUG   [poll]    -> read  st0cur    
14:27:47.324  DEBUG   [poll]    <- read  st0cur     ret=0  data=['0xfe', '0x01', '0x01', '0x02']
14:27:48.326  DEBUG   [poll]    -> read  st2mot    
14:27:48.329  DEBUG   [poll]    <- read  st2mot     ret=0  data=['0x00', '0x00']
14:27:48.330  DEBUG   [poll]    -> read  st0cur    
14:27:48.334  DEBUG   [poll]    <- read  st0cur     ret=0  data=['0xfe', '0x01', '0x01', '0x02']
14:27:49.335  DEBUG   [poll]    -> read  st2mot    
14:27:49.339  DEBUG   [poll]    <- read  st2mot     ret=0  data=['0x00', '0x00']
14:27:49.339  DEBUG   [poll]    -> read  st0cur    
14:27:49.343  DEBUG   [poll]    <- read  st0cur     ret=0  data=['0xfe', '0x01', '0x01', '0x02']
14:27:50.345  DEBUG   [poll]    -> read  st2mot    
14:27:50.348  DEBUG   [poll]    <- read  st2mot     ret=0  data=['0x00', '0x00']
14:27:50.348  DEBUG   [poll]    -> read  st0cur    
14:27:50.353  DEBUG   [poll]    <- read  st0cur     ret=0  data=['0xfe', '0x01', '0x01', '0x02']
14:27:51.354  DEBUG   [poll]    -> read  st2mot    
14:27:51.358  DEBUG   [poll]    <- read  st2mot     ret=0  data=['0x00', '0x00']
14:27:51.358  DEBUG   [poll]    -> read  st0cur    
14:27:51.362  DEBUG   [poll]    <- read  st0cur     ret=0  data=['0xfe', '0x01', '0x01', '0x02']
14:27:52.364  DEBUG   [poll]    -> read  st2mot    
14:27:52.367  DEBUG   [poll]    <- read  st2mot     ret=0  data=['0x00', '0x00']
14:27:52.368  DEBUG   [poll]    -> read  st0cur    
14:27:52.373  DEBUG   [poll]    <- read  st0cur     ret=0  data=['0xfe', '0x01', '0x01', '0x02']
14:27:53.374  DEBUG   [poll]    -> read  st2mot    
14:27:53.377  DEBUG   [poll]    <- read  st2mot     ret=0  data=['0x00', '0x00']
14:27:53.378  DEBUG   [poll]    -> read  st0cur    
14:27:53.382  DEBUG   [poll]    <- read  st0cur     ret=0  data=['0xfe', '0x01', '0x01', '0x02']
14:27:54.384  DEBUG   [poll]    -> read  st2mot    
14:27:54.387  DEBUG   [poll]    <- read  st2mot     ret=0  data=['0x00', '0x00']
14:27:54.387  DEBUG   [poll]    -> read  st0cur    
14:27:54.392  DEBUG   [poll]    <- read  st0cur     ret=0  data=['0xfe', '0x01', '0x01', '0x02']
14:27:55.393  DEBUG   [poll]    -> read  st2mot    
14:27:55.396  DEBUG   [poll]    <- read  st2mot     ret=0  data=['0x00', '0x00']
14:27:55.397  DEBUG   [poll]    -> read  st0cur    
14:27:55.401  DEBUG   [poll]    <- read  st0cur     ret=0  data=['0xfe', '0x01', '0x01', '0x02']
14:27:56.402  DEBUG   [poll]    -> read  st2mot    
14:27:56.406  DEBUG   [poll]    <- read  st2mot     ret=0  data=['0x00', '0x00']
14:27:56.406  DEBUG   [poll]    -> read  st0cur    
14:27:56.410  DEBUG   [poll]    <- read  st0cur     ret=0  data=['0xfe', '0x01', '0x01', '0x02']
14:27:57.412  DEBUG   [poll]    -> read  st2mot    
14:27:57.415  DEBUG   [poll]    <- read  st2mot     ret=0  data=['0x00', '0x00']
14:27:57.416  DEBUG   [poll]    -> read  st0cur    
14:27:57.420  DEBUG   [poll]    <- read  st0cur     ret=0  data=['0xfe', '0x01', '0x01', '0x02']
14:27:58.421  DEBUG   [poll]    -> read  st2mot    
14:27:58.425  DEBUG   [poll]    <- read  st2mot     ret=0  data=['0x00', '0x00']
14:27:58.425  DEBUG   [poll]    -> read  st0cur    
14:27:58.429  DEBUG   [poll]    <- read  st0cur     ret=0  data=['0xfe', '0x01', '0x01', '0x02']
14:27:59.431  DEBUG   [poll]    -> read  st2mot    
14:27:59.434  DEBUG   [poll]    <- read  st2mot     ret=0  data=['0x00', '0x00']
14:27:59.435  DEBUG   [poll]    -> read  st0cur    
14:27:59.439  DEBUG   [poll]    <- read  st0cur     ret=0  data=['0xfe', '0x01', '0x01', '0x02']
14:28:00.440  DEBUG   [poll]    -> read  st2mot    
14:28:00.444  DEBUG   [poll]    <- read  st2mot     ret=0  data=['0x00', '0x00']
14:28:00.444  DEBUG   [poll]    -> read  st0cur    
14:28:00.448  DEBUG   [poll]    <- read  st0cur     ret=0  data=['0xfe', '0x01', '0x01', '0x02']
14:28:01.450  DEBUG   [poll]    -> read  st2mot    
14:28:01.453  DEBUG   [poll]    <- read  st2mot     ret=0  data=['0x00', '0x00']
14:28:01.454  DEBUG   [poll]    -> read  st0cur    
14:28:01.458  DEBUG   [poll]    <- read  st0cur     ret=0  data=['0xfe', '0x01', '0x01', '0x02']
14:28:02.459  DEBUG   [poll]    -> read  st2mot    
14:28:02.463  DEBUG   [poll]    <- read  st2mot     ret=0  data=['0x00', '0x00']
14:28:02.463  DEBUG   [poll]    -> read  st0cur    
14:28:02.468  DEBUG   [poll]    <- read  st0cur     ret=0  data=['0xfe', '0x01', '0x01', '0x02']
14:28:03.469  DEBUG   [poll]    -> read  st2mot    
14:28:03.473  DEBUG   [poll]    <- read  st2mot     ret=0  data=['0x00', '0x00']
14:28:03.473  DEBUG   [poll]    -> read  st0cur    
14:28:03.477  DEBUG   [poll]    <- read  st0cur     ret=0  data=['0xfd', '0x01', '0x01', '0x02']
14:28:04.479  DEBUG   [poll]    -> read  st2mot    
14:28:04.482  DEBUG   [poll]    <- read  st2mot     ret=0  data=['0x00', '0x00']
14:28:04.483  DEBUG   [poll]    -> read  st0cur    
14:28:04.487  DEBUG   [poll]    <- read  st0cur     ret=0  data=['0xfd', '0x01', '0x01', '0x02']
14:28:05.488  DEBUG   [poll]    -> read  st2mot    
14:28:05.492  DEBUG   [poll]    <- read  st2mot     ret=0  data=['0x00', '0x00']
14:28:05.492  DEBUG   [poll]    -> read  st0cur    
14:28:05.496  DEBUG   [poll]    <- read  st0cur     ret=0  data=['0xfe', '0x01', '0x01', '0x02']
14:28:06.498  DEBUG   [poll]    -> read  st2mot    
14:28:06.501  DEBUG   [poll]    <- read  st2mot     ret=0  data=['0x00', '0x00']
14:28:06.502  DEBUG   [poll]    -> read  st0cur    
14:28:06.506  DEBUG   [poll]    <- read  st0cur     ret=0  data=['0xfe', '0x01', '0x01', '0x02']
14:28:07.507  DEBUG   [poll]    -> read  st2mot    
14:28:07.511  DEBUG   [poll]    <- read  st2mot     ret=0  data=['0x00', '0x00']
14:28:07.511  DEBUG   [poll]    -> read  st0cur    
14:28:07.516  DEBUG   [poll]    <- read  st0cur     ret=0  data=['0xfd', '0x01', '0x01', '0x02']
14:28:08.517  DEBUG   [poll]    -> read  st2mot    
14:28:08.520  DEBUG   [poll]    <- read  st2mot     ret=0  data=['0x00', '0x00']
14:28:08.521  DEBUG   [poll]    -> read  st0cur    
14:28:08.525  DEBUG   [poll]    <- read  st0cur     ret=0  data=['0xfe', '0x01', '0x01', '0x02']
14:28:09.526  DEBUG   [poll]    -> read  st2mot    
14:28:09.530  DEBUG   [poll]    <- read  st2mot     ret=0  data=['0x00', '0x00']
14:28:09.530  DEBUG   [poll]    -> read  st0cur    
14:28:09.534  DEBUG   [poll]    <- read  st0cur     ret=0  data=['0xfd', '0x01', '0x02', '0x02']
14:28:10.536  DEBUG   [poll]    -> read  st2mot    
14:28:10.539  DEBUG   [poll]    <- read  st2mot     ret=0  data=['0x00', '0x00']
14:28:10.539  DEBUG   [poll]    -> read  st0cur    
14:28:10.544  DEBUG   [poll]    <- read  st0cur     ret=0  data=['0xfe', '0x01', '0x01', '0x02']
14:28:11.545  DEBUG   [poll]    -> read  st2mot    
14:28:11.548  DEBUG   [poll]    <- read  st2mot     ret=0  data=['0x00', '0x00']
14:28:11.549  DEBUG   [poll]    -> read  st0cur    
14:28:11.553  DEBUG   [poll]    <- read  st0cur     ret=0  data=['0xfe', '0x01', '0x01', '0x02']
14:28:12.554  DEBUG   [poll]    -> read  st2mot    
14:28:12.558  DEBUG   [poll]    <- read  st2mot     ret=0  data=['0x00', '0x00']
14:28:12.559  DEBUG   [poll]    -> read  st0cur    
14:28:12.563  DEBUG   [poll]    <- read  st0cur     ret=0  data=['0xfe', '0x01', '0x01', '0x02']
14:28:13.565  DEBUG   [poll]    -> read  st2mot    
14:28:13.568  DEBUG   [poll]    <- read  st2mot     ret=0  data=['0x00', '0x00']
14:28:13.569  DEBUG   [poll]    -> read  st0cur    
14:28:13.573  DEBUG   [poll]    <- read  st0cur     ret=0  data=['0xfe', '0x01', '0x01', '0x02']
14:28:14.574  DEBUG   [poll]    -> read  st2mot    
14:28:14.578  DEBUG   [poll]    <- read  st2mot     ret=0  data=['0x00', '0x00']
14:28:14.578  DEBUG   [poll]    -> read  st0cur    
14:28:14.582  DEBUG   [poll]    <- read  st0cur     ret=0  data=['0xfe', '0x01', '0x01', '0x02']
14:28:15.584  DEBUG   [poll]    -> read  st2mot    
14:28:15.587  DEBUG   [poll]    <- read  st2mot     ret=0  data=['0x00', '0x00']
14:28:15.588  DEBUG   [poll]    -> read  st0cur    
14:28:15.592  DEBUG   [poll]    <- read  st0cur     ret=0  data=['0xfe', '0x01', '0x01', '0x02']
14:28:16.594  DEBUG   [poll]    -> read  st2mot    
14:28:16.597  DEBUG   [poll]    <- read  st2mot     ret=0  data=['0x00', '0x00']
14:28:16.598  DEBUG   [poll]    -> read  st0cur    
14:28:16.602  DEBUG   [poll]    <- read  st0cur     ret=0  data=['0xfd', '0x01', '0x01', '0x02']
14:28:17.604  DEBUG   [poll]    -> read  st2mot    
14:28:17.607  DEBUG   [poll]    <- read  st2mot     ret=0  data=['0x00', '0x00']
14:28:17.608  DEBUG   [poll]    -> read  st0cur    
14:28:17.613  DEBUG   [poll]    <- read  st0cur     ret=0  data=['0xfd', '0x01', '0x01', '0x02']
14:28:18.614  DEBUG   [poll]    -> read  st2mot    
14:28:18.618  DEBUG   [poll]    <- read  st2mot     ret=0  data=['0x00', '0x00']
14:28:18.618  DEBUG   [poll]    -> read  st0cur    
14:28:18.622  DEBUG   [poll]    <- read  st0cur     ret=0  data=['0xfe', '0x01', '0x01', '0x02']
14:28:19.624  DEBUG   [poll]    -> read  st2mot    
14:28:19.627  DEBUG   [poll]    <- read  st2mot     ret=0  data=['0x00', '0x00']
14:28:19.628  DEBUG   [poll]    -> read  st0cur    
14:28:19.632  DEBUG   [poll]    <- read  st0cur     ret=0  data=['0xfe', '0x01', '0x01', '0x02']
14:28:20.633  DEBUG   [poll]    -> read  st2mot    
14:28:20.637  DEBUG   [poll]    <- read  st2mot     ret=0  data=['0x00', '0x00']
14:28:20.637  DEBUG   [poll]    -> read  st0cur    
14:28:20.641  DEBUG   [poll]    <- read  st0cur     ret=0  data=['0xfe', '0x01', '0x01', '0x02']
14:28:21.643  DEBUG   [poll]    -> read  st2mot    
14:28:21.646  DEBUG   [poll]    <- read  st2mot     ret=0  data=['0x00', '0x00']
14:28:21.646  DEBUG   [poll]    -> read  st0cur    
14:28:21.651  DEBUG   [poll]    <- read  st0cur     ret=0  data=['0xfe', '0x01', '0x01', '0x02']
14:28:22.652  DEBUG   [poll]    -> read  st2mot    
14:28:22.660  DEBUG   [poll]    <- read  st2mot     ret=0  data=['0x00', '0x00']
14:28:22.660  DEBUG   [poll]    -> read  st0cur    
14:28:22.664  DEBUG   [poll]    <- read  st0cur     ret=0  data=['0xfe', '0x01', '0x01', '0x02']
14:28:23.666  DEBUG   [poll]    -> read  st2mot    
14:28:23.669  DEBUG   [poll]    <- read  st2mot     ret=0  data=['0x00', '0x00']
14:28:23.669  DEBUG   [poll]    -> read  st0cur    
14:28:23.674  DEBUG   [poll]    <- read  st0cur     ret=0  data=['0xfe', '0x01', '0x01', '0x02']
14:28:24.675  DEBUG   [poll]    -> read  st2mot    
14:28:24.678  DEBUG   [poll]    <- read  st2mot     ret=0  data=['0x00', '0x00']
14:28:24.679  DEBUG   [poll]    -> read  st0cur    
14:28:24.683  DEBUG   [poll]    <- read  st0cur     ret=0  data=['0xfe', '0x01', '0x01', '0x02']
14:28:25.685  DEBUG   [poll]    -> read  st2mot    
14:28:25.688  DEBUG   [poll]    <- read  st2mot     ret=0  data=['0x00', '0x00']
14:28:25.688  DEBUG   [poll]    -> read  st0cur    
14:28:25.692  DEBUG   [poll]    <- read  st0cur     ret=0  data=['0xfe', '0x01', '0x01', '0x02']
14:28:26.694  DEBUG   [poll]    -> read  st2mot    
14:28:26.697  DEBUG   [poll]    <- read  st2mot     ret=0  data=['0x00', '0x00']
14:28:26.698  DEBUG   [poll]    -> read  st0cur    
14:28:26.702  DEBUG   [poll]    <- read  st0cur     ret=0  data=['0xfe', '0x01', '0x01', '0x02']
14:28:27.703  DEBUG   [poll]    -> read  st2mot    
14:28:27.713  DEBUG   [poll]    <- read  st2mot     ret=0  data=['0x00', '0x00']
14:28:27.713  DEBUG   [poll]    -> read  st0cur    
14:28:27.717  DEBUG   [poll]    <- read  st0cur     ret=0  data=['0xfe', '0x01', '0x01', '0x02']
14:28:28.719  DEBUG   [poll]    -> read  st2mot    
14:28:28.722  DEBUG   [poll]    <- read  st2mot     ret=0  data=['0x00', '0x00']
14:28:28.723  DEBUG   [poll]    -> read  st0cur    
14:28:28.727  DEBUG   [poll]    <- read  st0cur     ret=0  data=['0xfe', '0x01', '0x01', '0x02']
14:28:29.728  DEBUG   [poll]    -> read  st2mot    
14:28:29.732  DEBUG   [poll]    <- read  st2mot     ret=0  data=['0x00', '0x00']
14:28:29.732  DEBUG   [poll]    -> read  st0cur    
14:28:29.736  DEBUG   [poll]    <- read  st0cur     ret=0  data=['0xfe', '0x01', '0x01', '0x02']
14:28:30.738  DEBUG   [poll]    -> read  st2mot    
14:28:30.741  DEBUG   [poll]    <- read  st2mot     ret=0  data=['0x00', '0x00']
14:28:30.742  DEBUG   [poll]    -> read  st0cur    
14:28:30.746  DEBUG   [poll]    <- read  st0cur     ret=0  data=['0xfe', '0x01', '0x01', '0x02']
14:28:31.747  DEBUG   [poll]    -> read  st2mot    
14:28:31.751  DEBUG   [poll]    <- read  st2mot     ret=0  data=['0x00', '0x00']
14:28:31.751  DEBUG   [poll]    -> read  st0cur    
14:28:31.755  DEBUG   [poll]    <- read  st0cur     ret=0  data=['0xfe', '0x01', '0x01', '0x02']
14:28:32.757  DEBUG   [poll]    -> read  st2mot    
14:28:32.764  DEBUG   [poll]    <- read  st2mot     ret=0  data=['0x00', '0x00']
14:28:32.764  DEBUG   [poll]    -> read  st0cur    
14:28:32.768  DEBUG   [poll]    <- read  st0cur     ret=0  data=['0xfe', '0x01', '0x01', '0x02']
14:28:33.770  DEBUG   [poll]    -> read  st2mot    
14:28:33.773  DEBUG   [poll]    <- read  st2mot     ret=0  data=['0x00', '0x00']
14:28:33.774  DEBUG   [poll]    -> read  st0cur    
14:28:33.778  DEBUG   [poll]    <- read  st0cur     ret=0  data=['0xfe', '0x01', '0x01', '0x02']
14:28:34.779  DEBUG   [poll]    -> read  st2mot    
14:28:34.783  DEBUG   [poll]    <- read  st2mot     ret=0  data=['0x00', '0x00']
14:28:34.783  DEBUG   [poll]    -> read  st0cur    
14:28:34.787  DEBUG   [poll]    <- read  st0cur     ret=0  data=['0xfe', '0x01', '0x01', '0x02']
14:28:35.789  DEBUG   [poll]    -> read  st2mot    
14:28:35.792  DEBUG   [poll]    <- read  st2mot     ret=0  data=['0x00', '0x00']
14:28:35.793  DEBUG   [poll]    -> read  st0cur    
14:28:35.797  DEBUG   [poll]    <- read  st0cur     ret=0  data=['0xfe', '0x01', '0x01', '0x02']
14:28:36.798  DEBUG   [poll]    -> read  st2mot    
14:28:36.802  DEBUG   [poll]    <- read  st2mot     ret=0  data=['0x00', '0x00']
14:28:36.802  DEBUG   [poll]    -> read  st0cur    
14:28:36.806  DEBUG   [poll]    <- read  st0cur     ret=0  data=['0xfe', '0x01', '0x01', '0x02']
14:28:37.808  DEBUG   [poll]    -> read  st2mot    
14:28:37.815  DEBUG   [poll]    <- read  st2mot     ret=0  data=['0x00', '0x00']
14:28:37.815  DEBUG   [poll]    -> read  st0cur    
14:28:37.820  DEBUG   [poll]    <- read  st0cur     ret=0  data=['0xfe', '0x01', '0x01', '0x02']
14:28:38.821  DEBUG   [poll]    -> read  st2mot    
14:28:38.824  DEBUG   [poll]    <- read  st2mot     ret=0  data=['0x00', '0x00']
14:28:38.825  DEBUG   [poll]    -> read  st0cur    
14:28:38.829  DEBUG   [poll]    <- read  st0cur     ret=0  data=['0xfe', '0x01', '0x01', '0x02']
14:28:39.831  DEBUG   [poll]    -> read  st2mot    
14:28:39.834  DEBUG   [poll]    <- read  st2mot     ret=0  data=['0x00', '0x00']
14:28:39.834  DEBUG   [poll]    -> read  st0cur    
14:28:39.839  DEBUG   [poll]    <- read  st0cur     ret=0  data=['0xfe', '0x01', '0x01', '0x02']
14:28:40.840  DEBUG   [poll]    -> read  st2mot    
14:28:40.844  DEBUG   [poll]    <- read  st2mot     ret=0  data=['0x00', '0x00']
14:28:40.844  DEBUG   [poll]    -> read  st0cur    
14:28:40.848  DEBUG   [poll]    <- read  st0cur     ret=0  data=['0xfe', '0x01', '0x01', '0x02']
14:28:41.850  DEBUG   [poll]    -> read  st2mot    
14:28:41.853  DEBUG   [poll]    <- read  st2mot     ret=0  data=['0x00', '0x00']
14:28:41.853  DEBUG   [poll]    -> read  st0cur    
14:28:41.858  DEBUG   [poll]    <- read  st0cur     ret=0  data=['0xfe', '0x01', '0x01', '0x02']
14:28:42.859  DEBUG   [poll]    -> read  st2mot    
14:28:42.866  DEBUG   [poll]    <- read  st2mot     ret=0  data=['0x00', '0x00']
14:28:42.867  DEBUG   [poll]    -> read  st0cur    
14:28:42.871  DEBUG   [poll]    <- read  st0cur     ret=0  data=['0xfe', '0x01', '0x01', '0x02']
14:28:43.872  DEBUG   [poll]    -> read  st2mot    
14:28:43.876  DEBUG   [poll]    <- read  st2mot     ret=0  data=['0x00', '0x00']
14:28:43.876  DEBUG   [poll]    -> read  st0cur    
14:28:43.880  DEBUG   [poll]    <- read  st0cur     ret=0  data=['0xfe', '0x01', '0x01', '0x02']
14:28:44.882  DEBUG   [poll]    -> read  st2mot    
14:28:44.885  DEBUG   [poll]    <- read  st2mot     ret=0  data=['0x00', '0x00']
14:28:44.885  DEBUG   [poll]    -> read  st0cur    
14:28:44.890  DEBUG   [poll]    <- read  st0cur     ret=0  data=['0xfe', '0x01', '0x01', '0x02']
14:28:45.891  DEBUG   [poll]    -> read  st2mot    
14:28:45.895  DEBUG   [poll]    <- read  st2mot     ret=0  data=['0x00', '0x00']
14:28:45.895  DEBUG   [poll]    -> read  st0cur    
14:28:45.899  DEBUG   [poll]    <- read  st0cur     ret=0  data=['0xfe', '0x01', '0x01', '0x02']
14:28:46.901  DEBUG   [poll]    -> read  st2mot    
14:28:46.904  DEBUG   [poll]    <- read  st2mot     ret=0  data=['0x00', '0x00']
14:28:46.904  DEBUG   [poll]    -> read  st0cur    
14:28:46.909  DEBUG   [poll]    <- read  st0cur     ret=0  data=['0xfe', '0x01', '0x01', '0x02']
14:28:47.910  DEBUG   [poll]    -> read  st2mot    
14:28:47.917  DEBUG   [poll]    <- read  st2mot     ret=0  data=['0x00', '0x00']
14:28:47.917  DEBUG   [poll]    -> read  st0cur    
14:28:47.922  DEBUG   [poll]    <- read  st0cur     ret=0  data=['0xfe', '0x01', '0x01', '0x02']
14:28:48.923  DEBUG   [poll]    -> read  st2mot    
14:28:48.926  DEBUG   [poll]    <- read  st2mot     ret=0  data=['0x00', '0x00']
14:28:48.927  DEBUG   [poll]    -> read  st0cur    
14:28:48.931  DEBUG   [poll]    <- read  st0cur     ret=0  data=['0xfe', '0x01', '0x01', '0x02']
14:28:49.932  DEBUG   [poll]    -> read  st2mot    
14:28:49.936  DEBUG   [poll]    <- read  st2mot     ret=0  data=['0x00', '0x00']
14:28:49.936  DEBUG   [poll]    -> read  st0cur    
14:28:49.940  DEBUG   [poll]    <- read  st0cur     ret=0  data=['0xfe', '0x01', '0x01', '0x02']
14:28:50.942  DEBUG   [poll]    -> read  st2mot    
14:28:50.945  DEBUG   [poll]    <- read  st2mot     ret=0  data=['0x00', '0x00']
14:28:50.946  DEBUG   [poll]    -> read  st0cur    
14:28:50.950  DEBUG   [poll]    <- read  st0cur     ret=0  data=['0xfe', '0x01', '0x01', '0x02']
14:28:51.951  DEBUG   [poll]    -> read  st2mot    
14:28:51.955  DEBUG   [poll]    <- read  st2mot     ret=0  data=['0x00', '0x00']
14:28:51.955  DEBUG   [poll]    -> read  st0cur    
14:28:51.959  DEBUG   [poll]    <- read  st0cur     ret=0  data=['0xfe', '0x01', '0x01', '0x02']
14:28:52.961  DEBUG   [poll]    -> read  st2mot    
14:28:52.968  DEBUG   [poll]    <- read  st2mot     ret=0  data=['0x00', '0x00']
14:28:52.968  DEBUG   [poll]    -> read  st0cur    
14:28:52.973  DEBUG   [poll]    <- read  st0cur     ret=0  data=['0xfe', '0x01', '0x01', '0x02']
14:28:53.974  DEBUG   [poll]    -> read  st2mot    
14:28:53.978  DEBUG   [poll]    <- read  st2mot     ret=0  data=['0x00', '0x00']
14:28:53.978  DEBUG   [poll]    -> read  st0cur    
14:28:53.982  DEBUG   [poll]    <- read  st0cur     ret=0  data=['0xfe', '0x01', '0x01', '0x02']
14:28:54.984  DEBUG   [poll]    -> read  st2mot    
14:28:54.987  DEBUG   [poll]    <- read  st2mot     ret=0  data=['0x00', '0x00']
14:28:54.987  DEBUG   [poll]    -> read  st0cur    
14:28:54.992  DEBUG   [poll]    <- read  st0cur     ret=0  data=['0xfd', '0x01', '0x01', '0x02']
14:28:55.993  DEBUG   [poll]    -> read  st2mot    
14:28:55.996  DEBUG   [poll]    <- read  st2mot     ret=0  data=['0x00', '0x00']
14:28:55.997  DEBUG   [poll]    -> read  st0cur    
14:28:56.001  DEBUG   [poll]    <- read  st0cur     ret=0  data=['0xfe', '0x01', '0x01', '0x02']
14:28:57.003  DEBUG   [poll]    -> read  st2mot    
14:28:57.006  DEBUG   [poll]    <- read  st2mot     ret=0  data=['0x00', '0x00']
14:28:57.006  DEBUG   [poll]    -> read  st0cur    
14:28:57.011  DEBUG   [poll]    <- read  st0cur     ret=0  data=['0xfe', '0x01', '0x01', '0x02']
14:28:58.012  DEBUG   [poll]    -> read  st2mot    
14:28:58.019  DEBUG   [poll]    <- read  st2mot     ret=0  data=['0x00', '0x00']
14:28:58.019  DEBUG   [poll]    -> read  st0cur    
14:28:58.023  DEBUG   [poll]    <- read  st0cur     ret=0  data=['0xfe', '0x01', '0x01', '0x02']
14:28:59.025  DEBUG   [poll]    -> read  st2mot    
14:28:59.028  DEBUG   [poll]    <- read  st2mot     ret=0  data=['0x00', '0x00']
14:28:59.029  DEBUG   [poll]    -> read  st0cur    
14:28:59.033  DEBUG   [poll]    <- read  st0cur     ret=0  data=['0xfe', '0x01', '0x01', '0x02']
14:29:00.034  DEBUG   [poll]    -> read  st2mot    
14:29:00.038  DEBUG   [poll]    <- read  st2mot     ret=0  data=['0x00', '0x00']
14:29:00.038  DEBUG   [poll]    -> read  st0cur    
14:29:00.042  DEBUG   [poll]    <- read  st0cur     ret=0  data=['0xfe', '0x01', '0x01', '0x02']
14:29:01.044  DEBUG   [poll]    -> read  st2mot    
14:29:01.047  DEBUG   [poll]    <- read  st2mot     ret=0  data=['0x00', '0x00']
14:29:01.048  DEBUG   [poll]    -> read  st0cur    
14:29:01.052  DEBUG   [poll]    <- read  st0cur     ret=0  data=['0xfe', '0x01', '0x01', '0x02']
14:29:02.053  DEBUG   [poll]    -> read  st2mot    
14:29:02.057  DEBUG   [poll]    <- read  st2mot     ret=0  data=['0x00', '0x00']
14:29:02.057  DEBUG   [poll]    -> read  st0cur    
14:29:02.062  DEBUG   [poll]    <- read  st0cur     ret=0  data=['0xfe', '0x01', '0x01', '0x02']
14:29:03.063  DEBUG   [poll]    -> read  st2mot    
14:29:03.070  DEBUG   [poll]    <- read  st2mot     ret=0  data=['0x00', '0x00']
14:29:03.070  DEBUG   [poll]    -> read  st0cur    
14:29:03.075  DEBUG   [poll]    <- read  st0cur     ret=0  data=['0xfe', '0x01', '0x01', '0x02']
14:29:04.076  DEBUG   [poll]    -> read  st2mot    
14:29:04.079  DEBUG   [poll]    <- read  st2mot     ret=0  data=['0x00', '0x00']
14:29:04.080  DEBUG   [poll]    -> read  st0cur    
14:29:04.084  DEBUG   [poll]    <- read  st0cur     ret=0  data=['0xfe', '0x01', '0x01', '0x02']
14:29:05.085  DEBUG   [poll]    -> read  st2mot    
14:29:05.089  DEBUG   [poll]    <- read  st2mot     ret=0  data=['0x00', '0x00']
14:29:05.089  DEBUG   [poll]    -> read  st0cur    
14:29:05.093  DEBUG   [poll]    <- read  st0cur     ret=0  data=['0xfe', '0x01', '0x01', '0x02']
14:29:06.095  DEBUG   [poll]    -> read  st2mot    
14:29:06.098  DEBUG   [poll]    <- read  st2mot     ret=0  data=['0x00', '0x00']
14:29:06.099  DEBUG   [poll]    -> read  st0cur    
14:29:06.103  DEBUG   [poll]    <- read  st0cur     ret=0  data=['0xfe', '0x01', '0x02', '0x02']
14:29:07.104  DEBUG   [poll]    -> read  st2mot    
14:29:07.108  DEBUG   [poll]    <- read  st2mot     ret=0  data=['0x00', '0x00']
14:29:07.108  DEBUG   [poll]    -> read  st0cur    
14:29:07.112  DEBUG   [poll]    <- read  st0cur     ret=0  data=['0xfe', '0x01', '0x01', '0x02']
14:29:08.114  DEBUG   [poll]    -> read  st2mot    
14:29:08.121  DEBUG   [poll]    <- read  st2mot     ret=0  data=['0x00', '0x00']
14:29:08.121  DEBUG   [poll]    -> read  st0cur    
14:29:08.125  DEBUG   [poll]    <- read  st0cur     ret=0  data=['0xfd', '0x01', '0x02', '0x02']
14:29:09.127  DEBUG   [poll]    -> read  st2mot    
14:29:09.130  DEBUG   [poll]    <- read  st2mot     ret=0  data=['0x00', '0x00']
14:29:09.131  DEBUG   [poll]    -> read  st0cur    
14:29:09.135  DEBUG   [poll]    <- read  st0cur     ret=0  data=['0xfe', '0x01', '0x01', '0x02']
14:29:10.136  DEBUG   [poll]    -> read  st2mot    
14:29:10.140  DEBUG   [poll]    <- read  st2mot     ret=0  data=['0x00', '0x00']
14:29:10.140  DEBUG   [poll]    -> read  st0cur    
14:29:10.144  DEBUG   [poll]    <- read  st0cur     ret=0  data=['0xfd', '0x01', '0x01', '0x02']
14:29:11.146  DEBUG   [poll]    -> read  st2mot    
14:29:11.149  DEBUG   [poll]    <- read  st2mot     ret=0  data=['0x00', '0x00']
14:29:11.149  DEBUG   [poll]    -> read  st0cur    
14:29:11.154  DEBUG   [poll]    <- read  st0cur     ret=0  data=['0xfe', '0x01', '0x02', '0x02']
14:29:12.155  DEBUG   [poll]    -> read  st2mot    
14:29:12.158  DEBUG   [poll]    <- read  st2mot     ret=0  data=['0x00', '0x00']
14:29:12.159  DEBUG   [poll]    -> read  st0cur    
14:29:12.163  DEBUG   [poll]    <- read  st0cur     ret=0  data=['0xfd', '0x01', '0x01', '0x02']
14:29:13.165  DEBUG   [poll]    -> read  st2mot    
14:29:13.172  DEBUG   [poll]    <- read  st2mot     ret=0  data=['0x00', '0x00']
14:29:13.172  DEBUG   [poll]    -> read  st0cur    
14:29:13.176  DEBUG   [poll]    <- read  st0cur     ret=0  data=['0xfe', '0x01', '0x01', '0x02']
14:29:14.178  DEBUG   [poll]    -> read  st2mot    
14:29:14.181  DEBUG   [poll]    <- read  st2mot     ret=0  data=['0x00', '0x00']
14:29:14.181  DEBUG   [poll]    -> read  st0cur    
14:29:14.186  DEBUG   [poll]    <- read  st0cur     ret=0  data=['0xfd', '0x01', '0x01', '0x02']
14:29:15.187  DEBUG   [poll]    -> read  st2mot    
14:29:15.191  DEBUG   [poll]    <- read  st2mot     ret=0  data=['0x00', '0x00']
14:29:15.191  DEBUG   [poll]    -> read  st0cur    
14:29:15.195  DEBUG   [poll]    <- read  st0cur     ret=0  data=['0xfe', '0x01', '0x01', '0x02']
14:29:16.197  DEBUG   [poll]    -> read  st2mot    
14:29:16.200  DEBUG   [poll]    <- read  st2mot     ret=0  data=['0x00', '0x00']
14:29:16.200  DEBUG   [poll]    -> read  st0cur    
14:29:16.205  DEBUG   [poll]    <- read  st0cur     ret=0  data=['0xfd', '0x01', '0x01', '0x02']
14:29:17.206  DEBUG   [poll]    -> read  st2mot    
14:29:17.210  DEBUG   [poll]    <- read  st2mot     ret=0  data=['0x00', '0x00']
14:29:17.210  DEBUG   [poll]    -> read  st0cur    
14:29:17.214  DEBUG   [poll]    <- read  st0cur     ret=0  data=['0xfd', '0x01', '0x01', '0x02']
14:29:18.216  DEBUG   [poll]    -> read  st2mot    
14:29:18.223  DEBUG   [poll]    <- read  st2mot     ret=0  data=['0x00', '0x00']
14:29:18.224  DEBUG   [poll]    -> read  st0cur    
14:29:18.228  DEBUG   [poll]    <- read  st0cur     ret=0  data=['0xfe', '0x01', '0x01', '0x02']
14:29:19.229  DEBUG   [poll]    -> read  st2mot    
14:29:19.233  DEBUG   [poll]    <- read  st2mot     ret=0  data=['0x00', '0x00']
14:29:19.233  DEBUG   [poll]    -> read  st0cur    
14:29:19.237  DEBUG   [poll]    <- read  st0cur     ret=0  data=['0xfe', '0x01', '0x01', '0x02']
14:29:20.238  DEBUG   [poll]    -> read  st2mot    
14:29:20.241  DEBUG   [poll]    <- read  st2mot     ret=0  data=['0x00', '0x00']
14:29:20.242  DEBUG   [poll]    -> read  st0cur    
14:29:20.246  DEBUG   [poll]    <- read  st0cur     ret=0  data=['0xfe', '0x01', '0x01', '0x02']
14:29:21.247  DEBUG   [poll]    -> read  st2mot    
14:29:21.251  DEBUG   [poll]    <- read  st2mot     ret=0  data=['0x00', '0x00']
14:29:21.251  DEBUG   [poll]    -> read  st0cur    
14:29:21.256  DEBUG   [poll]    <- read  st0cur     ret=0  data=['0xfe', '0x01', '0x01', '0x02']
14:29:22.257  DEBUG   [poll]    -> read  st2mot    
14:29:22.260  DEBUG   [poll]    <- read  st2mot     ret=0  data=['0x00', '0x00']
14:29:22.261  DEBUG   [poll]    -> read  st0cur    
14:29:22.265  DEBUG   [poll]    <- read  st0cur     ret=0  data=['0xfe', '0x01', '0x01', '0x02']
14:29:23.266  DEBUG   [poll]    -> read  st2mot    
14:29:23.273  DEBUG   [poll]    <- read  st2mot     ret=0  data=['0x00', '0x00']
14:29:23.274  DEBUG   [poll]    -> read  st0cur    
14:29:23.278  DEBUG   [poll]    <- read  st0cur     ret=0  data=['0xfe', '0x01', '0x01', '0x02']
14:29:24.280  DEBUG   [poll]    -> read  st2mot    
14:29:24.283  DEBUG   [poll]    <- read  st2mot     ret=0  data=['0x00', '0x00']
14:29:24.283  DEBUG   [poll]    -> read  st0cur    
14:29:24.288  DEBUG   [poll]    <- read  st0cur     ret=0  data=['0xfe', '0x01', '0x01', '0x02']
14:29:25.289  DEBUG   [poll]    -> read  st2mot    
14:29:25.292  DEBUG   [poll]    <- read  st2mot     ret=0  data=['0x00', '0x00']
14:29:25.293  DEBUG   [poll]    -> read  st0cur    
14:29:25.297  DEBUG   [poll]    <- read  st0cur     ret=0  data=['0xfe', '0x01', '0x01', '0x02']
14:29:26.299  DEBUG   [poll]    -> read  st2mot    
14:29:26.302  DEBUG   [poll]    <- read  st2mot     ret=0  data=['0x00', '0x00']
14:29:26.302  DEBUG   [poll]    -> read  st0cur    
14:29:26.306  DEBUG   [poll]    <- read  st0cur     ret=0  data=['0xfe', '0x01', '0x01', '0x02']
14:29:27.308  DEBUG   [poll]    -> read  st2mot    
14:29:27.311  DEBUG   [poll]    <- read  st2mot     ret=0  data=['0x00', '0x00']
14:29:27.312  DEBUG   [poll]    -> read  st0cur    
14:29:27.316  DEBUG   [poll]    <- read  st0cur     ret=0  data=['0xfe', '0x01', '0x01', '0x02']
14:29:28.317  DEBUG   [poll]    -> read  st2mot    
14:29:28.325  DEBUG   [poll]    <- read  st2mot     ret=0  data=['0x00', '0x00']
14:29:28.325  DEBUG   [poll]    -> read  st0cur    
14:29:28.329  DEBUG   [poll]    <- read  st0cur     ret=0  data=['0xfe', '0x01', '0x01', '0x02']
14:29:29.331  DEBUG   [poll]    -> read  st2mot    
14:29:29.334  DEBUG   [poll]    <- read  st2mot     ret=0  data=['0x00', '0x00']
14:29:29.334  DEBUG   [poll]    -> read  st0cur    
14:29:29.339  DEBUG   [poll]    <- read  st0cur     ret=0  data=['0xfe', '0x01', '0x01', '0x02']
14:29:30.340  DEBUG   [poll]    -> read  st2mot    
14:29:30.343  DEBUG   [poll]    <- read  st2mot     ret=0  data=['0x00', '0x00']
14:29:30.344  DEBUG   [poll]    -> read  st0cur    
14:29:30.348  DEBUG   [poll]    <- read  st0cur     ret=0  data=['0xfe', '0x01', '0x01', '0x02']
14:29:31.349  DEBUG   [poll]    -> read  st2mot    
14:29:31.353  DEBUG   [poll]    <- read  st2mot     ret=0  data=['0x00', '0x00']
14:29:31.353  DEBUG   [poll]    -> read  st0cur    
14:29:31.357  DEBUG   [poll]    <- read  st0cur     ret=0  data=['0xfe', '0x01', '0x01', '0x02']
14:29:32.359  DEBUG   [poll]    -> read  st2mot    
14:29:32.362  DEBUG   [poll]    <- read  st2mot     ret=0  data=['0x00', '0x00']
14:29:32.363  DEBUG   [poll]    -> read  st0cur    
14:29:32.367  DEBUG   [poll]    <- read  st0cur     ret=0  data=['0xfe', '0x01', '0x01', '0x02']
14:29:33.368  DEBUG   [poll]    -> read  st2mot    
14:29:33.375  DEBUG   [poll]    <- read  st2mot     ret=0  data=['0x00', '0x00']
14:29:33.375  DEBUG   [poll]    -> read  st0cur    
14:29:33.380  DEBUG   [poll]    <- read  st0cur     ret=0  data=['0xfe', '0x01', '0x01', '0x02']
14:29:34.381  DEBUG   [poll]    -> read  st2mot    
14:29:34.385  DEBUG   [poll]    <- read  st2mot     ret=0  data=['0x00', '0x00']
14:29:34.385  DEBUG   [poll]    -> read  st0cur    
14:29:34.389  DEBUG   [poll]    <- read  st0cur     ret=0  data=['0xfe', '0x01', '0x02', '0x02']
14:29:35.391  DEBUG   [poll]    -> read  st2mot    
14:29:35.394  DEBUG   [poll]    <- read  st2mot     ret=0  data=['0x00', '0x00']
14:29:35.394  DEBUG   [poll]    -> read  st0cur    
14:29:35.399  DEBUG   [poll]    <- read  st0cur     ret=0  data=['0xfe', '0x01', '0x01', '0x02']
14:29:36.400  DEBUG   [poll]    -> read  st2mot    
14:29:36.403  DEBUG   [poll]    <- read  st2mot     ret=0  data=['0x00', '0x00']
14:29:36.404  DEBUG   [poll]    -> read  st0cur    
14:29:36.408  DEBUG   [poll]    <- read  st0cur     ret=0  data=['0xfe', '0x01', '0x01', '0x02']
14:29:37.409  DEBUG   [poll]    -> read  st2mot    
14:29:37.412  DEBUG   [poll]    <- read  st2mot     ret=0  data=['0x00', '0x00']
14:29:37.413  DEBUG   [poll]    -> read  st0cur    
14:29:37.417  DEBUG   [poll]    <- read  st0cur     ret=0  data=['0xfe', '0x01', '0x01', '0x02']
14:29:38.418  DEBUG   [poll]    -> read  st2mot    
14:29:38.425  DEBUG   [poll]    <- read  st2mot     ret=0  data=['0x00', '0x00']
14:29:38.426  DEBUG   [poll]    -> read  st0cur    
14:29:38.430  DEBUG   [poll]    <- read  st0cur     ret=0  data=['0xfe', '0x01', '0x01', '0x02']
14:29:39.431  DEBUG   [poll]    -> read  st2mot    
14:29:39.435  DEBUG   [poll]    <- read  st2mot     ret=0  data=['0x00', '0x00']
14:29:39.435  DEBUG   [poll]    -> read  st0cur    
14:29:39.439  DEBUG   [poll]    <- read  st0cur     ret=0  data=['0xfe', '0x01', '0x01', '0x02']
14:29:40.441  DEBUG   [poll]    -> read  st2mot    
14:29:40.444  DEBUG   [poll]    <- read  st2mot     ret=0  data=['0x00', '0x00']
14:29:40.445  DEBUG   [poll]    -> read  st0cur    
14:29:40.449  DEBUG   [poll]    <- read  st0cur     ret=0  data=['0xfe', '0x01', '0x01', '0x02']
14:29:41.450  DEBUG   [poll]    -> read  st2mot    
14:29:41.454  DEBUG   [poll]    <- read  st2mot     ret=0  data=['0x00', '0x00']
14:29:41.454  DEBUG   [poll]    -> read  st0cur    
14:29:41.458  DEBUG   [poll]    <- read  st0cur     ret=0  data=['0xfe', '0x01', '0x01', '0x02']
14:29:42.460  DEBUG   [poll]    -> read  st2mot    
14:29:42.463  DEBUG   [poll]    <- read  st2mot     ret=0  data=['0x00', '0x00']
14:29:42.464  DEBUG   [poll]    -> read  st0cur    
14:29:42.468  DEBUG   [poll]    <- read  st0cur     ret=0  data=['0xfe', '0x01', '0x01', '0x02']
14:29:43.469  DEBUG   [poll]    -> read  st2mot    
14:29:43.476  DEBUG   [poll]    <- read  st2mot     ret=0  data=['0x00', '0x00']
14:29:43.476  DEBUG   [poll]    -> read  st0cur    
14:29:43.480  DEBUG   [poll]    <- read  st0cur     ret=0  data=['0xfe', '0x01', '0x01', '0x02']
14:29:44.482  DEBUG   [poll]    -> read  st2mot    
14:29:44.485  DEBUG   [poll]    <- read  st2mot     ret=0  data=['0x00', '0x00']
14:29:44.486  DEBUG   [poll]    -> read  st0cur    
14:29:44.490  DEBUG   [poll]    <- read  st0cur     ret=0  data=['0xfe', '0x01', '0x01', '0x02']
14:29:45.491  DEBUG   [poll]    -> read  st2mot    
14:29:45.495  DEBUG   [poll]    <- read  st2mot     ret=0  data=['0x00', '0x00']
14:29:45.495  DEBUG   [poll]    -> read  st0cur    
14:29:45.499  DEBUG   [poll]    <- read  st0cur     ret=0  data=['0xfe', '0x01', '0x01', '0x02']
14:29:46.501  DEBUG   [poll]    -> read  st2mot    
14:29:46.504  DEBUG   [poll]    <- read  st2mot     ret=0  data=['0x00', '0x00']
14:29:46.505  DEBUG   [poll]    -> read  st0cur    
14:29:46.509  DEBUG   [poll]    <- read  st0cur     ret=0  data=['0xfe', '0x01', '0x01', '0x02']
14:29:47.510  DEBUG   [poll]    -> read  st2mot    
14:29:47.514  DEBUG   [poll]    <- read  st2mot     ret=0  data=['0x00', '0x00']
14:29:47.514  DEBUG   [poll]    -> read  st0cur    
14:29:47.518  DEBUG   [poll]    <- read  st0cur     ret=0  data=['0xfe', '0x01', '0x02', '0x02']
14:29:48.520  DEBUG   [poll]    -> read  st2mot    
14:29:48.527  DEBUG   [poll]    <- read  st2mot     ret=0  data=['0x00', '0x00']
14:29:48.527  DEBUG   [poll]    -> read  st0cur    
14:29:48.531  DEBUG   [poll]    <- read  st0cur     ret=0  data=['0xfe', '0x01', '0x01', '0x02']
14:29:49.533  DEBUG   [poll]    -> read  st2mot    
14:29:49.536  DEBUG   [poll]    <- read  st2mot     ret=0  data=['0x00', '0x00']
14:29:49.537  DEBUG   [poll]    -> read  st0cur    
14:29:49.541  DEBUG   [poll]    <- read  st0cur     ret=0  data=['0xfe', '0x01', '0x01', '0x02']
14:29:50.542  DEBUG   [poll]    -> read  st2mot    
14:29:50.546  DEBUG   [poll]    <- read  st2mot     ret=0  data=['0x00', '0x00']
14:29:50.546  DEBUG   [poll]    -> read  st0cur    
14:29:50.550  DEBUG   [poll]    <- read  st0cur     ret=0  data=['0xfe', '0x01', '0x01', '0x02']
14:29:51.552  DEBUG   [poll]    -> read  st2mot    
14:29:51.555  DEBUG   [poll]    <- read  st2mot     ret=0  data=['0x00', '0x00']
14:29:51.556  DEBUG   [poll]    -> read  st0cur    
14:29:51.560  DEBUG   [poll]    <- read  st0cur     ret=0  data=['0xfe', '0x01', '0x01', '0x02']
14:29:52.561  DEBUG   [poll]    -> read  st2mot    
14:29:52.565  DEBUG   [poll]    <- read  st2mot     ret=0  data=['0x00', '0x00']
14:29:52.565  DEBUG   [poll]    -> read  st0cur    
14:29:52.569  DEBUG   [poll]    <- read  st0cur     ret=0  data=['0xfe', '0x01', '0x01', '0x02']
14:29:53.571  DEBUG   [poll]    -> read  st2mot    
14:29:53.578  DEBUG   [poll]    <- read  st2mot     ret=0  data=['0x00', '0x00']
14:29:53.578  DEBUG   [poll]    -> read  st0cur    
14:29:53.582  DEBUG   [poll]    <- read  st0cur     ret=0  data=['0xfe', '0x01', '0x01', '0x02']
14:29:54.584  DEBUG   [poll]    -> read  st2mot    
14:29:54.587  DEBUG   [poll]    <- read  st2mot     ret=0  data=['0x00', '0x00']
14:29:54.588  DEBUG   [poll]    -> read  st0cur    
14:29:54.592  DEBUG   [poll]    <- read  st0cur     ret=0  data=['0xfe', '0x01', '0x01', '0x02']
14:29:55.593  DEBUG   [poll]    -> read  st2mot    
14:29:55.597  DEBUG   [poll]    <- read  st2mot     ret=0  data=['0x00', '0x00']
14:29:55.597  DEBUG   [poll]    -> read  st0cur    
14:29:55.601  DEBUG   [poll]    <- read  st0cur     ret=0  data=['0xfe', '0x01', '0x01', '0x02']
14:29:56.603  DEBUG   [poll]    -> read  st2mot    
14:29:56.606  DEBUG   [poll]    <- read  st2mot     ret=0  data=['0x00', '0x00']
14:29:56.606  DEBUG   [poll]    -> read  st0cur    
14:29:56.611  DEBUG   [poll]    <- read  st0cur     ret=0  data=['0xfe', '0x01', '0x02', '0x02']
14:29:57.612  DEBUG   [poll]    -> read  st2mot    
14:29:57.616  DEBUG   [poll]    <- read  st2mot     ret=0  data=['0x00', '0x00']
14:29:57.616  DEBUG   [poll]    -> read  st0cur    
14:29:57.620  DEBUG   [poll]    <- read  st0cur     ret=0  data=['0xfe', '0x01', '0x01', '0x02']
14:29:58.409  INFO    client connected
14:29:58.409  DEBUG   [client]  -> read  st3mot    
14:29:58.413  DEBUG   [client]  <- read  st3mot     ret=0  data=['0x01', '0x00', '0x01', '0x05']
14:29:58.414  WARNING client disconnected — stopping motor
14:29:58.414  DEBUG   [client]  -> write cntl3mot   data=['0x00', '0x00']
14:29:58.418  INFO    client disconnected
14:29:58.622  DEBUG   [poll]    -> read  st2mot    
14:29:58.625  DEBUG   [poll]    <- read  st2mot     ret=0  data=['0x00', '0x00']
14:29:58.625  DEBUG   [poll]    -> read  st0cur    
14:29:58.629  DEBUG   [poll]    <- read  st0cur     ret=0  data=['0xfe', '0x01', '0x01', '0x02']
14:29:59.404  INFO    client connected
14:29:59.404  DEBUG   [client]  -> write cntl0mot   data=['0xf6', '0xf8']
14:29:59.408  DEBUG   [client]  -> write cntl3mot   data=['0x00', '0x00']
14:29:59.411  DEBUG   [client]  -> write cntl3mot   data=['0x03', '0xe8']
14:29:59.415  DEBUG   [client]  -> read  st2mot    
14:29:59.418  DEBUG   [client]  <- read  st2mot     ret=0  data=['0x00', '0x00']
14:29:59.420  DEBUG   [client]  -> read  st0cur    
14:29:59.424  DEBUG   [client]  <- read  st0cur     ret=0  data=['0xfe', '0x01', '0x01', '0x02']
14:29:59.616  DEBUG   [client]  -> read  st2mot    
14:29:59.618  DEBUG   [client]  <- read  st2mot     ret=0  data=['0x00', '0x00']
14:29:59.631  DEBUG   [poll]    -> read  st2mot    
14:29:59.634  DEBUG   [poll]    <- read  st2mot     ret=0  data=['0x00', '0x00']
14:29:59.634  DEBUG   [poll]    -> read  st0cur    
14:29:59.638  DEBUG   [poll]    <- read  st0cur     ret=0  data=['0xfe', '0x01', '0x01', '0x02']
14:29:59.815  DEBUG   [client]  -> read  st2mot    
14:29:59.818  DEBUG   [client]  <- read  st2mot     ret=0  data=['0x00', '0x00']
14:30:00.015  DEBUG   [client]  -> read  st2mot    
14:30:00.018  DEBUG   [client]  <- read  st2mot     ret=0  data=['0x96', '0x00']
14:30:00.216  DEBUG   [client]  -> read  st2mot    
14:30:00.219  DEBUG   [client]  <- read  st2mot     ret=0  data=['0xb6', '0x03']
14:30:00.416  DEBUG   [client]  -> read  st2mot    
14:30:00.419  DEBUG   [client]  <- read  st2mot     ret=0  data=['0xb0', '0x04']
14:30:00.421  DEBUG   [client]  -> read  st0cur    
14:30:00.425  DEBUG   [client]  <- read  st0cur     ret=0  data=['0xf7', '0x01', '0xfa', '0x01']
14:30:00.616  DEBUG   [client]  -> read  st2mot    
14:30:00.619  DEBUG   [client]  <- read  st2mot     ret=0  data=['0x97', '0x04']
14:30:00.639  DEBUG   [poll]    -> read  st2mot    
14:30:00.642  DEBUG   [poll]    <- read  st2mot     ret=0  data=['0x97', '0x04']
14:30:00.643  DEBUG   [poll]    -> read  st0cur    
14:30:00.647  DEBUG   [poll]    <- read  st0cur     ret=0  data=['0xf7', '0x01', '0xfa', '0x01']
14:30:00.816  DEBUG   [client]  -> read  st2mot    
14:30:00.819  DEBUG   [client]  <- read  st2mot     ret=0  data=['0x33', '0x04']
14:30:01.016  DEBUG   [client]  -> read  st2mot    
14:30:01.020  DEBUG   [client]  <- read  st2mot     ret=0  data=['0x1a', '0x04']
14:30:01.216  DEBUG   [client]  -> read  st2mot    
14:30:01.219  DEBUG   [client]  <- read  st2mot     ret=0  data=['0xe8', '0x03']
14:30:01.416  DEBUG   [client]  -> read  st2mot    
14:30:01.419  DEBUG   [client]  <- read  st2mot     ret=0  data=['0xe8', '0x03']
14:30:01.421  DEBUG   [client]  -> read  st0cur    
14:30:01.425  DEBUG   [client]  <- read  st0cur     ret=0  data=['0xf6', '0x01', '0xf8', '0x01']
14:30:01.616  DEBUG   [client]  -> read  st2mot    
14:30:01.619  DEBUG   [client]  <- read  st2mot     ret=0  data=['0xe8', '0x03']
14:30:01.649  DEBUG   [poll]    -> read  st2mot    
14:30:01.652  DEBUG   [poll]    <- read  st2mot     ret=0  data=['0xe8', '0x03']
14:30:01.653  DEBUG   [poll]    -> read  st0cur    
14:30:01.657  DEBUG   [poll]    <- read  st0cur     ret=0  data=['0xf6', '0x01', '0xf8', '0x01']
14:30:01.816  DEBUG   [client]  -> read  st2mot    
14:30:01.819  DEBUG   [client]  <- read  st2mot     ret=0  data=['0xe8', '0x03']
14:30:02.016  DEBUG   [client]  -> read  st2mot    
14:30:02.019  DEBUG   [client]  <- read  st2mot     ret=0  data=['0x01', '0x04']
14:30:02.216  DEBUG   [client]  -> read  st2mot    
14:30:02.219  DEBUG   [client]  <- read  st2mot     ret=0  data=['0xe8', '0x03']
14:30:02.416  DEBUG   [client]  -> read  st2mot    
14:30:02.419  DEBUG   [client]  <- read  st2mot     ret=0  data=['0x01', '0x04']
14:30:02.421  DEBUG   [client]  -> read  st0cur    
14:30:02.425  DEBUG   [client]  <- read  st0cur     ret=0  data=['0xf6', '0x01', '0xf7', '0x01']
14:30:02.616  DEBUG   [client]  -> read  st2mot    
14:30:02.619  DEBUG   [client]  <- read  st2mot     ret=0  data=['0xcf', '0x03']
14:30:02.658  DEBUG   [poll]    -> read  st2mot    
14:30:02.662  DEBUG   [poll]    <- read  st2mot     ret=0  data=['0xcf', '0x03']
14:30:02.662  DEBUG   [poll]    -> read  st0cur    
14:30:02.666  DEBUG   [poll]    <- read  st0cur     ret=0  data=['0xf6', '0x01', '0xf7', '0x01']
14:30:02.816  DEBUG   [client]  -> read  st2mot    
14:30:02.819  DEBUG   [client]  <- read  st2mot     ret=0  data=['0x01', '0x04']
14:30:03.016  DEBUG   [client]  -> read  st2mot    
14:30:03.019  DEBUG   [client]  <- read  st2mot     ret=0  data=['0x01', '0x04']
14:30:03.216  DEBUG   [client]  -> read  st2mot    
14:30:03.219  DEBUG   [client]  <- read  st2mot     ret=0  data=['0xcf', '0x03']
14:30:03.416  DEBUG   [client]  -> read  st2mot    
14:30:03.419  DEBUG   [client]  <- read  st2mot     ret=0  data=['0x01', '0x04']
14:30:03.421  DEBUG   [client]  -> read  st0cur    
14:30:03.425  DEBUG   [client]  <- read  st0cur     ret=0  data=['0xf4', '0x01', '0xf7', '0x01']
14:30:03.616  DEBUG   [client]  -> read  st2mot    
14:30:03.619  DEBUG   [client]  <- read  st2mot     ret=0  data=['0xcf', '0x03']
14:30:03.668  DEBUG   [poll]    -> read  st2mot    
14:30:03.672  DEBUG   [poll]    <- read  st2mot     ret=0  data=['0xcf', '0x03']
14:30:03.673  DEBUG   [poll]    -> read  st0cur    
14:30:03.677  DEBUG   [poll]    <- read  st0cur     ret=0  data=['0xf4', '0x01', '0xf7', '0x01']
14:30:03.816  DEBUG   [client]  -> read  st2mot    
14:30:03.819  DEBUG   [client]  <- read  st2mot     ret=0  data=['0xe8', '0x03']
14:30:04.016  DEBUG   [client]  -> read  st2mot    
14:30:04.019  DEBUG   [client]  <- read  st2mot     ret=0  data=['0xe8', '0x03']
14:30:04.216  DEBUG   [client]  -> read  st2mot    
14:30:04.219  DEBUG   [client]  <- read  st2mot     ret=0  data=['0xe8', '0x03']
14:30:04.416  DEBUG   [client]  -> read  st2mot    
14:30:04.419  DEBUG   [client]  <- read  st2mot     ret=0  data=['0xcf', '0x03']
14:30:04.421  DEBUG   [client]  -> read  st0cur    
14:30:04.426  DEBUG   [client]  <- read  st0cur     ret=0  data=['0xf5', '0x01', '0xf6', '0x01']
14:30:04.616  DEBUG   [client]  -> read  st2mot    
14:30:04.619  DEBUG   [client]  <- read  st2mot     ret=0  data=['0xe8', '0x03']
14:30:04.679  DEBUG   [poll]    -> read  st2mot    
14:30:04.682  DEBUG   [poll]    <- read  st2mot     ret=0  data=['0xe8', '0x03']
14:30:04.683  DEBUG   [poll]    -> read  st0cur    
14:30:04.687  DEBUG   [poll]    <- read  st0cur     ret=0  data=['0xf5', '0x01', '0xf6', '0x01']
14:30:04.816  DEBUG   [client]  -> read  st2mot    
14:30:04.819  DEBUG   [client]  <- read  st2mot     ret=0  data=['0x01', '0x04']
14:30:05.016  DEBUG   [client]  -> read  st2mot    
14:30:05.019  DEBUG   [client]  <- read  st2mot     ret=0  data=['0xe8', '0x03']
14:30:05.216  DEBUG   [client]  -> read  st2mot    
14:30:05.219  DEBUG   [client]  <- read  st2mot     ret=0  data=['0xe8', '0x03']
14:30:05.416  DEBUG   [client]  -> read  st2mot    
14:30:05.419  DEBUG   [client]  <- read  st2mot     ret=0  data=['0x01', '0x04']
14:30:05.421  DEBUG   [client]  -> read  st0cur    
14:30:05.426  DEBUG   [client]  <- read  st0cur     ret=0  data=['0xf6', '0x01', '0xf5', '0x01']
14:30:05.616  DEBUG   [client]  -> read  st2mot    
14:30:05.619  DEBUG   [client]  <- read  st2mot     ret=0  data=['0xe8', '0x03']
14:30:05.688  DEBUG   [poll]    -> read  st2mot    
14:30:05.692  DEBUG   [poll]    <- read  st2mot     ret=0  data=['0x01', '0x04']
14:30:05.692  DEBUG   [poll]    -> read  st0cur    
14:30:05.697  DEBUG   [poll]    <- read  st0cur     ret=0  data=['0xf6', '0x01', '0xf5', '0x01']
14:30:05.816  DEBUG   [client]  -> read  st2mot    
14:30:05.819  DEBUG   [client]  <- read  st2mot     ret=0  data=['0xe8', '0x03']
14:30:06.016  DEBUG   [client]  -> read  st2mot    
14:30:06.019  DEBUG   [client]  <- read  st2mot     ret=0  data=['0xe8', '0x03']
14:30:06.216  DEBUG   [client]  -> read  st2mot    
14:30:06.219  DEBUG   [client]  <- read  st2mot     ret=0  data=['0xe8', '0x03']
14:30:06.221  DEBUG   [client]  -> write cntl3mot   data=['0x03', '0x20']
14:30:06.477  DEBUG   [client]  -> write cntl3mot   data=['0x02', '0x58']
14:30:06.698  DEBUG   [poll]    -> read  st2mot    
14:30:06.702  DEBUG   [poll]    <- read  st2mot     ret=0  data=['0xbc', '0x02']
14:30:06.702  DEBUG   [poll]    -> read  st0cur    
14:30:06.706  DEBUG   [poll]    <- read  st0cur     ret=0  data=['0xf6', '0x01', '0xf7', '0x01']
14:30:06.733  DEBUG   [client]  -> write cntl3mot   data=['0x01', '0x90']
14:30:06.988  DEBUG   [client]  -> write cntl3mot   data=['0x00', '0xc8']
14:30:07.244  DEBUG   [client]  -> write cntl3mot   data=['0x00', '0x00']
14:30:07.249  WARNING client disconnected — stopping motor
14:30:07.250  DEBUG   [client]  -> write cntl3mot   data=['0x00', '0x00']
14:30:07.254  INFO    client disconnected
14:30:07.708  DEBUG   [poll]    -> read  st2mot    
14:30:07.711  DEBUG   [poll]    <- read  st2mot     ret=0  data=['0x00', '0x00']
14:30:07.711  DEBUG   [poll]    -> read  st0cur    
14:30:07.715  DEBUG   [poll]    <- read  st0cur     ret=0  data=['0xf7', '0x01', '0xf9', '0x01']
14:30:07.715  WARNING *** OBSERVED STALL SIGNATURE (not acted on yet) — current=-0.44A while rpm=0 ***
14:30:08.716  DEBUG   [poll]    -> read  st2mot    
14:30:08.725  DEBUG   [poll]    <- read  st2mot     ret=0  data=['0x00', '0x00']
14:30:08.726  DEBUG   [poll]    -> read  st0cur    
14:30:08.730  DEBUG   [poll]    <- read  st0cur     ret=0  data=['0xfd', '0x01', '0x01', '0x02']
14:30:09.731  DEBUG   [poll]    -> read  st2mot    
14:30:09.735  DEBUG   [poll]    <- read  st2mot     ret=0  data=['0x00', '0x00']
14:30:09.735  DEBUG   [poll]    -> read  st0cur    
14:30:09.739  DEBUG   [poll]    <- read  st0cur     ret=0  data=['0xfe', '0x01', '0x01', '0x02']
14:30:10.730  INFO    client connected
14:30:10.730  DEBUG   [client]  -> read  st3mot    
14:30:10.734  DEBUG   [client]  <- read  st3mot     ret=0  data=['0x01', '0x00', '0x01', '0x07']
14:30:10.735  WARNING client disconnected — stopping motor
14:30:10.735  DEBUG   [client]  -> write cntl3mot   data=['0x00', '0x00']
14:30:10.739  INFO    client disconnected
14:30:10.741  DEBUG   [poll]    -> read  st2mot    
14:30:10.746  DEBUG   [poll]    <- read  st2mot     ret=0  data=['0x00', '0x00']
14:30:10.746  DEBUG   [poll]    -> read  st0cur    
14:30:10.750  DEBUG   [poll]    <- read  st0cur     ret=0  data=['0xfe', '0x01', '0x02', '0x02']
14:30:11.752  DEBUG   [poll]    -> read  st2mot    
14:30:11.755  DEBUG   [poll]    <- read  st2mot     ret=0  data=['0x00', '0x00']
14:30:11.755  DEBUG   [poll]    -> read  st0cur    
14:30:11.760  DEBUG   [poll]    <- read  st0cur     ret=0  data=['0xfd', '0x01', '0x02', '0x02']
14:30:12.761  DEBUG   [poll]    -> read  st2mot    
14:30:12.765  DEBUG   [poll]    <- read  st2mot     ret=0  data=['0x00', '0x00']
14:30:12.765  DEBUG   [poll]    -> read  st0cur    
14:30:12.769  DEBUG   [poll]    <- read  st0cur     ret=0  data=['0xfd', '0x01', '0x02', '0x02']
14:30:13.771  DEBUG   [poll]    -> read  st2mot    
14:30:13.775  DEBUG   [poll]    <- read  st2mot     ret=0  data=['0x00', '0x00']
14:30:13.775  DEBUG   [poll]    -> read  st0cur    
14:30:13.779  DEBUG   [poll]    <- read  st0cur     ret=0  data=['0xfe', '0x01', '0x02', '0x02']
14:30:14.781  DEBUG   [poll]    -> read  st2mot    
14:30:14.784  DEBUG   [poll]    <- read  st2mot     ret=0  data=['0x00', '0x00']
14:30:14.784  DEBUG   [poll]    -> read  st0cur    
14:30:14.789  DEBUG   [poll]    <- read  st0cur     ret=0  data=['0xfd', '0x01', '0x01', '0x02']
14:30:15.790  DEBUG   [poll]    -> read  st2mot    
14:30:15.793  DEBUG   [poll]    <- read  st2mot     ret=0  data=['0x00', '0x00']
14:30:15.794  DEBUG   [poll]    -> read  st0cur    
14:30:15.798  DEBUG   [poll]    <- read  st0cur     ret=0  data=['0xfe', '0x01', '0x01', '0x02']
14:30:16.800  DEBUG   [poll]    -> read  st2mot    
14:30:16.803  DEBUG   [poll]    <- read  st2mot     ret=0  data=['0x00', '0x00']
14:30:16.803  DEBUG   [poll]    -> read  st0cur    
14:30:16.808  DEBUG   [poll]    <- read  st0cur     ret=0  data=['0xfd', '0x01', '0x01', '0x02']
14:30:17.809  DEBUG   [poll]    -> read  st2mot    
14:30:17.813  DEBUG   [poll]    <- read  st2mot     ret=0  data=['0x00', '0x00']
14:30:17.813  DEBUG   [poll]    -> read  st0cur    
14:30:17.817  DEBUG   [poll]    <- read  st0cur     ret=0  data=['0xfd', '0x01', '0x01', '0x02']
14:30:18.819  DEBUG   [poll]    -> read  st2mot    
14:30:18.822  DEBUG   [poll]    <- read  st2mot     ret=0  data=['0x00', '0x00']
14:30:18.823  DEBUG   [poll]    -> read  st0cur    
14:30:18.828  DEBUG   [poll]    <- read  st0cur     ret=0  data=['0xfe', '0x01', '0x02', '0x02']
14:30:19.829  DEBUG   [poll]    -> read  st2mot    
14:30:19.833  DEBUG   [poll]    <- read  st2mot     ret=0  data=['0x00', '0x00']
14:30:19.833  DEBUG   [poll]    -> read  st0cur    
14:30:19.837  DEBUG   [poll]    <- read  st0cur     ret=0  data=['0xfe', '0x01', '0x01', '0x02']
14:30:20.839  DEBUG   [poll]    -> read  st2mot    
14:30:20.842  DEBUG   [poll]    <- read  st2mot     ret=0  data=['0x00', '0x00']
14:30:20.842  DEBUG   [poll]    -> read  st0cur    
14:30:20.847  DEBUG   [poll]    <- read  st0cur     ret=0  data=['0xfe', '0x01', '0x02', '0x02']
14:30:21.848  DEBUG   [poll]    -> read  st2mot    
14:30:21.852  DEBUG   [poll]    <- read  st2mot     ret=0  data=['0x00', '0x00']
14:30:21.852  DEBUG   [poll]    -> read  st0cur    
14:30:21.856  DEBUG   [poll]    <- read  st0cur     ret=0  data=['0xfd', '0x01', '0x02', '0x02']
14:30:22.858  DEBUG   [poll]    -> read  st2mot    
14:30:22.861  DEBUG   [poll]    <- read  st2mot     ret=0  data=['0x00', '0x00']
14:30:22.861  DEBUG   [poll]    -> read  st0cur    
14:30:22.866  DEBUG   [poll]    <- read  st0cur     ret=0  data=['0xfe', '0x01', '0x01', '0x02']
14:30:23.867  DEBUG   [poll]    -> read  st2mot    
14:30:23.874  DEBUG   [poll]    <- read  st2mot     ret=0  data=['0x00', '0x00']
14:30:23.875  DEBUG   [poll]    -> read  st0cur    
14:30:23.879  DEBUG   [poll]    <- read  st0cur     ret=0  data=['0xfd', '0x01', '0x01', '0x02']
14:30:24.880  DEBUG   [poll]    -> read  st2mot    
14:30:24.884  DEBUG   [poll]    <- read  st2mot     ret=0  data=['0x00', '0x00']
14:30:24.884  DEBUG   [poll]    -> read  st0cur    
14:30:24.888  DEBUG   [poll]    <- read  st0cur     ret=0  data=['0xfd', '0x01', '0x02', '0x02']
14:30:25.890  DEBUG   [poll]    -> read  st2mot    
14:30:25.893  DEBUG   [poll]    <- read  st2mot     ret=0  data=['0x00', '0x00']
14:30:25.894  DEBUG   [poll]    -> read  st0cur    
14:30:25.898  DEBUG   [poll]    <- read  st0cur     ret=0  data=['0xfe', '0x01', '0x01', '0x02']
14:30:26.899  DEBUG   [poll]    -> read  st2mot    
14:30:26.903  DEBUG   [poll]    <- read  st2mot     ret=0  data=['0x00', '0x00']
14:30:26.903  DEBUG   [poll]    -> read  st0cur    
14:30:26.907  DEBUG   [poll]    <- read  st0cur     ret=0  data=['0xfe', '0x01', '0x01', '0x02']
14:30:27.909  DEBUG   [poll]    -> read  st2mot    
14:30:27.912  DEBUG   [poll]    <- read  st2mot     ret=0  data=['0x00', '0x00']
14:30:27.913  DEBUG   [poll]    -> read  st0cur    
14:30:27.917  DEBUG   [poll]    <- read  st0cur     ret=0  data=['0xfe', '0x01', '0x01', '0x02']
14:30:28.918  DEBUG   [poll]    -> read  st2mot    
14:30:28.925  DEBUG   [poll]    <- read  st2mot     ret=0  data=['0x00', '0x00']
14:30:28.926  DEBUG   [poll]    -> read  st0cur    
14:30:28.930  DEBUG   [poll]    <- read  st0cur     ret=0  data=['0xfe', '0x01', '0x01', '0x02']
14:30:29.931  DEBUG   [poll]    -> read  st2mot    
14:30:29.935  DEBUG   [poll]    <- read  st2mot     ret=0  data=['0x00', '0x00']
14:30:29.935  DEBUG   [poll]    -> read  st0cur    
14:30:29.939  DEBUG   [poll]    <- read  st0cur     ret=0  data=['0xfe', '0x01', '0x01', '0x02']
14:30:30.941  DEBUG   [poll]    -> read  st2mot    
14:30:30.944  DEBUG   [poll]    <- read  st2mot     ret=0  data=['0x00', '0x00']
14:30:30.944  DEBUG   [poll]    -> read  st0cur    
14:30:30.949  DEBUG   [poll]    <- read  st0cur     ret=0  data=['0xfe', '0x01', '0x01', '0x02']
14:30:31.950  DEBUG   [poll]    -> read  st2mot    
14:30:31.954  DEBUG   [poll]    <- read  st2mot     ret=0  data=['0x00', '0x00']
14:30:31.954  DEBUG   [poll]    -> read  st0cur    
14:30:31.958  DEBUG   [poll]    <- read  st0cur     ret=0  data=['0xfe', '0x01', '0x01', '0x02']
14:30:32.960  DEBUG   [poll]    -> read  st2mot    
14:30:32.963  DEBUG   [poll]    <- read  st2mot     ret=0  data=['0x00', '0x00']
14:30:32.963  DEBUG   [poll]    -> read  st0cur    
14:30:32.968  DEBUG   [poll]    <- read  st0cur     ret=0  data=['0xfe', '0x01', '0x01', '0x02']
14:30:33.969  DEBUG   [poll]    -> read  st2mot    
14:30:33.976  DEBUG   [poll]    <- read  st2mot     ret=0  data=['0x00', '0x00']
14:30:33.976  DEBUG   [poll]    -> read  st0cur    
14:30:33.981  DEBUG   [poll]    <- read  st0cur     ret=0  data=['0xfe', '0x01', '0x01', '0x02']
14:30:34.982  DEBUG   [poll]    -> read  st2mot    
14:30:34.986  DEBUG   [poll]    <- read  st2mot     ret=0  data=['0x00', '0x00']
14:30:34.986  DEBUG   [poll]    -> read  st0cur    
14:30:34.990  DEBUG   [poll]    <- read  st0cur     ret=0  data=['0xfe', '0x01', '0x01', '0x02']
14:30:35.992  DEBUG   [poll]    -> read  st2mot    
14:30:35.995  DEBUG   [poll]    <- read  st2mot     ret=0  data=['0x00', '0x00']
14:30:35.995  DEBUG   [poll]    -> read  st0cur    
14:30:36.000  DEBUG   [poll]    <- read  st0cur     ret=0  data=['0xfe', '0x01', '0x02', '0x02']
14:30:37.001  DEBUG   [poll]    -> read  st2mot    
14:30:37.004  DEBUG   [poll]    <- read  st2mot     ret=0  data=['0x00', '0x00']
14:30:37.005  DEBUG   [poll]    -> read  st0cur    
14:30:37.009  DEBUG   [poll]    <- read  st0cur     ret=0  data=['0xfe', '0x01', '0x01', '0x02']
14:30:38.011  DEBUG   [poll]    -> read  st2mot    
14:30:38.014  DEBUG   [poll]    <- read  st2mot     ret=0  data=['0x00', '0x00']
14:30:38.014  DEBUG   [poll]    -> read  st0cur    
14:30:38.018  DEBUG   [poll]    <- read  st0cur     ret=0  data=['0xfe', '0x01', '0x01', '0x02']
14:30:39.020  DEBUG   [poll]    -> read  st2mot    
14:30:39.023  DEBUG   [poll]    <- read  st2mot     ret=0  data=['0x00', '0x00']
14:30:39.024  DEBUG   [poll]    -> read  st0cur    
14:30:39.028  DEBUG   [poll]    <- read  st0cur     ret=0  data=['0xfe', '0x01', '0x01', '0x02']
14:30:40.029  DEBUG   [poll]    -> read  st2mot    
14:30:40.032  DEBUG   [poll]    <- read  st2mot     ret=0  data=['0x00', '0x00']
14:30:40.033  DEBUG   [poll]    -> read  st0cur    
14:30:40.037  DEBUG   [poll]    <- read  st0cur     ret=0  data=['0xfe', '0x01', '0x01', '0x02']
14:30:41.039  DEBUG   [poll]    -> read  st2mot    
14:30:41.042  DEBUG   [poll]    <- read  st2mot     ret=0  data=['0x00', '0x00']
14:30:41.042  DEBUG   [poll]    -> read  st0cur    
14:30:41.047  DEBUG   [poll]    <- read  st0cur     ret=0  data=['0xfd', '0x01', '0x01', '0x02']
14:30:42.048  DEBUG   [poll]    -> read  st2mot    
14:30:42.052  DEBUG   [poll]    <- read  st2mot     ret=0  data=['0x00', '0x00']
14:30:42.052  DEBUG   [poll]    -> read  st0cur    
14:30:42.056  DEBUG   [poll]    <- read  st0cur     ret=0  data=['0xfe', '0x01', '0x01', '0x02']
14:30:43.058  DEBUG   [poll]    -> read  st2mot    
14:30:43.061  DEBUG   [poll]    <- read  st2mot     ret=0  data=['0x00', '0x00']
14:30:43.061  DEBUG   [poll]    -> read  st0cur    
14:30:43.066  DEBUG   [poll]    <- read  st0cur     ret=0  data=['0xfe', '0x01', '0x01', '0x02']
14:30:44.067  DEBUG   [poll]    -> read  st2mot    
14:30:44.074  DEBUG   [poll]    <- read  st2mot     ret=0  data=['0x00', '0x00']
14:30:44.075  DEBUG   [poll]    -> read  st0cur    
14:30:44.079  DEBUG   [poll]    <- read  st0cur     ret=0  data=['0xfd', '0x01', '0x01', '0x02']
14:30:45.080  DEBUG   [poll]    -> read  st2mot    
14:30:45.084  DEBUG   [poll]    <- read  st2mot     ret=0  data=['0x00', '0x00']
14:30:45.084  DEBUG   [poll]    -> read  st0cur    
14:30:45.088  DEBUG   [poll]    <- read  st0cur     ret=0  data=['0xfe', '0x01', '0x01', '0x02']
14:30:46.090  DEBUG   [poll]    -> read  st2mot    
14:30:46.093  DEBUG   [poll]    <- read  st2mot     ret=0  data=['0x00', '0x00']
14:30:46.094  DEBUG   [poll]    -> read  st0cur    
14:30:46.098  DEBUG   [poll]    <- read  st0cur     ret=0  data=['0xfe', '0x01', '0x01', '0x02']
14:30:47.099  DEBUG   [poll]    -> read  st2mot    
14:30:47.103  DEBUG   [poll]    <- read  st2mot     ret=0  data=['0x00', '0x00']
14:30:47.103  DEBUG   [poll]    -> read  st0cur    
14:30:47.107  DEBUG   [poll]    <- read  st0cur     ret=0  data=['0xfe', '0x01', '0x01', '0x02']
14:30:48.109  DEBUG   [poll]    -> read  st2mot    
14:30:48.112  DEBUG   [poll]    <- read  st2mot     ret=0  data=['0x00', '0x00']
14:30:48.113  DEBUG   [poll]    -> read  st0cur    
14:30:48.117  DEBUG   [poll]    <- read  st0cur     ret=0  data=['0xfe', '0x01', '0x01', '0x02']
14:30:49.118  DEBUG   [poll]    -> read  st2mot    
14:30:49.125  DEBUG   [poll]    <- read  st2mot     ret=0  data=['0x00', '0x00']
14:30:49.126  DEBUG   [poll]    -> read  st0cur    
14:30:49.130  DEBUG   [poll]    <- read  st0cur     ret=0  data=['0xfe', '0x01', '0x01', '0x02']
14:30:50.131  DEBUG   [poll]    -> read  st2mot    
14:30:50.135  DEBUG   [poll]    <- read  st2mot     ret=0  data=['0x00', '0x00']
14:30:50.135  DEBUG   [poll]    -> read  st0cur    
14:30:50.139  DEBUG   [poll]    <- read  st0cur     ret=0  data=['0xfe', '0x01', '0x02', '0x02']
14:30:51.141  DEBUG   [poll]    -> read  st2mot    
14:30:51.144  DEBUG   [poll]    <- read  st2mot     ret=0  data=['0x00', '0x00']
14:30:51.144  DEBUG   [poll]    -> read  st0cur    
14:30:51.149  DEBUG   [poll]    <- read  st0cur     ret=0  data=['0xfe', '0x01', '0x01', '0x02']
14:30:52.150  DEBUG   [poll]    -> read  st2mot    
14:30:52.153  DEBUG   [poll]    <- read  st2mot     ret=0  data=['0x00', '0x00']
14:30:52.154  DEBUG   [poll]    -> read  st0cur    
14:30:52.158  DEBUG   [poll]    <- read  st0cur     ret=0  data=['0xfe', '0x01', '0x02', '0x02']
14:30:53.159  DEBUG   [poll]    -> read  st2mot    
14:30:53.163  DEBUG   [poll]    <- read  st2mot     ret=0  data=['0x00', '0x00']
14:30:53.163  DEBUG   [poll]    -> read  st0cur    
14:30:53.167  DEBUG   [poll]    <- read  st0cur     ret=0  data=['0xfe', '0x01', '0x01', '0x02']
14:30:54.169  DEBUG   [poll]    -> read  st2mot    
14:30:54.176  DEBUG   [poll]    <- read  st2mot     ret=0  data=['0x00', '0x00']
14:30:54.176  DEBUG   [poll]    -> read  st0cur    
14:30:54.181  DEBUG   [poll]    <- read  st0cur     ret=0  data=['0xfd', '0x01', '0x02', '0x02']
14:30:55.182  DEBUG   [poll]    -> read  st2mot    
14:30:55.185  DEBUG   [poll]    <- read  st2mot     ret=0  data=['0x00', '0x00']
14:30:55.186  DEBUG   [poll]    -> read  st0cur    
14:30:55.190  DEBUG   [poll]    <- read  st0cur     ret=0  data=['0xfe', '0x01', '0x01', '0x02']
14:30:56.191  DEBUG   [poll]    -> read  st2mot    
14:30:56.195  DEBUG   [poll]    <- read  st2mot     ret=0  data=['0x00', '0x00']
14:30:56.195  DEBUG   [poll]    -> read  st0cur    
14:30:56.199  DEBUG   [poll]    <- read  st0cur     ret=0  data=['0xfe', '0x01', '0x01', '0x02']
14:30:57.201  DEBUG   [poll]    -> read  st2mot    
14:30:57.204  DEBUG   [poll]    <- read  st2mot     ret=0  data=['0x00', '0x00']
14:30:57.205  DEBUG   [poll]    -> read  st0cur    
14:30:57.209  DEBUG   [poll]    <- read  st0cur     ret=0  data=['0xfe', '0x01', '0x01', '0x02']
14:30:58.210  DEBUG   [poll]    -> read  st2mot    
14:30:58.214  DEBUG   [poll]    <- read  st2mot     ret=0  data=['0x00', '0x00']
14:30:58.214  DEBUG   [poll]    -> read  st0cur    
14:30:58.218  DEBUG   [poll]    <- read  st0cur     ret=0  data=['0xfe', '0x01', '0x01', '0x02']
14:30:59.220  DEBUG   [poll]    -> read  st2mot    
14:30:59.226  DEBUG   [poll]    <- read  st2mot     ret=0  data=['0x00', '0x00']
14:30:59.227  DEBUG   [poll]    -> read  st0cur    
14:30:59.231  DEBUG   [poll]    <- read  st0cur     ret=0  data=['0xfe', '0x01', '0x01', '0x02']
14:31:00.233  DEBUG   [poll]    -> read  st2mot    
14:31:00.236  DEBUG   [poll]    <- read  st2mot     ret=0  data=['0x00', '0x00']
14:31:00.236  DEBUG   [poll]    -> read  st0cur    
14:31:00.241  DEBUG   [poll]    <- read  st0cur     ret=0  data=['0xfe', '0x01', '0x01', '0x02']
14:31:01.242  DEBUG   [poll]    -> read  st2mot    
14:31:01.245  DEBUG   [poll]    <- read  st2mot     ret=0  data=['0x00', '0x00']
14:31:01.245  DEBUG   [poll]    -> read  st0cur    
14:31:01.249  DEBUG   [poll]    <- read  st0cur     ret=0  data=['0xfe', '0x01', '0x01', '0x02']
14:31:01.472  INFO    client connected
14:31:01.472  DEBUG   [client]  -> read  st3mot    
14:31:01.476  DEBUG   [client]  <- read  st3mot     ret=0  data=['0x01', '0x00', '0x01', '0x07']
14:31:01.477  WARNING client disconnected — stopping motor
14:31:01.477  DEBUG   [client]  -> write cntl3mot   data=['0x00', '0x00']
14:31:01.481  INFO    client disconnected
14:31:02.250  DEBUG   [poll]    -> read  st2mot    
14:31:02.254  DEBUG   [poll]    <- read  st2mot     ret=0  data=['0x00', '0x00']
14:31:02.254  DEBUG   [poll]    -> read  st0cur    
14:31:02.258  DEBUG   [poll]    <- read  st0cur     ret=0  data=['0xfe', '0x01', '0x02', '0x02']
14:31:03.260  DEBUG   [poll]    -> read  st2mot    
14:31:03.263  DEBUG   [poll]    <- read  st2mot     ret=0  data=['0x00', '0x00']
14:31:03.264  DEBUG   [poll]    -> read  st0cur    
14:31:03.268  DEBUG   [poll]    <- read  st0cur     ret=0  data=['0xfd', '0x01', '0x01', '0x02']
14:31:04.270  DEBUG   [poll]    -> read  st2mot    
14:31:04.277  DEBUG   [poll]    <- read  st2mot     ret=0  data=['0x00', '0x00']
14:31:04.277  DEBUG   [poll]    -> read  st0cur    
14:31:04.282  DEBUG   [poll]    <- read  st0cur     ret=0  data=['0xfe', '0x01', '0x01', '0x02']
14:31:04.650  INFO    client connected
14:31:04.651  DEBUG   [client]  -> write cntl0mot   data=['0xf6', '0xfa']
14:31:04.654  DEBUG   [client]  -> write cntl3mot   data=['0x00', '0x00']
14:31:04.658  DEBUG   [client]  -> write cntl3mot   data=['0x03', '0xe8']
14:31:04.661  DEBUG   [client]  -> read  st2mot    
14:31:04.664  DEBUG   [client]  <- read  st2mot     ret=0  data=['0x00', '0x00']
14:31:04.665  DEBUG   [client]  -> read  st0cur    
14:31:04.672  DEBUG   [client]  <- read  st0cur     ret=0  data=['0xfd', '0x01', '0x01', '0x02']
14:31:04.862  DEBUG   [client]  -> read  st2mot    
14:31:04.865  DEBUG   [client]  <- read  st2mot     ret=0  data=['0x00', '0x00']
14:31:05.062  DEBUG   [client]  -> read  st2mot    
14:31:05.065  DEBUG   [client]  <- read  st2mot     ret=0  data=['0x00', '0x00']
14:31:05.262  DEBUG   [client]  -> read  st2mot    
14:31:05.266  DEBUG   [client]  <- read  st2mot     ret=0  data=['0x5e', '0x01']
14:31:05.283  DEBUG   [poll]    -> read  st2mot    
14:31:05.287  DEBUG   [poll]    <- read  st2mot     ret=0  data=['0x5e', '0x01']
14:31:05.287  DEBUG   [poll]    -> read  st0cur    
14:31:05.292  DEBUG   [poll]    <- read  st0cur     ret=0  data=['0xfd', '0x01', '0x01', '0x02']
14:31:05.462  DEBUG   [client]  -> read  st2mot    
14:31:05.465  DEBUG   [client]  <- read  st2mot     ret=0  data=['0x97', '0x04']
14:31:05.662  DEBUG   [client]  -> read  st2mot    
14:31:05.666  DEBUG   [client]  <- read  st2mot     ret=0  data=['0xfb', '0x04']
14:31:05.667  DEBUG   [client]  -> read  st0cur    
14:31:05.672  DEBUG   [client]  <- read  st0cur     ret=0  data=['0xf6', '0x01', '0xf8', '0x01']
14:31:05.862  DEBUG   [client]  -> read  st2mot    
14:31:05.866  DEBUG   [client]  <- read  st2mot     ret=0  data=['0x7e', '0x04']
14:31:06.062  DEBUG   [client]  -> read  st2mot    
14:31:06.066  DEBUG   [client]  <- read  st2mot     ret=0  data=['0x1a', '0x04']
14:31:06.262  DEBUG   [client]  -> read  st2mot    
14:31:06.266  DEBUG   [client]  <- read  st2mot     ret=0  data=['0xe8', '0x03']
14:31:06.293  DEBUG   [poll]    -> read  st2mot    
14:31:06.297  DEBUG   [poll]    <- read  st2mot     ret=0  data=['0xe8', '0x03']
14:31:06.297  DEBUG   [poll]    -> read  st0cur    
14:31:06.301  DEBUG   [poll]    <- read  st0cur     ret=0  data=['0xf6', '0x01', '0xf8', '0x01']
14:31:06.462  DEBUG   [client]  -> read  st2mot    
14:31:06.466  DEBUG   [client]  <- read  st2mot     ret=0  data=['0xcf', '0x03']
14:31:06.662  DEBUG   [client]  -> read  st2mot    
14:31:06.666  DEBUG   [client]  <- read  st2mot     ret=0  data=['0xcf', '0x03']
14:31:06.667  DEBUG   [client]  -> read  st0cur    
14:31:06.672  DEBUG   [client]  <- read  st0cur     ret=0  data=['0xf5', '0x01', '0xf7', '0x01']
14:31:06.862  DEBUG   [client]  -> read  st2mot    
14:31:06.866  DEBUG   [client]  <- read  st2mot     ret=0  data=['0xe8', '0x03']
14:31:07.062  DEBUG   [client]  -> read  st2mot    
14:31:07.066  DEBUG   [client]  <- read  st2mot     ret=0  data=['0xe8', '0x03']
14:31:07.262  DEBUG   [client]  -> read  st2mot    
14:31:07.266  DEBUG   [client]  <- read  st2mot     ret=0  data=['0x01', '0x04']
14:31:07.303  DEBUG   [poll]    -> read  st2mot    
14:31:07.306  DEBUG   [poll]    <- read  st2mot     ret=0  data=['0xe8', '0x03']
14:31:07.307  DEBUG   [poll]    -> read  st0cur    
14:31:07.311  DEBUG   [poll]    <- read  st0cur     ret=0  data=['0xf5', '0x01', '0xf7', '0x01']
14:31:07.462  DEBUG   [client]  -> read  st2mot    
14:31:07.466  DEBUG   [client]  <- read  st2mot     ret=0  data=['0xe8', '0x03']
14:31:07.662  DEBUG   [client]  -> read  st2mot    
14:31:07.666  DEBUG   [client]  <- read  st2mot     ret=0  data=['0xe8', '0x03']
14:31:07.667  DEBUG   [client]  -> read  st0cur    
14:31:07.672  DEBUG   [client]  <- read  st0cur     ret=0  data=['0xf7', '0x01', '0xf7', '0x01']
14:31:07.862  DEBUG   [client]  -> read  st2mot    
14:31:07.866  DEBUG   [client]  <- read  st2mot     ret=0  data=['0x01', '0x04']
14:31:08.062  DEBUG   [client]  -> read  st2mot    
14:31:08.066  DEBUG   [client]  <- read  st2mot     ret=0  data=['0xe8', '0x03']
14:31:08.262  DEBUG   [client]  -> read  st2mot    
14:31:08.266  DEBUG   [client]  <- read  st2mot     ret=0  data=['0xe8', '0x03']
14:31:08.313  DEBUG   [poll]    -> read  st2mot    
14:31:08.316  DEBUG   [poll]    <- read  st2mot     ret=0  data=['0xe8', '0x03']
14:31:08.316  DEBUG   [poll]    -> read  st0cur    
14:31:08.321  DEBUG   [poll]    <- read  st0cur     ret=0  data=['0xf7', '0x01', '0xf7', '0x01']
14:31:08.462  DEBUG   [client]  -> read  st2mot    
14:31:08.465  DEBUG   [client]  <- read  st2mot     ret=0  data=['0xe8', '0x03']
14:31:08.662  DEBUG   [client]  -> read  st2mot    
14:31:08.666  DEBUG   [client]  <- read  st2mot     ret=0  data=['0xe8', '0x03']
14:31:08.667  DEBUG   [client]  -> read  st0cur    
14:31:08.672  DEBUG   [client]  <- read  st0cur     ret=0  data=['0xf6', '0x01', '0xf7', '0x01']
14:31:08.862  DEBUG   [client]  -> read  st2mot    
14:31:08.866  DEBUG   [client]  <- read  st2mot     ret=0  data=['0xcf', '0x03']
14:31:09.062  DEBUG   [client]  -> read  st2mot    
14:31:09.066  DEBUG   [client]  <- read  st2mot     ret=0  data=['0xe8', '0x03']
14:31:09.262  DEBUG   [client]  -> read  st2mot    
14:31:09.269  DEBUG   [client]  <- read  st2mot     ret=0  data=['0xe8', '0x03']
14:31:09.322  DEBUG   [poll]    -> read  st2mot    
14:31:09.325  DEBUG   [poll]    <- read  st2mot     ret=0  data=['0xcf', '0x03']
14:31:09.325  DEBUG   [poll]    -> read  st0cur    
14:31:09.330  DEBUG   [poll]    <- read  st0cur     ret=0  data=['0xf6', '0x01', '0xf7', '0x01']
14:31:09.462  DEBUG   [client]  -> read  st2mot    
14:31:09.465  DEBUG   [client]  <- read  st2mot     ret=0  data=['0xcf', '0x03']
14:31:09.662  DEBUG   [client]  -> read  st2mot    
14:31:09.666  DEBUG   [client]  <- read  st2mot     ret=0  data=['0x01', '0x04']
14:31:09.667  DEBUG   [client]  -> read  st0cur    
14:31:09.672  DEBUG   [client]  <- read  st0cur     ret=0  data=['0xf6', '0x01', '0xf4', '0x01']
14:31:09.862  DEBUG   [client]  -> read  st2mot    
14:31:09.866  DEBUG   [client]  <- read  st2mot     ret=0  data=['0xe8', '0x03']
14:31:10.062  DEBUG   [client]  -> read  st2mot    
14:31:10.066  DEBUG   [client]  <- read  st2mot     ret=0  data=['0xcf', '0x03']
14:31:10.262  DEBUG   [client]  -> read  st2mot    
14:31:10.266  DEBUG   [client]  <- read  st2mot     ret=0  data=['0xe8', '0x03']
14:31:10.331  DEBUG   [poll]    -> read  st2mot    
14:31:10.335  DEBUG   [poll]    <- read  st2mot     ret=0  data=['0xe8', '0x03']
14:31:10.335  DEBUG   [poll]    -> read  st0cur    
14:31:10.339  DEBUG   [poll]    <- read  st0cur     ret=0  data=['0xf6', '0x01', '0xf4', '0x01']
14:31:10.462  DEBUG   [client]  -> read  st2mot    
14:31:10.465  DEBUG   [client]  <- read  st2mot     ret=0  data=['0xe8', '0x03']
14:31:10.662  DEBUG   [client]  -> read  st2mot    
14:31:10.666  DEBUG   [client]  <- read  st2mot     ret=0  data=['0xe8', '0x03']
14:31:10.667  DEBUG   [client]  -> read  st0cur    
14:31:10.672  DEBUG   [client]  <- read  st0cur     ret=0  data=['0xf5', '0x01', '0xf7', '0x01']
14:31:10.862  DEBUG   [client]  -> read  st2mot    
14:31:10.866  DEBUG   [client]  <- read  st2mot     ret=0  data=['0xe8', '0x03']
14:31:11.062  DEBUG   [client]  -> read  st2mot    
14:31:11.066  DEBUG   [client]  <- read  st2mot     ret=0  data=['0xcf', '0x03']
14:31:11.262  DEBUG   [client]  -> read  st2mot    
14:31:11.266  DEBUG   [client]  <- read  st2mot     ret=0  data=['0xe8', '0x03']
14:31:11.341  DEBUG   [poll]    -> read  st2mot    
14:31:11.344  DEBUG   [poll]    <- read  st2mot     ret=0  data=['0xe8', '0x03']
14:31:11.345  DEBUG   [poll]    -> read  st0cur    
14:31:11.349  DEBUG   [poll]    <- read  st0cur     ret=0  data=['0xf5', '0x01', '0xf7', '0x01']
14:31:11.462  DEBUG   [client]  -> read  st2mot    
14:31:11.465  DEBUG   [client]  <- read  st2mot     ret=0  data=['0xe8', '0x03']
14:31:11.467  DEBUG   [client]  -> write cntl3mot   data=['0x03', '0x20']
14:31:11.723  DEBUG   [client]  -> write cntl3mot   data=['0x02', '0x58']
14:31:11.978  DEBUG   [client]  -> write cntl3mot   data=['0x01', '0x90']
14:31:12.234  DEBUG   [client]  -> write cntl3mot   data=['0x00', '0xc8']
14:31:12.350  DEBUG   [poll]    -> read  st2mot    
14:31:12.354  DEBUG   [poll]    <- read  st2mot     ret=0  data=['0x77', '0x01']
14:31:12.354  DEBUG   [poll]    -> read  st0cur    
14:31:12.358  DEBUG   [poll]    <- read  st0cur     ret=0  data=['0xf6', '0x01', '0xf9', '0x01']
14:31:12.490  DEBUG   [client]  -> write cntl3mot   data=['0x00', '0x00']
14:31:12.494  WARNING client disconnected — stopping motor
14:31:12.495  DEBUG   [client]  -> write cntl3mot   data=['0x00', '0x00']
14:31:12.499  INFO    client disconnected
14:31:13.360  DEBUG   [poll]    -> read  st2mot    
14:31:13.363  DEBUG   [poll]    <- read  st2mot     ret=0  data=['0x00', '0x00']
14:31:13.364  DEBUG   [poll]    -> read  st0cur    
14:31:13.368  DEBUG   [poll]    <- read  st0cur     ret=0  data=['0xf8', '0x01', '0xfb', '0x01']
14:31:13.368  WARNING *** OBSERVED STALL SIGNATURE (not acted on yet) — current=-0.39A while rpm=0 ***
14:31:14.370  DEBUG   [poll]    -> read  st2mot    
14:31:14.377  DEBUG   [poll]    <- read  st2mot     ret=0  data=['0x00', '0x00']
14:31:14.378  DEBUG   [poll]    -> read  st0cur    
14:31:14.382  DEBUG   [poll]    <- read  st0cur     ret=0  data=['0xfd', '0x01', '0x00', '0x02']
14:31:15.383  DEBUG   [poll]    -> read  st2mot    
14:31:15.387  DEBUG   [poll]    <- read  st2mot     ret=0  data=['0x00', '0x00']
14:31:15.387  DEBUG   [poll]    -> read  st0cur    
14:31:15.392  DEBUG   [poll]    <- read  st0cur     ret=0  data=['0xfd', '0x01', '0x01', '0x02']
14:31:15.869  INFO    client connected
14:31:15.870  DEBUG   [client]  -> read  st3mot    
14:31:15.874  DEBUG   [client]  <- read  st3mot     ret=0  data=['0x01', '0x00', '0x01', '0x08']
14:31:15.874  WARNING client disconnected — stopping motor
14:31:15.875  DEBUG   [client]  -> write cntl3mot   data=['0x00', '0x00']
14:31:15.878  INFO    client disconnected
14:31:16.393  DEBUG   [poll]    -> read  st2mot    
14:31:16.396  DEBUG   [poll]    <- read  st2mot     ret=0  data=['0x00', '0x00']
14:31:16.397  DEBUG   [poll]    -> read  st0cur    
14:31:16.401  DEBUG   [poll]    <- read  st0cur     ret=0  data=['0xfd', '0x01', '0x01', '0x02']
14:31:17.402  DEBUG   [poll]    -> read  st2mot    
14:31:17.405  DEBUG   [poll]    <- read  st2mot     ret=0  data=['0x00', '0x00']
14:31:17.406  DEBUG   [poll]    -> read  st0cur    
14:31:17.410  DEBUG   [poll]    <- read  st0cur     ret=0  data=['0xfe', '0x01', '0x02', '0x02']
14:31:18.412  DEBUG   [poll]    -> read  st2mot    
14:31:18.415  DEBUG   [poll]    <- read  st2mot     ret=0  data=['0x00', '0x00']
14:31:18.415  DEBUG   [poll]    -> read  st0cur    
14:31:18.420  DEBUG   [poll]    <- read  st0cur     ret=0  data=['0xfd', '0x01', '0x01', '0x02']
14:31:19.421  DEBUG   [poll]    -> read  st2mot    
14:31:19.424  DEBUG   [poll]    <- read  st2mot     ret=0  data=['0x00', '0x00']
14:31:19.425  DEBUG   [poll]    -> read  st0cur    
14:31:19.429  DEBUG   [poll]    <- read  st0cur     ret=0  data=['0xfe', '0x01', '0x01', '0x02']
14:31:20.431  DEBUG   [poll]    -> read  st2mot    
14:31:20.434  DEBUG   [poll]    <- read  st2mot     ret=0  data=['0x00', '0x00']
14:31:20.435  DEBUG   [poll]    -> read  st0cur    
14:31:20.439  DEBUG   [poll]    <- read  st0cur     ret=0  data=['0xfe', '0x01', '0x01', '0x02']
14:31:21.440  DEBUG   [poll]    -> read  st2mot    
14:31:21.444  DEBUG   [poll]    <- read  st2mot     ret=0  data=['0x00', '0x00']
14:31:21.444  DEBUG   [poll]    -> read  st0cur    
14:31:21.448  DEBUG   [poll]    <- read  st0cur     ret=0  data=['0xfe', '0x01', '0x01', '0x02']
14:31:22.450  DEBUG   [poll]    -> read  st2mot    
14:31:22.453  DEBUG   [poll]    <- read  st2mot     ret=0  data=['0x00', '0x00']
14:31:22.453  DEBUG   [poll]    -> read  st0cur    
14:31:22.457  DEBUG   [poll]    <- read  st0cur     ret=0  data=['0xfd', '0x01', '0x01', '0x02']
14:31:23.458  DEBUG   [poll]    -> read  st2mot    
14:31:23.462  DEBUG   [poll]    <- read  st2mot     ret=0  data=['0x00', '0x00']
14:31:23.462  DEBUG   [poll]    -> read  st0cur    
14:31:23.466  DEBUG   [poll]    <- read  st0cur     ret=0  data=['0xfe', '0x01', '0x01', '0x02']
14:31:24.468  DEBUG   [poll]    -> read  st2mot    
14:31:24.475  DEBUG   [poll]    <- read  st2mot     ret=0  data=['0x00', '0x00']
14:31:24.475  DEBUG   [poll]    -> read  st0cur    
14:31:24.479  DEBUG   [poll]    <- read  st0cur     ret=0  data=['0xfe', '0x01', '0x01', '0x02']
14:31:25.481  DEBUG   [poll]    -> read  st2mot    
14:31:25.484  DEBUG   [poll]    <- read  st2mot     ret=0  data=['0x00', '0x00']
14:31:25.485  DEBUG   [poll]    -> read  st0cur    
14:31:25.489  DEBUG   [poll]    <- read  st0cur     ret=0  data=['0xfe', '0x01', '0x01', '0x02']
14:31:26.490  DEBUG   [poll]    -> read  st2mot    
14:31:26.494  DEBUG   [poll]    <- read  st2mot     ret=0  data=['0x00', '0x00']
14:31:26.494  DEBUG   [poll]    -> read  st0cur    
14:31:26.498  DEBUG   [poll]    <- read  st0cur     ret=0  data=['0xfe', '0x01', '0x01', '0x02']
14:31:27.500  DEBUG   [poll]    -> read  st2mot    
14:31:27.503  DEBUG   [poll]    <- read  st2mot     ret=0  data=['0x00', '0x00']
14:31:27.504  DEBUG   [poll]    -> read  st0cur    
14:31:27.508  DEBUG   [poll]    <- read  st0cur     ret=0  data=['0xfe', '0x01', '0x01', '0x02']
14:31:28.509  DEBUG   [poll]    -> read  st2mot    
14:31:28.513  DEBUG   [poll]    <- read  st2mot     ret=0  data=['0x00', '0x00']
14:31:28.513  DEBUG   [poll]    -> read  st0cur    
14:31:28.517  DEBUG   [poll]    <- read  st0cur     ret=0  data=['0xfe', '0x01', '0x02', '0x02']
14:31:29.519  DEBUG   [poll]    -> read  st2mot    
14:31:29.526  DEBUG   [poll]    <- read  st2mot     ret=0  data=['0x00', '0x00']
14:31:29.526  DEBUG   [poll]    -> read  st0cur    
14:31:29.530  DEBUG   [poll]    <- read  st0cur     ret=0  data=['0xfe', '0x01', '0x01', '0x02']
14:31:30.532  DEBUG   [poll]    -> read  st2mot    
14:31:30.535  DEBUG   [poll]    <- read  st2mot     ret=0  data=['0x00', '0x00']
14:31:30.535  DEBUG   [poll]    -> read  st0cur    
14:31:30.540  DEBUG   [poll]    <- read  st0cur     ret=0  data=['0xfe', '0x01', '0x01', '0x02']
14:31:31.541  DEBUG   [poll]    -> read  st2mot    
14:31:31.545  DEBUG   [poll]    <- read  st2mot     ret=0  data=['0x00', '0x00']
14:31:31.545  DEBUG   [poll]    -> read  st0cur    
14:31:31.549  DEBUG   [poll]    <- read  st0cur     ret=0  data=['0xfe', '0x01', '0x01', '0x02']
14:31:32.551  DEBUG   [poll]    -> read  st2mot    
14:31:32.554  DEBUG   [poll]    <- read  st2mot     ret=0  data=['0x00', '0x00']
14:31:32.554  DEBUG   [poll]    -> read  st0cur    
14:31:32.559  DEBUG   [poll]    <- read  st0cur     ret=0  data=['0xfe', '0x01', '0x01', '0x02']
14:31:33.560  DEBUG   [poll]    -> read  st2mot    
14:31:33.564  DEBUG   [poll]    <- read  st2mot     ret=0  data=['0x00', '0x00']
14:31:33.564  DEBUG   [poll]    -> read  st0cur    
14:31:33.568  DEBUG   [poll]    <- read  st0cur     ret=0  data=['0xfe', '0x01', '0x01', '0x02']
14:31:34.570  DEBUG   [poll]    -> read  st2mot    
14:31:34.577  DEBUG   [poll]    <- read  st2mot     ret=0  data=['0x00', '0x00']
14:31:34.578  DEBUG   [poll]    -> read  st0cur    
14:31:34.582  DEBUG   [poll]    <- read  st0cur     ret=0  data=['0xfe', '0x01', '0x01', '0x02']
14:31:35.584  DEBUG   [poll]    -> read  st2mot    
14:31:35.587  DEBUG   [poll]    <- read  st2mot     ret=0  data=['0x00', '0x00']
14:31:35.587  DEBUG   [poll]    -> read  st0cur    
14:31:35.592  DEBUG   [poll]    <- read  st0cur     ret=0  data=['0xfe', '0x01', '0x01', '0x02']
14:31:36.593  DEBUG   [poll]    -> read  st2mot    
14:31:36.596  DEBUG   [poll]    <- read  st2mot     ret=0  data=['0x00', '0x00']
14:31:36.597  DEBUG   [poll]    -> read  st0cur    
14:31:36.601  DEBUG   [poll]    <- read  st0cur     ret=0  data=['0xfe', '0x01', '0x01', '0x02']
14:31:37.603  DEBUG   [poll]    -> read  st2mot    
14:31:37.606  DEBUG   [poll]    <- read  st2mot     ret=0  data=['0x00', '0x00']
14:31:37.606  DEBUG   [poll]    -> read  st0cur    
14:31:37.611  DEBUG   [poll]    <- read  st0cur     ret=0  data=['0xfe', '0x01', '0x01', '0x02']
14:31:38.612  DEBUG   [poll]    -> read  st2mot    
14:31:38.615  DEBUG   [poll]    <- read  st2mot     ret=0  data=['0x00', '0x00']
14:31:38.616  DEBUG   [poll]    -> read  st0cur    
14:31:38.620  DEBUG   [poll]    <- read  st0cur     ret=0  data=['0xfe', '0x01', '0x01', '0x02']
14:31:39.621  DEBUG   [poll]    -> read  st2mot    
14:31:39.629  DEBUG   [poll]    <- read  st2mot     ret=0  data=['0x00', '0x00']
14:31:39.629  DEBUG   [poll]    -> read  st0cur    
14:31:39.633  DEBUG   [poll]    <- read  st0cur     ret=0  data=['0xfe', '0x01', '0x02', '0x02']
14:31:40.635  DEBUG   [poll]    -> read  st2mot    
14:31:40.638  DEBUG   [poll]    <- read  st2mot     ret=0  data=['0x00', '0x00']
14:31:40.638  DEBUG   [poll]    -> read  st0cur    
14:31:40.643  DEBUG   [poll]    <- read  st0cur     ret=0  data=['0xfe', '0x01', '0x01', '0x02']
14:31:41.644  DEBUG   [poll]    -> read  st2mot    
14:31:41.647  DEBUG   [poll]    <- read  st2mot     ret=0  data=['0x00', '0x00']
14:31:41.648  DEBUG   [poll]    -> read  st0cur    
14:31:41.652  DEBUG   [poll]    <- read  st0cur     ret=0  data=['0xfd', '0x01', '0x01', '0x02']
14:31:42.654  DEBUG   [poll]    -> read  st2mot    
14:31:42.657  DEBUG   [poll]    <- read  st2mot     ret=0  data=['0x00', '0x00']
14:31:42.657  DEBUG   [poll]    -> read  st0cur    
14:31:42.661  DEBUG   [poll]    <- read  st0cur     ret=0  data=['0xfe', '0x01', '0x01', '0x02']
14:31:43.663  DEBUG   [poll]    -> read  st2mot    
14:31:43.666  DEBUG   [poll]    <- read  st2mot     ret=0  data=['0x00', '0x00']
14:31:43.667  DEBUG   [poll]    -> read  st0cur    
14:31:43.671  DEBUG   [poll]    <- read  st0cur     ret=0  data=['0xfe', '0x01', '0x01', '0x02']
14:31:44.672  DEBUG   [poll]    -> read  st2mot    
14:31:44.679  DEBUG   [poll]    <- read  st2mot     ret=0  data=['0x00', '0x00']
14:31:44.679  DEBUG   [poll]    -> read  st0cur    
14:31:44.684  DEBUG   [poll]    <- read  st0cur     ret=0  data=['0xfe', '0x01', '0x01', '0x02']
14:31:45.685  DEBUG   [poll]    -> read  st2mot    
14:31:45.689  DEBUG   [poll]    <- read  st2mot     ret=0  data=['0x00', '0x00']
14:31:45.689  DEBUG   [poll]    -> read  st0cur    
14:31:45.693  DEBUG   [poll]    <- read  st0cur     ret=0  data=['0xfe', '0x01', '0x01', '0x02']
14:31:46.695  DEBUG   [poll]    -> read  st2mot    
14:31:46.698  DEBUG   [poll]    <- read  st2mot     ret=0  data=['0x00', '0x00']
14:31:46.698  DEBUG   [poll]    -> read  st0cur    
14:31:46.703  DEBUG   [poll]    <- read  st0cur     ret=0  data=['0xfe', '0x01', '0x01', '0x02']
14:31:47.704  DEBUG   [poll]    -> read  st2mot    
14:31:47.707  DEBUG   [poll]    <- read  st2mot     ret=0  data=['0x00', '0x00']
14:31:47.708  DEBUG   [poll]    -> read  st0cur    
14:31:47.712  DEBUG   [poll]    <- read  st0cur     ret=0  data=['0xfe', '0x01', '0x01', '0x02']
14:31:48.714  DEBUG   [poll]    -> read  st2mot    
14:31:48.717  DEBUG   [poll]    <- read  st2mot     ret=0  data=['0x00', '0x00']
14:31:48.717  DEBUG   [poll]    -> read  st0cur    
14:31:48.722  DEBUG   [poll]    <- read  st0cur     ret=0  data=['0xfd', '0x01', '0x02', '0x02']
14:31:49.723  DEBUG   [poll]    -> read  st2mot    
14:31:49.730  DEBUG   [poll]    <- read  st2mot     ret=0  data=['0x00', '0x00']
14:31:49.730  DEBUG   [poll]    -> read  st0cur    
14:31:49.735  DEBUG   [poll]    <- read  st0cur     ret=0  data=['0xfe', '0x01', '0x01', '0x02']
14:31:50.736  DEBUG   [poll]    -> read  st2mot    
14:31:50.739  DEBUG   [poll]    <- read  st2mot     ret=0  data=['0x00', '0x00']
14:31:50.740  DEBUG   [poll]    -> read  st0cur    
14:31:50.744  DEBUG   [poll]    <- read  st0cur     ret=0  data=['0xfe', '0x01', '0x02', '0x02']
14:31:51.389  INFO    client connected
14:31:51.390  DEBUG   [client]  -> read  st3mot    
14:31:51.394  DEBUG   [client]  <- read  st3mot     ret=0  data=['0x01', '0x00', '0x01', '0x08']
14:31:51.394  WARNING client disconnected — stopping motor
14:31:51.395  DEBUG   [client]  -> write cntl3mot   data=['0x00', '0x00']
14:31:51.398  INFO    client disconnected
14:31:51.745  DEBUG   [poll]    -> read  st2mot    
14:31:51.748  DEBUG   [poll]    <- read  st2mot     ret=0  data=['0x00', '0x00']
14:31:51.749  DEBUG   [poll]    -> read  st0cur    
14:31:51.752  DEBUG   [poll]    <- read  st0cur     ret=0  data=['0xfe', '0x01', '0x01', '0x02']
14:31:52.754  DEBUG   [poll]    -> read  st2mot    
14:31:52.757  DEBUG   [poll]    <- read  st2mot     ret=0  data=['0x00', '0x00']
14:31:52.758  DEBUG   [poll]    -> read  st0cur    
14:31:52.762  DEBUG   [poll]    <- read  st0cur     ret=0  data=['0xfe', '0x01', '0x01', '0x02']
14:31:53.763  DEBUG   [poll]    -> read  st2mot    
14:31:53.767  DEBUG   [poll]    <- read  st2mot     ret=0  data=['0x00', '0x00']
14:31:53.767  DEBUG   [poll]    -> read  st0cur    
14:31:53.771  DEBUG   [poll]    <- read  st0cur     ret=0  data=['0xfd', '0x01', '0x01', '0x02']
14:31:54.534  INFO    client connected
14:31:54.535  DEBUG   [client]  -> write cntl0mot   data=['0xf6', '0x00']
14:31:54.539  DEBUG   [client]  -> write cntl3mot   data=['0x00', '0x00']
14:31:54.542  DEBUG   [client]  -> write cntl3mot   data=['0x03', '0xe8']
14:31:54.548  DEBUG   [client]  -> read  st2mot    
14:31:54.551  DEBUG   [client]  <- read  st2mot     ret=0  data=['0x00', '0x00']
14:31:54.552  DEBUG   [client]  -> read  st0cur    
14:31:54.556  DEBUG   [client]  <- read  st0cur     ret=0  data=['0xfd', '0x01', '0x01', '0x02']
14:31:54.746  DEBUG   [client]  -> read  st2mot    
14:31:54.753  DEBUG   [client]  <- read  st2mot     ret=0  data=['0x00', '0x00']
14:31:54.773  DEBUG   [poll]    -> read  st2mot    
14:31:54.776  DEBUG   [poll]    <- read  st2mot     ret=0  data=['0x00', '0x00']
14:31:54.776  DEBUG   [poll]    -> read  st0cur    
14:31:54.780  DEBUG   [poll]    <- read  st0cur     ret=0  data=['0xfd', '0x01', '0x01', '0x02']
14:31:54.946  DEBUG   [client]  -> read  st2mot    
14:31:54.950  DEBUG   [client]  <- read  st2mot     ret=0  data=['0x00', '0x00']
14:31:55.147  DEBUG   [client]  -> read  st2mot    
14:31:55.150  DEBUG   [client]  <- read  st2mot     ret=0  data=['0xc8', '0x00']
14:31:55.347  DEBUG   [client]  -> read  st2mot    
14:31:55.350  DEBUG   [client]  <- read  st2mot     ret=0  data=['0xfb', '0x04']
14:31:55.547  DEBUG   [client]  -> read  st2mot    
14:31:55.550  DEBUG   [client]  <- read  st2mot     ret=0  data=['0x91', '0x05']
14:31:55.552  DEBUG   [client]  -> read  st0cur    
14:31:55.556  DEBUG   [client]  <- read  st0cur     ret=0  data=['0xf3', '0x01', '0xf6', '0x01']
14:31:55.746  DEBUG   [client]  -> read  st2mot    
14:31:55.750  DEBUG   [client]  <- read  st2mot     ret=0  data=['0xc9', '0x04']
14:31:55.782  DEBUG   [poll]    -> read  st2mot    
14:31:55.785  DEBUG   [poll]    <- read  st2mot     ret=0  data=['0x65', '0x04']
14:31:55.786  DEBUG   [poll]    -> read  st0cur    
14:31:55.790  DEBUG   [poll]    <- read  st0cur     ret=0  data=['0xf3', '0x01', '0xf6', '0x01']
14:31:55.946  DEBUG   [client]  -> read  st2mot    
14:31:55.950  DEBUG   [client]  <- read  st2mot     ret=0  data=['0x1a', '0x04']
14:31:56.146  DEBUG   [client]  -> read  st2mot    
14:31:56.150  DEBUG   [client]  <- read  st2mot     ret=0  data=['0xb6', '0x03']
14:31:56.347  DEBUG   [client]  -> read  st2mot    
14:31:56.350  DEBUG   [client]  <- read  st2mot     ret=0  data=['0xcf', '0x03']
14:31:56.547  DEBUG   [client]  -> read  st2mot    
14:31:56.550  DEBUG   [client]  <- read  st2mot     ret=0  data=['0xe8', '0x03']
14:31:56.552  DEBUG   [client]  -> read  st0cur    
14:31:56.556  DEBUG   [client]  <- read  st0cur     ret=0  data=['0xf5', '0x01', '0xf6', '0x01']
14:31:56.746  DEBUG   [client]  -> read  st2mot    
14:31:56.750  DEBUG   [client]  <- read  st2mot     ret=0  data=['0xe8', '0x03']
14:31:56.791  DEBUG   [poll]    -> read  st2mot    
14:31:56.795  DEBUG   [poll]    <- read  st2mot     ret=0  data=['0xe8', '0x03']
14:31:56.795  DEBUG   [poll]    -> read  st0cur    
14:31:56.799  DEBUG   [poll]    <- read  st0cur     ret=0  data=['0xf5', '0x01', '0xf6', '0x01']
14:31:56.946  DEBUG   [client]  -> read  st2mot    
14:31:56.950  DEBUG   [client]  <- read  st2mot     ret=0  data=['0xe8', '0x03']
14:31:57.146  DEBUG   [client]  -> read  st2mot    
14:31:57.150  DEBUG   [client]  <- read  st2mot     ret=0  data=['0x01', '0x04']
14:31:57.346  DEBUG   [client]  -> read  st2mot    
14:31:57.350  DEBUG   [client]  <- read  st2mot     ret=0  data=['0xe8', '0x03']
14:31:57.547  DEBUG   [client]  -> read  st2mot    
14:31:57.550  DEBUG   [client]  <- read  st2mot     ret=0  data=['0xe8', '0x03']
14:31:57.552  DEBUG   [client]  -> read  st0cur    
14:31:57.556  DEBUG   [client]  <- read  st0cur     ret=0  data=['0xf7', '0x01', '0xf8', '0x01']
14:31:57.746  DEBUG   [client]  -> read  st2mot    
14:31:57.750  DEBUG   [client]  <- read  st2mot     ret=0  data=['0xe8', '0x03']
14:31:57.801  DEBUG   [poll]    -> read  st2mot    
14:31:57.804  DEBUG   [poll]    <- read  st2mot     ret=0  data=['0xe8', '0x03']
14:31:57.805  DEBUG   [poll]    -> read  st0cur    
14:31:57.809  DEBUG   [poll]    <- read  st0cur     ret=0  data=['0xf7', '0x01', '0xf8', '0x01']
14:31:57.946  DEBUG   [client]  -> read  st2mot    
14:31:57.950  DEBUG   [client]  <- read  st2mot     ret=0  data=['0xe8', '0x03']
14:31:58.147  DEBUG   [client]  -> read  st2mot    
14:31:58.150  DEBUG   [client]  <- read  st2mot     ret=0  data=['0xe8', '0x03']
14:31:58.347  DEBUG   [client]  -> read  st2mot    
14:31:58.350  DEBUG   [client]  <- read  st2mot     ret=0  data=['0xe8', '0x03']
14:31:58.547  DEBUG   [client]  -> read  st2mot    
14:31:58.550  DEBUG   [client]  <- read  st2mot     ret=0  data=['0x01', '0x04']
14:31:58.552  DEBUG   [client]  -> read  st0cur    
14:31:58.556  DEBUG   [client]  <- read  st0cur     ret=0  data=['0xf6', '0x01', '0xf5', '0x01']
14:31:58.746  DEBUG   [client]  -> read  st2mot    
14:31:58.750  DEBUG   [client]  <- read  st2mot     ret=0  data=['0xe8', '0x03']
14:31:58.811  DEBUG   [poll]    -> read  st2mot    
14:31:58.814  DEBUG   [poll]    <- read  st2mot     ret=0  data=['0xe8', '0x03']
14:31:58.814  DEBUG   [poll]    -> read  st0cur    
14:31:58.819  DEBUG   [poll]    <- read  st0cur     ret=0  data=['0xf6', '0x01', '0xf5', '0x01']
14:31:58.946  DEBUG   [client]  -> read  st2mot    
14:31:58.950  DEBUG   [client]  <- read  st2mot     ret=0  data=['0xe8', '0x03']
14:31:59.146  DEBUG   [client]  -> read  st2mot    
14:31:59.150  DEBUG   [client]  <- read  st2mot     ret=0  data=['0xe8', '0x03']
14:31:59.346  DEBUG   [client]  -> read  st2mot    
14:31:59.350  DEBUG   [client]  <- read  st2mot     ret=0  data=['0xe8', '0x03']
14:31:59.547  DEBUG   [client]  -> read  st2mot    
14:31:59.550  DEBUG   [client]  <- read  st2mot     ret=0  data=['0xe8', '0x03']
14:31:59.552  DEBUG   [client]  -> read  st0cur    
14:31:59.556  DEBUG   [client]  <- read  st0cur     ret=0  data=['0xf4', '0x01', '0xf6', '0x01']
14:31:59.747  DEBUG   [client]  -> read  st2mot    
14:31:59.753  DEBUG   [client]  <- read  st2mot     ret=0  data=['0xcf', '0x03']
14:31:59.820  DEBUG   [poll]    -> read  st2mot    
14:31:59.824  DEBUG   [poll]    <- read  st2mot     ret=0  data=['0xcf', '0x03']
14:31:59.824  DEBUG   [poll]    -> read  st0cur    
14:31:59.829  DEBUG   [poll]    <- read  st0cur     ret=0  data=['0xf4', '0x01', '0xf6', '0x01']
14:31:59.946  DEBUG   [client]  -> read  st2mot    
14:31:59.950  DEBUG   [client]  <- read  st2mot     ret=0  data=['0xe8', '0x03']
14:32:00.147  DEBUG   [client]  -> read  st2mot    
14:32:00.150  DEBUG   [client]  <- read  st2mot     ret=0  data=['0xe8', '0x03']
14:32:00.347  DEBUG   [client]  -> read  st2mot    
14:32:00.350  DEBUG   [client]  <- read  st2mot     ret=0  data=['0xe8', '0x03']
14:32:00.547  DEBUG   [client]  -> read  st2mot    
14:32:00.550  DEBUG   [client]  <- read  st2mot     ret=0  data=['0xe8', '0x03']
14:32:00.552  DEBUG   [client]  -> read  st0cur    
14:32:00.556  DEBUG   [client]  <- read  st0cur     ret=0  data=['0xf5', '0x01', '0xf8', '0x01']
14:32:00.747  DEBUG   [client]  -> read  st2mot    
14:32:00.750  DEBUG   [client]  <- read  st2mot     ret=0  data=['0xe8', '0x03']
14:32:00.830  DEBUG   [poll]    -> read  st2mot    
14:32:00.833  DEBUG   [poll]    <- read  st2mot     ret=0  data=['0xcf', '0x03']
14:32:00.834  DEBUG   [poll]    -> read  st0cur    
14:32:00.838  DEBUG   [poll]    <- read  st0cur     ret=0  data=['0xf5', '0x01', '0xf8', '0x01']
14:32:00.946  DEBUG   [client]  -> read  st2mot    
14:32:00.950  DEBUG   [client]  <- read  st2mot     ret=0  data=['0xe8', '0x03']
14:32:01.147  DEBUG   [client]  -> read  st2mot    
14:32:01.150  DEBUG   [client]  <- read  st2mot     ret=0  data=['0xe8', '0x03']
14:32:01.347  DEBUG   [client]  -> read  st2mot    
14:32:01.350  DEBUG   [client]  <- read  st2mot     ret=0  data=['0xe8', '0x03']
14:32:01.352  DEBUG   [client]  -> write cntl3mot   data=['0x03', '0x20']
14:32:01.607  DEBUG   [client]  -> write cntl3mot   data=['0x02', '0x58']
14:32:01.839  DEBUG   [poll]    -> read  st2mot    
14:32:01.843  DEBUG   [poll]    <- read  st2mot     ret=0  data=['0xbc', '0x02']
14:32:01.843  DEBUG   [poll]    -> read  st0cur    
14:32:01.847  DEBUG   [poll]    <- read  st0cur     ret=0  data=['0xf7', '0x01', '0xf8', '0x01']
14:32:01.863  DEBUG   [client]  -> write cntl3mot   data=['0x01', '0x90']
14:32:02.119  DEBUG   [client]  -> write cntl3mot   data=['0x00', '0xc8']
14:32:02.374  DEBUG   [client]  -> write cntl3mot   data=['0x00', '0x00']
14:32:02.379  WARNING client disconnected — stopping motor
14:32:02.380  DEBUG   [client]  -> write cntl3mot   data=['0x00', '0x00']
14:32:02.384  INFO    client disconnected
14:32:02.849  DEBUG   [poll]    -> read  st2mot    
14:32:02.852  DEBUG   [poll]    <- read  st2mot     ret=0  data=['0x00', '0x00']
14:32:02.853  DEBUG   [poll]    -> read  st0cur    
14:32:02.857  DEBUG   [poll]    <- read  st0cur     ret=0  data=['0xf9', '0x01', '0xfd', '0x01']
14:32:02.857  WARNING *** OBSERVED STALL SIGNATURE (not acted on yet) — current=-0.34A while rpm=0 ***
14:32:03.859  DEBUG   [poll]    -> read  st2mot    
14:32:03.863  DEBUG   [poll]    <- read  st2mot     ret=0  data=['0x00', '0x00']
14:32:03.863  DEBUG   [poll]    -> read  st0cur    
14:32:03.867  DEBUG   [poll]    <- read  st0cur     ret=0  data=['0xfd', '0x01', '0x01', '0x02']
14:32:04.869  DEBUG   [poll]    -> read  st2mot    
14:32:04.872  DEBUG   [poll]    <- read  st2mot     ret=0  data=['0x00', '0x00']
14:32:04.872  DEBUG   [poll]    -> read  st0cur    
14:32:04.877  DEBUG   [poll]    <- read  st0cur     ret=0  data=['0xfe', '0x01', '0x01', '0x02']
14:32:05.741  INFO    client connected
14:32:05.742  DEBUG   [client]  -> read  st3mot    
14:32:05.746  DEBUG   [client]  <- read  st3mot     ret=0  data=['0x01', '0x00', '0x01', '0x09']
14:32:05.746  WARNING client disconnected — stopping motor
14:32:05.746  DEBUG   [client]  -> write cntl3mot   data=['0x00', '0x00']
14:32:05.750  INFO    client disconnected
14:32:05.878  DEBUG   [poll]    -> read  st2mot    
14:32:05.881  DEBUG   [poll]    <- read  st2mot     ret=0  data=['0x00', '0x00']
14:32:05.882  DEBUG   [poll]    -> read  st0cur    
14:32:05.885  DEBUG   [poll]    <- read  st0cur     ret=0  data=['0xfe', '0x01', '0x01', '0x02']
14:32:06.887  DEBUG   [poll]    -> read  st2mot    
14:32:06.890  DEBUG   [poll]    <- read  st2mot     ret=0  data=['0x00', '0x00']
14:32:06.891  DEBUG   [poll]    -> read  st0cur    
14:32:06.895  DEBUG   [poll]    <- read  st0cur     ret=0  data=['0xfd', '0x01', '0x01', '0x02']
14:32:07.897  DEBUG   [poll]    -> read  st2mot    
14:32:07.900  DEBUG   [poll]    <- read  st2mot     ret=0  data=['0x00', '0x00']
14:32:07.900  DEBUG   [poll]    -> read  st0cur    
14:32:07.905  DEBUG   [poll]    <- read  st0cur     ret=0  data=['0xfe', '0x01', '0x01', '0x02']
14:32:08.906  DEBUG   [poll]    -> read  st2mot    
14:32:08.910  DEBUG   [poll]    <- read  st2mot     ret=0  data=['0x00', '0x00']
14:32:08.910  DEBUG   [poll]    -> read  st0cur    
14:32:08.914  DEBUG   [poll]    <- read  st0cur     ret=0  data=['0xfd', '0x01', '0x01', '0x02']
14:32:09.916  DEBUG   [poll]    -> read  st2mot    
14:32:09.919  DEBUG   [poll]    <- read  st2mot     ret=0  data=['0x00', '0x00']
14:32:09.920  DEBUG   [poll]    -> read  st0cur    
14:32:09.924  DEBUG   [poll]    <- read  st0cur     ret=0  data=['0xfe', '0x01', '0x01', '0x02']
14:32:10.926  DEBUG   [poll]    -> read  st2mot    
14:32:10.929  DEBUG   [poll]    <- read  st2mot     ret=0  data=['0x00', '0x00']
14:32:10.929  DEBUG   [poll]    -> read  st0cur    
14:32:10.934  DEBUG   [poll]    <- read  st0cur     ret=0  data=['0xfd', '0x01', '0x01', '0x02']
14:32:11.935  DEBUG   [poll]    -> read  st2mot    
14:32:11.939  DEBUG   [poll]    <- read  st2mot     ret=0  data=['0x00', '0x00']
14:32:11.939  DEBUG   [poll]    -> read  st0cur    
14:32:11.943  DEBUG   [poll]    <- read  st0cur     ret=0  data=['0xfe', '0x01', '0x01', '0x02']
14:32:12.945  DEBUG   [poll]    -> read  st2mot    
14:32:12.948  DEBUG   [poll]    <- read  st2mot     ret=0  data=['0x00', '0x00']
14:32:12.948  DEBUG   [poll]    -> read  st0cur    
14:32:12.953  DEBUG   [poll]    <- read  st0cur     ret=0  data=['0xfe', '0x01', '0x01', '0x02']
14:32:13.954  DEBUG   [poll]    -> read  st2mot    
14:32:13.957  DEBUG   [poll]    <- read  st2mot     ret=0  data=['0x00', '0x00']
14:32:13.958  DEBUG   [poll]    -> read  st0cur    
14:32:13.962  DEBUG   [poll]    <- read  st0cur     ret=0  data=['0xfe', '0x01', '0x01', '0x02']
14:32:14.963  DEBUG   [poll]    -> read  st2mot    
14:32:14.970  DEBUG   [poll]    <- read  st2mot     ret=0  data=['0x00', '0x00']
14:32:14.970  DEBUG   [poll]    -> read  st0cur    
14:32:14.974  DEBUG   [poll]    <- read  st0cur     ret=0  data=['0xfe', '0x01', '0x01', '0x02']
14:32:15.976  DEBUG   [poll]    -> read  st2mot    
14:32:15.979  DEBUG   [poll]    <- read  st2mot     ret=0  data=['0x00', '0x00']
14:32:15.980  DEBUG   [poll]    -> read  st0cur    
14:32:15.984  DEBUG   [poll]    <- read  st0cur     ret=0  data=['0xfd', '0x01', '0x01', '0x02']
14:32:16.985  DEBUG   [poll]    -> read  st2mot    
14:32:16.989  DEBUG   [poll]    <- read  st2mot     ret=0  data=['0x00', '0x00']
14:32:16.989  DEBUG   [poll]    -> read  st0cur    
14:32:16.993  DEBUG   [poll]    <- read  st0cur     ret=0  data=['0xfd', '0x01', '0x01', '0x02']
14:32:17.995  DEBUG   [poll]    -> read  st2mot    
14:32:17.998  DEBUG   [poll]    <- read  st2mot     ret=0  data=['0x00', '0x00']
14:32:17.999  DEBUG   [poll]    -> read  st0cur    
14:32:18.003  DEBUG   [poll]    <- read  st0cur     ret=0  data=['0xfe', '0x01', '0x02', '0x02']
14:32:19.004  DEBUG   [poll]    -> read  st2mot    
14:32:19.008  DEBUG   [poll]    <- read  st2mot     ret=0  data=['0x00', '0x00']
14:32:19.008  DEBUG   [poll]    -> read  st0cur    
14:32:19.012  DEBUG   [poll]    <- read  st0cur     ret=0  data=['0xfe', '0x01', '0x01', '0x02']
14:32:20.014  DEBUG   [poll]    -> read  st2mot    
14:32:20.021  DEBUG   [poll]    <- read  st2mot     ret=0  data=['0x00', '0x00']
14:32:20.021  DEBUG   [poll]    -> read  st0cur    
14:32:20.025  DEBUG   [poll]    <- read  st0cur     ret=0  data=['0xfe', '0x01', '0x02', '0x02']
14:32:21.027  DEBUG   [poll]    -> read  st2mot    
14:32:21.030  DEBUG   [poll]    <- read  st2mot     ret=0  data=['0x00', '0x00']
14:32:21.030  DEBUG   [poll]    -> read  st0cur    
14:32:21.035  DEBUG   [poll]    <- read  st0cur     ret=0  data=['0xfd', '0x01', '0x02', '0x02']
14:32:22.036  DEBUG   [poll]    -> read  st2mot    
14:32:22.039  DEBUG   [poll]    <- read  st2mot     ret=0  data=['0x00', '0x00']
14:32:22.040  DEBUG   [poll]    -> read  st0cur    
14:32:22.044  DEBUG   [poll]    <- read  st0cur     ret=0  data=['0xfd', '0x01', '0x02', '0x02']
14:32:23.045  DEBUG   [poll]    -> read  st2mot    
14:32:23.049  DEBUG   [poll]    <- read  st2mot     ret=0  data=['0x00', '0x00']
14:32:23.049  DEBUG   [poll]    -> read  st0cur    
14:32:23.053  DEBUG   [poll]    <- read  st0cur     ret=0  data=['0xfe', '0x01', '0x01', '0x02']
14:32:24.055  DEBUG   [poll]    -> read  st2mot    
14:32:24.058  DEBUG   [poll]    <- read  st2mot     ret=0  data=['0x00', '0x00']
14:32:24.059  DEBUG   [poll]    -> read  st0cur    
14:32:24.063  DEBUG   [poll]    <- read  st0cur     ret=0  data=['0xfd', '0x01', '0x01', '0x02']
14:32:25.064  DEBUG   [poll]    -> read  st2mot    
14:32:25.072  DEBUG   [poll]    <- read  st2mot     ret=0  data=['0x00', '0x00']
14:32:25.072  DEBUG   [poll]    -> read  st0cur    
14:32:25.077  DEBUG   [poll]    <- read  st0cur     ret=0  data=['0xfe', '0x01', '0x01', '0x02']
14:32:26.078  DEBUG   [poll]    -> read  st2mot    
14:32:26.082  DEBUG   [poll]    <- read  st2mot     ret=0  data=['0x00', '0x00']
14:32:26.082  DEBUG   [poll]    -> read  st0cur    
14:32:26.086  DEBUG   [poll]    <- read  st0cur     ret=0  data=['0xfe', '0x01', '0x01', '0x02']
14:32:27.088  DEBUG   [poll]    -> read  st2mot    
14:32:27.091  DEBUG   [poll]    <- read  st2mot     ret=0  data=['0x00', '0x00']
14:32:27.092  DEBUG   [poll]    -> read  st0cur    
14:32:27.096  DEBUG   [poll]    <- read  st0cur     ret=0  data=['0xfe', '0x01', '0x01', '0x02']
14:32:28.097  DEBUG   [poll]    -> read  st2mot    
14:32:28.101  DEBUG   [poll]    <- read  st2mot     ret=0  data=['0x00', '0x00']
14:32:28.101  DEBUG   [poll]    -> read  st0cur    
14:32:28.105  DEBUG   [poll]    <- read  st0cur     ret=0  data=['0xfe', '0x01', '0x01', '0x02']
14:32:28.268  INFO    client connected
14:32:28.268  DEBUG   [client]  -> read  st3mot    
14:32:28.272  DEBUG   [client]  <- read  st3mot     ret=0  data=['0x01', '0x00', '0x01', '0x09']
14:32:28.273  WARNING client disconnected — stopping motor
14:32:28.273  DEBUG   [client]  -> write cntl3mot   data=['0x00', '0x00']
14:32:28.277  INFO    client disconnected
14:32:29.107  DEBUG   [poll]    -> read  st2mot    
14:32:29.110  DEBUG   [poll]    <- read  st2mot     ret=0  data=['0x00', '0x00']
14:32:29.111  DEBUG   [poll]    -> read  st0cur    
14:32:29.115  DEBUG   [poll]    <- read  st0cur     ret=0  data=['0xfd', '0x01', '0x01', '0x02']
14:32:30.116  DEBUG   [poll]    -> read  st2mot    
14:32:30.124  DEBUG   [poll]    <- read  st2mot     ret=0  data=['0x00', '0x00']
14:32:30.124  DEBUG   [poll]    -> read  st0cur    
14:32:30.128  DEBUG   [poll]    <- read  st0cur     ret=0  data=['0xfe', '0x01', '0x02', '0x02']
14:32:31.130  DEBUG   [poll]    -> read  st2mot    
14:32:31.133  DEBUG   [poll]    <- read  st2mot     ret=0  data=['0x00', '0x00']
14:32:31.133  DEBUG   [poll]    -> read  st0cur    
14:32:31.137  DEBUG   [poll]    <- read  st0cur     ret=0  data=['0xfe', '0x01', '0x01', '0x02']
14:32:31.558  INFO    client connected
14:32:31.559  DEBUG   [client]  -> write cntl0mot   data=['0x00', '0x00']
14:32:31.563  DEBUG   [client]  -> write cntl3mot   data=['0x00', '0x00']
14:32:31.566  DEBUG   [client]  -> write cntl3mot   data=['0x03', '0xe8']
14:32:31.570  DEBUG   [client]  -> read  st2mot    
14:32:31.573  DEBUG   [client]  <- read  st2mot     ret=0  data=['0x00', '0x00']
14:32:31.574  DEBUG   [client]  -> read  st0cur    
14:32:31.578  DEBUG   [client]  <- read  st0cur     ret=0  data=['0xfe', '0x01', '0x01', '0x02']
14:32:31.770  DEBUG   [client]  -> read  st2mot    
14:32:31.773  DEBUG   [client]  <- read  st2mot     ret=0  data=['0x32', '0x00']
14:32:31.970  DEBUG   [client]  -> read  st2mot    
14:32:31.973  DEBUG   [client]  <- read  st2mot     ret=0  data=['0x6b', '0x03']
14:32:32.139  DEBUG   [poll]    -> read  st2mot    
14:32:32.142  DEBUG   [poll]    <- read  st2mot     ret=0  data=['0x39', '0x03']
14:32:32.142  DEBUG   [poll]    -> read  st0cur    
14:32:32.146  DEBUG   [poll]    <- read  st0cur     ret=0  data=['0xfd', '0x01', '0x01', '0x02']
14:32:32.170  DEBUG   [client]  -> read  st2mot    
14:32:32.173  DEBUG   [client]  <- read  st2mot     ret=0  data=['0x39', '0x03']
14:32:32.370  DEBUG   [client]  -> read  st2mot    
14:32:32.374  DEBUG   [client]  <- read  st2mot     ret=0  data=['0x39', '0x03']
14:32:32.570  DEBUG   [client]  -> read  st2mot    
14:32:32.574  DEBUG   [client]  <- read  st2mot     ret=0  data=['0xcf', '0x03']
14:32:32.575  DEBUG   [client]  -> read  st0cur    
14:32:32.580  DEBUG   [client]  <- read  st0cur     ret=0  data=['0xfd', '0x01', '0x01', '0x02']
14:32:32.770  DEBUG   [client]  -> read  st2mot    
14:32:32.774  DEBUG   [client]  <- read  st2mot     ret=0  data=['0xcf', '0x03']
14:32:32.970  DEBUG   [client]  -> read  st2mot    
14:32:32.974  DEBUG   [client]  <- read  st2mot     ret=0  data=['0xb6', '0x03']
14:32:33.147  DEBUG   [poll]    -> read  st2mot    
14:32:33.151  DEBUG   [poll]    <- read  st2mot     ret=0  data=['0xe8', '0x03']
14:32:33.151  DEBUG   [poll]    -> read  st0cur    
14:32:33.155  DEBUG   [poll]    <- read  st0cur     ret=0  data=['0xf5', '0x01', '0xf5', '0x01']
14:32:33.170  DEBUG   [client]  -> read  st2mot    
14:32:33.174  DEBUG   [client]  <- read  st2mot     ret=0  data=['0xcf', '0x03']
14:32:33.370  DEBUG   [client]  -> read  st2mot    
14:32:33.374  DEBUG   [client]  <- read  st2mot     ret=0  data=['0xe8', '0x03']
14:32:33.570  DEBUG   [client]  -> read  st2mot    
14:32:33.574  DEBUG   [client]  <- read  st2mot     ret=0  data=['0xe8', '0x03']
14:32:33.575  DEBUG   [client]  -> read  st0cur    
14:32:33.580  DEBUG   [client]  <- read  st0cur     ret=0  data=['0xf5', '0x01', '0xf5', '0x01']
14:32:33.770  DEBUG   [client]  -> read  st2mot    
14:32:33.774  DEBUG   [client]  <- read  st2mot     ret=0  data=['0x01', '0x04']
14:32:33.970  DEBUG   [client]  -> read  st2mot    
14:32:33.974  DEBUG   [client]  <- read  st2mot     ret=0  data=['0xe8', '0x03']
14:32:34.157  DEBUG   [poll]    -> read  st2mot    
14:32:34.160  DEBUG   [poll]    <- read  st2mot     ret=0  data=['0xcf', '0x03']
14:32:34.161  DEBUG   [poll]    -> read  st0cur    
14:32:34.165  DEBUG   [poll]    <- read  st0cur     ret=0  data=['0xf7', '0x01', '0xf7', '0x01']
14:32:34.170  DEBUG   [client]  -> read  st2mot    
14:32:34.174  DEBUG   [client]  <- read  st2mot     ret=0  data=['0xcf', '0x03']
14:32:34.370  DEBUG   [client]  -> read  st2mot    
14:32:34.374  DEBUG   [client]  <- read  st2mot     ret=0  data=['0xe8', '0x03']
14:32:34.570  DEBUG   [client]  -> read  st2mot    
14:32:34.574  DEBUG   [client]  <- read  st2mot     ret=0  data=['0xe8', '0x03']
14:32:34.575  DEBUG   [client]  -> read  st0cur    
14:32:34.580  DEBUG   [client]  <- read  st0cur     ret=0  data=['0xf7', '0x01', '0xf7', '0x01']
14:32:34.770  DEBUG   [client]  -> read  st2mot    
14:32:34.774  DEBUG   [client]  <- read  st2mot     ret=0  data=['0xe8', '0x03']
14:32:34.970  DEBUG   [client]  -> read  st2mot    
14:32:34.974  DEBUG   [client]  <- read  st2mot     ret=0  data=['0xe8', '0x03']
14:32:35.166  DEBUG   [poll]    -> read  st2mot    
14:32:35.175  DEBUG   [poll]    <- read  st2mot     ret=0  data=['0xe8', '0x03']
14:32:35.175  DEBUG   [poll]    -> read  st0cur    
14:32:35.179  DEBUG   [poll]    <- read  st0cur     ret=0  data=['0xf6', '0x01', '0xf7', '0x01']
14:32:35.180  DEBUG   [client]  -> read  st2mot    
14:32:35.183  DEBUG   [client]  <- read  st2mot     ret=0  data=['0xe8', '0x03']
14:32:35.370  DEBUG   [client]  -> read  st2mot    
14:32:35.374  DEBUG   [client]  <- read  st2mot     ret=0  data=['0xe8', '0x03']
14:32:35.570  DEBUG   [client]  -> read  st2mot    
14:32:35.574  DEBUG   [client]  <- read  st2mot     ret=0  data=['0x01', '0x04']
14:32:35.576  DEBUG   [client]  -> read  st0cur    
14:32:35.580  DEBUG   [client]  <- read  st0cur     ret=0  data=['0xf6', '0x01', '0xf7', '0x01']
14:32:35.770  DEBUG   [client]  -> read  st2mot    
14:32:35.774  DEBUG   [client]  <- read  st2mot     ret=0  data=['0xcf', '0x03']
14:32:35.970  DEBUG   [client]  -> read  st2mot    
14:32:35.974  DEBUG   [client]  <- read  st2mot     ret=0  data=['0xe8', '0x03']
14:32:36.170  DEBUG   [client]  -> read  st2mot    
14:32:36.174  DEBUG   [client]  <- read  st2mot     ret=0  data=['0x01', '0x04']
14:32:36.181  DEBUG   [poll]    -> read  st2mot    
14:32:36.184  DEBUG   [poll]    <- read  st2mot     ret=0  data=['0x01', '0x04']
14:32:36.185  DEBUG   [poll]    -> read  st0cur    
14:32:36.189  DEBUG   [poll]    <- read  st0cur     ret=0  data=['0xf6', '0x01', '0xf7', '0x01']
14:32:36.370  DEBUG   [client]  -> read  st2mot    
14:32:36.374  DEBUG   [client]  <- read  st2mot     ret=0  data=['0xe8', '0x03']
14:32:36.570  DEBUG   [client]  -> read  st2mot    
14:32:36.574  DEBUG   [client]  <- read  st2mot     ret=0  data=['0xe8', '0x03']
14:32:36.576  DEBUG   [client]  -> read  st0cur    
14:32:36.580  DEBUG   [client]  <- read  st0cur     ret=0  data=['0xf6', '0x01', '0xf7', '0x01']
14:32:36.770  DEBUG   [client]  -> read  st2mot    
14:32:36.774  DEBUG   [client]  <- read  st2mot     ret=0  data=['0xe8', '0x03']
14:32:36.970  DEBUG   [client]  -> read  st2mot    
14:32:36.974  DEBUG   [client]  <- read  st2mot     ret=0  data=['0xe8', '0x03']
14:32:37.170  DEBUG   [client]  -> read  st2mot    
14:32:37.174  DEBUG   [client]  <- read  st2mot     ret=0  data=['0xe8', '0x03']
14:32:37.190  DEBUG   [poll]    -> read  st2mot    
14:32:37.194  DEBUG   [poll]    <- read  st2mot     ret=0  data=['0xe8', '0x03']
14:32:37.194  DEBUG   [poll]    -> read  st0cur    
14:32:37.199  DEBUG   [poll]    <- read  st0cur     ret=0  data=['0xf5', '0x01', '0xf6', '0x01']
14:32:37.370  DEBUG   [client]  -> read  st2mot    
14:32:37.374  DEBUG   [client]  <- read  st2mot     ret=0  data=['0x01', '0x04']
14:32:37.570  DEBUG   [client]  -> read  st2mot    
14:32:37.574  DEBUG   [client]  <- read  st2mot     ret=0  data=['0xe8', '0x03']
14:32:37.576  DEBUG   [client]  -> read  st0cur    
14:32:37.580  DEBUG   [client]  <- read  st0cur     ret=0  data=['0xf5', '0x01', '0xf6', '0x01']
14:32:37.770  DEBUG   [client]  -> read  st2mot    
14:32:37.774  DEBUG   [client]  <- read  st2mot     ret=0  data=['0xe8', '0x03']
14:32:37.970  DEBUG   [client]  -> read  st2mot    
14:32:37.974  DEBUG   [client]  <- read  st2mot     ret=0  data=['0xe8', '0x03']
14:32:38.170  DEBUG   [client]  -> read  st2mot    
14:32:38.174  DEBUG   [client]  <- read  st2mot     ret=0  data=['0xcf', '0x03']
14:32:38.201  DEBUG   [poll]    -> read  st2mot    
14:32:38.204  DEBUG   [poll]    <- read  st2mot     ret=0  data=['0xcf', '0x03']
14:32:38.205  DEBUG   [poll]    -> read  st0cur    
14:32:38.209  DEBUG   [poll]    <- read  st0cur     ret=0  data=['0xf5', '0x01', '0xf7', '0x01']
14:32:38.370  DEBUG   [client]  -> read  st2mot    
14:32:38.374  DEBUG   [client]  <- read  st2mot     ret=0  data=['0xe8', '0x03']
14:32:38.375  DEBUG   [client]  -> write cntl3mot   data=['0x03', '0x20']
14:32:38.631  DEBUG   [client]  -> write cntl3mot   data=['0x02', '0x58']
14:32:38.886  DEBUG   [client]  -> write cntl3mot   data=['0x01', '0x90']
14:32:39.142  DEBUG   [client]  -> write cntl3mot   data=['0x00', '0xc8']
14:32:39.210  DEBUG   [poll]    -> read  st2mot    
14:32:39.214  DEBUG   [poll]    <- read  st2mot     ret=0  data=['0x90', '0x01']
14:32:39.214  DEBUG   [poll]    -> read  st0cur    
14:32:39.219  DEBUG   [poll]    <- read  st0cur     ret=0  data=['0xf6', '0x01', '0xf7', '0x01']
14:32:39.398  DEBUG   [client]  -> write cntl3mot   data=['0x00', '0x00']
14:32:39.403  WARNING client disconnected — stopping motor
14:32:39.404  DEBUG   [client]  -> write cntl3mot   data=['0x00', '0x00']
14:32:39.408  INFO    client disconnected
14:32:40.220  DEBUG   [poll]    -> read  st2mot    
14:32:40.224  DEBUG   [poll]    <- read  st2mot     ret=0  data=['0x00', '0x00']
14:32:40.224  DEBUG   [poll]    -> read  st0cur    
14:32:40.228  DEBUG   [poll]    <- read  st0cur     ret=0  data=['0xfa', '0x01', '0xfe', '0x01']
14:32:40.229  WARNING *** OBSERVED STALL SIGNATURE (not acted on yet) — current=-0.29A while rpm=0 ***
14:32:41.231  DEBUG   [poll]    -> read  st2mot    
14:32:41.234  DEBUG   [poll]    <- read  st2mot     ret=0  data=['0x00', '0x00']
14:32:41.234  DEBUG   [poll]    -> read  st0cur    
14:32:41.238  DEBUG   [poll]    <- read  st0cur     ret=0  data=['0xfe', '0x01', '0x01', '0x02']
14:32:42.240  DEBUG   [poll]    -> read  st2mot    
14:32:42.243  DEBUG   [poll]    <- read  st2mot     ret=0  data=['0x00', '0x00']
14:32:42.244  DEBUG   [poll]    -> read  st0cur    
14:32:42.248  DEBUG   [poll]    <- read  st0cur     ret=0  data=['0xfd', '0x01', '0x01', '0x02']
14:32:42.729  INFO    client connected
14:32:42.730  DEBUG   [client]  -> read  st3mot    
14:32:42.734  DEBUG   [client]  <- read  st3mot     ret=0  data=['0x01', '0x00', '0x01', '0x09']
14:32:42.734  WARNING client disconnected — stopping motor
14:32:42.735  DEBUG   [client]  -> write cntl3mot   data=['0x00', '0x00']
14:32:42.738  INFO    client disconnected
14:32:43.249  DEBUG   [poll]    -> read  st2mot    
14:32:43.253  DEBUG   [poll]    <- read  st2mot     ret=0  data=['0x00', '0x00']
14:32:43.253  DEBUG   [poll]    -> read  st0cur    
14:32:43.257  DEBUG   [poll]    <- read  st0cur     ret=0  data=['0xfe', '0x01', '0x01', '0x02']
14:32:44.258  DEBUG   [poll]    -> read  st2mot    
14:32:44.262  DEBUG   [poll]    <- read  st2mot     ret=0  data=['0x00', '0x00']
14:32:44.262  DEBUG   [poll]    -> read  st0cur    
14:32:44.266  DEBUG   [poll]    <- read  st0cur     ret=0  data=['0xfe', '0x01', '0x01', '0x02']
14:32:45.268  DEBUG   [poll]    -> read  st2mot    
14:32:45.271  DEBUG   [poll]    <- read  st2mot     ret=0  data=['0x00', '0x00']
14:32:45.272  DEBUG   [poll]    -> read  st0cur    
14:32:45.276  DEBUG   [poll]    <- read  st0cur     ret=0  data=['0xfe', '0x01', '0x01', '0x02']
14:32:46.278  DEBUG   [poll]    -> read  st2mot    
14:32:46.281  DEBUG   [poll]    <- read  st2mot     ret=0  data=['0x00', '0x00']
14:32:46.281  DEBUG   [poll]    -> read  st0cur    
14:32:46.285  DEBUG   [poll]    <- read  st0cur     ret=0  data=['0xfe', '0x01', '0x01', '0x02']
14:32:47.287  DEBUG   [poll]    -> read  st2mot    
14:32:47.290  DEBUG   [poll]    <- read  st2mot     ret=0  data=['0x00', '0x00']
14:32:47.291  DEBUG   [poll]    -> read  st0cur    
14:32:47.295  DEBUG   [poll]    <- read  st0cur     ret=0  data=['0xfe', '0x01', '0x02', '0x02']
14:32:48.297  DEBUG   [poll]    -> read  st2mot    
14:32:48.300  DEBUG   [poll]    <- read  st2mot     ret=0  data=['0x00', '0x00']
14:32:48.300  DEBUG   [poll]    -> read  st0cur    
14:32:48.305  DEBUG   [poll]    <- read  st0cur     ret=0  data=['0xfe', '0x01', '0x01', '0x02']
14:32:49.306  DEBUG   [poll]    -> read  st2mot    
14:32:49.309  DEBUG   [poll]    <- read  st2mot     ret=0  data=['0x00', '0x00']
14:32:49.310  DEBUG   [poll]    -> read  st0cur    
14:32:49.314  DEBUG   [poll]    <- read  st0cur     ret=0  data=['0xfe', '0x01', '0x01', '0x02']
14:32:50.316  DEBUG   [poll]    -> read  st2mot    
14:32:50.319  DEBUG   [poll]    <- read  st2mot     ret=0  data=['0x00', '0x00']
14:32:50.319  DEBUG   [poll]    -> read  st0cur    
14:32:50.323  DEBUG   [poll]    <- read  st0cur     ret=0  data=['0xfe', '0x01', '0x01', '0x02']
14:32:51.324  DEBUG   [poll]    -> read  st2mot    
14:32:51.328  DEBUG   [poll]    <- read  st2mot     ret=0  data=['0x00', '0x00']
14:32:51.328  DEBUG   [poll]    -> read  st0cur    
14:32:51.332  DEBUG   [poll]    <- read  st0cur     ret=0  data=['0xfe', '0x01', '0x01', '0x02']
14:32:52.334  DEBUG   [poll]    -> read  st2mot    
14:32:52.337  DEBUG   [poll]    <- read  st2mot     ret=0  data=['0x00', '0x00']
14:32:52.338  DEBUG   [poll]    -> read  st0cur    
14:32:52.342  DEBUG   [poll]    <- read  st0cur     ret=0  data=['0xfe', '0x01', '0x01', '0x02']
14:32:53.343  DEBUG   [poll]    -> read  st2mot    
14:32:53.347  DEBUG   [poll]    <- read  st2mot     ret=0  data=['0x00', '0x00']
14:32:53.347  DEBUG   [poll]    -> read  st0cur    
14:32:53.351  DEBUG   [poll]    <- read  st0cur     ret=0  data=['0xfe', '0x01', '0x01', '0x02']
14:32:54.353  DEBUG   [poll]    -> read  st2mot    
14:32:54.356  DEBUG   [poll]    <- read  st2mot     ret=0  data=['0x00', '0x00']
14:32:54.357  DEBUG   [poll]    -> read  st0cur    
14:32:54.361  DEBUG   [poll]    <- read  st0cur     ret=0  data=['0xfe', '0x01', '0x01', '0x02']
14:32:55.362  DEBUG   [poll]    -> read  st2mot    
14:32:55.366  DEBUG   [poll]    <- read  st2mot     ret=0  data=['0x00', '0x00']
14:32:55.368  DEBUG   [poll]    -> read  st0cur    
14:32:55.372  DEBUG   [poll]    <- read  st0cur     ret=0  data=['0xfe', '0x01', '0x01', '0x02']
14:32:56.373  DEBUG   [poll]    -> read  st2mot    
14:32:56.377  DEBUG   [poll]    <- read  st2mot     ret=0  data=['0x00', '0x00']
14:32:56.377  DEBUG   [poll]    -> read  st0cur    
14:32:56.381  DEBUG   [poll]    <- read  st0cur     ret=0  data=['0xfd', '0x01', '0x01', '0x02']
14:32:57.383  DEBUG   [poll]    -> read  st2mot    
14:32:57.386  DEBUG   [poll]    <- read  st2mot     ret=0  data=['0x00', '0x00']
14:32:57.387  DEBUG   [poll]    -> read  st0cur    
14:32:57.391  DEBUG   [poll]    <- read  st0cur     ret=0  data=['0xfe', '0x01', '0x01', '0x02']
14:32:58.392  DEBUG   [poll]    -> read  st2mot    
14:32:58.396  DEBUG   [poll]    <- read  st2mot     ret=0  data=['0x00', '0x00']
14:32:58.396  DEBUG   [poll]    -> read  st0cur    
14:32:58.400  DEBUG   [poll]    <- read  st0cur     ret=0  data=['0xfe', '0x01', '0x01', '0x02']
14:32:59.402  DEBUG   [poll]    -> read  st2mot    
14:32:59.405  DEBUG   [poll]    <- read  st2mot     ret=0  data=['0x00', '0x00']
14:32:59.406  DEBUG   [poll]    -> read  st0cur    
14:32:59.410  DEBUG   [poll]    <- read  st0cur     ret=0  data=['0xfe', '0x01', '0x02', '0x02']
14:33:00.411  DEBUG   [poll]    -> read  st2mot    
14:33:00.415  DEBUG   [poll]    <- read  st2mot     ret=0  data=['0x00', '0x00']
14:33:00.416  DEBUG   [poll]    -> read  st0cur    
14:33:00.420  DEBUG   [poll]    <- read  st0cur     ret=0  data=['0xfe', '0x01', '0x01', '0x02']
14:33:01.422  DEBUG   [poll]    -> read  st2mot    
14:33:01.425  DEBUG   [poll]    <- read  st2mot     ret=0  data=['0x00', '0x00']
14:33:01.425  DEBUG   [poll]    -> read  st0cur    
14:33:01.430  DEBUG   [poll]    <- read  st0cur     ret=0  data=['0xfe', '0x01', '0x01', '0x02']
14:33:02.431  DEBUG   [poll]    -> read  st2mot    
14:33:02.435  DEBUG   [poll]    <- read  st2mot     ret=0  data=['0x00', '0x00']
14:33:02.435  DEBUG   [poll]    -> read  st0cur    
14:33:02.439  DEBUG   [poll]    <- read  st0cur     ret=0  data=['0xfe', '0x01', '0x01', '0x02']
14:33:03.441  DEBUG   [poll]    -> read  st2mot    
14:33:03.444  DEBUG   [poll]    <- read  st2mot     ret=0  data=['0x00', '0x00']
14:33:03.444  DEBUG   [poll]    -> read  st0cur    
14:33:03.448  DEBUG   [poll]    <- read  st0cur     ret=0  data=['0xfe', '0x01', '0x01', '0x02']
14:33:04.450  DEBUG   [poll]    -> read  st2mot    
14:33:04.453  DEBUG   [poll]    <- read  st2mot     ret=0  data=['0x00', '0x00']
14:33:04.454  DEBUG   [poll]    -> read  st0cur    
14:33:04.458  DEBUG   [poll]    <- read  st0cur     ret=0  data=['0xfe', '0x01', '0x01', '0x02']
14:33:05.460  DEBUG   [poll]    -> read  st2mot    
14:33:05.463  DEBUG   [poll]    <- read  st2mot     ret=0  data=['0x00', '0x00']
14:33:05.464  DEBUG   [poll]    -> read  st0cur    
14:33:05.468  DEBUG   [poll]    <- read  st0cur     ret=0  data=['0xfe', '0x01', '0x01', '0x02']
14:33:06.469  DEBUG   [poll]    -> read  st2mot    
14:33:06.473  DEBUG   [poll]    <- read  st2mot     ret=0  data=['0x00', '0x00']
14:33:06.473  DEBUG   [poll]    -> read  st0cur    
14:33:06.477  DEBUG   [poll]    <- read  st0cur     ret=0  data=['0xfe', '0x01', '0x01', '0x02']
14:33:07.479  DEBUG   [poll]    -> read  st2mot    
14:33:07.482  DEBUG   [poll]    <- read  st2mot     ret=0  data=['0x00', '0x00']
14:33:07.483  DEBUG   [poll]    -> read  st0cur    
14:33:07.487  DEBUG   [poll]    <- read  st0cur     ret=0  data=['0xfe', '0x01', '0x01', '0x02']
14:33:08.488  DEBUG   [poll]    -> read  st2mot    
14:33:08.492  DEBUG   [poll]    <- read  st2mot     ret=0  data=['0x00', '0x00']
14:33:08.492  DEBUG   [poll]    -> read  st0cur    
14:33:08.496  DEBUG   [poll]    <- read  st0cur     ret=0  data=['0xfe', '0x01', '0x01', '0x02']
14:33:09.498  DEBUG   [poll]    -> read  st2mot    
14:33:09.501  DEBUG   [poll]    <- read  st2mot     ret=0  data=['0x00', '0x00']
14:33:09.502  DEBUG   [poll]    -> read  st0cur    
14:33:09.506  DEBUG   [poll]    <- read  st0cur     ret=0  data=['0xfe', '0x01', '0x01', '0x02']
14:33:10.507  DEBUG   [poll]    -> read  st2mot    
14:33:10.511  DEBUG   [poll]    <- read  st2mot     ret=0  data=['0x00', '0x00']
14:33:10.511  DEBUG   [poll]    -> read  st0cur    
14:33:10.516  DEBUG   [poll]    <- read  st0cur     ret=0  data=['0xfe', '0x01', '0x01', '0x02']
14:33:11.517  DEBUG   [poll]    -> read  st2mot    
14:33:11.520  DEBUG   [poll]    <- read  st2mot     ret=0  data=['0x00', '0x00']
14:33:11.521  DEBUG   [poll]    -> read  st0cur    
14:33:11.525  DEBUG   [poll]    <- read  st0cur     ret=0  data=['0xfd', '0x01', '0x01', '0x02']
14:33:12.527  DEBUG   [poll]    -> read  st2mot    
14:33:12.530  DEBUG   [poll]    <- read  st2mot     ret=0  data=['0x00', '0x00']
14:33:12.530  DEBUG   [poll]    -> read  st0cur    
14:33:12.534  DEBUG   [poll]    <- read  st0cur     ret=0  data=['0xfe', '0x01', '0x01', '0x02']
14:33:13.536  DEBUG   [poll]    -> read  st2mot    
14:33:13.539  DEBUG   [poll]    <- read  st2mot     ret=0  data=['0x00', '0x00']
14:33:13.540  DEBUG   [poll]    -> read  st0cur    
14:33:13.544  DEBUG   [poll]    <- read  st0cur     ret=0  data=['0xfe', '0x01', '0x01', '0x02']
14:33:14.545  DEBUG   [poll]    -> read  st2mot    
14:33:14.549  DEBUG   [poll]    <- read  st2mot     ret=0  data=['0x00', '0x00']
14:33:14.549  DEBUG   [poll]    -> read  st0cur    
14:33:14.553  DEBUG   [poll]    <- read  st0cur     ret=0  data=['0xfe', '0x01', '0x02', '0x02']
14:33:15.555  DEBUG   [poll]    -> read  st2mot    
14:33:15.558  DEBUG   [poll]    <- read  st2mot     ret=0  data=['0x00', '0x00']
14:33:15.559  DEBUG   [poll]    -> read  st0cur    
14:33:15.563  DEBUG   [poll]    <- read  st0cur     ret=0  data=['0xfe', '0x01', '0x01', '0x02']
14:33:16.564  DEBUG   [poll]    -> read  st2mot    
14:33:16.568  DEBUG   [poll]    <- read  st2mot     ret=0  data=['0x00', '0x00']
14:33:16.568  DEBUG   [poll]    -> read  st0cur    
14:33:16.573  DEBUG   [poll]    <- read  st0cur     ret=0  data=['0xfd', '0x01', '0x01', '0x02']
14:33:17.574  DEBUG   [poll]    -> read  st2mot    
14:33:17.578  DEBUG   [poll]    <- read  st2mot     ret=0  data=['0x00', '0x00']
14:33:17.578  DEBUG   [poll]    -> read  st0cur    
14:33:17.582  DEBUG   [poll]    <- read  st0cur     ret=0  data=['0xfd', '0x01', '0x01', '0x02']
14:33:18.584  DEBUG   [poll]    -> read  st2mot    
14:33:18.587  DEBUG   [poll]    <- read  st2mot     ret=0  data=['0x00', '0x00']
14:33:18.588  DEBUG   [poll]    -> read  st0cur    
14:33:18.592  DEBUG   [poll]    <- read  st0cur     ret=0  data=['0xfd', '0x01', '0x01', '0x02']
14:33:19.593  DEBUG   [poll]    -> read  st2mot    
14:33:19.597  DEBUG   [poll]    <- read  st2mot     ret=0  data=['0x00', '0x00']
14:33:19.597  DEBUG   [poll]    -> read  st0cur    
14:33:19.601  DEBUG   [poll]    <- read  st0cur     ret=0  data=['0xfd', '0x01', '0x01', '0x02']
14:33:20.603  DEBUG   [poll]    -> read  st2mot    
14:33:20.606  DEBUG   [poll]    <- read  st2mot     ret=0  data=['0x00', '0x00']
14:33:20.607  DEBUG   [poll]    -> read  st0cur    
14:33:20.611  DEBUG   [poll]    <- read  st0cur     ret=0  data=['0xfe', '0x01', '0x01', '0x02']
14:33:21.613  DEBUG   [poll]    -> read  st2mot    
14:33:21.616  DEBUG   [poll]    <- read  st2mot     ret=0  data=['0x00', '0x00']
14:33:21.616  DEBUG   [poll]    -> read  st0cur    
14:33:21.621  DEBUG   [poll]    <- read  st0cur     ret=0  data=['0xfd', '0x01', '0x01', '0x02']
14:33:22.622  DEBUG   [poll]    -> read  st2mot    
14:33:22.625  DEBUG   [poll]    <- read  st2mot     ret=0  data=['0x00', '0x00']
14:33:22.626  DEBUG   [poll]    -> read  st0cur    
14:33:22.630  DEBUG   [poll]    <- read  st0cur     ret=0  data=['0xfe', '0x01', '0x01', '0x02']
14:33:23.631  DEBUG   [poll]    -> read  st2mot    
14:33:23.635  DEBUG   [poll]    <- read  st2mot     ret=0  data=['0x00', '0x00']
14:33:23.635  DEBUG   [poll]    -> read  st0cur    
14:33:23.639  DEBUG   [poll]    <- read  st0cur     ret=0  data=['0xfe', '0x01', '0x02', '0x02']
14:33:24.641  DEBUG   [poll]    -> read  st2mot    
14:33:24.644  DEBUG   [poll]    <- read  st2mot     ret=0  data=['0x00', '0x00']
14:33:24.644  DEBUG   [poll]    -> read  st0cur    
14:33:24.649  DEBUG   [poll]    <- read  st0cur     ret=0  data=['0xfe', '0x01', '0x01', '0x02']
14:33:25.650  DEBUG   [poll]    -> read  st2mot    
14:33:25.653  DEBUG   [poll]    <- read  st2mot     ret=0  data=['0x00', '0x00']
14:33:25.654  DEBUG   [poll]    -> read  st0cur    
14:33:25.658  DEBUG   [poll]    <- read  st0cur     ret=0  data=['0xfe', '0x01', '0x01', '0x02']
14:33:26.660  DEBUG   [poll]    -> read  st2mot    
14:33:26.663  DEBUG   [poll]    <- read  st2mot     ret=0  data=['0x00', '0x00']
14:33:26.663  DEBUG   [poll]    -> read  st0cur    
14:33:26.668  DEBUG   [poll]    <- read  st0cur     ret=0  data=['0xfd', '0x01', '0x02', '0x02']
14:33:27.669  DEBUG   [poll]    -> read  st2mot    
14:33:27.672  DEBUG   [poll]    <- read  st2mot     ret=0  data=['0x00', '0x00']
14:33:27.673  DEBUG   [poll]    -> read  st0cur    
14:33:27.677  DEBUG   [poll]    <- read  st0cur     ret=0  data=['0xfe', '0x01', '0x01', '0x02']
14:33:28.679  DEBUG   [poll]    -> read  st2mot    
14:33:28.682  DEBUG   [poll]    <- read  st2mot     ret=0  data=['0x00', '0x00']
14:33:28.682  DEBUG   [poll]    -> read  st0cur    
14:33:28.687  DEBUG   [poll]    <- read  st0cur     ret=0  data=['0xfe', '0x01', '0x01', '0x02']
14:33:29.688  DEBUG   [poll]    -> read  st2mot    
14:33:29.691  DEBUG   [poll]    <- read  st2mot     ret=0  data=['0x00', '0x00']
14:33:29.692  DEBUG   [poll]    -> read  st0cur    
14:33:29.696  DEBUG   [poll]    <- read  st0cur     ret=0  data=['0xfe', '0x01', '0x01', '0x02']
14:33:30.697  DEBUG   [poll]    -> read  st2mot    
14:33:30.701  DEBUG   [poll]    <- read  st2mot     ret=0  data=['0x00', '0x00']
14:33:30.702  DEBUG   [poll]    -> read  st0cur    
14:33:30.706  DEBUG   [poll]    <- read  st0cur     ret=0  data=['0xfe', '0x01', '0x01', '0x02']
14:33:31.708  DEBUG   [poll]    -> read  st2mot    
14:33:31.711  DEBUG   [poll]    <- read  st2mot     ret=0  data=['0x00', '0x00']
14:33:31.711  DEBUG   [poll]    -> read  st0cur    
14:33:31.716  DEBUG   [poll]    <- read  st0cur     ret=0  data=['0xfe', '0x01', '0x01', '0x02']
14:33:32.717  DEBUG   [poll]    -> read  st2mot    
14:33:32.720  DEBUG   [poll]    <- read  st2mot     ret=0  data=['0x00', '0x00']
14:33:32.721  DEBUG   [poll]    -> read  st0cur    
14:33:32.725  DEBUG   [poll]    <- read  st0cur     ret=0  data=['0xfe', '0x01', '0x01', '0x02']
14:33:33.726  DEBUG   [poll]    -> read  st2mot    
14:33:33.730  DEBUG   [poll]    <- read  st2mot     ret=0  data=['0x00', '0x00']
14:33:33.730  DEBUG   [poll]    -> read  st0cur    
14:33:33.734  DEBUG   [poll]    <- read  st0cur     ret=0  data=['0xfe', '0x01', '0x02', '0x02']
14:33:34.736  DEBUG   [poll]    -> read  st2mot    
14:33:34.739  DEBUG   [poll]    <- read  st2mot     ret=0  data=['0x00', '0x00']
14:33:34.740  DEBUG   [poll]    -> read  st0cur    
14:33:34.744  DEBUG   [poll]    <- read  st0cur     ret=0  data=['0xfe', '0x01', '0x02', '0x02']
14:33:35.745  DEBUG   [poll]    -> read  st2mot    
14:33:35.749  DEBUG   [poll]    <- read  st2mot     ret=0  data=['0x00', '0x00']
14:33:35.749  DEBUG   [poll]    -> read  st0cur    
14:33:35.753  DEBUG   [poll]    <- read  st0cur     ret=0  data=['0xfe', '0x01', '0x01', '0x02']
14:33:36.755  DEBUG   [poll]    -> read  st2mot    
14:33:36.758  DEBUG   [poll]    <- read  st2mot     ret=0  data=['0x00', '0x00']
14:33:36.759  DEBUG   [poll]    -> read  st0cur    
14:33:36.763  DEBUG   [poll]    <- read  st0cur     ret=0  data=['0xfe', '0x01', '0x01', '0x02']
14:33:37.764  DEBUG   [poll]    -> read  st2mot    
14:33:37.768  DEBUG   [poll]    <- read  st2mot     ret=0  data=['0x00', '0x00']
14:33:37.768  DEBUG   [poll]    -> read  st0cur    
14:33:37.772  DEBUG   [poll]    <- read  st0cur     ret=0  data=['0xfe', '0x01', '0x02', '0x02']
14:33:38.774  DEBUG   [poll]    -> read  st2mot    
14:33:38.777  DEBUG   [poll]    <- read  st2mot     ret=0  data=['0x00', '0x00']
14:33:38.777  DEBUG   [poll]    -> read  st0cur    
14:33:38.782  DEBUG   [poll]    <- read  st0cur     ret=0  data=['0xfe', '0x01', '0x01', '0x02']
14:33:39.783  DEBUG   [poll]    -> read  st2mot    
14:33:39.786  DEBUG   [poll]    <- read  st2mot     ret=0  data=['0x00', '0x00']
14:33:39.787  DEBUG   [poll]    -> read  st0cur    
14:33:39.791  DEBUG   [poll]    <- read  st0cur     ret=0  data=['0xfe', '0x01', '0x01', '0x02']
14:33:40.792  DEBUG   [poll]    -> read  st2mot    
14:33:40.796  DEBUG   [poll]    <- read  st2mot     ret=0  data=['0x00', '0x00']
14:33:40.796  DEBUG   [poll]    -> read  st0cur    
14:33:40.801  DEBUG   [poll]    <- read  st0cur     ret=0  data=['0xfe', '0x01', '0x01', '0x02']
14:33:41.802  DEBUG   [poll]    -> read  st2mot    
14:33:41.806  DEBUG   [poll]    <- read  st2mot     ret=0  data=['0x00', '0x00']
14:33:41.806  DEBUG   [poll]    -> read  st0cur    
14:33:41.810  DEBUG   [poll]    <- read  st0cur     ret=0  data=['0xfe', '0x01', '0x01', '0x02']
14:33:42.812  DEBUG   [poll]    -> read  st2mot    
14:33:42.815  DEBUG   [poll]    <- read  st2mot     ret=0  data=['0x00', '0x00']
14:33:42.815  DEBUG   [poll]    -> read  st0cur    
14:33:42.819  DEBUG   [poll]    <- read  st0cur     ret=0  data=['0xfe', '0x01', '0x01', '0x02']
14:33:43.821  DEBUG   [poll]    -> read  st2mot    
14:33:43.824  DEBUG   [poll]    <- read  st2mot     ret=0  data=['0x00', '0x00']
14:33:43.825  DEBUG   [poll]    -> read  st0cur    
14:33:43.829  DEBUG   [poll]    <- read  st0cur     ret=0  data=['0xfe', '0x01', '0x01', '0x02']
14:33:44.830  DEBUG   [poll]    -> read  st2mot    
14:33:44.834  DEBUG   [poll]    <- read  st2mot     ret=0  data=['0x00', '0x00']
14:33:44.834  DEBUG   [poll]    -> read  st0cur    
14:33:44.838  DEBUG   [poll]    <- read  st0cur     ret=0  data=['0xfe', '0x01', '0x01', '0x02']
14:33:45.840  DEBUG   [poll]    -> read  st2mot    
14:33:45.843  DEBUG   [poll]    <- read  st2mot     ret=0  data=['0x00', '0x00']
14:33:45.844  DEBUG   [poll]    -> read  st0cur    
14:33:45.848  DEBUG   [poll]    <- read  st0cur     ret=0  data=['0xfe', '0x01', '0x01', '0x02']
14:33:46.850  DEBUG   [poll]    -> read  st2mot    
14:33:46.853  DEBUG   [poll]    <- read  st2mot     ret=0  data=['0x00', '0x00']
14:33:46.853  DEBUG   [poll]    -> read  st0cur    
14:33:46.857  DEBUG   [poll]    <- read  st0cur     ret=0  data=['0xfd', '0x01', '0x01', '0x02']
14:33:47.859  DEBUG   [poll]    -> read  st2mot    
14:33:47.862  DEBUG   [poll]    <- read  st2mot     ret=0  data=['0x00', '0x00']
14:33:47.863  DEBUG   [poll]    -> read  st0cur    
14:33:47.867  DEBUG   [poll]    <- read  st0cur     ret=0  data=['0xfd', '0x01', '0x01', '0x02']
14:33:48.868  DEBUG   [poll]    -> read  st2mot    
14:33:48.872  DEBUG   [poll]    <- read  st2mot     ret=0  data=['0x00', '0x00']
14:33:48.872  DEBUG   [poll]    -> read  st0cur    
14:33:48.876  DEBUG   [poll]    <- read  st0cur     ret=0  data=['0xfe', '0x01', '0x01', '0x02']
14:33:49.878  DEBUG   [poll]    -> read  st2mot    
14:33:49.881  DEBUG   [poll]    <- read  st2mot     ret=0  data=['0x00', '0x00']
14:33:49.882  DEBUG   [poll]    -> read  st0cur    
14:33:49.886  DEBUG   [poll]    <- read  st0cur     ret=0  data=['0xfe', '0x01', '0x02', '0x02']
14:33:50.887  DEBUG   [poll]    -> read  st2mot    
14:33:50.891  DEBUG   [poll]    <- read  st2mot     ret=0  data=['0x00', '0x00']
14:33:50.891  DEBUG   [poll]    -> read  st0cur    
14:33:50.896  DEBUG   [poll]    <- read  st0cur     ret=0  data=['0xfe', '0x01', '0x01', '0x02']
14:33:51.897  DEBUG   [poll]    -> read  st2mot    
14:33:51.900  DEBUG   [poll]    <- read  st2mot     ret=0  data=['0x00', '0x00']
14:33:51.901  DEBUG   [poll]    -> read  st0cur    
14:33:51.905  DEBUG   [poll]    <- read  st0cur     ret=0  data=['0xfe', '0x01', '0x01', '0x02']
14:33:52.907  DEBUG   [poll]    -> read  st2mot    
14:33:52.910  DEBUG   [poll]    <- read  st2mot     ret=0  data=['0x00', '0x00']
14:33:52.910  DEBUG   [poll]    -> read  st0cur    
14:33:52.915  DEBUG   [poll]    <- read  st0cur     ret=0  data=['0xfd', '0x01', '0x02', '0x02']
14:33:53.916  DEBUG   [poll]    -> read  st2mot    
14:33:53.919  DEBUG   [poll]    <- read  st2mot     ret=0  data=['0x00', '0x00']
14:33:53.920  DEBUG   [poll]    -> read  st0cur    
14:33:53.924  DEBUG   [poll]    <- read  st0cur     ret=0  data=['0xfd', '0x01', '0x01', '0x02']
14:33:54.925  DEBUG   [poll]    -> read  st2mot    
14:33:54.929  DEBUG   [poll]    <- read  st2mot     ret=0  data=['0x00', '0x00']
14:33:54.929  DEBUG   [poll]    -> read  st0cur    
14:33:54.933  DEBUG   [poll]    <- read  st0cur     ret=0  data=['0xfe', '0x01', '0x01', '0x02']
14:33:55.935  DEBUG   [poll]    -> read  st2mot    
14:33:55.938  DEBUG   [poll]    <- read  st2mot     ret=0  data=['0x00', '0x00']
14:33:55.939  DEBUG   [poll]    -> read  st0cur    
14:33:55.943  DEBUG   [poll]    <- read  st0cur     ret=0  data=['0xfe', '0x01', '0x02', '0x02']
14:33:56.944  DEBUG   [poll]    -> read  st2mot    
14:33:56.948  DEBUG   [poll]    <- read  st2mot     ret=0  data=['0x00', '0x00']
14:33:56.948  DEBUG   [poll]    -> read  st0cur    
14:33:56.952  DEBUG   [poll]    <- read  st0cur     ret=0  data=['0xfe', '0x01', '0x01', '0x02']
14:33:57.954  DEBUG   [poll]    -> read  st2mot    
14:33:57.957  DEBUG   [poll]    <- read  st2mot     ret=0  data=['0x00', '0x00']
14:33:57.958  DEBUG   [poll]    -> read  st0cur    
14:33:57.962  DEBUG   [poll]    <- read  st0cur     ret=0  data=['0xfd', '0x01', '0x01', '0x02']
14:33:58.963  DEBUG   [poll]    -> read  st2mot    
14:33:58.967  DEBUG   [poll]    <- read  st2mot     ret=0  data=['0x00', '0x00']
14:33:58.967  DEBUG   [poll]    -> read  st0cur    
14:33:58.971  DEBUG   [poll]    <- read  st0cur     ret=0  data=['0xfe', '0x01', '0x01', '0x02']
14:33:59.973  DEBUG   [poll]    -> read  st2mot    
14:33:59.976  DEBUG   [poll]    <- read  st2mot     ret=0  data=['0x00', '0x00']
14:33:59.976  DEBUG   [poll]    -> read  st0cur    
14:33:59.981  DEBUG   [poll]    <- read  st0cur     ret=0  data=['0xfe', '0x01', '0x01', '0x02']
14:34:00.982  DEBUG   [poll]    -> read  st2mot    
14:34:00.986  DEBUG   [poll]    <- read  st2mot     ret=0  data=['0x00', '0x00']
14:34:00.986  DEBUG   [poll]    -> read  st0cur    
14:34:00.990  DEBUG   [poll]    <- read  st0cur     ret=0  data=['0xfe', '0x01', '0x01', '0x02']
14:34:01.992  DEBUG   [poll]    -> read  st2mot    
14:34:01.995  DEBUG   [poll]    <- read  st2mot     ret=0  data=['0x00', '0x00']
14:34:01.996  DEBUG   [poll]    -> read  st0cur    
14:34:02.000  DEBUG   [poll]    <- read  st0cur     ret=0  data=['0xfe', '0x01', '0x01', '0x02']
14:34:03.001  DEBUG   [poll]    -> read  st2mot    
14:34:03.005  DEBUG   [poll]    <- read  st2mot     ret=0  data=['0x00', '0x00']
14:34:03.005  DEBUG   [poll]    -> read  st0cur    
14:34:03.009  DEBUG   [poll]    <- read  st0cur     ret=0  data=['0xfe', '0x01', '0x01', '0x02']
14:34:04.011  DEBUG   [poll]    -> read  st2mot    
14:34:04.014  DEBUG   [poll]    <- read  st2mot     ret=0  data=['0x00', '0x00']
14:34:04.014  DEBUG   [poll]    -> read  st0cur    
14:34:04.019  DEBUG   [poll]    <- read  st0cur     ret=0  data=['0xfe', '0x01', '0x02', '0x02']
14:34:05.020  DEBUG   [poll]    -> read  st2mot    
14:34:05.023  DEBUG   [poll]    <- read  st2mot     ret=0  data=['0x00', '0x00']
14:34:05.024  DEBUG   [poll]    -> read  st0cur    
14:34:05.028  DEBUG   [poll]    <- read  st0cur     ret=0  data=['0xfe', '0x01', '0x01', '0x02']
14:34:06.029  DEBUG   [poll]    -> read  st2mot    
14:34:06.033  DEBUG   [poll]    <- read  st2mot     ret=0  data=['0x00', '0x00']
14:34:06.034  DEBUG   [poll]    -> read  st0cur    
14:34:06.038  DEBUG   [poll]    <- read  st0cur     ret=0  data=['0xfe', '0x01', '0x01', '0x02']
14:34:07.039  DEBUG   [poll]    -> read  st2mot    
14:34:07.043  DEBUG   [poll]    <- read  st2mot     ret=0  data=['0x00', '0x00']
14:34:07.043  DEBUG   [poll]    -> read  st0cur    
14:34:07.047  DEBUG   [poll]    <- read  st0cur     ret=0  data=['0xfe', '0x01', '0x01', '0x02']
14:34:08.049  DEBUG   [poll]    -> read  st2mot    
14:34:08.052  DEBUG   [poll]    <- read  st2mot     ret=0  data=['0x00', '0x00']
14:34:08.053  DEBUG   [poll]    -> read  st0cur    
14:34:08.057  DEBUG   [poll]    <- read  st0cur     ret=0  data=['0xfe', '0x01', '0x01', '0x02']
14:34:09.058  DEBUG   [poll]    -> read  st2mot    
14:34:09.062  DEBUG   [poll]    <- read  st2mot     ret=0  data=['0x00', '0x00']
14:34:09.062  DEBUG   [poll]    -> read  st0cur    
14:34:09.066  DEBUG   [poll]    <- read  st0cur     ret=0  data=['0xfe', '0x01', '0x01', '0x02']
14:34:10.068  DEBUG   [poll]    -> read  st2mot    
14:34:10.071  DEBUG   [poll]    <- read  st2mot     ret=0  data=['0x00', '0x00']
14:34:10.071  DEBUG   [poll]    -> read  st0cur    
14:34:10.076  DEBUG   [poll]    <- read  st0cur     ret=0  data=['0xfe', '0x01', '0x01', '0x02']
14:34:11.077  DEBUG   [poll]    -> read  st2mot    
14:34:11.081  DEBUG   [poll]    <- read  st2mot     ret=0  data=['0x00', '0x00']
14:34:11.081  DEBUG   [poll]    -> read  st0cur    
14:34:11.086  DEBUG   [poll]    <- read  st0cur     ret=0  data=['0xfe', '0x01', '0x01', '0x02']
14:34:12.087  DEBUG   [poll]    -> read  st2mot    
14:34:12.091  DEBUG   [poll]    <- read  st2mot     ret=0  data=['0x00', '0x00']
14:34:12.091  DEBUG   [poll]    -> read  st0cur    
14:34:12.095  DEBUG   [poll]    <- read  st0cur     ret=0  data=['0xfe', '0x01', '0x01', '0x02']
14:34:13.097  DEBUG   [poll]    -> read  st2mot    
14:34:13.100  DEBUG   [poll]    <- read  st2mot     ret=0  data=['0x00', '0x00']
14:34:13.100  DEBUG   [poll]    -> read  st0cur    
14:34:13.104  DEBUG   [poll]    <- read  st0cur     ret=0  data=['0xfe', '0x01', '0x01', '0x02']
14:34:14.106  DEBUG   [poll]    -> read  st2mot    
14:34:14.109  DEBUG   [poll]    <- read  st2mot     ret=0  data=['0x00', '0x00']
14:34:14.110  DEBUG   [poll]    -> read  st0cur    
14:34:14.114  DEBUG   [poll]    <- read  st0cur     ret=0  data=['0xfe', '0x01', '0x01', '0x02']
14:34:15.115  DEBUG   [poll]    -> read  st2mot    
14:34:15.119  DEBUG   [poll]    <- read  st2mot     ret=0  data=['0x00', '0x00']
14:34:15.120  DEBUG   [poll]    -> read  st0cur    
14:34:15.124  DEBUG   [poll]    <- read  st0cur     ret=0  data=['0xfe', '0x01', '0x01', '0x02']
14:34:16.125  DEBUG   [poll]    -> read  st2mot    
14:34:16.129  DEBUG   [poll]    <- read  st2mot     ret=0  data=['0x00', '0x00']
14:34:16.129  DEBUG   [poll]    -> read  st0cur    
14:34:16.134  DEBUG   [poll]    <- read  st0cur     ret=0  data=['0xfd', '0x01', '0x01', '0x02']
14:34:17.135  DEBUG   [poll]    -> read  st2mot    
14:34:17.139  DEBUG   [poll]    <- read  st2mot     ret=0  data=['0x00', '0x00']
14:34:17.139  DEBUG   [poll]    -> read  st0cur    
14:34:17.143  DEBUG   [poll]    <- read  st0cur     ret=0  data=['0xfd', '0x01', '0x01', '0x02']
14:34:18.145  DEBUG   [poll]    -> read  st2mot    
14:34:18.148  DEBUG   [poll]    <- read  st2mot     ret=0  data=['0x00', '0x00']
14:34:18.148  DEBUG   [poll]    -> read  st0cur    
14:34:18.153  DEBUG   [poll]    <- read  st0cur     ret=0  data=['0xfd', '0x01', '0x01', '0x02']
14:34:19.154  DEBUG   [poll]    -> read  st2mot    
14:34:19.158  DEBUG   [poll]    <- read  st2mot     ret=0  data=['0x00', '0x00']
14:34:19.158  DEBUG   [poll]    -> read  st0cur    
14:34:19.162  DEBUG   [poll]    <- read  st0cur     ret=0  data=['0xfd', '0x01', '0x01', '0x02']
14:34:20.164  DEBUG   [poll]    -> read  st2mot    
14:34:20.167  DEBUG   [poll]    <- read  st2mot     ret=0  data=['0x00', '0x00']
14:34:20.167  DEBUG   [poll]    -> read  st0cur    
14:34:20.172  DEBUG   [poll]    <- read  st0cur     ret=0  data=['0xfd', '0x01', '0x01', '0x02']
14:34:21.173  DEBUG   [poll]    -> read  st2mot    
14:34:21.176  DEBUG   [poll]    <- read  st2mot     ret=0  data=['0x00', '0x00']
14:34:21.177  DEBUG   [poll]    -> read  st0cur    
14:34:21.181  DEBUG   [poll]    <- read  st0cur     ret=0  data=['0xfe', '0x01', '0x01', '0x02']
14:34:22.183  DEBUG   [poll]    -> read  st2mot    
14:34:22.186  DEBUG   [poll]    <- read  st2mot     ret=0  data=['0x00', '0x00']
14:34:22.187  DEBUG   [poll]    -> read  st0cur    
14:34:22.191  DEBUG   [poll]    <- read  st0cur     ret=0  data=['0xfe', '0x01', '0x01', '0x02']
14:34:23.192  DEBUG   [poll]    -> read  st2mot    
14:34:23.196  DEBUG   [poll]    <- read  st2mot     ret=0  data=['0x00', '0x00']
14:34:23.196  DEBUG   [poll]    -> read  st0cur    
14:34:23.200  DEBUG   [poll]    <- read  st0cur     ret=0  data=['0xfe', '0x01', '0x01', '0x02']
14:34:24.202  DEBUG   [poll]    -> read  st2mot    
14:34:24.205  DEBUG   [poll]    <- read  st2mot     ret=0  data=['0x00', '0x00']
14:34:24.205  DEBUG   [poll]    -> read  st0cur    
14:34:24.210  DEBUG   [poll]    <- read  st0cur     ret=0  data=['0xfe', '0x01', '0x02', '0x02']
14:34:25.211  DEBUG   [poll]    -> read  st2mot    
14:34:25.214  DEBUG   [poll]    <- read  st2mot     ret=0  data=['0x00', '0x00']
14:34:25.215  DEBUG   [poll]    -> read  st0cur    
14:34:25.219  DEBUG   [poll]    <- read  st0cur     ret=0  data=['0xfe', '0x01', '0x01', '0x02']
14:34:26.220  DEBUG   [poll]    -> read  st2mot    
14:34:26.224  DEBUG   [poll]    <- read  st2mot     ret=0  data=['0x00', '0x00']
14:34:26.224  DEBUG   [poll]    -> read  st0cur    
14:34:26.229  DEBUG   [poll]    <- read  st0cur     ret=0  data=['0xfe', '0x01', '0x01', '0x02']
14:34:27.230  DEBUG   [poll]    -> read  st2mot    
14:34:27.234  DEBUG   [poll]    <- read  st2mot     ret=0  data=['0x00', '0x00']
14:34:27.234  DEBUG   [poll]    -> read  st0cur    
14:34:27.238  DEBUG   [poll]    <- read  st0cur     ret=0  data=['0xfe', '0x01', '0x01', '0x02']
14:34:28.240  DEBUG   [poll]    -> read  st2mot    
14:34:28.243  DEBUG   [poll]    <- read  st2mot     ret=0  data=['0x00', '0x00']
14:34:28.243  DEBUG   [poll]    -> read  st0cur    
14:34:28.248  DEBUG   [poll]    <- read  st0cur     ret=0  data=['0xfe', '0x01', '0x01', '0x02']
14:34:29.249  DEBUG   [poll]    -> read  st2mot    
14:34:29.252  DEBUG   [poll]    <- read  st2mot     ret=0  data=['0x00', '0x00']
14:34:29.253  DEBUG   [poll]    -> read  st0cur    
14:34:29.257  DEBUG   [poll]    <- read  st0cur     ret=0  data=['0xfe', '0x01', '0x02', '0x02']
14:34:30.258  DEBUG   [poll]    -> read  st2mot    
14:34:30.262  DEBUG   [poll]    <- read  st2mot     ret=0  data=['0x00', '0x00']
14:34:30.262  DEBUG   [poll]    -> read  st0cur    
14:34:30.266  DEBUG   [poll]    <- read  st0cur     ret=0  data=['0xfe', '0x01', '0x01', '0x02']
14:34:31.268  DEBUG   [poll]    -> read  st2mot    
14:34:31.271  DEBUG   [poll]    <- read  st2mot     ret=0  data=['0x00', '0x00']
14:34:31.272  DEBUG   [poll]    -> read  st0cur    
14:34:31.276  DEBUG   [poll]    <- read  st0cur     ret=0  data=['0xfe', '0x01', '0x01', '0x02']
14:34:32.278  DEBUG   [poll]    -> read  st2mot    
14:34:32.281  DEBUG   [poll]    <- read  st2mot     ret=0  data=['0x00', '0x00']
14:34:32.281  DEBUG   [poll]    -> read  st0cur    
14:34:32.286  DEBUG   [poll]    <- read  st0cur     ret=0  data=['0xfe', '0x01', '0x01', '0x02']
14:34:33.287  DEBUG   [poll]    -> read  st2mot    
14:34:33.290  DEBUG   [poll]    <- read  st2mot     ret=0  data=['0x00', '0x00']
14:34:33.291  DEBUG   [poll]    -> read  st0cur    
14:34:33.295  DEBUG   [poll]    <- read  st0cur     ret=0  data=['0xfe', '0x01', '0x01', '0x02']
14:34:34.296  DEBUG   [poll]    -> read  st2mot    
14:34:34.300  DEBUG   [poll]    <- read  st2mot     ret=0  data=['0x00', '0x00']
14:34:34.300  DEBUG   [poll]    -> read  st0cur    
14:34:34.304  DEBUG   [poll]    <- read  st0cur     ret=0  data=['0xfe', '0x01', '0x01', '0x02']
14:34:35.306  DEBUG   [poll]    -> read  st2mot    
14:34:35.309  DEBUG   [poll]    <- read  st2mot     ret=0  data=['0x00', '0x00']
14:34:35.310  DEBUG   [poll]    -> read  st0cur    
14:34:35.314  DEBUG   [poll]    <- read  st0cur     ret=0  data=['0xfe', '0x01', '0x01', '0x02']
14:34:36.315  DEBUG   [poll]    -> read  st2mot    
14:34:36.319  DEBUG   [poll]    <- read  st2mot     ret=0  data=['0x00', '0x00']
14:34:36.319  DEBUG   [poll]    -> read  st0cur    
14:34:36.324  DEBUG   [poll]    <- read  st0cur     ret=0  data=['0xfe', '0x01', '0x01', '0x02']
14:34:37.325  DEBUG   [poll]    -> read  st2mot    
14:34:37.329  DEBUG   [poll]    <- read  st2mot     ret=0  data=['0x00', '0x00']
14:34:37.329  DEBUG   [poll]    -> read  st0cur    
14:34:37.333  DEBUG   [poll]    <- read  st0cur     ret=0  data=['0xfe', '0x01', '0x01', '0x02']
14:34:38.335  DEBUG   [poll]    -> read  st2mot    
14:34:38.338  DEBUG   [poll]    <- read  st2mot     ret=0  data=['0x00', '0x00']
14:34:38.338  DEBUG   [poll]    -> read  st0cur    
14:34:38.343  DEBUG   [poll]    <- read  st0cur     ret=0  data=['0xfe', '0x01', '0x02', '0x02']
14:34:39.344  DEBUG   [poll]    -> read  st2mot    
14:34:39.348  DEBUG   [poll]    <- read  st2mot     ret=0  data=['0x00', '0x00']
14:34:39.348  DEBUG   [poll]    -> read  st0cur    
14:34:39.352  DEBUG   [poll]    <- read  st0cur     ret=0  data=['0xfe', '0x01', '0x02', '0x02']
14:34:40.354  DEBUG   [poll]    -> read  st2mot    
14:34:40.357  DEBUG   [poll]    <- read  st2mot     ret=0  data=['0x00', '0x00']
14:34:40.357  DEBUG   [poll]    -> read  st0cur    
14:34:40.362  DEBUG   [poll]    <- read  st0cur     ret=0  data=['0xfe', '0x01', '0x01', '0x02']
14:34:41.363  DEBUG   [poll]    -> read  st2mot    
14:34:41.366  DEBUG   [poll]    <- read  st2mot     ret=0  data=['0x00', '0x00']
14:34:41.367  DEBUG   [poll]    -> read  st0cur    
14:34:41.371  DEBUG   [poll]    <- read  st0cur     ret=0  data=['0xfe', '0x01', '0x01', '0x02']
14:34:42.373  DEBUG   [poll]    -> read  st2mot    
14:34:42.376  DEBUG   [poll]    <- read  st2mot     ret=0  data=['0x00', '0x00']
14:34:42.376  DEBUG   [poll]    -> read  st0cur    
14:34:42.381  DEBUG   [poll]    <- read  st0cur     ret=0  data=['0xfe', '0x01', '0x01', '0x02']
14:34:43.382  DEBUG   [poll]    -> read  st2mot    
14:34:43.386  DEBUG   [poll]    <- read  st2mot     ret=0  data=['0x00', '0x00']
14:34:43.386  DEBUG   [poll]    -> read  st0cur    
14:34:43.390  DEBUG   [poll]    <- read  st0cur     ret=0  data=['0xfe', '0x01', '0x01', '0x02']
14:34:44.392  DEBUG   [poll]    -> read  st2mot    
14:34:44.395  DEBUG   [poll]    <- read  st2mot     ret=0  data=['0x00', '0x00']
14:34:44.395  DEBUG   [poll]    -> read  st0cur    
14:34:44.400  DEBUG   [poll]    <- read  st0cur     ret=0  data=['0xfe', '0x01', '0x01', '0x02']
14:34:45.401  DEBUG   [poll]    -> read  st2mot    
14:34:45.404  DEBUG   [poll]    <- read  st2mot     ret=0  data=['0x00', '0x00']
14:34:45.405  DEBUG   [poll]    -> read  st0cur    
14:34:45.409  DEBUG   [poll]    <- read  st0cur     ret=0  data=['0xfe', '0x01', '0x01', '0x02']
14:34:46.410  DEBUG   [poll]    -> read  st2mot    
14:34:46.414  DEBUG   [poll]    <- read  st2mot     ret=0  data=['0x00', '0x00']
14:34:46.414  DEBUG   [poll]    -> read  st0cur    
14:34:46.419  DEBUG   [poll]    <- read  st0cur     ret=0  data=['0xfd', '0x01', '0x01', '0x02']
14:34:47.420  DEBUG   [poll]    -> read  st2mot    
14:34:47.424  DEBUG   [poll]    <- read  st2mot     ret=0  data=['0x00', '0x00']
14:34:47.424  DEBUG   [poll]    -> read  st0cur    
14:34:47.428  DEBUG   [poll]    <- read  st0cur     ret=0  data=['0xfd', '0x01', '0x02', '0x02']
14:34:48.430  DEBUG   [poll]    -> read  st2mot    
14:34:48.433  DEBUG   [poll]    <- read  st2mot     ret=0  data=['0x00', '0x00']
14:34:48.433  DEBUG   [poll]    -> read  st0cur    
14:34:48.438  DEBUG   [poll]    <- read  st0cur     ret=0  data=['0xfe', '0x01', '0x01', '0x02']
14:34:49.439  DEBUG   [poll]    -> read  st2mot    
14:34:49.442  DEBUG   [poll]    <- read  st2mot     ret=0  data=['0x00', '0x00']
14:34:49.443  DEBUG   [poll]    -> read  st0cur    
14:34:49.447  DEBUG   [poll]    <- read  st0cur     ret=0  data=['0xfe', '0x01', '0x01', '0x02']
14:34:50.449  DEBUG   [poll]    -> read  st2mot    
14:34:50.452  DEBUG   [poll]    <- read  st2mot     ret=0  data=['0x00', '0x00']
14:34:50.452  DEBUG   [poll]    -> read  st0cur    
14:34:50.456  DEBUG   [poll]    <- read  st0cur     ret=0  data=['0xfd', '0x01', '0x01', '0x02']
14:34:51.458  DEBUG   [poll]    -> read  st2mot    
14:34:51.461  DEBUG   [poll]    <- read  st2mot     ret=0  data=['0x00', '0x00']
14:34:51.463  DEBUG   [poll]    -> read  st0cur    
14:34:51.467  DEBUG   [poll]    <- read  st0cur     ret=0  data=['0xfe', '0x01', '0x01', '0x02']
14:34:52.469  DEBUG   [poll]    -> read  st2mot    
14:34:52.472  DEBUG   [poll]    <- read  st2mot     ret=0  data=['0x00', '0x00']
14:34:52.472  DEBUG   [poll]    -> read  st0cur    
14:34:52.476  DEBUG   [poll]    <- read  st0cur     ret=0  data=['0xfe', '0x01', '0x02', '0x02']
14:34:53.478  DEBUG   [poll]    -> read  st2mot    
14:34:53.481  DEBUG   [poll]    <- read  st2mot     ret=0  data=['0x00', '0x00']
14:34:53.482  DEBUG   [poll]    -> read  st0cur    
14:34:53.486  DEBUG   [poll]    <- read  st0cur     ret=0  data=['0xfe', '0x01', '0x01', '0x02']
14:34:54.487  DEBUG   [poll]    -> read  st2mot    
14:34:54.491  DEBUG   [poll]    <- read  st2mot     ret=0  data=['0x00', '0x00']
14:34:54.491  DEBUG   [poll]    -> read  st0cur    
14:34:54.495  DEBUG   [poll]    <- read  st0cur     ret=0  data=['0xfd', '0x01', '0x01', '0x02']
14:34:55.497  DEBUG   [poll]    -> read  st2mot    
14:34:55.500  DEBUG   [poll]    <- read  st2mot     ret=0  data=['0x00', '0x00']
14:34:55.500  DEBUG   [poll]    -> read  st0cur    
14:34:55.505  DEBUG   [poll]    <- read  st0cur     ret=0  data=['0xfe', '0x01', '0x01', '0x02']
14:34:56.506  DEBUG   [poll]    -> read  st2mot    
14:34:56.510  DEBUG   [poll]    <- read  st2mot     ret=0  data=['0x00', '0x00']
14:34:56.510  DEBUG   [poll]    -> read  st0cur    
14:34:56.514  DEBUG   [poll]    <- read  st0cur     ret=0  data=['0xfe', '0x01', '0x02', '0x02']
14:34:57.516  DEBUG   [poll]    -> read  st2mot    
14:34:57.519  DEBUG   [poll]    <- read  st2mot     ret=0  data=['0x00', '0x00']
14:34:57.520  DEBUG   [poll]    -> read  st0cur    
14:34:57.524  DEBUG   [poll]    <- read  st0cur     ret=0  data=['0xfe', '0x01', '0x01', '0x02']
14:34:58.525  DEBUG   [poll]    -> read  st2mot    
14:34:58.529  DEBUG   [poll]    <- read  st2mot     ret=0  data=['0x00', '0x00']
14:34:58.529  DEBUG   [poll]    -> read  st0cur    
14:34:58.533  DEBUG   [poll]    <- read  st0cur     ret=0  data=['0xfd', '0x01', '0x01', '0x02']
14:34:59.535  DEBUG   [poll]    -> read  st2mot    
14:34:59.538  DEBUG   [poll]    <- read  st2mot     ret=0  data=['0x00', '0x00']
14:34:59.538  DEBUG   [poll]    -> read  st0cur    
14:34:59.543  DEBUG   [poll]    <- read  st0cur     ret=0  data=['0xfe', '0x01', '0x01', '0x02']
14:35:00.544  DEBUG   [poll]    -> read  st2mot    
14:35:00.547  DEBUG   [poll]    <- read  st2mot     ret=0  data=['0x00', '0x00']
14:35:00.548  DEBUG   [poll]    -> read  st0cur    
14:35:00.552  DEBUG   [poll]    <- read  st0cur     ret=0  data=['0xfe', '0x01', '0x01', '0x02']
14:35:01.554  DEBUG   [poll]    -> read  st2mot    
14:35:01.557  DEBUG   [poll]    <- read  st2mot     ret=0  data=['0x00', '0x00']
14:35:01.558  DEBUG   [poll]    -> read  st0cur    
14:35:01.562  DEBUG   [poll]    <- read  st0cur     ret=0  data=['0xfe', '0x01', '0x01', '0x02']
14:35:02.563  DEBUG   [poll]    -> read  st2mot    
14:35:02.567  DEBUG   [poll]    <- read  st2mot     ret=0  data=['0x00', '0x00']
14:35:02.567  DEBUG   [poll]    -> read  st0cur    
14:35:02.571  DEBUG   [poll]    <- read  st0cur     ret=0  data=['0xfe', '0x01', '0x01', '0x02']
14:35:03.573  DEBUG   [poll]    -> read  st2mot    
14:35:03.576  DEBUG   [poll]    <- read  st2mot     ret=0  data=['0x00', '0x00']
14:35:03.577  DEBUG   [poll]    -> read  st0cur    
14:35:03.581  DEBUG   [poll]    <- read  st0cur     ret=0  data=['0xfe', '0x01', '0x01', '0x02']
14:35:04.582  DEBUG   [poll]    -> read  st2mot    
14:35:04.586  DEBUG   [poll]    <- read  st2mot     ret=0  data=['0x00', '0x00']
14:35:04.586  DEBUG   [poll]    -> read  st0cur    
14:35:04.590  DEBUG   [poll]    <- read  st0cur     ret=0  data=['0xfe', '0x01', '0x01', '0x02']
14:35:05.592  DEBUG   [poll]    -> read  st2mot    
14:35:05.595  DEBUG   [poll]    <- read  st2mot     ret=0  data=['0x00', '0x00']
14:35:05.596  DEBUG   [poll]    -> read  st0cur    
14:35:05.600  DEBUG   [poll]    <- read  st0cur     ret=0  data=['0xfe', '0x01', '0x01', '0x02']
14:35:06.602  DEBUG   [poll]    -> read  st2mot    
14:35:06.605  DEBUG   [poll]    <- read  st2mot     ret=0  data=['0x00', '0x00']
14:35:06.607  DEBUG   [poll]    -> read  st0cur    
14:35:06.612  DEBUG   [poll]    <- read  st0cur     ret=0  data=['0xfd', '0x01', '0x01', '0x02']
14:35:07.613  DEBUG   [poll]    -> read  st2mot    
14:35:07.617  DEBUG   [poll]    <- read  st2mot     ret=0  data=['0x00', '0x00']
14:35:07.617  DEBUG   [poll]    -> read  st0cur    
14:35:07.621  DEBUG   [poll]    <- read  st0cur     ret=0  data=['0xfe', '0x01', '0x01', '0x02']
14:35:08.623  DEBUG   [poll]    -> read  st2mot    
14:35:08.626  DEBUG   [poll]    <- read  st2mot     ret=0  data=['0x00', '0x00']
14:35:08.627  DEBUG   [poll]    -> read  st0cur    
14:35:08.631  DEBUG   [poll]    <- read  st0cur     ret=0  data=['0xfe', '0x01', '0x01', '0x02']
14:35:09.632  DEBUG   [poll]    -> read  st2mot    
14:35:09.636  DEBUG   [poll]    <- read  st2mot     ret=0  data=['0x00', '0x00']
14:35:09.636  DEBUG   [poll]    -> read  st0cur    
14:35:09.640  DEBUG   [poll]    <- read  st0cur     ret=0  data=['0xfd', '0x01', '0x01', '0x02']
14:35:10.642  DEBUG   [poll]    -> read  st2mot    
14:35:10.645  DEBUG   [poll]    <- read  st2mot     ret=0  data=['0x00', '0x00']
14:35:10.645  DEBUG   [poll]    -> read  st0cur    
14:35:10.650  DEBUG   [poll]    <- read  st0cur     ret=0  data=['0xfe', '0x01', '0x01', '0x02']
14:35:11.651  DEBUG   [poll]    -> read  st2mot    
14:35:11.655  DEBUG   [poll]    <- read  st2mot     ret=0  data=['0x00', '0x00']
14:35:11.655  DEBUG   [poll]    -> read  st0cur    
14:35:11.660  DEBUG   [poll]    <- read  st0cur     ret=0  data=['0xfe', '0x01', '0x01', '0x02']
14:35:12.661  DEBUG   [poll]    -> read  st2mot    
14:35:12.665  DEBUG   [poll]    <- read  st2mot     ret=0  data=['0x00', '0x00']
14:35:12.665  DEBUG   [poll]    -> read  st0cur    
14:35:12.669  DEBUG   [poll]    <- read  st0cur     ret=0  data=['0xfe', '0x01', '0x02', '0x02']
14:35:13.671  DEBUG   [poll]    -> read  st2mot    
14:35:13.674  DEBUG   [poll]    <- read  st2mot     ret=0  data=['0x00', '0x00']
14:35:13.674  DEBUG   [poll]    -> read  st0cur    
14:35:13.679  DEBUG   [poll]    <- read  st0cur     ret=0  data=['0xfd', '0x01', '0x01', '0x02']
14:35:14.680  DEBUG   [poll]    -> read  st2mot    
14:35:14.684  DEBUG   [poll]    <- read  st2mot     ret=0  data=['0x00', '0x00']
14:35:14.684  DEBUG   [poll]    -> read  st0cur    
14:35:14.688  DEBUG   [poll]    <- read  st0cur     ret=0  data=['0xfe', '0x01', '0x02', '0x02']
14:35:15.690  DEBUG   [poll]    -> read  st2mot    
14:35:15.693  DEBUG   [poll]    <- read  st2mot     ret=0  data=['0x00', '0x00']
14:35:15.693  DEBUG   [poll]    -> read  st0cur    
14:35:15.698  DEBUG   [poll]    <- read  st0cur     ret=0  data=['0xfe', '0x01', '0x01', '0x02']
14:35:16.699  DEBUG   [poll]    -> read  st2mot    
14:35:16.703  DEBUG   [poll]    <- read  st2mot     ret=0  data=['0x00', '0x00']
14:35:16.703  DEBUG   [poll]    -> read  st0cur    
14:35:16.708  DEBUG   [poll]    <- read  st0cur     ret=0  data=['0xfe', '0x01', '0x01', '0x02']
14:35:17.709  DEBUG   [poll]    -> read  st2mot    
14:35:17.713  DEBUG   [poll]    <- read  st2mot     ret=0  data=['0x00', '0x00']
14:35:17.713  DEBUG   [poll]    -> read  st0cur    
14:35:17.717  DEBUG   [poll]    <- read  st0cur     ret=0  data=['0xfd', '0x01', '0x01', '0x02']
14:35:18.719  DEBUG   [poll]    -> read  st2mot    
14:35:18.722  DEBUG   [poll]    <- read  st2mot     ret=0  data=['0x00', '0x00']
14:35:18.723  DEBUG   [poll]    -> read  st0cur    
14:35:18.727  DEBUG   [poll]    <- read  st0cur     ret=0  data=['0xfd', '0x01', '0x01', '0x02']
14:35:19.728  DEBUG   [poll]    -> read  st2mot    
14:35:19.732  DEBUG   [poll]    <- read  st2mot     ret=0  data=['0x00', '0x00']
14:35:19.732  DEBUG   [poll]    -> read  st0cur    
14:35:19.736  DEBUG   [poll]    <- read  st0cur     ret=0  data=['0xfe', '0x01', '0x02', '0x02']
14:35:20.738  DEBUG   [poll]    -> read  st2mot    
14:35:20.741  DEBUG   [poll]    <- read  st2mot     ret=0  data=['0x00', '0x00']
14:35:20.742  DEBUG   [poll]    -> read  st0cur    
14:35:20.746  DEBUG   [poll]    <- read  st0cur     ret=0  data=['0xfe', '0x01', '0x01', '0x02']
14:35:21.747  DEBUG   [poll]    -> read  st2mot    
14:35:21.751  DEBUG   [poll]    <- read  st2mot     ret=0  data=['0x00', '0x00']
14:35:21.751  DEBUG   [poll]    -> read  st0cur    
14:35:21.756  DEBUG   [poll]    <- read  st0cur     ret=0  data=['0xfd', '0x01', '0x01', '0x02']
14:35:22.757  DEBUG   [poll]    -> read  st2mot    
14:35:22.760  DEBUG   [poll]    <- read  st2mot     ret=0  data=['0x00', '0x00']
14:35:22.761  DEBUG   [poll]    -> read  st0cur    
14:35:22.765  DEBUG   [poll]    <- read  st0cur     ret=0  data=['0xfd', '0x01', '0x01', '0x02']
14:35:23.767  DEBUG   [poll]    -> read  st2mot    
14:35:23.770  DEBUG   [poll]    <- read  st2mot     ret=0  data=['0x00', '0x00']
14:35:23.770  DEBUG   [poll]    -> read  st0cur    
14:35:23.774  DEBUG   [poll]    <- read  st0cur     ret=0  data=['0xfe', '0x01', '0x01', '0x02']
14:35:24.776  DEBUG   [poll]    -> read  st2mot    
14:35:24.779  DEBUG   [poll]    <- read  st2mot     ret=0  data=['0x00', '0x00']
14:35:24.780  DEBUG   [poll]    -> read  st0cur    
14:35:24.784  DEBUG   [poll]    <- read  st0cur     ret=0  data=['0xfe', '0x01', '0x02', '0x02']
14:35:25.785  DEBUG   [poll]    -> read  st2mot    
14:35:25.789  DEBUG   [poll]    <- read  st2mot     ret=0  data=['0x00', '0x00']
14:35:25.789  DEBUG   [poll]    -> read  st0cur    
14:35:25.793  DEBUG   [poll]    <- read  st0cur     ret=0  data=['0xfd', '0x01', '0x01', '0x02']
14:35:26.795  DEBUG   [poll]    -> read  st2mot    
14:35:26.798  DEBUG   [poll]    <- read  st2mot     ret=0  data=['0x00', '0x00']
14:35:26.799  DEBUG   [poll]    -> read  st0cur    
14:35:26.803  DEBUG   [poll]    <- read  st0cur     ret=0  data=['0xfe', '0x01', '0x01', '0x02']
14:35:27.804  DEBUG   [poll]    -> read  st2mot    
14:35:27.808  DEBUG   [poll]    <- read  st2mot     ret=0  data=['0x00', '0x00']
14:35:27.808  DEBUG   [poll]    -> read  st0cur    
14:35:27.812  DEBUG   [poll]    <- read  st0cur     ret=0  data=['0xfd', '0x01', '0x01', '0x02']
14:35:28.814  DEBUG   [poll]    -> read  st2mot    
14:35:28.817  DEBUG   [poll]    <- read  st2mot     ret=0  data=['0x00', '0x00']
14:35:28.818  DEBUG   [poll]    -> read  st0cur    
14:35:28.822  DEBUG   [poll]    <- read  st0cur     ret=0  data=['0xfe', '0x01', '0x01', '0x02']
14:35:29.823  DEBUG   [poll]    -> read  st2mot    
14:35:29.827  DEBUG   [poll]    <- read  st2mot     ret=0  data=['0x00', '0x00']
14:35:29.827  DEBUG   [poll]    -> read  st0cur    
14:35:29.831  DEBUG   [poll]    <- read  st0cur     ret=0  data=['0xfe', '0x01', '0x01', '0x02']
14:35:30.833  DEBUG   [poll]    -> read  st2mot    
14:35:30.836  DEBUG   [poll]    <- read  st2mot     ret=0  data=['0x00', '0x00']
14:35:30.836  DEBUG   [poll]    -> read  st0cur    
14:35:30.841  DEBUG   [poll]    <- read  st0cur     ret=0  data=['0xfe', '0x01', '0x01', '0x02']
14:35:31.842  DEBUG   [poll]    -> read  st2mot    
14:35:31.846  DEBUG   [poll]    <- read  st2mot     ret=0  data=['0x00', '0x00']
14:35:31.846  DEBUG   [poll]    -> read  st0cur    
14:35:31.850  DEBUG   [poll]    <- read  st0cur     ret=0  data=['0xfe', '0x01', '0x01', '0x02']
14:35:32.852  DEBUG   [poll]    -> read  st2mot    
14:35:32.855  DEBUG   [poll]    <- read  st2mot     ret=0  data=['0x00', '0x00']
14:35:32.856  DEBUG   [poll]    -> read  st0cur    
14:35:32.860  DEBUG   [poll]    <- read  st0cur     ret=0  data=['0xfe', '0x01', '0x01', '0x02']
14:35:33.861  DEBUG   [poll]    -> read  st2mot    
14:35:33.865  DEBUG   [poll]    <- read  st2mot     ret=0  data=['0x00', '0x00']
14:35:33.865  DEBUG   [poll]    -> read  st0cur    
14:35:33.869  DEBUG   [poll]    <- read  st0cur     ret=0  data=['0xfd', '0x01', '0x01', '0x02']
14:35:34.871  DEBUG   [poll]    -> read  st2mot    
14:35:34.874  DEBUG   [poll]    <- read  st2mot     ret=0  data=['0x00', '0x00']
14:35:34.875  DEBUG   [poll]    -> read  st0cur    
14:35:34.879  DEBUG   [poll]    <- read  st0cur     ret=0  data=['0xfe', '0x01', '0x01', '0x02']
14:35:35.880  DEBUG   [poll]    -> read  st2mot    
14:35:35.884  DEBUG   [poll]    <- read  st2mot     ret=0  data=['0x00', '0x00']
14:35:35.884  DEBUG   [poll]    -> read  st0cur    
14:35:35.888  DEBUG   [poll]    <- read  st0cur     ret=0  data=['0xfd', '0x01', '0x01', '0x02']
14:35:36.890  DEBUG   [poll]    -> read  st2mot    
14:35:36.893  DEBUG   [poll]    <- read  st2mot     ret=0  data=['0x00', '0x00']
14:35:36.894  DEBUG   [poll]    -> read  st0cur    
14:35:36.898  DEBUG   [poll]    <- read  st0cur     ret=0  data=['0xfe', '0x01', '0x01', '0x02']
14:35:37.899  DEBUG   [poll]    -> read  st2mot    
14:35:37.903  DEBUG   [poll]    <- read  st2mot     ret=0  data=['0x00', '0x00']
14:35:37.903  DEBUG   [poll]    -> read  st0cur    
14:35:37.907  DEBUG   [poll]    <- read  st0cur     ret=0  data=['0xfe', '0x01', '0x01', '0x02']
14:35:38.909  DEBUG   [poll]    -> read  st2mot    
14:35:38.912  DEBUG   [poll]    <- read  st2mot     ret=0  data=['0x00', '0x00']
14:35:38.913  DEBUG   [poll]    -> read  st0cur    
14:35:38.917  DEBUG   [poll]    <- read  st0cur     ret=0  data=['0xfe', '0x01', '0x01', '0x02']
14:35:39.918  DEBUG   [poll]    -> read  st2mot    
14:35:39.922  DEBUG   [poll]    <- read  st2mot     ret=0  data=['0x00', '0x00']
14:35:39.922  DEBUG   [poll]    -> read  st0cur    
14:35:39.926  DEBUG   [poll]    <- read  st0cur     ret=0  data=['0xfe', '0x01', '0x01', '0x02']
14:35:40.928  DEBUG   [poll]    -> read  st2mot    
14:35:40.931  DEBUG   [poll]    <- read  st2mot     ret=0  data=['0x00', '0x00']
14:35:40.932  DEBUG   [poll]    -> read  st0cur    
14:35:40.936  DEBUG   [poll]    <- read  st0cur     ret=0  data=['0xfe', '0x01', '0x01', '0x02']
14:35:41.937  DEBUG   [poll]    -> read  st2mot    
14:35:41.941  DEBUG   [poll]    <- read  st2mot     ret=0  data=['0x00', '0x00']
14:35:41.941  DEBUG   [poll]    -> read  st0cur    
14:35:41.945  DEBUG   [poll]    <- read  st0cur     ret=0  data=['0xfe', '0x01', '0x01', '0x02']
14:35:42.947  DEBUG   [poll]    -> read  st2mot    
14:35:42.950  DEBUG   [poll]    <- read  st2mot     ret=0  data=['0x00', '0x00']
14:35:42.951  DEBUG   [poll]    -> read  st0cur    
14:35:42.955  DEBUG   [poll]    <- read  st0cur     ret=0  data=['0xfe', '0x01', '0x01', '0x02']
14:35:43.956  DEBUG   [poll]    -> read  st2mot    
14:35:43.960  DEBUG   [poll]    <- read  st2mot     ret=0  data=['0x00', '0x00']
14:35:43.960  DEBUG   [poll]    -> read  st0cur    
14:35:43.964  DEBUG   [poll]    <- read  st0cur     ret=0  data=['0xfe', '0x01', '0x02', '0x02']
14:35:44.966  DEBUG   [poll]    -> read  st2mot    
14:35:44.969  DEBUG   [poll]    <- read  st2mot     ret=0  data=['0x00', '0x00']
14:35:44.970  DEBUG   [poll]    -> read  st0cur    
14:35:44.974  DEBUG   [poll]    <- read  st0cur     ret=0  data=['0xfd', '0x01', '0x01', '0x02']
14:35:45.975  DEBUG   [poll]    -> read  st2mot    
14:35:45.979  DEBUG   [poll]    <- read  st2mot     ret=0  data=['0x00', '0x00']
14:35:45.979  DEBUG   [poll]    -> read  st0cur    
14:35:45.983  DEBUG   [poll]    <- read  st0cur     ret=0  data=['0xfe', '0x01', '0x01', '0x02']
14:35:46.985  DEBUG   [poll]    -> read  st2mot    
14:35:46.988  DEBUG   [poll]    <- read  st2mot     ret=0  data=['0x00', '0x00']
14:35:46.989  DEBUG   [poll]    -> read  st0cur    
14:35:46.993  DEBUG   [poll]    <- read  st0cur     ret=0  data=['0xfe', '0x01', '0x01', '0x02']
14:35:47.994  DEBUG   [poll]    -> read  st2mot    
14:35:47.998  DEBUG   [poll]    <- read  st2mot     ret=0  data=['0x00', '0x00']
14:35:47.998  DEBUG   [poll]    -> read  st0cur    
14:35:48.002  DEBUG   [poll]    <- read  st0cur     ret=0  data=['0xfe', '0x01', '0x01', '0x02']
14:35:49.004  DEBUG   [poll]    -> read  st2mot    
14:35:49.007  DEBUG   [poll]    <- read  st2mot     ret=0  data=['0x00', '0x00']
14:35:49.008  DEBUG   [poll]    -> read  st0cur    
14:35:49.012  DEBUG   [poll]    <- read  st0cur     ret=0  data=['0xfd', '0x01', '0x01', '0x02']
14:35:50.013  DEBUG   [poll]    -> read  st2mot    
14:35:50.017  DEBUG   [poll]    <- read  st2mot     ret=0  data=['0x00', '0x00']
14:35:50.017  DEBUG   [poll]    -> read  st0cur    
14:35:50.021  DEBUG   [poll]    <- read  st0cur     ret=0  data=['0xfe', '0x01', '0x02', '0x02']
14:35:51.023  DEBUG   [poll]    -> read  st2mot    
14:35:51.026  DEBUG   [poll]    <- read  st2mot     ret=0  data=['0x00', '0x00']
14:35:51.027  DEBUG   [poll]    -> read  st0cur    
14:35:51.031  DEBUG   [poll]    <- read  st0cur     ret=0  data=['0xfe', '0x01', '0x01', '0x02']
14:35:52.032  DEBUG   [poll]    -> read  st2mot    
14:35:52.036  DEBUG   [poll]    <- read  st2mot     ret=0  data=['0x00', '0x00']
14:35:52.036  DEBUG   [poll]    -> read  st0cur    
14:35:52.041  DEBUG   [poll]    <- read  st0cur     ret=0  data=['0xfd', '0x01', '0x01', '0x02']
14:35:53.042  DEBUG   [poll]    -> read  st2mot    
14:35:53.046  DEBUG   [poll]    <- read  st2mot     ret=0  data=['0x00', '0x00']
14:35:53.046  DEBUG   [poll]    -> read  st0cur    
14:35:53.050  DEBUG   [poll]    <- read  st0cur     ret=0  data=['0xfe', '0x01', '0x01', '0x02']
14:35:54.052  DEBUG   [poll]    -> read  st2mot    
14:35:54.055  DEBUG   [poll]    <- read  st2mot     ret=0  data=['0x00', '0x00']
14:35:54.055  DEBUG   [poll]    -> read  st0cur    
14:35:54.060  DEBUG   [poll]    <- read  st0cur     ret=0  data=['0xfe', '0x01', '0x01', '0x02']
14:35:55.061  DEBUG   [poll]    -> read  st2mot    
14:35:55.065  DEBUG   [poll]    <- read  st2mot     ret=0  data=['0x00', '0x00']
14:35:55.065  DEBUG   [poll]    -> read  st0cur    
14:35:55.069  DEBUG   [poll]    <- read  st0cur     ret=0  data=['0xfe', '0x01', '0x01', '0x02']
14:35:56.071  DEBUG   [poll]    -> read  st2mot    
14:35:56.074  DEBUG   [poll]    <- read  st2mot     ret=0  data=['0x00', '0x00']
14:35:56.074  DEBUG   [poll]    -> read  st0cur    
14:35:56.079  DEBUG   [poll]    <- read  st0cur     ret=0  data=['0xfe', '0x01', '0x01', '0x02']
14:35:57.080  DEBUG   [poll]    -> read  st2mot    
14:35:57.084  DEBUG   [poll]    <- read  st2mot     ret=0  data=['0x00', '0x00']
14:35:57.084  DEBUG   [poll]    -> read  st0cur    
14:35:57.088  DEBUG   [poll]    <- read  st0cur     ret=0  data=['0xfe', '0x01', '0x01', '0x02']
14:35:58.090  DEBUG   [poll]    -> read  st2mot    
14:35:58.093  DEBUG   [poll]    <- read  st2mot     ret=0  data=['0x00', '0x00']
14:35:58.093  DEBUG   [poll]    -> read  st0cur    
14:35:58.098  DEBUG   [poll]    <- read  st0cur     ret=0  data=['0xfe', '0x01', '0x01', '0x02']
14:35:59.099  DEBUG   [poll]    -> read  st2mot    
14:35:59.103  DEBUG   [poll]    <- read  st2mot     ret=0  data=['0x00', '0x00']
14:35:59.103  DEBUG   [poll]    -> read  st0cur    
14:35:59.107  DEBUG   [poll]    <- read  st0cur     ret=0  data=['0xfe', '0x01', '0x01', '0x02']
14:36:00.109  DEBUG   [poll]    -> read  st2mot    
14:36:00.112  DEBUG   [poll]    <- read  st2mot     ret=0  data=['0x00', '0x00']
14:36:00.112  DEBUG   [poll]    -> read  st0cur    
14:36:00.116  DEBUG   [poll]    <- read  st0cur     ret=0  data=['0xfe', '0x01', '0x01', '0x02']
14:36:01.118  DEBUG   [poll]    -> read  st2mot    
14:36:01.121  DEBUG   [poll]    <- read  st2mot     ret=0  data=['0x00', '0x00']
14:36:01.122  DEBUG   [poll]    -> read  st0cur    
14:36:01.126  DEBUG   [poll]    <- read  st0cur     ret=0  data=['0xfe', '0x01', '0x01', '0x02']
14:36:02.127  DEBUG   [poll]    -> read  st2mot    
14:36:02.131  DEBUG   [poll]    <- read  st2mot     ret=0  data=['0x00', '0x00']
14:36:02.131  DEBUG   [poll]    -> read  st0cur    
14:36:02.135  DEBUG   [poll]    <- read  st0cur     ret=0  data=['0xfe', '0x01', '0x02', '0x02']
14:36:03.137  DEBUG   [poll]    -> read  st2mot    
14:36:03.140  DEBUG   [poll]    <- read  st2mot     ret=0  data=['0x00', '0x00']
14:36:03.141  DEBUG   [poll]    -> read  st0cur    
14:36:03.145  DEBUG   [poll]    <- read  st0cur     ret=0  data=['0xfe', '0x01', '0x01', '0x02']
14:36:04.146  DEBUG   [poll]    -> read  st2mot    
14:36:04.150  DEBUG   [poll]    <- read  st2mot     ret=0  data=['0x00', '0x00']
14:36:04.150  DEBUG   [poll]    -> read  st0cur    
14:36:04.154  DEBUG   [poll]    <- read  st0cur     ret=0  data=['0xfe', '0x01', '0x01', '0x02']
14:36:05.156  DEBUG   [poll]    -> read  st2mot    
14:36:05.159  DEBUG   [poll]    <- read  st2mot     ret=0  data=['0x00', '0x00']
14:36:05.160  DEBUG   [poll]    -> read  st0cur    
14:36:05.164  DEBUG   [poll]    <- read  st0cur     ret=0  data=['0xfe', '0x01', '0x01', '0x02']
14:36:06.165  DEBUG   [poll]    -> read  st2mot    
14:36:06.169  DEBUG   [poll]    <- read  st2mot     ret=0  data=['0x00', '0x00']
14:36:06.169  DEBUG   [poll]    -> read  st0cur    
14:36:06.173  DEBUG   [poll]    <- read  st0cur     ret=0  data=['0xfe', '0x01', '0x01', '0x02']
14:36:07.175  DEBUG   [poll]    -> read  st2mot    
14:36:07.178  DEBUG   [poll]    <- read  st2mot     ret=0  data=['0x00', '0x00']
14:36:07.179  DEBUG   [poll]    -> read  st0cur    
14:36:07.183  DEBUG   [poll]    <- read  st0cur     ret=0  data=['0xfe', '0x01', '0x01', '0x02']
14:36:08.184  DEBUG   [poll]    -> read  st2mot    
14:36:08.188  DEBUG   [poll]    <- read  st2mot     ret=0  data=['0x00', '0x00']
14:36:08.188  DEBUG   [poll]    -> read  st0cur    
14:36:08.192  DEBUG   [poll]    <- read  st0cur     ret=0  data=['0xfd', '0x01', '0x01', '0x02']
14:36:09.194  DEBUG   [poll]    -> read  st2mot    
14:36:09.197  DEBUG   [poll]    <- read  st2mot     ret=0  data=['0x00', '0x00']
14:36:09.198  DEBUG   [poll]    -> read  st0cur    
14:36:09.202  DEBUG   [poll]    <- read  st0cur     ret=0  data=['0xfe', '0x01', '0x01', '0x02']
14:36:10.203  DEBUG   [poll]    -> read  st2mot    
14:36:10.207  DEBUG   [poll]    <- read  st2mot     ret=0  data=['0x00', '0x00']
14:36:10.207  DEBUG   [poll]    -> read  st0cur    
14:36:10.211  DEBUG   [poll]    <- read  st0cur     ret=0  data=['0xfd', '0x01', '0x01', '0x02']
14:36:11.213  DEBUG   [poll]    -> read  st2mot    
14:36:11.216  DEBUG   [poll]    <- read  st2mot     ret=0  data=['0x00', '0x00']
14:36:11.216  DEBUG   [poll]    -> read  st0cur    
14:36:11.221  DEBUG   [poll]    <- read  st0cur     ret=0  data=['0xfe', '0x01', '0x01', '0x02']
14:36:12.222  DEBUG   [poll]    -> read  st2mot    
14:36:12.225  DEBUG   [poll]    <- read  st2mot     ret=0  data=['0x00', '0x00']
14:36:12.226  DEBUG   [poll]    -> read  st0cur    
14:36:12.230  DEBUG   [poll]    <- read  st0cur     ret=0  data=['0xfd', '0x01', '0x01', '0x02']
14:36:13.232  DEBUG   [poll]    -> read  st2mot    
14:36:13.235  DEBUG   [poll]    <- read  st2mot     ret=0  data=['0x00', '0x00']
14:36:13.236  DEBUG   [poll]    -> read  st0cur    
14:36:13.240  DEBUG   [poll]    <- read  st0cur     ret=0  data=['0xfe', '0x01', '0x01', '0x02']
14:36:14.241  DEBUG   [poll]    -> read  st2mot    
14:36:14.245  DEBUG   [poll]    <- read  st2mot     ret=0  data=['0x00', '0x00']
14:36:14.245  DEBUG   [poll]    -> read  st0cur    
14:36:14.249  DEBUG   [poll]    <- read  st0cur     ret=0  data=['0xfe', '0x01', '0x01', '0x02']
14:36:15.251  DEBUG   [poll]    -> read  st2mot    
14:36:15.255  DEBUG   [poll]    <- read  st2mot     ret=0  data=['0x00', '0x00']
14:36:15.255  DEBUG   [poll]    -> read  st0cur    
14:36:15.259  DEBUG   [poll]    <- read  st0cur     ret=0  data=['0xfe', '0x01', '0x01', '0x02']
14:36:16.261  DEBUG   [poll]    -> read  st2mot    
14:36:16.264  DEBUG   [poll]    <- read  st2mot     ret=0  data=['0x00', '0x00']
14:36:16.265  DEBUG   [poll]    -> read  st0cur    
14:36:16.269  DEBUG   [poll]    <- read  st0cur     ret=0  data=['0xfe', '0x01', '0x01', '0x02']
14:36:17.270  DEBUG   [poll]    -> read  st2mot    
14:36:17.274  DEBUG   [poll]    <- read  st2mot     ret=0  data=['0x00', '0x00']
14:36:17.275  DEBUG   [poll]    -> read  st0cur    
14:36:17.279  DEBUG   [poll]    <- read  st0cur     ret=0  data=['0xfd', '0x01', '0x01', '0x02']
14:36:18.280  DEBUG   [poll]    -> read  st2mot    
14:36:18.284  DEBUG   [poll]    <- read  st2mot     ret=0  data=['0x00', '0x00']
14:36:18.284  DEBUG   [poll]    -> read  st0cur    
14:36:18.289  DEBUG   [poll]    <- read  st0cur     ret=0  data=['0xfe', '0x01', '0x01', '0x02']
14:36:19.290  DEBUG   [poll]    -> read  st2mot    
14:36:19.294  DEBUG   [poll]    <- read  st2mot     ret=0  data=['0x00', '0x00']
14:36:19.294  DEBUG   [poll]    -> read  st0cur    
14:36:19.298  DEBUG   [poll]    <- read  st0cur     ret=0  data=['0xfe', '0x01', '0x01', '0x02']
14:36:20.300  DEBUG   [poll]    -> read  st2mot    
14:36:20.303  DEBUG   [poll]    <- read  st2mot     ret=0  data=['0x00', '0x00']
14:36:20.304  DEBUG   [poll]    -> read  st0cur    
14:36:20.308  DEBUG   [poll]    <- read  st0cur     ret=0  data=['0xfe', '0x01', '0x02', '0x02']
14:36:21.309  DEBUG   [poll]    -> read  st2mot    
14:36:21.313  DEBUG   [poll]    <- read  st2mot     ret=0  data=['0x00', '0x00']
14:36:21.313  DEBUG   [poll]    -> read  st0cur    
14:36:21.317  DEBUG   [poll]    <- read  st0cur     ret=0  data=['0xfe', '0x01', '0x01', '0x02']
14:36:22.319  DEBUG   [poll]    -> read  st2mot    
14:36:22.322  DEBUG   [poll]    <- read  st2mot     ret=0  data=['0x00', '0x00']
14:36:22.323  DEBUG   [poll]    -> read  st0cur    
14:36:22.327  DEBUG   [poll]    <- read  st0cur     ret=0  data=['0xfd', '0x01', '0x01', '0x02']
14:36:23.328  DEBUG   [poll]    -> read  st2mot    
14:36:23.332  DEBUG   [poll]    <- read  st2mot     ret=0  data=['0x00', '0x00']
14:36:23.332  DEBUG   [poll]    -> read  st0cur    
14:36:23.336  DEBUG   [poll]    <- read  st0cur     ret=0  data=['0xfe', '0x01', '0x01', '0x02']
14:36:24.338  DEBUG   [poll]    -> read  st2mot    
14:36:24.341  DEBUG   [poll]    <- read  st2mot     ret=0  data=['0x00', '0x00']
14:36:24.342  DEBUG   [poll]    -> read  st0cur    
14:36:24.346  DEBUG   [poll]    <- read  st0cur     ret=0  data=['0xfe', '0x01', '0x01', '0x02']
14:36:25.347  DEBUG   [poll]    -> read  st2mot    
14:36:25.351  DEBUG   [poll]    <- read  st2mot     ret=0  data=['0x00', '0x00']
14:36:25.351  DEBUG   [poll]    -> read  st0cur    
14:36:25.355  DEBUG   [poll]    <- read  st0cur     ret=0  data=['0xfe', '0x01', '0x02', '0x02']
14:36:26.357  DEBUG   [poll]    -> read  st2mot    
14:36:26.360  DEBUG   [poll]    <- read  st2mot     ret=0  data=['0x00', '0x00']
14:36:26.361  DEBUG   [poll]    -> read  st0cur    
14:36:26.365  DEBUG   [poll]    <- read  st0cur     ret=0  data=['0xfe', '0x01', '0x01', '0x02']
14:36:27.366  DEBUG   [poll]    -> read  st2mot    
14:36:27.370  DEBUG   [poll]    <- read  st2mot     ret=0  data=['0x00', '0x00']
14:36:27.370  DEBUG   [poll]    -> read  st0cur    
14:36:27.375  DEBUG   [poll]    <- read  st0cur     ret=0  data=['0xfe', '0x01', '0x02', '0x02']
14:36:28.376  DEBUG   [poll]    -> read  st2mot    
14:36:28.380  DEBUG   [poll]    <- read  st2mot     ret=0  data=['0x00', '0x00']
14:36:28.380  DEBUG   [poll]    -> read  st0cur    
14:36:28.384  DEBUG   [poll]    <- read  st0cur     ret=0  data=['0xfe', '0x01', '0x01', '0x02']
14:36:29.386  DEBUG   [poll]    -> read  st2mot    
14:36:29.389  DEBUG   [poll]    <- read  st2mot     ret=0  data=['0x00', '0x00']
14:36:29.389  DEBUG   [poll]    -> read  st0cur    
14:36:29.394  DEBUG   [poll]    <- read  st0cur     ret=0  data=['0xfe', '0x01', '0x01', '0x02']
14:36:30.395  DEBUG   [poll]    -> read  st2mot    
14:36:30.398  DEBUG   [poll]    <- read  st2mot     ret=0  data=['0x00', '0x00']
14:36:30.399  DEBUG   [poll]    -> read  st0cur    
14:36:30.403  DEBUG   [poll]    <- read  st0cur     ret=0  data=['0xfe', '0x01', '0x01', '0x02']
14:36:31.404  DEBUG   [poll]    -> read  st2mot    
14:36:31.408  DEBUG   [poll]    <- read  st2mot     ret=0  data=['0x00', '0x00']
14:36:31.408  DEBUG   [poll]    -> read  st0cur    
14:36:31.412  DEBUG   [poll]    <- read  st0cur     ret=0  data=['0xfe', '0x01', '0x01', '0x02']
14:36:32.414  DEBUG   [poll]    -> read  st2mot    
14:36:32.417  DEBUG   [poll]    <- read  st2mot     ret=0  data=['0x00', '0x00']
14:36:32.418  DEBUG   [poll]    -> read  st0cur    
14:36:32.422  DEBUG   [poll]    <- read  st0cur     ret=0  data=['0xfe', '0x01', '0x01', '0x02']
14:36:33.424  DEBUG   [poll]    -> read  st2mot    
14:36:33.427  DEBUG   [poll]    <- read  st2mot     ret=0  data=['0x00', '0x00']
14:36:33.427  DEBUG   [poll]    -> read  st0cur    
14:36:33.432  DEBUG   [poll]    <- read  st0cur     ret=0  data=['0xfe', '0x01', '0x01', '0x02']
14:36:34.433  DEBUG   [poll]    -> read  st2mot    
14:36:34.436  DEBUG   [poll]    <- read  st2mot     ret=0  data=['0x00', '0x00']
14:36:34.437  DEBUG   [poll]    -> read  st0cur    
14:36:34.441  DEBUG   [poll]    <- read  st0cur     ret=0  data=['0xfe', '0x01', '0x02', '0x02']
14:36:35.443  DEBUG   [poll]    -> read  st2mot    
14:36:35.446  DEBUG   [poll]    <- read  st2mot     ret=0  data=['0x00', '0x00']
14:36:35.446  DEBUG   [poll]    -> read  st0cur    
14:36:35.450  DEBUG   [poll]    <- read  st0cur     ret=0  data=['0xfe', '0x01', '0x01', '0x02']
14:36:36.452  DEBUG   [poll]    -> read  st2mot    
14:36:36.455  DEBUG   [poll]    <- read  st2mot     ret=0  data=['0x00', '0x00']
14:36:36.456  DEBUG   [poll]    -> read  st0cur    
14:36:36.460  DEBUG   [poll]    <- read  st0cur     ret=0  data=['0xfe', '0x01', '0x01', '0x02']
14:36:37.461  DEBUG   [poll]    -> read  st2mot    
14:36:37.465  DEBUG   [poll]    <- read  st2mot     ret=0  data=['0x00', '0x00']
14:36:37.465  DEBUG   [poll]    -> read  st0cur    
14:36:37.470  DEBUG   [poll]    <- read  st0cur     ret=0  data=['0xfe', '0x01', '0x01', '0x02']
14:36:38.471  DEBUG   [poll]    -> read  st2mot    
14:36:38.475  DEBUG   [poll]    <- read  st2mot     ret=0  data=['0x00', '0x00']
14:36:38.475  DEBUG   [poll]    -> read  st0cur    
14:36:38.479  DEBUG   [poll]    <- read  st0cur     ret=0  data=['0xfe', '0x01', '0x01', '0x02']
14:36:39.481  DEBUG   [poll]    -> read  st2mot    
14:36:39.484  DEBUG   [poll]    <- read  st2mot     ret=0  data=['0x00', '0x00']
14:36:39.484  DEBUG   [poll]    -> read  st0cur    
14:36:39.489  DEBUG   [poll]    <- read  st0cur     ret=0  data=['0xfd', '0x01', '0x02', '0x02']
14:36:40.490  DEBUG   [poll]    -> read  st2mot    
14:36:40.493  DEBUG   [poll]    <- read  st2mot     ret=0  data=['0x00', '0x00']
14:36:40.494  DEBUG   [poll]    -> read  st0cur    
14:36:40.498  DEBUG   [poll]    <- read  st0cur     ret=0  data=['0xfe', '0x01', '0x01', '0x02']
14:36:41.499  DEBUG   [poll]    -> read  st2mot    
14:36:41.503  DEBUG   [poll]    <- read  st2mot     ret=0  data=['0x00', '0x00']
14:36:41.503  DEBUG   [poll]    -> read  st0cur    
14:36:41.507  DEBUG   [poll]    <- read  st0cur     ret=0  data=['0xfe', '0x01', '0x02', '0x02']
14:36:42.509  DEBUG   [poll]    -> read  st2mot    
14:36:42.512  DEBUG   [poll]    <- read  st2mot     ret=0  data=['0x00', '0x00']
14:36:42.513  DEBUG   [poll]    -> read  st0cur    
14:36:42.517  DEBUG   [poll]    <- read  st0cur     ret=0  data=['0xfe', '0x01', '0x01', '0x02']
14:36:43.519  DEBUG   [poll]    -> read  st2mot    
14:36:43.522  DEBUG   [poll]    <- read  st2mot     ret=0  data=['0x00', '0x00']
14:36:43.522  DEBUG   [poll]    -> read  st0cur    
14:36:43.527  DEBUG   [poll]    <- read  st0cur     ret=0  data=['0xfe', '0x01', '0x01', '0x02']
14:36:44.528  DEBUG   [poll]    -> read  st2mot    
14:36:44.532  DEBUG   [poll]    <- read  st2mot     ret=0  data=['0x00', '0x00']
14:36:44.532  DEBUG   [poll]    -> read  st0cur    
14:36:44.536  DEBUG   [poll]    <- read  st0cur     ret=0  data=['0xfe', '0x01', '0x01', '0x02']
14:36:45.538  DEBUG   [poll]    -> read  st2mot    
14:36:45.541  DEBUG   [poll]    <- read  st2mot     ret=0  data=['0x00', '0x00']
14:36:45.541  DEBUG   [poll]    -> read  st0cur    
14:36:45.546  DEBUG   [poll]    <- read  st0cur     ret=0  data=['0xfe', '0x01', '0x01', '0x02']
14:36:46.547  DEBUG   [poll]    -> read  st2mot    
14:36:46.551  DEBUG   [poll]    <- read  st2mot     ret=0  data=['0x00', '0x00']
14:36:46.551  DEBUG   [poll]    -> read  st0cur    
14:36:46.555  DEBUG   [poll]    <- read  st0cur     ret=0  data=['0xfe', '0x01', '0x01', '0x02']
14:36:47.557  DEBUG   [poll]    -> read  st2mot    
14:36:47.564  DEBUG   [poll]    <- read  st2mot     ret=0  data=['0x00', '0x00']
14:36:47.564  DEBUG   [poll]    -> read  st0cur    
14:36:47.568  DEBUG   [poll]    <- read  st0cur     ret=0  data=['0xfe', '0x01', '0x01', '0x02']
14:36:48.570  DEBUG   [poll]    -> read  st2mot    
14:36:48.573  DEBUG   [poll]    <- read  st2mot     ret=0  data=['0x00', '0x00']
14:36:48.574  DEBUG   [poll]    -> read  st0cur    
14:36:48.578  DEBUG   [poll]    <- read  st0cur     ret=0  data=['0xfe', '0x01', '0x01', '0x02']
14:36:49.579  DEBUG   [poll]    -> read  st2mot    
14:36:49.583  DEBUG   [poll]    <- read  st2mot     ret=0  data=['0x00', '0x00']
14:36:49.583  DEBUG   [poll]    -> read  st0cur    
14:36:49.587  DEBUG   [poll]    <- read  st0cur     ret=0  data=['0xfe', '0x01', '0x01', '0x02']
14:36:50.589  DEBUG   [poll]    -> read  st2mot    
14:36:50.592  DEBUG   [poll]    <- read  st2mot     ret=0  data=['0x00', '0x00']
14:36:50.592  DEBUG   [poll]    -> read  st0cur    
14:36:50.597  DEBUG   [poll]    <- read  st0cur     ret=0  data=['0xfe', '0x01', '0x01', '0x02']
14:36:51.598  DEBUG   [poll]    -> read  st2mot    
14:36:51.601  DEBUG   [poll]    <- read  st2mot     ret=0  data=['0x00', '0x00']
14:36:51.602  DEBUG   [poll]    -> read  st0cur    
14:36:51.606  DEBUG   [poll]    <- read  st0cur     ret=0  data=['0xfe', '0x01', '0x01', '0x02']
14:36:52.608  DEBUG   [poll]    -> read  st2mot    
14:36:52.614  DEBUG   [poll]    <- read  st2mot     ret=0  data=['0x00', '0x00']
14:36:52.615  DEBUG   [poll]    -> read  st0cur    
14:36:52.619  DEBUG   [poll]    <- read  st0cur     ret=0  data=['0xfe', '0x01', '0x01', '0x02']
14:36:53.620  DEBUG   [poll]    -> read  st2mot    
14:36:53.624  DEBUG   [poll]    <- read  st2mot     ret=0  data=['0x00', '0x00']
14:36:53.624  DEBUG   [poll]    -> read  st0cur    
14:36:53.628  DEBUG   [poll]    <- read  st0cur     ret=0  data=['0xfe', '0x01', '0x01', '0x02']
14:36:54.630  DEBUG   [poll]    -> read  st2mot    
14:36:54.633  DEBUG   [poll]    <- read  st2mot     ret=0  data=['0x00', '0x00']
14:36:54.633  DEBUG   [poll]    -> read  st0cur    
14:36:54.638  DEBUG   [poll]    <- read  st0cur     ret=0  data=['0xfe', '0x01', '0x01', '0x02']
14:36:55.639  DEBUG   [poll]    -> read  st2mot    
14:36:55.643  DEBUG   [poll]    <- read  st2mot     ret=0  data=['0x00', '0x00']
14:36:55.643  DEBUG   [poll]    -> read  st0cur    
14:36:55.647  DEBUG   [poll]    <- read  st0cur     ret=0  data=['0xfe', '0x01', '0x01', '0x02']
14:36:56.649  DEBUG   [poll]    -> read  st2mot    
14:36:56.652  DEBUG   [poll]    <- read  st2mot     ret=0  data=['0x00', '0x00']
14:36:56.652  DEBUG   [poll]    -> read  st0cur    
14:36:56.657  DEBUG   [poll]    <- read  st0cur     ret=0  data=['0xfe', '0x01', '0x02', '0x02']
14:36:57.658  DEBUG   [poll]    -> read  st2mot    
14:36:57.665  DEBUG   [poll]    <- read  st2mot     ret=0  data=['0x00', '0x00']
14:36:57.665  DEBUG   [poll]    -> read  st0cur    
14:36:57.670  DEBUG   [poll]    <- read  st0cur     ret=0  data=['0xfe', '0x01', '0x02', '0x02']
14:36:58.671  DEBUG   [poll]    -> read  st2mot    
14:36:58.674  DEBUG   [poll]    <- read  st2mot     ret=0  data=['0x00', '0x00']
14:36:58.675  DEBUG   [poll]    -> read  st0cur    
14:36:58.679  DEBUG   [poll]    <- read  st0cur     ret=0  data=['0xfe', '0x01', '0x01', '0x02']
14:36:59.681  DEBUG   [poll]    -> read  st2mot    
14:36:59.684  DEBUG   [poll]    <- read  st2mot     ret=0  data=['0x00', '0x00']
14:36:59.684  DEBUG   [poll]    -> read  st0cur    
14:36:59.688  DEBUG   [poll]    <- read  st0cur     ret=0  data=['0xfd', '0x01', '0x01', '0x02']
14:37:00.690  DEBUG   [poll]    -> read  st2mot    
14:37:00.693  DEBUG   [poll]    <- read  st2mot     ret=0  data=['0x00', '0x00']
14:37:00.694  DEBUG   [poll]    -> read  st0cur    
14:37:00.698  DEBUG   [poll]    <- read  st0cur     ret=0  data=['0xfe', '0x01', '0x01', '0x02']
14:37:01.700  DEBUG   [poll]    -> read  st2mot    
14:37:01.703  DEBUG   [poll]    <- read  st2mot     ret=0  data=['0x00', '0x00']
14:37:01.703  DEBUG   [poll]    -> read  st0cur    
14:37:01.708  DEBUG   [poll]    <- read  st0cur     ret=0  data=['0xfe', '0x01', '0x01', '0x02']
14:37:02.709  DEBUG   [poll]    -> read  st2mot    
14:37:02.716  DEBUG   [poll]    <- read  st2mot     ret=0  data=['0x00', '0x00']
14:37:02.716  DEBUG   [poll]    -> read  st0cur    
14:37:02.721  DEBUG   [poll]    <- read  st0cur     ret=0  data=['0xfe', '0x01', '0x01', '0x02']
14:37:03.722  DEBUG   [poll]    -> read  st2mot    
14:37:03.726  DEBUG   [poll]    <- read  st2mot     ret=0  data=['0x00', '0x00']
14:37:03.726  DEBUG   [poll]    -> read  st0cur    
14:37:03.730  DEBUG   [poll]    <- read  st0cur     ret=0  data=['0xfe', '0x01', '0x02', '0x02']
14:37:04.732  DEBUG   [poll]    -> read  st2mot    
14:37:04.735  DEBUG   [poll]    <- read  st2mot     ret=0  data=['0x00', '0x00']
14:37:04.735  DEBUG   [poll]    -> read  st0cur    
14:37:04.740  DEBUG   [poll]    <- read  st0cur     ret=0  data=['0xfe', '0x01', '0x01', '0x02']
14:37:05.741  DEBUG   [poll]    -> read  st2mot    
14:37:05.744  DEBUG   [poll]    <- read  st2mot     ret=0  data=['0x00', '0x00']
14:37:05.745  DEBUG   [poll]    -> read  st0cur    
14:37:05.749  DEBUG   [poll]    <- read  st0cur     ret=0  data=['0xfe', '0x01', '0x01', '0x02']
14:37:06.750  DEBUG   [poll]    -> read  st2mot    
14:37:06.754  DEBUG   [poll]    <- read  st2mot     ret=0  data=['0x00', '0x00']
14:37:06.754  DEBUG   [poll]    -> read  st0cur    
14:37:06.758  DEBUG   [poll]    <- read  st0cur     ret=0  data=['0xfe', '0x01', '0x01', '0x02']
14:37:07.760  DEBUG   [poll]    -> read  st2mot    
14:37:07.767  DEBUG   [poll]    <- read  st2mot     ret=0  data=['0x00', '0x00']
14:37:07.767  DEBUG   [poll]    -> read  st0cur    
14:37:07.772  DEBUG   [poll]    <- read  st0cur     ret=0  data=['0xfe', '0x01', '0x01', '0x02']
14:37:08.773  DEBUG   [poll]    -> read  st2mot    
14:37:08.776  DEBUG   [poll]    <- read  st2mot     ret=0  data=['0x00', '0x00']
14:37:08.777  DEBUG   [poll]    -> read  st0cur    
14:37:08.781  DEBUG   [poll]    <- read  st0cur     ret=0  data=['0xfe', '0x01', '0x02', '0x02']
14:37:09.783  DEBUG   [poll]    -> read  st2mot    
14:37:09.786  DEBUG   [poll]    <- read  st2mot     ret=0  data=['0x00', '0x00']
14:37:09.786  DEBUG   [poll]    -> read  st0cur    
14:37:09.791  DEBUG   [poll]    <- read  st0cur     ret=0  data=['0xfd', '0x01', '0x01', '0x02']
14:37:10.792  DEBUG   [poll]    -> read  st2mot    
14:37:10.795  DEBUG   [poll]    <- read  st2mot     ret=0  data=['0x00', '0x00']
14:37:10.796  DEBUG   [poll]    -> read  st0cur    
14:37:10.800  DEBUG   [poll]    <- read  st0cur     ret=0  data=['0xfe', '0x01', '0x01', '0x02']
14:37:11.801  DEBUG   [poll]    -> read  st2mot    
14:37:11.805  DEBUG   [poll]    <- read  st2mot     ret=0  data=['0x00', '0x00']
14:37:11.805  DEBUG   [poll]    -> read  st0cur    
14:37:11.809  DEBUG   [poll]    <- read  st0cur     ret=0  data=['0xfe', '0x01', '0x01', '0x02']
14:37:12.811  DEBUG   [poll]    -> read  st2mot    
14:37:12.818  DEBUG   [poll]    <- read  st2mot     ret=0  data=['0x00', '0x00']
14:37:12.819  DEBUG   [poll]    -> read  st0cur    
14:37:12.823  DEBUG   [poll]    <- read  st0cur     ret=0  data=['0xfe', '0x01', '0x01', '0x02']
14:37:13.824  DEBUG   [poll]    -> read  st2mot    
14:37:13.828  DEBUG   [poll]    <- read  st2mot     ret=0  data=['0x00', '0x00']
14:37:13.828  DEBUG   [poll]    -> read  st0cur    
14:37:13.832  DEBUG   [poll]    <- read  st0cur     ret=0  data=['0xfd', '0x01', '0x02', '0x02']
14:37:14.834  DEBUG   [poll]    -> read  st2mot    
14:37:14.837  DEBUG   [poll]    <- read  st2mot     ret=0  data=['0x00', '0x00']
14:37:14.838  DEBUG   [poll]    -> read  st0cur    
14:37:14.842  DEBUG   [poll]    <- read  st0cur     ret=0  data=['0xfe', '0x01', '0x01', '0x02']
14:37:15.843  DEBUG   [poll]    -> read  st2mot    
14:37:15.847  DEBUG   [poll]    <- read  st2mot     ret=0  data=['0x00', '0x00']
14:37:15.847  DEBUG   [poll]    -> read  st0cur    
14:37:15.852  DEBUG   [poll]    <- read  st0cur     ret=0  data=['0xfd', '0x01', '0x01', '0x02']
14:37:16.853  DEBUG   [poll]    -> read  st2mot    
14:37:16.856  DEBUG   [poll]    <- read  st2mot     ret=0  data=['0x00', '0x00']
14:37:16.857  DEBUG   [poll]    -> read  st0cur    
14:37:16.861  DEBUG   [poll]    <- read  st0cur     ret=0  data=['0xfd', '0x01', '0x01', '0x02']
14:37:17.863  DEBUG   [poll]    -> read  st2mot    
14:37:17.870  DEBUG   [poll]    <- read  st2mot     ret=0  data=['0x00', '0x00']
14:37:17.870  DEBUG   [poll]    -> read  st0cur    
14:37:17.874  DEBUG   [poll]    <- read  st0cur     ret=0  data=['0xfe', '0x01', '0x01', '0x02']
14:37:18.876  DEBUG   [poll]    -> read  st2mot    
14:37:18.879  DEBUG   [poll]    <- read  st2mot     ret=0  data=['0x00', '0x00']
14:37:18.880  DEBUG   [poll]    -> read  st0cur    
14:37:18.884  DEBUG   [poll]    <- read  st0cur     ret=0  data=['0xfe', '0x01', '0x01', '0x02']
14:37:19.885  DEBUG   [poll]    -> read  st2mot    
14:37:19.889  DEBUG   [poll]    <- read  st2mot     ret=0  data=['0x00', '0x00']
14:37:19.889  DEBUG   [poll]    -> read  st0cur    
14:37:19.893  DEBUG   [poll]    <- read  st0cur     ret=0  data=['0xfd', '0x01', '0x01', '0x02']
14:37:20.895  DEBUG   [poll]    -> read  st2mot    
14:37:20.898  DEBUG   [poll]    <- read  st2mot     ret=0  data=['0x00', '0x00']
14:37:20.898  DEBUG   [poll]    -> read  st0cur    
14:37:20.903  DEBUG   [poll]    <- read  st0cur     ret=0  data=['0xfd', '0x01', '0x02', '0x02']
14:37:21.904  DEBUG   [poll]    -> read  st2mot    
14:37:21.907  DEBUG   [poll]    <- read  st2mot     ret=0  data=['0x00', '0x00']
14:37:21.908  DEBUG   [poll]    -> read  st0cur    
14:37:21.912  DEBUG   [poll]    <- read  st0cur     ret=0  data=['0xfe', '0x01', '0x01', '0x02']
14:37:22.913  DEBUG   [poll]    -> read  st2mot    
14:37:22.920  DEBUG   [poll]    <- read  st2mot     ret=0  data=['0x00', '0x00']
14:37:22.921  DEBUG   [poll]    -> read  st0cur    
14:37:22.925  DEBUG   [poll]    <- read  st0cur     ret=0  data=['0xfd', '0x01', '0x01', '0x02']
14:37:23.927  DEBUG   [poll]    -> read  st2mot    
14:37:23.930  DEBUG   [poll]    <- read  st2mot     ret=0  data=['0x00', '0x00']
14:37:23.930  DEBUG   [poll]    -> read  st0cur    
14:37:23.935  DEBUG   [poll]    <- read  st0cur     ret=0  data=['0xfe', '0x01', '0x01', '0x02']
14:37:24.936  DEBUG   [poll]    -> read  st2mot    
14:37:24.939  DEBUG   [poll]    <- read  st2mot     ret=0  data=['0x00', '0x00']
14:37:24.940  DEBUG   [poll]    -> read  st0cur    
14:37:24.944  DEBUG   [poll]    <- read  st0cur     ret=0  data=['0xfe', '0x01', '0x01', '0x02']
14:37:25.945  DEBUG   [poll]    -> read  st2mot    
14:37:25.949  DEBUG   [poll]    <- read  st2mot     ret=0  data=['0x00', '0x00']
14:37:25.949  DEBUG   [poll]    -> read  st0cur    
14:37:25.953  DEBUG   [poll]    <- read  st0cur     ret=0  data=['0xfe', '0x01', '0x01', '0x02']
14:37:26.955  DEBUG   [poll]    -> read  st2mot    
14:37:26.958  DEBUG   [poll]    <- read  st2mot     ret=0  data=['0x00', '0x00']
14:37:26.959  DEBUG   [poll]    -> read  st0cur    
14:37:26.963  DEBUG   [poll]    <- read  st0cur     ret=0  data=['0xfe', '0x01', '0x01', '0x02']
14:37:27.964  DEBUG   [poll]    -> read  st2mot    
14:37:27.971  DEBUG   [poll]    <- read  st2mot     ret=0  data=['0x00', '0x00']
14:37:27.971  DEBUG   [poll]    -> read  st0cur    
14:37:27.975  DEBUG   [poll]    <- read  st0cur     ret=0  data=['0xfe', '0x01', '0x01', '0x02']
14:37:28.977  DEBUG   [poll]    -> read  st2mot    
14:37:28.980  DEBUG   [poll]    <- read  st2mot     ret=0  data=['0x00', '0x00']
14:37:28.981  DEBUG   [poll]    -> read  st0cur    
14:37:28.985  DEBUG   [poll]    <- read  st0cur     ret=0  data=['0xfe', '0x01', '0x01', '0x02']
14:37:29.986  DEBUG   [poll]    -> read  st2mot    
14:37:29.990  DEBUG   [poll]    <- read  st2mot     ret=0  data=['0x00', '0x00']
14:37:29.990  DEBUG   [poll]    -> read  st0cur    
14:37:29.994  DEBUG   [poll]    <- read  st0cur     ret=0  data=['0xfe', '0x01', '0x01', '0x02']
14:37:30.996  DEBUG   [poll]    -> read  st2mot    
14:37:30.999  DEBUG   [poll]    <- read  st2mot     ret=0  data=['0x00', '0x00']
14:37:30.999  DEBUG   [poll]    -> read  st0cur    
14:37:31.004  DEBUG   [poll]    <- read  st0cur     ret=0  data=['0xfd', '0x01', '0x01', '0x02']
14:37:32.005  DEBUG   [poll]    -> read  st2mot    
14:37:32.009  DEBUG   [poll]    <- read  st2mot     ret=0  data=['0x00', '0x00']
14:37:32.009  DEBUG   [poll]    -> read  st0cur    
14:37:32.013  DEBUG   [poll]    <- read  st0cur     ret=0  data=['0xfd', '0x01', '0x02', '0x02']
14:37:33.015  DEBUG   [poll]    -> read  st2mot    
14:37:33.022  DEBUG   [poll]    <- read  st2mot     ret=0  data=['0x00', '0x00']
14:37:33.022  DEBUG   [poll]    -> read  st0cur    
14:37:33.026  DEBUG   [poll]    <- read  st0cur     ret=0  data=['0xfe', '0x01', '0x01', '0x02']
14:37:34.028  DEBUG   [poll]    -> read  st2mot    
14:37:34.031  DEBUG   [poll]    <- read  st2mot     ret=0  data=['0x00', '0x00']
14:37:34.032  DEBUG   [poll]    -> read  st0cur    
14:37:34.036  DEBUG   [poll]    <- read  st0cur     ret=0  data=['0xfe', '0x01', '0x01', '0x02']
14:37:35.037  DEBUG   [poll]    -> read  st2mot    
14:37:35.041  DEBUG   [poll]    <- read  st2mot     ret=0  data=['0x00', '0x00']
14:37:35.041  DEBUG   [poll]    -> read  st0cur    
14:37:35.045  DEBUG   [poll]    <- read  st0cur     ret=0  data=['0xfe', '0x01', '0x02', '0x02']
14:37:36.047  DEBUG   [poll]    -> read  st2mot    
14:37:36.050  DEBUG   [poll]    <- read  st2mot     ret=0  data=['0x00', '0x00']
14:37:36.050  DEBUG   [poll]    -> read  st0cur    
14:37:36.055  DEBUG   [poll]    <- read  st0cur     ret=0  data=['0xfe', '0x01', '0x01', '0x02']
14:37:37.056  DEBUG   [poll]    -> read  st2mot    
14:37:37.059  DEBUG   [poll]    <- read  st2mot     ret=0  data=['0x00', '0x00']
14:37:37.060  DEBUG   [poll]    -> read  st0cur    
14:37:37.064  DEBUG   [poll]    <- read  st0cur     ret=0  data=['0xfe', '0x01', '0x01', '0x02']
14:37:38.065  DEBUG   [poll]    -> read  st2mot    
14:37:38.072  DEBUG   [poll]    <- read  st2mot     ret=0  data=['0x00', '0x00']
14:37:38.073  DEBUG   [poll]    -> read  st0cur    
14:37:38.077  DEBUG   [poll]    <- read  st0cur     ret=0  data=['0xfe', '0x01', '0x01', '0x02']
14:37:39.078  DEBUG   [poll]    -> read  st2mot    
14:37:39.082  DEBUG   [poll]    <- read  st2mot     ret=0  data=['0x00', '0x00']
14:37:39.082  DEBUG   [poll]    -> read  st0cur    
14:37:39.086  DEBUG   [poll]    <- read  st0cur     ret=0  data=['0xfe', '0x01', '0x01', '0x02']
14:37:40.088  DEBUG   [poll]    -> read  st2mot    
14:37:40.091  DEBUG   [poll]    <- read  st2mot     ret=0  data=['0x00', '0x00']
14:37:40.092  DEBUG   [poll]    -> read  st0cur    
14:37:40.096  DEBUG   [poll]    <- read  st0cur     ret=0  data=['0xfe', '0x01', '0x01', '0x02']
14:37:41.097  DEBUG   [poll]    -> read  st2mot    
14:37:41.101  DEBUG   [poll]    <- read  st2mot     ret=0  data=['0x00', '0x00']
14:37:41.101  DEBUG   [poll]    -> read  st0cur    
14:37:41.105  DEBUG   [poll]    <- read  st0cur     ret=0  data=['0xfe', '0x01', '0x01', '0x02']
14:37:42.107  DEBUG   [poll]    -> read  st2mot    
14:37:42.110  DEBUG   [poll]    <- read  st2mot     ret=0  data=['0x00', '0x00']
14:37:42.110  DEBUG   [poll]    -> read  st0cur    
14:37:42.115  DEBUG   [poll]    <- read  st0cur     ret=0  data=['0xfe', '0x01', '0x01', '0x02']
14:37:43.116  DEBUG   [poll]    -> read  st2mot    
14:37:43.123  DEBUG   [poll]    <- read  st2mot     ret=0  data=['0x00', '0x00']
14:37:43.124  DEBUG   [poll]    -> read  st0cur    
14:37:43.128  DEBUG   [poll]    <- read  st0cur     ret=0  data=['0xfe', '0x01', '0x02', '0x02']
14:37:44.129  DEBUG   [poll]    -> read  st2mot    
14:37:44.133  DEBUG   [poll]    <- read  st2mot     ret=0  data=['0x00', '0x00']
14:37:44.133  DEBUG   [poll]    -> read  st0cur    
14:37:44.137  DEBUG   [poll]    <- read  st0cur     ret=0  data=['0xfe', '0x01', '0x01', '0x02']
14:37:45.139  DEBUG   [poll]    -> read  st2mot    
14:37:45.142  DEBUG   [poll]    <- read  st2mot     ret=0  data=['0x00', '0x00']
14:37:45.143  DEBUG   [poll]    -> read  st0cur    
14:37:45.147  DEBUG   [poll]    <- read  st0cur     ret=0  data=['0xfe', '0x01', '0x01', '0x02']
14:37:46.148  DEBUG   [poll]    -> read  st2mot    
14:37:46.152  DEBUG   [poll]    <- read  st2mot     ret=0  data=['0x00', '0x00']
14:37:46.152  DEBUG   [poll]    -> read  st0cur    
14:37:46.156  DEBUG   [poll]    <- read  st0cur     ret=0  data=['0xfe', '0x01', '0x01', '0x02']
14:37:47.158  DEBUG   [poll]    -> read  st2mot    
14:37:47.161  DEBUG   [poll]    <- read  st2mot     ret=0  data=['0x00', '0x00']
14:37:47.161  DEBUG   [poll]    -> read  st0cur    
14:37:47.166  DEBUG   [poll]    <- read  st0cur     ret=0  data=['0xfe', '0x01', '0x01', '0x02']
14:37:48.167  DEBUG   [poll]    -> read  st2mot    
14:37:48.174  DEBUG   [poll]    <- read  st2mot     ret=0  data=['0x00', '0x00']
14:37:48.175  DEBUG   [poll]    -> read  st0cur    
14:37:48.179  DEBUG   [poll]    <- read  st0cur     ret=0  data=['0xfe', '0x01', '0x02', '0x02']
14:37:49.181  DEBUG   [poll]    -> read  st2mot    
14:37:49.184  DEBUG   [poll]    <- read  st2mot     ret=0  data=['0x00', '0x00']
14:37:49.184  DEBUG   [poll]    -> read  st0cur    
14:37:49.189  DEBUG   [poll]    <- read  st0cur     ret=0  data=['0xfe', '0x01', '0x01', '0x02']
14:37:50.190  DEBUG   [poll]    -> read  st2mot    
14:37:50.193  DEBUG   [poll]    <- read  st2mot     ret=0  data=['0x00', '0x00']
14:37:50.194  DEBUG   [poll]    -> read  st0cur    
14:37:50.198  DEBUG   [poll]    <- read  st0cur     ret=0  data=['0xfe', '0x01', '0x01', '0x02']
14:37:51.199  DEBUG   [poll]    -> read  st2mot    
14:37:51.203  DEBUG   [poll]    <- read  st2mot     ret=0  data=['0x00', '0x00']
14:37:51.203  DEBUG   [poll]    -> read  st0cur    
14:37:51.207  DEBUG   [poll]    <- read  st0cur     ret=0  data=['0xfe', '0x01', '0x02', '0x02']
14:37:52.209  DEBUG   [poll]    -> read  st2mot    
14:37:52.212  DEBUG   [poll]    <- read  st2mot     ret=0  data=['0x00', '0x00']
14:37:52.212  DEBUG   [poll]    -> read  st0cur    
14:37:52.217  DEBUG   [poll]    <- read  st0cur     ret=0  data=['0xfe', '0x01', '0x01', '0x02']
14:37:53.218  DEBUG   [poll]    -> read  st2mot    
14:37:53.225  DEBUG   [poll]    <- read  st2mot     ret=0  data=['0x00', '0x00']
14:37:53.225  DEBUG   [poll]    -> read  st0cur    
14:37:53.229  DEBUG   [poll]    <- read  st0cur     ret=0  data=['0xfe', '0x01', '0x02', '0x02']
14:37:54.231  DEBUG   [poll]    -> read  st2mot    
14:37:54.234  DEBUG   [poll]    <- read  st2mot     ret=0  data=['0x00', '0x00']
14:37:54.235  DEBUG   [poll]    -> read  st0cur    
14:37:54.239  DEBUG   [poll]    <- read  st0cur     ret=0  data=['0xfe', '0x01', '0x01', '0x02']
14:37:55.240  DEBUG   [poll]    -> read  st2mot    
14:37:55.244  DEBUG   [poll]    <- read  st2mot     ret=0  data=['0x00', '0x00']
14:37:55.244  DEBUG   [poll]    -> read  st0cur    
14:37:55.248  DEBUG   [poll]    <- read  st0cur     ret=0  data=['0xfe', '0x01', '0x01', '0x02']
14:37:56.250  DEBUG   [poll]    -> read  st2mot    
14:37:56.253  DEBUG   [poll]    <- read  st2mot     ret=0  data=['0x00', '0x00']
14:37:56.254  DEBUG   [poll]    -> read  st0cur    
14:37:56.258  DEBUG   [poll]    <- read  st0cur     ret=0  data=['0xfe', '0x01', '0x01', '0x02']
14:37:57.259  DEBUG   [poll]    -> read  st2mot    
14:37:57.263  DEBUG   [poll]    <- read  st2mot     ret=0  data=['0x00', '0x00']
14:37:57.263  DEBUG   [poll]    -> read  st0cur    
14:37:57.267  DEBUG   [poll]    <- read  st0cur     ret=0  data=['0xfe', '0x01', '0x01', '0x02']
14:37:58.269  DEBUG   [poll]    -> read  st2mot    
14:37:58.275  DEBUG   [poll]    <- read  st2mot     ret=0  data=['0x00', '0x00']
14:37:58.276  DEBUG   [poll]    -> read  st0cur    
14:37:58.280  DEBUG   [poll]    <- read  st0cur     ret=0  data=['0xfe', '0x01', '0x01', '0x02']
14:37:59.282  DEBUG   [poll]    -> read  st2mot    
14:37:59.285  DEBUG   [poll]    <- read  st2mot     ret=0  data=['0x00', '0x00']
14:37:59.285  DEBUG   [poll]    -> read  st0cur    
14:37:59.289  DEBUG   [poll]    <- read  st0cur     ret=0  data=['0xfd', '0x01', '0x02', '0x02']
14:38:00.291  DEBUG   [poll]    -> read  st2mot    
14:38:00.294  DEBUG   [poll]    <- read  st2mot     ret=0  data=['0x00', '0x00']
14:38:00.295  DEBUG   [poll]    -> read  st0cur    
14:38:00.299  DEBUG   [poll]    <- read  st0cur     ret=0  data=['0xfe', '0x01', '0x01', '0x02']
14:38:01.300  DEBUG   [poll]    -> read  st2mot    
14:38:01.304  DEBUG   [poll]    <- read  st2mot     ret=0  data=['0x00', '0x00']
14:38:01.304  DEBUG   [poll]    -> read  st0cur    
14:38:01.308  DEBUG   [poll]    <- read  st0cur     ret=0  data=['0xfe', '0x01', '0x01', '0x02']
14:38:02.310  DEBUG   [poll]    -> read  st2mot    
14:38:02.313  DEBUG   [poll]    <- read  st2mot     ret=0  data=['0x00', '0x00']
14:38:02.314  DEBUG   [poll]    -> read  st0cur    
14:38:02.318  DEBUG   [poll]    <- read  st0cur     ret=0  data=['0xfe', '0x01', '0x01', '0x02']
14:38:03.319  DEBUG   [poll]    -> read  st2mot    
14:38:03.326  DEBUG   [poll]    <- read  st2mot     ret=0  data=['0x00', '0x00']
14:38:03.326  DEBUG   [poll]    -> read  st0cur    
14:38:03.331  DEBUG   [poll]    <- read  st0cur     ret=0  data=['0xfe', '0x01', '0x02', '0x02']
14:38:04.332  DEBUG   [poll]    -> read  st2mot    
14:38:04.335  DEBUG   [poll]    <- read  st2mot     ret=0  data=['0x00', '0x00']
14:38:04.336  DEBUG   [poll]    -> read  st0cur    
14:38:04.340  DEBUG   [poll]    <- read  st0cur     ret=0  data=['0xfe', '0x01', '0x01', '0x02']
14:38:05.341  DEBUG   [poll]    -> read  st2mot    
14:38:05.345  DEBUG   [poll]    <- read  st2mot     ret=0  data=['0x00', '0x00']
14:38:05.345  DEBUG   [poll]    -> read  st0cur    
14:38:05.349  DEBUG   [poll]    <- read  st0cur     ret=0  data=['0xfe', '0x01', '0x02', '0x02']
14:38:06.351  DEBUG   [poll]    -> read  st2mot    
14:38:06.354  DEBUG   [poll]    <- read  st2mot     ret=0  data=['0x00', '0x00']
14:38:06.355  DEBUG   [poll]    -> read  st0cur    
14:38:06.359  DEBUG   [poll]    <- read  st0cur     ret=0  data=['0xfe', '0x01', '0x01', '0x02']
14:38:07.360  DEBUG   [poll]    -> read  st2mot    
14:38:07.364  DEBUG   [poll]    <- read  st2mot     ret=0  data=['0x00', '0x00']
14:38:07.364  DEBUG   [poll]    -> read  st0cur    
14:38:07.368  DEBUG   [poll]    <- read  st0cur     ret=0  data=['0xfe', '0x01', '0x01', '0x02']
14:38:08.370  DEBUG   [poll]    -> read  st2mot    
14:38:08.377  DEBUG   [poll]    <- read  st2mot     ret=0  data=['0x00', '0x00']
14:38:08.377  DEBUG   [poll]    -> read  st0cur    
14:38:08.381  DEBUG   [poll]    <- read  st0cur     ret=0  data=['0xfe', '0x01', '0x01', '0x02']
14:38:09.383  DEBUG   [poll]    -> read  st2mot    
14:38:09.386  DEBUG   [poll]    <- read  st2mot     ret=0  data=['0x00', '0x00']
14:38:09.387  DEBUG   [poll]    -> read  st0cur    
14:38:09.391  DEBUG   [poll]    <- read  st0cur     ret=0  data=['0xfe', '0x01', '0x01', '0x02']
14:38:10.392  DEBUG   [poll]    -> read  st2mot    
14:38:10.396  DEBUG   [poll]    <- read  st2mot     ret=0  data=['0x00', '0x00']
14:38:10.396  DEBUG   [poll]    -> read  st0cur    
14:38:10.400  DEBUG   [poll]    <- read  st0cur     ret=0  data=['0xfe', '0x01', '0x01', '0x02']
14:38:11.402  DEBUG   [poll]    -> read  st2mot    
14:38:11.405  DEBUG   [poll]    <- read  st2mot     ret=0  data=['0x00', '0x00']
14:38:11.405  DEBUG   [poll]    -> read  st0cur    
14:38:11.409  DEBUG   [poll]    <- read  st0cur     ret=0  data=['0xfe', '0x01', '0x01', '0x02']
14:38:12.411  DEBUG   [poll]    -> read  st2mot    
14:38:12.414  DEBUG   [poll]    <- read  st2mot     ret=0  data=['0x00', '0x00']
14:38:12.415  DEBUG   [poll]    -> read  st0cur    
14:38:12.419  DEBUG   [poll]    <- read  st0cur     ret=0  data=['0xfd', '0x01', '0x01', '0x02']
14:38:13.420  DEBUG   [poll]    -> read  st2mot    
14:38:13.428  DEBUG   [poll]    <- read  st2mot     ret=0  data=['0x00', '0x00']
14:38:13.428  DEBUG   [poll]    -> read  st0cur    
14:38:13.432  DEBUG   [poll]    <- read  st0cur     ret=0  data=['0xfe', '0x01', '0x01', '0x02']
14:38:14.434  DEBUG   [poll]    -> read  st2mot    
14:38:14.437  DEBUG   [poll]    <- read  st2mot     ret=0  data=['0x00', '0x00']
14:38:14.437  DEBUG   [poll]    -> read  st0cur    
14:38:14.442  DEBUG   [poll]    <- read  st0cur     ret=0  data=['0xfe', '0x01', '0x01', '0x02']
14:38:15.443  DEBUG   [poll]    -> read  st2mot    
14:38:15.447  DEBUG   [poll]    <- read  st2mot     ret=0  data=['0x00', '0x00']
14:38:15.447  DEBUG   [poll]    -> read  st0cur    
14:38:15.451  DEBUG   [poll]    <- read  st0cur     ret=0  data=['0xfe', '0x01', '0x01', '0x02']
14:38:16.453  DEBUG   [poll]    -> read  st2mot    
14:38:16.456  DEBUG   [poll]    <- read  st2mot     ret=0  data=['0x00', '0x00']
14:38:16.457  DEBUG   [poll]    -> read  st0cur    
14:38:16.461  DEBUG   [poll]    <- read  st0cur     ret=0  data=['0xfe', '0x01', '0x01', '0x02']
14:38:17.462  DEBUG   [poll]    -> read  st2mot    
14:38:17.466  DEBUG   [poll]    <- read  st2mot     ret=0  data=['0x00', '0x00']
14:38:17.466  DEBUG   [poll]    -> read  st0cur    
14:38:17.470  DEBUG   [poll]    <- read  st0cur     ret=0  data=['0xfd', '0x01', '0x01', '0x02']
14:38:18.472  DEBUG   [poll]    -> read  st2mot    
14:38:18.479  DEBUG   [poll]    <- read  st2mot     ret=0  data=['0x00', '0x00']
14:38:18.480  DEBUG   [poll]    -> read  st0cur    
14:38:18.484  DEBUG   [poll]    <- read  st0cur     ret=0  data=['0xfe', '0x01', '0x01', '0x02']
14:38:19.485  DEBUG   [poll]    -> read  st2mot    
14:38:19.489  DEBUG   [poll]    <- read  st2mot     ret=0  data=['0x00', '0x00']
14:38:19.489  DEBUG   [poll]    -> read  st0cur    
14:38:19.493  DEBUG   [poll]    <- read  st0cur     ret=0  data=['0xfe', '0x01', '0x01', '0x02']
14:38:20.495  DEBUG   [poll]    -> read  st2mot    
14:38:20.498  DEBUG   [poll]    <- read  st2mot     ret=0  data=['0x00', '0x00']
14:38:20.498  DEBUG   [poll]    -> read  st0cur    
14:38:20.503  DEBUG   [poll]    <- read  st0cur     ret=0  data=['0xfe', '0x01', '0x01', '0x02']
14:38:21.504  DEBUG   [poll]    -> read  st2mot    
14:38:21.508  DEBUG   [poll]    <- read  st2mot     ret=0  data=['0x00', '0x00']
14:38:21.508  DEBUG   [poll]    -> read  st0cur    
14:38:21.512  DEBUG   [poll]    <- read  st0cur     ret=0  data=['0xfe', '0x01', '0x01', '0x02']
14:38:22.514  DEBUG   [poll]    -> read  st2mot    
14:38:22.517  DEBUG   [poll]    <- read  st2mot     ret=0  data=['0x00', '0x00']
14:38:22.517  DEBUG   [poll]    -> read  st0cur    
14:38:22.522  DEBUG   [poll]    <- read  st0cur     ret=0  data=['0xfe', '0x01', '0x01', '0x02']
14:38:23.523  DEBUG   [poll]    -> read  st2mot    
14:38:23.530  DEBUG   [poll]    <- read  st2mot     ret=0  data=['0x00', '0x00']
14:38:23.530  DEBUG   [poll]    -> read  st0cur    
14:38:23.534  DEBUG   [poll]    <- read  st0cur     ret=0  data=['0xfe', '0x01', '0x01', '0x02']
14:38:24.536  DEBUG   [poll]    -> read  st2mot    
14:38:24.539  DEBUG   [poll]    <- read  st2mot     ret=0  data=['0x00', '0x00']
14:38:24.540  DEBUG   [poll]    -> read  st0cur    
14:38:24.544  DEBUG   [poll]    <- read  st0cur     ret=0  data=['0xfe', '0x01', '0x01', '0x02']
14:38:25.545  DEBUG   [poll]    -> read  st2mot    
14:38:25.549  DEBUG   [poll]    <- read  st2mot     ret=0  data=['0x00', '0x00']
14:38:25.549  DEBUG   [poll]    -> read  st0cur    
14:38:25.553  DEBUG   [poll]    <- read  st0cur     ret=0  data=['0xfe', '0x01', '0x01', '0x02']
14:38:26.555  DEBUG   [poll]    -> read  st2mot    
14:38:26.558  DEBUG   [poll]    <- read  st2mot     ret=0  data=['0x00', '0x00']
14:38:26.558  DEBUG   [poll]    -> read  st0cur    
14:38:26.563  DEBUG   [poll]    <- read  st0cur     ret=0  data=['0xfe', '0x01', '0x01', '0x02']
14:38:27.564  DEBUG   [poll]    -> read  st2mot    
14:38:27.568  DEBUG   [poll]    <- read  st2mot     ret=0  data=['0x00', '0x00']
14:38:27.568  DEBUG   [poll]    -> read  st0cur    
14:38:27.572  DEBUG   [poll]    <- read  st0cur     ret=0  data=['0xfe', '0x01', '0x01', '0x02']
14:38:28.574  DEBUG   [poll]    -> read  st2mot    
14:38:28.580  DEBUG   [poll]    <- read  st2mot     ret=0  data=['0x00', '0x00']
14:38:28.581  DEBUG   [poll]    -> read  st0cur    
14:38:28.585  DEBUG   [poll]    <- read  st0cur     ret=0  data=['0xfe', '0x01', '0x01', '0x02']
14:38:29.586  DEBUG   [poll]    -> read  st2mot    
14:38:29.590  DEBUG   [poll]    <- read  st2mot     ret=0  data=['0x00', '0x00']
14:38:29.590  DEBUG   [poll]    -> read  st0cur    
14:38:29.594  DEBUG   [poll]    <- read  st0cur     ret=0  data=['0xfe', '0x01', '0x01', '0x02']
14:38:30.596  DEBUG   [poll]    -> read  st2mot    
14:38:30.599  DEBUG   [poll]    <- read  st2mot     ret=0  data=['0x00', '0x00']
14:38:30.600  DEBUG   [poll]    -> read  st0cur    
14:38:30.604  DEBUG   [poll]    <- read  st0cur     ret=0  data=['0xfe', '0x01', '0x02', '0x02']
14:38:31.605  DEBUG   [poll]    -> read  st2mot    
14:38:31.609  DEBUG   [poll]    <- read  st2mot     ret=0  data=['0x00', '0x00']
14:38:31.609  DEBUG   [poll]    -> read  st0cur    
14:38:31.613  DEBUG   [poll]    <- read  st0cur     ret=0  data=['0xfd', '0x01', '0x01', '0x02']
14:38:32.615  DEBUG   [poll]    -> read  st2mot    
14:38:32.618  DEBUG   [poll]    <- read  st2mot     ret=0  data=['0x00', '0x00']
14:38:32.618  DEBUG   [poll]    -> read  st0cur    
14:38:32.623  DEBUG   [poll]    <- read  st0cur     ret=0  data=['0xfe', '0x01', '0x01', '0x02']
14:38:33.624  DEBUG   [poll]    -> read  st2mot    
14:38:33.631  DEBUG   [poll]    <- read  st2mot     ret=0  data=['0x00', '0x00']
14:38:33.631  DEBUG   [poll]    -> read  st0cur    
14:38:33.636  DEBUG   [poll]    <- read  st0cur     ret=0  data=['0xfe', '0x01', '0x02', '0x02']
14:38:34.637  DEBUG   [poll]    -> read  st2mot    
14:38:34.640  DEBUG   [poll]    <- read  st2mot     ret=0  data=['0x00', '0x00']
14:38:34.641  DEBUG   [poll]    -> read  st0cur    
14:38:34.645  DEBUG   [poll]    <- read  st0cur     ret=0  data=['0xfe', '0x01', '0x02', '0x02']
14:38:35.646  DEBUG   [poll]    -> read  st2mot    
14:38:35.650  DEBUG   [poll]    <- read  st2mot     ret=0  data=['0x00', '0x00']
14:38:35.650  DEBUG   [poll]    -> read  st0cur    
14:38:35.654  DEBUG   [poll]    <- read  st0cur     ret=0  data=['0xfe', '0x01', '0x01', '0x02']
14:38:36.656  DEBUG   [poll]    -> read  st2mot    
14:38:36.659  DEBUG   [poll]    <- read  st2mot     ret=0  data=['0x00', '0x00']
14:38:36.660  DEBUG   [poll]    -> read  st0cur    
14:38:36.664  DEBUG   [poll]    <- read  st0cur     ret=0  data=['0xfe', '0x01', '0x01', '0x02']
14:38:37.665  DEBUG   [poll]    -> read  st2mot    
14:38:37.669  DEBUG   [poll]    <- read  st2mot     ret=0  data=['0x00', '0x00']
14:38:37.669  DEBUG   [poll]    -> read  st0cur    
14:38:37.673  DEBUG   [poll]    <- read  st0cur     ret=0  data=['0xfe', '0x01', '0x02', '0x02']
14:38:38.675  DEBUG   [poll]    -> read  st2mot    
14:38:38.682  DEBUG   [poll]    <- read  st2mot     ret=0  data=['0x00', '0x00']
14:38:38.682  DEBUG   [poll]    -> read  st0cur    
14:38:38.686  DEBUG   [poll]    <- read  st0cur     ret=0  data=['0xfe', '0x01', '0x01', '0x02']
14:38:39.688  DEBUG   [poll]    -> read  st2mot    
14:38:39.691  DEBUG   [poll]    <- read  st2mot     ret=0  data=['0x00', '0x00']
14:38:39.692  DEBUG   [poll]    -> read  st0cur    
14:38:39.696  DEBUG   [poll]    <- read  st0cur     ret=0  data=['0xfe', '0x01', '0x02', '0x02']
14:38:40.697  DEBUG   [poll]    -> read  st2mot    
14:38:40.701  DEBUG   [poll]    <- read  st2mot     ret=0  data=['0x00', '0x00']
14:38:40.701  DEBUG   [poll]    -> read  st0cur    
14:38:40.705  DEBUG   [poll]    <- read  st0cur     ret=0  data=['0xfe', '0x01', '0x01', '0x02']
14:38:41.707  DEBUG   [poll]    -> read  st2mot    
14:38:41.710  DEBUG   [poll]    <- read  st2mot     ret=0  data=['0x00', '0x00']
14:38:41.710  DEBUG   [poll]    -> read  st0cur    
14:38:41.715  DEBUG   [poll]    <- read  st0cur     ret=0  data=['0xfe', '0x01', '0x01', '0x02']
14:38:42.716  DEBUG   [poll]    -> read  st2mot    
14:38:42.719  DEBUG   [poll]    <- read  st2mot     ret=0  data=['0x00', '0x00']
14:38:42.720  DEBUG   [poll]    -> read  st0cur    
14:38:42.724  DEBUG   [poll]    <- read  st0cur     ret=0  data=['0xfd', '0x01', '0x01', '0x02']
14:38:43.726  DEBUG   [poll]    -> read  st2mot    
14:38:43.733  DEBUG   [poll]    <- read  st2mot     ret=0  data=['0x00', '0x00']
14:38:43.733  DEBUG   [poll]    -> read  st0cur    
14:38:43.738  DEBUG   [poll]    <- read  st0cur     ret=0  data=['0xfe', '0x01', '0x01', '0x02']
14:38:44.739  DEBUG   [poll]    -> read  st2mot    
14:38:44.742  DEBUG   [poll]    <- read  st2mot     ret=0  data=['0x00', '0x00']
14:38:44.743  DEBUG   [poll]    -> read  st0cur    
14:38:44.747  DEBUG   [poll]    <- read  st0cur     ret=0  data=['0xfe', '0x01', '0x02', '0x02']
14:38:45.748  DEBUG   [poll]    -> read  st2mot    
14:38:45.752  DEBUG   [poll]    <- read  st2mot     ret=0  data=['0x00', '0x00']
14:38:45.752  DEBUG   [poll]    -> read  st0cur    
14:38:45.757  DEBUG   [poll]    <- read  st0cur     ret=0  data=['0xfe', '0x01', '0x01', '0x02']
14:38:46.758  DEBUG   [poll]    -> read  st2mot    
14:38:46.761  DEBUG   [poll]    <- read  st2mot     ret=0  data=['0x00', '0x00']
14:38:46.762  DEBUG   [poll]    -> read  st0cur    
14:38:46.766  DEBUG   [poll]    <- read  st0cur     ret=0  data=['0xfe', '0x01', '0x01', '0x02']
14:38:47.768  DEBUG   [poll]    -> read  st2mot    
14:38:47.771  DEBUG   [poll]    <- read  st2mot     ret=0  data=['0x00', '0x00']
14:38:47.772  DEBUG   [poll]    -> read  st0cur    
14:38:47.776  DEBUG   [poll]    <- read  st0cur     ret=0  data=['0xfe', '0x01', '0x01', '0x02']
14:38:48.777  DEBUG   [poll]    -> read  st2mot    
14:38:48.785  DEBUG   [poll]    <- read  st2mot     ret=0  data=['0x00', '0x00']
14:38:48.786  DEBUG   [poll]    -> read  st0cur    
14:38:48.790  DEBUG   [poll]    <- read  st0cur     ret=0  data=['0xfe', '0x01', '0x01', '0x02']
14:38:49.791  DEBUG   [poll]    -> read  st2mot    
14:38:49.795  DEBUG   [poll]    <- read  st2mot     ret=0  data=['0x00', '0x00']
14:38:49.795  DEBUG   [poll]    -> read  st0cur    
14:38:49.799  DEBUG   [poll]    <- read  st0cur     ret=0  data=['0xfe', '0x01', '0x01', '0x02']
14:38:50.801  DEBUG   [poll]    -> read  st2mot    
14:38:50.804  DEBUG   [poll]    <- read  st2mot     ret=0  data=['0x00', '0x00']
14:38:50.804  DEBUG   [poll]    -> read  st0cur    
14:38:50.809  DEBUG   [poll]    <- read  st0cur     ret=0  data=['0xfd', '0x01', '0x01', '0x02']
14:38:51.810  DEBUG   [poll]    -> read  st2mot    
14:38:51.814  DEBUG   [poll]    <- read  st2mot     ret=0  data=['0x00', '0x00']
14:38:51.814  DEBUG   [poll]    -> read  st0cur    
14:38:51.818  DEBUG   [poll]    <- read  st0cur     ret=0  data=['0xfe', '0x01', '0x01', '0x02']
14:38:52.820  DEBUG   [poll]    -> read  st2mot    
14:38:52.823  DEBUG   [poll]    <- read  st2mot     ret=0  data=['0x00', '0x00']
14:38:52.823  DEBUG   [poll]    -> read  st0cur    
14:38:52.828  DEBUG   [poll]    <- read  st0cur     ret=0  data=['0xfe', '0x01', '0x02', '0x02']
14:38:53.829  DEBUG   [poll]    -> read  st2mot    
14:38:53.836  DEBUG   [poll]    <- read  st2mot     ret=0  data=['0x00', '0x00']
14:38:53.837  DEBUG   [poll]    -> read  st0cur    
14:38:53.841  DEBUG   [poll]    <- read  st0cur     ret=0  data=['0xfe', '0x01', '0x01', '0x02']
14:38:54.842  DEBUG   [poll]    -> read  st2mot    
14:38:54.846  DEBUG   [poll]    <- read  st2mot     ret=0  data=['0x00', '0x00']
14:38:54.846  DEBUG   [poll]    -> read  st0cur    
14:38:54.850  DEBUG   [poll]    <- read  st0cur     ret=0  data=['0xfe', '0x01', '0x01', '0x02']
14:38:55.852  DEBUG   [poll]    -> read  st2mot    
14:38:55.855  DEBUG   [poll]    <- read  st2mot     ret=0  data=['0x00', '0x00']
14:38:55.855  DEBUG   [poll]    -> read  st0cur    
14:38:55.860  DEBUG   [poll]    <- read  st0cur     ret=0  data=['0xfe', '0x01', '0x01', '0x02']
14:38:56.861  DEBUG   [poll]    -> read  st2mot    
14:38:56.864  DEBUG   [poll]    <- read  st2mot     ret=0  data=['0x00', '0x00']
14:38:56.865  DEBUG   [poll]    -> read  st0cur    
14:38:56.869  DEBUG   [poll]    <- read  st0cur     ret=0  data=['0xfe', '0x01', '0x02', '0x02']
14:38:57.871  DEBUG   [poll]    -> read  st2mot    
14:38:57.874  DEBUG   [poll]    <- read  st2mot     ret=0  data=['0x00', '0x00']
14:38:57.874  DEBUG   [poll]    -> read  st0cur    
14:38:57.879  DEBUG   [poll]    <- read  st0cur     ret=0  data=['0xfe', '0x01', '0x02', '0x02']
14:38:58.880  DEBUG   [poll]    -> read  st2mot    
14:38:58.884  DEBUG   [poll]    <- read  st2mot     ret=0  data=['0x00', '0x00']
14:38:58.884  DEBUG   [poll]    -> read  st0cur    
14:38:58.889  DEBUG   [poll]    <- read  st0cur     ret=0  data=['0xfe', '0x01', '0x01', '0x02']
14:38:59.890  DEBUG   [poll]    -> read  st2mot    
14:38:59.894  DEBUG   [poll]    <- read  st2mot     ret=0  data=['0x00', '0x00']
14:38:59.894  DEBUG   [poll]    -> read  st0cur    
14:38:59.898  DEBUG   [poll]    <- read  st0cur     ret=0  data=['0xfe', '0x01', '0x01', '0x02']
14:39:00.899  DEBUG   [poll]    -> read  st2mot    
14:39:00.903  DEBUG   [poll]    <- read  st2mot     ret=0  data=['0x00', '0x00']
14:39:00.903  DEBUG   [poll]    -> read  st0cur    
14:39:00.907  DEBUG   [poll]    <- read  st0cur     ret=0  data=['0xfe', '0x01', '0x01', '0x02']
14:39:01.909  DEBUG   [poll]    -> read  st2mot    
14:39:01.912  DEBUG   [poll]    <- read  st2mot     ret=0  data=['0x00', '0x00']
14:39:01.913  DEBUG   [poll]    -> read  st0cur    
14:39:01.917  DEBUG   [poll]    <- read  st0cur     ret=0  data=['0xfe', '0x01', '0x01', '0x02']
14:39:02.918  DEBUG   [poll]    -> read  st2mot    
14:39:02.922  DEBUG   [poll]    <- read  st2mot     ret=0  data=['0x00', '0x00']
14:39:02.922  DEBUG   [poll]    -> read  st0cur    
14:39:02.926  DEBUG   [poll]    <- read  st0cur     ret=0  data=['0xfe', '0x01', '0x01', '0x02']
14:39:03.928  DEBUG   [poll]    -> read  st2mot    
14:39:03.935  DEBUG   [poll]    <- read  st2mot     ret=0  data=['0x00', '0x00']
14:39:03.935  DEBUG   [poll]    -> read  st0cur    
14:39:03.939  DEBUG   [poll]    <- read  st0cur     ret=0  data=['0xfe', '0x01', '0x01', '0x02']
14:39:04.941  DEBUG   [poll]    -> read  st2mot    
14:39:04.944  DEBUG   [poll]    <- read  st2mot     ret=0  data=['0x00', '0x00']
14:39:04.945  DEBUG   [poll]    -> read  st0cur    
14:39:04.949  DEBUG   [poll]    <- read  st0cur     ret=0  data=['0xfe', '0x01', '0x01', '0x02']
14:39:05.950  DEBUG   [poll]    -> read  st2mot    
14:39:05.954  DEBUG   [poll]    <- read  st2mot     ret=0  data=['0x00', '0x00']
14:39:05.954  DEBUG   [poll]    -> read  st0cur    
14:39:05.958  DEBUG   [poll]    <- read  st0cur     ret=0  data=['0xfd', '0x01', '0x01', '0x02']
14:39:06.960  DEBUG   [poll]    -> read  st2mot    
14:39:06.963  DEBUG   [poll]    <- read  st2mot     ret=0  data=['0x00', '0x00']
14:39:06.963  DEBUG   [poll]    -> read  st0cur    
14:39:06.968  DEBUG   [poll]    <- read  st0cur     ret=0  data=['0xfe', '0x01', '0x01', '0x02']
14:39:07.969  DEBUG   [poll]    -> read  st2mot    
14:39:07.973  DEBUG   [poll]    <- read  st2mot     ret=0  data=['0x00', '0x00']
14:39:07.973  DEBUG   [poll]    -> read  st0cur    
14:39:07.977  DEBUG   [poll]    <- read  st0cur     ret=0  data=['0xfe', '0x01', '0x01', '0x02']
14:39:08.979  DEBUG   [poll]    -> read  st2mot    
14:39:08.986  DEBUG   [poll]    <- read  st2mot     ret=0  data=['0x00', '0x00']
14:39:08.986  DEBUG   [poll]    -> read  st0cur    
14:39:08.990  DEBUG   [poll]    <- read  st0cur     ret=0  data=['0xfe', '0x01', '0x01', '0x02']
14:39:09.992  DEBUG   [poll]    -> read  st2mot    
14:39:09.995  DEBUG   [poll]    <- read  st2mot     ret=0  data=['0x00', '0x00']
14:39:09.995  DEBUG   [poll]    -> read  st0cur    
14:39:10.000  DEBUG   [poll]    <- read  st0cur     ret=0  data=['0xfd', '0x01', '0x01', '0x02']
14:39:11.001  DEBUG   [poll]    -> read  st2mot    
14:39:11.004  DEBUG   [poll]    <- read  st2mot     ret=0  data=['0x00', '0x00']
14:39:11.005  DEBUG   [poll]    -> read  st0cur    
14:39:11.009  DEBUG   [poll]    <- read  st0cur     ret=0  data=['0xfe', '0x01', '0x01', '0x02']
14:39:12.011  DEBUG   [poll]    -> read  st2mot    
14:39:12.014  DEBUG   [poll]    <- read  st2mot     ret=0  data=['0x00', '0x00']
14:39:12.014  DEBUG   [poll]    -> read  st0cur    
14:39:12.018  DEBUG   [poll]    <- read  st0cur     ret=0  data=['0xfd', '0x01', '0x01', '0x02']
14:39:13.020  DEBUG   [poll]    -> read  st2mot    
14:39:13.023  DEBUG   [poll]    <- read  st2mot     ret=0  data=['0x00', '0x00']
14:39:13.024  DEBUG   [poll]    -> read  st0cur    
14:39:13.028  DEBUG   [poll]    <- read  st0cur     ret=0  data=['0xfe', '0x01', '0x01', '0x02']
14:39:14.029  DEBUG   [poll]    -> read  st2mot    
14:39:14.036  DEBUG   [poll]    <- read  st2mot     ret=0  data=['0x00', '0x00']
14:39:14.037  DEBUG   [poll]    -> read  st0cur    
14:39:14.041  DEBUG   [poll]    <- read  st0cur     ret=0  data=['0xfd', '0x01', '0x01', '0x02']
14:39:15.043  DEBUG   [poll]    -> read  st2mot    
14:39:15.046  DEBUG   [poll]    <- read  st2mot     ret=0  data=['0x00', '0x00']
14:39:15.047  DEBUG   [poll]    -> read  st0cur    
14:39:15.051  DEBUG   [poll]    <- read  st0cur     ret=0  data=['0xfe', '0x01', '0x02', '0x02']
14:39:16.052  DEBUG   [poll]    -> read  st2mot    
14:39:16.056  DEBUG   [poll]    <- read  st2mot     ret=0  data=['0x00', '0x00']
14:39:16.056  DEBUG   [poll]    -> read  st0cur    
14:39:16.060  DEBUG   [poll]    <- read  st0cur     ret=0  data=['0xfd', '0x01', '0x01', '0x02']
14:39:17.062  DEBUG   [poll]    -> read  st2mot    
14:39:17.065  DEBUG   [poll]    <- read  st2mot     ret=0  data=['0x00', '0x00']
14:39:17.065  DEBUG   [poll]    -> read  st0cur    
14:39:17.070  DEBUG   [poll]    <- read  st0cur     ret=0  data=['0xfd', '0x01', '0x01', '0x02']
14:39:18.071  DEBUG   [poll]    -> read  st2mot    
14:39:18.075  DEBUG   [poll]    <- read  st2mot     ret=0  data=['0x00', '0x00']
14:39:18.075  DEBUG   [poll]    -> read  st0cur    
14:39:18.079  DEBUG   [poll]    <- read  st0cur     ret=0  data=['0xfe', '0x01', '0x01', '0x02']
14:39:19.081  DEBUG   [poll]    -> read  st2mot    
14:39:19.088  DEBUG   [poll]    <- read  st2mot     ret=0  data=['0x00', '0x00']
14:39:19.088  DEBUG   [poll]    -> read  st0cur    
14:39:19.093  DEBUG   [poll]    <- read  st0cur     ret=0  data=['0xfe', '0x01', '0x01', '0x02']
14:39:20.094  DEBUG   [poll]    -> read  st2mot    
14:39:20.098  DEBUG   [poll]    <- read  st2mot     ret=0  data=['0x00', '0x00']
14:39:20.098  DEBUG   [poll]    -> read  st0cur    
14:39:20.102  DEBUG   [poll]    <- read  st0cur     ret=0  data=['0xfe', '0x01', '0x01', '0x02']
14:39:21.104  DEBUG   [poll]    -> read  st2mot    
14:39:21.107  DEBUG   [poll]    <- read  st2mot     ret=0  data=['0x00', '0x00']
14:39:21.107  DEBUG   [poll]    -> read  st0cur    
14:39:21.112  DEBUG   [poll]    <- read  st0cur     ret=0  data=['0xfd', '0x01', '0x01', '0x02']
14:39:22.113  DEBUG   [poll]    -> read  st2mot    
14:39:22.116  DEBUG   [poll]    <- read  st2mot     ret=0  data=['0x00', '0x00']
14:39:22.117  DEBUG   [poll]    -> read  st0cur    
14:39:22.121  DEBUG   [poll]    <- read  st0cur     ret=0  data=['0xfe', '0x01', '0x01', '0x02']
14:39:23.123  DEBUG   [poll]    -> read  st2mot    
14:39:23.126  DEBUG   [poll]    <- read  st2mot     ret=0  data=['0x00', '0x00']
14:39:23.126  DEBUG   [poll]    -> read  st0cur    
14:39:23.131  DEBUG   [poll]    <- read  st0cur     ret=0  data=['0xfe', '0x01', '0x02', '0x02']
14:39:24.132  DEBUG   [poll]    -> read  st2mot    
14:39:24.139  DEBUG   [poll]    <- read  st2mot     ret=0  data=['0x00', '0x00']
14:39:24.139  DEBUG   [poll]    -> read  st0cur    
14:39:24.144  DEBUG   [poll]    <- read  st0cur     ret=0  data=['0xfe', '0x01', '0x01', '0x02']
14:39:25.145  DEBUG   [poll]    -> read  st2mot    
14:39:25.148  DEBUG   [poll]    <- read  st2mot     ret=0  data=['0x00', '0x00']
14:39:25.149  DEBUG   [poll]    -> read  st0cur    
14:39:25.153  DEBUG   [poll]    <- read  st0cur     ret=0  data=['0xfe', '0x01', '0x01', '0x02']
14:39:26.155  DEBUG   [poll]    -> read  st2mot    
14:39:26.158  DEBUG   [poll]    <- read  st2mot     ret=0  data=['0x00', '0x00']
14:39:26.158  DEBUG   [poll]    -> read  st0cur    
14:39:26.162  DEBUG   [poll]    <- read  st0cur     ret=0  data=['0xfe', '0x01', '0x01', '0x02']
14:39:27.164  DEBUG   [poll]    -> read  st2mot    
14:39:27.167  DEBUG   [poll]    <- read  st2mot     ret=0  data=['0x00', '0x00']
14:39:27.168  DEBUG   [poll]    -> read  st0cur    
14:39:27.172  DEBUG   [poll]    <- read  st0cur     ret=0  data=['0xfd', '0x01', '0x02', '0x02']
14:39:28.173  DEBUG   [poll]    -> read  st2mot    
14:39:28.177  DEBUG   [poll]    <- read  st2mot     ret=0  data=['0x00', '0x00']
14:39:28.177  DEBUG   [poll]    -> read  st0cur    
14:39:28.181  DEBUG   [poll]    <- read  st0cur     ret=0  data=['0xfe', '0x01', '0x01', '0x02']
14:39:29.183  DEBUG   [poll]    -> read  st2mot    
14:39:29.190  DEBUG   [poll]    <- read  st2mot     ret=0  data=['0x00', '0x00']
14:39:29.190  DEBUG   [poll]    -> read  st0cur    
14:39:29.195  DEBUG   [poll]    <- read  st0cur     ret=0  data=['0xfe', '0x01', '0x01', '0x02']
14:39:30.196  DEBUG   [poll]    -> read  st2mot    
14:39:30.199  DEBUG   [poll]    <- read  st2mot     ret=0  data=['0x00', '0x00']
14:39:30.200  DEBUG   [poll]    -> read  st0cur    
14:39:30.204  DEBUG   [poll]    <- read  st0cur     ret=0  data=['0xfe', '0x01', '0x01', '0x02']
14:39:31.205  DEBUG   [poll]    -> read  st2mot    
14:39:31.209  DEBUG   [poll]    <- read  st2mot     ret=0  data=['0x00', '0x00']
14:39:31.209  DEBUG   [poll]    -> read  st0cur    
14:39:31.213  DEBUG   [poll]    <- read  st0cur     ret=0  data=['0xfd', '0x01', '0x01', '0x02']
14:39:32.215  DEBUG   [poll]    -> read  st2mot    
14:39:32.218  DEBUG   [poll]    <- read  st2mot     ret=0  data=['0x00', '0x00']
14:39:32.219  DEBUG   [poll]    -> read  st0cur    
14:39:32.223  DEBUG   [poll]    <- read  st0cur     ret=0  data=['0xfe', '0x01', '0x01', '0x02']
14:39:33.224  DEBUG   [poll]    -> read  st2mot    
14:39:33.228  DEBUG   [poll]    <- read  st2mot     ret=0  data=['0x00', '0x00']
14:39:33.228  DEBUG   [poll]    -> read  st0cur    
14:39:33.232  DEBUG   [poll]    <- read  st0cur     ret=0  data=['0xfe', '0x01', '0x01', '0x02']
14:39:34.234  DEBUG   [poll]    -> read  st2mot    
14:39:34.240  DEBUG   [poll]    <- read  st2mot     ret=0  data=['0x00', '0x00']
14:39:34.241  DEBUG   [poll]    -> read  st0cur    
14:39:34.245  DEBUG   [poll]    <- read  st0cur     ret=0  data=['0xfe', '0x01', '0x01', '0x02']
14:39:35.247  DEBUG   [poll]    -> read  st2mot    
14:39:35.250  DEBUG   [poll]    <- read  st2mot     ret=0  data=['0x00', '0x00']
14:39:35.250  DEBUG   [poll]    -> read  st0cur    
14:39:35.254  DEBUG   [poll]    <- read  st0cur     ret=0  data=['0xfe', '0x01', '0x01', '0x02']
14:39:36.256  DEBUG   [poll]    -> read  st2mot    
14:39:36.259  DEBUG   [poll]    <- read  st2mot     ret=0  data=['0x00', '0x00']
14:39:36.260  DEBUG   [poll]    -> read  st0cur    
14:39:36.264  DEBUG   [poll]    <- read  st0cur     ret=0  data=['0xfd', '0x01', '0x01', '0x02']
14:39:37.265  DEBUG   [poll]    -> read  st2mot    
14:39:37.269  DEBUG   [poll]    <- read  st2mot     ret=0  data=['0x00', '0x00']
14:39:37.269  DEBUG   [poll]    -> read  st0cur    
14:39:37.273  DEBUG   [poll]    <- read  st0cur     ret=0  data=['0xfe', '0x01', '0x01', '0x02']
14:39:38.275  DEBUG   [poll]    -> read  st2mot    
14:39:38.278  DEBUG   [poll]    <- read  st2mot     ret=0  data=['0x00', '0x00']
14:39:38.279  DEBUG   [poll]    -> read  st0cur    
14:39:38.283  DEBUG   [poll]    <- read  st0cur     ret=0  data=['0xfe', '0x01', '0x01', '0x02']
14:39:39.284  DEBUG   [poll]    -> read  st2mot    
14:39:39.291  DEBUG   [poll]    <- read  st2mot     ret=0  data=['0x00', '0x00']
14:39:39.292  DEBUG   [poll]    -> read  st0cur    
14:39:39.296  DEBUG   [poll]    <- read  st0cur     ret=0  data=['0xfe', '0x01', '0x01', '0x02']
14:39:40.297  DEBUG   [poll]    -> read  st2mot    
14:39:40.301  DEBUG   [poll]    <- read  st2mot     ret=0  data=['0x00', '0x00']
14:39:40.301  DEBUG   [poll]    -> read  st0cur    
14:39:40.305  DEBUG   [poll]    <- read  st0cur     ret=0  data=['0xfe', '0x01', '0x01', '0x02']
14:39:41.307  DEBUG   [poll]    -> read  st2mot    
14:39:41.310  DEBUG   [poll]    <- read  st2mot     ret=0  data=['0x00', '0x00']
14:39:41.310  DEBUG   [poll]    -> read  st0cur    
14:39:41.315  DEBUG   [poll]    <- read  st0cur     ret=0  data=['0xfe', '0x01', '0x01', '0x02']
14:39:42.316  DEBUG   [poll]    -> read  st2mot    
14:39:42.319  DEBUG   [poll]    <- read  st2mot     ret=0  data=['0x00', '0x00']
14:39:42.320  DEBUG   [poll]    -> read  st0cur    
14:39:42.324  DEBUG   [poll]    <- read  st0cur     ret=0  data=['0xfe', '0x01', '0x01', '0x02']
14:39:43.325  DEBUG   [poll]    -> read  st2mot    
14:39:43.329  DEBUG   [poll]    <- read  st2mot     ret=0  data=['0x00', '0x00']
14:39:43.329  DEBUG   [poll]    -> read  st0cur    
14:39:43.333  DEBUG   [poll]    <- read  st0cur     ret=0  data=['0xfe', '0x01', '0x01', '0x02']
14:39:44.335  DEBUG   [poll]    -> read  st2mot    
14:39:44.338  DEBUG   [poll]    <- read  st2mot     ret=0  data=['0x00', '0x00']
14:39:44.339  DEBUG   [poll]    -> read  st0cur    
14:39:44.343  DEBUG   [poll]    <- read  st0cur     ret=0  data=['0xfd', '0x01', '0x01', '0x02']
14:39:45.344  DEBUG   [poll]    -> read  st2mot    
14:39:45.348  DEBUG   [poll]    <- read  st2mot     ret=0  data=['0x00', '0x00']
14:39:45.348  DEBUG   [poll]    -> read  st0cur    
14:39:45.352  DEBUG   [poll]    <- read  st0cur     ret=0  data=['0xfe', '0x01', '0x02', '0x02']
14:39:46.354  DEBUG   [poll]    -> read  st2mot    
14:39:46.357  DEBUG   [poll]    <- read  st2mot     ret=0  data=['0x00', '0x00']
14:39:46.358  DEBUG   [poll]    -> read  st0cur    
14:39:46.362  DEBUG   [poll]    <- read  st0cur     ret=0  data=['0xfd', '0x01', '0x01', '0x02']
14:39:47.363  DEBUG   [poll]    -> read  st2mot    
14:39:47.367  DEBUG   [poll]    <- read  st2mot     ret=0  data=['0x00', '0x00']
14:39:47.367  DEBUG   [poll]    -> read  st0cur    
14:39:47.371  DEBUG   [poll]    <- read  st0cur     ret=0  data=['0xfe', '0x01', '0x01', '0x02']
14:39:48.373  DEBUG   [poll]    -> read  st2mot    
14:39:48.376  DEBUG   [poll]    <- read  st2mot     ret=0  data=['0x00', '0x00']
14:39:48.376  DEBUG   [poll]    -> read  st0cur    
14:39:48.381  DEBUG   [poll]    <- read  st0cur     ret=0  data=['0xfd', '0x01', '0x01', '0x02']
14:39:49.382  DEBUG   [poll]    -> read  st2mot    
14:39:49.389  DEBUG   [poll]    <- read  st2mot     ret=0  data=['0x00', '0x00']
14:39:49.390  DEBUG   [poll]    -> read  st0cur    
14:39:49.394  DEBUG   [poll]    <- read  st0cur     ret=0  data=['0xfe', '0x01', '0x01', '0x02']
14:39:50.396  DEBUG   [poll]    -> read  st2mot    
14:39:50.399  DEBUG   [poll]    <- read  st2mot     ret=0  data=['0x00', '0x00']
14:39:50.399  DEBUG   [poll]    -> read  st0cur    
14:39:50.404  DEBUG   [poll]    <- read  st0cur     ret=0  data=['0xfe', '0x01', '0x01', '0x02']
14:39:51.405  DEBUG   [poll]    -> read  st2mot    
14:39:51.408  DEBUG   [poll]    <- read  st2mot     ret=0  data=['0x00', '0x00']
14:39:51.409  DEBUG   [poll]    -> read  st0cur    
14:39:51.413  DEBUG   [poll]    <- read  st0cur     ret=0  data=['0xfe', '0x01', '0x01', '0x02']
14:39:52.414  DEBUG   [poll]    -> read  st2mot    
14:39:52.418  DEBUG   [poll]    <- read  st2mot     ret=0  data=['0x00', '0x00']
14:39:52.418  DEBUG   [poll]    -> read  st0cur    
14:39:52.422  DEBUG   [poll]    <- read  st0cur     ret=0  data=['0xfe', '0x01', '0x01', '0x02']
14:39:53.424  DEBUG   [poll]    -> read  st2mot    
14:39:53.427  DEBUG   [poll]    <- read  st2mot     ret=0  data=['0x00', '0x00']
14:39:53.427  DEBUG   [poll]    -> read  st0cur    
14:39:53.432  DEBUG   [poll]    <- read  st0cur     ret=0  data=['0xfe', '0x01', '0x01', '0x02']
14:39:54.433  DEBUG   [poll]    -> read  st2mot    
14:39:54.440  DEBUG   [poll]    <- read  st2mot     ret=0  data=['0x00', '0x00']
14:39:54.440  DEBUG   [poll]    -> read  st0cur    
14:39:54.445  DEBUG   [poll]    <- read  st0cur     ret=0  data=['0xfe', '0x01', '0x01', '0x02']
14:39:55.446  DEBUG   [poll]    -> read  st2mot    
14:39:55.449  DEBUG   [poll]    <- read  st2mot     ret=0  data=['0x00', '0x00']
14:39:55.450  DEBUG   [poll]    -> read  st0cur    
14:39:55.454  DEBUG   [poll]    <- read  st0cur     ret=0  data=['0xfe', '0x01', '0x01', '0x02']
14:39:56.455  DEBUG   [poll]    -> read  st2mot    
14:39:56.459  DEBUG   [poll]    <- read  st2mot     ret=0  data=['0x00', '0x00']
14:39:56.459  DEBUG   [poll]    -> read  st0cur    
14:39:56.463  DEBUG   [poll]    <- read  st0cur     ret=0  data=['0xfe', '0x01', '0x01', '0x02']
14:39:57.465  DEBUG   [poll]    -> read  st2mot    
14:39:57.468  DEBUG   [poll]    <- read  st2mot     ret=0  data=['0x00', '0x00']
14:39:57.469  DEBUG   [poll]    -> read  st0cur    
14:39:57.473  DEBUG   [poll]    <- read  st0cur     ret=0  data=['0xfe', '0x01', '0x01', '0x02']
14:39:58.474  DEBUG   [poll]    -> read  st2mot    
14:39:58.478  DEBUG   [poll]    <- read  st2mot     ret=0  data=['0x00', '0x00']
14:39:58.478  DEBUG   [poll]    -> read  st0cur    
14:39:58.482  DEBUG   [poll]    <- read  st0cur     ret=0  data=['0xfe', '0x01', '0x01', '0x02']
14:39:59.484  DEBUG   [poll]    -> read  st2mot    
14:39:59.491  DEBUG   [poll]    <- read  st2mot     ret=0  data=['0x00', '0x00']
14:39:59.491  DEBUG   [poll]    -> read  st0cur    
14:39:59.495  DEBUG   [poll]    <- read  st0cur     ret=0  data=['0xfe', '0x01', '0x01', '0x02']
14:40:00.497  DEBUG   [poll]    -> read  st2mot    
14:40:00.500  DEBUG   [poll]    <- read  st2mot     ret=0  data=['0x00', '0x00']
14:40:00.501  DEBUG   [poll]    -> read  st0cur    
14:40:00.505  DEBUG   [poll]    <- read  st0cur     ret=0  data=['0xfe', '0x01', '0x01', '0x02']
14:40:01.506  DEBUG   [poll]    -> read  st2mot    
14:40:01.510  DEBUG   [poll]    <- read  st2mot     ret=0  data=['0x00', '0x00']
14:40:01.510  DEBUG   [poll]    -> read  st0cur    
14:40:01.514  DEBUG   [poll]    <- read  st0cur     ret=0  data=['0xfe', '0x01', '0x02', '0x02']
14:40:02.516  DEBUG   [poll]    -> read  st2mot    
14:40:02.519  DEBUG   [poll]    <- read  st2mot     ret=0  data=['0x00', '0x00']
14:40:02.519  DEBUG   [poll]    -> read  st0cur    
14:40:02.524  DEBUG   [poll]    <- read  st0cur     ret=0  data=['0xfe', '0x01', '0x01', '0x02']
14:40:03.525  DEBUG   [poll]    -> read  st2mot    
14:40:03.529  DEBUG   [poll]    <- read  st2mot     ret=0  data=['0x00', '0x00']
14:40:03.529  DEBUG   [poll]    -> read  st0cur    
14:40:03.533  DEBUG   [poll]    <- read  st0cur     ret=0  data=['0xfe', '0x01', '0x01', '0x02']
14:40:04.535  DEBUG   [poll]    -> read  st2mot    
14:40:04.541  DEBUG   [poll]    <- read  st2mot     ret=0  data=['0x00', '0x00']
14:40:04.542  DEBUG   [poll]    -> read  st0cur    
14:40:04.546  DEBUG   [poll]    <- read  st0cur     ret=0  data=['0xfe', '0x01', '0x01', '0x02']
14:40:05.547  DEBUG   [poll]    -> read  st2mot    
14:40:05.551  DEBUG   [poll]    <- read  st2mot     ret=0  data=['0x00', '0x00']
14:40:05.551  DEBUG   [poll]    -> read  st0cur    
14:40:05.555  DEBUG   [poll]    <- read  st0cur     ret=0  data=['0xfe', '0x01', '0x01', '0x02']
14:40:06.557  DEBUG   [poll]    -> read  st2mot    
14:40:06.560  DEBUG   [poll]    <- read  st2mot     ret=0  data=['0x00', '0x00']
14:40:06.560  DEBUG   [poll]    -> read  st0cur    
14:40:06.565  DEBUG   [poll]    <- read  st0cur     ret=0  data=['0xfe', '0x01', '0x01', '0x02']
14:40:07.566  DEBUG   [poll]    -> read  st2mot    
14:40:07.570  DEBUG   [poll]    <- read  st2mot     ret=0  data=['0x00', '0x00']
14:40:07.570  DEBUG   [poll]    -> read  st0cur    
14:40:07.574  DEBUG   [poll]    <- read  st0cur     ret=0  data=['0xfe', '0x01', '0x01', '0x02']
14:40:08.576  DEBUG   [poll]    -> read  st2mot    
14:40:08.579  DEBUG   [poll]    <- read  st2mot     ret=0  data=['0x00', '0x00']
14:40:08.579  DEBUG   [poll]    -> read  st0cur    
14:40:08.584  DEBUG   [poll]    <- read  st0cur     ret=0  data=['0xfe', '0x01', '0x01', '0x02']
14:40:09.585  DEBUG   [poll]    -> read  st2mot    
14:40:09.592  DEBUG   [poll]    <- read  st2mot     ret=0  data=['0x00', '0x00']
14:40:09.592  DEBUG   [poll]    -> read  st0cur    
14:40:09.597  DEBUG   [poll]    <- read  st0cur     ret=0  data=['0xfe', '0x01', '0x01', '0x02']
14:40:10.598  DEBUG   [poll]    -> read  st2mot    
14:40:10.601  DEBUG   [poll]    <- read  st2mot     ret=0  data=['0x00', '0x00']
14:40:10.602  DEBUG   [poll]    -> read  st0cur    
14:40:10.606  DEBUG   [poll]    <- read  st0cur     ret=0  data=['0xfe', '0x01', '0x01', '0x02']
14:40:11.607  DEBUG   [poll]    -> read  st2mot    
14:40:11.611  DEBUG   [poll]    <- read  st2mot     ret=0  data=['0x00', '0x00']
14:40:11.611  DEBUG   [poll]    -> read  st0cur    
14:40:11.615  DEBUG   [poll]    <- read  st0cur     ret=0  data=['0xfe', '0x01', '0x01', '0x02']
14:40:12.617  DEBUG   [poll]    -> read  st2mot    
14:40:12.620  DEBUG   [poll]    <- read  st2mot     ret=0  data=['0x00', '0x00']
14:40:12.621  DEBUG   [poll]    -> read  st0cur    
14:40:12.625  DEBUG   [poll]    <- read  st0cur     ret=0  data=['0xfe', '0x01', '0x02', '0x02']
14:40:13.626  DEBUG   [poll]    -> read  st2mot    
14:40:13.630  DEBUG   [poll]    <- read  st2mot     ret=0  data=['0x00', '0x00']
14:40:13.630  DEBUG   [poll]    -> read  st0cur    
14:40:13.634  DEBUG   [poll]    <- read  st0cur     ret=0  data=['0xfe', '0x01', '0x01', '0x02']
14:40:14.636  DEBUG   [poll]    -> read  st2mot    
14:40:14.643  DEBUG   [poll]    <- read  st2mot     ret=0  data=['0x00', '0x00']
14:40:14.643  DEBUG   [poll]    -> read  st0cur    
14:40:14.647  DEBUG   [poll]    <- read  st0cur     ret=0  data=['0xfe', '0x01', '0x01', '0x02']
14:40:15.649  DEBUG   [poll]    -> read  st2mot    
14:40:15.652  DEBUG   [poll]    <- read  st2mot     ret=0  data=['0x00', '0x00']
14:40:15.653  DEBUG   [poll]    -> read  st0cur    
14:40:15.657  DEBUG   [poll]    <- read  st0cur     ret=0  data=['0xfe', '0x01', '0x01', '0x02']
14:40:16.658  DEBUG   [poll]    -> read  st2mot    
14:40:16.662  DEBUG   [poll]    <- read  st2mot     ret=0  data=['0x00', '0x00']
14:40:16.662  DEBUG   [poll]    -> read  st0cur    
14:40:16.666  DEBUG   [poll]    <- read  st0cur     ret=0  data=['0xfd', '0x01', '0x01', '0x02']
14:40:17.668  DEBUG   [poll]    -> read  st2mot    
14:40:17.672  DEBUG   [poll]    <- read  st2mot     ret=0  data=['0x00', '0x00']
14:40:17.672  DEBUG   [poll]    -> read  st0cur    
14:40:17.676  DEBUG   [poll]    <- read  st0cur     ret=0  data=['0xfd', '0x01', '0x01', '0x02']
14:40:18.678  DEBUG   [poll]    -> read  st2mot    
14:40:18.681  DEBUG   [poll]    <- read  st2mot     ret=0  data=['0x00', '0x00']
14:40:18.681  DEBUG   [poll]    -> read  st0cur    
14:40:18.686  DEBUG   [poll]    <- read  st0cur     ret=0  data=['0xfe', '0x01', '0x01', '0x02']
14:40:19.687  DEBUG   [poll]    -> read  st2mot    
14:40:19.691  DEBUG   [poll]    <- read  st2mot     ret=0  data=['0x00', '0x00']
14:40:19.691  DEBUG   [poll]    -> read  st0cur    
14:40:19.696  DEBUG   [poll]    <- read  st0cur     ret=0  data=['0xfe', '0x01', '0x01', '0x02']
14:40:20.697  DEBUG   [poll]    -> read  st2mot    
14:40:20.700  DEBUG   [poll]    <- read  st2mot     ret=0  data=['0x00', '0x00']
14:40:20.701  DEBUG   [poll]    -> read  st0cur    
14:40:20.705  DEBUG   [poll]    <- read  st0cur     ret=0  data=['0xfe', '0x01', '0x01', '0x02']
14:40:21.707  DEBUG   [poll]    -> read  st2mot    
14:40:21.710  DEBUG   [poll]    <- read  st2mot     ret=0  data=['0x00', '0x00']
14:40:21.710  DEBUG   [poll]    -> read  st0cur    
14:40:21.715  DEBUG   [poll]    <- read  st0cur     ret=0  data=['0xfe', '0x01', '0x01', '0x02']
14:40:22.716  DEBUG   [poll]    -> read  st2mot    
14:40:22.720  DEBUG   [poll]    <- read  st2mot     ret=0  data=['0x00', '0x00']
14:40:22.720  DEBUG   [poll]    -> read  st0cur    
14:40:22.724  DEBUG   [poll]    <- read  st0cur     ret=0  data=['0xfe', '0x01', '0x01', '0x02']
14:40:23.726  DEBUG   [poll]    -> read  st2mot    
14:40:23.729  DEBUG   [poll]    <- read  st2mot     ret=0  data=['0x00', '0x00']
14:40:23.729  DEBUG   [poll]    -> read  st0cur    
14:40:23.734  DEBUG   [poll]    <- read  st0cur     ret=0  data=['0xfe', '0x01', '0x01', '0x02']
14:40:24.735  DEBUG   [poll]    -> read  st2mot    
14:40:24.742  DEBUG   [poll]    <- read  st2mot     ret=0  data=['0x00', '0x00']
14:40:24.742  DEBUG   [poll]    -> read  st0cur    
14:40:24.747  DEBUG   [poll]    <- read  st0cur     ret=0  data=['0xfe', '0x01', '0x01', '0x02']
14:40:25.748  DEBUG   [poll]    -> read  st2mot    
14:40:25.751  DEBUG   [poll]    <- read  st2mot     ret=0  data=['0x00', '0x00']
14:40:25.752  DEBUG   [poll]    -> read  st0cur    
14:40:25.756  DEBUG   [poll]    <- read  st0cur     ret=0  data=['0xfd', '0x01', '0x01', '0x02']
14:40:26.758  DEBUG   [poll]    -> read  st2mot    
14:40:26.761  DEBUG   [poll]    <- read  st2mot     ret=0  data=['0x00', '0x00']
14:40:26.761  DEBUG   [poll]    -> read  st0cur    
14:40:26.766  DEBUG   [poll]    <- read  st0cur     ret=0  data=['0xfe', '0x01', '0x01', '0x02']
14:40:27.767  DEBUG   [poll]    -> read  st2mot    
14:40:27.770  DEBUG   [poll]    <- read  st2mot     ret=0  data=['0x00', '0x00']
14:40:27.771  DEBUG   [poll]    -> read  st0cur    
14:40:27.775  DEBUG   [poll]    <- read  st0cur     ret=0  data=['0xfe', '0x01', '0x01', '0x02']
14:40:28.776  DEBUG   [poll]    -> read  st2mot    
14:40:28.780  DEBUG   [poll]    <- read  st2mot     ret=0  data=['0x00', '0x00']
14:40:28.780  DEBUG   [poll]    -> read  st0cur    
14:40:28.785  DEBUG   [poll]    <- read  st0cur     ret=0  data=['0xfe', '0x01', '0x02', '0x02']
14:40:29.786  DEBUG   [poll]    -> read  st2mot    
14:40:29.793  DEBUG   [poll]    <- read  st2mot     ret=0  data=['0x00', '0x00']
14:40:29.793  DEBUG   [poll]    -> read  st0cur    
14:40:29.797  DEBUG   [poll]    <- read  st0cur     ret=0  data=['0xfe', '0x01', '0x01', '0x02']
14:40:30.799  DEBUG   [poll]    -> read  st2mot    
14:40:30.802  DEBUG   [poll]    <- read  st2mot     ret=0  data=['0x00', '0x00']
14:40:30.803  DEBUG   [poll]    -> read  st0cur    
14:40:30.807  DEBUG   [poll]    <- read  st0cur     ret=0  data=['0xfe', '0x01', '0x01', '0x02']
14:40:31.808  DEBUG   [poll]    -> read  st2mot    
14:40:31.812  DEBUG   [poll]    <- read  st2mot     ret=0  data=['0x00', '0x00']
14:40:31.812  DEBUG   [poll]    -> read  st0cur    
14:40:31.816  DEBUG   [poll]    <- read  st0cur     ret=0  data=['0xfe', '0x01', '0x01', '0x02']
14:40:32.818  DEBUG   [poll]    -> read  st2mot    
14:40:32.821  DEBUG   [poll]    <- read  st2mot     ret=0  data=['0x00', '0x00']
14:40:32.822  DEBUG   [poll]    -> read  st0cur    
14:40:32.826  DEBUG   [poll]    <- read  st0cur     ret=0  data=['0xfe', '0x01', '0x01', '0x02']
14:40:33.827  DEBUG   [poll]    -> read  st2mot    
14:40:33.831  DEBUG   [poll]    <- read  st2mot     ret=0  data=['0x00', '0x00']
14:40:33.831  DEBUG   [poll]    -> read  st0cur    
14:40:33.835  DEBUG   [poll]    <- read  st0cur     ret=0  data=['0xfd', '0x01', '0x01', '0x02']
14:40:34.837  DEBUG   [poll]    -> read  st2mot    
14:40:34.844  DEBUG   [poll]    <- read  st2mot     ret=0  data=['0x00', '0x00']
14:40:34.844  DEBUG   [poll]    -> read  st0cur    
14:40:34.848  DEBUG   [poll]    <- read  st0cur     ret=0  data=['0xfe', '0x01', '0x01', '0x02']
14:40:35.850  DEBUG   [poll]    -> read  st2mot    
14:40:35.853  DEBUG   [poll]    <- read  st2mot     ret=0  data=['0x00', '0x00']
14:40:35.854  DEBUG   [poll]    -> read  st0cur    
14:40:35.858  DEBUG   [poll]    <- read  st0cur     ret=0  data=['0xfe', '0x01', '0x02', '0x02']
14:40:36.859  DEBUG   [poll]    -> read  st2mot    
14:40:36.863  DEBUG   [poll]    <- read  st2mot     ret=0  data=['0x00', '0x00']
14:40:36.863  DEBUG   [poll]    -> read  st0cur    
14:40:36.867  DEBUG   [poll]    <- read  st0cur     ret=0  data=['0xfe', '0x01', '0x01', '0x02']
14:40:37.869  DEBUG   [poll]    -> read  st2mot    
14:40:37.872  DEBUG   [poll]    <- read  st2mot     ret=0  data=['0x00', '0x00']
14:40:37.872  DEBUG   [poll]    -> read  st0cur    
14:40:37.877  DEBUG   [poll]    <- read  st0cur     ret=0  data=['0xfe', '0x01', '0x01', '0x02']
14:40:38.878  DEBUG   [poll]    -> read  st2mot    
14:40:38.882  DEBUG   [poll]    <- read  st2mot     ret=0  data=['0x00', '0x00']
14:40:38.882  DEBUG   [poll]    -> read  st0cur    
14:40:38.886  DEBUG   [poll]    <- read  st0cur     ret=0  data=['0xfe', '0x01', '0x01', '0x02']
14:40:39.888  DEBUG   [poll]    -> read  st2mot    
14:40:39.894  DEBUG   [poll]    <- read  st2mot     ret=0  data=['0x00', '0x00']
14:40:39.895  DEBUG   [poll]    -> read  st0cur    
14:40:39.899  DEBUG   [poll]    <- read  st0cur     ret=0  data=['0xfe', '0x01', '0x01', '0x02']
14:40:40.900  DEBUG   [poll]    -> read  st2mot    
14:40:40.904  DEBUG   [poll]    <- read  st2mot     ret=0  data=['0x00', '0x00']
14:40:40.904  DEBUG   [poll]    -> read  st0cur    
14:40:40.908  DEBUG   [poll]    <- read  st0cur     ret=0  data=['0xfd', '0x01', '0x02', '0x02']
14:40:41.910  DEBUG   [poll]    -> read  st2mot    
14:40:41.913  DEBUG   [poll]    <- read  st2mot     ret=0  data=['0x00', '0x00']
14:40:41.914  DEBUG   [poll]    -> read  st0cur    
14:40:41.918  DEBUG   [poll]    <- read  st0cur     ret=0  data=['0xfe', '0x01', '0x01', '0x02']
14:40:42.919  DEBUG   [poll]    -> read  st2mot    
14:40:42.923  DEBUG   [poll]    <- read  st2mot     ret=0  data=['0x00', '0x00']
14:40:42.923  DEBUG   [poll]    -> read  st0cur    
14:40:42.927  DEBUG   [poll]    <- read  st0cur     ret=0  data=['0xfe', '0x01', '0x02', '0x02']
14:40:43.929  DEBUG   [poll]    -> read  st2mot    
14:40:43.932  DEBUG   [poll]    <- read  st2mot     ret=0  data=['0x00', '0x00']
14:40:43.932  DEBUG   [poll]    -> read  st0cur    
14:40:43.937  DEBUG   [poll]    <- read  st0cur     ret=0  data=['0xfe', '0x01', '0x01', '0x02']
14:40:44.938  DEBUG   [poll]    -> read  st2mot    
14:40:44.947  DEBUG   [poll]    <- read  st2mot     ret=0  data=['0x00', '0x00']
14:40:44.948  DEBUG   [poll]    -> read  st0cur    
14:40:44.952  DEBUG   [poll]    <- read  st0cur     ret=0  data=['0xfe', '0x01', '0x01', '0x02']
14:40:45.953  DEBUG   [poll]    -> read  st2mot    
14:40:45.957  DEBUG   [poll]    <- read  st2mot     ret=0  data=['0x00', '0x00']
14:40:45.957  DEBUG   [poll]    -> read  st0cur    
14:40:45.961  DEBUG   [poll]    <- read  st0cur     ret=0  data=['0xfe', '0x01', '0x01', '0x02']
14:40:46.963  DEBUG   [poll]    -> read  st2mot    
14:40:46.966  DEBUG   [poll]    <- read  st2mot     ret=0  data=['0x00', '0x00']
14:40:46.967  DEBUG   [poll]    -> read  st0cur    
14:40:46.971  DEBUG   [poll]    <- read  st0cur     ret=0  data=['0xfe', '0x01', '0x01', '0x02']
14:40:47.972  DEBUG   [poll]    -> read  st2mot    
14:40:47.976  DEBUG   [poll]    <- read  st2mot     ret=0  data=['0x00', '0x00']
14:40:47.976  DEBUG   [poll]    -> read  st0cur    
14:40:47.980  DEBUG   [poll]    <- read  st0cur     ret=0  data=['0xfd', '0x01', '0x02', '0x02']
14:40:48.982  DEBUG   [poll]    -> read  st2mot    
14:40:48.985  DEBUG   [poll]    <- read  st2mot     ret=0  data=['0x00', '0x00']
14:40:48.986  DEBUG   [poll]    -> read  st0cur    
14:40:48.990  DEBUG   [poll]    <- read  st0cur     ret=0  data=['0xfe', '0x01', '0x01', '0x02']
14:40:49.991  DEBUG   [poll]    -> read  st2mot    
14:40:49.998  DEBUG   [poll]    <- read  st2mot     ret=0  data=['0x00', '0x00']
14:40:49.998  DEBUG   [poll]    -> read  st0cur    
14:40:50.003  DEBUG   [poll]    <- read  st0cur     ret=0  data=['0xfd', '0x01', '0x02', '0x02']
14:40:51.004  DEBUG   [poll]    -> read  st2mot    
14:40:51.007  DEBUG   [poll]    <- read  st2mot     ret=0  data=['0x00', '0x00']
14:40:51.008  DEBUG   [poll]    -> read  st0cur    
14:40:51.012  DEBUG   [poll]    <- read  st0cur     ret=0  data=['0xfe', '0x01', '0x01', '0x02']
14:40:52.014  DEBUG   [poll]    -> read  st2mot    
14:40:52.017  DEBUG   [poll]    <- read  st2mot     ret=0  data=['0x00', '0x00']
14:40:52.017  DEBUG   [poll]    -> read  st0cur    
14:40:52.021  DEBUG   [poll]    <- read  st0cur     ret=0  data=['0xfe', '0x01', '0x02', '0x02']
14:40:53.023  DEBUG   [poll]    -> read  st2mot    
14:40:53.026  DEBUG   [poll]    <- read  st2mot     ret=0  data=['0x00', '0x00']
14:40:53.027  DEBUG   [poll]    -> read  st0cur    
14:40:53.031  DEBUG   [poll]    <- read  st0cur     ret=0  data=['0xfe', '0x01', '0x01', '0x02']
14:40:54.032  DEBUG   [poll]    -> read  st2mot    
14:40:54.036  DEBUG   [poll]    <- read  st2mot     ret=0  data=['0x00', '0x00']
14:40:54.036  DEBUG   [poll]    -> read  st0cur    
14:40:54.040  DEBUG   [poll]    <- read  st0cur     ret=0  data=['0xfe', '0x01', '0x01', '0x02']
14:40:55.042  DEBUG   [poll]    -> read  st2mot    
14:40:55.048  DEBUG   [poll]    <- read  st2mot     ret=0  data=['0x00', '0x00']
14:40:55.049  DEBUG   [poll]    -> read  st0cur    
14:40:55.053  DEBUG   [poll]    <- read  st0cur     ret=0  data=['0xfe', '0x01', '0x01', '0x02']
14:40:56.055  DEBUG   [poll]    -> read  st2mot    
14:40:56.058  DEBUG   [poll]    <- read  st2mot     ret=0  data=['0x00', '0x00']
14:40:56.058  DEBUG   [poll]    -> read  st0cur    
14:40:56.063  DEBUG   [poll]    <- read  st0cur     ret=0  data=['0xfe', '0x01', '0x02', '0x02']
14:40:57.064  DEBUG   [poll]    -> read  st2mot    
14:40:57.067  DEBUG   [poll]    <- read  st2mot     ret=0  data=['0x00', '0x00']
14:40:57.068  DEBUG   [poll]    -> read  st0cur    
14:40:57.072  DEBUG   [poll]    <- read  st0cur     ret=0  data=['0xfe', '0x01', '0x01', '0x02']
14:40:58.073  DEBUG   [poll]    -> read  st2mot    
14:40:58.077  DEBUG   [poll]    <- read  st2mot     ret=0  data=['0x00', '0x00']
14:40:58.077  DEBUG   [poll]    -> read  st0cur    
14:40:58.082  DEBUG   [poll]    <- read  st0cur     ret=0  data=['0xfe', '0x01', '0x01', '0x02']
14:40:59.083  DEBUG   [poll]    -> read  st2mot    
14:40:59.086  DEBUG   [poll]    <- read  st2mot     ret=0  data=['0x00', '0x00']
14:40:59.087  DEBUG   [poll]    -> read  st0cur    
14:40:59.091  DEBUG   [poll]    <- read  st0cur     ret=0  data=['0xfe', '0x01', '0x01', '0x02']
14:41:00.092  DEBUG   [poll]    -> read  st2mot    
14:41:00.099  DEBUG   [poll]    <- read  st2mot     ret=0  data=['0x00', '0x00']
14:41:00.100  DEBUG   [poll]    -> read  st0cur    
14:41:00.104  DEBUG   [poll]    <- read  st0cur     ret=0  data=['0xfe', '0x01', '0x01', '0x02']
14:41:01.105  DEBUG   [poll]    -> read  st2mot    
14:41:01.109  DEBUG   [poll]    <- read  st2mot     ret=0  data=['0x00', '0x00']
14:41:01.109  DEBUG   [poll]    -> read  st0cur    
14:41:01.113  DEBUG   [poll]    <- read  st0cur     ret=0  data=['0xfe', '0x01', '0x01', '0x02']
14:41:02.115  DEBUG   [poll]    -> read  st2mot    
14:41:02.118  DEBUG   [poll]    <- read  st2mot     ret=0  data=['0x00', '0x00']
14:41:02.118  DEBUG   [poll]    -> read  st0cur    
14:41:02.123  DEBUG   [poll]    <- read  st0cur     ret=0  data=['0xfe', '0x01', '0x01', '0x02']
14:41:03.124  DEBUG   [poll]    -> read  st2mot    
14:41:03.128  DEBUG   [poll]    <- read  st2mot     ret=0  data=['0x00', '0x00']
14:41:03.128  DEBUG   [poll]    -> read  st0cur    
14:41:03.132  DEBUG   [poll]    <- read  st0cur     ret=0  data=['0xfe', '0x01', '0x01', '0x02']
14:41:04.134  DEBUG   [poll]    -> read  st2mot    
14:41:04.137  DEBUG   [poll]    <- read  st2mot     ret=0  data=['0x00', '0x00']
14:41:04.137  DEBUG   [poll]    -> read  st0cur    
14:41:04.142  DEBUG   [poll]    <- read  st0cur     ret=0  data=['0xfe', '0x01', '0x01', '0x02']
14:41:05.143  DEBUG   [poll]    -> read  st2mot    
14:41:05.150  DEBUG   [poll]    <- read  st2mot     ret=0  data=['0x00', '0x00']
14:41:05.151  DEBUG   [poll]    -> read  st0cur    
14:41:05.155  DEBUG   [poll]    <- read  st0cur     ret=0  data=['0xfe', '0x01', '0x01', '0x02']
14:41:06.156  DEBUG   [poll]    -> read  st2mot    
14:41:06.160  DEBUG   [poll]    <- read  st2mot     ret=0  data=['0x00', '0x00']
14:41:06.160  DEBUG   [poll]    -> read  st0cur    
14:41:06.164  DEBUG   [poll]    <- read  st0cur     ret=0  data=['0xfd', '0x01', '0x01', '0x02']
14:41:07.166  DEBUG   [poll]    -> read  st2mot    
14:41:07.169  DEBUG   [poll]    <- read  st2mot     ret=0  data=['0x00', '0x00']
14:41:07.169  DEBUG   [poll]    -> read  st0cur    
14:41:07.174  DEBUG   [poll]    <- read  st0cur     ret=0  data=['0xfe', '0x01', '0x02', '0x02']
14:41:08.175  DEBUG   [poll]    -> read  st2mot    
14:41:08.179  DEBUG   [poll]    <- read  st2mot     ret=0  data=['0x00', '0x00']
14:41:08.179  DEBUG   [poll]    -> read  st0cur    
14:41:08.183  DEBUG   [poll]    <- read  st0cur     ret=0  data=['0xfe', '0x01', '0x02', '0x02']
14:41:09.185  DEBUG   [poll]    -> read  st2mot    
14:41:09.188  DEBUG   [poll]    <- read  st2mot     ret=0  data=['0x00', '0x00']
14:41:09.189  DEBUG   [poll]    -> read  st0cur    
14:41:09.193  DEBUG   [poll]    <- read  st0cur     ret=0  data=['0xfd', '0x01', '0x02', '0x02']
14:41:10.194  DEBUG   [poll]    -> read  st2mot    
14:41:10.201  DEBUG   [poll]    <- read  st2mot     ret=0  data=['0x00', '0x00']
14:41:10.201  DEBUG   [poll]    -> read  st0cur    
14:41:10.206  DEBUG   [poll]    <- read  st0cur     ret=0  data=['0xfe', '0x01', '0x01', '0x02']
14:41:11.207  DEBUG   [poll]    -> read  st2mot    
14:41:11.211  DEBUG   [poll]    <- read  st2mot     ret=0  data=['0x00', '0x00']
14:41:11.211  DEBUG   [poll]    -> read  st0cur    
14:41:11.215  DEBUG   [poll]    <- read  st0cur     ret=0  data=['0xfd', '0x01', '0x02', '0x02']
14:41:12.217  DEBUG   [poll]    -> read  st2mot    
14:41:12.220  DEBUG   [poll]    <- read  st2mot     ret=0  data=['0x00', '0x00']
14:41:12.220  DEBUG   [poll]    -> read  st0cur    
14:41:12.225  DEBUG   [poll]    <- read  st0cur     ret=0  data=['0xfe', '0x01', '0x01', '0x02']
14:41:13.226  DEBUG   [poll]    -> read  st2mot    
14:41:13.229  DEBUG   [poll]    <- read  st2mot     ret=0  data=['0x00', '0x00']
14:41:13.230  DEBUG   [poll]    -> read  st0cur    
14:41:13.234  DEBUG   [poll]    <- read  st0cur     ret=0  data=['0xfe', '0x01', '0x01', '0x02']
14:41:14.235  DEBUG   [poll]    -> read  st2mot    
14:41:14.239  DEBUG   [poll]    <- read  st2mot     ret=0  data=['0x00', '0x00']
14:41:14.239  DEBUG   [poll]    -> read  st0cur    
14:41:14.243  DEBUG   [poll]    <- read  st0cur     ret=0  data=['0xfd', '0x01', '0x02', '0x02']
14:41:15.245  DEBUG   [poll]    -> read  st2mot    
14:41:15.252  DEBUG   [poll]    <- read  st2mot     ret=0  data=['0x00', '0x00']
14:41:15.253  DEBUG   [poll]    -> read  st0cur    
14:41:15.257  DEBUG   [poll]    <- read  st0cur     ret=0  data=['0xfe', '0x01', '0x01', '0x02']
14:41:16.258  DEBUG   [poll]    -> read  st2mot    
14:41:16.262  DEBUG   [poll]    <- read  st2mot     ret=0  data=['0x00', '0x00']
14:41:16.262  DEBUG   [poll]    -> read  st0cur    
14:41:16.266  DEBUG   [poll]    <- read  st0cur     ret=0  data=['0xfd', '0x01', '0x01', '0x02']
14:41:17.268  DEBUG   [poll]    -> read  st2mot    
14:41:17.271  DEBUG   [poll]    <- read  st2mot     ret=0  data=['0x00', '0x00']
14:41:17.272  DEBUG   [poll]    -> read  st0cur    
14:41:17.276  DEBUG   [poll]    <- read  st0cur     ret=0  data=['0xfe', '0x01', '0x01', '0x02']
14:41:18.277  DEBUG   [poll]    -> read  st2mot    
14:41:18.281  DEBUG   [poll]    <- read  st2mot     ret=0  data=['0x00', '0x00']
14:41:18.281  DEBUG   [poll]    -> read  st0cur    
14:41:18.285  DEBUG   [poll]    <- read  st0cur     ret=0  data=['0xfd', '0x01', '0x01', '0x02']
14:41:19.287  DEBUG   [poll]    -> read  st2mot    
14:41:19.290  DEBUG   [poll]    <- read  st2mot     ret=0  data=['0x00', '0x00']
14:41:19.291  DEBUG   [poll]    -> read  st0cur    
14:41:19.295  DEBUG   [poll]    <- read  st0cur     ret=0  data=['0xfe', '0x01', '0x01', '0x02']
14:41:20.296  DEBUG   [poll]    -> read  st2mot    
14:41:20.303  DEBUG   [poll]    <- read  st2mot     ret=0  data=['0x00', '0x00']
14:41:20.304  DEBUG   [poll]    -> read  st0cur    
14:41:20.308  DEBUG   [poll]    <- read  st0cur     ret=0  data=['0xfd', '0x01', '0x01', '0x02']
14:41:21.310  DEBUG   [poll]    -> read  st2mot    
14:41:21.313  DEBUG   [poll]    <- read  st2mot     ret=0  data=['0x00', '0x00']
14:41:21.313  DEBUG   [poll]    -> read  st0cur    
14:41:21.318  DEBUG   [poll]    <- read  st0cur     ret=0  data=['0xfe', '0x01', '0x01', '0x02']
14:41:22.319  DEBUG   [poll]    -> read  st2mot    
14:41:22.322  DEBUG   [poll]    <- read  st2mot     ret=0  data=['0x00', '0x00']
14:41:22.323  DEBUG   [poll]    -> read  st0cur    
14:41:22.327  DEBUG   [poll]    <- read  st0cur     ret=0  data=['0xfe', '0x01', '0x01', '0x02']
14:41:23.328  DEBUG   [poll]    -> read  st2mot    
14:41:23.332  DEBUG   [poll]    <- read  st2mot     ret=0  data=['0x00', '0x00']
14:41:23.332  DEBUG   [poll]    -> read  st0cur    
14:41:23.336  DEBUG   [poll]    <- read  st0cur     ret=0  data=['0xfe', '0x01', '0x01', '0x02']
14:41:24.338  DEBUG   [poll]    -> read  st2mot    
14:41:24.341  DEBUG   [poll]    <- read  st2mot     ret=0  data=['0x00', '0x00']
14:41:24.341  DEBUG   [poll]    -> read  st0cur    
14:41:24.346  DEBUG   [poll]    <- read  st0cur     ret=0  data=['0xfe', '0x01', '0x02', '0x02']
14:41:25.347  DEBUG   [poll]    -> read  st2mot    
14:41:25.354  DEBUG   [poll]    <- read  st2mot     ret=0  data=['0x00', '0x00']
14:41:25.354  DEBUG   [poll]    -> read  st0cur    
14:41:25.358  DEBUG   [poll]    <- read  st0cur     ret=0  data=['0xfe', '0x01', '0x01', '0x02']
14:41:26.360  DEBUG   [poll]    -> read  st2mot    
14:41:26.363  DEBUG   [poll]    <- read  st2mot     ret=0  data=['0x00', '0x00']
14:41:26.364  DEBUG   [poll]    -> read  st0cur    
14:41:26.368  DEBUG   [poll]    <- read  st0cur     ret=0  data=['0xfe', '0x01', '0x01', '0x02']
14:41:27.369  DEBUG   [poll]    -> read  st2mot    
14:41:27.373  DEBUG   [poll]    <- read  st2mot     ret=0  data=['0x00', '0x00']
14:41:27.373  DEBUG   [poll]    -> read  st0cur    
14:41:27.377  DEBUG   [poll]    <- read  st0cur     ret=0  data=['0xfe', '0x01', '0x01', '0x02']
14:41:28.379  DEBUG   [poll]    -> read  st2mot    
14:41:28.382  DEBUG   [poll]    <- read  st2mot     ret=0  data=['0x00', '0x00']
14:41:28.383  DEBUG   [poll]    -> read  st0cur    
14:41:28.387  DEBUG   [poll]    <- read  st0cur     ret=0  data=['0xfe', '0x01', '0x01', '0x02']
14:41:29.388  DEBUG   [poll]    -> read  st2mot    
14:41:29.392  DEBUG   [poll]    <- read  st2mot     ret=0  data=['0x00', '0x00']
14:41:29.392  DEBUG   [poll]    -> read  st0cur    
14:41:29.396  DEBUG   [poll]    <- read  st0cur     ret=0  data=['0xfe', '0x01', '0x01', '0x02']
14:41:30.398  DEBUG   [poll]    -> read  st2mot    
14:41:30.405  DEBUG   [poll]    <- read  st2mot     ret=0  data=['0x00', '0x00']
14:41:30.405  DEBUG   [poll]    -> read  st0cur    
14:41:30.409  DEBUG   [poll]    <- read  st0cur     ret=0  data=['0xfe', '0x01', '0x01', '0x02']
14:41:31.411  DEBUG   [poll]    -> read  st2mot    
14:41:31.414  DEBUG   [poll]    <- read  st2mot     ret=0  data=['0x00', '0x00']
14:41:31.414  DEBUG   [poll]    -> read  st0cur    
14:41:31.419  DEBUG   [poll]    <- read  st0cur     ret=0  data=['0xfe', '0x01', '0x02', '0x02']
14:41:32.420  DEBUG   [poll]    -> read  st2mot    
14:41:32.424  DEBUG   [poll]    <- read  st2mot     ret=0  data=['0x00', '0x00']
14:41:32.424  DEBUG   [poll]    -> read  st0cur    
14:41:32.428  DEBUG   [poll]    <- read  st0cur     ret=0  data=['0xfe', '0x01', '0x01', '0x02']
14:41:33.430  DEBUG   [poll]    -> read  st2mot    
14:41:33.433  DEBUG   [poll]    <- read  st2mot     ret=0  data=['0x00', '0x00']
14:41:33.433  DEBUG   [poll]    -> read  st0cur    
14:41:33.438  DEBUG   [poll]    <- read  st0cur     ret=0  data=['0xfe', '0x01', '0x01', '0x02']
14:41:34.439  DEBUG   [poll]    -> read  st2mot    
14:41:34.442  DEBUG   [poll]    <- read  st2mot     ret=0  data=['0x00', '0x00']
14:41:34.443  DEBUG   [poll]    -> read  st0cur    
14:41:34.447  DEBUG   [poll]    <- read  st0cur     ret=0  data=['0xfe', '0x01', '0x01', '0x02']
14:41:35.448  DEBUG   [poll]    -> read  st2mot    
14:41:35.455  DEBUG   [poll]    <- read  st2mot     ret=0  data=['0x00', '0x00']
14:41:35.455  DEBUG   [poll]    -> read  st0cur    
14:41:35.460  DEBUG   [poll]    <- read  st0cur     ret=0  data=['0xfe', '0x01', '0x01', '0x02']
14:41:36.461  DEBUG   [poll]    -> read  st2mot    
14:41:36.465  DEBUG   [poll]    <- read  st2mot     ret=0  data=['0x00', '0x00']
14:41:36.465  DEBUG   [poll]    -> read  st0cur    
14:41:36.469  DEBUG   [poll]    <- read  st0cur     ret=0  data=['0xfe', '0x01', '0x02', '0x02']
14:41:37.471  DEBUG   [poll]    -> read  st2mot    
14:41:37.474  DEBUG   [poll]    <- read  st2mot     ret=0  data=['0x00', '0x00']
14:41:37.474  DEBUG   [poll]    -> read  st0cur    
14:41:37.479  DEBUG   [poll]    <- read  st0cur     ret=0  data=['0xfe', '0x01', '0x01', '0x02']
14:41:38.480  DEBUG   [poll]    -> read  st2mot    
14:41:38.483  DEBUG   [poll]    <- read  st2mot     ret=0  data=['0x00', '0x00']
14:41:38.484  DEBUG   [poll]    -> read  st0cur    
14:41:38.488  DEBUG   [poll]    <- read  st0cur     ret=0  data=['0xfe', '0x01', '0x01', '0x02']
14:41:39.489  DEBUG   [poll]    -> read  st2mot    
14:41:39.493  DEBUG   [poll]    <- read  st2mot     ret=0  data=['0x00', '0x00']
14:41:39.493  DEBUG   [poll]    -> read  st0cur    
14:41:39.497  DEBUG   [poll]    <- read  st0cur     ret=0  data=['0xfd', '0x01', '0x01', '0x02']
14:41:40.499  DEBUG   [poll]    -> read  st2mot    
14:41:40.506  DEBUG   [poll]    <- read  st2mot     ret=0  data=['0x00', '0x00']
14:41:40.506  DEBUG   [poll]    -> read  st0cur    
14:41:40.510  DEBUG   [poll]    <- read  st0cur     ret=0  data=['0xfe', '0x01', '0x01', '0x02']
14:41:41.512  DEBUG   [poll]    -> read  st2mot    
14:41:41.515  DEBUG   [poll]    <- read  st2mot     ret=0  data=['0x00', '0x00']
14:41:41.515  DEBUG   [poll]    -> read  st0cur    
14:41:41.520  DEBUG   [poll]    <- read  st0cur     ret=0  data=['0xfe', '0x01', '0x01', '0x02']
14:41:42.521  DEBUG   [poll]    -> read  st2mot    
14:41:42.524  DEBUG   [poll]    <- read  st2mot     ret=0  data=['0x00', '0x00']
14:41:42.525  DEBUG   [poll]    -> read  st0cur    
14:41:42.529  DEBUG   [poll]    <- read  st0cur     ret=0  data=['0xfe', '0x01', '0x01', '0x02']
14:41:43.530  DEBUG   [poll]    -> read  st2mot    
14:41:43.534  DEBUG   [poll]    <- read  st2mot     ret=0  data=['0x00', '0x00']
14:41:43.534  DEBUG   [poll]    -> read  st0cur    
14:41:43.538  DEBUG   [poll]    <- read  st0cur     ret=0  data=['0xfe', '0x01', '0x01', '0x02']
14:41:44.540  DEBUG   [poll]    -> read  st2mot    
14:41:44.543  DEBUG   [poll]    <- read  st2mot     ret=0  data=['0x00', '0x00']
14:41:44.544  DEBUG   [poll]    -> read  st0cur    
14:41:44.548  DEBUG   [poll]    <- read  st0cur     ret=0  data=['0xfd', '0x01', '0x02', '0x02']
14:41:45.549  DEBUG   [poll]    -> read  st2mot    
14:41:45.553  DEBUG   [poll]    <- read  st2mot     ret=0  data=['0x00', '0x00']
14:41:45.553  DEBUG   [poll]    -> read  st0cur    
14:41:45.557  DEBUG   [poll]    <- read  st0cur     ret=0  data=['0xfd', '0x01', '0x02', '0x02']
14:41:46.559  DEBUG   [poll]    -> read  st2mot    
14:41:46.562  DEBUG   [poll]    <- read  st2mot     ret=0  data=['0x00', '0x00']
14:41:46.562  DEBUG   [poll]    -> read  st0cur    
14:41:46.567  DEBUG   [poll]    <- read  st0cur     ret=0  data=['0xfe', '0x01', '0x01', '0x02']
14:41:47.568  DEBUG   [poll]    -> read  st2mot    
14:41:47.572  DEBUG   [poll]    <- read  st2mot     ret=0  data=['0x00', '0x00']
14:41:47.572  DEBUG   [poll]    -> read  st0cur    
14:41:47.576  DEBUG   [poll]    <- read  st0cur     ret=0  data=['0xfe', '0x01', '0x02', '0x02']
14:41:48.578  DEBUG   [poll]    -> read  st2mot    
14:41:48.581  DEBUG   [poll]    <- read  st2mot     ret=0  data=['0x00', '0x00']
14:41:48.581  DEBUG   [poll]    -> read  st0cur    
14:41:48.586  DEBUG   [poll]    <- read  st0cur     ret=0  data=['0xfd', '0x01', '0x02', '0x02']
14:41:49.587  DEBUG   [poll]    -> read  st2mot    
14:41:49.590  DEBUG   [poll]    <- read  st2mot     ret=0  data=['0x00', '0x00']
14:41:49.591  DEBUG   [poll]    -> read  st0cur    
14:41:49.595  DEBUG   [poll]    <- read  st0cur     ret=0  data=['0xfd', '0x01', '0x02', '0x02']
14:41:50.596  DEBUG   [poll]    -> read  st2mot    
14:41:50.600  DEBUG   [poll]    <- read  st2mot     ret=0  data=['0x00', '0x00']
14:41:50.600  DEBUG   [poll]    -> read  st0cur    
14:41:50.605  DEBUG   [poll]    <- read  st0cur     ret=0  data=['0xfe', '0x01', '0x01', '0x02']
14:41:51.606  DEBUG   [poll]    -> read  st2mot    
14:41:51.609  DEBUG   [poll]    <- read  st2mot     ret=0  data=['0x00', '0x00']
14:41:51.610  DEBUG   [poll]    -> read  st0cur    
14:41:51.614  DEBUG   [poll]    <- read  st0cur     ret=0  data=['0xfe', '0x01', '0x02', '0x02']
14:41:52.616  DEBUG   [poll]    -> read  st2mot    
14:41:52.619  DEBUG   [poll]    <- read  st2mot     ret=0  data=['0x00', '0x00']
14:41:52.619  DEBUG   [poll]    -> read  st0cur    
14:41:52.623  DEBUG   [poll]    <- read  st0cur     ret=0  data=['0xfe', '0x01', '0x01', '0x02']
14:41:53.625  DEBUG   [poll]    -> read  st2mot    
14:41:53.628  DEBUG   [poll]    <- read  st2mot     ret=0  data=['0x00', '0x00']
14:41:53.629  DEBUG   [poll]    -> read  st0cur    
14:41:53.633  DEBUG   [poll]    <- read  st0cur     ret=0  data=['0xfe', '0x01', '0x01', '0x02']
14:41:54.634  DEBUG   [poll]    -> read  st2mot    
14:41:54.638  DEBUG   [poll]    <- read  st2mot     ret=0  data=['0x00', '0x00']
14:41:54.638  DEBUG   [poll]    -> read  st0cur    
14:41:54.642  DEBUG   [poll]    <- read  st0cur     ret=0  data=['0xfd', '0x01', '0x02', '0x02']
14:41:55.644  DEBUG   [poll]    -> read  st2mot    
14:41:55.647  DEBUG   [poll]    <- read  st2mot     ret=0  data=['0x00', '0x00']
14:41:55.647  DEBUG   [poll]    -> read  st0cur    
14:41:55.652  DEBUG   [poll]    <- read  st0cur     ret=0  data=['0xfe', '0x01', '0x01', '0x02']
14:41:56.653  DEBUG   [poll]    -> read  st2mot    
14:41:56.657  DEBUG   [poll]    <- read  st2mot     ret=0  data=['0x00', '0x00']
14:41:56.657  DEBUG   [poll]    -> read  st0cur    
14:41:56.661  DEBUG   [poll]    <- read  st0cur     ret=0  data=['0xfe', '0x01', '0x01', '0x02']
14:41:57.663  DEBUG   [poll]    -> read  st2mot    
14:41:57.666  DEBUG   [poll]    <- read  st2mot     ret=0  data=['0x00', '0x00']
14:41:57.666  DEBUG   [poll]    -> read  st0cur    
14:41:57.671  DEBUG   [poll]    <- read  st0cur     ret=0  data=['0xfe', '0x01', '0x01', '0x02']
14:41:58.672  DEBUG   [poll]    -> read  st2mot    
14:41:58.675  DEBUG   [poll]    <- read  st2mot     ret=0  data=['0x00', '0x00']
14:41:58.676  DEBUG   [poll]    -> read  st0cur    
14:41:58.680  DEBUG   [poll]    <- read  st0cur     ret=0  data=['0xfe', '0x01', '0x02', '0x02']
14:41:59.682  DEBUG   [poll]    -> read  st2mot    
14:41:59.685  DEBUG   [poll]    <- read  st2mot     ret=0  data=['0x00', '0x00']
14:41:59.685  DEBUG   [poll]    -> read  st0cur    
14:41:59.689  DEBUG   [poll]    <- read  st0cur     ret=0  data=['0xfe', '0x01', '0x01', '0x02']
14:42:00.691  DEBUG   [poll]    -> read  st2mot    
14:42:00.694  DEBUG   [poll]    <- read  st2mot     ret=0  data=['0x00', '0x00']
14:42:00.695  DEBUG   [poll]    -> read  st0cur    
14:42:00.699  DEBUG   [poll]    <- read  st0cur     ret=0  data=['0xfe', '0x01', '0x01', '0x02']
14:42:01.701  DEBUG   [poll]    -> read  st2mot    
14:42:01.704  DEBUG   [poll]    <- read  st2mot     ret=0  data=['0x00', '0x00']
14:42:01.704  DEBUG   [poll]    -> read  st0cur    
14:42:01.709  DEBUG   [poll]    <- read  st0cur     ret=0  data=['0xfe', '0x01', '0x01', '0x02']
14:42:02.710  DEBUG   [poll]    -> read  st2mot    
14:42:02.714  DEBUG   [poll]    <- read  st2mot     ret=0  data=['0x00', '0x00']
14:42:02.714  DEBUG   [poll]    -> read  st0cur    
14:42:02.718  DEBUG   [poll]    <- read  st0cur     ret=0  data=['0xfe', '0x01', '0x01', '0x02']
14:42:03.720  DEBUG   [poll]    -> read  st2mot    
14:42:03.723  DEBUG   [poll]    <- read  st2mot     ret=0  data=['0x00', '0x00']
14:42:03.723  DEBUG   [poll]    -> read  st0cur    
14:42:03.727  DEBUG   [poll]    <- read  st0cur     ret=0  data=['0xfe', '0x01', '0x01', '0x02']
14:42:04.729  DEBUG   [poll]    -> read  st2mot    
14:42:04.732  DEBUG   [poll]    <- read  st2mot     ret=0  data=['0x00', '0x00']
14:42:04.733  DEBUG   [poll]    -> read  st0cur    
14:42:04.737  DEBUG   [poll]    <- read  st0cur     ret=0  data=['0xfe', '0x01', '0x01', '0x02']
14:42:05.738  DEBUG   [poll]    -> read  st2mot    
14:42:05.742  DEBUG   [poll]    <- read  st2mot     ret=0  data=['0x00', '0x00']
14:42:05.742  DEBUG   [poll]    -> read  st0cur    
14:42:05.746  DEBUG   [poll]    <- read  st0cur     ret=0  data=['0xfe', '0x01', '0x01', '0x02']
14:42:06.748  DEBUG   [poll]    -> read  st2mot    
14:42:06.751  DEBUG   [poll]    <- read  st2mot     ret=0  data=['0x00', '0x00']
14:42:06.752  DEBUG   [poll]    -> read  st0cur    
14:42:06.756  DEBUG   [poll]    <- read  st0cur     ret=0  data=['0xfe', '0x01', '0x01', '0x02']
14:42:07.757  DEBUG   [poll]    -> read  st2mot    
14:42:07.761  DEBUG   [poll]    <- read  st2mot     ret=0  data=['0x00', '0x00']
14:42:07.761  DEBUG   [poll]    -> read  st0cur    
14:42:07.765  DEBUG   [poll]    <- read  st0cur     ret=0  data=['0xfe', '0x01', '0x01', '0x02']
14:42:08.767  DEBUG   [poll]    -> read  st2mot    
14:42:08.770  DEBUG   [poll]    <- read  st2mot     ret=0  data=['0x00', '0x00']
14:42:08.771  DEBUG   [poll]    -> read  st0cur    
14:42:08.775  DEBUG   [poll]    <- read  st0cur     ret=0  data=['0xfe', '0x01', '0x01', '0x02']
14:42:09.776  DEBUG   [poll]    -> read  st2mot    
14:42:09.780  DEBUG   [poll]    <- read  st2mot     ret=0  data=['0x00', '0x00']
14:42:09.780  DEBUG   [poll]    -> read  st0cur    
14:42:09.784  DEBUG   [poll]    <- read  st0cur     ret=0  data=['0xfe', '0x01', '0x01', '0x02']
14:42:10.786  DEBUG   [poll]    -> read  st2mot    
14:42:10.789  DEBUG   [poll]    <- read  st2mot     ret=0  data=['0x00', '0x00']
14:42:10.790  DEBUG   [poll]    -> read  st0cur    
14:42:10.794  DEBUG   [poll]    <- read  st0cur     ret=0  data=['0xfe', '0x01', '0x01', '0x02']
14:42:11.795  DEBUG   [poll]    -> read  st2mot    
14:42:11.799  DEBUG   [poll]    <- read  st2mot     ret=0  data=['0x00', '0x00']
14:42:11.799  DEBUG   [poll]    -> read  st0cur    
14:42:11.803  DEBUG   [poll]    <- read  st0cur     ret=0  data=['0xfe', '0x01', '0x02', '0x02']
14:42:12.805  DEBUG   [poll]    -> read  st2mot    
14:42:12.808  DEBUG   [poll]    <- read  st2mot     ret=0  data=['0x00', '0x00']
14:42:12.809  DEBUG   [poll]    -> read  st0cur    
14:42:12.813  DEBUG   [poll]    <- read  st0cur     ret=0  data=['0xfe', '0x01', '0x01', '0x02']
14:42:13.814  DEBUG   [poll]    -> read  st2mot    
14:42:13.818  DEBUG   [poll]    <- read  st2mot     ret=0  data=['0x00', '0x00']
14:42:13.818  DEBUG   [poll]    -> read  st0cur    
14:42:13.822  DEBUG   [poll]    <- read  st0cur     ret=0  data=['0xfe', '0x01', '0x02', '0x02']
14:42:14.824  DEBUG   [poll]    -> read  st2mot    
14:42:14.827  DEBUG   [poll]    <- read  st2mot     ret=0  data=['0x00', '0x00']
14:42:14.827  DEBUG   [poll]    -> read  st0cur    
14:42:14.831  DEBUG   [poll]    <- read  st0cur     ret=0  data=['0xfe', '0x01', '0x01', '0x02']
14:42:15.833  DEBUG   [poll]    -> read  st2mot    
14:42:15.840  DEBUG   [poll]    <- read  st2mot     ret=0  data=['0x00', '0x00']
14:42:15.841  DEBUG   [poll]    -> read  st0cur    
14:42:15.845  DEBUG   [poll]    <- read  st0cur     ret=0  data=['0xfd', '0x01', '0x01', '0x02']
14:42:16.847  DEBUG   [poll]    -> read  st2mot    
14:42:16.850  DEBUG   [poll]    <- read  st2mot     ret=0  data=['0x00', '0x00']
14:42:16.850  DEBUG   [poll]    -> read  st0cur    
14:42:16.855  DEBUG   [poll]    <- read  st0cur     ret=0  data=['0xfd', '0x01', '0x01', '0x02']
14:42:17.856  DEBUG   [poll]    -> read  st2mot    
14:42:17.860  DEBUG   [poll]    <- read  st2mot     ret=0  data=['0x00', '0x00']
14:42:17.860  DEBUG   [poll]    -> read  st0cur    
14:42:17.864  DEBUG   [poll]    <- read  st0cur     ret=0  data=['0xfe', '0x01', '0x01', '0x02']
14:42:18.866  DEBUG   [poll]    -> read  st2mot    
14:42:18.869  DEBUG   [poll]    <- read  st2mot     ret=0  data=['0x00', '0x00']
14:42:18.869  DEBUG   [poll]    -> read  st0cur    
14:42:18.874  DEBUG   [poll]    <- read  st0cur     ret=0  data=['0xfe', '0x01', '0x01', '0x02']
14:42:19.875  DEBUG   [poll]    -> read  st2mot    
14:42:19.879  DEBUG   [poll]    <- read  st2mot     ret=0  data=['0x00', '0x00']
14:42:19.879  DEBUG   [poll]    -> read  st0cur    
14:42:19.883  DEBUG   [poll]    <- read  st0cur     ret=0  data=['0xfe', '0x01', '0x01', '0x02']
14:42:20.885  DEBUG   [poll]    -> read  st2mot    
14:42:20.892  DEBUG   [poll]    <- read  st2mot     ret=0  data=['0x00', '0x00']
14:42:20.892  DEBUG   [poll]    -> read  st0cur    
14:42:20.896  DEBUG   [poll]    <- read  st0cur     ret=0  data=['0xfe', '0x01', '0x01', '0x02']
14:42:21.898  DEBUG   [poll]    -> read  st2mot    
14:42:21.901  DEBUG   [poll]    <- read  st2mot     ret=0  data=['0x00', '0x00']
14:42:21.902  DEBUG   [poll]    -> read  st0cur    
14:42:21.906  DEBUG   [poll]    <- read  st0cur     ret=0  data=['0xfe', '0x01', '0x01', '0x02']
14:42:22.907  DEBUG   [poll]    -> read  st2mot    
14:42:22.911  DEBUG   [poll]    <- read  st2mot     ret=0  data=['0x00', '0x00']
14:42:22.911  DEBUG   [poll]    -> read  st0cur    
14:42:22.915  DEBUG   [poll]    <- read  st0cur     ret=0  data=['0xfe', '0x01', '0x01', '0x02']
14:42:23.917  DEBUG   [poll]    -> read  st2mot    
14:42:23.920  DEBUG   [poll]    <- read  st2mot     ret=0  data=['0x00', '0x00']
14:42:23.921  DEBUG   [poll]    -> read  st0cur    
14:42:23.925  DEBUG   [poll]    <- read  st0cur     ret=0  data=['0xfe', '0x01', '0x01', '0x02']
14:42:24.926  DEBUG   [poll]    -> read  st2mot    
14:42:24.930  DEBUG   [poll]    <- read  st2mot     ret=0  data=['0x00', '0x00']
14:42:24.930  DEBUG   [poll]    -> read  st0cur    
14:42:24.934  DEBUG   [poll]    <- read  st0cur     ret=0  data=['0xfe', '0x01', '0x01', '0x02']
14:42:25.936  DEBUG   [poll]    -> read  st2mot    
14:42:25.943  DEBUG   [poll]    <- read  st2mot     ret=0  data=['0x00', '0x00']
14:42:25.943  DEBUG   [poll]    -> read  st0cur    
14:42:25.947  DEBUG   [poll]    <- read  st0cur     ret=0  data=['0xfd', '0x01', '0x02', '0x02']
14:42:26.949  DEBUG   [poll]    -> read  st2mot    
14:42:26.952  DEBUG   [poll]    <- read  st2mot     ret=0  data=['0x00', '0x00']
14:42:26.953  DEBUG   [poll]    -> read  st0cur    
14:42:26.957  DEBUG   [poll]    <- read  st0cur     ret=0  data=['0xfe', '0x01', '0x01', '0x02']
14:42:27.958  DEBUG   [poll]    -> read  st2mot    
14:42:27.962  DEBUG   [poll]    <- read  st2mot     ret=0  data=['0x00', '0x00']
14:42:27.962  DEBUG   [poll]    -> read  st0cur    
14:42:27.966  DEBUG   [poll]    <- read  st0cur     ret=0  data=['0xfe', '0x01', '0x01', '0x02']
14:42:28.968  DEBUG   [poll]    -> read  st2mot    
14:42:28.971  DEBUG   [poll]    <- read  st2mot     ret=0  data=['0x00', '0x00']
14:42:28.972  DEBUG   [poll]    -> read  st0cur    
14:42:28.976  DEBUG   [poll]    <- read  st0cur     ret=0  data=['0xfe', '0x01', '0x01', '0x02']
14:42:29.977  DEBUG   [poll]    -> read  st2mot    
14:42:29.981  DEBUG   [poll]    <- read  st2mot     ret=0  data=['0x00', '0x00']
14:42:29.981  DEBUG   [poll]    -> read  st0cur    
14:42:29.985  DEBUG   [poll]    <- read  st0cur     ret=0  data=['0xfe', '0x01', '0x01', '0x02']
14:42:30.987  DEBUG   [poll]    -> read  st2mot    
14:42:30.993  DEBUG   [poll]    <- read  st2mot     ret=0  data=['0x00', '0x00']
14:42:30.994  DEBUG   [poll]    -> read  st0cur    
14:42:30.998  DEBUG   [poll]    <- read  st0cur     ret=0  data=['0xfe', '0x01', '0x02', '0x02']
14:42:31.999  DEBUG   [poll]    -> read  st2mot    
14:42:32.003  DEBUG   [poll]    <- read  st2mot     ret=0  data=['0x00', '0x00']
14:42:32.003  DEBUG   [poll]    -> read  st0cur    
14:42:32.007  DEBUG   [poll]    <- read  st0cur     ret=0  data=['0xfe', '0x01', '0x01', '0x02']
14:42:33.009  DEBUG   [poll]    -> read  st2mot    
14:42:33.012  DEBUG   [poll]    <- read  st2mot     ret=0  data=['0x00', '0x00']
14:42:33.013  DEBUG   [poll]    -> read  st0cur    
14:42:33.017  DEBUG   [poll]    <- read  st0cur     ret=0  data=['0xfe', '0x01', '0x01', '0x02']
14:42:34.018  DEBUG   [poll]    -> read  st2mot    
14:42:34.022  DEBUG   [poll]    <- read  st2mot     ret=0  data=['0x00', '0x00']
14:42:34.022  DEBUG   [poll]    -> read  st0cur    
14:42:34.026  DEBUG   [poll]    <- read  st0cur     ret=0  data=['0xfe', '0x01', '0x01', '0x02']
14:42:35.028  DEBUG   [poll]    -> read  st2mot    
14:42:35.031  DEBUG   [poll]    <- read  st2mot     ret=0  data=['0x00', '0x00']
14:42:35.031  DEBUG   [poll]    -> read  st0cur    
14:42:35.036  DEBUG   [poll]    <- read  st0cur     ret=0  data=['0xfe', '0x01', '0x02', '0x02']
14:42:36.037  DEBUG   [poll]    -> read  st2mot    
14:42:36.044  DEBUG   [poll]    <- read  st2mot     ret=0  data=['0x00', '0x00']
14:42:36.044  DEBUG   [poll]    -> read  st0cur    
14:42:36.049  DEBUG   [poll]    <- read  st0cur     ret=0  data=['0xfe', '0x01', '0x01', '0x02']
14:42:37.050  DEBUG   [poll]    -> read  st2mot    
14:42:37.054  DEBUG   [poll]    <- read  st2mot     ret=0  data=['0x00', '0x00']
14:42:37.054  DEBUG   [poll]    -> read  st0cur    
14:42:37.058  DEBUG   [poll]    <- read  st0cur     ret=0  data=['0xfe', '0x01', '0x01', '0x02']
14:42:38.060  DEBUG   [poll]    -> read  st2mot    
14:42:38.063  DEBUG   [poll]    <- read  st2mot     ret=0  data=['0x00', '0x00']
14:42:38.063  DEBUG   [poll]    -> read  st0cur    
14:42:38.068  DEBUG   [poll]    <- read  st0cur     ret=0  data=['0xfe', '0x01', '0x01', '0x02']
14:42:39.069  DEBUG   [poll]    -> read  st2mot    
14:42:39.072  DEBUG   [poll]    <- read  st2mot     ret=0  data=['0x00', '0x00']
14:42:39.073  DEBUG   [poll]    -> read  st0cur    
14:42:39.077  DEBUG   [poll]    <- read  st0cur     ret=0  data=['0xfe', '0x01', '0x01', '0x02']
14:42:40.079  DEBUG   [poll]    -> read  st2mot    
14:42:40.082  DEBUG   [poll]    <- read  st2mot     ret=0  data=['0x00', '0x00']
14:42:40.082  DEBUG   [poll]    -> read  st0cur    
14:42:40.086  DEBUG   [poll]    <- read  st0cur     ret=0  data=['0xfe', '0x01', '0x01', '0x02']
14:42:41.088  DEBUG   [poll]    -> read  st2mot    
14:42:41.095  DEBUG   [poll]    <- read  st2mot     ret=0  data=['0x00', '0x00']
14:42:41.095  DEBUG   [poll]    -> read  st0cur    
14:42:41.100  DEBUG   [poll]    <- read  st0cur     ret=0  data=['0xfe', '0x01', '0x01', '0x02']
14:42:42.101  DEBUG   [poll]    -> read  st2mot    
14:42:42.104  DEBUG   [poll]    <- read  st2mot     ret=0  data=['0x00', '0x00']
14:42:42.105  DEBUG   [poll]    -> read  st0cur    
14:42:42.109  DEBUG   [poll]    <- read  st0cur     ret=0  data=['0xfe', '0x01', '0x01', '0x02']
14:42:43.110  DEBUG   [poll]    -> read  st2mot    
14:42:43.114  DEBUG   [poll]    <- read  st2mot     ret=0  data=['0x00', '0x00']
14:42:43.114  DEBUG   [poll]    -> read  st0cur    
14:42:43.118  DEBUG   [poll]    <- read  st0cur     ret=0  data=['0xfe', '0x01', '0x01', '0x02']
14:42:44.120  DEBUG   [poll]    -> read  st2mot    
14:42:44.123  DEBUG   [poll]    <- read  st2mot     ret=0  data=['0x00', '0x00']
14:42:44.123  DEBUG   [poll]    -> read  st0cur    
14:42:44.128  DEBUG   [poll]    <- read  st0cur     ret=0  data=['0xfd', '0x01', '0x02', '0x02']
14:42:45.129  DEBUG   [poll]    -> read  st2mot    
14:42:45.132  DEBUG   [poll]    <- read  st2mot     ret=0  data=['0x00', '0x00']
14:42:45.133  DEBUG   [poll]    -> read  st0cur    
14:42:45.137  DEBUG   [poll]    <- read  st0cur     ret=0  data=['0xfe', '0x01', '0x01', '0x02']
14:42:46.138  DEBUG   [poll]    -> read  st2mot    
14:42:46.146  DEBUG   [poll]    <- read  st2mot     ret=0  data=['0x00', '0x00']
14:42:46.146  DEBUG   [poll]    -> read  st0cur    
14:42:46.150  DEBUG   [poll]    <- read  st0cur     ret=0  data=['0xfe', '0x01', '0x01', '0x02']
14:42:47.152  DEBUG   [poll]    -> read  st2mot    
14:42:47.155  DEBUG   [poll]    <- read  st2mot     ret=0  data=['0x00', '0x00']
14:42:47.155  DEBUG   [poll]    -> read  st0cur    
14:42:47.160  DEBUG   [poll]    <- read  st0cur     ret=0  data=['0xfd', '0x01', '0x02', '0x02']
14:42:48.161  DEBUG   [poll]    -> read  st2mot    
14:42:48.165  DEBUG   [poll]    <- read  st2mot     ret=0  data=['0x00', '0x00']
14:42:48.165  DEBUG   [poll]    -> read  st0cur    
14:42:48.169  DEBUG   [poll]    <- read  st0cur     ret=0  data=['0xfe', '0x01', '0x01', '0x02']
14:42:49.171  DEBUG   [poll]    -> read  st2mot    
14:42:49.174  DEBUG   [poll]    <- read  st2mot     ret=0  data=['0x00', '0x00']
14:42:49.174  DEBUG   [poll]    -> read  st0cur    
14:42:49.179  DEBUG   [poll]    <- read  st0cur     ret=0  data=['0xfe', '0x01', '0x01', '0x02']
14:42:50.180  DEBUG   [poll]    -> read  st2mot    
14:42:50.183  DEBUG   [poll]    <- read  st2mot     ret=0  data=['0x00', '0x00']
14:42:50.184  DEBUG   [poll]    -> read  st0cur    
14:42:50.188  DEBUG   [poll]    <- read  st0cur     ret=0  data=['0xfe', '0x01', '0x01', '0x02']
14:42:51.190  DEBUG   [poll]    -> read  st2mot    
14:42:51.196  DEBUG   [poll]    <- read  st2mot     ret=0  data=['0x00', '0x00']
14:42:51.197  DEBUG   [poll]    -> read  st0cur    
14:42:51.201  DEBUG   [poll]    <- read  st0cur     ret=0  data=['0xfe', '0x01', '0x01', '0x02']
14:42:52.202  DEBUG   [poll]    -> read  st2mot    
14:42:52.206  DEBUG   [poll]    <- read  st2mot     ret=0  data=['0x00', '0x00']
14:42:52.206  DEBUG   [poll]    -> read  st0cur    
14:42:52.210  DEBUG   [poll]    <- read  st0cur     ret=0  data=['0xfe', '0x01', '0x01', '0x02']
14:42:53.212  DEBUG   [poll]    -> read  st2mot    
14:42:53.215  DEBUG   [poll]    <- read  st2mot     ret=0  data=['0x00', '0x00']
14:42:53.215  DEBUG   [poll]    -> read  st0cur    
14:42:53.220  DEBUG   [poll]    <- read  st0cur     ret=0  data=['0xfe', '0x01', '0x02', '0x02']
14:42:54.221  DEBUG   [poll]    -> read  st2mot    
14:42:54.224  DEBUG   [poll]    <- read  st2mot     ret=0  data=['0x00', '0x00']
14:42:54.225  DEBUG   [poll]    -> read  st0cur    
14:42:54.229  DEBUG   [poll]    <- read  st0cur     ret=0  data=['0xfe', '0x01', '0x01', '0x02']
14:42:55.230  DEBUG   [poll]    -> read  st2mot    
14:42:55.234  DEBUG   [poll]    <- read  st2mot     ret=0  data=['0x00', '0x00']
14:42:55.234  DEBUG   [poll]    -> read  st0cur    
14:42:55.238  DEBUG   [poll]    <- read  st0cur     ret=0  data=['0xfe', '0x01', '0x01', '0x02']
14:42:56.240  DEBUG   [poll]    -> read  st2mot    
14:42:56.247  DEBUG   [poll]    <- read  st2mot     ret=0  data=['0x00', '0x00']
14:42:56.247  DEBUG   [poll]    -> read  st0cur    
14:42:56.251  DEBUG   [poll]    <- read  st0cur     ret=0  data=['0xfe', '0x01', '0x01', '0x02']
14:42:57.253  DEBUG   [poll]    -> read  st2mot    
14:42:57.256  DEBUG   [poll]    <- read  st2mot     ret=0  data=['0x00', '0x00']
14:42:57.257  DEBUG   [poll]    -> read  st0cur    
14:42:57.261  DEBUG   [poll]    <- read  st0cur     ret=0  data=['0xfe', '0x01', '0x01', '0x02']
14:42:58.262  DEBUG   [poll]    -> read  st2mot    
14:42:58.266  DEBUG   [poll]    <- read  st2mot     ret=0  data=['0x00', '0x00']
14:42:58.266  DEBUG   [poll]    -> read  st0cur    
14:42:58.270  DEBUG   [poll]    <- read  st0cur     ret=0  data=['0xfe', '0x01', '0x01', '0x02']
14:42:59.272  DEBUG   [poll]    -> read  st2mot    
14:42:59.275  DEBUG   [poll]    <- read  st2mot     ret=0  data=['0x00', '0x00']
14:42:59.275  DEBUG   [poll]    -> read  st0cur    
14:42:59.279  DEBUG   [poll]    <- read  st0cur     ret=0  data=['0xfe', '0x01', '0x01', '0x02']
14:43:00.281  DEBUG   [poll]    -> read  st2mot    
14:43:00.284  DEBUG   [poll]    <- read  st2mot     ret=0  data=['0x00', '0x00']
14:43:00.285  DEBUG   [poll]    -> read  st0cur    
14:43:00.289  DEBUG   [poll]    <- read  st0cur     ret=0  data=['0xfe', '0x01', '0x02', '0x02']
14:43:01.290  DEBUG   [poll]    -> read  st2mot    
14:43:01.297  DEBUG   [poll]    <- read  st2mot     ret=0  data=['0x00', '0x00']
14:43:01.298  DEBUG   [poll]    -> read  st0cur    
14:43:01.302  DEBUG   [poll]    <- read  st0cur     ret=0  data=['0xfe', '0x01', '0x01', '0x02']
14:43:02.303  DEBUG   [poll]    -> read  st2mot    
14:43:02.307  DEBUG   [poll]    <- read  st2mot     ret=0  data=['0x00', '0x00']
14:43:02.307  DEBUG   [poll]    -> read  st0cur    
14:43:02.311  DEBUG   [poll]    <- read  st0cur     ret=0  data=['0xfe', '0x01', '0x02', '0x02']
14:43:03.313  DEBUG   [poll]    -> read  st2mot    
14:43:03.316  DEBUG   [poll]    <- read  st2mot     ret=0  data=['0x00', '0x00']
14:43:03.317  DEBUG   [poll]    -> read  st0cur    
14:43:03.321  DEBUG   [poll]    <- read  st0cur     ret=0  data=['0xfe', '0x01', '0x01', '0x02']
14:43:04.322  DEBUG   [poll]    -> read  st2mot    
14:43:04.326  DEBUG   [poll]    <- read  st2mot     ret=0  data=['0x00', '0x00']
14:43:04.326  DEBUG   [poll]    -> read  st0cur    
14:43:04.330  DEBUG   [poll]    <- read  st0cur     ret=0  data=['0xfe', '0x01', '0x01', '0x02']
14:43:05.332  DEBUG   [poll]    -> read  st2mot    
14:43:05.335  DEBUG   [poll]    <- read  st2mot     ret=0  data=['0x00', '0x00']
14:43:05.335  DEBUG   [poll]    -> read  st0cur    
14:43:05.339  DEBUG   [poll]    <- read  st0cur     ret=0  data=['0xfe', '0x01', '0x01', '0x02']
14:43:06.341  DEBUG   [poll]    -> read  st2mot    
14:43:06.348  DEBUG   [poll]    <- read  st2mot     ret=0  data=['0x00', '0x00']
14:43:06.348  DEBUG   [poll]    -> read  st0cur    
14:43:06.353  DEBUG   [poll]    <- read  st0cur     ret=0  data=['0xfe', '0x01', '0x01', '0x02']
14:43:07.354  DEBUG   [poll]    -> read  st2mot    
14:43:07.357  DEBUG   [poll]    <- read  st2mot     ret=0  data=['0x00', '0x00']
14:43:07.358  DEBUG   [poll]    -> read  st0cur    
14:43:07.362  DEBUG   [poll]    <- read  st0cur     ret=0  data=['0xfe', '0x01', '0x01', '0x02']
14:43:08.363  DEBUG   [poll]    -> read  st2mot    
14:43:08.367  DEBUG   [poll]    <- read  st2mot     ret=0  data=['0x00', '0x00']
14:43:08.367  DEBUG   [poll]    -> read  st0cur    
14:43:08.371  DEBUG   [poll]    <- read  st0cur     ret=0  data=['0xfe', '0x01', '0x01', '0x02']
14:43:09.373  DEBUG   [poll]    -> read  st2mot    
14:43:09.376  DEBUG   [poll]    <- read  st2mot     ret=0  data=['0x00', '0x00']
14:43:09.377  DEBUG   [poll]    -> read  st0cur    
14:43:09.381  DEBUG   [poll]    <- read  st0cur     ret=0  data=['0xfe', '0x01', '0x01', '0x02']
14:43:10.382  DEBUG   [poll]    -> read  st2mot    
14:43:10.386  DEBUG   [poll]    <- read  st2mot     ret=0  data=['0x00', '0x00']
14:43:10.386  DEBUG   [poll]    -> read  st0cur    
14:43:10.391  DEBUG   [poll]    <- read  st0cur     ret=0  data=['0xfe', '0x01', '0x01', '0x02']
14:43:11.392  DEBUG   [poll]    -> read  st2mot    
14:43:11.398  DEBUG   [poll]    <- read  st2mot     ret=0  data=['0x00', '0x00']
14:43:11.399  DEBUG   [poll]    -> read  st0cur    
14:43:11.403  DEBUG   [poll]    <- read  st0cur     ret=0  data=['0xfe', '0x01', '0x01', '0x02']
14:43:12.404  DEBUG   [poll]    -> read  st2mot    
14:43:12.408  DEBUG   [poll]    <- read  st2mot     ret=0  data=['0x00', '0x00']
14:43:12.408  DEBUG   [poll]    -> read  st0cur    
14:43:12.412  DEBUG   [poll]    <- read  st0cur     ret=0  data=['0xfe', '0x01', '0x01', '0x02']
14:43:13.414  DEBUG   [poll]    -> read  st2mot    
14:43:13.417  DEBUG   [poll]    <- read  st2mot     ret=0  data=['0x00', '0x00']
14:43:13.417  DEBUG   [poll]    -> read  st0cur    
14:43:13.422  DEBUG   [poll]    <- read  st0cur     ret=0  data=['0xfe', '0x01', '0x01', '0x02']
14:43:14.423  DEBUG   [poll]    -> read  st2mot    
14:43:14.427  DEBUG   [poll]    <- read  st2mot     ret=0  data=['0x00', '0x00']
14:43:14.427  DEBUG   [poll]    -> read  st0cur    
14:43:14.431  DEBUG   [poll]    <- read  st0cur     ret=0  data=['0xfe', '0x01', '0x01', '0x02']
14:43:15.433  DEBUG   [poll]    -> read  st2mot    
14:43:15.436  DEBUG   [poll]    <- read  st2mot     ret=0  data=['0x00', '0x00']
14:43:15.437  DEBUG   [poll]    -> read  st0cur    
14:43:15.441  DEBUG   [poll]    <- read  st0cur     ret=0  data=['0xfe', '0x01', '0x01', '0x02']
14:43:16.442  DEBUG   [poll]    -> read  st2mot    
14:43:16.451  DEBUG   [poll]    <- read  st2mot     ret=0  data=['0x00', '0x00']
14:43:16.451  DEBUG   [poll]    -> read  st0cur    
14:43:16.455  DEBUG   [poll]    <- read  st0cur     ret=0  data=['0xfd', '0x01', '0x01', '0x02']
14:43:17.457  DEBUG   [poll]    -> read  st2mot    
14:43:17.461  DEBUG   [poll]    <- read  st2mot     ret=0  data=['0x00', '0x00']
14:43:17.461  DEBUG   [poll]    -> read  st0cur    
14:43:17.465  DEBUG   [poll]    <- read  st0cur     ret=0  data=['0xfe', '0x01', '0x01', '0x02']
14:43:18.467  DEBUG   [poll]    -> read  st2mot    
14:43:18.470  DEBUG   [poll]    <- read  st2mot     ret=0  data=['0x00', '0x00']
14:43:18.470  DEBUG   [poll]    -> read  st0cur    
14:43:18.475  DEBUG   [poll]    <- read  st0cur     ret=0  data=['0xfe', '0x01', '0x01', '0x02']
14:43:19.476  DEBUG   [poll]    -> read  st2mot    
14:43:19.479  DEBUG   [poll]    <- read  st2mot     ret=0  data=['0x00', '0x00']
14:43:19.480  DEBUG   [poll]    -> read  st0cur    
14:43:19.484  DEBUG   [poll]    <- read  st0cur     ret=0  data=['0xfe', '0x01', '0x01', '0x02']
14:43:20.486  DEBUG   [poll]    -> read  st2mot    
14:43:20.489  DEBUG   [poll]    <- read  st2mot     ret=0  data=['0x00', '0x00']
14:43:20.489  DEBUG   [poll]    -> read  st0cur    
14:43:20.493  DEBUG   [poll]    <- read  st0cur     ret=0  data=['0xfe', '0x01', '0x01', '0x02']
14:43:21.495  DEBUG   [poll]    -> read  st2mot    
14:43:21.502  DEBUG   [poll]    <- read  st2mot     ret=0  data=['0x00', '0x00']
14:43:21.502  DEBUG   [poll]    -> read  st0cur    
14:43:21.507  DEBUG   [poll]    <- read  st0cur     ret=0  data=['0xfe', '0x01', '0x01', '0x02']
14:43:22.508  DEBUG   [poll]    -> read  st2mot    
14:43:22.511  DEBUG   [poll]    <- read  st2mot     ret=0  data=['0x00', '0x00']
14:43:22.512  DEBUG   [poll]    -> read  st0cur    
14:43:22.516  DEBUG   [poll]    <- read  st0cur     ret=0  data=['0xfe', '0x01', '0x01', '0x02']
14:43:23.518  DEBUG   [poll]    -> read  st2mot    
14:43:23.521  DEBUG   [poll]    <- read  st2mot     ret=0  data=['0x00', '0x00']
14:43:23.521  DEBUG   [poll]    -> read  st0cur    
14:43:23.525  DEBUG   [poll]    <- read  st0cur     ret=0  data=['0xfe', '0x01', '0x01', '0x02']
14:43:24.527  DEBUG   [poll]    -> read  st2mot    
14:43:24.530  DEBUG   [poll]    <- read  st2mot     ret=0  data=['0x00', '0x00']
14:43:24.531  DEBUG   [poll]    -> read  st0cur    
14:43:24.535  DEBUG   [poll]    <- read  st0cur     ret=0  data=['0xfe', '0x01', '0x01', '0x02']
14:43:25.536  DEBUG   [poll]    -> read  st2mot    
14:43:25.540  DEBUG   [poll]    <- read  st2mot     ret=0  data=['0x00', '0x00']
14:43:25.540  DEBUG   [poll]    -> read  st0cur    
14:43:25.544  DEBUG   [poll]    <- read  st0cur     ret=0  data=['0xfe', '0x01', '0x01', '0x02']
14:43:26.546  DEBUG   [poll]    -> read  st2mot    
14:43:26.553  DEBUG   [poll]    <- read  st2mot     ret=0  data=['0x00', '0x00']
14:43:26.553  DEBUG   [poll]    -> read  st0cur    
14:43:26.557  DEBUG   [poll]    <- read  st0cur     ret=0  data=['0xfe', '0x01', '0x01', '0x02']
14:43:27.559  DEBUG   [poll]    -> read  st2mot    
14:43:27.562  DEBUG   [poll]    <- read  st2mot     ret=0  data=['0x00', '0x00']
14:43:27.562  DEBUG   [poll]    -> read  st0cur    
14:43:27.567  DEBUG   [poll]    <- read  st0cur     ret=0  data=['0xfd', '0x01', '0x01', '0x02']
14:43:28.568  DEBUG   [poll]    -> read  st2mot    
14:43:28.572  DEBUG   [poll]    <- read  st2mot     ret=0  data=['0x00', '0x00']
14:43:28.572  DEBUG   [poll]    -> read  st0cur    
14:43:28.576  DEBUG   [poll]    <- read  st0cur     ret=0  data=['0xfe', '0x01', '0x01', '0x02']
14:43:29.578  DEBUG   [poll]    -> read  st2mot    
14:43:29.581  DEBUG   [poll]    <- read  st2mot     ret=0  data=['0x00', '0x00']
14:43:29.581  DEBUG   [poll]    -> read  st0cur    
14:43:29.586  DEBUG   [poll]    <- read  st0cur     ret=0  data=['0xfd', '0x01', '0x01', '0x02']
14:43:30.587  DEBUG   [poll]    -> read  st2mot    
14:43:30.590  DEBUG   [poll]    <- read  st2mot     ret=0  data=['0x00', '0x00']
14:43:30.591  DEBUG   [poll]    -> read  st0cur    
14:43:30.595  DEBUG   [poll]    <- read  st0cur     ret=0  data=['0xfe', '0x01', '0x01', '0x02']
14:43:31.596  DEBUG   [poll]    -> read  st2mot    
14:43:31.603  DEBUG   [poll]    <- read  st2mot     ret=0  data=['0x00', '0x00']
14:43:31.604  DEBUG   [poll]    -> read  st0cur    
14:43:31.608  DEBUG   [poll]    <- read  st0cur     ret=0  data=['0xfe', '0x01', '0x01', '0x02']
14:43:32.609  DEBUG   [poll]    -> read  st2mot    
14:43:32.613  DEBUG   [poll]    <- read  st2mot     ret=0  data=['0x00', '0x00']
14:43:32.613  DEBUG   [poll]    -> read  st0cur    
14:43:32.617  DEBUG   [poll]    <- read  st0cur     ret=0  data=['0xfe', '0x01', '0x01', '0x02']
14:43:33.619  DEBUG   [poll]    -> read  st2mot    
14:43:33.622  DEBUG   [poll]    <- read  st2mot     ret=0  data=['0x00', '0x00']
14:43:33.623  DEBUG   [poll]    -> read  st0cur    
14:43:33.627  DEBUG   [poll]    <- read  st0cur     ret=0  data=['0xfe', '0x01', '0x01', '0x02']
14:43:34.628  DEBUG   [poll]    -> read  st2mot    
14:43:34.632  DEBUG   [poll]    <- read  st2mot     ret=0  data=['0x00', '0x00']
14:43:34.632  DEBUG   [poll]    -> read  st0cur    
14:43:34.636  DEBUG   [poll]    <- read  st0cur     ret=0  data=['0xfe', '0x01', '0x02', '0x02']
14:43:35.638  DEBUG   [poll]    -> read  st2mot    
14:43:35.641  DEBUG   [poll]    <- read  st2mot     ret=0  data=['0x00', '0x00']
14:43:35.642  DEBUG   [poll]    -> read  st0cur    
14:43:35.646  DEBUG   [poll]    <- read  st0cur     ret=0  data=['0xfe', '0x01', '0x01', '0x02']
14:43:36.647  DEBUG   [poll]    -> read  st2mot    
14:43:36.654  DEBUG   [poll]    <- read  st2mot     ret=0  data=['0x00', '0x00']
14:43:36.654  DEBUG   [poll]    -> read  st0cur    
14:43:36.658  DEBUG   [poll]    <- read  st0cur     ret=0  data=['0xfe', '0x01', '0x01', '0x02']
14:43:37.660  DEBUG   [poll]    -> read  st2mot    
14:43:37.663  DEBUG   [poll]    <- read  st2mot     ret=0  data=['0x00', '0x00']
14:43:37.664  DEBUG   [poll]    -> read  st0cur    
14:43:37.668  DEBUG   [poll]    <- read  st0cur     ret=0  data=['0xfd', '0x01', '0x01', '0x02']
14:43:38.669  DEBUG   [poll]    -> read  st2mot    
14:43:38.673  DEBUG   [poll]    <- read  st2mot     ret=0  data=['0x00', '0x00']
14:43:38.673  DEBUG   [poll]    -> read  st0cur    
14:43:38.677  DEBUG   [poll]    <- read  st0cur     ret=0  data=['0xfe', '0x01', '0x01', '0x02']
14:43:39.679  DEBUG   [poll]    -> read  st2mot    
14:43:39.682  DEBUG   [poll]    <- read  st2mot     ret=0  data=['0x00', '0x00']
14:43:39.683  DEBUG   [poll]    -> read  st0cur    
14:43:39.687  DEBUG   [poll]    <- read  st0cur     ret=0  data=['0xfe', '0x01', '0x01', '0x02']
14:43:40.688  DEBUG   [poll]    -> read  st2mot    
14:43:40.692  DEBUG   [poll]    <- read  st2mot     ret=0  data=['0x00', '0x00']
14:43:40.692  DEBUG   [poll]    -> read  st0cur    
14:43:40.696  DEBUG   [poll]    <- read  st0cur     ret=0  data=['0xfe', '0x01', '0x01', '0x02']
14:43:41.698  DEBUG   [poll]    -> read  st2mot    
14:43:41.705  DEBUG   [poll]    <- read  st2mot     ret=0  data=['0x00', '0x00']
14:43:41.705  DEBUG   [poll]    -> read  st0cur    
14:43:41.709  DEBUG   [poll]    <- read  st0cur     ret=0  data=['0xfd', '0x01', '0x01', '0x02']
14:43:42.711  DEBUG   [poll]    -> read  st2mot    
14:43:42.714  DEBUG   [poll]    <- read  st2mot     ret=0  data=['0x00', '0x00']
14:43:42.714  DEBUG   [poll]    -> read  st0cur    
14:43:42.719  DEBUG   [poll]    <- read  st0cur     ret=0  data=['0xfe', '0x01', '0x01', '0x02']
14:43:43.720  DEBUG   [poll]    -> read  st2mot    
14:43:43.723  DEBUG   [poll]    <- read  st2mot     ret=0  data=['0x00', '0x00']
14:43:43.724  DEBUG   [poll]    -> read  st0cur    
14:43:43.728  DEBUG   [poll]    <- read  st0cur     ret=0  data=['0xfe', '0x01', '0x01', '0x02']
14:43:44.729  DEBUG   [poll]    -> read  st2mot    
14:43:44.733  DEBUG   [poll]    <- read  st2mot     ret=0  data=['0x00', '0x00']
14:43:44.733  DEBUG   [poll]    -> read  st0cur    
14:43:44.737  DEBUG   [poll]    <- read  st0cur     ret=0  data=['0xfe', '0x01', '0x01', '0x02']
14:43:45.739  DEBUG   [poll]    -> read  st2mot    
14:43:45.742  DEBUG   [poll]    <- read  st2mot     ret=0  data=['0x00', '0x00']
14:43:45.743  DEBUG   [poll]    -> read  st0cur    
14:43:45.747  DEBUG   [poll]    <- read  st0cur     ret=0  data=['0xfd', '0x01', '0x02', '0x02']
14:43:46.748  DEBUG   [poll]    -> read  st2mot    
14:43:46.752  DEBUG   [poll]    <- read  st2mot     ret=0  data=['0x00', '0x00']
14:43:46.752  DEBUG   [poll]    -> read  st0cur    
14:43:46.756  DEBUG   [poll]    <- read  st0cur     ret=0  data=['0xfe', '0x01', '0x01', '0x02']
14:43:47.758  DEBUG   [poll]    -> read  st2mot    
14:43:47.761  DEBUG   [poll]    <- read  st2mot     ret=0  data=['0x00', '0x00']
14:43:47.762  DEBUG   [poll]    -> read  st0cur    
14:43:47.766  DEBUG   [poll]    <- read  st0cur     ret=0  data=['0xfe', '0x01', '0x01', '0x02']
14:43:48.767  DEBUG   [poll]    -> read  st2mot    
14:43:48.771  DEBUG   [poll]    <- read  st2mot     ret=0  data=['0x00', '0x00']
14:43:48.771  DEBUG   [poll]    -> read  st0cur    
14:43:48.775  DEBUG   [poll]    <- read  st0cur     ret=0  data=['0xfe', '0x01', '0x01', '0x02']
14:43:49.777  DEBUG   [poll]    -> read  st2mot    
14:43:49.780  DEBUG   [poll]    <- read  st2mot     ret=0  data=['0x00', '0x00']
14:43:49.780  DEBUG   [poll]    -> read  st0cur    
14:43:49.785  DEBUG   [poll]    <- read  st0cur     ret=0  data=['0xfe', '0x01', '0x01', '0x02']
14:43:50.786  DEBUG   [poll]    -> read  st2mot    
14:43:50.790  DEBUG   [poll]    <- read  st2mot     ret=0  data=['0x00', '0x00']
14:43:50.790  DEBUG   [poll]    -> read  st0cur    
14:43:50.794  DEBUG   [poll]    <- read  st0cur     ret=0  data=['0xfe', '0x01', '0x01', '0x02']
14:43:51.796  DEBUG   [poll]    -> read  st2mot    
14:43:51.802  DEBUG   [poll]    <- read  st2mot     ret=0  data=['0x00', '0x00']
14:43:51.803  DEBUG   [poll]    -> read  st0cur    
14:43:51.807  DEBUG   [poll]    <- read  st0cur     ret=0  data=['0xfe', '0x01', '0x01', '0x02']
14:43:52.809  DEBUG   [poll]    -> read  st2mot    
14:43:52.812  DEBUG   [poll]    <- read  st2mot     ret=0  data=['0x00', '0x00']
14:43:52.812  DEBUG   [poll]    -> read  st0cur    
14:43:52.816  DEBUG   [poll]    <- read  st0cur     ret=0  data=['0xfe', '0x01', '0x01', '0x02']
14:43:53.818  DEBUG   [poll]    -> read  st2mot    
14:43:53.821  DEBUG   [poll]    <- read  st2mot     ret=0  data=['0x00', '0x00']
14:43:53.822  DEBUG   [poll]    -> read  st0cur    
14:43:53.826  DEBUG   [poll]    <- read  st0cur     ret=0  data=['0xfd', '0x01', '0x01', '0x02']
14:43:54.827  DEBUG   [poll]    -> read  st2mot    
14:43:54.831  DEBUG   [poll]    <- read  st2mot     ret=0  data=['0x00', '0x00']
14:43:54.831  DEBUG   [poll]    -> read  st0cur    
14:43:54.836  DEBUG   [poll]    <- read  st0cur     ret=0  data=['0xfe', '0x01', '0x01', '0x02']
14:43:55.837  DEBUG   [poll]    -> read  st2mot    
14:43:55.840  DEBUG   [poll]    <- read  st2mot     ret=0  data=['0x00', '0x00']
14:43:55.841  DEBUG   [poll]    -> read  st0cur    
14:43:55.845  DEBUG   [poll]    <- read  st0cur     ret=0  data=['0xfe', '0x01', '0x01', '0x02']
14:43:56.846  DEBUG   [poll]    -> read  st2mot    
14:43:56.853  DEBUG   [poll]    <- read  st2mot     ret=0  data=['0x00', '0x00']
14:43:56.854  DEBUG   [poll]    -> read  st0cur    
14:43:56.858  DEBUG   [poll]    <- read  st0cur     ret=0  data=['0xfe', '0x01', '0x01', '0x02']
14:43:57.859  DEBUG   [poll]    -> read  st2mot    
14:43:57.863  DEBUG   [poll]    <- read  st2mot     ret=0  data=['0x00', '0x00']
14:43:57.863  DEBUG   [poll]    -> read  st0cur    
14:43:57.867  DEBUG   [poll]    <- read  st0cur     ret=0  data=['0xfe', '0x01', '0x01', '0x02']
14:43:58.869  DEBUG   [poll]    -> read  st2mot    
14:43:58.872  DEBUG   [poll]    <- read  st2mot     ret=0  data=['0x00', '0x00']
14:43:58.872  DEBUG   [poll]    -> read  st0cur    
14:43:58.877  DEBUG   [poll]    <- read  st0cur     ret=0  data=['0xfe', '0x01', '0x01', '0x02']
14:43:59.878  DEBUG   [poll]    -> read  st2mot    
14:43:59.881  DEBUG   [poll]    <- read  st2mot     ret=0  data=['0x00', '0x00']
14:43:59.882  DEBUG   [poll]    -> read  st0cur    
14:43:59.886  DEBUG   [poll]    <- read  st0cur     ret=0  data=['0xfe', '0x01', '0x01', '0x02']
14:44:00.887  DEBUG   [poll]    -> read  st2mot    
14:44:00.891  DEBUG   [poll]    <- read  st2mot     ret=0  data=['0x00', '0x00']
14:44:00.891  DEBUG   [poll]    -> read  st0cur    
14:44:00.895  DEBUG   [poll]    <- read  st0cur     ret=0  data=['0xfe', '0x01', '0x01', '0x02']
14:44:01.897  DEBUG   [poll]    -> read  st2mot    
14:44:01.904  DEBUG   [poll]    <- read  st2mot     ret=0  data=['0x00', '0x00']
14:44:01.904  DEBUG   [poll]    -> read  st0cur    
14:44:01.909  DEBUG   [poll]    <- read  st0cur     ret=0  data=['0xfe', '0x01', '0x01', '0x02']
14:44:02.910  DEBUG   [poll]    -> read  st2mot    
14:44:02.913  DEBUG   [poll]    <- read  st2mot     ret=0  data=['0x00', '0x00']
14:44:02.914  DEBUG   [poll]    -> read  st0cur    
14:44:02.918  DEBUG   [poll]    <- read  st0cur     ret=0  data=['0xfe', '0x01', '0x01', '0x02']
14:44:03.919  DEBUG   [poll]    -> read  st2mot    
14:44:03.923  DEBUG   [poll]    <- read  st2mot     ret=0  data=['0x00', '0x00']
14:44:03.923  DEBUG   [poll]    -> read  st0cur    
14:44:03.927  DEBUG   [poll]    <- read  st0cur     ret=0  data=['0xfe', '0x01', '0x02', '0x02']
14:44:04.929  DEBUG   [poll]    -> read  st2mot    
14:44:04.932  DEBUG   [poll]    <- read  st2mot     ret=0  data=['0x00', '0x00']
14:44:04.933  DEBUG   [poll]    -> read  st0cur    
14:44:04.937  DEBUG   [poll]    <- read  st0cur     ret=0  data=['0xfe', '0x01', '0x01', '0x02']
14:44:05.938  DEBUG   [poll]    -> read  st2mot    
14:44:05.942  DEBUG   [poll]    <- read  st2mot     ret=0  data=['0x00', '0x00']
14:44:05.942  DEBUG   [poll]    -> read  st0cur    
14:44:05.946  DEBUG   [poll]    <- read  st0cur     ret=0  data=['0xfe', '0x01', '0x01', '0x02']
14:44:06.948  DEBUG   [poll]    -> read  st2mot    
14:44:06.954  DEBUG   [poll]    <- read  st2mot     ret=0  data=['0x00', '0x00']
14:44:06.955  DEBUG   [poll]    -> read  st0cur    
14:44:06.959  DEBUG   [poll]    <- read  st0cur     ret=0  data=['0xfe', '0x01', '0x02', '0x02']
14:44:07.960  DEBUG   [poll]    -> read  st2mot    
14:44:07.964  DEBUG   [poll]    <- read  st2mot     ret=0  data=['0x00', '0x00']
14:44:07.964  DEBUG   [poll]    -> read  st0cur    
14:44:07.968  DEBUG   [poll]    <- read  st0cur     ret=0  data=['0xfd', '0x01', '0x01', '0x02']
14:44:08.970  DEBUG   [poll]    -> read  st2mot    
14:44:08.973  DEBUG   [poll]    <- read  st2mot     ret=0  data=['0x00', '0x00']
14:44:08.974  DEBUG   [poll]    -> read  st0cur    
14:44:08.978  DEBUG   [poll]    <- read  st0cur     ret=0  data=['0xfe', '0x01', '0x01', '0x02']
14:44:09.979  DEBUG   [poll]    -> read  st2mot    
14:44:09.983  DEBUG   [poll]    <- read  st2mot     ret=0  data=['0x00', '0x00']
14:44:09.983  DEBUG   [poll]    -> read  st0cur    
14:44:09.987  DEBUG   [poll]    <- read  st0cur     ret=0  data=['0xfe', '0x01', '0x01', '0x02']
14:44:10.989  DEBUG   [poll]    -> read  st2mot    
14:44:10.992  DEBUG   [poll]    <- read  st2mot     ret=0  data=['0x00', '0x00']
14:44:10.992  DEBUG   [poll]    -> read  st0cur    
14:44:10.997  DEBUG   [poll]    <- read  st0cur     ret=0  data=['0xfe', '0x01', '0x01', '0x02']
14:44:11.998  DEBUG   [poll]    -> read  st2mot    
14:44:12.005  DEBUG   [poll]    <- read  st2mot     ret=0  data=['0x00', '0x00']
14:44:12.005  DEBUG   [poll]    -> read  st0cur    
14:44:12.010  DEBUG   [poll]    <- read  st0cur     ret=0  data=['0xfd', '0x01', '0x02', '0x02']
14:44:13.011  DEBUG   [poll]    -> read  st2mot    
14:44:13.014  DEBUG   [poll]    <- read  st2mot     ret=0  data=['0x00', '0x00']
14:44:13.015  DEBUG   [poll]    -> read  st0cur    
14:44:13.019  DEBUG   [poll]    <- read  st0cur     ret=0  data=['0xfe', '0x01', '0x01', '0x02']
14:44:14.020  DEBUG   [poll]    -> read  st2mot    
14:44:14.024  DEBUG   [poll]    <- read  st2mot     ret=0  data=['0x00', '0x00']
14:44:14.024  DEBUG   [poll]    -> read  st0cur    
14:44:14.028  DEBUG   [poll]    <- read  st0cur     ret=0  data=['0xfe', '0x01', '0x02', '0x02']
14:44:15.030  DEBUG   [poll]    -> read  st2mot    
14:44:15.033  DEBUG   [poll]    <- read  st2mot     ret=0  data=['0x00', '0x00']
14:44:15.034  DEBUG   [poll]    -> read  st0cur    
14:44:15.038  DEBUG   [poll]    <- read  st0cur     ret=0  data=['0xfe', '0x01', '0x01', '0x02']
14:44:16.039  DEBUG   [poll]    -> read  st2mot    
14:44:16.043  DEBUG   [poll]    <- read  st2mot     ret=0  data=['0x00', '0x00']
14:44:16.043  DEBUG   [poll]    -> read  st0cur    
14:44:16.047  DEBUG   [poll]    <- read  st0cur     ret=0  data=['0xfe', '0x01', '0x02', '0x02']
14:44:17.049  DEBUG   [poll]    -> read  st2mot    
14:44:17.056  DEBUG   [poll]    <- read  st2mot     ret=0  data=['0x00', '0x00']
14:44:17.056  DEBUG   [poll]    -> read  st0cur    
14:44:17.060  DEBUG   [poll]    <- read  st0cur     ret=0  data=['0xfe', '0x01', '0x01', '0x02']
14:44:18.062  DEBUG   [poll]    -> read  st2mot    
14:44:18.065  DEBUG   [poll]    <- read  st2mot     ret=0  data=['0x00', '0x00']
14:44:18.066  DEBUG   [poll]    -> read  st0cur    
14:44:18.070  DEBUG   [poll]    <- read  st0cur     ret=0  data=['0xfe', '0x01', '0x01', '0x02']
14:44:19.072  DEBUG   [poll]    -> read  st2mot    
14:44:19.075  DEBUG   [poll]    <- read  st2mot     ret=0  data=['0x00', '0x00']
14:44:19.075  DEBUG   [poll]    -> read  st0cur    
14:44:19.080  DEBUG   [poll]    <- read  st0cur     ret=0  data=['0xfe', '0x01', '0x01', '0x02']
14:44:20.081  DEBUG   [poll]    -> read  st2mot    
14:44:20.084  DEBUG   [poll]    <- read  st2mot     ret=0  data=['0x00', '0x00']
14:44:20.085  DEBUG   [poll]    -> read  st0cur    
14:44:20.089  DEBUG   [poll]    <- read  st0cur     ret=0  data=['0xfd', '0x01', '0x02', '0x02']
14:44:21.090  DEBUG   [poll]    -> read  st2mot    
14:44:21.094  DEBUG   [poll]    <- read  st2mot     ret=0  data=['0x00', '0x00']
14:44:21.094  DEBUG   [poll]    -> read  st0cur    
14:44:21.098  DEBUG   [poll]    <- read  st0cur     ret=0  data=['0xfe', '0x01', '0x01', '0x02']
14:44:22.100  DEBUG   [poll]    -> read  st2mot    
14:44:22.107  DEBUG   [poll]    <- read  st2mot     ret=0  data=['0x00', '0x00']
14:44:22.107  DEBUG   [poll]    -> read  st0cur    
14:44:22.111  DEBUG   [poll]    <- read  st0cur     ret=0  data=['0xfe', '0x01', '0x01', '0x02']
14:44:23.113  DEBUG   [poll]    -> read  st2mot    
14:44:23.116  DEBUG   [poll]    <- read  st2mot     ret=0  data=['0x00', '0x00']
14:44:23.116  DEBUG   [poll]    -> read  st0cur    
14:44:23.121  DEBUG   [poll]    <- read  st0cur     ret=0  data=['0xfe', '0x01', '0x01', '0x02']
14:44:24.122  DEBUG   [poll]    -> read  st2mot    
14:44:24.125  DEBUG   [poll]    <- read  st2mot     ret=0  data=['0x00', '0x00']
14:44:24.126  DEBUG   [poll]    -> read  st0cur    
14:44:24.130  DEBUG   [poll]    <- read  st0cur     ret=0  data=['0xfe', '0x01', '0x02', '0x02']
14:44:25.131  DEBUG   [poll]    -> read  st2mot    
14:44:25.135  DEBUG   [poll]    <- read  st2mot     ret=0  data=['0x00', '0x00']
14:44:25.135  DEBUG   [poll]    -> read  st0cur    
14:44:25.139  DEBUG   [poll]    <- read  st0cur     ret=0  data=['0xfe', '0x01', '0x01', '0x02']
14:44:26.141  DEBUG   [poll]    -> read  st2mot    
14:44:26.144  DEBUG   [poll]    <- read  st2mot     ret=0  data=['0x00', '0x00']
14:44:26.145  DEBUG   [poll]    -> read  st0cur    
14:44:26.149  DEBUG   [poll]    <- read  st0cur     ret=0  data=['0xfe', '0x01', '0x01', '0x02']
14:44:27.150  DEBUG   [poll]    -> read  st2mot    
14:44:27.157  DEBUG   [poll]    <- read  st2mot     ret=0  data=['0x00', '0x00']
14:44:27.158  DEBUG   [poll]    -> read  st0cur    
14:44:27.162  DEBUG   [poll]    <- read  st0cur     ret=0  data=['0xfd', '0x01', '0x01', '0x02']
14:44:28.163  DEBUG   [poll]    -> read  st2mot    
14:44:28.167  DEBUG   [poll]    <- read  st2mot     ret=0  data=['0x00', '0x00']
14:44:28.167  DEBUG   [poll]    -> read  st0cur    
14:44:28.171  DEBUG   [poll]    <- read  st0cur     ret=0  data=['0xfd', '0x01', '0x01', '0x02']
14:44:29.173  DEBUG   [poll]    -> read  st2mot    
14:44:29.176  DEBUG   [poll]    <- read  st2mot     ret=0  data=['0x00', '0x00']
14:44:29.176  DEBUG   [poll]    -> read  st0cur    
14:44:29.181  DEBUG   [poll]    <- read  st0cur     ret=0  data=['0xfe', '0x01', '0x01', '0x02']
14:44:30.182  DEBUG   [poll]    -> read  st2mot    
14:44:30.185  DEBUG   [poll]    <- read  st2mot     ret=0  data=['0x00', '0x00']
14:44:30.186  DEBUG   [poll]    -> read  st0cur    
14:44:30.190  DEBUG   [poll]    <- read  st0cur     ret=0  data=['0xfe', '0x01', '0x01', '0x02']
14:44:31.191  DEBUG   [poll]    -> read  st2mot    
14:44:31.195  DEBUG   [poll]    <- read  st2mot     ret=0  data=['0x00', '0x00']
14:44:31.195  DEBUG   [poll]    -> read  st0cur    
14:44:31.199  DEBUG   [poll]    <- read  st0cur     ret=0  data=['0xfe', '0x01', '0x01', '0x02']
14:44:32.201  DEBUG   [poll]    -> read  st2mot    
14:44:32.208  DEBUG   [poll]    <- read  st2mot     ret=0  data=['0x00', '0x00']
14:44:32.208  DEBUG   [poll]    -> read  st0cur    
14:44:32.213  DEBUG   [poll]    <- read  st0cur     ret=0  data=['0xfe', '0x01', '0x01', '0x02']
14:44:33.214  DEBUG   [poll]    -> read  st2mot    
14:44:33.217  DEBUG   [poll]    <- read  st2mot     ret=0  data=['0x00', '0x00']
14:44:33.218  DEBUG   [poll]    -> read  st0cur    
14:44:33.222  DEBUG   [poll]    <- read  st0cur     ret=0  data=['0xfe', '0x01', '0x01', '0x02']
14:44:34.223  DEBUG   [poll]    -> read  st2mot    
14:44:34.227  DEBUG   [poll]    <- read  st2mot     ret=0  data=['0x00', '0x00']
14:44:34.227  DEBUG   [poll]    -> read  st0cur    
14:44:34.231  DEBUG   [poll]    <- read  st0cur     ret=0  data=['0xfe', '0x01', '0x01', '0x02']
14:44:35.233  DEBUG   [poll]    -> read  st2mot    
14:44:35.236  DEBUG   [poll]    <- read  st2mot     ret=0  data=['0x00', '0x00']
14:44:35.237  DEBUG   [poll]    -> read  st0cur    
14:44:35.241  DEBUG   [poll]    <- read  st0cur     ret=0  data=['0xfe', '0x01', '0x01', '0x02']
14:44:36.242  DEBUG   [poll]    -> read  st2mot    
14:44:36.246  DEBUG   [poll]    <- read  st2mot     ret=0  data=['0x00', '0x00']
14:44:36.246  DEBUG   [poll]    -> read  st0cur    
14:44:36.251  DEBUG   [poll]    <- read  st0cur     ret=0  data=['0xfe', '0x01', '0x01', '0x02']
14:44:37.252  DEBUG   [poll]    -> read  st2mot    
14:44:37.260  DEBUG   [poll]    <- read  st2mot     ret=0  data=['0x00', '0x00']
14:44:37.260  DEBUG   [poll]    -> read  st0cur    
14:44:37.264  DEBUG   [poll]    <- read  st0cur     ret=0  data=['0xfe', '0x01', '0x01', '0x02']
14:44:38.266  DEBUG   [poll]    -> read  st2mot    
14:44:38.269  DEBUG   [poll]    <- read  st2mot     ret=0  data=['0x00', '0x00']
14:44:38.269  DEBUG   [poll]    -> read  st0cur    
14:44:38.274  DEBUG   [poll]    <- read  st0cur     ret=0  data=['0xfd', '0x01', '0x01', '0x02']
14:44:39.275  DEBUG   [poll]    -> read  st2mot    
14:44:39.279  DEBUG   [poll]    <- read  st2mot     ret=0  data=['0x00', '0x00']
14:44:39.279  DEBUG   [poll]    -> read  st0cur    
14:44:39.283  DEBUG   [poll]    <- read  st0cur     ret=0  data=['0xfe', '0x01', '0x01', '0x02']
14:44:40.285  DEBUG   [poll]    -> read  st2mot    
14:44:40.288  DEBUG   [poll]    <- read  st2mot     ret=0  data=['0x00', '0x00']
14:44:40.288  DEBUG   [poll]    -> read  st0cur    
14:44:40.292  DEBUG   [poll]    <- read  st0cur     ret=0  data=['0xfd', '0x01', '0x01', '0x02']
14:44:41.294  DEBUG   [poll]    -> read  st2mot    
14:44:41.297  DEBUG   [poll]    <- read  st2mot     ret=0  data=['0x00', '0x00']
14:44:41.298  DEBUG   [poll]    -> read  st0cur    
14:44:41.302  DEBUG   [poll]    <- read  st0cur     ret=0  data=['0xfe', '0x01', '0x01', '0x02']
14:44:42.303  DEBUG   [poll]    -> read  st2mot    
14:44:42.310  DEBUG   [poll]    <- read  st2mot     ret=0  data=['0x00', '0x00']
14:44:42.311  DEBUG   [poll]    -> read  st0cur    
14:44:42.315  DEBUG   [poll]    <- read  st0cur     ret=0  data=['0xfd', '0x01', '0x02', '0x02']
14:44:43.316  DEBUG   [poll]    -> read  st2mot    
14:44:43.320  DEBUG   [poll]    <- read  st2mot     ret=0  data=['0x00', '0x00']
14:44:43.320  DEBUG   [poll]    -> read  st0cur    
14:44:43.324  DEBUG   [poll]    <- read  st0cur     ret=0  data=['0xfd', '0x01', '0x01', '0x02']
14:44:44.326  DEBUG   [poll]    -> read  st2mot    
14:44:44.329  DEBUG   [poll]    <- read  st2mot     ret=0  data=['0x00', '0x00']
14:44:44.329  DEBUG   [poll]    -> read  st0cur    
14:44:44.334  DEBUG   [poll]    <- read  st0cur     ret=0  data=['0xfe', '0x01', '0x01', '0x02']
14:44:45.335  DEBUG   [poll]    -> read  st2mot    
14:44:45.338  DEBUG   [poll]    <- read  st2mot     ret=0  data=['0x00', '0x00']
14:44:45.339  DEBUG   [poll]    -> read  st0cur    
14:44:45.343  DEBUG   [poll]    <- read  st0cur     ret=0  data=['0xfe', '0x01', '0x02', '0x02']
14:44:46.344  DEBUG   [poll]    -> read  st2mot    
14:44:46.348  DEBUG   [poll]    <- read  st2mot     ret=0  data=['0x00', '0x00']
14:44:46.348  DEBUG   [poll]    -> read  st0cur    
14:44:46.352  DEBUG   [poll]    <- read  st0cur     ret=0  data=['0xfe', '0x01', '0x01', '0x02']
14:44:47.354  DEBUG   [poll]    -> read  st2mot    
14:44:47.361  DEBUG   [poll]    <- read  st2mot     ret=0  data=['0x00', '0x00']
14:44:47.361  DEBUG   [poll]    -> read  st0cur    
14:44:47.366  DEBUG   [poll]    <- read  st0cur     ret=0  data=['0xfe', '0x01', '0x01', '0x02']
14:44:48.367  DEBUG   [poll]    -> read  st2mot    
14:44:48.370  DEBUG   [poll]    <- read  st2mot     ret=0  data=['0x00', '0x00']
14:44:48.371  DEBUG   [poll]    -> read  st0cur    
14:44:48.375  DEBUG   [poll]    <- read  st0cur     ret=0  data=['0xfe', '0x01', '0x01', '0x02']
14:44:49.376  DEBUG   [poll]    -> read  st2mot    
14:44:49.380  DEBUG   [poll]    <- read  st2mot     ret=0  data=['0x00', '0x00']
14:44:49.380  DEBUG   [poll]    -> read  st0cur    
14:44:49.384  DEBUG   [poll]    <- read  st0cur     ret=0  data=['0xfe', '0x01', '0x01', '0x02']
14:44:50.386  DEBUG   [poll]    -> read  st2mot    
14:44:50.389  DEBUG   [poll]    <- read  st2mot     ret=0  data=['0x00', '0x00']
14:44:50.390  DEBUG   [poll]    -> read  st0cur    
14:44:50.394  DEBUG   [poll]    <- read  st0cur     ret=0  data=['0xfe', '0x01', '0x01', '0x02']
14:44:51.395  DEBUG   [poll]    -> read  st2mot    
14:44:51.399  DEBUG   [poll]    <- read  st2mot     ret=0  data=['0x00', '0x00']
14:44:51.399  DEBUG   [poll]    -> read  st0cur    
14:44:51.403  DEBUG   [poll]    <- read  st0cur     ret=0  data=['0xfe', '0x01', '0x01', '0x02']
14:44:52.405  DEBUG   [poll]    -> read  st2mot    
14:44:52.408  DEBUG   [poll]    <- read  st2mot     ret=0  data=['0x00', '0x00']
14:44:52.408  DEBUG   [poll]    -> read  st0cur    
14:44:52.412  DEBUG   [poll]    <- read  st0cur     ret=0  data=['0xfe', '0x01', '0x01', '0x02']
14:44:52.631  INFO    client connected
14:44:52.632  DEBUG   [client]  -> read  st3mot    
14:44:52.636  DEBUG   [client]  <- read  st3mot     ret=0  data=['0x01', '0x00', '0x01', '0x09']
14:44:52.636  WARNING client disconnected — stopping motor
14:44:52.637  DEBUG   [client]  -> write cntl3mot   data=['0x00', '0x00']
14:44:52.641  INFO    client disconnected
14:44:53.414  DEBUG   [poll]    -> read  st2mot    
14:44:53.417  DEBUG   [poll]    <- read  st2mot     ret=0  data=['0x00', '0x00']
14:44:53.418  DEBUG   [poll]    -> read  st0cur    
14:44:53.422  DEBUG   [poll]    <- read  st0cur     ret=0  data=['0xfe', '0x01', '0x01', '0x02']
14:44:54.423  DEBUG   [poll]    -> read  st2mot    
14:44:54.427  DEBUG   [poll]    <- read  st2mot     ret=0  data=['0x00', '0x00']
14:44:54.427  DEBUG   [poll]    -> read  st0cur    
14:44:54.431  DEBUG   [poll]    <- read  st0cur     ret=0  data=['0xfe', '0x01', '0x01', '0x02']
14:44:55.433  DEBUG   [poll]    -> read  st2mot    
14:44:55.436  DEBUG   [poll]    <- read  st2mot     ret=0  data=['0x00', '0x00']
14:44:55.436  DEBUG   [poll]    -> read  st0cur    
14:44:55.440  DEBUG   [poll]    <- read  st0cur     ret=0  data=['0xfe', '0x01', '0x01', '0x02']
14:44:55.444  INFO    client connected
14:44:55.446  DEBUG   [client]  -> write cntl0mot   data=['0xf6', '0xf8']
14:44:55.449  DEBUG   [client]  -> write cntl3mot   data=['0x00', '0x00']
14:44:55.453  DEBUG   [client]  -> write cntl3mot   data=['0x03', '0xe8']
14:44:55.462  DEBUG   [client]  -> read  st2mot    
14:44:55.465  DEBUG   [client]  <- read  st2mot     ret=0  data=['0x00', '0x00']
14:44:55.466  DEBUG   [client]  -> read  st0cur    
14:44:55.470  DEBUG   [client]  <- read  st0cur     ret=0  data=['0xfe', '0x01', '0x01', '0x02']
14:44:55.660  DEBUG   [client]  -> read  st2mot    
14:44:55.663  DEBUG   [client]  <- read  st2mot     ret=0  data=['0x00', '0x00']
14:44:55.860  DEBUG   [client]  -> read  st2mot    
14:44:55.863  DEBUG   [client]  <- read  st2mot     ret=0  data=['0x00', '0x00']
14:44:56.060  DEBUG   [client]  -> read  st2mot    
14:44:56.063  DEBUG   [client]  <- read  st2mot     ret=0  data=['0x7d', '0x00']
14:44:56.260  DEBUG   [client]  -> read  st2mot    
14:44:56.264  DEBUG   [client]  <- read  st2mot     ret=0  data=['0x9d', '0x03']
14:44:56.442  DEBUG   [poll]    -> read  st2mot    
14:44:56.445  DEBUG   [poll]    <- read  st2mot     ret=0  data=['0xc9', '0x04']
14:44:56.445  DEBUG   [poll]    -> read  st0cur    
14:44:56.450  DEBUG   [poll]    <- read  st0cur     ret=0  data=['0xf9', '0x01', '0x01', '0x02']
14:44:56.460  DEBUG   [client]  -> read  st2mot    
14:44:56.463  DEBUG   [client]  <- read  st2mot     ret=0  data=['0xc9', '0x04']
14:44:56.465  DEBUG   [client]  -> read  st0cur    
14:44:56.469  DEBUG   [client]  <- read  st0cur     ret=0  data=['0xf9', '0x01', '0x01', '0x02']
14:44:56.660  DEBUG   [client]  -> read  st2mot    
14:44:56.663  DEBUG   [client]  <- read  st2mot     ret=0  data=['0x97', '0x04']
14:44:56.860  DEBUG   [client]  -> read  st2mot    
14:44:56.864  DEBUG   [client]  <- read  st2mot     ret=0  data=['0x4c', '0x04']
14:44:57.060  DEBUG   [client]  -> read  st2mot    
14:44:57.064  DEBUG   [client]  <- read  st2mot     ret=0  data=['0x01', '0x04']
14:44:57.260  DEBUG   [client]  -> read  st2mot    
14:44:57.264  DEBUG   [client]  <- read  st2mot     ret=0  data=['0xe8', '0x03']
14:44:57.451  DEBUG   [poll]    -> read  st2mot    
14:44:57.455  DEBUG   [poll]    <- read  st2mot     ret=0  data=['0xe8', '0x03']
14:44:57.456  DEBUG   [poll]    -> read  st0cur    
14:44:57.460  DEBUG   [poll]    <- read  st0cur     ret=0  data=['0xf5', '0x01', '0xf7', '0x01']
14:44:57.461  DEBUG   [client]  -> read  st2mot    
14:44:57.465  DEBUG   [client]  <- read  st2mot     ret=0  data=['0xe8', '0x03']
14:44:57.467  DEBUG   [client]  -> read  st0cur    
14:44:57.471  DEBUG   [client]  <- read  st0cur     ret=0  data=['0xf5', '0x01', '0xf7', '0x01']
14:44:57.660  DEBUG   [client]  -> read  st2mot    
14:44:57.664  DEBUG   [client]  <- read  st2mot     ret=0  data=['0xe8', '0x03']
14:44:57.860  DEBUG   [client]  -> read  st2mot    
14:44:57.864  DEBUG   [client]  <- read  st2mot     ret=0  data=['0xe8', '0x03']
14:44:58.060  DEBUG   [client]  -> read  st2mot    
14:44:58.064  DEBUG   [client]  <- read  st2mot     ret=0  data=['0x01', '0x04']
14:44:58.260  DEBUG   [client]  -> read  st2mot    
14:44:58.264  DEBUG   [client]  <- read  st2mot     ret=0  data=['0x01', '0x04']
14:44:58.460  DEBUG   [client]  -> read  st2mot    
14:44:58.464  DEBUG   [client]  <- read  st2mot     ret=0  data=['0xe8', '0x03']
14:44:58.464  DEBUG   [poll]    -> read  st2mot    
14:44:58.468  DEBUG   [poll]    <- read  st2mot     ret=0  data=['0xe8', '0x03']
14:44:58.469  DEBUG   [poll]    -> read  st0cur    
14:44:58.473  DEBUG   [poll]    <- read  st0cur     ret=0  data=['0xf5', '0x01', '0xf7', '0x01']
14:44:58.474  DEBUG   [client]  -> read  st0cur    
14:44:58.478  DEBUG   [client]  <- read  st0cur     ret=0  data=['0xf5', '0x01', '0xf7', '0x01']
14:44:58.660  DEBUG   [client]  -> read  st2mot    
14:44:58.664  DEBUG   [client]  <- read  st2mot     ret=0  data=['0xe8', '0x03']
14:44:58.860  DEBUG   [client]  -> read  st2mot    
14:44:58.864  DEBUG   [client]  <- read  st2mot     ret=0  data=['0x01', '0x04']
14:44:59.060  DEBUG   [client]  -> read  st2mot    
14:44:59.064  DEBUG   [client]  <- read  st2mot     ret=0  data=['0xe8', '0x03']
14:44:59.260  DEBUG   [client]  -> read  st2mot    
14:44:59.264  DEBUG   [client]  <- read  st2mot     ret=0  data=['0xe8', '0x03']
14:44:59.460  DEBUG   [client]  -> read  st2mot    
14:44:59.464  DEBUG   [client]  <- read  st2mot     ret=0  data=['0xe8', '0x03']
14:44:59.466  DEBUG   [client]  -> read  st0cur    
14:44:59.470  DEBUG   [client]  <- read  st0cur     ret=0  data=['0xf5', '0x01', '0xf6', '0x01']
14:44:59.475  DEBUG   [poll]    -> read  st2mot    
14:44:59.478  DEBUG   [poll]    <- read  st2mot     ret=0  data=['0xe8', '0x03']
14:44:59.479  DEBUG   [poll]    -> read  st0cur    
14:44:59.483  DEBUG   [poll]    <- read  st0cur     ret=0  data=['0xf5', '0x01', '0xf6', '0x01']
14:44:59.660  DEBUG   [client]  -> read  st2mot    
14:44:59.663  DEBUG   [client]  <- read  st2mot     ret=0  data=['0xe8', '0x03']
14:44:59.860  DEBUG   [client]  -> read  st2mot    
14:44:59.863  DEBUG   [client]  <- read  st2mot     ret=0  data=['0xe8', '0x03']
14:45:00.060  DEBUG   [client]  -> read  st2mot    
14:45:00.063  DEBUG   [client]  <- read  st2mot     ret=0  data=['0x01', '0x04']
14:45:00.260  DEBUG   [client]  -> read  st2mot    
14:45:00.263  DEBUG   [client]  <- read  st2mot     ret=0  data=['0xe8', '0x03']
14:45:00.460  DEBUG   [client]  -> read  st2mot    
14:45:00.463  DEBUG   [client]  <- read  st2mot     ret=0  data=['0x01', '0x04']
14:45:00.465  DEBUG   [client]  -> read  st0cur    
14:45:00.469  DEBUG   [client]  <- read  st0cur     ret=0  data=['0xf6', '0x01', '0xf9', '0x01']
14:45:00.484  DEBUG   [poll]    -> read  st2mot    
14:45:00.488  DEBUG   [poll]    <- read  st2mot     ret=0  data=['0xe8', '0x03']
14:45:00.488  DEBUG   [poll]    -> read  st0cur    
14:45:00.493  DEBUG   [poll]    <- read  st0cur     ret=0  data=['0xf6', '0x01', '0xf9', '0x01']
14:45:00.660  DEBUG   [client]  -> read  st2mot    
14:45:00.663  DEBUG   [client]  <- read  st2mot     ret=0  data=['0xcf', '0x03']
14:45:00.860  DEBUG   [client]  -> read  st2mot    
14:45:00.863  DEBUG   [client]  <- read  st2mot     ret=0  data=['0xe8', '0x03']
14:45:01.060  DEBUG   [client]  -> read  st2mot    
14:45:01.063  DEBUG   [client]  <- read  st2mot     ret=0  data=['0x01', '0x04']
14:45:01.260  DEBUG   [client]  -> read  st2mot    
14:45:01.263  DEBUG   [client]  <- read  st2mot     ret=0  data=['0xe8', '0x03']
14:45:01.460  DEBUG   [client]  -> read  st2mot    
14:45:01.463  DEBUG   [client]  <- read  st2mot     ret=0  data=['0x01', '0x04']
14:45:01.465  DEBUG   [client]  -> read  st0cur    
14:45:01.469  DEBUG   [client]  <- read  st0cur     ret=0  data=['0xf6', '0x01', '0xf7', '0x01']
14:45:01.494  DEBUG   [poll]    -> read  st2mot    
14:45:01.498  DEBUG   [poll]    <- read  st2mot     ret=0  data=['0xe8', '0x03']
14:45:01.498  DEBUG   [poll]    -> read  st0cur    
14:45:01.502  DEBUG   [poll]    <- read  st0cur     ret=0  data=['0xf6', '0x01', '0xf7', '0x01']
14:45:01.660  DEBUG   [client]  -> read  st2mot    
14:45:01.663  DEBUG   [client]  <- read  st2mot     ret=0  data=['0xcf', '0x03']
14:45:01.860  DEBUG   [client]  -> read  st2mot    
14:45:01.863  DEBUG   [client]  <- read  st2mot     ret=0  data=['0xe8', '0x03']
14:45:02.060  DEBUG   [client]  -> read  st2mot    
14:45:02.063  DEBUG   [client]  <- read  st2mot     ret=0  data=['0x01', '0x04']
14:45:02.260  DEBUG   [client]  -> read  st2mot    
14:45:02.263  DEBUG   [client]  <- read  st2mot     ret=0  data=['0xe8', '0x03']
14:45:02.265  DEBUG   [client]  -> write cntl3mot   data=['0x03', '0x20']
14:45:02.504  DEBUG   [poll]    -> read  st2mot    
14:45:02.507  DEBUG   [poll]    <- read  st2mot     ret=0  data=['0x6b', '0x03']
14:45:02.508  DEBUG   [poll]    -> read  st0cur    
14:45:02.512  DEBUG   [poll]    <- read  st0cur     ret=0  data=['0xf6', '0x01', '0xf8', '0x01']
14:45:02.520  DEBUG   [client]  -> write cntl3mot   data=['0x02', '0x58']
14:45:02.776  DEBUG   [client]  -> write cntl3mot   data=['0x01', '0x90']
14:45:03.032  DEBUG   [client]  -> write cntl3mot   data=['0x00', '0xc8']
14:45:03.287  DEBUG   [client]  -> write cntl3mot   data=['0x00', '0x00']
14:45:03.291  WARNING client disconnected — stopping motor
14:45:03.292  DEBUG   [client]  -> write cntl3mot   data=['0x00', '0x00']
14:45:03.296  INFO    client disconnected
14:45:03.513  DEBUG   [poll]    -> read  st2mot    
14:45:03.516  DEBUG   [poll]    <- read  st2mot     ret=0  data=['0x19', '0x00']
14:45:03.517  DEBUG   [poll]    -> read  st0cur    
14:45:03.521  DEBUG   [poll]    <- read  st0cur     ret=0  data=['0xf8', '0x01', '0xf8', '0x01']
14:45:03.707  INFO    client connected
14:45:03.708  DEBUG   [client]  -> read  st3mot    
14:45:03.712  DEBUG   [client]  <- read  st3mot     ret=0  data=['0x01', '0x00', '0x01', '0x0b']
14:45:03.712  WARNING client disconnected — stopping motor
14:45:03.713  DEBUG   [client]  -> write cntl3mot   data=['0x00', '0x00']
14:45:03.716  INFO    client disconnected
14:45:04.522  DEBUG   [poll]    -> read  st2mot    
14:45:04.525  DEBUG   [poll]    <- read  st2mot     ret=0  data=['0x00', '0x00']
14:45:04.526  DEBUG   [poll]    -> read  st0cur    
14:45:04.530  DEBUG   [poll]    <- read  st0cur     ret=0  data=['0xfd', '0x01', '0x01', '0x02']
14:45:05.531  DEBUG   [poll]    -> read  st2mot    
14:45:05.535  DEBUG   [poll]    <- read  st2mot     ret=0  data=['0x00', '0x00']
14:45:05.535  DEBUG   [poll]    -> read  st0cur    
14:45:05.539  DEBUG   [poll]    <- read  st0cur     ret=0  data=['0xfe', '0x01', '0x01', '0x02']
14:45:06.541  DEBUG   [poll]    -> read  st2mot    
14:45:06.544  DEBUG   [poll]    <- read  st2mot     ret=0  data=['0x00', '0x00']
14:45:06.545  DEBUG   [poll]    -> read  st0cur    
14:45:06.549  DEBUG   [poll]    <- read  st0cur     ret=0  data=['0xfe', '0x01', '0x01', '0x02']
14:45:07.550  DEBUG   [poll]    -> read  st2mot    
14:45:07.553  DEBUG   [poll]    <- read  st2mot     ret=0  data=['0x00', '0x00']
14:45:07.555  DEBUG   [poll]    -> read  st0cur    
14:45:07.558  DEBUG   [poll]    <- read  st0cur     ret=0  data=['0xfe', '0x01', '0x01', '0x02']
14:45:08.560  DEBUG   [poll]    -> read  st2mot    
14:45:08.563  DEBUG   [poll]    <- read  st2mot     ret=0  data=['0x00', '0x00']
14:45:08.564  DEBUG   [poll]    -> read  st0cur    
14:45:08.568  DEBUG   [poll]    <- read  st0cur     ret=0  data=['0xfe', '0x01', '0x01', '0x02']
14:45:09.569  DEBUG   [poll]    -> read  st2mot    
14:45:09.573  DEBUG   [poll]    <- read  st2mot     ret=0  data=['0x00', '0x00']
14:45:09.573  DEBUG   [poll]    -> read  st0cur    
14:45:09.577  DEBUG   [poll]    <- read  st0cur     ret=0  data=['0xfe', '0x01', '0x01', '0x02']
14:45:10.579  DEBUG   [poll]    -> read  st2mot    
14:45:10.582  DEBUG   [poll]    <- read  st2mot     ret=0  data=['0x00', '0x00']
14:45:10.583  DEBUG   [poll]    -> read  st0cur    
14:45:10.587  DEBUG   [poll]    <- read  st0cur     ret=0  data=['0xfe', '0x01', '0x02', '0x02']
14:45:11.588  DEBUG   [poll]    -> read  st2mot    
14:45:11.592  DEBUG   [poll]    <- read  st2mot     ret=0  data=['0x00', '0x00']
14:45:11.592  DEBUG   [poll]    -> read  st0cur    
14:45:11.596  DEBUG   [poll]    <- read  st0cur     ret=0  data=['0xfe', '0x01', '0x01', '0x02']
14:45:12.598  DEBUG   [poll]    -> read  st2mot    
14:45:12.604  DEBUG   [poll]    <- read  st2mot     ret=0  data=['0x00', '0x00']
14:45:12.605  DEBUG   [poll]    -> read  st0cur    
14:45:12.609  DEBUG   [poll]    <- read  st0cur     ret=0  data=['0xfe', '0x01', '0x01', '0x02']
14:45:12.951  INFO    client connected
14:45:12.951  DEBUG   [client]  -> read  st3mot    
14:45:12.955  DEBUG   [client]  <- read  st3mot     ret=0  data=['0x01', '0x00', '0x01', '0x0b']
14:45:12.956  WARNING client disconnected — stopping motor
14:45:12.956  DEBUG   [client]  -> write cntl3mot   data=['0x00', '0x00']
14:45:12.959  INFO    client disconnected
14:45:13.381  INFO    client connected
14:45:13.382  DEBUG   [client]  -> write cntl0mot   data=['0xf6', '0xfa']
14:45:13.385  DEBUG   [client]  -> write cntl3mot   data=['0x00', '0x00']
14:45:13.389  DEBUG   [client]  -> write cntl3mot   data=['0x03', '0xe8']
14:45:13.392  DEBUG   [client]  -> read  st2mot    
14:45:13.395  DEBUG   [client]  <- read  st2mot     ret=0  data=['0x00', '0x00']
14:45:13.397  DEBUG   [client]  -> read  st0cur    
14:45:13.401  DEBUG   [client]  <- read  st0cur     ret=0  data=['0xfe', '0x01', '0x01', '0x02']
14:45:13.593  DEBUG   [client]  -> read  st2mot    
14:45:13.596  DEBUG   [client]  <- read  st2mot     ret=0  data=['0x00', '0x00']
14:45:13.610  DEBUG   [poll]    -> read  st2mot    
14:45:13.613  DEBUG   [poll]    <- read  st2mot     ret=0  data=['0x00', '0x00']
14:45:13.613  DEBUG   [poll]    -> read  st0cur    
14:45:13.617  DEBUG   [poll]    <- read  st0cur     ret=0  data=['0xfe', '0x01', '0x01', '0x02']
14:45:13.793  DEBUG   [client]  -> read  st2mot    
14:45:13.797  DEBUG   [client]  <- read  st2mot     ret=0  data=['0x00', '0x00']
14:45:13.993  DEBUG   [client]  -> read  st2mot    
14:45:13.997  DEBUG   [client]  <- read  st2mot     ret=0  data=['0xaf', '0x00']
14:45:14.193  DEBUG   [client]  -> read  st2mot    
14:45:14.197  DEBUG   [client]  <- read  st2mot     ret=0  data=['0x7e', '0x04']
14:45:14.393  DEBUG   [client]  -> read  st2mot    
14:45:14.397  DEBUG   [client]  <- read  st2mot     ret=0  data=['0x2d', '0x05']
14:45:14.398  DEBUG   [client]  -> read  st0cur    
14:45:14.403  DEBUG   [client]  <- read  st0cur     ret=0  data=['0xf8', '0x01', '0xfa', '0x01']
14:45:14.593  DEBUG   [client]  -> read  st2mot    
14:45:14.597  DEBUG   [client]  <- read  st2mot     ret=0  data=['0xc9', '0x04']
14:45:14.619  DEBUG   [poll]    -> read  st2mot    
14:45:14.622  DEBUG   [poll]    <- read  st2mot     ret=0  data=['0xc9', '0x04']
14:45:14.623  DEBUG   [poll]    -> read  st0cur    
14:45:14.627  DEBUG   [poll]    <- read  st0cur     ret=0  data=['0xf8', '0x01', '0xfa', '0x01']
14:45:14.793  DEBUG   [client]  -> read  st2mot    
14:45:14.797  DEBUG   [client]  <- read  st2mot     ret=0  data=['0x33', '0x04']
14:45:14.993  DEBUG   [client]  -> read  st2mot    
14:45:14.997  DEBUG   [client]  <- read  st2mot     ret=0  data=['0xe8', '0x03']
14:45:15.193  DEBUG   [client]  -> read  st2mot    
14:45:15.197  DEBUG   [client]  <- read  st2mot     ret=0  data=['0xcf', '0x03']
14:45:15.393  DEBUG   [client]  -> read  st2mot    
14:45:15.397  DEBUG   [client]  <- read  st2mot     ret=0  data=['0xe8', '0x03']
14:45:15.398  DEBUG   [client]  -> read  st0cur    
14:45:15.402  DEBUG   [client]  <- read  st0cur     ret=0  data=['0xf5', '0x01', '0xf6', '0x01']
14:45:15.593  DEBUG   [client]  -> read  st2mot    
14:45:15.597  DEBUG   [client]  <- read  st2mot     ret=0  data=['0xe8', '0x03']
14:45:15.629  DEBUG   [poll]    -> read  st2mot    
14:45:15.632  DEBUG   [poll]    <- read  st2mot     ret=0  data=['0xe8', '0x03']
14:45:15.633  DEBUG   [poll]    -> read  st0cur    
14:45:15.637  DEBUG   [poll]    <- read  st0cur     ret=0  data=['0xf5', '0x01', '0xf6', '0x01']
14:45:15.793  DEBUG   [client]  -> read  st2mot    
14:45:15.797  DEBUG   [client]  <- read  st2mot     ret=0  data=['0xe8', '0x03']
14:45:15.993  DEBUG   [client]  -> read  st2mot    
14:45:15.997  DEBUG   [client]  <- read  st2mot     ret=0  data=['0xcf', '0x03']
14:45:16.193  DEBUG   [client]  -> read  st2mot    
14:45:16.197  DEBUG   [client]  <- read  st2mot     ret=0  data=['0x01', '0x04']
14:45:16.393  DEBUG   [client]  -> read  st2mot    
14:45:16.397  DEBUG   [client]  <- read  st2mot     ret=0  data=['0x01', '0x04']
14:45:16.398  DEBUG   [client]  -> read  st0cur    
14:45:16.402  DEBUG   [client]  <- read  st0cur     ret=0  data=['0xf5', '0x01', '0xf8', '0x01']
14:45:16.593  DEBUG   [client]  -> read  st2mot    
14:45:16.597  DEBUG   [client]  <- read  st2mot     ret=0  data=['0xe8', '0x03']
14:45:16.639  DEBUG   [poll]    -> read  st2mot    
14:45:16.642  DEBUG   [poll]    <- read  st2mot     ret=0  data=['0xe8', '0x03']
14:45:16.642  DEBUG   [poll]    -> read  st0cur    
14:45:16.647  DEBUG   [poll]    <- read  st0cur     ret=0  data=['0xf5', '0x01', '0xf8', '0x01']
14:45:16.793  DEBUG   [client]  -> read  st2mot    
14:45:16.796  DEBUG   [client]  <- read  st2mot     ret=0  data=['0xe8', '0x03']
14:45:16.993  DEBUG   [client]  -> read  st2mot    
14:45:16.997  DEBUG   [client]  <- read  st2mot     ret=0  data=['0xe8', '0x03']
14:45:17.193  DEBUG   [client]  -> read  st2mot    
14:45:17.197  DEBUG   [client]  <- read  st2mot     ret=0  data=['0xe8', '0x03']
14:45:17.394  DEBUG   [client]  -> read  st2mot    
14:45:17.397  DEBUG   [client]  <- read  st2mot     ret=0  data=['0x01', '0x04']
14:45:17.399  DEBUG   [client]  -> read  st0cur    
14:45:17.403  DEBUG   [client]  <- read  st0cur     ret=0  data=['0xf7', '0x01', '0xf7', '0x01']
14:45:17.594  DEBUG   [client]  -> read  st2mot    
14:45:17.600  DEBUG   [client]  <- read  st2mot     ret=0  data=['0xe8', '0x03']
14:45:17.648  DEBUG   [poll]    -> read  st2mot    
14:45:17.652  DEBUG   [poll]    <- read  st2mot     ret=0  data=['0xcf', '0x03']
14:45:17.652  DEBUG   [poll]    -> read  st0cur    
14:45:17.656  DEBUG   [poll]    <- read  st0cur     ret=0  data=['0xf7', '0x01', '0xf7', '0x01']
14:45:17.793  DEBUG   [client]  -> read  st2mot    
14:45:17.797  DEBUG   [client]  <- read  st2mot     ret=0  data=['0x01', '0x04']
14:45:17.993  DEBUG   [client]  -> read  st2mot    
14:45:17.997  DEBUG   [client]  <- read  st2mot     ret=0  data=['0xe8', '0x03']
14:45:18.193  DEBUG   [client]  -> read  st2mot    
14:45:18.197  DEBUG   [client]  <- read  st2mot     ret=0  data=['0xe8', '0x03']
14:45:18.393  DEBUG   [client]  -> read  st2mot    
14:45:18.397  DEBUG   [client]  <- read  st2mot     ret=0  data=['0xe8', '0x03']
14:45:18.398  DEBUG   [client]  -> read  st0cur    
14:45:18.403  DEBUG   [client]  <- read  st0cur     ret=0  data=['0xf7', '0x01', '0xf8', '0x01']
14:45:18.593  DEBUG   [client]  -> read  st2mot    
14:45:18.596  DEBUG   [client]  <- read  st2mot     ret=0  data=['0xe8', '0x03']
14:45:18.658  DEBUG   [poll]    -> read  st2mot    
14:45:18.661  DEBUG   [poll]    <- read  st2mot     ret=0  data=['0xe8', '0x03']
14:45:18.661  DEBUG   [poll]    -> read  st0cur    
14:45:18.665  DEBUG   [poll]    <- read  st0cur     ret=0  data=['0xf7', '0x01', '0xf8', '0x01']
14:45:18.793  DEBUG   [client]  -> read  st2mot    
14:45:18.796  DEBUG   [client]  <- read  st2mot     ret=0  data=['0xcf', '0x03']
14:45:18.993  DEBUG   [client]  -> read  st2mot    
14:45:18.997  DEBUG   [client]  <- read  st2mot     ret=0  data=['0x01', '0x04']
14:45:19.193  DEBUG   [client]  -> read  st2mot    
14:45:19.197  DEBUG   [client]  <- read  st2mot     ret=0  data=['0xe8', '0x03']
14:45:19.393  DEBUG   [client]  -> read  st2mot    
14:45:19.397  DEBUG   [client]  <- read  st2mot     ret=0  data=['0xe8', '0x03']
14:45:19.398  DEBUG   [client]  -> read  st0cur    
14:45:19.403  DEBUG   [client]  <- read  st0cur     ret=0  data=['0xf6', '0x01', '0xf9', '0x01']
14:45:19.593  DEBUG   [client]  -> read  st2mot    
14:45:19.597  DEBUG   [client]  <- read  st2mot     ret=0  data=['0xe8', '0x03']
14:45:19.667  DEBUG   [poll]    -> read  st2mot    
14:45:19.670  DEBUG   [poll]    <- read  st2mot     ret=0  data=['0x01', '0x04']
14:45:19.671  DEBUG   [poll]    -> read  st0cur    
14:45:19.675  DEBUG   [poll]    <- read  st0cur     ret=0  data=['0xf6', '0x01', '0xf9', '0x01']
14:45:19.793  DEBUG   [client]  -> read  st2mot    
14:45:19.796  DEBUG   [client]  <- read  st2mot     ret=0  data=['0xcf', '0x03']
14:45:19.993  DEBUG   [client]  -> read  st2mot    
14:45:19.997  DEBUG   [client]  <- read  st2mot     ret=0  data=['0xe8', '0x03']
14:45:20.193  DEBUG   [client]  -> read  st2mot    
14:45:20.197  DEBUG   [client]  <- read  st2mot     ret=0  data=['0xe8', '0x03']
14:45:20.198  DEBUG   [client]  -> write cntl3mot   data=['0x03', '0x20']
14:45:20.454  DEBUG   [client]  -> write cntl3mot   data=['0x02', '0x58']
14:45:20.677  DEBUG   [poll]    -> read  st2mot    
14:45:20.680  DEBUG   [poll]    <- read  st2mot     ret=0  data=['0x8a', '0x02']
14:45:20.680  DEBUG   [poll]    -> read  st0cur    
14:45:20.685  DEBUG   [poll]    <- read  st0cur     ret=0  data=['0xf7', '0x01', '0xf6', '0x01']
14:45:20.710  DEBUG   [client]  -> write cntl3mot   data=['0x01', '0x90']
14:45:20.965  DEBUG   [client]  -> write cntl3mot   data=['0x00', '0xc8']
14:45:21.221  DEBUG   [client]  -> write cntl3mot   data=['0x00', '0x00']
14:45:21.225  WARNING client disconnected — stopping motor
14:45:21.226  DEBUG   [client]  -> write cntl3mot   data=['0x00', '0x00']
14:45:21.230  INFO    client disconnected
14:45:21.686  DEBUG   [poll]    -> read  st2mot    
14:45:21.689  DEBUG   [poll]    <- read  st2mot     ret=0  data=['0x00', '0x00']
14:45:21.690  DEBUG   [poll]    -> read  st0cur    
14:45:21.693  DEBUG   [poll]    <- read  st0cur     ret=0  data=['0xf9', '0x01', '0xfa', '0x01']
14:45:21.694  WARNING *** OBSERVED STALL SIGNATURE (not acted on yet) — current=-0.34A while rpm=0 ***
14:45:21.754  INFO    client connected
14:45:21.755  DEBUG   [client]  -> read  st3mot    
14:45:21.758  DEBUG   [client]  <- read  st3mot     ret=0  data=['0x01', '0x00', '0x01', '0x0d']
14:45:21.759  WARNING client disconnected — stopping motor
14:45:21.759  DEBUG   [client]  -> write cntl3mot   data=['0x00', '0x00']
14:45:21.763  INFO    client disconnected
14:45:22.695  DEBUG   [poll]    -> read  st2mot    
14:45:22.699  DEBUG   [poll]    <- read  st2mot     ret=0  data=['0x00', '0x00']
14:45:22.700  DEBUG   [poll]    -> read  st0cur    
14:45:22.704  DEBUG   [poll]    <- read  st0cur     ret=0  data=['0xfe', '0x01', '0x01', '0x02']
14:45:23.705  DEBUG   [poll]    -> read  st2mot    
14:45:23.709  DEBUG   [poll]    <- read  st2mot     ret=0  data=['0x00', '0x00']
14:45:23.709  DEBUG   [poll]    -> read  st0cur    
14:45:23.713  DEBUG   [poll]    <- read  st0cur     ret=0  data=['0xfe', '0x01', '0x01', '0x02']
14:45:24.715  DEBUG   [poll]    -> read  st2mot    
14:45:24.718  DEBUG   [poll]    <- read  st2mot     ret=0  data=['0x00', '0x00']
14:45:24.719  DEBUG   [poll]    -> read  st0cur    
14:45:24.723  DEBUG   [poll]    <- read  st0cur     ret=0  data=['0xfe', '0x01', '0x01', '0x02']
14:45:25.724  DEBUG   [poll]    -> read  st2mot    
14:45:25.728  DEBUG   [poll]    <- read  st2mot     ret=0  data=['0x00', '0x00']
14:45:25.728  DEBUG   [poll]    -> read  st0cur    
14:45:25.732  DEBUG   [poll]    <- read  st0cur     ret=0  data=['0xfe', '0x01', '0x01', '0x02']
14:45:26.734  DEBUG   [poll]    -> read  st2mot    
14:45:26.737  DEBUG   [poll]    <- read  st2mot     ret=0  data=['0x00', '0x00']
14:45:26.737  DEBUG   [poll]    -> read  st0cur    
14:45:26.742  DEBUG   [poll]    <- read  st0cur     ret=0  data=['0xfe', '0x01', '0x01', '0x02']
14:45:27.743  DEBUG   [poll]    -> read  st2mot    
14:45:27.750  DEBUG   [poll]    <- read  st2mot     ret=0  data=['0x00', '0x00']
14:45:27.751  DEBUG   [poll]    -> read  st0cur    
14:45:27.755  DEBUG   [poll]    <- read  st0cur     ret=0  data=['0xfe', '0x01', '0x01', '0x02']
14:45:28.757  DEBUG   [poll]    -> read  st2mot    
14:45:28.760  DEBUG   [poll]    <- read  st2mot     ret=0  data=['0x00', '0x00']
14:45:28.760  DEBUG   [poll]    -> read  st0cur    
14:45:28.764  DEBUG   [poll]    <- read  st0cur     ret=0  data=['0xfe', '0x01', '0x01', '0x02']
14:45:28.940  INFO    client connected
14:45:28.941  DEBUG   [client]  -> read  st3mot    
14:45:28.945  DEBUG   [client]  <- read  st3mot     ret=0  data=['0x01', '0x00', '0x01', '0x0d']
14:45:28.945  WARNING client disconnected — stopping motor
14:45:28.945  DEBUG   [client]  -> write cntl3mot   data=['0x00', '0x00']
14:45:28.949  INFO    client disconnected
14:45:29.766  DEBUG   [poll]    -> read  st2mot    
14:45:29.769  DEBUG   [poll]    <- read  st2mot     ret=0  data=['0x00', '0x00']
14:45:29.770  DEBUG   [poll]    -> read  st0cur    
14:45:29.774  DEBUG   [poll]    <- read  st0cur     ret=0  data=['0xfe', '0x01', '0x01', '0x02']
14:45:30.775  DEBUG   [poll]    -> read  st2mot    
14:45:30.779  DEBUG   [poll]    <- read  st2mot     ret=0  data=['0x00', '0x00']
14:45:30.779  DEBUG   [poll]    -> read  st0cur    
14:45:30.783  DEBUG   [poll]    <- read  st0cur     ret=0  data=['0xfe', '0x01', '0x01', '0x02']
14:45:31.724  INFO    client connected
14:45:31.725  DEBUG   [client]  -> write cntl0mot   data=['0xf6', '0xfc']
14:45:31.728  DEBUG   [client]  -> write cntl3mot   data=['0x00', '0x00']
14:45:31.732  DEBUG   [client]  -> write cntl3mot   data=['0x03', '0xe8']
14:45:31.736  DEBUG   [client]  -> read  st2mot    
14:45:31.739  DEBUG   [client]  <- read  st2mot     ret=0  data=['0x00', '0x00']
14:45:31.740  DEBUG   [client]  -> read  st0cur    
14:45:31.744  DEBUG   [client]  <- read  st0cur     ret=0  data=['0xfd', '0x01', '0x02', '0x02']
14:45:31.785  DEBUG   [poll]    -> read  st2mot    
14:45:31.788  DEBUG   [poll]    <- read  st2mot     ret=0  data=['0x00', '0x00']
14:45:31.788  DEBUG   [poll]    -> read  st0cur    
14:45:31.792  DEBUG   [poll]    <- read  st0cur     ret=0  data=['0xfd', '0x01', '0x02', '0x02']
14:45:31.936  DEBUG   [client]  -> read  st2mot    
14:45:31.939  DEBUG   [client]  <- read  st2mot     ret=0  data=['0x00', '0x00']
14:45:32.136  DEBUG   [client]  -> read  st2mot    
14:45:32.139  DEBUG   [client]  <- read  st2mot     ret=0  data=['0x00', '0x00']
14:45:32.336  DEBUG   [client]  -> read  st2mot    
14:45:32.339  DEBUG   [client]  <- read  st2mot     ret=0  data=['0x71', '0x02']
14:45:32.536  DEBUG   [client]  -> read  st2mot    
14:45:32.540  DEBUG   [client]  <- read  st2mot     ret=0  data=['0xfb', '0x04']
14:45:32.736  DEBUG   [client]  -> read  st2mot    
14:45:32.740  DEBUG   [client]  <- read  st2mot     ret=0  data=['0x14', '0x05']
14:45:32.741  DEBUG   [client]  -> read  st0cur    
14:45:32.746  DEBUG   [client]  <- read  st0cur     ret=0  data=['0xfc', '0x01', '0x00', '0x02']
14:45:32.793  DEBUG   [poll]    -> read  st2mot    
14:45:32.797  DEBUG   [poll]    <- read  st2mot     ret=0  data=['0x14', '0x05']
14:45:32.797  DEBUG   [poll]    -> read  st0cur    
14:45:32.801  DEBUG   [poll]    <- read  st0cur     ret=0  data=['0xfc', '0x01', '0x00', '0x02']
14:45:32.936  DEBUG   [client]  -> read  st2mot    
14:45:32.939  DEBUG   [client]  <- read  st2mot     ret=0  data=['0x97', '0x04']
14:45:33.136  DEBUG   [client]  -> read  st2mot    
14:45:33.140  DEBUG   [client]  <- read  st2mot     ret=0  data=['0x01', '0x04']
14:45:33.336  DEBUG   [client]  -> read  st2mot    
14:45:33.340  DEBUG   [client]  <- read  st2mot     ret=0  data=['0xcf', '0x03']
14:45:33.536  DEBUG   [client]  -> read  st2mot    
14:45:33.540  DEBUG   [client]  <- read  st2mot     ret=0  data=['0xb6', '0x03']
14:45:33.736  DEBUG   [client]  -> read  st2mot    
14:45:33.740  DEBUG   [client]  <- read  st2mot     ret=0  data=['0xe8', '0x03']
14:45:33.741  DEBUG   [client]  -> read  st0cur    
14:45:33.746  DEBUG   [client]  <- read  st0cur     ret=0  data=['0xf5', '0x01', '0xf6', '0x01']
14:45:33.803  DEBUG   [poll]    -> read  st2mot    
14:45:33.806  DEBUG   [poll]    <- read  st2mot     ret=0  data=['0xcf', '0x03']
14:45:33.807  DEBUG   [poll]    -> read  st0cur    
14:45:33.811  DEBUG   [poll]    <- read  st0cur     ret=0  data=['0xf5', '0x01', '0xf6', '0x01']
14:45:33.936  DEBUG   [client]  -> read  st2mot    
14:45:33.940  DEBUG   [client]  <- read  st2mot     ret=0  data=['0xe8', '0x03']
14:45:34.136  DEBUG   [client]  -> read  st2mot    
14:45:34.140  DEBUG   [client]  <- read  st2mot     ret=0  data=['0xe8', '0x03']
14:45:34.336  DEBUG   [client]  -> read  st2mot    
14:45:34.340  DEBUG   [client]  <- read  st2mot     ret=0  data=['0xe8', '0x03']
14:45:34.536  DEBUG   [client]  -> read  st2mot    
14:45:34.540  DEBUG   [client]  <- read  st2mot     ret=0  data=['0xe8', '0x03']
14:45:34.736  DEBUG   [client]  -> read  st2mot    
14:45:34.740  DEBUG   [client]  <- read  st2mot     ret=0  data=['0xe8', '0x03']
14:45:34.741  DEBUG   [client]  -> read  st0cur    
14:45:34.746  DEBUG   [client]  <- read  st0cur     ret=0  data=['0xf7', '0x01', '0xf6', '0x01']
14:45:34.813  DEBUG   [poll]    -> read  st2mot    
14:45:34.816  DEBUG   [poll]    <- read  st2mot     ret=0  data=['0x01', '0x04']
14:45:34.816  DEBUG   [poll]    -> read  st0cur    
14:45:34.821  DEBUG   [poll]    <- read  st0cur     ret=0  data=['0xf7', '0x01', '0xf6', '0x01']
14:45:34.936  DEBUG   [client]  -> read  st2mot    
14:45:34.940  DEBUG   [client]  <- read  st2mot     ret=0  data=['0xe8', '0x03']
14:45:35.136  DEBUG   [client]  -> read  st2mot    
14:45:35.140  DEBUG   [client]  <- read  st2mot     ret=0  data=['0xe8', '0x03']
14:45:35.336  DEBUG   [client]  -> read  st2mot    
14:45:35.340  DEBUG   [client]  <- read  st2mot     ret=0  data=['0xe8', '0x03']
14:45:35.536  DEBUG   [client]  -> read  st2mot    
14:45:35.540  DEBUG   [client]  <- read  st2mot     ret=0  data=['0xe8', '0x03']
14:45:35.736  DEBUG   [client]  -> read  st2mot    
14:45:35.740  DEBUG   [client]  <- read  st2mot     ret=0  data=['0xe8', '0x03']
14:45:35.741  DEBUG   [client]  -> read  st0cur    
14:45:35.746  DEBUG   [client]  <- read  st0cur     ret=0  data=['0xf6', '0x01', '0xf6', '0x01']
14:45:35.822  DEBUG   [poll]    -> read  st2mot    
14:45:35.826  DEBUG   [poll]    <- read  st2mot     ret=0  data=['0xe8', '0x03']
14:45:35.826  DEBUG   [poll]    -> read  st0cur    
14:45:35.830  DEBUG   [poll]    <- read  st0cur     ret=0  data=['0xf6', '0x01', '0xf6', '0x01']
14:45:35.936  DEBUG   [client]  -> read  st2mot    
14:45:35.940  DEBUG   [client]  <- read  st2mot     ret=0  data=['0xe8', '0x03']
14:45:36.136  DEBUG   [client]  -> read  st2mot    
14:45:36.140  DEBUG   [client]  <- read  st2mot     ret=0  data=['0xe8', '0x03']
14:45:36.336  DEBUG   [client]  -> read  st2mot    
14:45:36.340  DEBUG   [client]  <- read  st2mot     ret=0  data=['0xe8', '0x03']
14:45:36.536  DEBUG   [client]  -> read  st2mot    
14:45:36.540  DEBUG   [client]  <- read  st2mot     ret=0  data=['0xe8', '0x03']
14:45:36.736  DEBUG   [client]  -> read  st2mot    
14:45:36.740  DEBUG   [client]  <- read  st2mot     ret=0  data=['0x01', '0x04']
14:45:36.742  DEBUG   [client]  -> read  st0cur    
14:45:36.746  DEBUG   [client]  <- read  st0cur     ret=0  data=['0xf6', '0x01', '0xf8', '0x01']
14:45:36.832  DEBUG   [poll]    -> read  st2mot    
14:45:36.835  DEBUG   [poll]    <- read  st2mot     ret=0  data=['0xcf', '0x03']
14:45:36.835  DEBUG   [poll]    -> read  st0cur    
14:45:36.839  DEBUG   [poll]    <- read  st0cur     ret=0  data=['0xf6', '0x01', '0xf8', '0x01']
14:45:36.936  DEBUG   [client]  -> read  st2mot    
14:45:36.940  DEBUG   [client]  <- read  st2mot     ret=0  data=['0xe8', '0x03']
14:45:37.136  DEBUG   [client]  -> read  st2mot    
14:45:37.140  DEBUG   [client]  <- read  st2mot     ret=0  data=['0xe8', '0x03']
14:45:37.336  DEBUG   [client]  -> read  st2mot    
14:45:37.340  DEBUG   [client]  <- read  st2mot     ret=0  data=['0xe8', '0x03']
14:45:37.536  DEBUG   [client]  -> read  st2mot    
14:45:37.540  DEBUG   [client]  <- read  st2mot     ret=0  data=['0xe8', '0x03']
14:45:37.736  DEBUG   [client]  -> read  st2mot    
14:45:37.740  DEBUG   [client]  <- read  st2mot     ret=0  data=['0x01', '0x04']
14:45:37.742  DEBUG   [client]  -> read  st0cur    
14:45:37.746  DEBUG   [client]  <- read  st0cur     ret=0  data=['0xf6', '0x01', '0xf7', '0x01']
14:45:37.841  DEBUG   [poll]    -> read  st2mot    
14:45:37.844  DEBUG   [poll]    <- read  st2mot     ret=0  data=['0xe8', '0x03']
14:45:37.845  DEBUG   [poll]    -> read  st0cur    
14:45:37.849  DEBUG   [poll]    <- read  st0cur     ret=0  data=['0xf6', '0x01', '0xf7', '0x01']
14:45:37.936  DEBUG   [client]  -> read  st2mot    
14:45:37.940  DEBUG   [client]  <- read  st2mot     ret=0  data=['0xe8', '0x03']
14:45:38.136  DEBUG   [client]  -> read  st2mot    
14:45:38.140  DEBUG   [client]  <- read  st2mot     ret=0  data=['0xe8', '0x03']
14:45:38.336  DEBUG   [client]  -> read  st2mot    
14:45:38.340  DEBUG   [client]  <- read  st2mot     ret=0  data=['0xe8', '0x03']
14:45:38.536  DEBUG   [client]  -> read  st2mot    
14:45:38.540  DEBUG   [client]  <- read  st2mot     ret=0  data=['0x01', '0x04']
14:45:38.542  DEBUG   [client]  -> write cntl3mot   data=['0x03', '0x20']
14:45:38.797  DEBUG   [client]  -> write cntl3mot   data=['0x02', '0x58']
14:45:38.850  DEBUG   [poll]    -> read  st2mot    
14:45:38.854  DEBUG   [poll]    <- read  st2mot     ret=0  data=['0x39', '0x03']
14:45:38.854  DEBUG   [poll]    -> read  st0cur    
14:45:38.858  DEBUG   [poll]    <- read  st0cur     ret=0  data=['0xf5', '0x01', '0xf7', '0x01']
14:45:39.053  DEBUG   [client]  -> write cntl3mot   data=['0x01', '0x90']
14:45:39.309  DEBUG   [client]  -> write cntl3mot   data=['0x00', '0xc8']
14:45:39.564  DEBUG   [client]  -> write cntl3mot   data=['0x00', '0x00']
14:45:39.569  WARNING client disconnected — stopping motor
14:45:39.570  DEBUG   [client]  -> write cntl3mot   data=['0x00', '0x00']
14:45:39.574  INFO    client disconnected
14:45:39.860  DEBUG   [poll]    -> read  st2mot    
14:45:39.863  DEBUG   [poll]    <- read  st2mot     ret=0  data=['0x00', '0x00']
14:45:39.863  DEBUG   [poll]    -> read  st0cur    
14:45:39.867  DEBUG   [poll]    <- read  st0cur     ret=0  data=['0xf6', '0x01', '0xfa', '0x01']
14:45:39.868  WARNING *** OBSERVED STALL SIGNATURE (not acted on yet) — current=-0.49A while rpm=0 ***
14:45:40.009  INFO    client connected
14:45:40.010  DEBUG   [client]  -> read  st3mot    
14:45:40.014  DEBUG   [client]  <- read  st3mot     ret=0  data=['0x01', '0x00', '0x01', '0x0e']
14:45:40.014  WARNING client disconnected — stopping motor
14:45:40.014  DEBUG   [client]  -> write cntl3mot   data=['0x00', '0x00']
14:45:40.018  INFO    client disconnected
14:45:40.869  DEBUG   [poll]    -> read  st2mot    
14:45:40.872  DEBUG   [poll]    <- read  st2mot     ret=0  data=['0x00', '0x00']
14:45:40.873  DEBUG   [poll]    -> read  st0cur    
14:45:40.877  DEBUG   [poll]    <- read  st0cur     ret=0  data=['0xfd', '0x01', '0xff', '0x01']
14:45:41.879  DEBUG   [poll]    -> read  st2mot    
14:45:41.882  DEBUG   [poll]    <- read  st2mot     ret=0  data=['0x00', '0x00']
14:45:41.883  DEBUG   [poll]    -> read  st0cur    
14:45:41.887  DEBUG   [poll]    <- read  st0cur     ret=0  data=['0xfe', '0x01', '0x01', '0x02']
14:45:42.888  DEBUG   [poll]    -> read  st2mot    
14:45:42.896  DEBUG   [poll]    <- read  st2mot     ret=0  data=['0x00', '0x00']
14:45:42.896  DEBUG   [poll]    -> read  st0cur    
14:45:42.900  DEBUG   [poll]    <- read  st0cur     ret=0  data=['0xfe', '0x01', '0x01', '0x02']
14:45:43.902  DEBUG   [poll]    -> read  st2mot    
14:45:43.905  DEBUG   [poll]    <- read  st2mot     ret=0  data=['0x00', '0x00']
14:45:43.906  DEBUG   [poll]    -> read  st0cur    
14:45:43.910  DEBUG   [poll]    <- read  st0cur     ret=0  data=['0xfe', '0x01', '0x01', '0x02']
14:45:44.911  DEBUG   [poll]    -> read  st2mot    
14:45:44.915  DEBUG   [poll]    <- read  st2mot     ret=0  data=['0x00', '0x00']
14:45:44.915  DEBUG   [poll]    -> read  st0cur    
14:45:44.919  DEBUG   [poll]    <- read  st0cur     ret=0  data=['0xfe', '0x01', '0x01', '0x02']
14:45:45.921  DEBUG   [poll]    -> read  st2mot    
14:45:45.924  DEBUG   [poll]    <- read  st2mot     ret=0  data=['0x00', '0x00']
14:45:45.925  DEBUG   [poll]    -> read  st0cur    
14:45:45.929  DEBUG   [poll]    <- read  st0cur     ret=0  data=['0xfe', '0x01', '0x01', '0x02']
14:45:46.930  DEBUG   [poll]    -> read  st2mot    
14:45:46.934  DEBUG   [poll]    <- read  st2mot     ret=0  data=['0x00', '0x00']
14:45:46.934  DEBUG   [poll]    -> read  st0cur    
14:45:46.938  DEBUG   [poll]    <- read  st0cur     ret=0  data=['0xfe', '0x01', '0x01', '0x02']
14:45:47.146  INFO    client connected
14:45:47.146  DEBUG   [client]  -> read  st3mot    
14:45:47.150  DEBUG   [client]  <- read  st3mot     ret=0  data=['0x01', '0x00', '0x01', '0x0e']
14:45:47.150  WARNING client disconnected — stopping motor
14:45:47.151  DEBUG   [client]  -> write cntl3mot   data=['0x00', '0x00']
14:45:47.155  INFO    client disconnected
14:45:47.591  INFO    client connected
14:45:47.591  DEBUG   [client]  -> write cntl0mot   data=['0xf6', '0xfe']
14:45:47.595  DEBUG   [client]  -> write cntl3mot   data=['0x00', '0x00']
14:45:47.598  DEBUG   [client]  -> write cntl3mot   data=['0x03', '0xe8']
14:45:47.604  DEBUG   [client]  -> read  st2mot    
14:45:47.607  DEBUG   [client]  <- read  st2mot     ret=0  data=['0x00', '0x00']
14:45:47.608  DEBUG   [client]  -> read  st0cur    
14:45:47.612  DEBUG   [client]  <- read  st0cur     ret=0  data=['0xfe', '0x01', '0x01', '0x02']
14:45:47.805  DEBUG   [client]  -> read  st2mot    
14:45:47.808  DEBUG   [client]  <- read  st2mot     ret=0  data=['0x00', '0x00']
14:45:47.939  DEBUG   [poll]    -> read  st2mot    
14:45:47.948  DEBUG   [poll]    <- read  st2mot     ret=0  data=['0x00', '0x00']
14:45:47.948  DEBUG   [poll]    -> read  st0cur    
14:45:47.953  DEBUG   [poll]    <- read  st0cur     ret=0  data=['0xfe', '0x01', '0x01', '0x02']
14:45:48.005  DEBUG   [client]  -> read  st2mot    
14:45:48.008  DEBUG   [client]  <- read  st2mot     ret=0  data=['0x00', '0x00']
14:45:48.205  DEBUG   [client]  -> read  st2mot    
14:45:48.208  DEBUG   [client]  <- read  st2mot     ret=0  data=['0x00', '0x00']
14:45:48.405  DEBUG   [client]  -> read  st2mot    
14:45:48.408  DEBUG   [client]  <- read  st2mot     ret=0  data=['0x00', '0x00']
14:45:48.605  DEBUG   [client]  -> read  st2mot    
14:45:48.608  DEBUG   [client]  <- read  st2mot     ret=0  data=['0x00', '0x00']
14:45:48.610  DEBUG   [client]  -> read  st0cur    
14:45:48.614  DEBUG   [client]  <- read  st0cur     ret=0  data=['0xf9', '0x01', '0xfd', '0x01']
14:45:48.805  DEBUG   [client]  -> read  st2mot    
14:45:48.808  DEBUG   [client]  <- read  st2mot     ret=0  data=['0x00', '0x00']
14:45:48.954  DEBUG   [poll]    -> read  st2mot    
14:45:48.958  DEBUG   [poll]    <- read  st2mot     ret=0  data=['0x00', '0x00']
14:45:48.958  DEBUG   [poll]    -> read  st0cur    
14:45:48.962  DEBUG   [poll]    <- read  st0cur     ret=0  data=['0xf9', '0x01', '0xfd', '0x01']
14:45:48.962  WARNING *** OBSERVED STALL SIGNATURE (not acted on yet) — current=-0.34A while rpm=0 ***
14:45:49.005  DEBUG   [client]  -> read  st2mot    
14:45:49.008  DEBUG   [client]  <- read  st2mot     ret=0  data=['0x00', '0x00']
14:45:49.205  DEBUG   [client]  -> read  st2mot    
14:45:49.208  DEBUG   [client]  <- read  st2mot     ret=0  data=['0x00', '0x00']
14:45:49.405  DEBUG   [client]  -> read  st2mot    
14:45:49.408  DEBUG   [client]  <- read  st2mot     ret=0  data=['0x1a', '0x04']
14:45:49.605  DEBUG   [client]  -> read  st2mot    
14:45:49.608  DEBUG   [client]  <- read  st2mot     ret=0  data=['0xa5', '0x0a']
14:45:49.610  DEBUG   [client]  -> read  st0cur    
14:45:49.614  DEBUG   [client]  <- read  st0cur     ret=0  data=['0xd1', '0x01', '0xd0', '0x01']
14:45:49.805  DEBUG   [client]  -> read  st2mot    
14:45:49.808  DEBUG   [client]  <- read  st2mot     ret=0  data=['0xf6', '0x09']
14:45:49.964  DEBUG   [poll]    -> read  st2mot    
14:45:49.968  DEBUG   [poll]    <- read  st2mot     ret=0  data=['0xb1', '0x08']
14:45:49.968  DEBUG   [poll]    -> read  st0cur    
14:45:49.972  DEBUG   [poll]    <- read  st0cur     ret=0  data=['0xd1', '0x01', '0xd0', '0x01']
14:45:50.005  DEBUG   [client]  -> read  st2mot    
14:45:50.008  DEBUG   [client]  <- read  st2mot     ret=0  data=['0xb1', '0x08']
14:45:50.205  DEBUG   [client]  -> read  st2mot    
14:45:50.208  DEBUG   [client]  <- read  st2mot     ret=0  data=['0xef', '0x06']
14:45:50.405  DEBUG   [client]  -> read  st2mot    
14:45:50.408  DEBUG   [client]  <- read  st2mot     ret=0  data=['0x46', '0x05']
14:45:50.605  DEBUG   [client]  -> read  st2mot    
14:45:50.608  DEBUG   [client]  <- read  st2mot     ret=0  data=['0x1a', '0x04']
14:45:50.610  DEBUG   [client]  -> read  st0cur    
14:45:50.614  DEBUG   [client]  <- read  st0cur     ret=0  data=['0xe8', '0x01', '0xed', '0x01']
14:45:50.805  DEBUG   [client]  -> read  st2mot    
14:45:50.808  DEBUG   [client]  <- read  st2mot     ret=0  data=['0xb6', '0x03']
14:45:50.974  DEBUG   [poll]    -> read  st2mot    
14:45:50.977  DEBUG   [poll]    <- read  st2mot     ret=0  data=['0xb6', '0x03']
14:45:50.977  DEBUG   [poll]    -> read  st0cur    
14:45:50.982  DEBUG   [poll]    <- read  st0cur     ret=0  data=['0xe8', '0x01', '0xed', '0x01']
14:45:51.005  DEBUG   [client]  -> read  st2mot    
14:45:51.008  DEBUG   [client]  <- read  st2mot     ret=0  data=['0xb6', '0x03']
14:45:51.205  DEBUG   [client]  -> read  st2mot    
14:45:51.208  DEBUG   [client]  <- read  st2mot     ret=0  data=['0xcf', '0x03']
14:45:51.405  DEBUG   [client]  -> read  st2mot    
14:45:51.408  DEBUG   [client]  <- read  st2mot     ret=0  data=['0x01', '0x04']
14:45:51.605  DEBUG   [client]  -> read  st2mot    
14:45:51.608  DEBUG   [client]  <- read  st2mot     ret=0  data=['0xe8', '0x03']
14:45:51.610  DEBUG   [client]  -> read  st0cur    
14:45:51.614  DEBUG   [client]  <- read  st0cur     ret=0  data=['0xf6', '0x01', '0xf6', '0x01']
14:45:51.805  DEBUG   [client]  -> read  st2mot    
14:45:51.808  DEBUG   [client]  <- read  st2mot     ret=0  data=['0xe8', '0x03']
14:45:51.983  DEBUG   [poll]    -> read  st2mot    
14:45:51.987  DEBUG   [poll]    <- read  st2mot     ret=0  data=['0x01', '0x04']
14:45:51.987  DEBUG   [poll]    -> read  st0cur    
14:45:51.991  DEBUG   [poll]    <- read  st0cur     ret=0  data=['0xf6', '0x01', '0xf6', '0x01']
14:45:52.005  DEBUG   [client]  -> read  st2mot    
14:45:52.008  DEBUG   [client]  <- read  st2mot     ret=0  data=['0x01', '0x04']
14:45:52.205  DEBUG   [client]  -> read  st2mot    
14:45:52.208  DEBUG   [client]  <- read  st2mot     ret=0  data=['0xe8', '0x03']
14:45:52.405  DEBUG   [client]  -> read  st2mot    
14:45:52.408  DEBUG   [client]  <- read  st2mot     ret=0  data=['0xe8', '0x03']
14:45:52.605  DEBUG   [client]  -> read  st2mot    
14:45:52.608  DEBUG   [client]  <- read  st2mot     ret=0  data=['0xcf', '0x03']
14:45:52.610  DEBUG   [client]  -> read  st0cur    
14:45:52.614  DEBUG   [client]  <- read  st0cur     ret=0  data=['0xf6', '0x01', '0xf7', '0x01']
14:45:52.805  DEBUG   [client]  -> read  st2mot    
14:45:52.808  DEBUG   [client]  <- read  st2mot     ret=0  data=['0x01', '0x04']
14:45:52.993  DEBUG   [poll]    -> read  st2mot    
14:45:52.996  DEBUG   [poll]    <- read  st2mot     ret=0  data=['0xe8', '0x03']
14:45:52.997  DEBUG   [poll]    -> read  st0cur    
14:45:53.001  DEBUG   [poll]    <- read  st0cur     ret=0  data=['0xf6', '0x01', '0xf7', '0x01']
14:45:53.005  DEBUG   [client]  -> read  st2mot    
14:45:53.008  DEBUG   [client]  <- read  st2mot     ret=0  data=['0xe8', '0x03']
14:45:53.205  DEBUG   [client]  -> read  st2mot    
14:45:53.208  DEBUG   [client]  <- read  st2mot     ret=0  data=['0xe8', '0x03']
14:45:53.405  DEBUG   [client]  -> read  st2mot    
14:45:53.408  DEBUG   [client]  <- read  st2mot     ret=0  data=['0xe8', '0x03']
14:45:53.605  DEBUG   [client]  -> read  st2mot    
14:45:53.608  DEBUG   [client]  <- read  st2mot     ret=0  data=['0xe8', '0x03']
14:45:53.610  DEBUG   [client]  -> read  st0cur    
14:45:53.614  DEBUG   [client]  <- read  st0cur     ret=0  data=['0xf6', '0x01', '0xf7', '0x01']
14:45:53.805  DEBUG   [client]  -> read  st2mot    
14:45:53.808  DEBUG   [client]  <- read  st2mot     ret=0  data=['0xcf', '0x03']
14:45:54.003  DEBUG   [poll]    -> read  st2mot    
14:45:54.006  DEBUG   [poll]    <- read  st2mot     ret=0  data=['0xe8', '0x03']
14:45:54.006  DEBUG   [poll]    -> read  st0cur    
14:45:54.011  DEBUG   [poll]    <- read  st0cur     ret=0  data=['0xf6', '0x01', '0xf7', '0x01']
14:45:54.011  DEBUG   [client]  -> read  st2mot    
14:45:54.014  DEBUG   [client]  <- read  st2mot     ret=0  data=['0xe8', '0x03']
14:45:54.205  DEBUG   [client]  -> read  st2mot    
14:45:54.208  DEBUG   [client]  <- read  st2mot     ret=0  data=['0xe8', '0x03']
14:45:54.405  DEBUG   [client]  -> read  st2mot    
14:45:54.408  DEBUG   [client]  <- read  st2mot     ret=0  data=['0xe8', '0x03']
14:45:54.410  DEBUG   [client]  -> write cntl3mot   data=['0x03', '0x20']
14:45:54.666  DEBUG   [client]  -> write cntl3mot   data=['0x02', '0x58']
14:45:54.921  DEBUG   [client]  -> write cntl3mot   data=['0x01', '0x90']
14:45:55.012  DEBUG   [poll]    -> read  st2mot    
14:45:55.016  DEBUG   [poll]    <- read  st2mot     ret=0  data=['0x58', '0x02']
14:45:55.016  DEBUG   [poll]    -> read  st0cur    
14:45:55.020  DEBUG   [poll]    <- read  st0cur     ret=0  data=['0xf6', '0x01', '0xf8', '0x01']
14:45:55.177  DEBUG   [client]  -> write cntl3mot   data=['0x00', '0xc8']
14:45:55.433  DEBUG   [client]  -> write cntl3mot   data=['0x00', '0x00']
14:45:55.438  WARNING client disconnected — stopping motor
14:45:55.439  DEBUG   [client]  -> write cntl3mot   data=['0x00', '0x00']
14:45:55.443  INFO    client disconnected
14:45:55.886  INFO    client connected
14:45:55.887  DEBUG   [client]  -> read  st3mot    
14:45:55.891  DEBUG   [client]  <- read  st3mot     ret=0  data=['0x01', '0x00', '0x01', '0x03']
14:45:55.891  WARNING client disconnected — stopping motor
14:45:55.891  DEBUG   [client]  -> write cntl3mot   data=['0x00', '0x00']
14:45:55.895  INFO    client disconnected
14:45:56.022  DEBUG   [poll]    -> read  st2mot    
14:45:56.025  DEBUG   [poll]    <- read  st2mot     ret=0  data=['0x00', '0x00']
14:45:56.025  DEBUG   [poll]    -> read  st0cur    
14:45:56.028  DEBUG   [poll]    <- read  st0cur     ret=0  data=['0xf8', '0x01', '0xfa', '0x01']
14:45:56.029  WARNING *** OBSERVED STALL SIGNATURE (not acted on yet) — current=-0.39A while rpm=0 ***
14:45:57.030  DEBUG   [poll]    -> read  st2mot    
14:45:57.034  DEBUG   [poll]    <- read  st2mot     ret=0  data=['0x00', '0x00']
14:45:57.034  DEBUG   [poll]    -> read  st0cur    
14:45:57.038  DEBUG   [poll]    <- read  st0cur     ret=0  data=['0xfd', '0x01', '0x01', '0x02']
14:45:58.040  DEBUG   [poll]    -> read  st2mot    
14:45:58.043  DEBUG   [poll]    <- read  st2mot     ret=0  data=['0x00', '0x00']
14:45:58.044  DEBUG   [poll]    -> read  st0cur    
14:45:58.048  DEBUG   [poll]    <- read  st0cur     ret=0  data=['0xfe', '0x01', '0x01', '0x02']
14:45:59.049  DEBUG   [poll]    -> read  st2mot    
14:45:59.053  DEBUG   [poll]    <- read  st2mot     ret=0  data=['0x00', '0x00']
14:45:59.053  DEBUG   [poll]    -> read  st0cur    
14:45:59.057  DEBUG   [poll]    <- read  st0cur     ret=0  data=['0xfe', '0x01', '0x02', '0x02']
14:46:00.059  DEBUG   [poll]    -> read  st2mot    
14:46:00.062  DEBUG   [poll]    <- read  st2mot     ret=0  data=['0x00', '0x00']
14:46:00.062  DEBUG   [poll]    -> read  st0cur    
14:46:00.066  DEBUG   [poll]    <- read  st0cur     ret=0  data=['0xfe', '0x01', '0x01', '0x02']
14:46:01.067  DEBUG   [poll]    -> read  st2mot    
14:46:01.070  DEBUG   [poll]    <- read  st2mot     ret=0  data=['0x00', '0x00']
14:46:01.071  DEBUG   [poll]    -> read  st0cur    
14:46:01.075  DEBUG   [poll]    <- read  st0cur     ret=0  data=['0xfe', '0x01', '0x01', '0x02']
14:46:02.076  DEBUG   [poll]    -> read  st2mot    
14:46:02.080  DEBUG   [poll]    <- read  st2mot     ret=0  data=['0x00', '0x00']
14:46:02.080  DEBUG   [poll]    -> read  st0cur    
14:46:02.084  DEBUG   [poll]    <- read  st0cur     ret=0  data=['0xfe', '0x01', '0x01', '0x02']
14:46:03.086  DEBUG   [poll]    -> read  st2mot    
14:46:03.093  DEBUG   [poll]    <- read  st2mot     ret=0  data=['0x00', '0x00']
14:46:03.093  DEBUG   [poll]    -> read  st0cur    
14:46:03.098  DEBUG   [poll]    <- read  st0cur     ret=0  data=['0xfe', '0x01', '0x02', '0x02']
14:46:04.099  DEBUG   [poll]    -> read  st2mot    
14:46:04.102  DEBUG   [poll]    <- read  st2mot     ret=0  data=['0x00', '0x00']
14:46:04.102  DEBUG   [poll]    -> read  st0cur    
14:46:04.106  DEBUG   [poll]    <- read  st0cur     ret=0  data=['0xfe', '0x01', '0x01', '0x02']
14:46:04.165  INFO    client connected
14:46:04.165  DEBUG   [client]  -> read  st3mot    
14:46:04.169  DEBUG   [client]  <- read  st3mot     ret=0  data=['0x01', '0x00', '0x01', '0x03']
14:46:04.169  WARNING client disconnected — stopping motor
14:46:04.170  DEBUG   [client]  -> write cntl3mot   data=['0x00', '0x00']
14:46:04.174  INFO    client disconnected
14:46:04.624  INFO    client connected
14:46:04.625  DEBUG   [client]  -> write cntl0mot   data=['0xf6', '0x00']
14:46:04.629  DEBUG   [client]  -> write cntl3mot   data=['0x00', '0x00']
14:46:04.632  DEBUG   [client]  -> write cntl3mot   data=['0x03', '0xe8']
14:46:04.638  DEBUG   [client]  -> read  st2mot    
14:46:04.641  DEBUG   [client]  <- read  st2mot     ret=0  data=['0x00', '0x00']
14:46:04.642  DEBUG   [client]  -> read  st0cur    
14:46:04.646  DEBUG   [client]  <- read  st0cur     ret=0  data=['0xfe', '0x01', '0x02', '0x02']
14:46:04.837  DEBUG   [client]  -> read  st2mot    
14:46:04.840  DEBUG   [client]  <- read  st2mot     ret=0  data=['0x00', '0x00']
14:46:05.037  DEBUG   [client]  -> read  st2mot    
14:46:05.040  DEBUG   [client]  <- read  st2mot     ret=0  data=['0x00', '0x00']
14:46:05.108  DEBUG   [poll]    -> read  st2mot    
14:46:05.111  DEBUG   [poll]    <- read  st2mot     ret=0  data=['0x7d', '0x00']
14:46:05.112  DEBUG   [poll]    -> read  st0cur    
14:46:05.116  DEBUG   [poll]    <- read  st0cur     ret=0  data=['0xfe', '0x01', '0x02', '0x02']
14:46:05.237  DEBUG   [client]  -> read  st2mot    
14:46:05.240  DEBUG   [client]  <- read  st2mot     ret=0  data=['0x26', '0x02']
14:46:05.437  DEBUG   [client]  -> read  st2mot    
14:46:05.440  DEBUG   [client]  <- read  st2mot     ret=0  data=['0xfb', '0x04']
14:46:05.637  DEBUG   [client]  -> read  st2mot    
14:46:05.640  DEBUG   [client]  <- read  st2mot     ret=0  data=['0x14', '0x05']
14:46:05.642  DEBUG   [client]  -> read  st0cur    
14:46:05.646  DEBUG   [client]  <- read  st0cur     ret=0  data=['0xf9', '0x01', '0xfc', '0x01']
14:46:05.837  DEBUG   [client]  -> read  st2mot    
14:46:05.840  DEBUG   [client]  <- read  st2mot     ret=0  data=['0x65', '0x04']
14:46:06.037  DEBUG   [client]  -> read  st2mot    
14:46:06.040  DEBUG   [client]  <- read  st2mot     ret=0  data=['0xe8', '0x03']
14:46:06.117  DEBUG   [poll]    -> read  st2mot    
14:46:06.121  DEBUG   [poll]    <- read  st2mot     ret=0  data=['0xb6', '0x03']
14:46:06.121  DEBUG   [poll]    -> read  st0cur    
14:46:06.126  DEBUG   [poll]    <- read  st0cur     ret=0  data=['0xf9', '0x01', '0xfc', '0x01']
14:46:06.237  DEBUG   [client]  -> read  st2mot    
14:46:06.240  DEBUG   [client]  <- read  st2mot     ret=0  data=['0xb6', '0x03']
14:46:06.437  DEBUG   [client]  -> read  st2mot    
14:46:06.440  DEBUG   [client]  <- read  st2mot     ret=0  data=['0xb6', '0x03']
14:46:06.637  DEBUG   [client]  -> read  st2mot    
14:46:06.640  DEBUG   [client]  <- read  st2mot     ret=0  data=['0xcf', '0x03']
14:46:06.642  DEBUG   [client]  -> read  st0cur    
14:46:06.646  DEBUG   [client]  <- read  st0cur     ret=0  data=['0xf8', '0x01', '0xf7', '0x01']
14:46:06.837  DEBUG   [client]  -> read  st2mot    
14:46:06.840  DEBUG   [client]  <- read  st2mot     ret=0  data=['0x01', '0x04']
14:46:07.037  DEBUG   [client]  -> read  st2mot    
14:46:07.040  DEBUG   [client]  <- read  st2mot     ret=0  data=['0xe8', '0x03']
14:46:07.127  DEBUG   [poll]    -> read  st2mot    
14:46:07.131  DEBUG   [poll]    <- read  st2mot     ret=0  data=['0x01', '0x04']
14:46:07.131  DEBUG   [poll]    -> read  st0cur    
14:46:07.135  DEBUG   [poll]    <- read  st0cur     ret=0  data=['0xf8', '0x01', '0xf7', '0x01']
14:46:07.237  DEBUG   [client]  -> read  st2mot    
14:46:07.240  DEBUG   [client]  <- read  st2mot     ret=0  data=['0xe8', '0x03']
14:46:07.437  DEBUG   [client]  -> read  st2mot    
14:46:07.440  DEBUG   [client]  <- read  st2mot     ret=0  data=['0x01', '0x04']
14:46:07.637  DEBUG   [client]  -> read  st2mot    
14:46:07.640  DEBUG   [client]  <- read  st2mot     ret=0  data=['0xe8', '0x03']
14:46:07.642  DEBUG   [client]  -> read  st0cur    
14:46:07.646  DEBUG   [client]  <- read  st0cur     ret=0  data=['0xf6', '0x01', '0xf5', '0x01']
14:46:07.837  DEBUG   [client]  -> read  st2mot    
14:46:07.840  DEBUG   [client]  <- read  st2mot     ret=0  data=['0xcf', '0x03']
14:46:08.037  DEBUG   [client]  -> read  st2mot    
14:46:08.040  DEBUG   [client]  <- read  st2mot     ret=0  data=['0xcf', '0x03']
14:46:08.137  DEBUG   [poll]    -> read  st2mot    
14:46:08.145  DEBUG   [poll]    <- read  st2mot     ret=0  data=['0x01', '0x04']
14:46:08.145  DEBUG   [poll]    -> read  st0cur    
14:46:08.149  DEBUG   [poll]    <- read  st0cur     ret=0  data=['0xf6', '0x01', '0xf5', '0x01']
14:46:08.236  DEBUG   [client]  -> read  st2mot    
14:46:08.240  DEBUG   [client]  <- read  st2mot     ret=0  data=['0xe8', '0x03']
14:46:08.437  DEBUG   [client]  -> read  st2mot    
14:46:08.440  DEBUG   [client]  <- read  st2mot     ret=0  data=['0xe8', '0x03']
14:46:08.637  DEBUG   [client]  -> read  st2mot    
14:46:08.640  DEBUG   [client]  <- read  st2mot     ret=0  data=['0xe8', '0x03']
14:46:08.642  DEBUG   [client]  -> read  st0cur    
14:46:08.646  DEBUG   [client]  <- read  st0cur     ret=0  data=['0xf6', '0x01', '0xf5', '0x01']
14:46:08.837  DEBUG   [client]  -> read  st2mot    
14:46:08.840  DEBUG   [client]  <- read  st2mot     ret=0  data=['0xe8', '0x03']
14:46:09.037  DEBUG   [client]  -> read  st2mot    
14:46:09.040  DEBUG   [client]  <- read  st2mot     ret=0  data=['0xe8', '0x03']
14:46:09.151  DEBUG   [poll]    -> read  st2mot    
14:46:09.154  DEBUG   [poll]    <- read  st2mot     ret=0  data=['0xe8', '0x03']
14:46:09.155  DEBUG   [poll]    -> read  st0cur    
14:46:09.159  DEBUG   [poll]    <- read  st0cur     ret=0  data=['0xf6', '0x01', '0xf5', '0x01']
14:46:09.237  DEBUG   [client]  -> read  st2mot    
14:46:09.240  DEBUG   [client]  <- read  st2mot     ret=0  data=['0xe8', '0x03']
14:46:09.437  DEBUG   [client]  -> read  st2mot    
14:46:09.440  DEBUG   [client]  <- read  st2mot     ret=0  data=['0xcf', '0x03']
14:46:09.637  DEBUG   [client]  -> read  st2mot    
14:46:09.640  DEBUG   [client]  <- read  st2mot     ret=0  data=['0xe8', '0x03']
14:46:09.642  DEBUG   [client]  -> read  st0cur    
14:46:09.646  DEBUG   [client]  <- read  st0cur     ret=0  data=['0xf7', '0x01', '0xf7', '0x01']
14:46:09.837  DEBUG   [client]  -> read  st2mot    
14:46:09.840  DEBUG   [client]  <- read  st2mot     ret=0  data=['0x01', '0x04']
14:46:10.037  DEBUG   [client]  -> read  st2mot    
14:46:10.040  DEBUG   [client]  <- read  st2mot     ret=0  data=['0xe8', '0x03']
14:46:10.161  DEBUG   [poll]    -> read  st2mot    
14:46:10.164  DEBUG   [poll]    <- read  st2mot     ret=0  data=['0xcf', '0x03']
14:46:10.164  DEBUG   [poll]    -> read  st0cur    
14:46:10.169  DEBUG   [poll]    <- read  st0cur     ret=0  data=['0xf7', '0x01', '0xf7', '0x01']
14:46:10.237  DEBUG   [client]  -> read  st2mot    
14:46:10.240  DEBUG   [client]  <- read  st2mot     ret=0  data=['0xcf', '0x03']
14:46:10.437  DEBUG   [client]  -> read  st2mot    
14:46:10.440  DEBUG   [client]  <- read  st2mot     ret=0  data=['0xe8', '0x03']
14:46:10.637  DEBUG   [client]  -> read  st2mot    
14:46:10.640  DEBUG   [client]  <- read  st2mot     ret=0  data=['0xe8', '0x03']
14:46:10.642  DEBUG   [client]  -> read  st0cur    
14:46:10.646  DEBUG   [client]  <- read  st0cur     ret=0  data=['0xf6', '0x01', '0xf6', '0x01']
14:46:10.837  DEBUG   [client]  -> read  st2mot    
14:46:10.840  DEBUG   [client]  <- read  st2mot     ret=0  data=['0xe8', '0x03']
14:46:11.037  DEBUG   [client]  -> read  st2mot    
14:46:11.040  DEBUG   [client]  <- read  st2mot     ret=0  data=['0x01', '0x04']
14:46:11.170  DEBUG   [poll]    -> read  st2mot    
14:46:11.174  DEBUG   [poll]    <- read  st2mot     ret=0  data=['0xe8', '0x03']
14:46:11.174  DEBUG   [poll]    -> read  st0cur    
14:46:11.178  DEBUG   [poll]    <- read  st0cur     ret=0  data=['0xf6', '0x01', '0xf6', '0x01']
14:46:11.237  DEBUG   [client]  -> read  st2mot    
14:46:11.240  DEBUG   [client]  <- read  st2mot     ret=0  data=['0xe8', '0x03']
14:46:11.437  DEBUG   [client]  -> read  st2mot    
14:46:11.440  DEBUG   [client]  <- read  st2mot     ret=0  data=['0xe8', '0x03']
14:46:11.442  DEBUG   [client]  -> write cntl3mot   data=['0x03', '0x20']
14:46:11.697  DEBUG   [client]  -> write cntl3mot   data=['0x02', '0x58']
14:46:11.953  DEBUG   [client]  -> write cntl3mot   data=['0x01', '0x90']
14:46:12.180  DEBUG   [poll]    -> read  st2mot    
14:46:12.183  DEBUG   [poll]    <- read  st2mot     ret=0  data=['0xc2', '0x01']
14:46:12.184  DEBUG   [poll]    -> read  st0cur    
14:46:12.188  DEBUG   [poll]    <- read  st0cur     ret=0  data=['0xf7', '0x01', '0xf8', '0x01']
14:46:12.209  DEBUG   [client]  -> write cntl3mot   data=['0x00', '0xc8']
14:46:12.464  DEBUG   [client]  -> write cntl3mot   data=['0x00', '0x00']
14:46:12.468  WARNING client disconnected — stopping motor
14:46:12.470  DEBUG   [client]  -> write cntl3mot   data=['0x00', '0x00']
14:46:12.474  INFO    client disconnected
14:46:12.893  INFO    client connected
14:46:12.894  DEBUG   [client]  -> read  st3mot    
14:46:12.898  DEBUG   [client]  <- read  st3mot     ret=0  data=['0x01', '0x00', '0x01', '0x04']
14:46:12.898  WARNING client disconnected — stopping motor
14:46:12.898  DEBUG   [client]  -> write cntl3mot   data=['0x00', '0x00']
14:46:12.902  INFO    client disconnected
14:46:13.189  DEBUG   [poll]    -> read  st2mot    
14:46:13.192  DEBUG   [poll]    <- read  st2mot     ret=0  data=['0x00', '0x00']
14:46:13.194  DEBUG   [poll]    -> read  st0cur    
14:46:13.197  DEBUG   [poll]    <- read  st0cur     ret=0  data=['0xf9', '0x01', '0xfb', '0x01']
14:46:13.198  WARNING *** OBSERVED STALL SIGNATURE (not acted on yet) — current=-0.34A while rpm=0 ***
14:46:14.199  DEBUG   [poll]    -> read  st2mot    
14:46:14.202  DEBUG   [poll]    <- read  st2mot     ret=0  data=['0x00', '0x00']
14:46:14.203  DEBUG   [poll]    -> read  st0cur    
14:46:14.207  DEBUG   [poll]    <- read  st0cur     ret=0  data=['0xfe', '0x01', '0x01', '0x02']
14:46:15.209  DEBUG   [poll]    -> read  st2mot    
14:46:15.212  DEBUG   [poll]    <- read  st2mot     ret=0  data=['0x00', '0x00']
14:46:15.212  DEBUG   [poll]    -> read  st0cur    
14:46:15.217  DEBUG   [poll]    <- read  st0cur     ret=0  data=['0xfe', '0x01', '0x01', '0x02']
14:46:16.218  DEBUG   [poll]    -> read  st2mot    
14:46:16.222  DEBUG   [poll]    <- read  st2mot     ret=0  data=['0x00', '0x00']
14:46:16.222  DEBUG   [poll]    -> read  st0cur    
14:46:16.226  DEBUG   [poll]    <- read  st0cur     ret=0  data=['0xfe', '0x01', '0x01', '0x02']
14:46:17.228  DEBUG   [poll]    -> read  st2mot    
14:46:17.231  DEBUG   [poll]    <- read  st2mot     ret=0  data=['0x00', '0x00']
14:46:17.231  DEBUG   [poll]    -> read  st0cur    
14:46:17.236  DEBUG   [poll]    <- read  st0cur     ret=0  data=['0xfe', '0x01', '0x01', '0x02']
14:46:18.237  DEBUG   [poll]    -> read  st2mot    
14:46:18.244  DEBUG   [poll]    <- read  st2mot     ret=0  data=['0x00', '0x00']
14:46:18.245  DEBUG   [poll]    -> read  st0cur    
14:46:18.249  DEBUG   [poll]    <- read  st0cur     ret=0  data=['0xfe', '0x01', '0x01', '0x02']
14:46:19.250  DEBUG   [poll]    -> read  st2mot    
14:46:19.253  DEBUG   [poll]    <- read  st2mot     ret=0  data=['0x00', '0x00']
14:46:19.253  DEBUG   [poll]    -> read  st0cur    
14:46:19.257  DEBUG   [poll]    <- read  st0cur     ret=0  data=['0xfe', '0x01', '0x02', '0x02']
14:46:20.259  DEBUG   [poll]    -> read  st2mot    
14:46:20.262  DEBUG   [poll]    <- read  st2mot     ret=0  data=['0x00', '0x00']
14:46:20.262  DEBUG   [poll]    -> read  st0cur    
14:46:20.267  DEBUG   [poll]    <- read  st0cur     ret=0  data=['0xfd', '0x01', '0x01', '0x02']
14:46:21.268  DEBUG   [poll]    -> read  st2mot    
14:46:21.271  DEBUG   [poll]    <- read  st2mot     ret=0  data=['0x00', '0x00']
14:46:21.272  DEBUG   [poll]    -> read  st0cur    
14:46:21.276  DEBUG   [poll]    <- read  st0cur     ret=0  data=['0xfe', '0x01', '0x01', '0x02']
14:46:22.278  DEBUG   [poll]    -> read  st2mot    
14:46:22.281  DEBUG   [poll]    <- read  st2mot     ret=0  data=['0x00', '0x00']
14:46:22.281  DEBUG   [poll]    -> read  st0cur    
14:46:22.286  DEBUG   [poll]    <- read  st0cur     ret=0  data=['0xfe', '0x01', '0x02', '0x02']
14:46:23.287  DEBUG   [poll]    -> read  st2mot    
14:46:23.294  DEBUG   [poll]    <- read  st2mot     ret=0  data=['0x00', '0x00']
14:46:23.294  DEBUG   [poll]    -> read  st0cur    
14:46:23.298  DEBUG   [poll]    <- read  st0cur     ret=0  data=['0xfe', '0x01', '0x01', '0x02']
14:46:23.484  INFO    client connected
14:46:23.485  DEBUG   [client]  -> read  st3mot    
14:46:23.489  DEBUG   [client]  <- read  st3mot     ret=0  data=['0x01', '0x00', '0x01', '0x04']
14:46:23.489  WARNING client disconnected — stopping motor
14:46:23.490  DEBUG   [client]  -> write cntl3mot   data=['0x00', '0x00']
14:46:23.493  INFO    client disconnected
14:46:23.913  INFO    client connected
14:46:23.913  DEBUG   [client]  -> write cntl0mot   data=['0xf6', '0x02']
14:46:23.917  DEBUG   [client]  -> write cntl3mot   data=['0x00', '0x00']
14:46:23.920  DEBUG   [client]  -> write cntl3mot   data=['0x03', '0xe8']
14:46:23.924  DEBUG   [client]  -> read  st2mot    
14:46:23.927  DEBUG   [client]  <- read  st2mot     ret=0  data=['0x00', '0x00']
14:46:23.929  DEBUG   [client]  -> read  st0cur    
14:46:23.933  DEBUG   [client]  <- read  st0cur     ret=0  data=['0xfe', '0x01', '0x01', '0x02']
14:46:24.124  DEBUG   [client]  -> read  st2mot    
14:46:24.127  DEBUG   [client]  <- read  st2mot     ret=0  data=['0x00', '0x00']
14:46:24.300  DEBUG   [poll]    -> read  st2mot    
14:46:24.303  DEBUG   [poll]    <- read  st2mot     ret=0  data=['0x00', '0x00']
14:46:24.304  DEBUG   [poll]    -> read  st0cur    
14:46:24.308  DEBUG   [poll]    <- read  st0cur     ret=0  data=['0xfe', '0x01', '0x01', '0x02']
14:46:24.324  DEBUG   [client]  -> read  st2mot    
14:46:24.328  DEBUG   [client]  <- read  st2mot     ret=0  data=['0x00', '0x00']
14:46:24.525  DEBUG   [client]  -> read  st2mot    
14:46:24.528  DEBUG   [client]  <- read  st2mot     ret=0  data=['0x26', '0x02']
14:46:24.725  DEBUG   [client]  -> read  st2mot    
14:46:24.728  DEBUG   [client]  <- read  st2mot     ret=0  data=['0x46', '0x05']
14:46:24.925  DEBUG   [client]  -> read  st2mot    
14:46:24.928  DEBUG   [client]  <- read  st2mot     ret=0  data=['0x46', '0x05']
14:46:24.930  DEBUG   [client]  -> read  st0cur    
14:46:24.934  DEBUG   [client]  <- read  st0cur     ret=0  data=['0xfa', '0x01', '0xfe', '0x01']
14:46:25.125  DEBUG   [client]  -> read  st2mot    
14:46:25.128  DEBUG   [client]  <- read  st2mot     ret=0  data=['0x7e', '0x04']
14:46:25.309  DEBUG   [poll]    -> read  st2mot    
14:46:25.313  DEBUG   [poll]    <- read  st2mot     ret=0  data=['0xcf', '0x03']
14:46:25.313  DEBUG   [poll]    -> read  st0cur    
14:46:25.317  DEBUG   [poll]    <- read  st0cur     ret=0  data=['0xfa', '0x01', '0xfe', '0x01']
14:46:25.324  DEBUG   [client]  -> read  st2mot    
14:46:25.328  DEBUG   [client]  <- read  st2mot     ret=0  data=['0xcf', '0x03']
14:46:25.525  DEBUG   [client]  -> read  st2mot    
14:46:25.528  DEBUG   [client]  <- read  st2mot     ret=0  data=['0xb6', '0x03']
14:46:25.725  DEBUG   [client]  -> read  st2mot    
14:46:25.728  DEBUG   [client]  <- read  st2mot     ret=0  data=['0xcf', '0x03']
14:46:25.925  DEBUG   [client]  -> read  st2mot    
14:46:25.928  DEBUG   [client]  <- read  st2mot     ret=0  data=['0xe8', '0x03']
14:46:25.930  DEBUG   [client]  -> read  st0cur    
14:46:25.934  DEBUG   [client]  <- read  st0cur     ret=0  data=['0xf4', '0x01', '0xf3', '0x01']
14:46:26.125  DEBUG   [client]  -> read  st2mot    
14:46:26.128  DEBUG   [client]  <- read  st2mot     ret=0  data=['0xe8', '0x03']
14:46:26.319  DEBUG   [poll]    -> read  st2mot    
14:46:26.322  DEBUG   [poll]    <- read  st2mot     ret=0  data=['0xe8', '0x03']
14:46:26.323  DEBUG   [poll]    -> read  st0cur    
14:46:26.327  DEBUG   [poll]    <- read  st0cur     ret=0  data=['0xf4', '0x01', '0xf3', '0x01']
14:46:26.328  DEBUG   [client]  -> read  st2mot    
14:46:26.331  DEBUG   [client]  <- read  st2mot     ret=0  data=['0xe8', '0x03']
14:46:26.525  DEBUG   [client]  -> read  st2mot    
14:46:26.528  DEBUG   [client]  <- read  st2mot     ret=0  data=['0x01', '0x04']
14:46:26.725  DEBUG   [client]  -> read  st2mot    
14:46:26.728  DEBUG   [client]  <- read  st2mot     ret=0  data=['0xe8', '0x03']
14:46:26.925  DEBUG   [client]  -> read  st2mot    
14:46:26.928  DEBUG   [client]  <- read  st2mot     ret=0  data=['0xe8', '0x03']
14:46:26.930  DEBUG   [client]  -> read  st0cur    
14:46:26.934  DEBUG   [client]  <- read  st0cur     ret=0  data=['0xf7', '0x01', '0xf7', '0x01']
14:46:27.125  DEBUG   [client]  -> read  st2mot    
14:46:27.128  DEBUG   [client]  <- read  st2mot     ret=0  data=['0xe8', '0x03']
14:46:27.325  DEBUG   [client]  -> read  st2mot    
14:46:27.328  DEBUG   [client]  <- read  st2mot     ret=0  data=['0xcf', '0x03']
14:46:27.329  DEBUG   [poll]    -> read  st2mot    
14:46:27.332  DEBUG   [poll]    <- read  st2mot     ret=0  data=['0xcf', '0x03']
14:46:27.332  DEBUG   [poll]    -> read  st0cur    
14:46:27.337  DEBUG   [poll]    <- read  st0cur     ret=0  data=['0xf7', '0x01', '0xf7', '0x01']
14:46:27.525  DEBUG   [client]  -> read  st2mot    
14:46:27.528  DEBUG   [client]  <- read  st2mot     ret=0  data=['0xe8', '0x03']
14:46:27.725  DEBUG   [client]  -> read  st2mot    
14:46:27.728  DEBUG   [client]  <- read  st2mot     ret=0  data=['0xcf', '0x03']
14:46:27.925  DEBUG   [client]  -> read  st2mot    
14:46:27.928  DEBUG   [client]  <- read  st2mot     ret=0  data=['0x01', '0x04']
14:46:27.930  DEBUG   [client]  -> read  st0cur    
14:46:27.934  DEBUG   [client]  <- read  st0cur     ret=0  data=['0xf7', '0x01', '0xf7', '0x01']
14:46:28.125  DEBUG   [client]  -> read  st2mot    
14:46:28.128  DEBUG   [client]  <- read  st2mot     ret=0  data=['0xe8', '0x03']
14:46:28.325  DEBUG   [client]  -> read  st2mot    
14:46:28.331  DEBUG   [client]  <- read  st2mot     ret=0  data=['0xe8', '0x03']
14:46:28.338  DEBUG   [poll]    -> read  st2mot    
14:46:28.342  DEBUG   [poll]    <- read  st2mot     ret=0  data=['0xe8', '0x03']
14:46:28.342  DEBUG   [poll]    -> read  st0cur    
14:46:28.346  DEBUG   [poll]    <- read  st0cur     ret=0  data=['0xf7', '0x01', '0xf7', '0x01']
14:46:28.525  DEBUG   [client]  -> read  st2mot    
14:46:28.528  DEBUG   [client]  <- read  st2mot     ret=0  data=['0xe8', '0x03']
14:46:28.725  DEBUG   [client]  -> read  st2mot    
14:46:28.728  DEBUG   [client]  <- read  st2mot     ret=0  data=['0xe8', '0x03']
14:46:28.925  DEBUG   [client]  -> read  st2mot    
14:46:28.928  DEBUG   [client]  <- read  st2mot     ret=0  data=['0xe8', '0x03']
14:46:28.930  DEBUG   [client]  -> read  st0cur    
14:46:28.934  DEBUG   [client]  <- read  st0cur     ret=0  data=['0xf6', '0x01', '0xf7', '0x01']
14:46:29.125  DEBUG   [client]  -> read  st2mot    
14:46:29.128  DEBUG   [client]  <- read  st2mot     ret=0  data=['0x01', '0x04']
14:46:29.325  DEBUG   [client]  -> read  st2mot    
14:46:29.328  DEBUG   [client]  <- read  st2mot     ret=0  data=['0xe8', '0x03']
14:46:29.348  DEBUG   [poll]    -> read  st2mot    
14:46:29.351  DEBUG   [poll]    <- read  st2mot     ret=0  data=['0xe8', '0x03']
14:46:29.352  DEBUG   [poll]    -> read  st0cur    
14:46:29.356  DEBUG   [poll]    <- read  st0cur     ret=0  data=['0xf6', '0x01', '0xf7', '0x01']
14:46:29.525  DEBUG   [client]  -> read  st2mot    
14:46:29.528  DEBUG   [client]  <- read  st2mot     ret=0  data=['0xe8', '0x03']
14:46:29.725  DEBUG   [client]  -> read  st2mot    
14:46:29.728  DEBUG   [client]  <- read  st2mot     ret=0  data=['0xe8', '0x03']
14:46:29.925  DEBUG   [client]  -> read  st2mot    
14:46:29.928  DEBUG   [client]  <- read  st2mot     ret=0  data=['0xe8', '0x03']
14:46:29.930  DEBUG   [client]  -> read  st0cur    
14:46:29.934  DEBUG   [client]  <- read  st0cur     ret=0  data=['0xf6', '0x01', '0xf7', '0x01']
14:46:30.125  DEBUG   [client]  -> read  st2mot    
14:46:30.128  DEBUG   [client]  <- read  st2mot     ret=0  data=['0xe8', '0x03']
14:46:30.325  DEBUG   [client]  -> read  st2mot    
14:46:30.328  DEBUG   [client]  <- read  st2mot     ret=0  data=['0xe8', '0x03']
14:46:30.358  DEBUG   [poll]    -> read  st2mot    
14:46:30.361  DEBUG   [poll]    <- read  st2mot     ret=0  data=['0x01', '0x04']
14:46:30.362  DEBUG   [poll]    -> read  st0cur    
14:46:30.366  DEBUG   [poll]    <- read  st0cur     ret=0  data=['0xf6', '0x01', '0xf7', '0x01']
14:46:30.525  DEBUG   [client]  -> read  st2mot    
14:46:30.528  DEBUG   [client]  <- read  st2mot     ret=0  data=['0xcf', '0x03']
14:46:30.725  DEBUG   [client]  -> read  st2mot    
14:46:30.728  DEBUG   [client]  <- read  st2mot     ret=0  data=['0xe8', '0x03']
14:46:30.730  DEBUG   [client]  -> write cntl3mot   data=['0x03', '0x20']
14:46:30.985  DEBUG   [client]  -> write cntl3mot   data=['0x02', '0x58']
14:46:31.241  DEBUG   [client]  -> write cntl3mot   data=['0x01', '0x90']
14:46:31.368  DEBUG   [poll]    -> read  st2mot    
14:46:31.371  DEBUG   [poll]    <- read  st2mot     ret=0  data=['0x3f', '0x02']
14:46:31.372  DEBUG   [poll]    -> read  st0cur    
14:46:31.376  DEBUG   [poll]    <- read  st0cur     ret=0  data=['0xf6', '0x01', '0xf7', '0x01']
14:46:31.497  DEBUG   [client]  -> write cntl3mot   data=['0x00', '0xc8']
14:46:31.752  DEBUG   [client]  -> write cntl3mot   data=['0x00', '0x00']
14:46:31.757  WARNING client disconnected — stopping motor
14:46:31.757  DEBUG   [client]  -> write cntl3mot   data=['0x00', '0x00']
14:46:31.761  INFO    client disconnected
14:46:32.377  DEBUG   [poll]    -> read  st2mot    
14:46:32.380  DEBUG   [poll]    <- read  st2mot     ret=0  data=['0x00', '0x00']
14:46:32.380  DEBUG   [poll]    -> read  st0cur    
14:46:32.384  DEBUG   [poll]    <- read  st0cur     ret=0  data=['0xfc', '0x01', '0xf8', '0x01']
14:46:32.384  WARNING *** OBSERVED STALL SIGNATURE (not acted on yet) — current=-0.20A while rpm=0 ***
14:46:33.312  INFO    client connected
14:46:33.312  DEBUG   [client]  -> read  st3mot    
14:46:33.316  DEBUG   [client]  <- read  st3mot     ret=0  data=['0x01', '0x00', '0x01', '0x05']
14:46:33.317  WARNING client disconnected — stopping motor
14:46:33.317  DEBUG   [client]  -> write cntl3mot   data=['0x00', '0x00']
14:46:33.321  INFO    client disconnected
14:46:33.386  DEBUG   [poll]    -> read  st2mot    
14:46:33.389  DEBUG   [poll]    <- read  st2mot     ret=0  data=['0x00', '0x00']
14:46:33.389  DEBUG   [poll]    -> read  st0cur    
14:46:33.393  DEBUG   [poll]    <- read  st0cur     ret=0  data=['0xfe', '0x01', '0x02', '0x02']
14:46:34.394  DEBUG   [poll]    -> read  st2mot    
14:46:34.397  DEBUG   [poll]    <- read  st2mot     ret=0  data=['0x00', '0x00']
14:46:34.398  DEBUG   [poll]    -> read  st0cur    
14:46:34.402  DEBUG   [poll]    <- read  st0cur     ret=0  data=['0xfe', '0x01', '0x02', '0x02']
14:46:35.404  DEBUG   [poll]    -> read  st2mot    
14:46:35.407  DEBUG   [poll]    <- read  st2mot     ret=0  data=['0x00', '0x00']
14:46:35.407  DEBUG   [poll]    -> read  st0cur    
14:46:35.411  DEBUG   [poll]    <- read  st0cur     ret=0  data=['0xfe', '0x01', '0x01', '0x02']
14:46:36.413  DEBUG   [poll]    -> read  st2mot    
14:46:36.416  DEBUG   [poll]    <- read  st2mot     ret=0  data=['0x00', '0x00']
14:46:36.416  DEBUG   [poll]    -> read  st0cur    
14:46:36.420  DEBUG   [poll]    <- read  st0cur     ret=0  data=['0xfe', '0x01', '0x01', '0x02']
14:46:37.421  DEBUG   [poll]    -> read  st2mot    
14:46:37.425  DEBUG   [poll]    <- read  st2mot     ret=0  data=['0x00', '0x00']
14:46:37.425  DEBUG   [poll]    -> read  st0cur    
14:46:37.429  DEBUG   [poll]    <- read  st0cur     ret=0  data=['0xfe', '0x01', '0x02', '0x02']
14:46:38.431  DEBUG   [poll]    -> read  st2mot    
14:46:38.434  DEBUG   [poll]    <- read  st2mot     ret=0  data=['0x00', '0x00']
14:46:38.435  DEBUG   [poll]    -> read  st0cur    
14:46:38.439  DEBUG   [poll]    <- read  st0cur     ret=0  data=['0xfe', '0x01', '0x02', '0x02']
14:46:39.440  DEBUG   [poll]    -> read  st2mot    
14:46:39.444  DEBUG   [poll]    <- read  st2mot     ret=0  data=['0x00', '0x00']
14:46:39.444  DEBUG   [poll]    -> read  st0cur    
14:46:39.449  DEBUG   [poll]    <- read  st0cur     ret=0  data=['0xfe', '0x01', '0x01', '0x02']
14:46:40.450  DEBUG   [poll]    -> read  st2mot    
14:46:40.453  DEBUG   [poll]    <- read  st2mot     ret=0  data=['0x00', '0x00']
14:46:40.454  DEBUG   [poll]    -> read  st0cur    
14:46:40.458  DEBUG   [poll]    <- read  st0cur     ret=0  data=['0xfe', '0x01', '0x02', '0x02']
14:46:41.431  INFO    client connected
14:46:41.432  DEBUG   [client]  -> read  st3mot    
14:46:41.436  DEBUG   [client]  <- read  st3mot     ret=0  data=['0x01', '0x00', '0x01', '0x05']
14:46:41.436  WARNING client disconnected — stopping motor
14:46:41.436  DEBUG   [client]  -> write cntl3mot   data=['0x00', '0x00']
14:46:41.440  INFO    client disconnected
14:46:41.460  DEBUG   [poll]    -> read  st2mot    
14:46:41.463  DEBUG   [poll]    <- read  st2mot     ret=0  data=['0x00', '0x00']
14:46:41.463  DEBUG   [poll]    -> read  st0cur    
14:46:41.467  DEBUG   [poll]    <- read  st0cur     ret=0  data=['0xfd', '0x01', '0x02', '0x02']
14:46:42.468  DEBUG   [poll]    -> read  st2mot    
14:46:42.472  DEBUG   [poll]    <- read  st2mot     ret=0  data=['0x00', '0x00']
14:46:42.472  DEBUG   [poll]    -> read  st0cur    
14:46:42.476  DEBUG   [poll]    <- read  st0cur     ret=0  data=['0xfe', '0x01', '0x01', '0x02']
14:46:42.890  INFO    client connected
14:46:42.891  DEBUG   [client]  -> write cntl0mot   data=['0xf6', '0x04']
14:46:42.894  DEBUG   [client]  -> write cntl3mot   data=['0x00', '0x00']
14:46:42.898  DEBUG   [client]  -> write cntl3mot   data=['0x03', '0xe8']
14:46:42.901  DEBUG   [client]  -> read  st2mot    
14:46:42.905  DEBUG   [client]  <- read  st2mot     ret=0  data=['0x00', '0x00']
14:46:42.906  DEBUG   [client]  -> read  st0cur    
14:46:42.910  DEBUG   [client]  <- read  st0cur     ret=0  data=['0xfe', '0x01', '0x01', '0x02']
14:46:43.102  DEBUG   [client]  -> read  st2mot    
14:46:43.105  DEBUG   [client]  <- read  st2mot     ret=0  data=['0x00', '0x00']
14:46:43.302  DEBUG   [client]  -> read  st2mot    
14:46:43.305  DEBUG   [client]  <- read  st2mot     ret=0  data=['0x00', '0x00']
14:46:43.478  DEBUG   [poll]    -> read  st2mot    
14:46:43.482  DEBUG   [poll]    <- read  st2mot     ret=0  data=['0xbc', '0x02']
14:46:43.482  DEBUG   [poll]    -> read  st0cur    
14:46:43.486  DEBUG   [poll]    <- read  st0cur     ret=0  data=['0xfa', '0x01', '0xfc', '0x01']
14:46:43.502  DEBUG   [client]  -> read  st2mot    
14:46:43.506  DEBUG   [client]  <- read  st2mot     ret=0  data=['0xbc', '0x02']
14:46:43.702  DEBUG   [client]  -> read  st2mot    
14:46:43.706  DEBUG   [client]  <- read  st2mot     ret=0  data=['0x46', '0x05']
14:46:43.902  DEBUG   [client]  -> read  st2mot    
14:46:43.906  DEBUG   [client]  <- read  st2mot     ret=0  data=['0x2d', '0x05']
14:46:43.907  DEBUG   [client]  -> read  st0cur    
14:46:43.912  DEBUG   [client]  <- read  st0cur     ret=0  data=['0xfa', '0x01', '0xfc', '0x01']
14:46:44.102  DEBUG   [client]  -> read  st2mot    
14:46:44.106  DEBUG   [client]  <- read  st2mot     ret=0  data=['0x4c', '0x04']
14:46:44.302  DEBUG   [client]  -> read  st2mot    
14:46:44.306  DEBUG   [client]  <- read  st2mot     ret=0  data=['0xcf', '0x03']
14:46:44.488  DEBUG   [poll]    -> read  st2mot    
14:46:44.491  DEBUG   [poll]    <- read  st2mot     ret=0  data=['0x9d', '0x03']
14:46:44.492  DEBUG   [poll]    -> read  st0cur    
14:46:44.496  DEBUG   [poll]    <- read  st0cur     ret=0  data=['0xf3', '0x01', '0xf5', '0x01']
14:46:44.502  DEBUG   [client]  -> read  st2mot    
14:46:44.506  DEBUG   [client]  <- read  st2mot     ret=0  data=['0x9d', '0x03']
14:46:44.702  DEBUG   [client]  -> read  st2mot    
14:46:44.706  DEBUG   [client]  <- read  st2mot     ret=0  data=['0xe8', '0x03']
14:46:44.902  DEBUG   [client]  -> read  st2mot    
14:46:44.906  DEBUG   [client]  <- read  st2mot     ret=0  data=['0xe8', '0x03']
14:46:44.907  DEBUG   [client]  -> read  st0cur    
14:46:44.912  DEBUG   [client]  <- read  st0cur     ret=0  data=['0xf3', '0x01', '0xf5', '0x01']
14:46:45.102  DEBUG   [client]  -> read  st2mot    
14:46:45.106  DEBUG   [client]  <- read  st2mot     ret=0  data=['0xe8', '0x03']
14:46:45.302  DEBUG   [client]  -> read  st2mot    
14:46:45.306  DEBUG   [client]  <- read  st2mot     ret=0  data=['0xe8', '0x03']
14:46:45.498  DEBUG   [poll]    -> read  st2mot    
14:46:45.501  DEBUG   [poll]    <- read  st2mot     ret=0  data=['0x01', '0x04']
14:46:45.501  DEBUG   [poll]    -> read  st0cur    
14:46:45.506  DEBUG   [poll]    <- read  st0cur     ret=0  data=['0xf6', '0x01', '0xf8', '0x01']
14:46:45.506  DEBUG   [client]  -> read  st2mot    
14:46:45.509  DEBUG   [client]  <- read  st2mot     ret=0  data=['0x01', '0x04']
14:46:45.702  DEBUG   [client]  -> read  st2mot    
14:46:45.706  DEBUG   [client]  <- read  st2mot     ret=0  data=['0xe8', '0x03']
14:46:45.902  DEBUG   [client]  -> read  st2mot    
14:46:45.906  DEBUG   [client]  <- read  st2mot     ret=0  data=['0xe8', '0x03']
14:46:45.907  DEBUG   [client]  -> read  st0cur    
14:46:45.912  DEBUG   [client]  <- read  st0cur     ret=0  data=['0xf6', '0x01', '0xf8', '0x01']
14:46:46.102  DEBUG   [client]  -> read  st2mot    
14:46:46.106  DEBUG   [client]  <- read  st2mot     ret=0  data=['0x01', '0x04']
14:46:46.302  DEBUG   [client]  -> read  st2mot    
14:46:46.306  DEBUG   [client]  <- read  st2mot     ret=0  data=['0x01', '0x04']
14:46:46.502  DEBUG   [client]  -> read  st2mot    
14:46:46.506  DEBUG   [client]  <- read  st2mot     ret=0  data=['0xe8', '0x03']
14:46:46.507  DEBUG   [poll]    -> read  st2mot    
14:46:46.511  DEBUG   [poll]    <- read  st2mot     ret=0  data=['0xe8', '0x03']
14:46:46.511  DEBUG   [poll]    -> read  st0cur    
14:46:46.515  DEBUG   [poll]    <- read  st0cur     ret=0  data=['0xf6', '0x01', '0xf6', '0x01']
14:46:46.702  DEBUG   [client]  -> read  st2mot    
14:46:46.706  DEBUG   [client]  <- read  st2mot     ret=0  data=['0xe8', '0x03']
14:46:46.902  DEBUG   [client]  -> read  st2mot    
14:46:46.906  DEBUG   [client]  <- read  st2mot     ret=0  data=['0xcf', '0x03']
14:46:46.907  DEBUG   [client]  -> read  st0cur    
14:46:46.912  DEBUG   [client]  <- read  st0cur     ret=0  data=['0xf6', '0x01', '0xf6', '0x01']
14:46:47.102  DEBUG   [client]  -> read  st2mot    
14:46:47.106  DEBUG   [client]  <- read  st2mot     ret=0  data=['0xe8', '0x03']
14:46:47.302  DEBUG   [client]  -> read  st2mot    
14:46:47.306  DEBUG   [client]  <- read  st2mot     ret=0  data=['0xe8', '0x03']
14:46:47.502  DEBUG   [client]  -> read  st2mot    
14:46:47.506  DEBUG   [client]  <- read  st2mot     ret=0  data=['0xe8', '0x03']
14:46:47.517  DEBUG   [poll]    -> read  st2mot    
14:46:47.520  DEBUG   [poll]    <- read  st2mot     ret=0  data=['0xe8', '0x03']
14:46:47.521  DEBUG   [poll]    -> read  st0cur    
14:46:47.525  DEBUG   [poll]    <- read  st0cur     ret=0  data=['0xf6', '0x01', '0xf7', '0x01']
14:46:47.702  DEBUG   [client]  -> read  st2mot    
14:46:47.706  DEBUG   [client]  <- read  st2mot     ret=0  data=['0xe8', '0x03']
14:46:47.902  DEBUG   [client]  -> read  st2mot    
14:46:47.906  DEBUG   [client]  <- read  st2mot     ret=0  data=['0xcf', '0x03']
14:46:47.907  DEBUG   [client]  -> read  st0cur    
14:46:47.912  DEBUG   [client]  <- read  st0cur     ret=0  data=['0xf6', '0x01', '0xf7', '0x01']
14:46:48.102  DEBUG   [client]  -> read  st2mot    
14:46:48.106  DEBUG   [client]  <- read  st2mot     ret=0  data=['0x01', '0x04']
14:46:48.302  DEBUG   [client]  -> read  st2mot    
14:46:48.306  DEBUG   [client]  <- read  st2mot     ret=0  data=['0xcf', '0x03']
14:46:48.502  DEBUG   [client]  -> read  st2mot    
14:46:48.506  DEBUG   [client]  <- read  st2mot     ret=0  data=['0x01', '0x04']
14:46:48.526  DEBUG   [poll]    -> read  st2mot    
14:46:48.531  DEBUG   [poll]    <- read  st2mot     ret=0  data=['0xe8', '0x03']
14:46:48.531  DEBUG   [poll]    -> read  st0cur    
14:46:48.536  DEBUG   [poll]    <- read  st0cur     ret=0  data=['0xf5', '0x01', '0xf7', '0x01']
14:46:48.702  DEBUG   [client]  -> read  st2mot    
14:46:48.706  DEBUG   [client]  <- read  st2mot     ret=0  data=['0xe8', '0x03']
14:46:48.902  DEBUG   [client]  -> read  st2mot    
14:46:48.906  DEBUG   [client]  <- read  st2mot     ret=0  data=['0xb6', '0x03']
14:46:48.907  DEBUG   [client]  -> read  st0cur    
14:46:48.912  DEBUG   [client]  <- read  st0cur     ret=0  data=['0xf5', '0x01', '0xf7', '0x01']
14:46:49.102  DEBUG   [client]  -> read  st2mot    
14:46:49.106  DEBUG   [client]  <- read  st2mot     ret=0  data=['0xe8', '0x03']
14:46:49.302  DEBUG   [client]  -> read  st2mot    
14:46:49.306  DEBUG   [client]  <- read  st2mot     ret=0  data=['0xe8', '0x03']
14:46:49.502  DEBUG   [client]  -> read  st2mot    
14:46:49.506  DEBUG   [client]  <- read  st2mot     ret=0  data=['0xcf', '0x03']
14:46:49.538  DEBUG   [poll]    -> read  st2mot    
14:46:49.542  DEBUG   [poll]    <- read  st2mot     ret=0  data=['0x01', '0x04']
14:46:49.542  DEBUG   [poll]    -> read  st0cur    
14:46:49.546  DEBUG   [poll]    <- read  st0cur     ret=0  data=['0xf5', '0x01', '0xf8', '0x01']
14:46:49.702  DEBUG   [client]  -> read  st2mot    
14:46:49.706  DEBUG   [client]  <- read  st2mot     ret=0  data=['0xe8', '0x03']
14:46:49.707  DEBUG   [client]  -> write cntl3mot   data=['0x03', '0x20']
14:46:49.963  DEBUG   [client]  -> write cntl3mot   data=['0x02', '0x58']
14:46:50.219  DEBUG   [client]  -> write cntl3mot   data=['0x01', '0x90']
14:46:50.475  DEBUG   [client]  -> write cntl3mot   data=['0x00', '0xc8']
14:46:50.548  DEBUG   [poll]    -> read  st2mot    
14:46:50.551  DEBUG   [poll]    <- read  st2mot     ret=0  data=['0x5e', '0x01']
14:46:50.552  DEBUG   [poll]    -> read  st0cur    
14:46:50.556  DEBUG   [poll]    <- read  st0cur     ret=0  data=['0xf7', '0x01', '0xfa', '0x01']
14:46:50.730  DEBUG   [client]  -> write cntl3mot   data=['0x00', '0x00']
14:46:50.735  WARNING client disconnected — stopping motor
14:46:50.737  DEBUG   [client]  -> write cntl3mot   data=['0x00', '0x00']
14:46:50.742  INFO    client disconnected
14:46:51.206  INFO    client connected
14:46:51.207  DEBUG   [client]  -> read  st3mot    
14:46:51.211  DEBUG   [client]  <- read  st3mot     ret=0  data=['0x01', '0x00', '0x01', '0x06']
14:46:51.211  WARNING client disconnected — stopping motor
14:46:51.211  DEBUG   [client]  -> write cntl3mot   data=['0x00', '0x00']
14:46:51.215  INFO    client disconnected
14:46:51.557  DEBUG   [poll]    -> read  st2mot    
14:46:51.560  DEBUG   [poll]    <- read  st2mot     ret=0  data=['0x00', '0x00']
14:46:51.560  DEBUG   [poll]    -> read  st0cur    
14:46:51.564  DEBUG   [poll]    <- read  st0cur     ret=0  data=['0xfc', '0x01', '0x00', '0x02']
14:46:51.564  WARNING *** OBSERVED STALL SIGNATURE (not acted on yet) — current=-0.20A while rpm=0 ***
14:46:52.566  DEBUG   [poll]    -> read  st2mot    
14:46:52.569  DEBUG   [poll]    <- read  st2mot     ret=0  data=['0x00', '0x00']
14:46:52.570  DEBUG   [poll]    -> read  st0cur    
14:46:52.574  DEBUG   [poll]    <- read  st0cur     ret=0  data=['0xfe', '0x01', '0x01', '0x02']
14:46:53.575  DEBUG   [poll]    -> read  st2mot    
14:46:53.579  DEBUG   [poll]    <- read  st2mot     ret=0  data=['0x00', '0x00']
14:46:53.579  DEBUG   [poll]    -> read  st0cur    
14:46:53.584  DEBUG   [poll]    <- read  st0cur     ret=0  data=['0xfe', '0x01', '0x01', '0x02']
14:46:54.586  DEBUG   [poll]    -> read  st2mot    
14:46:54.589  DEBUG   [poll]    <- read  st2mot     ret=0  data=['0x00', '0x00']
14:46:54.590  DEBUG   [poll]    -> read  st0cur    
14:46:54.594  DEBUG   [poll]    <- read  st0cur     ret=0  data=['0xfe', '0x01', '0x02', '0x02']
14:46:55.595  DEBUG   [poll]    -> read  st2mot    
14:46:55.599  DEBUG   [poll]    <- read  st2mot     ret=0  data=['0x00', '0x00']
14:46:55.599  DEBUG   [poll]    -> read  st0cur    
14:46:55.603  DEBUG   [poll]    <- read  st0cur     ret=0  data=['0xfe', '0x01', '0x01', '0x02']
14:46:56.605  DEBUG   [poll]    -> read  st2mot    
14:46:56.608  DEBUG   [poll]    <- read  st2mot     ret=0  data=['0x00', '0x00']
14:46:56.609  DEBUG   [poll]    -> read  st0cur    
14:46:56.613  DEBUG   [poll]    <- read  st0cur     ret=0  data=['0xfe', '0x01', '0x01', '0x02']
14:46:57.614  DEBUG   [poll]    -> read  st2mot    
14:46:57.618  DEBUG   [poll]    <- read  st2mot     ret=0  data=['0x00', '0x00']
14:46:57.618  DEBUG   [poll]    -> read  st0cur    
14:46:57.622  DEBUG   [poll]    <- read  st0cur     ret=0  data=['0xfe', '0x01', '0x01', '0x02']
14:46:58.624  DEBUG   [poll]    -> read  st2mot    
14:46:58.627  DEBUG   [poll]    <- read  st2mot     ret=0  data=['0x00', '0x00']
14:46:58.628  DEBUG   [poll]    -> read  st0cur    
14:46:58.632  DEBUG   [poll]    <- read  st0cur     ret=0  data=['0xfe', '0x01', '0x01', '0x02']
14:46:59.633  DEBUG   [poll]    -> read  st2mot    
14:46:59.637  DEBUG   [poll]    <- read  st2mot     ret=0  data=['0x00', '0x00']
14:46:59.637  DEBUG   [poll]    -> read  st0cur    
14:46:59.641  DEBUG   [poll]    <- read  st0cur     ret=0  data=['0xfe', '0x01', '0x02', '0x02']
14:47:00.563  INFO    client connected
14:47:00.563  DEBUG   [client]  -> read  st3mot    
14:47:00.567  DEBUG   [client]  <- read  st3mot     ret=0  data=['0x01', '0x00', '0x01', '0x06']
14:47:00.567  WARNING client disconnected — stopping motor
14:47:00.568  DEBUG   [client]  -> write cntl3mot   data=['0x00', '0x00']
14:47:00.571  INFO    client disconnected
14:47:00.652  DEBUG   [poll]    -> read  st2mot    
14:47:00.655  DEBUG   [poll]    <- read  st2mot     ret=0  data=['0x00', '0x00']
14:47:00.655  DEBUG   [poll]    -> read  st0cur    
14:47:00.659  DEBUG   [poll]    <- read  st0cur     ret=0  data=['0xfd', '0x01', '0x01', '0x02']
14:47:00.994  INFO    client connected
14:47:00.995  DEBUG   [client]  -> write cntl0mot   data=['0xf6', '0x06']
14:47:00.999  DEBUG   [client]  -> write cntl3mot   data=['0x00', '0x00']
14:47:01.003  DEBUG   [client]  -> write cntl3mot   data=['0x03', '0xe8']
14:47:01.007  DEBUG   [client]  -> read  st2mot    
14:47:01.011  DEBUG   [client]  <- read  st2mot     ret=0  data=['0x00', '0x00']
14:47:01.013  DEBUG   [client]  -> read  st0cur    
14:47:01.017  DEBUG   [client]  <- read  st0cur     ret=0  data=['0xfd', '0x01', '0x01', '0x02']
14:47:01.208  DEBUG   [client]  -> read  st2mot    
14:47:01.211  DEBUG   [client]  <- read  st2mot     ret=0  data=['0x00', '0x00']
14:47:01.408  DEBUG   [client]  -> read  st2mot    
14:47:01.411  DEBUG   [client]  <- read  st2mot     ret=0  data=['0x96', '0x00']
14:47:01.608  DEBUG   [client]  -> read  st2mot    
14:47:01.611  DEBUG   [client]  <- read  st2mot     ret=0  data=['0x65', '0x04']
14:47:01.660  DEBUG   [poll]    -> read  st2mot    
14:47:01.664  DEBUG   [poll]    <- read  st2mot     ret=0  data=['0x65', '0x04']
14:47:01.664  DEBUG   [poll]    -> read  st0cur    
14:47:01.669  DEBUG   [poll]    <- read  st0cur     ret=0  data=['0xfb', '0x01', '0xfe', '0x01']
14:47:01.808  DEBUG   [client]  -> read  st2mot    
14:47:01.811  DEBUG   [client]  <- read  st2mot     ret=0  data=['0x78', '0x05']
14:47:02.008  DEBUG   [client]  -> read  st2mot    
14:47:02.011  DEBUG   [client]  <- read  st2mot     ret=0  data=['0xc9', '0x04']
14:47:02.013  DEBUG   [client]  -> read  st0cur    
14:47:02.017  DEBUG   [client]  <- read  st0cur     ret=0  data=['0xfb', '0x01', '0xfe', '0x01']
14:47:02.208  DEBUG   [client]  -> read  st2mot    
14:47:02.211  DEBUG   [client]  <- read  st2mot     ret=0  data=['0xe8', '0x03']
14:47:02.408  DEBUG   [client]  -> read  st2mot    
14:47:02.411  DEBUG   [client]  <- read  st2mot     ret=0  data=['0x9d', '0x03']
14:47:02.608  DEBUG   [client]  -> read  st2mot    
14:47:02.611  DEBUG   [client]  <- read  st2mot     ret=0  data=['0xb6', '0x03']
14:47:02.670  DEBUG   [poll]    -> read  st2mot    
14:47:02.674  DEBUG   [poll]    <- read  st2mot     ret=0  data=['0xb6', '0x03']
14:47:02.674  DEBUG   [poll]    -> read  st0cur    
14:47:02.678  DEBUG   [poll]    <- read  st0cur     ret=0  data=['0xf5', '0x01', '0xf4', '0x01']
14:47:02.808  DEBUG   [client]  -> read  st2mot    
14:47:02.811  DEBUG   [client]  <- read  st2mot     ret=0  data=['0xb6', '0x03']
14:47:03.008  DEBUG   [client]  -> read  st2mot    
14:47:03.011  DEBUG   [client]  <- read  st2mot     ret=0  data=['0xe8', '0x03']
14:47:03.013  DEBUG   [client]  -> read  st0cur    
14:47:03.017  DEBUG   [client]  <- read  st0cur     ret=0  data=['0xf5', '0x01', '0xf4', '0x01']
14:47:03.208  DEBUG   [client]  -> read  st2mot    
14:47:03.211  DEBUG   [client]  <- read  st2mot     ret=0  data=['0xe8', '0x03']
14:47:03.408  DEBUG   [client]  -> read  st2mot    
14:47:03.411  DEBUG   [client]  <- read  st2mot     ret=0  data=['0x01', '0x04']
14:47:03.608  DEBUG   [client]  -> read  st2mot    
14:47:03.611  DEBUG   [client]  <- read  st2mot     ret=0  data=['0xe8', '0x03']
14:47:03.680  DEBUG   [poll]    -> read  st2mot    
14:47:03.683  DEBUG   [poll]    <- read  st2mot     ret=0  data=['0xe8', '0x03']
14:47:03.683  DEBUG   [poll]    -> read  st0cur    
14:47:03.687  DEBUG   [poll]    <- read  st0cur     ret=0  data=['0xf6', '0x01', '0xf8', '0x01']
14:47:03.808  DEBUG   [client]  -> read  st2mot    
14:47:03.811  DEBUG   [client]  <- read  st2mot     ret=0  data=['0xe8', '0x03']
14:47:04.008  DEBUG   [client]  -> read  st2mot    
14:47:04.011  DEBUG   [client]  <- read  st2mot     ret=0  data=['0xe8', '0x03']
14:47:04.013  DEBUG   [client]  -> read  st0cur    
14:47:04.017  DEBUG   [client]  <- read  st0cur     ret=0  data=['0xf6', '0x01', '0xf8', '0x01']
14:47:04.208  DEBUG   [client]  -> read  st2mot    
14:47:04.211  DEBUG   [client]  <- read  st2mot     ret=0  data=['0xe8', '0x03']
14:47:04.408  DEBUG   [client]  -> read  st2mot    
14:47:04.411  DEBUG   [client]  <- read  st2mot     ret=0  data=['0x01', '0x04']
14:47:04.608  DEBUG   [client]  -> read  st2mot    
14:47:04.611  DEBUG   [client]  <- read  st2mot     ret=0  data=['0xcf', '0x03']
14:47:04.689  DEBUG   [poll]    -> read  st2mot    
14:47:04.692  DEBUG   [poll]    <- read  st2mot     ret=0  data=['0xe8', '0x03']
14:47:04.693  DEBUG   [poll]    -> read  st0cur    
14:47:04.697  DEBUG   [poll]    <- read  st0cur     ret=0  data=['0xf6', '0x01', '0xf6', '0x01']
14:47:04.808  DEBUG   [client]  -> read  st2mot    
14:47:04.811  DEBUG   [client]  <- read  st2mot     ret=0  data=['0xe8', '0x03']
14:47:05.008  DEBUG   [client]  -> read  st2mot    
14:47:05.011  DEBUG   [client]  <- read  st2mot     ret=0  data=['0xe8', '0x03']
14:47:05.013  DEBUG   [client]  -> read  st0cur    
14:47:05.017  DEBUG   [client]  <- read  st0cur     ret=0  data=['0xf6', '0x01', '0xf6', '0x01']
14:47:05.208  DEBUG   [client]  -> read  st2mot    
14:47:05.211  DEBUG   [client]  <- read  st2mot     ret=0  data=['0xcf', '0x03']
14:47:05.408  DEBUG   [client]  -> read  st2mot    
14:47:05.411  DEBUG   [client]  <- read  st2mot     ret=0  data=['0xe8', '0x03']
14:47:05.608  DEBUG   [client]  -> read  st2mot    
14:47:05.611  DEBUG   [client]  <- read  st2mot     ret=0  data=['0xe8', '0x03']
14:47:05.698  DEBUG   [poll]    -> read  st2mot    
14:47:05.702  DEBUG   [poll]    <- read  st2mot     ret=0  data=['0x01', '0x04']
14:47:05.702  DEBUG   [poll]    -> read  st0cur    
14:47:05.707  DEBUG   [poll]    <- read  st0cur     ret=0  data=['0xf6', '0x01', '0xf8', '0x01']
14:47:05.808  DEBUG   [client]  -> read  st2mot    
14:47:05.811  DEBUG   [client]  <- read  st2mot     ret=0  data=['0xe8', '0x03']
14:47:06.008  DEBUG   [client]  -> read  st2mot    
14:47:06.011  DEBUG   [client]  <- read  st2mot     ret=0  data=['0xe8', '0x03']
14:47:06.013  DEBUG   [client]  -> read  st0cur    
14:47:06.017  DEBUG   [client]  <- read  st0cur     ret=0  data=['0xf6', '0x01', '0xf8', '0x01']
14:47:06.208  DEBUG   [client]  -> read  st2mot    
14:47:06.211  DEBUG   [client]  <- read  st2mot     ret=0  data=['0xe8', '0x03']
14:47:06.408  DEBUG   [client]  -> read  st2mot    
14:47:06.411  DEBUG   [client]  <- read  st2mot     ret=0  data=['0xcf', '0x03']
14:47:06.608  DEBUG   [client]  -> read  st2mot    
14:47:06.611  DEBUG   [client]  <- read  st2mot     ret=0  data=['0x01', '0x04']
14:47:06.708  DEBUG   [poll]    -> read  st2mot    
14:47:06.712  DEBUG   [poll]    <- read  st2mot     ret=0  data=['0xe8', '0x03']
14:47:06.712  DEBUG   [poll]    -> read  st0cur    
14:47:06.716  DEBUG   [poll]    <- read  st0cur     ret=0  data=['0xf6', '0x01', '0xf7', '0x01']
14:47:06.808  DEBUG   [client]  -> read  st2mot    
14:47:06.811  DEBUG   [client]  <- read  st2mot     ret=0  data=['0xe8', '0x03']
14:47:07.008  DEBUG   [client]  -> read  st2mot    
14:47:07.011  DEBUG   [client]  <- read  st2mot     ret=0  data=['0xe8', '0x03']
14:47:07.013  DEBUG   [client]  -> read  st0cur    
14:47:07.017  DEBUG   [client]  <- read  st0cur     ret=0  data=['0xf6', '0x01', '0xf7', '0x01']
14:47:07.208  DEBUG   [client]  -> read  st2mot    
14:47:07.211  DEBUG   [client]  <- read  st2mot     ret=0  data=['0xe8', '0x03']
14:47:07.408  DEBUG   [client]  -> read  st2mot    
14:47:07.411  DEBUG   [client]  <- read  st2mot     ret=0  data=['0xe8', '0x03']
14:47:07.608  DEBUG   [client]  -> read  st2mot    
14:47:07.611  DEBUG   [client]  <- read  st2mot     ret=0  data=['0xe8', '0x03']
14:47:07.718  DEBUG   [poll]    -> read  st2mot    
14:47:07.721  DEBUG   [poll]    <- read  st2mot     ret=0  data=['0xe8', '0x03']
14:47:07.722  DEBUG   [poll]    -> read  st0cur    
14:47:07.726  DEBUG   [poll]    <- read  st0cur     ret=0  data=['0xf5', '0x01', '0xf8', '0x01']
14:47:07.808  DEBUG   [client]  -> read  st2mot    
14:47:07.811  DEBUG   [client]  <- read  st2mot     ret=0  data=['0xe8', '0x03']
14:47:07.813  DEBUG   [client]  -> write cntl3mot   data=['0x03', '0x20']
14:47:08.069  DEBUG   [client]  -> write cntl3mot   data=['0x02', '0x58']
14:47:08.324  DEBUG   [client]  -> write cntl3mot   data=['0x01', '0x90']
14:47:08.580  DEBUG   [client]  -> write cntl3mot   data=['0x00', '0xc8']
14:47:08.727  DEBUG   [poll]    -> read  st2mot    
14:47:08.731  DEBUG   [poll]    <- read  st2mot     ret=0  data=['0xfa', '0x00']
14:47:08.731  DEBUG   [poll]    -> read  st0cur    
14:47:08.735  DEBUG   [poll]    <- read  st0cur     ret=0  data=['0xf7', '0x01', '0xfa', '0x01']
14:47:08.838  DEBUG   [client]  -> write cntl3mot   data=['0x00', '0x00']
14:47:08.842  WARNING client disconnected — stopping motor
14:47:08.843  DEBUG   [client]  -> write cntl3mot   data=['0x00', '0x00']
14:47:08.847  INFO    client disconnected
14:47:09.290  INFO    client connected
14:47:09.291  DEBUG   [client]  -> read  st3mot    
14:47:09.295  DEBUG   [client]  <- read  st3mot     ret=0  data=['0x01', '0x00', '0x01', '0x06']
14:47:09.295  WARNING client disconnected — stopping motor
14:47:09.296  DEBUG   [client]  -> write cntl3mot   data=['0x00', '0x00']
14:47:09.299  INFO    client disconnected
14:47:09.737  DEBUG   [poll]    -> read  st2mot    
14:47:09.740  DEBUG   [poll]    <- read  st2mot     ret=0  data=['0x00', '0x00']
14:47:09.740  DEBUG   [poll]    -> read  st0cur    
14:47:09.744  DEBUG   [poll]    <- read  st0cur     ret=0  data=['0xfd', '0x01', '0x00', '0x02']
14:47:10.746  DEBUG   [poll]    -> read  st2mot    
14:47:10.749  DEBUG   [poll]    <- read  st2mot     ret=0  data=['0x00', '0x00']
14:47:10.749  DEBUG   [poll]    -> read  st0cur    
14:47:10.754  DEBUG   [poll]    <- read  st0cur     ret=0  data=['0xfe', '0x01', '0x01', '0x02']
14:47:11.755  DEBUG   [poll]    -> read  st2mot    
14:47:11.758  DEBUG   [poll]    <- read  st2mot     ret=0  data=['0x00', '0x00']
14:47:11.759  DEBUG   [poll]    -> read  st0cur    
14:47:11.763  DEBUG   [poll]    <- read  st0cur     ret=0  data=['0xfe', '0x01', '0x01', '0x02']
14:47:12.764  DEBUG   [poll]    -> read  st2mot    
14:47:12.768  DEBUG   [poll]    <- read  st2mot     ret=0  data=['0x00', '0x00']
14:47:12.768  DEBUG   [poll]    -> read  st0cur    
14:47:12.773  DEBUG   [poll]    <- read  st0cur     ret=0  data=['0xfe', '0x01', '0x01', '0x02']
14:47:13.774  DEBUG   [poll]    -> read  st2mot    
14:47:13.778  DEBUG   [poll]    <- read  st2mot     ret=0  data=['0x00', '0x00']
14:47:13.778  DEBUG   [poll]    -> read  st0cur    
14:47:13.782  DEBUG   [poll]    <- read  st0cur     ret=0  data=['0xfe', '0x01', '0x01', '0x02']
14:47:14.784  DEBUG   [poll]    -> read  st2mot    
14:47:14.787  DEBUG   [poll]    <- read  st2mot     ret=0  data=['0x00', '0x00']
14:47:14.788  DEBUG   [poll]    -> read  st0cur    
14:47:14.792  DEBUG   [poll]    <- read  st0cur     ret=0  data=['0xfe', '0x01', '0x01', '0x02']
14:47:15.793  DEBUG   [poll]    -> read  st2mot    
14:47:15.797  DEBUG   [poll]    <- read  st2mot     ret=0  data=['0x00', '0x00']
14:47:15.797  DEBUG   [poll]    -> read  st0cur    
14:47:15.802  DEBUG   [poll]    <- read  st0cur     ret=0  data=['0xfe', '0x01', '0x02', '0x02']
14:47:16.803  DEBUG   [poll]    -> read  st2mot    
14:47:16.806  DEBUG   [poll]    <- read  st2mot     ret=0  data=['0x00', '0x00']
14:47:16.807  DEBUG   [poll]    -> read  st0cur    
14:47:16.811  DEBUG   [poll]    <- read  st0cur     ret=0  data=['0xfd', '0x01', '0x01', '0x02']
14:47:17.471  INFO    client connected
14:47:17.472  DEBUG   [client]  -> read  st3mot    
14:47:17.476  DEBUG   [client]  <- read  st3mot     ret=0  data=['0x01', '0x00', '0x01', '0x06']
14:47:17.476  WARNING client disconnected — stopping motor
14:47:17.477  DEBUG   [client]  -> write cntl3mot   data=['0x00', '0x00']
14:47:17.480  INFO    client disconnected
14:47:17.813  DEBUG   [poll]    -> read  st2mot    
14:47:17.816  DEBUG   [poll]    <- read  st2mot     ret=0  data=['0x00', '0x00']
14:47:17.816  DEBUG   [poll]    -> read  st0cur    
14:47:17.820  DEBUG   [poll]    <- read  st0cur     ret=0  data=['0xfd', '0x01', '0x01', '0x02']
14:47:17.911  INFO    client connected
14:47:17.912  DEBUG   [client]  -> write cntl0mot   data=['0xf6', '0x08']
14:47:17.916  DEBUG   [client]  -> write cntl3mot   data=['0x00', '0x00']
14:47:17.920  DEBUG   [client]  -> write cntl3mot   data=['0x03', '0xe8']
14:47:17.926  DEBUG   [client]  -> read  st2mot    
14:47:17.929  DEBUG   [client]  <- read  st2mot     ret=0  data=['0x00', '0x00']
14:47:17.930  DEBUG   [client]  -> read  st0cur    
14:47:17.934  DEBUG   [client]  <- read  st0cur     ret=0  data=['0xfd', '0x01', '0x01', '0x02']
14:47:18.126  DEBUG   [client]  -> read  st2mot    
14:47:18.129  DEBUG   [client]  <- read  st2mot     ret=0  data=['0x19', '0x00']
14:47:18.326  DEBUG   [client]  -> read  st2mot    
14:47:18.330  DEBUG   [client]  <- read  st2mot     ret=0  data=['0x00', '0x00']
14:47:18.526  DEBUG   [client]  -> read  st2mot    
14:47:18.530  DEBUG   [client]  <- read  st2mot     ret=0  data=['0xaf', '0x00']
14:47:18.726  DEBUG   [client]  -> read  st2mot    
14:47:18.730  DEBUG   [client]  <- read  st2mot     ret=0  data=['0x27', '0x06']
14:47:18.821  DEBUG   [poll]    -> read  st2mot    
14:47:18.830  DEBUG   [poll]    <- read  st2mot     ret=0  data=['0xa4', '0x06']
14:47:18.830  DEBUG   [poll]    -> read  st0cur    
14:47:18.835  DEBUG   [poll]    <- read  st0cur     ret=0  data=['0xf6', '0x01', '0xfb', '0x01']
14:47:18.926  DEBUG   [client]  -> read  st2mot    
14:47:18.929  DEBUG   [client]  <- read  st2mot     ret=0  data=['0x59', '0x06']
14:47:18.931  DEBUG   [client]  -> read  st0cur    
14:47:18.935  DEBUG   [client]  <- read  st0cur     ret=0  data=['0xf6', '0x01', '0xfb', '0x01']
14:47:19.126  DEBUG   [client]  -> read  st2mot    
14:47:19.130  DEBUG   [client]  <- read  st2mot     ret=0  data=['0xe2', '0x04']
14:47:19.326  DEBUG   [client]  -> read  st2mot    
14:47:19.330  DEBUG   [client]  <- read  st2mot     ret=0  data=['0xcf', '0x03']
14:47:19.526  DEBUG   [client]  -> read  st2mot    
14:47:19.530  DEBUG   [client]  <- read  st2mot     ret=0  data=['0x39', '0x03']
14:47:19.726  DEBUG   [client]  -> read  st2mot    
14:47:19.730  DEBUG   [client]  <- read  st2mot     ret=0  data=['0x84', '0x03']
14:47:19.836  DEBUG   [poll]    -> read  st2mot    
14:47:19.840  DEBUG   [poll]    <- read  st2mot     ret=0  data=['0xcf', '0x03']
14:47:19.840  DEBUG   [poll]    -> read  st0cur    
14:47:19.844  DEBUG   [poll]    <- read  st0cur     ret=0  data=['0xf5', '0x01', '0xf6', '0x01']
14:47:19.926  DEBUG   [client]  -> read  st2mot    
14:47:19.929  DEBUG   [client]  <- read  st2mot     ret=0  data=['0xcf', '0x03']
14:47:19.931  DEBUG   [client]  -> read  st0cur    
14:47:19.936  DEBUG   [client]  <- read  st0cur     ret=0  data=['0xf5', '0x01', '0xf6', '0x01']
14:47:20.126  DEBUG   [client]  -> read  st2mot    
14:47:20.130  DEBUG   [client]  <- read  st2mot     ret=0  data=['0x33', '0x04']
14:47:20.326  DEBUG   [client]  -> read  st2mot    
14:47:20.330  DEBUG   [client]  <- read  st2mot     ret=0  data=['0x01', '0x04']
14:47:20.526  DEBUG   [client]  -> read  st2mot    
14:47:20.530  DEBUG   [client]  <- read  st2mot     ret=0  data=['0xcf', '0x03']
14:47:20.726  DEBUG   [client]  -> read  st2mot    
14:47:20.730  DEBUG   [client]  <- read  st2mot     ret=0  data=['0x01', '0x04']
14:47:20.846  DEBUG   [poll]    -> read  st2mot    
14:47:20.849  DEBUG   [poll]    <- read  st2mot     ret=0  data=['0xcf', '0x03']
14:47:20.850  DEBUG   [poll]    -> read  st0cur    
14:47:20.854  DEBUG   [poll]    <- read  st0cur     ret=0  data=['0xf5', '0x01', '0xf5', '0x01']
14:47:20.926  DEBUG   [client]  -> read  st2mot    
14:47:20.930  DEBUG   [client]  <- read  st2mot     ret=0  data=['0xe8', '0x03']
14:47:20.931  DEBUG   [client]  -> read  st0cur    
14:47:20.936  DEBUG   [client]  <- read  st0cur     ret=0  data=['0xf5', '0x01', '0xf5', '0x01']
14:47:21.126  DEBUG   [client]  -> read  st2mot    
14:47:21.130  DEBUG   [client]  <- read  st2mot     ret=0  data=['0xe8', '0x03']
14:47:21.326  DEBUG   [client]  -> read  st2mot    
14:47:21.330  DEBUG   [client]  <- read  st2mot     ret=0  data=['0x01', '0x04']
14:47:21.526  DEBUG   [client]  -> read  st2mot    
14:47:21.530  DEBUG   [client]  <- read  st2mot     ret=0  data=['0xe8', '0x03']
14:47:21.726  DEBUG   [client]  -> read  st2mot    
14:47:21.730  DEBUG   [client]  <- read  st2mot     ret=0  data=['0xe8', '0x03']
14:47:21.855  DEBUG   [poll]    -> read  st2mot    
14:47:21.859  DEBUG   [poll]    <- read  st2mot     ret=0  data=['0x01', '0x04']
14:47:21.859  DEBUG   [poll]    -> read  st0cur    
14:47:21.863  DEBUG   [poll]    <- read  st0cur     ret=0  data=['0xf6', '0x01', '0xf7', '0x01']
14:47:21.926  DEBUG   [client]  -> read  st2mot    
14:47:21.930  DEBUG   [client]  <- read  st2mot     ret=0  data=['0xcf', '0x03']
14:47:21.931  DEBUG   [client]  -> read  st0cur    
14:47:21.936  DEBUG   [client]  <- read  st0cur     ret=0  data=['0xf6', '0x01', '0xf7', '0x01']
14:47:22.126  DEBUG   [client]  -> read  st2mot    
14:47:22.130  DEBUG   [client]  <- read  st2mot     ret=0  data=['0xe8', '0x03']
14:47:22.326  DEBUG   [client]  -> read  st2mot    
14:47:22.330  DEBUG   [client]  <- read  st2mot     ret=0  data=['0xe8', '0x03']
14:47:22.526  DEBUG   [client]  -> read  st2mot    
14:47:22.530  DEBUG   [client]  <- read  st2mot     ret=0  data=['0xe8', '0x03']
14:47:22.726  DEBUG   [client]  -> read  st2mot    
14:47:22.730  DEBUG   [client]  <- read  st2mot     ret=0  data=['0xe8', '0x03']
14:47:22.865  DEBUG   [poll]    -> read  st2mot    
14:47:22.868  DEBUG   [poll]    <- read  st2mot     ret=0  data=['0xe8', '0x03']
14:47:22.869  DEBUG   [poll]    -> read  st0cur    
14:47:22.873  DEBUG   [poll]    <- read  st0cur     ret=0  data=['0xf7', '0x01', '0xf8', '0x01']
14:47:22.926  DEBUG   [client]  -> read  st2mot    
14:47:22.930  DEBUG   [client]  <- read  st2mot     ret=0  data=['0xe8', '0x03']
14:47:22.931  DEBUG   [client]  -> read  st0cur    
14:47:22.936  DEBUG   [client]  <- read  st0cur     ret=0  data=['0xf7', '0x01', '0xf8', '0x01']
14:47:23.126  DEBUG   [client]  -> read  st2mot    
14:47:23.130  DEBUG   [client]  <- read  st2mot     ret=0  data=['0x01', '0x04']
14:47:23.326  DEBUG   [client]  -> read  st2mot    
14:47:23.330  DEBUG   [client]  <- read  st2mot     ret=0  data=['0xe8', '0x03']
14:47:23.526  DEBUG   [client]  -> read  st2mot    
14:47:23.530  DEBUG   [client]  <- read  st2mot     ret=0  data=['0xe8', '0x03']
14:47:23.726  DEBUG   [client]  -> read  st2mot    
14:47:23.730  DEBUG   [client]  <- read  st2mot     ret=0  data=['0xe8', '0x03']
14:47:23.874  DEBUG   [poll]    -> read  st2mot    
14:47:23.882  DEBUG   [poll]    <- read  st2mot     ret=0  data=['0xe8', '0x03']
14:47:23.883  DEBUG   [poll]    -> read  st0cur    
14:47:23.887  DEBUG   [poll]    <- read  st0cur     ret=0  data=['0xf6', '0x01', '0xf6', '0x01']
14:47:23.926  DEBUG   [client]  -> read  st2mot    
14:47:23.930  DEBUG   [client]  <- read  st2mot     ret=0  data=['0xe8', '0x03']
14:47:23.931  DEBUG   [client]  -> read  st0cur    
14:47:23.936  DEBUG   [client]  <- read  st0cur     ret=0  data=['0xf6', '0x01', '0xf6', '0x01']
14:47:24.126  DEBUG   [client]  -> read  st2mot    
14:47:24.130  DEBUG   [client]  <- read  st2mot     ret=0  data=['0x01', '0x04']
14:47:24.326  DEBUG   [client]  -> read  st2mot    
14:47:24.330  DEBUG   [client]  <- read  st2mot     ret=0  data=['0xcf', '0x03']
14:47:24.526  DEBUG   [client]  -> read  st2mot    
14:47:24.530  DEBUG   [client]  <- read  st2mot     ret=0  data=['0xe8', '0x03']
14:47:24.726  DEBUG   [client]  -> read  st2mot    
14:47:24.730  DEBUG   [client]  <- read  st2mot     ret=0  data=['0xe8', '0x03']
14:47:24.732  DEBUG   [client]  -> write cntl3mot   data=['0x03', '0x20']
14:47:24.889  DEBUG   [poll]    -> read  st2mot    
14:47:24.892  DEBUG   [poll]    <- read  st2mot     ret=0  data=['0xb6', '0x03']
14:47:24.892  DEBUG   [poll]    -> read  st0cur    
14:47:24.896  DEBUG   [poll]    <- read  st0cur     ret=0  data=['0xf6', '0x01', '0xf6', '0x01']
14:47:24.987  DEBUG   [client]  -> write cntl3mot   data=['0x02', '0x58']
14:47:25.243  DEBUG   [client]  -> write cntl3mot   data=['0x01', '0x90']
14:47:25.498  DEBUG   [client]  -> write cntl3mot   data=['0x00', '0xc8']
14:47:25.754  DEBUG   [client]  -> write cntl3mot   data=['0x00', '0x00']
14:47:25.759  WARNING client disconnected — stopping motor
14:47:25.760  DEBUG   [client]  -> write cntl3mot   data=['0x00', '0x00']
14:47:25.764  INFO    client disconnected
14:47:25.898  DEBUG   [poll]    -> read  st2mot    
14:47:25.901  DEBUG   [poll]    <- read  st2mot     ret=0  data=['0x00', '0x00']
14:47:25.901  DEBUG   [poll]    -> read  st0cur    
14:47:25.905  DEBUG   [poll]    <- read  st0cur     ret=0  data=['0xf9', '0x01', '0xf9', '0x01']
14:47:25.906  WARNING *** OBSERVED STALL SIGNATURE (not acted on yet) — current=-0.34A while rpm=0 ***
14:47:26.294  INFO    client connected
14:47:26.294  DEBUG   [client]  -> read  st3mot    
14:47:26.298  DEBUG   [client]  <- read  st3mot     ret=0  data=['0x01', '0x00', '0x01', '0x06']
14:47:26.299  WARNING client disconnected — stopping motor
14:47:26.299  DEBUG   [client]  -> write cntl3mot   data=['0x00', '0x00']
14:47:26.303  INFO    client disconnected
14:47:26.907  DEBUG   [poll]    -> read  st2mot    
14:47:26.910  DEBUG   [poll]    <- read  st2mot     ret=0  data=['0x00', '0x00']
14:47:26.910  DEBUG   [poll]    -> read  st0cur    
14:47:26.914  DEBUG   [poll]    <- read  st0cur     ret=0  data=['0xfd', '0x01', '0x01', '0x02']
14:47:27.916  DEBUG   [poll]    -> read  st2mot    
14:47:27.919  DEBUG   [poll]    <- read  st2mot     ret=0  data=['0x00', '0x00']
14:47:27.920  DEBUG   [poll]    -> read  st0cur    
14:47:27.924  DEBUG   [poll]    <- read  st0cur     ret=0  data=['0xfe', '0x01', '0x01', '0x02']
14:47:28.925  DEBUG   [poll]    -> read  st2mot    
14:47:28.929  DEBUG   [poll]    <- read  st2mot     ret=0  data=['0x00', '0x00']
14:47:28.930  DEBUG   [poll]    -> read  st0cur    
14:47:28.934  DEBUG   [poll]    <- read  st0cur     ret=0  data=['0xfe', '0x01', '0x01', '0x02']
14:47:29.936  DEBUG   [poll]    -> read  st2mot    
14:47:29.939  DEBUG   [poll]    <- read  st2mot     ret=0  data=['0x00', '0x00']
14:47:29.939  DEBUG   [poll]    -> read  st0cur    
14:47:29.944  DEBUG   [poll]    <- read  st0cur     ret=0  data=['0xfe', '0x01', '0x01', '0x02']
