17:07:31.732  INFO    === watchdog.py — LIVE bus ===
17:07:31.756  INFO    listening on /tmp/motorwatchdog.sock
17:07:32.758  DEBUG   [poll]    -> read  st2mot    
17:07:32.761  DEBUG   [poll]    <- read  st2mot     ret=0  data=['0x00', '0x00']
17:07:32.762  DEBUG   [poll]    -> read  st0cur    
17:07:32.766  DEBUG   [poll]    <- read  st0cur     ret=0  data=['0xfd', '0x01', '0x01', '0x02']
17:07:33.767  DEBUG   [poll]    -> read  st2mot    
17:07:33.771  DEBUG   [poll]    <- read  st2mot     ret=0  data=['0x00', '0x00']
17:07:33.771  DEBUG   [poll]    -> read  st0cur    
17:07:33.775  DEBUG   [poll]    <- read  st0cur     ret=0  data=['0xfd', '0x01', '0x01', '0x02']
17:07:34.777  DEBUG   [poll]    -> read  st2mot    
17:07:34.780  DEBUG   [poll]    <- read  st2mot     ret=0  data=['0x00', '0x00']
17:07:34.781  DEBUG   [poll]    -> read  st0cur    
17:07:34.785  DEBUG   [poll]    <- read  st0cur     ret=0  data=['0xfd', '0x01', '0x01', '0x02']
17:07:35.786  DEBUG   [poll]    -> read  st2mot    
17:07:35.790  DEBUG   [poll]    <- read  st2mot     ret=0  data=['0x00', '0x00']
17:07:35.790  DEBUG   [poll]    -> read  st0cur    
17:07:35.794  DEBUG   [poll]    <- read  st0cur     ret=0  data=['0xfd', '0x01', '0x01', '0x02']
17:07:36.796  DEBUG   [poll]    -> read  st2mot    
17:07:36.799  DEBUG   [poll]    <- read  st2mot     ret=0  data=['0x00', '0x00']
17:07:36.802  DEBUG   [poll]    -> read  st0cur    
17:07:36.806  DEBUG   [poll]    <- read  st0cur     ret=0  data=['0xfd', '0x01', '0x01', '0x02']
17:07:37.807  DEBUG   [poll]    -> read  st2mot    
17:07:37.811  DEBUG   [poll]    <- read  st2mot     ret=0  data=['0x00', '0x00']
17:07:37.811  DEBUG   [poll]    -> read  st0cur    
17:07:37.815  DEBUG   [poll]    <- read  st0cur     ret=0  data=['0xfd', '0x01', '0x01', '0x02']
17:07:38.817  DEBUG   [poll]    -> read  st2mot    
17:07:38.820  DEBUG   [poll]    <- read  st2mot     ret=0  data=['0x00', '0x00']
17:07:38.821  DEBUG   [poll]    -> read  st0cur    
17:07:38.825  DEBUG   [poll]    <- read  st0cur     ret=0  data=['0xfd', '0x01', '0x01', '0x02']
17:07:39.826  DEBUG   [poll]    -> read  st2mot    
17:07:39.830  DEBUG   [poll]    <- read  st2mot     ret=0  data=['0x00', '0x00']
17:07:39.830  DEBUG   [poll]    -> read  st0cur    
17:07:39.834  DEBUG   [poll]    <- read  st0cur     ret=0  data=['0xfd', '0x01', '0x01', '0x02']
17:07:40.835  DEBUG   [poll]    -> read  st2mot    
17:07:40.838  DEBUG   [poll]    <- read  st2mot     ret=0  data=['0x00', '0x00']
17:07:40.839  DEBUG   [poll]    -> read  st0cur    
17:07:40.842  DEBUG   [poll]    <- read  st0cur     ret=0  data=['0xfc', '0x01', '0x01', '0x02']
17:07:40.843  WARNING *** OBSERVED STALL SIGNATURE (not acted on yet) — current=-0.20A while rpm=0 ***
17:07:41.844  DEBUG   [poll]    -> read  st2mot    
17:07:41.848  DEBUG   [poll]    <- read  st2mot     ret=0  data=['0x00', '0x00']
17:07:41.849  DEBUG   [poll]    -> read  st0cur    
17:07:41.853  DEBUG   [poll]    <- read  st0cur     ret=0  data=['0xfd', '0x01', '0x01', '0x02']
17:07:42.855  DEBUG   [poll]    -> read  st2mot    
17:07:42.858  DEBUG   [poll]    <- read  st2mot     ret=0  data=['0x00', '0x00']
17:07:42.859  DEBUG   [poll]    -> read  st0cur    
17:07:42.863  DEBUG   [poll]    <- read  st0cur     ret=0  data=['0xfd', '0x01', '0x01', '0x02']
17:07:43.865  DEBUG   [poll]    -> read  st2mot    
17:07:43.868  DEBUG   [poll]    <- read  st2mot     ret=0  data=['0x00', '0x00']
17:07:43.868  DEBUG   [poll]    -> read  st0cur    
17:07:43.872  DEBUG   [poll]    <- read  st0cur     ret=0  data=['0xfd', '0x01', '0x01', '0x02']
17:07:44.873  DEBUG   [poll]    -> read  st2mot    
17:07:44.877  DEBUG   [poll]    <- read  st2mot     ret=0  data=['0x00', '0x00']
17:07:44.877  DEBUG   [poll]    -> read  st0cur    
17:07:44.881  DEBUG   [poll]    <- read  st0cur     ret=0  data=['0xfd', '0x01', '0x01', '0x02']
17:07:45.883  DEBUG   [poll]    -> read  st2mot    
17:07:45.886  DEBUG   [poll]    <- read  st2mot     ret=0  data=['0x00', '0x00']
17:07:45.887  DEBUG   [poll]    -> read  st0cur    
17:07:45.891  DEBUG   [poll]    <- read  st0cur     ret=0  data=['0xfd', '0x01', '0x01', '0x02']
17:07:46.893  DEBUG   [poll]    -> read  st2mot    
17:07:46.896  DEBUG   [poll]    <- read  st2mot     ret=0  data=['0x00', '0x00']
17:07:46.897  DEBUG   [poll]    -> read  st0cur    
17:07:46.901  DEBUG   [poll]    <- read  st0cur     ret=0  data=['0xfd', '0x01', '0x01', '0x02']
17:07:47.902  DEBUG   [poll]    -> read  st2mot    
17:07:47.906  DEBUG   [poll]    <- read  st2mot     ret=0  data=['0x00', '0x00']
17:07:47.906  DEBUG   [poll]    -> read  st0cur    
17:07:47.910  DEBUG   [poll]    <- read  st0cur     ret=0  data=['0xfd', '0x01', '0x01', '0x02']
17:07:48.912  DEBUG   [poll]    -> read  st2mot    
17:07:48.915  DEBUG   [poll]    <- read  st2mot     ret=0  data=['0x00', '0x00']
17:07:48.916  DEBUG   [poll]    -> read  st0cur    
17:07:48.920  DEBUG   [poll]    <- read  st0cur     ret=0  data=['0xfd', '0x01', '0x01', '0x02']
17:07:49.922  DEBUG   [poll]    -> read  st2mot    
17:07:49.925  DEBUG   [poll]    <- read  st2mot     ret=0  data=['0x00', '0x00']
17:07:49.925  DEBUG   [poll]    -> read  st0cur    
17:07:49.930  DEBUG   [poll]    <- read  st0cur     ret=0  data=['0xfd', '0x01', '0x01', '0x02']
17:07:50.931  DEBUG   [poll]    -> read  st2mot    
17:07:50.934  DEBUG   [poll]    <- read  st2mot     ret=0  data=['0x00', '0x00']
17:07:50.935  DEBUG   [poll]    -> read  st0cur    
17:07:50.939  DEBUG   [poll]    <- read  st0cur     ret=0  data=['0xfd', '0x01', '0x01', '0x02']
17:07:51.940  DEBUG   [poll]    -> read  st2mot    
17:07:51.944  DEBUG   [poll]    <- read  st2mot     ret=0  data=['0x00', '0x00']
17:07:51.944  DEBUG   [poll]    -> read  st0cur    
17:07:51.949  DEBUG   [poll]    <- read  st0cur     ret=0  data=['0xfd', '0x01', '0x01', '0x02']
17:07:52.950  DEBUG   [poll]    -> read  st2mot    
17:07:52.954  DEBUG   [poll]    <- read  st2mot     ret=0  data=['0x00', '0x00']
17:07:52.954  DEBUG   [poll]    -> read  st0cur    
17:07:52.958  DEBUG   [poll]    <- read  st0cur     ret=0  data=['0xfd', '0x01', '0x01', '0x02']
17:07:53.960  DEBUG   [poll]    -> read  st2mot    
17:07:53.963  DEBUG   [poll]    <- read  st2mot     ret=0  data=['0x00', '0x00']
17:07:53.964  DEBUG   [poll]    -> read  st0cur    
17:07:53.968  DEBUG   [poll]    <- read  st0cur     ret=0  data=['0xfd', '0x01', '0x01', '0x02']
17:07:54.970  DEBUG   [poll]    -> read  st2mot    
17:07:54.973  DEBUG   [poll]    <- read  st2mot     ret=0  data=['0x00', '0x00']
17:07:54.973  DEBUG   [poll]    -> read  st0cur    
17:07:54.978  DEBUG   [poll]    <- read  st0cur     ret=0  data=['0xfd', '0x01', '0x01', '0x02']
17:07:55.979  DEBUG   [poll]    -> read  st2mot    
17:07:55.983  DEBUG   [poll]    <- read  st2mot     ret=0  data=['0x00', '0x00']
17:07:55.983  DEBUG   [poll]    -> read  st0cur    
17:07:55.987  DEBUG   [poll]    <- read  st0cur     ret=0  data=['0xfd', '0x01', '0x01', '0x02']
17:07:56.989  DEBUG   [poll]    -> read  st2mot    
17:07:56.992  DEBUG   [poll]    <- read  st2mot     ret=0  data=['0x00', '0x00']
17:07:56.993  DEBUG   [poll]    -> read  st0cur    
17:07:56.997  DEBUG   [poll]    <- read  st0cur     ret=0  data=['0xfd', '0x01', '0x01', '0x02']
17:07:57.999  DEBUG   [poll]    -> read  st2mot    
17:07:58.002  DEBUG   [poll]    <- read  st2mot     ret=0  data=['0x00', '0x00']
17:07:58.002  DEBUG   [poll]    -> read  st0cur    
17:07:58.007  DEBUG   [poll]    <- read  st0cur     ret=0  data=['0xfd', '0x01', '0x01', '0x02']
17:07:59.008  DEBUG   [poll]    -> read  st2mot    
17:07:59.012  DEBUG   [poll]    <- read  st2mot     ret=0  data=['0x00', '0x00']
17:07:59.012  DEBUG   [poll]    -> read  st0cur    
17:07:59.016  DEBUG   [poll]    <- read  st0cur     ret=0  data=['0xfd', '0x01', '0x01', '0x02']
17:08:00.018  DEBUG   [poll]    -> read  st2mot    
17:08:00.021  DEBUG   [poll]    <- read  st2mot     ret=0  data=['0x00', '0x00']
17:08:00.022  DEBUG   [poll]    -> read  st0cur    
17:08:00.027  DEBUG   [poll]    <- read  st0cur     ret=0  data=['0xfd', '0x01', '0x01', '0x02']
17:08:01.028  DEBUG   [poll]    -> read  st2mot    
17:08:01.032  DEBUG   [poll]    <- read  st2mot     ret=0  data=['0x00', '0x00']
17:08:01.032  DEBUG   [poll]    -> read  st0cur    
17:08:01.037  DEBUG   [poll]    <- read  st0cur     ret=0  data=['0xfd', '0x01', '0x01', '0x02']
17:08:02.038  DEBUG   [poll]    -> read  st2mot    
17:08:02.042  DEBUG   [poll]    <- read  st2mot     ret=0  data=['0x00', '0x00']
17:08:02.042  DEBUG   [poll]    -> read  st0cur    
17:08:02.047  DEBUG   [poll]    <- read  st0cur     ret=0  data=['0xfd', '0x01', '0x01', '0x02']
17:08:03.048  DEBUG   [poll]    -> read  st2mot    
17:08:03.052  DEBUG   [poll]    <- read  st2mot     ret=0  data=['0x00', '0x00']
17:08:03.052  DEBUG   [poll]    -> read  st0cur    
17:08:03.056  DEBUG   [poll]    <- read  st0cur     ret=0  data=['0xfd', '0x01', '0x01', '0x02']
17:08:04.058  DEBUG   [poll]    -> read  st2mot    
17:08:04.061  DEBUG   [poll]    <- read  st2mot     ret=0  data=['0x00', '0x00']
17:08:04.062  DEBUG   [poll]    -> read  st0cur    
17:08:04.066  DEBUG   [poll]    <- read  st0cur     ret=0  data=['0xfd', '0x01', '0x01', '0x02']
17:08:05.067  DEBUG   [poll]    -> read  st2mot    
17:08:05.071  DEBUG   [poll]    <- read  st2mot     ret=0  data=['0x00', '0x00']
17:08:05.071  DEBUG   [poll]    -> read  st0cur    
17:08:05.075  DEBUG   [poll]    <- read  st0cur     ret=0  data=['0xfd', '0x01', '0x01', '0x02']
17:08:06.077  DEBUG   [poll]    -> read  st2mot    
17:08:06.080  DEBUG   [poll]    <- read  st2mot     ret=0  data=['0x00', '0x00']
17:08:06.080  DEBUG   [poll]    -> read  st0cur    
17:08:06.084  DEBUG   [poll]    <- read  st0cur     ret=0  data=['0xfd', '0x01', '0x01', '0x02']
17:08:07.086  DEBUG   [poll]    -> read  st2mot    
17:08:07.089  DEBUG   [poll]    <- read  st2mot     ret=0  data=['0x00', '0x00']
17:08:07.090  DEBUG   [poll]    -> read  st0cur    
17:08:07.094  DEBUG   [poll]    <- read  st0cur     ret=0  data=['0xfd', '0x01', '0x01', '0x02']
17:08:08.096  DEBUG   [poll]    -> read  st2mot    
17:08:08.099  DEBUG   [poll]    <- read  st2mot     ret=0  data=['0x00', '0x00']
17:08:08.100  DEBUG   [poll]    -> read  st0cur    
17:08:08.104  DEBUG   [poll]    <- read  st0cur     ret=0  data=['0xfd', '0x01', '0x01', '0x02']
17:08:09.105  DEBUG   [poll]    -> read  st2mot    
17:08:09.109  DEBUG   [poll]    <- read  st2mot     ret=0  data=['0x00', '0x00']
17:08:09.109  DEBUG   [poll]    -> read  st0cur    
17:08:09.113  DEBUG   [poll]    <- read  st0cur     ret=0  data=['0xfd', '0x01', '0x01', '0x02']
17:08:09.950  INFO    client connected
17:08:10.115  DEBUG   [poll]    -> read  st2mot    
17:08:10.118  DEBUG   [poll]    <- read  st2mot     ret=0  data=['0x00', '0x00']
17:08:10.119  DEBUG   [poll]    -> read  st0cur    
17:08:10.123  DEBUG   [poll]    <- read  st0cur     ret=0  data=['0xfd', '0x01', '0x01', '0x02']
17:08:11.124  DEBUG   [poll]    -> read  st2mot    
17:08:11.128  DEBUG   [poll]    <- read  st2mot     ret=0  data=['0x00', '0x00']
17:08:11.128  DEBUG   [poll]    -> read  st0cur    
17:08:11.132  DEBUG   [poll]    <- read  st0cur     ret=0  data=['0xfd', '0x01', '0x01', '0x02']
17:08:12.134  DEBUG   [poll]    -> read  st2mot    
17:08:12.137  DEBUG   [poll]    <- read  st2mot     ret=0  data=['0x00', '0x00']
17:08:12.139  DEBUG   [poll]    -> read  st0cur    
17:08:12.143  DEBUG   [poll]    <- read  st0cur     ret=0  data=['0xfd', '0x01', '0x01', '0x02']
17:08:13.144  DEBUG   [poll]    -> read  st2mot    
17:08:13.148  DEBUG   [poll]    <- read  st2mot     ret=0  data=['0x00', '0x00']
17:08:13.148  DEBUG   [poll]    -> read  st0cur    
17:08:13.152  DEBUG   [poll]    <- read  st0cur     ret=0  data=['0xfd', '0x01', '0x01', '0x02']
17:08:14.154  DEBUG   [poll]    -> read  st2mot    
17:08:14.157  DEBUG   [poll]    <- read  st2mot     ret=0  data=['0x00', '0x00']
17:08:14.158  DEBUG   [poll]    -> read  st0cur    
17:08:14.162  DEBUG   [poll]    <- read  st0cur     ret=0  data=['0xfd', '0x01', '0x01', '0x02']
17:08:15.163  DEBUG   [poll]    -> read  st2mot    
17:08:15.167  DEBUG   [poll]    <- read  st2mot     ret=0  data=['0x00', '0x00']
17:08:15.167  DEBUG   [poll]    -> read  st0cur    
17:08:15.171  DEBUG   [poll]    <- read  st0cur     ret=0  data=['0xfd', '0x01', '0x01', '0x02']
17:08:16.173  DEBUG   [poll]    -> read  st2mot    
17:08:16.176  DEBUG   [poll]    <- read  st2mot     ret=0  data=['0x00', '0x00']
17:08:16.177  DEBUG   [poll]    -> read  st0cur    
17:08:16.181  DEBUG   [poll]    <- read  st0cur     ret=0  data=['0xfd', '0x01', '0x01', '0x02']
17:08:17.183  DEBUG   [poll]    -> read  st2mot    
17:08:17.186  DEBUG   [poll]    <- read  st2mot     ret=0  data=['0x00', '0x00']
17:08:17.186  DEBUG   [poll]    -> read  st0cur    
17:08:17.191  DEBUG   [poll]    <- read  st0cur     ret=0  data=['0xfd', '0x01', '0x01', '0x02']
17:08:18.192  DEBUG   [poll]    -> read  st2mot    
17:08:18.195  DEBUG   [poll]    <- read  st2mot     ret=0  data=['0x00', '0x00']
17:08:18.196  DEBUG   [poll]    -> read  st0cur    
17:08:18.200  DEBUG   [poll]    <- read  st0cur     ret=0  data=['0xfd', '0x01', '0x01', '0x02']
17:08:19.202  DEBUG   [poll]    -> read  st2mot    
17:08:19.205  DEBUG   [poll]    <- read  st2mot     ret=0  data=['0x00', '0x00']
17:08:19.205  DEBUG   [poll]    -> read  st0cur    
17:08:19.210  DEBUG   [poll]    <- read  st0cur     ret=0  data=['0xfd', '0x01', '0x01', '0x02']
17:08:20.211  DEBUG   [poll]    -> read  st2mot    
17:08:20.215  DEBUG   [poll]    <- read  st2mot     ret=0  data=['0x00', '0x00']
17:08:20.215  DEBUG   [poll]    -> read  st0cur    
17:08:20.219  DEBUG   [poll]    <- read  st0cur     ret=0  data=['0xfd', '0x01', '0x01', '0x02']
17:08:21.221  DEBUG   [poll]    -> read  st2mot    
17:08:21.224  DEBUG   [poll]    <- read  st2mot     ret=0  data=['0x00', '0x00']
17:08:21.225  DEBUG   [poll]    -> read  st0cur    
17:08:21.229  DEBUG   [poll]    <- read  st0cur     ret=0  data=['0xfd', '0x01', '0x01', '0x02']
17:08:22.230  DEBUG   [poll]    -> read  st2mot    
17:08:22.234  DEBUG   [poll]    <- read  st2mot     ret=0  data=['0x00', '0x00']
17:08:22.234  DEBUG   [poll]    -> read  st0cur    
17:08:22.238  DEBUG   [poll]    <- read  st0cur     ret=0  data=['0xfd', '0x01', '0x01', '0x02']
17:08:22.906  DEBUG   [client]  -> read  st0mot    
17:08:22.910  DEBUG   [client]  <- read  st0mot     ret=0  data=['0x00', '0x00', '0x01']
17:08:23.240  DEBUG   [poll]    -> read  st2mot    
17:08:23.243  DEBUG   [poll]    <- read  st2mot     ret=0  data=['0x00', '0x00']
17:08:23.244  DEBUG   [poll]    -> read  st0cur    
17:08:23.248  DEBUG   [poll]    <- read  st0cur     ret=0  data=['0xfd', '0x01', '0x01', '0x02']
17:08:24.250  DEBUG   [poll]    -> read  st2mot    
17:08:24.253  DEBUG   [poll]    <- read  st2mot     ret=0  data=['0x00', '0x00']
17:08:24.253  DEBUG   [poll]    -> read  st0cur    
17:08:24.258  DEBUG   [poll]    <- read  st0cur     ret=0  data=['0xfd', '0x01', '0x01', '0x02']
17:08:25.259  DEBUG   [poll]    -> read  st2mot    
17:08:25.262  DEBUG   [poll]    <- read  st2mot     ret=0  data=['0x00', '0x00']
17:08:25.263  DEBUG   [poll]    -> read  st0cur    
17:08:25.267  DEBUG   [poll]    <- read  st0cur     ret=0  data=['0xfd', '0x01', '0x01', '0x02']
17:08:26.269  DEBUG   [poll]    -> read  st2mot    
17:08:26.272  DEBUG   [poll]    <- read  st2mot     ret=0  data=['0x00', '0x00']
17:08:26.272  DEBUG   [poll]    -> read  st0cur    
17:08:26.277  DEBUG   [poll]    <- read  st0cur     ret=0  data=['0xfd', '0x01', '0x01', '0x02']
17:08:26.858  DEBUG   [client]  -> read  st0mot    
17:08:26.862  DEBUG   [client]  <- read  st0mot     ret=0  data=['0x00', '0x01', '0x01']
17:08:27.278  DEBUG   [poll]    -> read  st2mot    
17:08:27.282  DEBUG   [poll]    <- read  st2mot     ret=0  data=['0x00', '0x00']
17:08:27.282  DEBUG   [poll]    -> read  st0cur    
17:08:27.287  DEBUG   [poll]    <- read  st0cur     ret=0  data=['0xfd', '0x01', '0x01', '0x02']
17:08:28.288  DEBUG   [poll]    -> read  st2mot    
17:08:28.292  DEBUG   [poll]    <- read  st2mot     ret=0  data=['0x00', '0x00']
17:08:28.292  DEBUG   [poll]    -> read  st0cur    
17:08:28.296  DEBUG   [poll]    <- read  st0cur     ret=0  data=['0xfd', '0x01', '0x01', '0x02']
17:08:29.298  DEBUG   [poll]    -> read  st2mot    
17:08:29.301  DEBUG   [poll]    <- read  st2mot     ret=0  data=['0x00', '0x00']
17:08:29.301  DEBUG   [poll]    -> read  st0cur    
17:08:29.306  DEBUG   [poll]    <- read  st0cur     ret=0  data=['0xfd', '0x01', '0x01', '0x02']
17:08:30.307  DEBUG   [poll]    -> read  st2mot    
17:08:30.311  DEBUG   [poll]    <- read  st2mot     ret=0  data=['0x00', '0x00']
17:08:30.311  DEBUG   [poll]    -> read  st0cur    
17:08:30.315  DEBUG   [poll]    <- read  st0cur     ret=0  data=['0xfd', '0x01', '0x01', '0x02']
17:08:31.317  DEBUG   [poll]    -> read  st2mot    
17:08:31.320  DEBUG   [poll]    <- read  st2mot     ret=0  data=['0x00', '0x00']
17:08:31.320  DEBUG   [poll]    -> read  st0cur    
17:08:31.325  DEBUG   [poll]    <- read  st0cur     ret=0  data=['0xfd', '0x01', '0x01', '0x02']
17:08:32.326  DEBUG   [poll]    -> read  st2mot    
17:08:32.330  DEBUG   [poll]    <- read  st2mot     ret=0  data=['0x00', '0x00']
17:08:32.330  DEBUG   [poll]    -> read  st0cur    
17:08:32.334  DEBUG   [poll]    <- read  st0cur     ret=0  data=['0xfd', '0x01', '0x01', '0x02']
17:08:33.336  DEBUG   [poll]    -> read  st2mot    
17:08:33.339  DEBUG   [poll]    <- read  st2mot     ret=0  data=['0x00', '0x00']
17:08:33.340  DEBUG   [poll]    -> read  st0cur    
17:08:33.344  DEBUG   [poll]    <- read  st0cur     ret=0  data=['0xfd', '0x01', '0x01', '0x02']
17:08:34.011  DEBUG   [client]  -> read  st0mot    
17:08:34.015  DEBUG   [client]  <- read  st0mot     ret=0  data=['0x00', '0x01', '0x01']
17:08:34.345  DEBUG   [poll]    -> read  st2mot    
17:08:34.349  DEBUG   [poll]    <- read  st2mot     ret=0  data=['0x00', '0x00']
17:08:34.349  DEBUG   [poll]    -> read  st0cur    
17:08:34.354  DEBUG   [poll]    <- read  st0cur     ret=0  data=['0xfd', '0x01', '0x01', '0x02']
17:08:35.355  DEBUG   [poll]    -> read  st2mot    
17:08:35.358  DEBUG   [poll]    <- read  st2mot     ret=0  data=['0x00', '0x00']
17:08:35.359  DEBUG   [poll]    -> read  st0cur    
17:08:35.363  DEBUG   [poll]    <- read  st0cur     ret=0  data=['0xfd', '0x01', '0x01', '0x02']
17:08:36.365  DEBUG   [poll]    -> read  st2mot    
17:08:36.368  DEBUG   [poll]    <- read  st2mot     ret=0  data=['0x00', '0x00']
17:08:36.368  DEBUG   [poll]    -> read  st0cur    
17:08:36.373  DEBUG   [poll]    <- read  st0cur     ret=0  data=['0xfd', '0x01', '0x01', '0x02']
17:08:37.374  DEBUG   [poll]    -> read  st2mot    
17:08:37.377  DEBUG   [poll]    <- read  st2mot     ret=0  data=['0x00', '0x00']
17:08:37.378  DEBUG   [poll]    -> read  st0cur    
17:08:37.382  DEBUG   [poll]    <- read  st0cur     ret=0  data=['0xfd', '0x01', '0x01', '0x02']
17:08:37.756  DEBUG   [client]  -> read  st0mot    
17:08:37.760  DEBUG   [client]  <- read  st0mot     ret=0  data=['0x00', '0x01', '0x00']
17:08:38.384  DEBUG   [poll]    -> read  st2mot    
17:08:38.387  DEBUG   [poll]    <- read  st2mot     ret=0  data=['0x00', '0x00']
17:08:38.388  DEBUG   [poll]    -> read  st0cur    
17:08:38.392  DEBUG   [poll]    <- read  st0cur     ret=0  data=['0xfd', '0x01', '0x01', '0x02']
17:08:39.393  DEBUG   [poll]    -> read  st2mot    
17:08:39.397  DEBUG   [poll]    <- read  st2mot     ret=0  data=['0x00', '0x00']
17:08:39.397  DEBUG   [poll]    -> read  st0cur    
17:08:39.401  DEBUG   [poll]    <- read  st0cur     ret=0  data=['0xfd', '0x01', '0x01', '0x02']
17:08:40.403  DEBUG   [poll]    -> read  st2mot    
17:08:40.406  DEBUG   [poll]    <- read  st2mot     ret=0  data=['0x00', '0x00']
17:08:40.407  DEBUG   [poll]    -> read  st0cur    
17:08:40.411  DEBUG   [poll]    <- read  st0cur     ret=0  data=['0xfd', '0x01', '0x01', '0x02']
17:08:41.412  DEBUG   [poll]    -> read  st2mot    
17:08:41.416  DEBUG   [poll]    <- read  st2mot     ret=0  data=['0x00', '0x00']
17:08:41.416  DEBUG   [poll]    -> read  st0cur    
17:08:41.421  DEBUG   [poll]    <- read  st0cur     ret=0  data=['0xfd', '0x01', '0x01', '0x02']
17:08:42.060  DEBUG   [client]  -> read  st0mot    
17:08:42.064  DEBUG   [client]  <- read  st0mot     ret=0  data=['0x01', '0x01', '0x00']
17:08:42.422  DEBUG   [poll]    -> read  st2mot    
17:08:42.426  DEBUG   [poll]    <- read  st2mot     ret=0  data=['0x00', '0x00']
17:08:42.426  DEBUG   [poll]    -> read  st0cur    
17:08:42.431  DEBUG   [poll]    <- read  st0cur     ret=0  data=['0xfd', '0x01', '0x01', '0x02']
17:08:43.432  DEBUG   [poll]    -> read  st2mot    
17:08:43.436  DEBUG   [poll]    <- read  st2mot     ret=0  data=['0x00', '0x00']
17:08:43.436  DEBUG   [poll]    -> read  st0cur    
17:08:43.440  DEBUG   [poll]    <- read  st0cur     ret=0  data=['0xfd', '0x01', '0x01', '0x02']
17:08:44.442  DEBUG   [poll]    -> read  st2mot    
17:08:44.445  DEBUG   [poll]    <- read  st2mot     ret=0  data=['0x00', '0x00']
17:08:44.446  DEBUG   [poll]    -> read  st0cur    
17:08:44.450  DEBUG   [poll]    <- read  st0cur     ret=0  data=['0xfd', '0x01', '0x01', '0x02']
17:08:45.451  DEBUG   [poll]    -> read  st2mot    
17:08:45.455  DEBUG   [poll]    <- read  st2mot     ret=0  data=['0x00', '0x00']
17:08:45.455  DEBUG   [poll]    -> read  st0cur    
17:08:45.459  DEBUG   [poll]    <- read  st0cur     ret=0  data=['0xfd', '0x01', '0x01', '0x02']
17:08:46.461  DEBUG   [poll]    -> read  st2mot    
17:08:46.464  DEBUG   [poll]    <- read  st2mot     ret=0  data=['0x00', '0x00']
17:08:46.464  DEBUG   [poll]    -> read  st0cur    
17:08:46.469  DEBUG   [poll]    <- read  st0cur     ret=0  data=['0xfd', '0x01', '0x01', '0x02']
17:08:47.470  DEBUG   [poll]    -> read  st2mot    
17:08:47.474  DEBUG   [poll]    <- read  st2mot     ret=0  data=['0x00', '0x00']
17:08:47.474  DEBUG   [poll]    -> read  st0cur    
17:08:47.478  DEBUG   [poll]    <- read  st0cur     ret=0  data=['0xfd', '0x01', '0x01', '0x02']
17:08:48.480  DEBUG   [poll]    -> read  st2mot    
17:08:48.483  DEBUG   [poll]    <- read  st2mot     ret=0  data=['0x00', '0x00']
17:08:48.484  DEBUG   [poll]    -> read  st0cur    
17:08:48.488  DEBUG   [poll]    <- read  st0cur     ret=0  data=['0xfd', '0x01', '0x01', '0x02']
17:08:49.489  DEBUG   [poll]    -> read  st2mot    
17:08:49.493  DEBUG   [poll]    <- read  st2mot     ret=0  data=['0x00', '0x00']
17:08:49.493  DEBUG   [poll]    -> read  st0cur    
17:08:49.498  DEBUG   [poll]    <- read  st0cur     ret=0  data=['0xfd', '0x01', '0x01', '0x02']
17:08:50.499  DEBUG   [poll]    -> read  st2mot    
17:08:50.502  DEBUG   [poll]    <- read  st2mot     ret=0  data=['0x00', '0x00']
17:08:50.503  DEBUG   [poll]    -> read  st0cur    
17:08:50.507  DEBUG   [poll]    <- read  st0cur     ret=0  data=['0xfd', '0x01', '0x01', '0x02']
17:08:51.508  DEBUG   [poll]    -> read  st2mot    
17:08:51.512  DEBUG   [poll]    <- read  st2mot     ret=0  data=['0x00', '0x00']
17:08:51.512  DEBUG   [poll]    -> read  st0cur    
17:08:51.516  DEBUG   [poll]    <- read  st0cur     ret=0  data=['0xfd', '0x01', '0x01', '0x02']
17:08:52.518  DEBUG   [poll]    -> read  st2mot    
17:08:52.521  DEBUG   [poll]    <- read  st2mot     ret=0  data=['0x00', '0x00']
17:08:52.522  DEBUG   [poll]    -> read  st0cur    
17:08:52.526  DEBUG   [poll]    <- read  st0cur     ret=0  data=['0xfd', '0x01', '0x01', '0x02']
17:08:53.528  DEBUG   [poll]    -> read  st2mot    
17:08:53.531  DEBUG   [poll]    <- read  st2mot     ret=0  data=['0x00', '0x00']
17:08:53.531  DEBUG   [poll]    -> read  st0cur    
17:08:53.535  DEBUG   [poll]    <- read  st0cur     ret=0  data=['0xfd', '0x01', '0x01', '0x02']
17:08:54.537  DEBUG   [poll]    -> read  st2mot    
17:08:54.540  DEBUG   [poll]    <- read  st2mot     ret=0  data=['0x00', '0x00']
17:08:54.541  DEBUG   [poll]    -> read  st0cur    
17:08:54.545  DEBUG   [poll]    <- read  st0cur     ret=0  data=['0xfd', '0x01', '0x01', '0x02']
17:08:55.546  DEBUG   [poll]    -> read  st2mot    
17:08:55.550  DEBUG   [poll]    <- read  st2mot     ret=0  data=['0x00', '0x00']
17:08:55.550  DEBUG   [poll]    -> read  st0cur    
17:08:55.554  DEBUG   [poll]    <- read  st0cur     ret=0  data=['0xfd', '0x01', '0x01', '0x02']
17:08:56.556  DEBUG   [poll]    -> read  st2mot    
17:08:56.559  DEBUG   [poll]    <- read  st2mot     ret=0  data=['0x00', '0x00']
17:08:56.560  DEBUG   [poll]    -> read  st0cur    
17:08:56.564  DEBUG   [poll]    <- read  st0cur     ret=0  data=['0xfd', '0x01', '0x01', '0x02']
17:08:57.565  DEBUG   [poll]    -> read  st2mot    
17:08:57.568  DEBUG   [poll]    <- read  st2mot     ret=0  data=['0x00', '0x00']
17:08:57.569  DEBUG   [poll]    -> read  st0cur    
17:08:57.573  DEBUG   [poll]    <- read  st0cur     ret=0  data=['0xfd', '0x01', '0x01', '0x02']
17:08:58.575  DEBUG   [poll]    -> read  st2mot    
17:08:58.578  DEBUG   [poll]    <- read  st2mot     ret=0  data=['0x00', '0x00']
17:08:58.578  DEBUG   [poll]    -> read  st0cur    
17:08:58.583  DEBUG   [poll]    <- read  st0cur     ret=0  data=['0xfd', '0x01', '0x01', '0x02']
17:08:59.584  DEBUG   [poll]    -> read  st2mot    
17:08:59.587  DEBUG   [poll]    <- read  st2mot     ret=0  data=['0x00', '0x00']
17:08:59.588  DEBUG   [poll]    -> read  st0cur    
17:08:59.592  DEBUG   [poll]    <- read  st0cur     ret=0  data=['0xfd', '0x01', '0x01', '0x02']
17:09:00.594  DEBUG   [poll]    -> read  st2mot    
17:09:00.597  DEBUG   [poll]    <- read  st2mot     ret=0  data=['0x00', '0x00']
17:09:00.597  DEBUG   [poll]    -> read  st0cur    
17:09:00.601  DEBUG   [poll]    <- read  st0cur     ret=0  data=['0xfd', '0x01', '0x01', '0x02']
17:09:01.603  DEBUG   [poll]    -> read  st2mot    
17:09:01.606  DEBUG   [poll]    <- read  st2mot     ret=0  data=['0x00', '0x00']
17:09:01.607  DEBUG   [poll]    -> read  st0cur    
17:09:01.611  DEBUG   [poll]    <- read  st0cur     ret=0  data=['0xfd', '0x01', '0x01', '0x02']
17:09:02.613  WARNING idle 20.6s with connection still open — stopping motor
17:09:02.613  DEBUG   [poll]    -> write cntl3mot   data=['0x00', '0x00']
17:09:02.620  DEBUG   [poll]    -> read  st2mot    
17:09:02.623  DEBUG   [poll]    <- read  st2mot     ret=0  data=['0x00', '0x00']
17:09:02.623  DEBUG   [poll]    -> read  st0cur    
17:09:02.631  DEBUG   [poll]    <- read  st0cur     ret=0  data=['0xfd', '0x01', '0x01', '0x02']
17:09:03.633  DEBUG   [poll]    -> read  st2mot    
17:09:03.636  DEBUG   [poll]    <- read  st2mot     ret=0  data=['0x00', '0x00']
17:09:03.636  DEBUG   [poll]    -> read  st0cur    
17:09:03.641  DEBUG   [poll]    <- read  st0cur     ret=0  data=['0xfd', '0x01', '0x01', '0x02']
17:09:04.642  DEBUG   [poll]    -> read  st2mot    
17:09:04.646  DEBUG   [poll]    <- read  st2mot     ret=0  data=['0x00', '0x00']
17:09:04.646  DEBUG   [poll]    -> read  st0cur    
17:09:04.650  DEBUG   [poll]    <- read  st0cur     ret=0  data=['0xfd', '0x01', '0x01', '0x02']
17:09:05.652  DEBUG   [poll]    -> read  st2mot    
17:09:05.655  DEBUG   [poll]    <- read  st2mot     ret=0  data=['0x00', '0x00']
17:09:05.656  DEBUG   [poll]    -> read  st0cur    
17:09:05.660  DEBUG   [poll]    <- read  st0cur     ret=0  data=['0xfd', '0x01', '0x01', '0x02']
17:09:06.661  DEBUG   [poll]    -> read  st2mot    
17:09:06.665  DEBUG   [poll]    <- read  st2mot     ret=0  data=['0x00', '0x00']
17:09:06.665  DEBUG   [poll]    -> read  st0cur    
17:09:06.669  DEBUG   [poll]    <- read  st0cur     ret=0  data=['0xfd', '0x01', '0x01', '0x02']
17:09:07.671  DEBUG   [poll]    -> read  st2mot    
17:09:07.674  DEBUG   [poll]    <- read  st2mot     ret=0  data=['0x00', '0x00']
17:09:07.675  DEBUG   [poll]    -> read  st0cur    
17:09:07.679  DEBUG   [poll]    <- read  st0cur     ret=0  data=['0xfd', '0x01', '0x01', '0x02']
17:09:08.680  DEBUG   [poll]    -> read  st2mot    
17:09:08.684  DEBUG   [poll]    <- read  st2mot     ret=0  data=['0x00', '0x00']
17:09:08.684  DEBUG   [poll]    -> read  st0cur    
17:09:08.688  DEBUG   [poll]    <- read  st0cur     ret=0  data=['0xfd', '0x01', '0x01', '0x02']
17:09:09.690  DEBUG   [poll]    -> read  st2mot    
17:09:09.693  DEBUG   [poll]    <- read  st2mot     ret=0  data=['0x00', '0x00']
17:09:09.694  DEBUG   [poll]    -> read  st0cur    
17:09:09.698  DEBUG   [poll]    <- read  st0cur     ret=0  data=['0xfd', '0x01', '0x01', '0x02']
17:09:10.699  DEBUG   [poll]    -> read  st2mot    
17:09:10.703  DEBUG   [poll]    <- read  st2mot     ret=0  data=['0x00', '0x00']
17:09:10.703  DEBUG   [poll]    -> read  st0cur    
17:09:10.707  DEBUG   [poll]    <- read  st0cur     ret=0  data=['0xfd', '0x01', '0x01', '0x02']
17:09:11.709  DEBUG   [poll]    -> read  st2mot    
17:09:11.712  DEBUG   [poll]    <- read  st2mot     ret=0  data=['0x00', '0x00']
17:09:11.713  DEBUG   [poll]    -> read  st0cur    
17:09:11.717  DEBUG   [poll]    <- read  st0cur     ret=0  data=['0xfd', '0x01', '0x01', '0x02']
17:09:12.718  DEBUG   [poll]    -> read  st2mot    
17:09:12.722  DEBUG   [poll]    <- read  st2mot     ret=0  data=['0x00', '0x00']
17:09:12.723  DEBUG   [poll]    -> read  st0cur    
17:09:12.727  DEBUG   [poll]    <- read  st0cur     ret=0  data=['0xfd', '0x01', '0x01', '0x02']
17:09:13.728  DEBUG   [poll]    -> read  st2mot    
17:09:13.732  DEBUG   [poll]    <- read  st2mot     ret=0  data=['0x00', '0x00']
17:09:13.732  DEBUG   [poll]    -> read  st0cur    
17:09:13.736  DEBUG   [poll]    <- read  st0cur     ret=0  data=['0xfd', '0x01', '0x01', '0x02']
17:09:14.738  DEBUG   [poll]    -> read  st2mot    
17:09:14.741  DEBUG   [poll]    <- read  st2mot     ret=0  data=['0x00', '0x00']
17:09:14.742  DEBUG   [poll]    -> read  st0cur    
17:09:14.746  DEBUG   [poll]    <- read  st0cur     ret=0  data=['0xfd', '0x01', '0x01', '0x02']
17:09:15.747  DEBUG   [poll]    -> read  st2mot    
17:09:15.751  DEBUG   [poll]    <- read  st2mot     ret=0  data=['0x00', '0x00']
17:09:15.751  DEBUG   [poll]    -> read  st0cur    
17:09:15.755  DEBUG   [poll]    <- read  st0cur     ret=0  data=['0xfd', '0x01', '0x01', '0x02']
17:09:16.757  DEBUG   [poll]    -> read  st2mot    
17:09:16.760  DEBUG   [poll]    <- read  st2mot     ret=0  data=['0x00', '0x00']
17:09:16.761  DEBUG   [poll]    -> read  st0cur    
17:09:16.765  DEBUG   [poll]    <- read  st0cur     ret=0  data=['0xfd', '0x01', '0x01', '0x02']
17:09:17.766  DEBUG   [poll]    -> read  st2mot    
17:09:17.770  DEBUG   [poll]    <- read  st2mot     ret=0  data=['0x00', '0x00']
17:09:17.770  DEBUG   [poll]    -> read  st0cur    
17:09:17.774  DEBUG   [poll]    <- read  st0cur     ret=0  data=['0xfd', '0x01', '0x01', '0x02']
17:09:18.776  DEBUG   [poll]    -> read  st2mot    
17:09:18.779  DEBUG   [poll]    <- read  st2mot     ret=0  data=['0x00', '0x00']
17:09:18.780  DEBUG   [poll]    -> read  st0cur    
17:09:18.784  DEBUG   [poll]    <- read  st0cur     ret=0  data=['0xfd', '0x01', '0x01', '0x02']
17:09:19.786  DEBUG   [poll]    -> read  st2mot    
17:09:19.789  DEBUG   [poll]    <- read  st2mot     ret=0  data=['0x00', '0x00']
17:09:19.789  DEBUG   [poll]    -> read  st0cur    
17:09:19.794  DEBUG   [poll]    <- read  st0cur     ret=0  data=['0xfd', '0x01', '0x01', '0x02']
17:09:20.795  DEBUG   [poll]    -> read  st2mot    
17:09:20.798  DEBUG   [poll]    <- read  st2mot     ret=0  data=['0x00', '0x00']
17:09:20.799  DEBUG   [poll]    -> read  st0cur    
17:09:20.803  DEBUG   [poll]    <- read  st0cur     ret=0  data=['0xfd', '0x01', '0x01', '0x02']
17:09:21.805  DEBUG   [poll]    -> read  st2mot    
17:09:21.808  DEBUG   [poll]    <- read  st2mot     ret=0  data=['0x00', '0x00']
17:09:21.808  DEBUG   [poll]    -> read  st0cur    
17:09:21.813  DEBUG   [poll]    <- read  st0cur     ret=0  data=['0xfd', '0x01', '0x01', '0x02']
17:09:22.814  DEBUG   [poll]    -> read  st2mot    
17:09:22.817  DEBUG   [poll]    <- read  st2mot     ret=0  data=['0x00', '0x00']
17:09:22.818  DEBUG   [poll]    -> read  st0cur    
17:09:22.822  DEBUG   [poll]    <- read  st0cur     ret=0  data=['0xfd', '0x01', '0x01', '0x02']
17:09:23.824  DEBUG   [poll]    -> read  st2mot    
17:09:23.827  DEBUG   [poll]    <- read  st2mot     ret=0  data=['0x00', '0x00']
17:09:23.827  DEBUG   [poll]    -> read  st0cur    
17:09:23.832  DEBUG   [poll]    <- read  st0cur     ret=0  data=['0xfd', '0x01', '0x01', '0x02']
17:09:24.833  DEBUG   [poll]    -> read  st2mot    
17:09:24.836  DEBUG   [poll]    <- read  st2mot     ret=0  data=['0x00', '0x00']
17:09:24.837  DEBUG   [poll]    -> read  st0cur    
17:09:24.841  DEBUG   [poll]    <- read  st0cur     ret=0  data=['0xfd', '0x01', '0x01', '0x02']
17:09:25.842  DEBUG   [poll]    -> read  st2mot    
17:09:25.846  DEBUG   [poll]    <- read  st2mot     ret=0  data=['0x00', '0x00']
17:09:25.846  DEBUG   [poll]    -> read  st0cur    
17:09:25.850  DEBUG   [poll]    <- read  st0cur     ret=0  data=['0xfd', '0x01', '0x01', '0x02']
17:09:26.852  DEBUG   [poll]    -> read  st2mot    
17:09:26.855  DEBUG   [poll]    <- read  st2mot     ret=0  data=['0x00', '0x00']
17:09:26.856  DEBUG   [poll]    -> read  st0cur    
17:09:26.860  DEBUG   [poll]    <- read  st0cur     ret=0  data=['0xfd', '0x01', '0x01', '0x02']
17:09:27.861  DEBUG   [poll]    -> read  st2mot    
17:09:27.865  DEBUG   [poll]    <- read  st2mot     ret=0  data=['0x00', '0x00']
17:09:27.865  DEBUG   [poll]    -> read  st0cur    
17:09:27.869  DEBUG   [poll]    <- read  st0cur     ret=0  data=['0xfd', '0x01', '0x01', '0x02']
17:09:28.871  DEBUG   [poll]    -> read  st2mot    
17:09:28.874  DEBUG   [poll]    <- read  st2mot     ret=0  data=['0x00', '0x00']
17:09:28.875  DEBUG   [poll]    -> read  st0cur    
17:09:28.879  DEBUG   [poll]    <- read  st0cur     ret=0  data=['0xfd', '0x01', '0x01', '0x02']
17:09:29.880  DEBUG   [poll]    -> read  st2mot    
17:09:29.884  DEBUG   [poll]    <- read  st2mot     ret=0  data=['0x00', '0x00']
17:09:29.884  DEBUG   [poll]    -> read  st0cur    
17:09:29.888  DEBUG   [poll]    <- read  st0cur     ret=0  data=['0xfd', '0x01', '0x01', '0x02']
17:09:30.890  DEBUG   [poll]    -> read  st2mot    
17:09:30.893  DEBUG   [poll]    <- read  st2mot     ret=0  data=['0x00', '0x00']
17:09:30.894  DEBUG   [poll]    -> read  st0cur    
17:09:30.898  DEBUG   [poll]    <- read  st0cur     ret=0  data=['0xfd', '0x01', '0x01', '0x02']
17:09:31.899  DEBUG   [poll]    -> read  st2mot    
17:09:31.903  DEBUG   [poll]    <- read  st2mot     ret=0  data=['0x00', '0x00']
17:09:31.903  DEBUG   [poll]    -> read  st0cur    
17:09:31.907  DEBUG   [poll]    <- read  st0cur     ret=0  data=['0xfd', '0x01', '0x01', '0x02']
17:09:32.909  DEBUG   [poll]    -> read  st2mot    
17:09:32.912  DEBUG   [poll]    <- read  st2mot     ret=0  data=['0x00', '0x00']
17:09:32.913  DEBUG   [poll]    -> read  st0cur    
17:09:32.917  DEBUG   [poll]    <- read  st0cur     ret=0  data=['0xfd', '0x01', '0x01', '0x02']
17:09:33.918  DEBUG   [poll]    -> read  st2mot    
17:09:33.922  DEBUG   [poll]    <- read  st2mot     ret=0  data=['0x00', '0x00']
17:09:33.922  DEBUG   [poll]    -> read  st0cur    
17:09:33.926  DEBUG   [poll]    <- read  st0cur     ret=0  data=['0xfd', '0x01', '0x00', '0x02']
17:09:34.928  DEBUG   [poll]    -> read  st2mot    
17:09:34.931  DEBUG   [poll]    <- read  st2mot     ret=0  data=['0x00', '0x00']
17:09:34.932  DEBUG   [poll]    -> read  st0cur    
17:09:34.936  DEBUG   [poll]    <- read  st0cur     ret=0  data=['0xfd', '0x01', '0x01', '0x02']
17:09:35.937  DEBUG   [poll]    -> read  st2mot    
17:09:35.941  DEBUG   [poll]    <- read  st2mot     ret=0  data=['0x00', '0x00']
17:09:35.941  DEBUG   [poll]    -> read  st0cur    
17:09:35.945  DEBUG   [poll]    <- read  st0cur     ret=0  data=['0xfd', '0x01', '0x01', '0x02']
17:09:36.947  DEBUG   [poll]    -> read  st2mot    
17:09:36.950  DEBUG   [poll]    <- read  st2mot     ret=0  data=['0x00', '0x00']
17:09:36.950  DEBUG   [poll]    -> read  st0cur    
17:09:36.955  DEBUG   [poll]    <- read  st0cur     ret=0  data=['0xfd', '0x01', '0x01', '0x02']
17:09:37.956  DEBUG   [poll]    -> read  st2mot    
17:09:37.959  DEBUG   [poll]    <- read  st2mot     ret=0  data=['0x00', '0x00']
17:09:37.960  DEBUG   [poll]    -> read  st0cur    
17:09:37.964  DEBUG   [poll]    <- read  st0cur     ret=0  data=['0xfd', '0x01', '0x01', '0x02']
17:09:38.966  DEBUG   [poll]    -> read  st2mot    
17:09:38.969  DEBUG   [poll]    <- read  st2mot     ret=0  data=['0x00', '0x00']
17:09:38.969  DEBUG   [poll]    -> read  st0cur    
17:09:38.974  DEBUG   [poll]    <- read  st0cur     ret=0  data=['0xfd', '0x01', '0x01', '0x02']
17:09:39.975  DEBUG   [poll]    -> read  st2mot    
17:09:39.978  DEBUG   [poll]    <- read  st2mot     ret=0  data=['0x00', '0x00']
17:09:39.979  DEBUG   [poll]    -> read  st0cur    
17:09:39.983  DEBUG   [poll]    <- read  st0cur     ret=0  data=['0xfd', '0x01', '0x01', '0x02']
17:09:40.985  DEBUG   [poll]    -> read  st2mot    
17:09:40.988  DEBUG   [poll]    <- read  st2mot     ret=0  data=['0x00', '0x00']
17:09:40.988  DEBUG   [poll]    -> read  st0cur    
17:09:40.992  DEBUG   [poll]    <- read  st0cur     ret=0  data=['0xfd', '0x01', '0x01', '0x02']
17:09:41.994  DEBUG   [poll]    -> read  st2mot    
17:09:41.997  DEBUG   [poll]    <- read  st2mot     ret=0  data=['0x00', '0x00']
17:09:41.998  DEBUG   [poll]    -> read  st0cur    
17:09:42.002  DEBUG   [poll]    <- read  st0cur     ret=0  data=['0xfd', '0x01', '0x01', '0x02']
17:09:43.003  DEBUG   [poll]    -> read  st2mot    
17:09:43.007  DEBUG   [poll]    <- read  st2mot     ret=0  data=['0x00', '0x00']
17:09:43.008  DEBUG   [poll]    -> read  st0cur    
17:09:43.012  DEBUG   [poll]    <- read  st0cur     ret=0  data=['0xfd', '0x01', '0x01', '0x02']
17:09:44.014  DEBUG   [poll]    -> read  st2mot    
17:09:44.017  DEBUG   [poll]    <- read  st2mot     ret=0  data=['0x00', '0x00']
17:09:44.017  DEBUG   [poll]    -> read  st0cur    
17:09:44.022  DEBUG   [poll]    <- read  st0cur     ret=0  data=['0xfd', '0x01', '0x00', '0x02']
17:09:45.023  DEBUG   [poll]    -> read  st2mot    
17:09:45.027  DEBUG   [poll]    <- read  st2mot     ret=0  data=['0x00', '0x00']
17:09:45.027  DEBUG   [poll]    -> read  st0cur    
17:09:45.031  DEBUG   [poll]    <- read  st0cur     ret=0  data=['0xfd', '0x01', '0x01', '0x02']
17:09:46.033  DEBUG   [poll]    -> read  st2mot    
17:09:46.036  DEBUG   [poll]    <- read  st2mot     ret=0  data=['0x00', '0x00']
17:09:46.036  DEBUG   [poll]    -> read  st0cur    
17:09:46.041  DEBUG   [poll]    <- read  st0cur     ret=0  data=['0xfd', '0x01', '0x01', '0x02']
17:09:47.042  DEBUG   [poll]    -> read  st2mot    
17:09:47.045  DEBUG   [poll]    <- read  st2mot     ret=0  data=['0x00', '0x00']
17:09:47.046  DEBUG   [poll]    -> read  st0cur    
17:09:47.050  DEBUG   [poll]    <- read  st0cur     ret=0  data=['0xfd', '0x01', '0x01', '0x02']
17:09:48.052  DEBUG   [poll]    -> read  st2mot    
17:09:48.055  DEBUG   [poll]    <- read  st2mot     ret=0  data=['0x00', '0x00']
17:09:48.055  DEBUG   [poll]    -> read  st0cur    
17:09:48.060  DEBUG   [poll]    <- read  st0cur     ret=0  data=['0xfd', '0x01', '0x01', '0x02']
17:09:49.061  DEBUG   [poll]    -> read  st2mot    
17:09:49.064  DEBUG   [poll]    <- read  st2mot     ret=0  data=['0x00', '0x00']
17:09:49.065  DEBUG   [poll]    -> read  st0cur    
17:09:49.069  DEBUG   [poll]    <- read  st0cur     ret=0  data=['0xfd', '0x01', '0x01', '0x02']
17:09:50.070  DEBUG   [poll]    -> read  st2mot    
17:09:50.074  DEBUG   [poll]    <- read  st2mot     ret=0  data=['0x00', '0x00']
17:09:50.074  DEBUG   [poll]    -> read  st0cur    
17:09:50.078  DEBUG   [poll]    <- read  st0cur     ret=0  data=['0xfd', '0x01', '0x01', '0x02']
17:09:51.080  DEBUG   [poll]    -> read  st2mot    
17:09:51.083  DEBUG   [poll]    <- read  st2mot     ret=0  data=['0x00', '0x00']
17:09:51.084  DEBUG   [poll]    -> read  st0cur    
17:09:51.088  DEBUG   [poll]    <- read  st0cur     ret=0  data=['0xfd', '0x01', '0x01', '0x02']
17:09:52.089  DEBUG   [poll]    -> read  st2mot    
17:09:52.093  DEBUG   [poll]    <- read  st2mot     ret=0  data=['0x00', '0x00']
17:09:52.093  DEBUG   [poll]    -> read  st0cur    
17:09:52.097  DEBUG   [poll]    <- read  st0cur     ret=0  data=['0xfd', '0x01', '0x01', '0x02']
17:09:53.099  DEBUG   [poll]    -> read  st2mot    
17:09:53.102  DEBUG   [poll]    <- read  st2mot     ret=0  data=['0x00', '0x00']
17:09:53.103  DEBUG   [poll]    -> read  st0cur    
17:09:53.107  DEBUG   [poll]    <- read  st0cur     ret=0  data=['0xfd', '0x01', '0x01', '0x02']
17:09:54.108  DEBUG   [poll]    -> read  st2mot    
17:09:54.112  DEBUG   [poll]    <- read  st2mot     ret=0  data=['0x00', '0x00']
17:09:54.112  DEBUG   [poll]    -> read  st0cur    
17:09:54.116  DEBUG   [poll]    <- read  st0cur     ret=0  data=['0xfd', '0x01', '0x01', '0x02']
17:09:55.118  DEBUG   [poll]    -> read  st2mot    
17:09:55.121  DEBUG   [poll]    <- read  st2mot     ret=0  data=['0x00', '0x00']
17:09:55.122  DEBUG   [poll]    -> read  st0cur    
17:09:55.126  DEBUG   [poll]    <- read  st0cur     ret=0  data=['0xfd', '0x01', '0x01', '0x02']
17:09:56.127  DEBUG   [poll]    -> read  st2mot    
17:09:56.131  DEBUG   [poll]    <- read  st2mot     ret=0  data=['0x00', '0x00']
17:09:56.131  DEBUG   [poll]    -> read  st0cur    
17:09:56.135  DEBUG   [poll]    <- read  st0cur     ret=0  data=['0xfd', '0x01', '0x01', '0x02']
17:09:57.137  DEBUG   [poll]    -> read  st2mot    
17:09:57.140  DEBUG   [poll]    <- read  st2mot     ret=0  data=['0x00', '0x00']
17:09:57.141  DEBUG   [poll]    -> read  st0cur    
17:09:57.145  DEBUG   [poll]    <- read  st0cur     ret=0  data=['0xfd', '0x01', '0x01', '0x02']
17:09:58.146  DEBUG   [poll]    -> read  st2mot    
17:09:58.150  DEBUG   [poll]    <- read  st2mot     ret=0  data=['0x00', '0x00']
17:09:58.150  DEBUG   [poll]    -> read  st0cur    
17:09:58.154  DEBUG   [poll]    <- read  st0cur     ret=0  data=['0xfd', '0x01', '0x01', '0x02']
17:09:59.156  DEBUG   [poll]    -> read  st2mot    
17:09:59.159  DEBUG   [poll]    <- read  st2mot     ret=0  data=['0x00', '0x00']
17:09:59.160  DEBUG   [poll]    -> read  st0cur    
17:09:59.164  DEBUG   [poll]    <- read  st0cur     ret=0  data=['0xfd', '0x01', '0x01', '0x02']
17:10:00.166  DEBUG   [poll]    -> read  st2mot    
17:10:00.169  DEBUG   [poll]    <- read  st2mot     ret=0  data=['0x00', '0x00']
17:10:00.169  DEBUG   [poll]    -> read  st0cur    
17:10:00.174  DEBUG   [poll]    <- read  st0cur     ret=0  data=['0xfd', '0x01', '0x01', '0x02']
17:10:01.175  DEBUG   [poll]    -> read  st2mot    
17:10:01.178  DEBUG   [poll]    <- read  st2mot     ret=0  data=['0x00', '0x00']
17:10:01.179  DEBUG   [poll]    -> read  st0cur    
17:10:01.183  DEBUG   [poll]    <- read  st0cur     ret=0  data=['0xfd', '0x01', '0x01', '0x02']
17:10:02.184  DEBUG   [poll]    -> read  st2mot    
17:10:02.188  DEBUG   [poll]    <- read  st2mot     ret=0  data=['0x00', '0x00']
17:10:02.188  DEBUG   [poll]    -> read  st0cur    
17:10:02.192  DEBUG   [poll]    <- read  st0cur     ret=0  data=['0xfd', '0x01', '0x01', '0x02']
17:10:03.194  DEBUG   [poll]    -> read  st2mot    
17:10:03.197  DEBUG   [poll]    <- read  st2mot     ret=0  data=['0x00', '0x00']
17:10:03.198  DEBUG   [poll]    -> read  st0cur    
17:10:03.202  DEBUG   [poll]    <- read  st0cur     ret=0  data=['0xfd', '0x01', '0x01', '0x02']
17:10:04.204  DEBUG   [poll]    -> read  st2mot    
17:10:04.207  DEBUG   [poll]    <- read  st2mot     ret=0  data=['0x00', '0x00']
17:10:04.207  DEBUG   [poll]    -> read  st0cur    
17:10:04.211  DEBUG   [poll]    <- read  st0cur     ret=0  data=['0xfd', '0x01', '0x01', '0x02']
17:10:05.213  DEBUG   [poll]    -> read  st2mot    
17:10:05.216  DEBUG   [poll]    <- read  st2mot     ret=0  data=['0x00', '0x00']
17:10:05.217  DEBUG   [poll]    -> read  st0cur    
17:10:05.221  DEBUG   [poll]    <- read  st0cur     ret=0  data=['0xfd', '0x01', '0x01', '0x02']
17:10:06.223  DEBUG   [poll]    -> read  st2mot    
17:10:06.226  DEBUG   [poll]    <- read  st2mot     ret=0  data=['0x00', '0x00']
17:10:06.226  DEBUG   [poll]    -> read  st0cur    
17:10:06.231  DEBUG   [poll]    <- read  st0cur     ret=0  data=['0xfd', '0x01', '0x01', '0x02']
17:10:07.232  DEBUG   [poll]    -> read  st2mot    
17:10:07.236  DEBUG   [poll]    <- read  st2mot     ret=0  data=['0x00', '0x00']
17:10:07.236  DEBUG   [poll]    -> read  st0cur    
17:10:07.240  DEBUG   [poll]    <- read  st0cur     ret=0  data=['0xfd', '0x01', '0x01', '0x02']
17:10:08.242  DEBUG   [poll]    -> read  st2mot    
17:10:08.245  DEBUG   [poll]    <- read  st2mot     ret=0  data=['0x00', '0x00']
17:10:08.246  DEBUG   [poll]    -> read  st0cur    
17:10:08.250  DEBUG   [poll]    <- read  st0cur     ret=0  data=['0xfd', '0x01', '0x01', '0x02']
17:10:09.252  DEBUG   [poll]    -> read  st2mot    
17:10:09.255  DEBUG   [poll]    <- read  st2mot     ret=0  data=['0x00', '0x00']
17:10:09.255  DEBUG   [poll]    -> read  st0cur    
17:10:09.260  DEBUG   [poll]    <- read  st0cur     ret=0  data=['0xfd', '0x01', '0x01', '0x02']
17:10:10.261  DEBUG   [poll]    -> read  st2mot    
17:10:10.265  DEBUG   [poll]    <- read  st2mot     ret=0  data=['0x00', '0x00']
17:10:10.265  DEBUG   [poll]    -> read  st0cur    
17:10:10.269  DEBUG   [poll]    <- read  st0cur     ret=0  data=['0xfd', '0x01', '0x01', '0x02']
17:10:11.271  DEBUG   [poll]    -> read  st2mot    
17:10:11.274  DEBUG   [poll]    <- read  st2mot     ret=0  data=['0x00', '0x00']
17:10:11.274  DEBUG   [poll]    -> read  st0cur    
17:10:11.279  DEBUG   [poll]    <- read  st0cur     ret=0  data=['0xfd', '0x01', '0x01', '0x02']
17:10:12.280  DEBUG   [poll]    -> read  st2mot    
17:10:12.284  DEBUG   [poll]    <- read  st2mot     ret=0  data=['0x00', '0x00']
17:10:12.284  DEBUG   [poll]    -> read  st0cur    
17:10:12.288  DEBUG   [poll]    <- read  st0cur     ret=0  data=['0xfd', '0x01', '0x01', '0x02']
17:10:13.290  DEBUG   [poll]    -> read  st2mot    
17:10:13.293  DEBUG   [poll]    <- read  st2mot     ret=0  data=['0x00', '0x00']
17:10:13.294  DEBUG   [poll]    -> read  st0cur    
17:10:13.298  DEBUG   [poll]    <- read  st0cur     ret=0  data=['0xfd', '0x01', '0x01', '0x02']
17:10:14.300  DEBUG   [poll]    -> read  st2mot    
17:10:14.303  DEBUG   [poll]    <- read  st2mot     ret=0  data=['0x00', '0x00']
17:10:14.304  DEBUG   [poll]    -> read  st0cur    
17:10:14.308  DEBUG   [poll]    <- read  st0cur     ret=0  data=['0xfd', '0x01', '0x01', '0x02']
17:10:15.309  DEBUG   [poll]    -> read  st2mot    
17:10:15.313  DEBUG   [poll]    <- read  st2mot     ret=0  data=['0x00', '0x00']
17:10:15.313  DEBUG   [poll]    -> read  st0cur    
17:10:15.317  DEBUG   [poll]    <- read  st0cur     ret=0  data=['0xfd', '0x01', '0x01', '0x02']
17:10:16.319  DEBUG   [poll]    -> read  st2mot    
17:10:16.322  DEBUG   [poll]    <- read  st2mot     ret=0  data=['0x00', '0x00']
17:10:16.323  DEBUG   [poll]    -> read  st0cur    
17:10:16.327  DEBUG   [poll]    <- read  st0cur     ret=0  data=['0xfd', '0x01', '0x01', '0x02']
17:10:17.329  DEBUG   [poll]    -> read  st2mot    
17:10:17.332  DEBUG   [poll]    <- read  st2mot     ret=0  data=['0x00', '0x00']
17:10:17.332  DEBUG   [poll]    -> read  st0cur    
17:10:17.336  DEBUG   [poll]    <- read  st0cur     ret=0  data=['0xfd', '0x01', '0x01', '0x02']
17:10:18.338  DEBUG   [poll]    -> read  st2mot    
17:10:18.341  DEBUG   [poll]    <- read  st2mot     ret=0  data=['0x00', '0x00']
17:10:18.342  DEBUG   [poll]    -> read  st0cur    
17:10:18.346  DEBUG   [poll]    <- read  st0cur     ret=0  data=['0xfd', '0x01', '0x01', '0x02']
17:10:19.348  DEBUG   [poll]    -> read  st2mot    
17:10:19.351  DEBUG   [poll]    <- read  st2mot     ret=0  data=['0x00', '0x00']
17:10:19.351  DEBUG   [poll]    -> read  st0cur    
17:10:19.356  DEBUG   [poll]    <- read  st0cur     ret=0  data=['0xfd', '0x01', '0x01', '0x02']
17:10:20.357  DEBUG   [poll]    -> read  st2mot    
17:10:20.360  DEBUG   [poll]    <- read  st2mot     ret=0  data=['0x00', '0x00']
17:10:20.361  DEBUG   [poll]    -> read  st0cur    
17:10:20.365  DEBUG   [poll]    <- read  st0cur     ret=0  data=['0xfd', '0x01', '0x01', '0x02']
17:10:21.367  DEBUG   [poll]    -> read  st2mot    
17:10:21.370  DEBUG   [poll]    <- read  st2mot     ret=0  data=['0x00', '0x00']
17:10:21.370  DEBUG   [poll]    -> read  st0cur    
17:10:21.375  DEBUG   [poll]    <- read  st0cur     ret=0  data=['0xfd', '0x01', '0x01', '0x02']
17:10:22.376  DEBUG   [poll]    -> read  st2mot    
17:10:22.379  DEBUG   [poll]    <- read  st2mot     ret=0  data=['0x00', '0x00']
17:10:22.380  DEBUG   [poll]    -> read  st0cur    
17:10:22.384  DEBUG   [poll]    <- read  st0cur     ret=0  data=['0xfd', '0x01', '0x01', '0x02']
17:10:23.386  DEBUG   [poll]    -> read  st2mot    
17:10:23.389  DEBUG   [poll]    <- read  st2mot     ret=0  data=['0x00', '0x00']
17:10:23.389  DEBUG   [poll]    -> read  st0cur    
17:10:23.394  DEBUG   [poll]    <- read  st0cur     ret=0  data=['0xfd', '0x01', '0x01', '0x02']
17:10:24.395  DEBUG   [poll]    -> read  st2mot    
17:10:24.399  DEBUG   [poll]    <- read  st2mot     ret=0  data=['0x00', '0x00']
17:10:24.399  DEBUG   [poll]    -> read  st0cur    
17:10:24.403  DEBUG   [poll]    <- read  st0cur     ret=0  data=['0xfd', '0x01', '0x01', '0x02']
17:10:25.405  DEBUG   [poll]    -> read  st2mot    
17:10:25.408  DEBUG   [poll]    <- read  st2mot     ret=0  data=['0x00', '0x00']
17:10:25.409  DEBUG   [poll]    -> read  st0cur    
17:10:25.413  DEBUG   [poll]    <- read  st0cur     ret=0  data=['0xfd', '0x01', '0x01', '0x02']
17:10:26.414  DEBUG   [poll]    -> read  st2mot    
17:10:26.418  DEBUG   [poll]    <- read  st2mot     ret=0  data=['0x00', '0x00']
17:10:26.418  DEBUG   [poll]    -> read  st0cur    
17:10:26.422  DEBUG   [poll]    <- read  st0cur     ret=0  data=['0xfd', '0x01', '0x01', '0x02']
17:10:27.424  DEBUG   [poll]    -> read  st2mot    
17:10:27.427  DEBUG   [poll]    <- read  st2mot     ret=0  data=['0x00', '0x00']
17:10:27.427  DEBUG   [poll]    -> read  st0cur    
17:10:27.432  DEBUG   [poll]    <- read  st0cur     ret=0  data=['0xfd', '0x01', '0x01', '0x02']
17:10:28.433  DEBUG   [poll]    -> read  st2mot    
17:10:28.437  DEBUG   [poll]    <- read  st2mot     ret=0  data=['0x00', '0x00']
17:10:28.437  DEBUG   [poll]    -> read  st0cur    
17:10:28.441  DEBUG   [poll]    <- read  st0cur     ret=0  data=['0xfd', '0x01', '0x01', '0x02']
17:10:29.443  DEBUG   [poll]    -> read  st2mot    
17:10:29.446  DEBUG   [poll]    <- read  st2mot     ret=0  data=['0x00', '0x00']
17:10:29.447  DEBUG   [poll]    -> read  st0cur    
17:10:29.451  DEBUG   [poll]    <- read  st0cur     ret=0  data=['0xfd', '0x01', '0x01', '0x02']
17:10:30.452  DEBUG   [poll]    -> read  st2mot    
17:10:30.456  DEBUG   [poll]    <- read  st2mot     ret=0  data=['0x00', '0x00']
17:10:30.456  DEBUG   [poll]    -> read  st0cur    
17:10:30.460  DEBUG   [poll]    <- read  st0cur     ret=0  data=['0xfd', '0x01', '0x01', '0x02']
17:10:31.462  DEBUG   [poll]    -> read  st2mot    
17:10:31.465  DEBUG   [poll]    <- read  st2mot     ret=0  data=['0x00', '0x00']
17:10:31.465  DEBUG   [poll]    -> read  st0cur    
17:10:31.470  DEBUG   [poll]    <- read  st0cur     ret=0  data=['0xfd', '0x01', '0x01', '0x02']
17:10:32.471  DEBUG   [poll]    -> read  st2mot    
17:10:32.475  DEBUG   [poll]    <- read  st2mot     ret=0  data=['0x00', '0x00']
17:10:32.475  DEBUG   [poll]    -> read  st0cur    
17:10:32.479  DEBUG   [poll]    <- read  st0cur     ret=0  data=['0xfd', '0x01', '0x01', '0x02']
17:10:33.481  DEBUG   [poll]    -> read  st2mot    
17:10:33.484  DEBUG   [poll]    <- read  st2mot     ret=0  data=['0x00', '0x00']
17:10:33.484  DEBUG   [poll]    -> read  st0cur    
17:10:33.489  DEBUG   [poll]    <- read  st0cur     ret=0  data=['0xfd', '0x01', '0x01', '0x02']
17:10:34.490  DEBUG   [poll]    -> read  st2mot    
17:10:34.494  DEBUG   [poll]    <- read  st2mot     ret=0  data=['0x00', '0x00']
17:10:34.494  DEBUG   [poll]    -> read  st0cur    
17:10:34.498  DEBUG   [poll]    <- read  st0cur     ret=0  data=['0xfd', '0x01', '0x01', '0x02']
17:10:35.500  DEBUG   [poll]    -> read  st2mot    
17:10:35.503  DEBUG   [poll]    <- read  st2mot     ret=0  data=['0x00', '0x00']
17:10:35.504  DEBUG   [poll]    -> read  st0cur    
17:10:35.508  DEBUG   [poll]    <- read  st0cur     ret=0  data=['0xfd', '0x01', '0x01', '0x02']
17:10:36.509  DEBUG   [poll]    -> read  st2mot    
17:10:36.513  DEBUG   [poll]    <- read  st2mot     ret=0  data=['0x00', '0x00']
17:10:36.513  DEBUG   [poll]    -> read  st0cur    
17:10:36.517  DEBUG   [poll]    <- read  st0cur     ret=0  data=['0xfd', '0x01', '0x01', '0x02']
17:10:37.519  DEBUG   [poll]    -> read  st2mot    
17:10:37.522  DEBUG   [poll]    <- read  st2mot     ret=0  data=['0x00', '0x00']
17:10:37.523  DEBUG   [poll]    -> read  st0cur    
17:10:37.527  DEBUG   [poll]    <- read  st0cur     ret=0  data=['0xfd', '0x01', '0x01', '0x02']
17:10:38.528  DEBUG   [poll]    -> read  st2mot    
17:10:38.532  DEBUG   [poll]    <- read  st2mot     ret=0  data=['0x00', '0x00']
17:10:38.532  DEBUG   [poll]    -> read  st0cur    
17:10:38.536  DEBUG   [poll]    <- read  st0cur     ret=0  data=['0xfd', '0x01', '0x01', '0x02']
17:10:39.538  DEBUG   [poll]    -> read  st2mot    
17:10:39.541  DEBUG   [poll]    <- read  st2mot     ret=0  data=['0x00', '0x00']
17:10:39.542  DEBUG   [poll]    -> read  st0cur    
17:10:39.546  DEBUG   [poll]    <- read  st0cur     ret=0  data=['0xfd', '0x01', '0x01', '0x02']
17:10:40.547  DEBUG   [poll]    -> read  st2mot    
17:10:40.551  DEBUG   [poll]    <- read  st2mot     ret=0  data=['0x00', '0x00']
17:10:40.551  DEBUG   [poll]    -> read  st0cur    
17:10:40.555  DEBUG   [poll]    <- read  st0cur     ret=0  data=['0xfd', '0x01', '0x01', '0x02']
17:10:41.557  DEBUG   [poll]    -> read  st2mot    
17:10:41.560  DEBUG   [poll]    <- read  st2mot     ret=0  data=['0x00', '0x00']
17:10:41.561  DEBUG   [poll]    -> read  st0cur    
17:10:41.565  DEBUG   [poll]    <- read  st0cur     ret=0  data=['0xfd', '0x01', '0x01', '0x02']
17:10:42.566  DEBUG   [poll]    -> read  st2mot    
17:10:42.570  DEBUG   [poll]    <- read  st2mot     ret=0  data=['0x00', '0x00']
17:10:42.570  DEBUG   [poll]    -> read  st0cur    
17:10:42.574  DEBUG   [poll]    <- read  st0cur     ret=0  data=['0xfd', '0x01', '0x01', '0x02']
17:10:43.576  DEBUG   [poll]    -> read  st2mot    
17:10:43.579  DEBUG   [poll]    <- read  st2mot     ret=0  data=['0x00', '0x00']
17:10:43.580  DEBUG   [poll]    -> read  st0cur    
17:10:43.584  DEBUG   [poll]    <- read  st0cur     ret=0  data=['0xfd', '0x01', '0x01', '0x02']
17:10:44.586  DEBUG   [poll]    -> read  st2mot    
17:10:44.589  DEBUG   [poll]    <- read  st2mot     ret=0  data=['0x00', '0x00']
17:10:44.590  DEBUG   [poll]    -> read  st0cur    
17:10:44.594  DEBUG   [poll]    <- read  st0cur     ret=0  data=['0xfd', '0x01', '0x01', '0x02']
17:10:45.595  DEBUG   [poll]    -> read  st2mot    
17:10:45.599  DEBUG   [poll]    <- read  st2mot     ret=0  data=['0x00', '0x00']
17:10:45.599  DEBUG   [poll]    -> read  st0cur    
17:10:45.603  DEBUG   [poll]    <- read  st0cur     ret=0  data=['0xfd', '0x01', '0x01', '0x02']
17:10:46.605  DEBUG   [poll]    -> read  st2mot    
17:10:46.608  DEBUG   [poll]    <- read  st2mot     ret=0  data=['0x00', '0x00']
17:10:46.609  DEBUG   [poll]    -> read  st0cur    
17:10:46.613  DEBUG   [poll]    <- read  st0cur     ret=0  data=['0xfd', '0x01', '0x01', '0x02']
17:10:47.614  DEBUG   [poll]    -> read  st2mot    
17:10:47.618  DEBUG   [poll]    <- read  st2mot     ret=0  data=['0x00', '0x00']
17:10:47.618  DEBUG   [poll]    -> read  st0cur    
17:10:47.622  DEBUG   [poll]    <- read  st0cur     ret=0  data=['0xfd', '0x01', '0x01', '0x02']
17:10:48.624  DEBUG   [poll]    -> read  st2mot    
17:10:48.627  DEBUG   [poll]    <- read  st2mot     ret=0  data=['0x00', '0x00']
17:10:48.628  DEBUG   [poll]    -> read  st0cur    
17:10:48.632  DEBUG   [poll]    <- read  st0cur     ret=0  data=['0xfd', '0x01', '0x01', '0x02']
17:10:49.633  DEBUG   [poll]    -> read  st2mot    
17:10:49.637  DEBUG   [poll]    <- read  st2mot     ret=0  data=['0x00', '0x00']
17:10:49.637  DEBUG   [poll]    -> read  st0cur    
17:10:49.641  DEBUG   [poll]    <- read  st0cur     ret=0  data=['0xfd', '0x01', '0x01', '0x02']
17:10:50.643  DEBUG   [poll]    -> read  st2mot    
17:10:50.646  DEBUG   [poll]    <- read  st2mot     ret=0  data=['0x00', '0x00']
17:10:50.647  DEBUG   [poll]    -> read  st0cur    
17:10:50.651  DEBUG   [poll]    <- read  st0cur     ret=0  data=['0xfd', '0x01', '0x01', '0x02']
17:10:51.652  DEBUG   [poll]    -> read  st2mot    
17:10:51.656  DEBUG   [poll]    <- read  st2mot     ret=0  data=['0x00', '0x00']
17:10:51.656  DEBUG   [poll]    -> read  st0cur    
17:10:51.660  DEBUG   [poll]    <- read  st0cur     ret=0  data=['0xfd', '0x01', '0x01', '0x02']
17:10:52.662  DEBUG   [poll]    -> read  st2mot    
17:10:52.665  DEBUG   [poll]    <- read  st2mot     ret=0  data=['0x00', '0x00']
17:10:52.666  DEBUG   [poll]    -> read  st0cur    
17:10:52.670  DEBUG   [poll]    <- read  st0cur     ret=0  data=['0xfd', '0x01', '0x01', '0x02']
17:10:53.671  DEBUG   [poll]    -> read  st2mot    
17:10:53.675  DEBUG   [poll]    <- read  st2mot     ret=0  data=['0x00', '0x00']
17:10:53.675  DEBUG   [poll]    -> read  st0cur    
17:10:53.680  DEBUG   [poll]    <- read  st0cur     ret=0  data=['0xfd', '0x01', '0x01', '0x02']
17:10:54.681  DEBUG   [poll]    -> read  st2mot    
17:10:54.684  DEBUG   [poll]    <- read  st2mot     ret=0  data=['0x00', '0x00']
17:10:54.685  DEBUG   [poll]    -> read  st0cur    
17:10:54.689  DEBUG   [poll]    <- read  st0cur     ret=0  data=['0xfd', '0x01', '0x01', '0x02']
17:10:55.691  DEBUG   [poll]    -> read  st2mot    
17:10:55.694  DEBUG   [poll]    <- read  st2mot     ret=0  data=['0x00', '0x00']
17:10:55.694  DEBUG   [poll]    -> read  st0cur    
17:10:55.699  DEBUG   [poll]    <- read  st0cur     ret=0  data=['0xfd', '0x01', '0x01', '0x02']
17:10:56.700  DEBUG   [poll]    -> read  st2mot    
17:10:56.704  DEBUG   [poll]    <- read  st2mot     ret=0  data=['0x00', '0x00']
17:10:56.704  DEBUG   [poll]    -> read  st0cur    
17:10:56.708  DEBUG   [poll]    <- read  st0cur     ret=0  data=['0xfd', '0x01', '0x01', '0x02']
17:10:57.710  DEBUG   [poll]    -> read  st2mot    
17:10:57.713  DEBUG   [poll]    <- read  st2mot     ret=0  data=['0x00', '0x00']
17:10:57.714  DEBUG   [poll]    -> read  st0cur    
17:10:57.718  DEBUG   [poll]    <- read  st0cur     ret=0  data=['0xfd', '0x01', '0x01', '0x02']
17:10:58.719  DEBUG   [poll]    -> read  st2mot    
17:10:58.723  DEBUG   [poll]    <- read  st2mot     ret=0  data=['0x00', '0x00']
17:10:58.723  DEBUG   [poll]    -> read  st0cur    
17:10:58.728  DEBUG   [poll]    <- read  st0cur     ret=0  data=['0xfd', '0x01', '0x01', '0x02']
17:10:59.729  DEBUG   [poll]    -> read  st2mot    
17:10:59.733  DEBUG   [poll]    <- read  st2mot     ret=0  data=['0x00', '0x00']
17:10:59.733  DEBUG   [poll]    -> read  st0cur    
17:10:59.737  DEBUG   [poll]    <- read  st0cur     ret=0  data=['0xfd', '0x01', '0x01', '0x02']
17:11:00.739  DEBUG   [poll]    -> read  st2mot    
17:11:00.742  DEBUG   [poll]    <- read  st2mot     ret=0  data=['0x00', '0x00']
17:11:00.742  DEBUG   [poll]    -> read  st0cur    
17:11:00.747  DEBUG   [poll]    <- read  st0cur     ret=0  data=['0xfd', '0x01', '0x01', '0x02']
17:11:01.748  DEBUG   [poll]    -> read  st2mot    
17:11:01.752  DEBUG   [poll]    <- read  st2mot     ret=0  data=['0x00', '0x00']
17:11:01.752  DEBUG   [poll]    -> read  st0cur    
17:11:01.756  DEBUG   [poll]    <- read  st0cur     ret=0  data=['0xfd', '0x01', '0x01', '0x02']
17:11:02.758  DEBUG   [poll]    -> read  st2mot    
17:11:02.761  DEBUG   [poll]    <- read  st2mot     ret=0  data=['0x00', '0x00']
17:11:02.762  DEBUG   [poll]    -> read  st0cur    
17:11:02.766  DEBUG   [poll]    <- read  st0cur     ret=0  data=['0xfd', '0x01', '0x01', '0x02']
17:11:03.767  DEBUG   [poll]    -> read  st2mot    
17:11:03.771  DEBUG   [poll]    <- read  st2mot     ret=0  data=['0x00', '0x00']
17:11:03.771  DEBUG   [poll]    -> read  st0cur    
17:11:03.775  DEBUG   [poll]    <- read  st0cur     ret=0  data=['0xfd', '0x01', '0x01', '0x02']
17:11:04.777  DEBUG   [poll]    -> read  st2mot    
17:11:04.781  DEBUG   [poll]    <- read  st2mot     ret=0  data=['0x00', '0x00']
17:11:04.781  DEBUG   [poll]    -> read  st0cur    
17:11:04.785  DEBUG   [poll]    <- read  st0cur     ret=0  data=['0xfd', '0x01', '0x01', '0x02']
17:11:05.787  DEBUG   [poll]    -> read  st2mot    
17:11:05.790  DEBUG   [poll]    <- read  st2mot     ret=0  data=['0x00', '0x00']
17:11:05.791  DEBUG   [poll]    -> read  st0cur    
17:11:05.795  DEBUG   [poll]    <- read  st0cur     ret=0  data=['0xfd', '0x01', '0x01', '0x02']
17:11:06.796  DEBUG   [poll]    -> read  st2mot    
17:11:06.800  DEBUG   [poll]    <- read  st2mot     ret=0  data=['0x00', '0x00']
17:11:06.800  DEBUG   [poll]    -> read  st0cur    
17:11:06.804  DEBUG   [poll]    <- read  st0cur     ret=0  data=['0xfd', '0x01', '0x01', '0x02']
17:11:07.806  DEBUG   [poll]    -> read  st2mot    
17:11:07.809  DEBUG   [poll]    <- read  st2mot     ret=0  data=['0x00', '0x00']
17:11:07.810  DEBUG   [poll]    -> read  st0cur    
17:11:07.814  DEBUG   [poll]    <- read  st0cur     ret=0  data=['0xfd', '0x01', '0x01', '0x02']
17:11:08.815  DEBUG   [poll]    -> read  st2mot    
17:11:08.819  DEBUG   [poll]    <- read  st2mot     ret=0  data=['0x00', '0x00']
17:11:08.819  DEBUG   [poll]    -> read  st0cur    
17:11:08.824  DEBUG   [poll]    <- read  st0cur     ret=0  data=['0xfd', '0x01', '0x01', '0x02']
17:11:09.825  DEBUG   [poll]    -> read  st2mot    
17:11:09.828  DEBUG   [poll]    <- read  st2mot     ret=0  data=['0x00', '0x00']
17:11:09.829  DEBUG   [poll]    -> read  st0cur    
17:11:09.833  DEBUG   [poll]    <- read  st0cur     ret=0  data=['0xfd', '0x01', '0x01', '0x02']
17:11:10.835  DEBUG   [poll]    -> read  st2mot    
17:11:10.838  DEBUG   [poll]    <- read  st2mot     ret=0  data=['0x00', '0x00']
17:11:10.838  DEBUG   [poll]    -> read  st0cur    
17:11:10.842  DEBUG   [poll]    <- read  st0cur     ret=0  data=['0xfd', '0x01', '0x01', '0x02']
17:11:11.844  DEBUG   [poll]    -> read  st2mot    
17:11:11.847  DEBUG   [poll]    <- read  st2mot     ret=0  data=['0x00', '0x00']
17:11:11.848  DEBUG   [poll]    -> read  st0cur    
17:11:11.852  DEBUG   [poll]    <- read  st0cur     ret=0  data=['0xfd', '0x01', '0x01', '0x02']
17:11:12.853  DEBUG   [poll]    -> read  st2mot    
17:11:12.857  DEBUG   [poll]    <- read  st2mot     ret=0  data=['0x00', '0x00']
17:11:12.857  DEBUG   [poll]    -> read  st0cur    
17:11:12.861  DEBUG   [poll]    <- read  st0cur     ret=0  data=['0xfd', '0x01', '0x01', '0x02']
17:11:13.863  DEBUG   [poll]    -> read  st2mot    
17:11:13.866  DEBUG   [poll]    <- read  st2mot     ret=0  data=['0x00', '0x00']
17:11:13.867  DEBUG   [poll]    -> read  st0cur    
17:11:13.871  DEBUG   [poll]    <- read  st0cur     ret=0  data=['0xfd', '0x01', '0x01', '0x02']
17:11:14.873  DEBUG   [poll]    -> read  st2mot    
17:11:14.876  DEBUG   [poll]    <- read  st2mot     ret=0  data=['0x00', '0x00']
17:11:14.877  DEBUG   [poll]    -> read  st0cur    
17:11:14.881  DEBUG   [poll]    <- read  st0cur     ret=0  data=['0xfd', '0x01', '0x01', '0x02']
17:11:15.882  DEBUG   [poll]    -> read  st2mot    
17:11:15.886  DEBUG   [poll]    <- read  st2mot     ret=0  data=['0x00', '0x00']
17:11:15.886  DEBUG   [poll]    -> read  st0cur    
17:11:15.890  DEBUG   [poll]    <- read  st0cur     ret=0  data=['0xfd', '0x01', '0x01', '0x02']
17:11:16.892  DEBUG   [poll]    -> read  st2mot    
17:11:16.895  DEBUG   [poll]    <- read  st2mot     ret=0  data=['0x00', '0x00']
17:11:16.896  DEBUG   [poll]    -> read  st0cur    
17:11:16.900  DEBUG   [poll]    <- read  st0cur     ret=0  data=['0xfd', '0x01', '0x01', '0x02']
17:11:17.901  DEBUG   [poll]    -> read  st2mot    
17:11:17.905  DEBUG   [poll]    <- read  st2mot     ret=0  data=['0x00', '0x00']
17:11:17.905  DEBUG   [poll]    -> read  st0cur    
17:11:17.909  DEBUG   [poll]    <- read  st0cur     ret=0  data=['0xfd', '0x01', '0x01', '0x02']
17:11:18.911  DEBUG   [poll]    -> read  st2mot    
17:11:18.914  DEBUG   [poll]    <- read  st2mot     ret=0  data=['0x00', '0x00']
17:11:18.915  DEBUG   [poll]    -> read  st0cur    
17:11:18.919  DEBUG   [poll]    <- read  st0cur     ret=0  data=['0xfd', '0x01', '0x00', '0x02']
17:11:19.921  DEBUG   [poll]    -> read  st2mot    
17:11:19.924  DEBUG   [poll]    <- read  st2mot     ret=0  data=['0x00', '0x00']
17:11:19.925  DEBUG   [poll]    -> read  st0cur    
17:11:19.929  DEBUG   [poll]    <- read  st0cur     ret=0  data=['0xfd', '0x01', '0x01', '0x02']
17:11:20.930  DEBUG   [poll]    -> read  st2mot    
17:11:20.934  DEBUG   [poll]    <- read  st2mot     ret=0  data=['0x00', '0x00']
17:11:20.934  DEBUG   [poll]    -> read  st0cur    
17:11:20.938  DEBUG   [poll]    <- read  st0cur     ret=0  data=['0xfd', '0x01', '0x01', '0x02']
17:11:21.940  DEBUG   [poll]    -> read  st2mot    
17:11:21.943  DEBUG   [poll]    <- read  st2mot     ret=0  data=['0x00', '0x00']
17:11:21.944  DEBUG   [poll]    -> read  st0cur    
17:11:21.948  DEBUG   [poll]    <- read  st0cur     ret=0  data=['0xfd', '0x01', '0x01', '0x02']
17:11:22.949  DEBUG   [poll]    -> read  st2mot    
17:11:22.953  DEBUG   [poll]    <- read  st2mot     ret=0  data=['0x00', '0x00']
17:11:22.953  DEBUG   [poll]    -> read  st0cur    
17:11:22.957  DEBUG   [poll]    <- read  st0cur     ret=0  data=['0xfd', '0x01', '0x01', '0x02']
17:11:23.959  DEBUG   [poll]    -> read  st2mot    
17:11:23.962  DEBUG   [poll]    <- read  st2mot     ret=0  data=['0x00', '0x00']
17:11:23.963  DEBUG   [poll]    -> read  st0cur    
17:11:23.967  DEBUG   [poll]    <- read  st0cur     ret=0  data=['0xfd', '0x01', '0x01', '0x02']
17:11:24.969  DEBUG   [poll]    -> read  st2mot    
17:11:24.972  DEBUG   [poll]    <- read  st2mot     ret=0  data=['0x00', '0x00']
17:11:24.972  DEBUG   [poll]    -> read  st0cur    
17:11:24.977  DEBUG   [poll]    <- read  st0cur     ret=0  data=['0xfd', '0x01', '0x01', '0x02']
17:11:25.978  DEBUG   [poll]    -> read  st2mot    
17:11:25.981  DEBUG   [poll]    <- read  st2mot     ret=0  data=['0x00', '0x00']
17:11:25.982  DEBUG   [poll]    -> read  st0cur    
17:11:25.986  DEBUG   [poll]    <- read  st0cur     ret=0  data=['0xfd', '0x01', '0x01', '0x02']
17:11:26.988  DEBUG   [poll]    -> read  st2mot    
17:11:26.991  DEBUG   [poll]    <- read  st2mot     ret=0  data=['0x00', '0x00']
17:11:26.991  DEBUG   [poll]    -> read  st0cur    
17:11:26.996  DEBUG   [poll]    <- read  st0cur     ret=0  data=['0xfd', '0x01', '0x01', '0x02']
17:11:27.997  DEBUG   [poll]    -> read  st2mot    
17:11:28.000  DEBUG   [poll]    <- read  st2mot     ret=0  data=['0x00', '0x00']
17:11:28.001  DEBUG   [poll]    -> read  st0cur    
17:11:28.005  DEBUG   [poll]    <- read  st0cur     ret=0  data=['0xfd', '0x01', '0x01', '0x02']
17:11:29.006  DEBUG   [poll]    -> read  st2mot    
17:11:29.010  DEBUG   [poll]    <- read  st2mot     ret=0  data=['0x00', '0x00']
17:11:29.010  DEBUG   [poll]    -> read  st0cur    
17:11:29.015  DEBUG   [poll]    <- read  st0cur     ret=0  data=['0xfd', '0x01', '0x01', '0x02']
17:11:30.016  DEBUG   [poll]    -> read  st2mot    
17:11:30.020  DEBUG   [poll]    <- read  st2mot     ret=0  data=['0x00', '0x00']
17:11:30.020  DEBUG   [poll]    -> read  st0cur    
17:11:30.024  DEBUG   [poll]    <- read  st0cur     ret=0  data=['0xfd', '0x01', '0x01', '0x02']
17:11:31.026  DEBUG   [poll]    -> read  st2mot    
17:11:31.029  DEBUG   [poll]    <- read  st2mot     ret=0  data=['0x00', '0x00']
17:11:31.029  DEBUG   [poll]    -> read  st0cur    
17:11:31.033  DEBUG   [poll]    <- read  st0cur     ret=0  data=['0xfd', '0x01', '0x01', '0x02']
17:11:32.035  DEBUG   [poll]    -> read  st2mot    
17:11:32.038  DEBUG   [poll]    <- read  st2mot     ret=0  data=['0x00', '0x00']
17:11:32.039  DEBUG   [poll]    -> read  st0cur    
17:11:32.043  DEBUG   [poll]    <- read  st0cur     ret=0  data=['0xfd', '0x01', '0x01', '0x02']
17:11:33.044  DEBUG   [poll]    -> read  st2mot    
17:11:33.048  DEBUG   [poll]    <- read  st2mot     ret=0  data=['0x00', '0x00']
17:11:33.048  DEBUG   [poll]    -> read  st0cur    
17:11:33.052  DEBUG   [poll]    <- read  st0cur     ret=0  data=['0xfd', '0x01', '0x00', '0x02']
17:11:34.054  DEBUG   [poll]    -> read  st2mot    
17:11:34.057  DEBUG   [poll]    <- read  st2mot     ret=0  data=['0x00', '0x00']
17:11:34.058  DEBUG   [poll]    -> read  st0cur    
17:11:34.062  DEBUG   [poll]    <- read  st0cur     ret=0  data=['0xfd', '0x01', '0x01', '0x02']
17:11:35.064  DEBUG   [poll]    -> read  st2mot    
17:11:35.067  DEBUG   [poll]    <- read  st2mot     ret=0  data=['0x00', '0x00']
17:11:35.067  DEBUG   [poll]    -> read  st0cur    
17:11:35.072  DEBUG   [poll]    <- read  st0cur     ret=0  data=['0xfd', '0x01', '0x01', '0x02']
17:11:36.073  DEBUG   [poll]    -> read  st2mot    
17:11:36.076  DEBUG   [poll]    <- read  st2mot     ret=0  data=['0x00', '0x00']
17:11:36.077  DEBUG   [poll]    -> read  st0cur    
17:11:36.081  DEBUG   [poll]    <- read  st0cur     ret=0  data=['0xfd', '0x01', '0x01', '0x02']
17:11:37.083  DEBUG   [poll]    -> read  st2mot    
17:11:37.086  DEBUG   [poll]    <- read  st2mot     ret=0  data=['0x00', '0x00']
17:11:37.086  DEBUG   [poll]    -> read  st0cur    
17:11:37.090  DEBUG   [poll]    <- read  st0cur     ret=0  data=['0xfd', '0x01', '0x01', '0x02']
17:11:38.092  DEBUG   [poll]    -> read  st2mot    
17:11:38.095  DEBUG   [poll]    <- read  st2mot     ret=0  data=['0x00', '0x00']
17:11:38.096  DEBUG   [poll]    -> read  st0cur    
17:11:38.100  DEBUG   [poll]    <- read  st0cur     ret=0  data=['0xfd', '0x01', '0x01', '0x02']
17:11:39.101  DEBUG   [poll]    -> read  st2mot    
17:11:39.105  DEBUG   [poll]    <- read  st2mot     ret=0  data=['0x00', '0x00']
17:11:39.105  DEBUG   [poll]    -> read  st0cur    
17:11:39.110  DEBUG   [poll]    <- read  st0cur     ret=0  data=['0xfd', '0x01', '0x01', '0x02']
17:11:40.111  DEBUG   [poll]    -> read  st2mot    
17:11:40.115  DEBUG   [poll]    <- read  st2mot     ret=0  data=['0x00', '0x00']
17:11:40.115  DEBUG   [poll]    -> read  st0cur    
17:11:40.119  DEBUG   [poll]    <- read  st0cur     ret=0  data=['0xfd', '0x01', '0x01', '0x02']
17:11:41.121  DEBUG   [poll]    -> read  st2mot    
17:11:41.124  DEBUG   [poll]    <- read  st2mot     ret=0  data=['0x00', '0x00']
17:11:41.124  DEBUG   [poll]    -> read  st0cur    
17:11:41.129  DEBUG   [poll]    <- read  st0cur     ret=0  data=['0xfd', '0x01', '0x01', '0x02']
17:11:42.130  DEBUG   [poll]    -> read  st2mot    
17:11:42.134  DEBUG   [poll]    <- read  st2mot     ret=0  data=['0x00', '0x00']
17:11:42.134  DEBUG   [poll]    -> read  st0cur    
17:11:42.138  DEBUG   [poll]    <- read  st0cur     ret=0  data=['0xfd', '0x01', '0x01', '0x02']
17:11:43.140  DEBUG   [poll]    -> read  st2mot    
17:11:43.143  DEBUG   [poll]    <- read  st2mot     ret=0  data=['0x00', '0x00']
17:11:43.143  DEBUG   [poll]    -> read  st0cur    
17:11:43.148  DEBUG   [poll]    <- read  st0cur     ret=0  data=['0xfd', '0x01', '0x01', '0x02']
17:11:44.149  DEBUG   [poll]    -> read  st2mot    
17:11:44.153  DEBUG   [poll]    <- read  st2mot     ret=0  data=['0x00', '0x00']
17:11:44.153  DEBUG   [poll]    -> read  st0cur    
17:11:44.158  DEBUG   [poll]    <- read  st0cur     ret=0  data=['0xfd', '0x01', '0x01', '0x02']
17:11:45.159  DEBUG   [poll]    -> read  st2mot    
17:11:45.163  DEBUG   [poll]    <- read  st2mot     ret=0  data=['0x00', '0x00']
17:11:45.163  DEBUG   [poll]    -> read  st0cur    
17:11:45.167  DEBUG   [poll]    <- read  st0cur     ret=0  data=['0xfd', '0x01', '0x01', '0x02']
17:11:46.169  DEBUG   [poll]    -> read  st2mot    
17:11:46.172  DEBUG   [poll]    <- read  st2mot     ret=0  data=['0x00', '0x00']
17:11:46.172  DEBUG   [poll]    -> read  st0cur    
17:11:46.177  DEBUG   [poll]    <- read  st0cur     ret=0  data=['0xfd', '0x01', '0x01', '0x02']
17:11:47.178  DEBUG   [poll]    -> read  st2mot    
17:11:47.181  DEBUG   [poll]    <- read  st2mot     ret=0  data=['0x00', '0x00']
17:11:47.182  DEBUG   [poll]    -> read  st0cur    
17:11:47.186  DEBUG   [poll]    <- read  st0cur     ret=0  data=['0xfd', '0x01', '0x01', '0x02']
17:11:48.188  DEBUG   [poll]    -> read  st2mot    
17:11:48.191  DEBUG   [poll]    <- read  st2mot     ret=0  data=['0x00', '0x00']
17:11:48.191  DEBUG   [poll]    -> read  st0cur    
17:11:48.195  DEBUG   [poll]    <- read  st0cur     ret=0  data=['0xfd', '0x01', '0x01', '0x02']
17:11:49.197  DEBUG   [poll]    -> read  st2mot    
17:11:49.201  DEBUG   [poll]    <- read  st2mot     ret=0  data=['0x00', '0x00']
17:11:49.201  DEBUG   [poll]    -> read  st0cur    
17:11:49.205  DEBUG   [poll]    <- read  st0cur     ret=0  data=['0xfd', '0x01', '0x01', '0x02']
17:11:50.207  DEBUG   [poll]    -> read  st2mot    
17:11:50.210  DEBUG   [poll]    <- read  st2mot     ret=0  data=['0x00', '0x00']
17:11:50.210  DEBUG   [poll]    -> read  st0cur    
17:11:50.215  DEBUG   [poll]    <- read  st0cur     ret=0  data=['0xfd', '0x01', '0x01', '0x02']
17:11:51.216  DEBUG   [poll]    -> read  st2mot    
17:11:51.219  DEBUG   [poll]    <- read  st2mot     ret=0  data=['0x00', '0x00']
17:11:51.220  DEBUG   [poll]    -> read  st0cur    
17:11:51.224  DEBUG   [poll]    <- read  st0cur     ret=0  data=['0xfd', '0x01', '0x01', '0x02']
17:11:52.225  DEBUG   [poll]    -> read  st2mot    
17:11:52.229  DEBUG   [poll]    <- read  st2mot     ret=0  data=['0x00', '0x00']
17:11:52.229  DEBUG   [poll]    -> read  st0cur    
17:11:52.234  DEBUG   [poll]    <- read  st0cur     ret=0  data=['0xfd', '0x01', '0x00', '0x02']
17:11:53.235  DEBUG   [poll]    -> read  st2mot    
17:11:53.238  DEBUG   [poll]    <- read  st2mot     ret=0  data=['0x00', '0x00']
17:11:53.239  DEBUG   [poll]    -> read  st0cur    
17:11:53.243  DEBUG   [poll]    <- read  st0cur     ret=0  data=['0xfd', '0x01', '0x01', '0x02']
17:11:54.244  DEBUG   [poll]    -> read  st2mot    
17:11:54.248  DEBUG   [poll]    <- read  st2mot     ret=0  data=['0x00', '0x00']
17:11:54.248  DEBUG   [poll]    -> read  st0cur    
17:11:54.253  DEBUG   [poll]    <- read  st0cur     ret=0  data=['0xfd', '0x01', '0x01', '0x02']
17:11:55.254  DEBUG   [poll]    -> read  st2mot    
17:11:55.257  DEBUG   [poll]    <- read  st2mot     ret=0  data=['0x00', '0x00']
17:11:55.258  DEBUG   [poll]    -> read  st0cur    
17:11:55.262  DEBUG   [poll]    <- read  st0cur     ret=0  data=['0xfd', '0x01', '0x01', '0x02']
17:11:56.264  DEBUG   [poll]    -> read  st2mot    
17:11:56.267  DEBUG   [poll]    <- read  st2mot     ret=0  data=['0x00', '0x00']
17:11:56.267  DEBUG   [poll]    -> read  st0cur    
17:11:56.271  DEBUG   [poll]    <- read  st0cur     ret=0  data=['0xfd', '0x01', '0x01', '0x02']
17:11:57.273  DEBUG   [poll]    -> read  st2mot    
17:11:57.276  DEBUG   [poll]    <- read  st2mot     ret=0  data=['0x00', '0x00']
17:11:57.277  DEBUG   [poll]    -> read  st0cur    
17:11:57.281  DEBUG   [poll]    <- read  st0cur     ret=0  data=['0xfd', '0x01', '0x01', '0x02']
17:11:58.282  DEBUG   [poll]    -> read  st2mot    
17:11:58.286  DEBUG   [poll]    <- read  st2mot     ret=0  data=['0x00', '0x00']
17:11:58.286  DEBUG   [poll]    -> read  st0cur    
17:11:58.290  DEBUG   [poll]    <- read  st0cur     ret=0  data=['0xfd', '0x01', '0x01', '0x02']
17:11:59.292  DEBUG   [poll]    -> read  st2mot    
17:11:59.295  DEBUG   [poll]    <- read  st2mot     ret=0  data=['0x00', '0x00']
17:11:59.296  DEBUG   [poll]    -> read  st0cur    
17:11:59.300  DEBUG   [poll]    <- read  st0cur     ret=0  data=['0xfd', '0x01', '0x01', '0x02']
17:12:00.302  DEBUG   [poll]    -> read  st2mot    
17:12:00.305  DEBUG   [poll]    <- read  st2mot     ret=0  data=['0x00', '0x00']
17:12:00.306  DEBUG   [poll]    -> read  st0cur    
17:12:00.310  DEBUG   [poll]    <- read  st0cur     ret=0  data=['0xfd', '0x01', '0x01', '0x02']
17:12:01.311  DEBUG   [poll]    -> read  st2mot    
17:12:01.315  DEBUG   [poll]    <- read  st2mot     ret=0  data=['0x00', '0x00']
17:12:01.315  DEBUG   [poll]    -> read  st0cur    
17:12:01.319  DEBUG   [poll]    <- read  st0cur     ret=0  data=['0xfd', '0x01', '0x01', '0x02']
17:12:02.321  DEBUG   [poll]    -> read  st2mot    
17:12:02.324  DEBUG   [poll]    <- read  st2mot     ret=0  data=['0x00', '0x00']
17:12:02.325  DEBUG   [poll]    -> read  st0cur    
17:12:02.329  DEBUG   [poll]    <- read  st0cur     ret=0  data=['0xfd', '0x01', '0x01', '0x02']
17:12:03.331  DEBUG   [poll]    -> read  st2mot    
17:12:03.334  DEBUG   [poll]    <- read  st2mot     ret=0  data=['0x00', '0x00']
17:12:03.334  DEBUG   [poll]    -> read  st0cur    
17:12:03.339  DEBUG   [poll]    <- read  st0cur     ret=0  data=['0xfd', '0x01', '0x01', '0x02']
17:12:04.340  DEBUG   [poll]    -> read  st2mot    
17:12:04.344  DEBUG   [poll]    <- read  st2mot     ret=0  data=['0x00', '0x00']
17:12:04.344  DEBUG   [poll]    -> read  st0cur    
17:12:04.348  DEBUG   [poll]    <- read  st0cur     ret=0  data=['0xfd', '0x01', '0x01', '0x02']
17:12:05.350  DEBUG   [poll]    -> read  st2mot    
17:12:05.353  DEBUG   [poll]    <- read  st2mot     ret=0  data=['0x00', '0x00']
17:12:05.354  DEBUG   [poll]    -> read  st0cur    
17:12:05.358  DEBUG   [poll]    <- read  st0cur     ret=0  data=['0xfd', '0x01', '0x01', '0x02']
17:12:06.360  DEBUG   [poll]    -> read  st2mot    
17:12:06.363  DEBUG   [poll]    <- read  st2mot     ret=0  data=['0x00', '0x00']
17:12:06.364  DEBUG   [poll]    -> read  st0cur    
17:12:06.368  DEBUG   [poll]    <- read  st0cur     ret=0  data=['0xfd', '0x01', '0x01', '0x02']
17:12:07.369  DEBUG   [poll]    -> read  st2mot    
17:12:07.373  DEBUG   [poll]    <- read  st2mot     ret=0  data=['0x00', '0x00']
17:12:07.373  DEBUG   [poll]    -> read  st0cur    
17:12:07.377  DEBUG   [poll]    <- read  st0cur     ret=0  data=['0xfd', '0x01', '0x01', '0x02']
17:12:08.379  DEBUG   [poll]    -> read  st2mot    
17:12:08.382  DEBUG   [poll]    <- read  st2mot     ret=0  data=['0x00', '0x00']
17:12:08.383  DEBUG   [poll]    -> read  st0cur    
17:12:08.387  DEBUG   [poll]    <- read  st0cur     ret=0  data=['0xfd', '0x01', '0x01', '0x02']
17:12:09.388  DEBUG   [poll]    -> read  st2mot    
17:12:09.392  DEBUG   [poll]    <- read  st2mot     ret=0  data=['0x00', '0x00']
17:12:09.392  DEBUG   [poll]    -> read  st0cur    
17:12:09.397  DEBUG   [poll]    <- read  st0cur     ret=0  data=['0xfd', '0x01', '0x01', '0x02']
17:12:10.398  DEBUG   [poll]    -> read  st2mot    
17:12:10.401  DEBUG   [poll]    <- read  st2mot     ret=0  data=['0x00', '0x00']
17:12:10.402  DEBUG   [poll]    -> read  st0cur    
17:12:10.406  DEBUG   [poll]    <- read  st0cur     ret=0  data=['0xfd', '0x01', '0x01', '0x02']
17:12:11.408  DEBUG   [poll]    -> read  st2mot    
17:12:11.411  DEBUG   [poll]    <- read  st2mot     ret=0  data=['0x00', '0x00']
17:12:11.411  DEBUG   [poll]    -> read  st0cur    
17:12:11.416  DEBUG   [poll]    <- read  st0cur     ret=0  data=['0xfd', '0x01', '0x01', '0x02']
17:12:12.417  DEBUG   [poll]    -> read  st2mot    
17:12:12.420  DEBUG   [poll]    <- read  st2mot     ret=0  data=['0x00', '0x00']
17:12:12.421  DEBUG   [poll]    -> read  st0cur    
17:12:12.425  DEBUG   [poll]    <- read  st0cur     ret=0  data=['0xfd', '0x01', '0x01', '0x02']
17:12:13.426  DEBUG   [poll]    -> read  st2mot    
17:12:13.430  DEBUG   [poll]    <- read  st2mot     ret=0  data=['0x00', '0x00']
17:12:13.430  DEBUG   [poll]    -> read  st0cur    
17:12:13.434  DEBUG   [poll]    <- read  st0cur     ret=0  data=['0xfd', '0x01', '0x01', '0x02']
17:12:14.436  DEBUG   [poll]    -> read  st2mot    
17:12:14.439  DEBUG   [poll]    <- read  st2mot     ret=0  data=['0x00', '0x00']
17:12:14.440  DEBUG   [poll]    -> read  st0cur    
17:12:14.444  DEBUG   [poll]    <- read  st0cur     ret=0  data=['0xfd', '0x01', '0x01', '0x02']
17:12:15.446  DEBUG   [poll]    -> read  st2mot    
17:12:15.449  DEBUG   [poll]    <- read  st2mot     ret=0  data=['0x00', '0x00']
17:12:15.450  DEBUG   [poll]    -> read  st0cur    
17:12:15.454  DEBUG   [poll]    <- read  st0cur     ret=0  data=['0xfd', '0x01', '0x01', '0x02']
17:12:16.455  DEBUG   [poll]    -> read  st2mot    
17:12:16.459  DEBUG   [poll]    <- read  st2mot     ret=0  data=['0x00', '0x00']
17:12:16.459  DEBUG   [poll]    -> read  st0cur    
17:12:16.463  DEBUG   [poll]    <- read  st0cur     ret=0  data=['0xfd', '0x01', '0x01', '0x02']
17:12:17.465  DEBUG   [poll]    -> read  st2mot    
17:12:17.468  DEBUG   [poll]    <- read  st2mot     ret=0  data=['0x00', '0x00']
17:12:17.469  DEBUG   [poll]    -> read  st0cur    
17:12:17.473  DEBUG   [poll]    <- read  st0cur     ret=0  data=['0xfd', '0x01', '0x01', '0x02']
17:12:18.474  DEBUG   [poll]    -> read  st2mot    
17:12:18.478  DEBUG   [poll]    <- read  st2mot     ret=0  data=['0x00', '0x00']
17:12:18.478  DEBUG   [poll]    -> read  st0cur    
17:12:18.482  DEBUG   [poll]    <- read  st0cur     ret=0  data=['0xfd', '0x01', '0x01', '0x02']
17:12:19.484  DEBUG   [poll]    -> read  st2mot    
17:12:19.487  DEBUG   [poll]    <- read  st2mot     ret=0  data=['0x00', '0x00']
17:12:19.488  DEBUG   [poll]    -> read  st0cur    
17:12:19.492  DEBUG   [poll]    <- read  st0cur     ret=0  data=['0xfd', '0x01', '0x01', '0x02']
17:12:20.494  DEBUG   [poll]    -> read  st2mot    
17:12:20.497  DEBUG   [poll]    <- read  st2mot     ret=0  data=['0x00', '0x00']
17:12:20.497  DEBUG   [poll]    -> read  st0cur    
17:12:20.501  DEBUG   [poll]    <- read  st0cur     ret=0  data=['0xfd', '0x01', '0x01', '0x02']
17:12:21.503  DEBUG   [poll]    -> read  st2mot    
17:12:21.506  DEBUG   [poll]    <- read  st2mot     ret=0  data=['0x00', '0x00']
17:12:21.507  DEBUG   [poll]    -> read  st0cur    
17:12:21.511  DEBUG   [poll]    <- read  st0cur     ret=0  data=['0xfd', '0x01', '0x01', '0x02']
17:12:22.512  DEBUG   [poll]    -> read  st2mot    
17:12:22.516  DEBUG   [poll]    <- read  st2mot     ret=0  data=['0x00', '0x00']
17:12:22.516  DEBUG   [poll]    -> read  st0cur    
17:12:22.521  DEBUG   [poll]    <- read  st0cur     ret=0  data=['0xfd', '0x01', '0x01', '0x02']
17:12:23.522  DEBUG   [poll]    -> read  st2mot    
17:12:23.525  DEBUG   [poll]    <- read  st2mot     ret=0  data=['0x00', '0x00']
17:12:23.526  DEBUG   [poll]    -> read  st0cur    
17:12:23.530  DEBUG   [poll]    <- read  st0cur     ret=0  data=['0xfd', '0x01', '0x01', '0x02']
17:12:24.531  DEBUG   [poll]    -> read  st2mot    
17:12:24.535  DEBUG   [poll]    <- read  st2mot     ret=0  data=['0x00', '0x00']
17:12:24.535  DEBUG   [poll]    -> read  st0cur    
17:12:24.540  DEBUG   [poll]    <- read  st0cur     ret=0  data=['0xfd', '0x01', '0x01', '0x02']
17:12:25.541  DEBUG   [poll]    -> read  st2mot    
17:12:25.545  DEBUG   [poll]    <- read  st2mot     ret=0  data=['0x00', '0x00']
17:12:25.545  DEBUG   [poll]    -> read  st0cur    
17:12:25.549  DEBUG   [poll]    <- read  st0cur     ret=0  data=['0xfd', '0x01', '0x01', '0x02']
17:12:26.551  DEBUG   [poll]    -> read  st2mot    
17:12:26.554  DEBUG   [poll]    <- read  st2mot     ret=0  data=['0x00', '0x00']
17:12:26.555  DEBUG   [poll]    -> read  st0cur    
17:12:26.559  DEBUG   [poll]    <- read  st0cur     ret=0  data=['0xfd', '0x01', '0x01', '0x02']
17:12:27.560  DEBUG   [poll]    -> read  st2mot    
17:12:27.564  DEBUG   [poll]    <- read  st2mot     ret=0  data=['0x00', '0x00']
17:12:27.564  DEBUG   [poll]    -> read  st0cur    
17:12:27.568  DEBUG   [poll]    <- read  st0cur     ret=0  data=['0xfd', '0x01', '0x01', '0x02']
17:12:28.570  DEBUG   [poll]    -> read  st2mot    
17:12:28.573  DEBUG   [poll]    <- read  st2mot     ret=0  data=['0x00', '0x00']
17:12:28.574  DEBUG   [poll]    -> read  st0cur    
17:12:28.578  DEBUG   [poll]    <- read  st0cur     ret=0  data=['0xfd', '0x01', '0x01', '0x02']
17:12:29.579  DEBUG   [poll]    -> read  st2mot    
17:12:29.583  DEBUG   [poll]    <- read  st2mot     ret=0  data=['0x00', '0x00']
17:12:29.583  DEBUG   [poll]    -> read  st0cur    
17:12:29.588  DEBUG   [poll]    <- read  st0cur     ret=0  data=['0xfd', '0x01', '0x01', '0x02']
17:12:30.589  DEBUG   [poll]    -> read  st2mot    
17:12:30.593  DEBUG   [poll]    <- read  st2mot     ret=0  data=['0x00', '0x00']
17:12:30.593  DEBUG   [poll]    -> read  st0cur    
17:12:30.597  DEBUG   [poll]    <- read  st0cur     ret=0  data=['0xfd', '0x01', '0x01', '0x02']
17:12:31.599  DEBUG   [poll]    -> read  st2mot    
17:12:31.602  DEBUG   [poll]    <- read  st2mot     ret=0  data=['0x00', '0x00']
17:12:31.602  DEBUG   [poll]    -> read  st0cur    
17:12:31.607  DEBUG   [poll]    <- read  st0cur     ret=0  data=['0xfd', '0x01', '0x01', '0x02']
17:12:32.608  DEBUG   [poll]    -> read  st2mot    
17:12:32.611  DEBUG   [poll]    <- read  st2mot     ret=0  data=['0x00', '0x00']
17:12:32.612  DEBUG   [poll]    -> read  st0cur    
17:12:32.616  DEBUG   [poll]    <- read  st0cur     ret=0  data=['0xfd', '0x01', '0x01', '0x02']
17:12:33.618  DEBUG   [poll]    -> read  st2mot    
17:12:33.621  DEBUG   [poll]    <- read  st2mot     ret=0  data=['0x00', '0x00']
17:12:33.621  DEBUG   [poll]    -> read  st0cur    
17:12:33.625  DEBUG   [poll]    <- read  st0cur     ret=0  data=['0xfd', '0x01', '0x01', '0x02']
17:12:34.627  DEBUG   [poll]    -> read  st2mot    
17:12:34.630  DEBUG   [poll]    <- read  st2mot     ret=0  data=['0x00', '0x00']
17:12:34.631  DEBUG   [poll]    -> read  st0cur    
17:12:34.635  DEBUG   [poll]    <- read  st0cur     ret=0  data=['0xfd', '0x01', '0x01', '0x02']
17:12:35.637  DEBUG   [poll]    -> read  st2mot    
17:12:35.640  DEBUG   [poll]    <- read  st2mot     ret=0  data=['0x00', '0x00']
17:12:35.640  DEBUG   [poll]    -> read  st0cur    
17:12:35.645  DEBUG   [poll]    <- read  st0cur     ret=0  data=['0xfd', '0x01', '0x01', '0x02']
17:12:36.646  DEBUG   [poll]    -> read  st2mot    
17:12:36.649  DEBUG   [poll]    <- read  st2mot     ret=0  data=['0x00', '0x00']
17:12:36.650  DEBUG   [poll]    -> read  st0cur    
17:12:36.654  DEBUG   [poll]    <- read  st0cur     ret=0  data=['0xfd', '0x01', '0x01', '0x02']
17:12:37.656  DEBUG   [poll]    -> read  st2mot    
17:12:37.659  DEBUG   [poll]    <- read  st2mot     ret=0  data=['0x00', '0x00']
17:12:37.659  DEBUG   [poll]    -> read  st0cur    
17:12:37.663  DEBUG   [poll]    <- read  st0cur     ret=0  data=['0xfd', '0x01', '0x01', '0x02']
17:12:38.665  DEBUG   [poll]    -> read  st2mot    
17:12:38.668  DEBUG   [poll]    <- read  st2mot     ret=0  data=['0x00', '0x00']
17:12:38.669  DEBUG   [poll]    -> read  st0cur    
17:12:38.673  DEBUG   [poll]    <- read  st0cur     ret=0  data=['0xfd', '0x01', '0x01', '0x02']
17:12:39.674  DEBUG   [poll]    -> read  st2mot    
17:12:39.678  DEBUG   [poll]    <- read  st2mot     ret=0  data=['0x00', '0x00']
17:12:39.678  DEBUG   [poll]    -> read  st0cur    
17:12:39.683  DEBUG   [poll]    <- read  st0cur     ret=0  data=['0xfd', '0x01', '0x01', '0x02']
17:12:40.684  DEBUG   [poll]    -> read  st2mot    
17:12:40.687  DEBUG   [poll]    <- read  st2mot     ret=0  data=['0x00', '0x00']
17:12:40.688  DEBUG   [poll]    -> read  st0cur    
17:12:40.692  DEBUG   [poll]    <- read  st0cur     ret=0  data=['0xfd', '0x01', '0x01', '0x02']
17:12:41.693  DEBUG   [poll]    -> read  st2mot    
17:12:41.697  DEBUG   [poll]    <- read  st2mot     ret=0  data=['0x00', '0x00']
17:12:41.697  DEBUG   [poll]    -> read  st0cur    
17:12:41.701  DEBUG   [poll]    <- read  st0cur     ret=0  data=['0xfd', '0x01', '0x01', '0x02']
17:12:42.703  DEBUG   [poll]    -> read  st2mot    
17:12:42.706  DEBUG   [poll]    <- read  st2mot     ret=0  data=['0x00', '0x00']
17:12:42.707  DEBUG   [poll]    -> read  st0cur    
17:12:42.711  DEBUG   [poll]    <- read  st0cur     ret=0  data=['0xfd', '0x01', '0x01', '0x02']
17:12:43.712  DEBUG   [poll]    -> read  st2mot    
17:12:43.716  DEBUG   [poll]    <- read  st2mot     ret=0  data=['0x00', '0x00']
17:12:43.716  DEBUG   [poll]    -> read  st0cur    
17:12:43.720  DEBUG   [poll]    <- read  st0cur     ret=0  data=['0xfd', '0x01', '0x01', '0x02']
17:12:44.722  DEBUG   [poll]    -> read  st2mot    
17:12:44.725  DEBUG   [poll]    <- read  st2mot     ret=0  data=['0x00', '0x00']
17:12:44.726  DEBUG   [poll]    -> read  st0cur    
17:12:44.730  DEBUG   [poll]    <- read  st0cur     ret=0  data=['0xfd', '0x01', '0x01', '0x02']
17:12:45.732  DEBUG   [poll]    -> read  st2mot    
17:12:45.735  DEBUG   [poll]    <- read  st2mot     ret=0  data=['0x00', '0x00']
17:12:45.735  DEBUG   [poll]    -> read  st0cur    
17:12:45.739  DEBUG   [poll]    <- read  st0cur     ret=0  data=['0xfd', '0x01', '0x01', '0x02']
17:12:46.741  DEBUG   [poll]    -> read  st2mot    
17:12:46.744  DEBUG   [poll]    <- read  st2mot     ret=0  data=['0x00', '0x00']
17:12:46.745  DEBUG   [poll]    -> read  st0cur    
17:12:46.749  DEBUG   [poll]    <- read  st0cur     ret=0  data=['0xfc', '0x01', '0x01', '0x02']
17:12:46.749  WARNING *** OBSERVED STALL SIGNATURE (not acted on yet) — current=-0.20A while rpm=0 ***
17:12:47.751  DEBUG   [poll]    -> read  st2mot    
17:12:47.754  DEBUG   [poll]    <- read  st2mot     ret=0  data=['0x00', '0x00']
17:12:47.755  DEBUG   [poll]    -> read  st0cur    
17:12:47.759  DEBUG   [poll]    <- read  st0cur     ret=0  data=['0xfd', '0x01', '0x01', '0x02']
17:12:48.761  DEBUG   [poll]    -> read  st2mot    
17:12:48.764  DEBUG   [poll]    <- read  st2mot     ret=0  data=['0x00', '0x00']
17:12:48.764  DEBUG   [poll]    -> read  st0cur    
17:12:48.769  DEBUG   [poll]    <- read  st0cur     ret=0  data=['0xfd', '0x01', '0x01', '0x02']
17:12:49.770  DEBUG   [poll]    -> read  st2mot    
17:12:49.773  DEBUG   [poll]    <- read  st2mot     ret=0  data=['0x00', '0x00']
17:12:49.774  DEBUG   [poll]    -> read  st0cur    
17:12:49.778  DEBUG   [poll]    <- read  st0cur     ret=0  data=['0xfd', '0x01', '0x01', '0x02']
17:12:50.780  DEBUG   [poll]    -> read  st2mot    
17:12:50.783  DEBUG   [poll]    <- read  st2mot     ret=0  data=['0x00', '0x00']
17:12:50.784  DEBUG   [poll]    -> read  st0cur    
17:12:50.788  DEBUG   [poll]    <- read  st0cur     ret=0  data=['0xfd', '0x01', '0x01', '0x02']
17:12:51.789  DEBUG   [poll]    -> read  st2mot    
17:12:51.793  DEBUG   [poll]    <- read  st2mot     ret=0  data=['0x00', '0x00']
17:12:51.793  DEBUG   [poll]    -> read  st0cur    
17:12:51.797  DEBUG   [poll]    <- read  st0cur     ret=0  data=['0xfd', '0x01', '0x01', '0x02']
17:12:52.799  DEBUG   [poll]    -> read  st2mot    
17:12:52.802  DEBUG   [poll]    <- read  st2mot     ret=0  data=['0x00', '0x00']
17:12:52.803  DEBUG   [poll]    -> read  st0cur    
17:12:52.807  DEBUG   [poll]    <- read  st0cur     ret=0  data=['0xfd', '0x01', '0x01', '0x02']
17:12:53.808  DEBUG   [poll]    -> read  st2mot    
17:12:53.812  DEBUG   [poll]    <- read  st2mot     ret=0  data=['0x00', '0x00']
17:12:53.812  DEBUG   [poll]    -> read  st0cur    
17:12:53.816  DEBUG   [poll]    <- read  st0cur     ret=0  data=['0xfd', '0x01', '0x01', '0x02']
17:12:54.818  DEBUG   [poll]    -> read  st2mot    
17:12:54.821  DEBUG   [poll]    <- read  st2mot     ret=0  data=['0x00', '0x00']
17:12:54.822  DEBUG   [poll]    -> read  st0cur    
17:12:54.826  DEBUG   [poll]    <- read  st0cur     ret=0  data=['0xfd', '0x01', '0x01', '0x02']
17:12:55.828  DEBUG   [poll]    -> read  st2mot    
17:12:55.831  DEBUG   [poll]    <- read  st2mot     ret=0  data=['0x00', '0x00']
17:12:55.831  DEBUG   [poll]    -> read  st0cur    
17:12:55.836  DEBUG   [poll]    <- read  st0cur     ret=0  data=['0xfd', '0x01', '0x01', '0x02']
17:12:56.837  DEBUG   [poll]    -> read  st2mot    
17:12:56.840  DEBUG   [poll]    <- read  st2mot     ret=0  data=['0x00', '0x00']
17:12:56.841  DEBUG   [poll]    -> read  st0cur    
17:12:56.845  DEBUG   [poll]    <- read  st0cur     ret=0  data=['0xfd', '0x01', '0x01', '0x02']
17:12:57.846  DEBUG   [poll]    -> read  st2mot    
17:12:57.850  DEBUG   [poll]    <- read  st2mot     ret=0  data=['0x00', '0x00']
17:12:57.850  DEBUG   [poll]    -> read  st0cur    
17:12:57.854  DEBUG   [poll]    <- read  st0cur     ret=0  data=['0xfd', '0x01', '0x01', '0x02']
17:12:58.856  DEBUG   [poll]    -> read  st2mot    
17:12:58.859  DEBUG   [poll]    <- read  st2mot     ret=0  data=['0x00', '0x00']
17:12:58.860  DEBUG   [poll]    -> read  st0cur    
17:12:58.864  DEBUG   [poll]    <- read  st0cur     ret=0  data=['0xfd', '0x01', '0x01', '0x02']
17:12:59.865  DEBUG   [poll]    -> read  st2mot    
17:12:59.869  DEBUG   [poll]    <- read  st2mot     ret=0  data=['0x00', '0x00']
17:12:59.869  DEBUG   [poll]    -> read  st0cur    
17:12:59.874  DEBUG   [poll]    <- read  st0cur     ret=0  data=['0xfd', '0x01', '0x01', '0x02']
17:13:00.875  DEBUG   [poll]    -> read  st2mot    
17:13:00.878  DEBUG   [poll]    <- read  st2mot     ret=0  data=['0x00', '0x00']
17:13:00.879  DEBUG   [poll]    -> read  st0cur    
17:13:00.883  DEBUG   [poll]    <- read  st0cur     ret=0  data=['0xfd', '0x01', '0x01', '0x02']
17:13:01.885  DEBUG   [poll]    -> read  st2mot    
17:13:01.888  DEBUG   [poll]    <- read  st2mot     ret=0  data=['0x00', '0x00']
17:13:01.888  DEBUG   [poll]    -> read  st0cur    
17:13:01.893  DEBUG   [poll]    <- read  st0cur     ret=0  data=['0xfd', '0x01', '0x01', '0x02']
17:13:02.895  DEBUG   [poll]    -> read  st2mot    
17:13:02.898  DEBUG   [poll]    <- read  st2mot     ret=0  data=['0x00', '0x00']
17:13:02.899  DEBUG   [poll]    -> read  st0cur    
17:13:02.903  DEBUG   [poll]    <- read  st0cur     ret=0  data=['0xfd', '0x01', '0x01', '0x02']
17:13:03.904  DEBUG   [poll]    -> read  st2mot    
17:13:03.908  DEBUG   [poll]    <- read  st2mot     ret=0  data=['0x00', '0x00']
17:13:03.908  DEBUG   [poll]    -> read  st0cur    
17:13:03.912  DEBUG   [poll]    <- read  st0cur     ret=0  data=['0xfd', '0x01', '0x01', '0x02']
17:13:04.914  DEBUG   [poll]    -> read  st2mot    
17:13:04.917  DEBUG   [poll]    <- read  st2mot     ret=0  data=['0x00', '0x00']
17:13:04.918  DEBUG   [poll]    -> read  st0cur    
17:13:04.922  DEBUG   [poll]    <- read  st0cur     ret=0  data=['0xfd', '0x01', '0x00', '0x02']
17:13:05.924  DEBUG   [poll]    -> read  st2mot    
17:13:05.927  DEBUG   [poll]    <- read  st2mot     ret=0  data=['0x00', '0x00']
17:13:05.928  DEBUG   [poll]    -> read  st0cur    
17:13:05.932  DEBUG   [poll]    <- read  st0cur     ret=0  data=['0xfd', '0x01', '0x01', '0x02']
17:13:06.933  DEBUG   [poll]    -> read  st2mot    
17:13:06.937  DEBUG   [poll]    <- read  st2mot     ret=0  data=['0x00', '0x00']
17:13:06.937  DEBUG   [poll]    -> read  st0cur    
17:13:06.942  DEBUG   [poll]    <- read  st0cur     ret=0  data=['0xfd', '0x01', '0x01', '0x02']
17:13:07.943  DEBUG   [poll]    -> read  st2mot    
17:13:07.946  DEBUG   [poll]    <- read  st2mot     ret=0  data=['0x00', '0x00']
17:13:07.947  DEBUG   [poll]    -> read  st0cur    
17:13:07.951  DEBUG   [poll]    <- read  st0cur     ret=0  data=['0xfd', '0x01', '0x01', '0x02']
17:13:08.952  DEBUG   [poll]    -> read  st2mot    
17:13:08.956  DEBUG   [poll]    <- read  st2mot     ret=0  data=['0x00', '0x00']
17:13:08.956  DEBUG   [poll]    -> read  st0cur    
17:13:08.960  DEBUG   [poll]    <- read  st0cur     ret=0  data=['0xfd', '0x01', '0x01', '0x02']
17:13:09.962  DEBUG   [poll]    -> read  st2mot    
17:13:09.965  DEBUG   [poll]    <- read  st2mot     ret=0  data=['0x00', '0x00']
17:13:09.966  DEBUG   [poll]    -> read  st0cur    
17:13:09.970  DEBUG   [poll]    <- read  st0cur     ret=0  data=['0xfd', '0x01', '0x01', '0x02']
17:13:10.972  DEBUG   [poll]    -> read  st2mot    
17:13:10.975  DEBUG   [poll]    <- read  st2mot     ret=0  data=['0x00', '0x00']
17:13:10.975  DEBUG   [poll]    -> read  st0cur    
17:13:10.980  DEBUG   [poll]    <- read  st0cur     ret=0  data=['0xfd', '0x01', '0x01', '0x02']
17:13:11.981  DEBUG   [poll]    -> read  st2mot    
17:13:11.984  DEBUG   [poll]    <- read  st2mot     ret=0  data=['0x00', '0x00']
17:13:11.985  DEBUG   [poll]    -> read  st0cur    
17:13:11.989  DEBUG   [poll]    <- read  st0cur     ret=0  data=['0xfd', '0x01', '0x00', '0x02']
17:13:12.991  DEBUG   [poll]    -> read  st2mot    
17:13:12.994  DEBUG   [poll]    <- read  st2mot     ret=0  data=['0x00', '0x00']
17:13:12.994  DEBUG   [poll]    -> read  st0cur    
17:13:12.998  DEBUG   [poll]    <- read  st0cur     ret=0  data=['0xfd', '0x01', '0x01', '0x02']
17:13:14.000  DEBUG   [poll]    -> read  st2mot    
17:13:14.003  DEBUG   [poll]    <- read  st2mot     ret=0  data=['0x00', '0x00']
17:13:14.004  DEBUG   [poll]    -> read  st0cur    
17:13:14.008  DEBUG   [poll]    <- read  st0cur     ret=0  data=['0xfd', '0x01', '0x01', '0x02']
17:13:15.010  DEBUG   [poll]    -> read  st2mot    
17:13:15.013  DEBUG   [poll]    <- read  st2mot     ret=0  data=['0x00', '0x00']
17:13:15.014  DEBUG   [poll]    -> read  st0cur    
17:13:15.018  DEBUG   [poll]    <- read  st0cur     ret=0  data=['0xfd', '0x01', '0x01', '0x02']
17:13:16.019  DEBUG   [poll]    -> read  st2mot    
17:13:16.023  DEBUG   [poll]    <- read  st2mot     ret=0  data=['0x00', '0x00']
17:13:16.023  DEBUG   [poll]    -> read  st0cur    
17:13:16.027  DEBUG   [poll]    <- read  st0cur     ret=0  data=['0xfd', '0x01', '0x01', '0x02']
17:13:17.029  DEBUG   [poll]    -> read  st2mot    
17:13:17.032  DEBUG   [poll]    <- read  st2mot     ret=0  data=['0x00', '0x00']
17:13:17.033  DEBUG   [poll]    -> read  st0cur    
17:13:17.037  DEBUG   [poll]    <- read  st0cur     ret=0  data=['0xfd', '0x01', '0x01', '0x02']
17:13:18.038  DEBUG   [poll]    -> read  st2mot    
17:13:18.042  DEBUG   [poll]    <- read  st2mot     ret=0  data=['0x00', '0x00']
17:13:18.042  DEBUG   [poll]    -> read  st0cur    
17:13:18.046  DEBUG   [poll]    <- read  st0cur     ret=0  data=['0xfd', '0x01', '0x01', '0x02']
17:13:19.048  DEBUG   [poll]    -> read  st2mot    
17:13:19.051  DEBUG   [poll]    <- read  st2mot     ret=0  data=['0x00', '0x00']
17:13:19.052  DEBUG   [poll]    -> read  st0cur    
17:13:19.056  DEBUG   [poll]    <- read  st0cur     ret=0  data=['0xfd', '0x01', '0x01', '0x02']
17:13:20.057  DEBUG   [poll]    -> read  st2mot    
17:13:20.061  DEBUG   [poll]    <- read  st2mot     ret=0  data=['0x00', '0x00']
17:13:20.063  DEBUG   [poll]    -> read  st0cur    
17:13:20.067  DEBUG   [poll]    <- read  st0cur     ret=0  data=['0xfd', '0x01', '0x01', '0x02']
17:13:21.068  DEBUG   [poll]    -> read  st2mot    
17:13:21.072  DEBUG   [poll]    <- read  st2mot     ret=0  data=['0x00', '0x00']
17:13:21.072  DEBUG   [poll]    -> read  st0cur    
17:13:21.076  DEBUG   [poll]    <- read  st0cur     ret=0  data=['0xfd', '0x01', '0x01', '0x02']
17:13:22.078  DEBUG   [poll]    -> read  st2mot    
17:13:22.081  DEBUG   [poll]    <- read  st2mot     ret=0  data=['0x00', '0x00']
17:13:22.082  DEBUG   [poll]    -> read  st0cur    
17:13:22.086  DEBUG   [poll]    <- read  st0cur     ret=0  data=['0xfd', '0x01', '0x01', '0x02']
17:13:23.087  DEBUG   [poll]    -> read  st2mot    
17:13:23.091  DEBUG   [poll]    <- read  st2mot     ret=0  data=['0x00', '0x00']
17:13:23.091  DEBUG   [poll]    -> read  st0cur    
17:13:23.095  DEBUG   [poll]    <- read  st0cur     ret=0  data=['0xfd', '0x01', '0x01', '0x02']
17:13:24.097  DEBUG   [poll]    -> read  st2mot    
17:13:24.100  DEBUG   [poll]    <- read  st2mot     ret=0  data=['0x00', '0x00']
17:13:24.100  DEBUG   [poll]    -> read  st0cur    
17:13:24.105  DEBUG   [poll]    <- read  st0cur     ret=0  data=['0xfd', '0x01', '0x01', '0x02']
17:13:25.106  DEBUG   [poll]    -> read  st2mot    
17:13:25.110  DEBUG   [poll]    <- read  st2mot     ret=0  data=['0x00', '0x00']
17:13:25.110  DEBUG   [poll]    -> read  st0cur    
17:13:25.114  DEBUG   [poll]    <- read  st0cur     ret=0  data=['0xfd', '0x01', '0x01', '0x02']
17:13:26.116  DEBUG   [poll]    -> read  st2mot    
17:13:26.119  DEBUG   [poll]    <- read  st2mot     ret=0  data=['0x00', '0x00']
17:13:26.120  DEBUG   [poll]    -> read  st0cur    
17:13:26.124  DEBUG   [poll]    <- read  st0cur     ret=0  data=['0xfd', '0x01', '0x01', '0x02']
17:13:27.125  DEBUG   [poll]    -> read  st2mot    
17:13:27.129  DEBUG   [poll]    <- read  st2mot     ret=0  data=['0x00', '0x00']
17:13:27.129  DEBUG   [poll]    -> read  st0cur    
17:13:27.133  DEBUG   [poll]    <- read  st0cur     ret=0  data=['0xfd', '0x01', '0x01', '0x02']
17:13:28.135  DEBUG   [poll]    -> read  st2mot    
17:13:28.138  DEBUG   [poll]    <- read  st2mot     ret=0  data=['0x00', '0x00']
17:13:28.139  DEBUG   [poll]    -> read  st0cur    
17:13:28.143  DEBUG   [poll]    <- read  st0cur     ret=0  data=['0xfd', '0x01', '0x01', '0x02']
17:13:29.144  DEBUG   [poll]    -> read  st2mot    
17:13:29.148  DEBUG   [poll]    <- read  st2mot     ret=0  data=['0x00', '0x00']
17:13:29.148  DEBUG   [poll]    -> read  st0cur    
17:13:29.152  DEBUG   [poll]    <- read  st0cur     ret=0  data=['0xfd', '0x01', '0x01', '0x02']
17:13:30.154  DEBUG   [poll]    -> read  st2mot    
17:13:30.157  DEBUG   [poll]    <- read  st2mot     ret=0  data=['0x00', '0x00']
17:13:30.158  DEBUG   [poll]    -> read  st0cur    
17:13:30.162  DEBUG   [poll]    <- read  st0cur     ret=0  data=['0xfd', '0x01', '0x01', '0x02']
17:13:31.163  DEBUG   [poll]    -> read  st2mot    
17:13:31.167  DEBUG   [poll]    <- read  st2mot     ret=0  data=['0x00', '0x00']
17:13:31.167  DEBUG   [poll]    -> read  st0cur    
17:13:31.171  DEBUG   [poll]    <- read  st0cur     ret=0  data=['0xfd', '0x01', '0x01', '0x02']
17:13:32.173  DEBUG   [poll]    -> read  st2mot    
17:13:32.176  DEBUG   [poll]    <- read  st2mot     ret=0  data=['0x00', '0x00']
17:13:32.176  DEBUG   [poll]    -> read  st0cur    
17:13:32.181  DEBUG   [poll]    <- read  st0cur     ret=0  data=['0xfd', '0x01', '0x01', '0x02']
17:13:33.182  DEBUG   [poll]    -> read  st2mot    
17:13:33.185  DEBUG   [poll]    <- read  st2mot     ret=0  data=['0x00', '0x00']
17:13:33.186  DEBUG   [poll]    -> read  st0cur    
17:13:33.190  DEBUG   [poll]    <- read  st0cur     ret=0  data=['0xfd', '0x01', '0x01', '0x02']
17:13:34.192  DEBUG   [poll]    -> read  st2mot    
17:13:34.195  DEBUG   [poll]    <- read  st2mot     ret=0  data=['0x00', '0x00']
17:13:34.195  DEBUG   [poll]    -> read  st0cur    
17:13:34.199  DEBUG   [poll]    <- read  st0cur     ret=0  data=['0xfd', '0x01', '0x01', '0x02']
17:13:35.201  DEBUG   [poll]    -> read  st2mot    
17:13:35.205  DEBUG   [poll]    <- read  st2mot     ret=0  data=['0x00', '0x00']
17:13:35.205  DEBUG   [poll]    -> read  st0cur    
17:13:35.209  DEBUG   [poll]    <- read  st0cur     ret=0  data=['0xfd', '0x01', '0x01', '0x02']
17:13:36.211  DEBUG   [poll]    -> read  st2mot    
17:13:36.214  DEBUG   [poll]    <- read  st2mot     ret=0  data=['0x00', '0x00']
17:13:36.214  DEBUG   [poll]    -> read  st0cur    
17:13:36.219  DEBUG   [poll]    <- read  st0cur     ret=0  data=['0xfd', '0x01', '0x01', '0x02']
17:13:37.220  DEBUG   [poll]    -> read  st2mot    
17:13:37.224  DEBUG   [poll]    <- read  st2mot     ret=0  data=['0x00', '0x00']
17:13:37.224  DEBUG   [poll]    -> read  st0cur    
17:13:37.228  DEBUG   [poll]    <- read  st0cur     ret=0  data=['0xfd', '0x01', '0x01', '0x02']
17:13:38.230  DEBUG   [poll]    -> read  st2mot    
17:13:38.233  DEBUG   [poll]    <- read  st2mot     ret=0  data=['0x00', '0x00']
17:13:38.233  DEBUG   [poll]    -> read  st0cur    
17:13:38.238  DEBUG   [poll]    <- read  st0cur     ret=0  data=['0xfd', '0x01', '0x01', '0x02']
17:13:39.239  DEBUG   [poll]    -> read  st2mot    
17:13:39.243  DEBUG   [poll]    <- read  st2mot     ret=0  data=['0x00', '0x00']
17:13:39.243  DEBUG   [poll]    -> read  st0cur    
17:13:39.247  DEBUG   [poll]    <- read  st0cur     ret=0  data=['0xfd', '0x01', '0x01', '0x02']
17:13:40.249  DEBUG   [poll]    -> read  st2mot    
17:13:40.252  DEBUG   [poll]    <- read  st2mot     ret=0  data=['0x00', '0x00']
17:13:40.252  DEBUG   [poll]    -> read  st0cur    
17:13:40.257  DEBUG   [poll]    <- read  st0cur     ret=0  data=['0xfd', '0x01', '0x01', '0x02']
17:13:41.258  DEBUG   [poll]    -> read  st2mot    
17:13:41.262  DEBUG   [poll]    <- read  st2mot     ret=0  data=['0x00', '0x00']
17:13:41.262  DEBUG   [poll]    -> read  st0cur    
17:13:41.266  DEBUG   [poll]    <- read  st0cur     ret=0  data=['0xfd', '0x01', '0x01', '0x02']
17:13:42.268  DEBUG   [poll]    -> read  st2mot    
17:13:42.271  DEBUG   [poll]    <- read  st2mot     ret=0  data=['0x00', '0x00']
17:13:42.271  DEBUG   [poll]    -> read  st0cur    
17:13:42.276  DEBUG   [poll]    <- read  st0cur     ret=0  data=['0xfd', '0x01', '0x01', '0x02']
17:13:43.277  DEBUG   [poll]    -> read  st2mot    
17:13:43.280  DEBUG   [poll]    <- read  st2mot     ret=0  data=['0x00', '0x00']
17:13:43.281  DEBUG   [poll]    -> read  st0cur    
17:13:43.285  DEBUG   [poll]    <- read  st0cur     ret=0  data=['0xfd', '0x01', '0x01', '0x02']
17:13:44.286  DEBUG   [poll]    -> read  st2mot    
17:13:44.290  DEBUG   [poll]    <- read  st2mot     ret=0  data=['0x00', '0x00']
17:13:44.290  DEBUG   [poll]    -> read  st0cur    
17:13:44.295  DEBUG   [poll]    <- read  st0cur     ret=0  data=['0xfd', '0x01', '0x01', '0x02']
17:13:45.296  DEBUG   [poll]    -> read  st2mot    
17:13:45.299  DEBUG   [poll]    <- read  st2mot     ret=0  data=['0x00', '0x00']
17:13:45.300  DEBUG   [poll]    -> read  st0cur    
17:13:45.304  DEBUG   [poll]    <- read  st0cur     ret=0  data=['0xfd', '0x01', '0x01', '0x02']
17:13:46.306  DEBUG   [poll]    -> read  st2mot    
17:13:46.309  DEBUG   [poll]    <- read  st2mot     ret=0  data=['0x00', '0x00']
17:13:46.310  DEBUG   [poll]    -> read  st0cur    
17:13:46.314  DEBUG   [poll]    <- read  st0cur     ret=0  data=['0xfd', '0x01', '0x01', '0x02']
17:13:47.315  DEBUG   [poll]    -> read  st2mot    
17:13:47.319  DEBUG   [poll]    <- read  st2mot     ret=0  data=['0x00', '0x00']
17:13:47.319  DEBUG   [poll]    -> read  st0cur    
17:13:47.323  DEBUG   [poll]    <- read  st0cur     ret=0  data=['0xfd', '0x01', '0x01', '0x02']
17:13:48.325  DEBUG   [poll]    -> read  st2mot    
17:13:48.328  DEBUG   [poll]    <- read  st2mot     ret=0  data=['0x00', '0x00']
17:13:48.329  DEBUG   [poll]    -> read  st0cur    
17:13:48.333  DEBUG   [poll]    <- read  st0cur     ret=0  data=['0xfd', '0x01', '0x01', '0x02']
17:13:49.334  DEBUG   [poll]    -> read  st2mot    
17:13:49.338  DEBUG   [poll]    <- read  st2mot     ret=0  data=['0x00', '0x00']
17:13:49.338  DEBUG   [poll]    -> read  st0cur    
17:13:49.342  DEBUG   [poll]    <- read  st0cur     ret=0  data=['0xfd', '0x01', '0x01', '0x02']
17:13:50.344  DEBUG   [poll]    -> read  st2mot    
17:13:50.347  DEBUG   [poll]    <- read  st2mot     ret=0  data=['0x00', '0x00']
17:13:50.348  DEBUG   [poll]    -> read  st0cur    
17:13:50.352  DEBUG   [poll]    <- read  st0cur     ret=0  data=['0xfd', '0x01', '0x01', '0x02']
17:13:51.353  DEBUG   [poll]    -> read  st2mot    
17:13:51.357  DEBUG   [poll]    <- read  st2mot     ret=0  data=['0x00', '0x00']
17:13:51.357  DEBUG   [poll]    -> read  st0cur    
17:13:51.361  DEBUG   [poll]    <- read  st0cur     ret=0  data=['0xfd', '0x01', '0x01', '0x02']
17:13:52.363  DEBUG   [poll]    -> read  st2mot    
17:13:52.366  DEBUG   [poll]    <- read  st2mot     ret=0  data=['0x00', '0x00']
17:13:52.367  DEBUG   [poll]    -> read  st0cur    
17:13:52.371  DEBUG   [poll]    <- read  st0cur     ret=0  data=['0xfd', '0x01', '0x01', '0x02']
17:13:53.372  DEBUG   [poll]    -> read  st2mot    
17:13:53.376  DEBUG   [poll]    <- read  st2mot     ret=0  data=['0x00', '0x00']
17:13:53.376  DEBUG   [poll]    -> read  st0cur    
17:13:53.380  DEBUG   [poll]    <- read  st0cur     ret=0  data=['0xfd', '0x01', '0x01', '0x02']
17:13:54.382  DEBUG   [poll]    -> read  st2mot    
17:13:54.385  DEBUG   [poll]    <- read  st2mot     ret=0  data=['0x00', '0x00']
17:13:54.386  DEBUG   [poll]    -> read  st0cur    
17:13:54.390  DEBUG   [poll]    <- read  st0cur     ret=0  data=['0xfd', '0x01', '0x01', '0x02']
17:13:55.391  DEBUG   [poll]    -> read  st2mot    
17:13:55.395  DEBUG   [poll]    <- read  st2mot     ret=0  data=['0x00', '0x00']
17:13:55.395  DEBUG   [poll]    -> read  st0cur    
17:13:55.399  DEBUG   [poll]    <- read  st0cur     ret=0  data=['0xfd', '0x01', '0x01', '0x02']
17:13:56.401  DEBUG   [poll]    -> read  st2mot    
17:13:56.404  DEBUG   [poll]    <- read  st2mot     ret=0  data=['0x00', '0x00']
17:13:56.405  DEBUG   [poll]    -> read  st0cur    
17:13:56.409  DEBUG   [poll]    <- read  st0cur     ret=0  data=['0xfd', '0x01', '0x01', '0x02']
17:13:57.410  DEBUG   [poll]    -> read  st2mot    
17:13:57.414  DEBUG   [poll]    <- read  st2mot     ret=0  data=['0x00', '0x00']
17:13:57.414  DEBUG   [poll]    -> read  st0cur    
17:13:57.418  DEBUG   [poll]    <- read  st0cur     ret=0  data=['0xfd', '0x01', '0x01', '0x02']
17:13:58.420  DEBUG   [poll]    -> read  st2mot    
17:13:58.423  DEBUG   [poll]    <- read  st2mot     ret=0  data=['0x00', '0x00']
17:13:58.424  DEBUG   [poll]    -> read  st0cur    
17:13:58.428  DEBUG   [poll]    <- read  st0cur     ret=0  data=['0xfd', '0x01', '0x01', '0x02']
17:13:59.429  DEBUG   [poll]    -> read  st2mot    
17:13:59.433  DEBUG   [poll]    <- read  st2mot     ret=0  data=['0x00', '0x00']
17:13:59.433  DEBUG   [poll]    -> read  st0cur    
17:13:59.437  DEBUG   [poll]    <- read  st0cur     ret=0  data=['0xfd', '0x01', '0x01', '0x02']
17:14:00.439  DEBUG   [poll]    -> read  st2mot    
17:14:00.442  DEBUG   [poll]    <- read  st2mot     ret=0  data=['0x00', '0x00']
17:14:00.443  DEBUG   [poll]    -> read  st0cur    
17:14:00.447  DEBUG   [poll]    <- read  st0cur     ret=0  data=['0xfd', '0x01', '0x01', '0x02']
17:14:01.448  DEBUG   [poll]    -> read  st2mot    
17:14:01.452  DEBUG   [poll]    <- read  st2mot     ret=0  data=['0x00', '0x00']
17:14:01.452  DEBUG   [poll]    -> read  st0cur    
17:14:01.456  DEBUG   [poll]    <- read  st0cur     ret=0  data=['0xfd', '0x01', '0x01', '0x02']
17:14:02.458  DEBUG   [poll]    -> read  st2mot    
17:14:02.461  DEBUG   [poll]    <- read  st2mot     ret=0  data=['0x00', '0x00']
17:14:02.462  DEBUG   [poll]    -> read  st0cur    
17:14:02.466  DEBUG   [poll]    <- read  st0cur     ret=0  data=['0xfd', '0x01', '0x01', '0x02']
17:14:03.468  DEBUG   [poll]    -> read  st2mot    
17:14:03.471  DEBUG   [poll]    <- read  st2mot     ret=0  data=['0x00', '0x00']
17:14:03.471  DEBUG   [poll]    -> read  st0cur    
17:14:03.476  DEBUG   [poll]    <- read  st0cur     ret=0  data=['0xfd', '0x01', '0x01', '0x02']
17:14:04.477  DEBUG   [poll]    -> read  st2mot    
17:14:04.481  DEBUG   [poll]    <- read  st2mot     ret=0  data=['0x00', '0x00']
17:14:04.481  DEBUG   [poll]    -> read  st0cur    
17:14:04.486  DEBUG   [poll]    <- read  st0cur     ret=0  data=['0xfd', '0x01', '0x01', '0x02']
17:14:05.487  DEBUG   [poll]    -> read  st2mot    
17:14:05.490  DEBUG   [poll]    <- read  st2mot     ret=0  data=['0x00', '0x00']
17:14:05.491  DEBUG   [poll]    -> read  st0cur    
17:14:05.495  DEBUG   [poll]    <- read  st0cur     ret=0  data=['0xfd', '0x01', '0x01', '0x02']
17:14:06.497  DEBUG   [poll]    -> read  st2mot    
17:14:06.500  DEBUG   [poll]    <- read  st2mot     ret=0  data=['0x00', '0x00']
17:14:06.501  DEBUG   [poll]    -> read  st0cur    
17:14:06.505  DEBUG   [poll]    <- read  st0cur     ret=0  data=['0xfd', '0x01', '0x01', '0x02']
17:14:07.506  DEBUG   [poll]    -> read  st2mot    
17:14:07.510  DEBUG   [poll]    <- read  st2mot     ret=0  data=['0x00', '0x00']
17:14:07.510  DEBUG   [poll]    -> read  st0cur    
17:14:07.514  DEBUG   [poll]    <- read  st0cur     ret=0  data=['0xfd', '0x01', '0x01', '0x02']
17:14:08.516  DEBUG   [poll]    -> read  st2mot    
17:14:08.519  DEBUG   [poll]    <- read  st2mot     ret=0  data=['0x00', '0x00']
17:14:08.520  DEBUG   [poll]    -> read  st0cur    
17:14:08.524  DEBUG   [poll]    <- read  st0cur     ret=0  data=['0xfd', '0x01', '0x01', '0x02']
17:14:09.525  DEBUG   [poll]    -> read  st2mot    
17:14:09.529  DEBUG   [poll]    <- read  st2mot     ret=0  data=['0x00', '0x00']
17:14:09.529  DEBUG   [poll]    -> read  st0cur    
17:14:09.533  DEBUG   [poll]    <- read  st0cur     ret=0  data=['0xfd', '0x01', '0x01', '0x02']
17:14:10.535  DEBUG   [poll]    -> read  st2mot    
17:14:10.538  DEBUG   [poll]    <- read  st2mot     ret=0  data=['0x00', '0x00']
17:14:10.539  DEBUG   [poll]    -> read  st0cur    
17:14:10.543  DEBUG   [poll]    <- read  st0cur     ret=0  data=['0xfd', '0x01', '0x01', '0x02']
17:14:11.545  DEBUG   [poll]    -> read  st2mot    
17:14:11.548  DEBUG   [poll]    <- read  st2mot     ret=0  data=['0x00', '0x00']
17:14:11.548  DEBUG   [poll]    -> read  st0cur    
17:14:11.552  DEBUG   [poll]    <- read  st0cur     ret=0  data=['0xfd', '0x01', '0x01', '0x02']
17:14:12.554  DEBUG   [poll]    -> read  st2mot    
17:14:12.557  DEBUG   [poll]    <- read  st2mot     ret=0  data=['0x00', '0x00']
17:14:12.558  DEBUG   [poll]    -> read  st0cur    
17:14:12.562  DEBUG   [poll]    <- read  st0cur     ret=0  data=['0xfd', '0x01', '0x01', '0x02']
17:14:13.563  DEBUG   [poll]    -> read  st2mot    
17:14:13.567  DEBUG   [poll]    <- read  st2mot     ret=0  data=['0x00', '0x00']
17:14:13.567  DEBUG   [poll]    -> read  st0cur    
17:14:13.571  DEBUG   [poll]    <- read  st0cur     ret=0  data=['0xfd', '0x01', '0x01', '0x02']
17:14:14.573  DEBUG   [poll]    -> read  st2mot    
17:14:14.576  DEBUG   [poll]    <- read  st2mot     ret=0  data=['0x00', '0x00']
17:14:14.577  DEBUG   [poll]    -> read  st0cur    
17:14:14.581  DEBUG   [poll]    <- read  st0cur     ret=0  data=['0xfd', '0x01', '0x01', '0x02']
17:14:15.582  DEBUG   [poll]    -> read  st2mot    
17:14:15.586  DEBUG   [poll]    <- read  st2mot     ret=0  data=['0x00', '0x00']
17:14:15.587  DEBUG   [poll]    -> read  st0cur    
17:14:15.591  DEBUG   [poll]    <- read  st0cur     ret=0  data=['0xfd', '0x01', '0x01', '0x02']
17:14:16.592  DEBUG   [poll]    -> read  st2mot    
17:14:16.596  DEBUG   [poll]    <- read  st2mot     ret=0  data=['0x00', '0x00']
17:14:16.596  DEBUG   [poll]    -> read  st0cur    
17:14:16.600  DEBUG   [poll]    <- read  st0cur     ret=0  data=['0xfd', '0x01', '0x01', '0x02']
17:14:17.602  DEBUG   [poll]    -> read  st2mot    
17:14:17.605  DEBUG   [poll]    <- read  st2mot     ret=0  data=['0x00', '0x00']
17:14:17.606  DEBUG   [poll]    -> read  st0cur    
17:14:17.610  DEBUG   [poll]    <- read  st0cur     ret=0  data=['0xfd', '0x01', '0x01', '0x02']
17:14:18.611  DEBUG   [poll]    -> read  st2mot    
17:14:18.615  DEBUG   [poll]    <- read  st2mot     ret=0  data=['0x00', '0x00']
17:14:18.615  DEBUG   [poll]    -> read  st0cur    
17:14:18.619  DEBUG   [poll]    <- read  st0cur     ret=0  data=['0xfd', '0x01', '0x01', '0x02']
17:14:19.621  DEBUG   [poll]    -> read  st2mot    
17:14:19.624  DEBUG   [poll]    <- read  st2mot     ret=0  data=['0x00', '0x00']
17:14:19.625  DEBUG   [poll]    -> read  st0cur    
17:14:19.629  DEBUG   [poll]    <- read  st0cur     ret=0  data=['0xfd', '0x01', '0x01', '0x02']
17:14:20.630  DEBUG   [poll]    -> read  st2mot    
17:14:20.634  DEBUG   [poll]    <- read  st2mot     ret=0  data=['0x00', '0x00']
17:14:20.634  DEBUG   [poll]    -> read  st0cur    
17:14:20.639  DEBUG   [poll]    <- read  st0cur     ret=0  data=['0xfd', '0x01', '0x01', '0x02']
17:14:21.640  DEBUG   [poll]    -> read  st2mot    
17:14:21.643  DEBUG   [poll]    <- read  st2mot     ret=0  data=['0x00', '0x00']
17:14:21.644  DEBUG   [poll]    -> read  st0cur    
17:14:21.648  DEBUG   [poll]    <- read  st0cur     ret=0  data=['0xfd', '0x01', '0x01', '0x02']
17:14:22.650  DEBUG   [poll]    -> read  st2mot    
17:14:22.653  DEBUG   [poll]    <- read  st2mot     ret=0  data=['0x00', '0x00']
17:14:22.653  DEBUG   [poll]    -> read  st0cur    
17:14:22.658  DEBUG   [poll]    <- read  st0cur     ret=0  data=['0xfd', '0x01', '0x01', '0x02']
17:14:23.659  DEBUG   [poll]    -> read  st2mot    
17:14:23.663  DEBUG   [poll]    <- read  st2mot     ret=0  data=['0x00', '0x00']
17:14:23.663  DEBUG   [poll]    -> read  st0cur    
17:14:23.667  DEBUG   [poll]    <- read  st0cur     ret=0  data=['0xfd', '0x01', '0x01', '0x02']
17:14:24.669  DEBUG   [poll]    -> read  st2mot    
17:14:24.672  DEBUG   [poll]    <- read  st2mot     ret=0  data=['0x00', '0x00']
17:14:24.672  DEBUG   [poll]    -> read  st0cur    
17:14:24.677  DEBUG   [poll]    <- read  st0cur     ret=0  data=['0xfd', '0x01', '0x01', '0x02']
17:14:25.678  DEBUG   [poll]    -> read  st2mot    
17:14:25.682  DEBUG   [poll]    <- read  st2mot     ret=0  data=['0x00', '0x00']
17:14:25.682  DEBUG   [poll]    -> read  st0cur    
17:14:25.686  DEBUG   [poll]    <- read  st0cur     ret=0  data=['0xfd', '0x01', '0x01', '0x02']
17:14:26.688  DEBUG   [poll]    -> read  st2mot    
17:14:26.691  DEBUG   [poll]    <- read  st2mot     ret=0  data=['0x00', '0x00']
17:14:26.692  DEBUG   [poll]    -> read  st0cur    
17:14:26.696  DEBUG   [poll]    <- read  st0cur     ret=0  data=['0xfd', '0x01', '0x01', '0x02']
17:14:27.697  DEBUG   [poll]    -> read  st2mot    
17:14:27.701  DEBUG   [poll]    <- read  st2mot     ret=0  data=['0x00', '0x00']
17:14:27.701  DEBUG   [poll]    -> read  st0cur    
17:14:27.705  DEBUG   [poll]    <- read  st0cur     ret=0  data=['0xfd', '0x01', '0x01', '0x02']
17:14:28.707  DEBUG   [poll]    -> read  st2mot    
17:14:28.710  DEBUG   [poll]    <- read  st2mot     ret=0  data=['0x00', '0x00']
17:14:28.711  DEBUG   [poll]    -> read  st0cur    
17:14:28.715  DEBUG   [poll]    <- read  st0cur     ret=0  data=['0xfd', '0x01', '0x01', '0x02']
17:14:29.716  DEBUG   [poll]    -> read  st2mot    
17:14:29.720  DEBUG   [poll]    <- read  st2mot     ret=0  data=['0x00', '0x00']
17:14:29.720  DEBUG   [poll]    -> read  st0cur    
17:14:29.724  DEBUG   [poll]    <- read  st0cur     ret=0  data=['0xfd', '0x01', '0x01', '0x02']
17:14:30.726  DEBUG   [poll]    -> read  st2mot    
17:14:30.729  DEBUG   [poll]    <- read  st2mot     ret=0  data=['0x00', '0x00']
17:14:30.734  DEBUG   [poll]    -> read  st0cur    
17:14:30.738  DEBUG   [poll]    <- read  st0cur     ret=0  data=['0xfd', '0x01', '0x01', '0x02']
17:14:31.740  DEBUG   [poll]    -> read  st2mot    
17:14:31.743  DEBUG   [poll]    <- read  st2mot     ret=0  data=['0x00', '0x00']
17:14:31.744  DEBUG   [poll]    -> read  st0cur    
17:14:31.748  DEBUG   [poll]    <- read  st0cur     ret=0  data=['0xfd', '0x01', '0x01', '0x02']
17:14:32.749  DEBUG   [poll]    -> read  st2mot    
17:14:32.753  DEBUG   [poll]    <- read  st2mot     ret=0  data=['0x00', '0x00']
17:14:32.753  DEBUG   [poll]    -> read  st0cur    
17:14:32.757  DEBUG   [poll]    <- read  st0cur     ret=0  data=['0xfd', '0x01', '0x01', '0x02']
17:14:33.759  DEBUG   [poll]    -> read  st2mot    
17:14:33.762  DEBUG   [poll]    <- read  st2mot     ret=0  data=['0x00', '0x00']
17:14:33.763  DEBUG   [poll]    -> read  st0cur    
17:14:33.767  DEBUG   [poll]    <- read  st0cur     ret=0  data=['0xfd', '0x01', '0x01', '0x02']
17:14:34.768  DEBUG   [poll]    -> read  st2mot    
17:14:34.772  DEBUG   [poll]    <- read  st2mot     ret=0  data=['0x00', '0x00']
17:14:34.772  DEBUG   [poll]    -> read  st0cur    
17:14:34.776  DEBUG   [poll]    <- read  st0cur     ret=0  data=['0xfd', '0x01', '0x01', '0x02']
17:14:35.778  DEBUG   [poll]    -> read  st2mot    
17:14:35.781  DEBUG   [poll]    <- read  st2mot     ret=0  data=['0x00', '0x00']
17:14:35.782  DEBUG   [poll]    -> read  st0cur    
17:14:35.786  DEBUG   [poll]    <- read  st0cur     ret=0  data=['0xfd', '0x01', '0x01', '0x02']
17:14:36.788  DEBUG   [poll]    -> read  st2mot    
17:14:36.791  DEBUG   [poll]    <- read  st2mot     ret=0  data=['0x00', '0x00']
17:14:36.792  DEBUG   [poll]    -> read  st0cur    
17:14:36.796  DEBUG   [poll]    <- read  st0cur     ret=0  data=['0xfd', '0x01', '0x01', '0x02']
17:14:37.797  DEBUG   [poll]    -> read  st2mot    
17:14:37.801  DEBUG   [poll]    <- read  st2mot     ret=0  data=['0x00', '0x00']
17:14:37.801  DEBUG   [poll]    -> read  st0cur    
17:14:37.805  DEBUG   [poll]    <- read  st0cur     ret=0  data=['0xfd', '0x01', '0x01', '0x02']
17:14:38.807  DEBUG   [poll]    -> read  st2mot    
17:14:38.810  DEBUG   [poll]    <- read  st2mot     ret=0  data=['0x00', '0x00']
17:14:38.810  DEBUG   [poll]    -> read  st0cur    
17:14:38.815  DEBUG   [poll]    <- read  st0cur     ret=0  data=['0xfd', '0x01', '0x01', '0x02']
17:14:39.816  DEBUG   [poll]    -> read  st2mot    
17:14:39.819  DEBUG   [poll]    <- read  st2mot     ret=0  data=['0x00', '0x00']
17:14:39.820  DEBUG   [poll]    -> read  st0cur    
17:14:39.824  DEBUG   [poll]    <- read  st0cur     ret=0  data=['0xfd', '0x01', '0x01', '0x02']
17:14:40.826  DEBUG   [poll]    -> read  st2mot    
17:14:40.829  DEBUG   [poll]    <- read  st2mot     ret=0  data=['0x00', '0x00']
17:14:40.830  DEBUG   [poll]    -> read  st0cur    
17:14:40.834  DEBUG   [poll]    <- read  st0cur     ret=0  data=['0xfd', '0x01', '0x01', '0x02']
17:14:41.835  DEBUG   [poll]    -> read  st2mot    
17:14:41.839  DEBUG   [poll]    <- read  st2mot     ret=0  data=['0x00', '0x00']
17:14:41.839  DEBUG   [poll]    -> read  st0cur    
17:14:41.843  DEBUG   [poll]    <- read  st0cur     ret=0  data=['0xfd', '0x01', '0x01', '0x02']
17:14:42.845  DEBUG   [poll]    -> read  st2mot    
17:14:42.848  DEBUG   [poll]    <- read  st2mot     ret=0  data=['0x00', '0x00']
17:14:42.848  DEBUG   [poll]    -> read  st0cur    
17:14:42.853  DEBUG   [poll]    <- read  st0cur     ret=0  data=['0xfd', '0x01', '0x01', '0x02']
17:14:43.854  DEBUG   [poll]    -> read  st2mot    
17:14:43.858  DEBUG   [poll]    <- read  st2mot     ret=0  data=['0x00', '0x00']
17:14:43.858  DEBUG   [poll]    -> read  st0cur    
17:14:43.862  DEBUG   [poll]    <- read  st0cur     ret=0  data=['0xfd', '0x01', '0x01', '0x02']
17:14:44.864  DEBUG   [poll]    -> read  st2mot    
17:14:44.867  DEBUG   [poll]    <- read  st2mot     ret=0  data=['0x00', '0x00']
17:14:44.867  DEBUG   [poll]    -> read  st0cur    
17:14:44.872  DEBUG   [poll]    <- read  st0cur     ret=0  data=['0xfd', '0x01', '0x01', '0x02']
17:14:45.873  DEBUG   [poll]    -> read  st2mot    
17:14:45.877  DEBUG   [poll]    <- read  st2mot     ret=0  data=['0x00', '0x00']
17:14:45.877  DEBUG   [poll]    -> read  st0cur    
17:14:45.881  DEBUG   [poll]    <- read  st0cur     ret=0  data=['0xfd', '0x01', '0x00', '0x02']
17:14:46.883  DEBUG   [poll]    -> read  st2mot    
17:14:46.886  DEBUG   [poll]    <- read  st2mot     ret=0  data=['0x00', '0x00']
17:14:46.887  DEBUG   [poll]    -> read  st0cur    
17:14:46.891  DEBUG   [poll]    <- read  st0cur     ret=0  data=['0xfd', '0x01', '0x01', '0x02']
17:14:47.892  DEBUG   [poll]    -> read  st2mot    
17:14:47.896  DEBUG   [poll]    <- read  st2mot     ret=0  data=['0x00', '0x00']
17:14:47.896  DEBUG   [poll]    -> read  st0cur    
17:14:47.900  DEBUG   [poll]    <- read  st0cur     ret=0  data=['0xfd', '0x01', '0x01', '0x02']
17:14:48.902  DEBUG   [poll]    -> read  st2mot    
17:14:48.905  DEBUG   [poll]    <- read  st2mot     ret=0  data=['0x00', '0x00']
17:14:48.906  DEBUG   [poll]    -> read  st0cur    
17:14:48.910  DEBUG   [poll]    <- read  st0cur     ret=0  data=['0xfd', '0x01', '0x01', '0x02']
17:14:49.911  DEBUG   [poll]    -> read  st2mot    
17:14:49.915  DEBUG   [poll]    <- read  st2mot     ret=0  data=['0x00', '0x00']
17:14:49.915  DEBUG   [poll]    -> read  st0cur    
17:14:49.919  DEBUG   [poll]    <- read  st0cur     ret=0  data=['0xfd', '0x01', '0x01', '0x02']
17:14:50.921  DEBUG   [poll]    -> read  st2mot    
17:14:50.924  DEBUG   [poll]    <- read  st2mot     ret=0  data=['0x00', '0x00']
17:14:50.925  DEBUG   [poll]    -> read  st0cur    
17:14:50.929  DEBUG   [poll]    <- read  st0cur     ret=0  data=['0xfd', '0x01', '0x01', '0x02']
17:14:51.931  DEBUG   [poll]    -> read  st2mot    
17:14:51.934  DEBUG   [poll]    <- read  st2mot     ret=0  data=['0x00', '0x00']
17:14:51.934  DEBUG   [poll]    -> read  st0cur    
17:14:51.938  DEBUG   [poll]    <- read  st0cur     ret=0  data=['0xfd', '0x01', '0x01', '0x02']
17:14:52.940  DEBUG   [poll]    -> read  st2mot    
17:14:52.943  DEBUG   [poll]    <- read  st2mot     ret=0  data=['0x00', '0x00']
17:14:52.944  DEBUG   [poll]    -> read  st0cur    
17:14:52.948  DEBUG   [poll]    <- read  st0cur     ret=0  data=['0xfd', '0x01', '0x01', '0x02']
17:14:53.950  DEBUG   [poll]    -> read  st2mot    
17:14:53.953  DEBUG   [poll]    <- read  st2mot     ret=0  data=['0x00', '0x00']
17:14:53.954  DEBUG   [poll]    -> read  st0cur    
17:14:53.958  DEBUG   [poll]    <- read  st0cur     ret=0  data=['0xfd', '0x01', '0x01', '0x02']
17:14:54.959  DEBUG   [poll]    -> read  st2mot    
17:14:54.963  DEBUG   [poll]    <- read  st2mot     ret=0  data=['0x00', '0x00']
17:14:54.963  DEBUG   [poll]    -> read  st0cur    
17:14:54.967  DEBUG   [poll]    <- read  st0cur     ret=0  data=['0xfd', '0x01', '0x01', '0x02']
17:14:55.969  DEBUG   [poll]    -> read  st2mot    
17:14:55.972  DEBUG   [poll]    <- read  st2mot     ret=0  data=['0x00', '0x00']
17:14:55.973  DEBUG   [poll]    -> read  st0cur    
17:14:55.977  DEBUG   [poll]    <- read  st0cur     ret=0  data=['0xfd', '0x01', '0x01', '0x02']
17:14:56.979  DEBUG   [poll]    -> read  st2mot    
17:14:56.982  DEBUG   [poll]    <- read  st2mot     ret=0  data=['0x00', '0x00']
17:14:56.982  DEBUG   [poll]    -> read  st0cur    
17:14:56.987  DEBUG   [poll]    <- read  st0cur     ret=0  data=['0xfd', '0x01', '0x01', '0x02']
17:14:57.988  DEBUG   [poll]    -> read  st2mot    
17:14:57.991  DEBUG   [poll]    <- read  st2mot     ret=0  data=['0x00', '0x00']
17:14:57.992  DEBUG   [poll]    -> read  st0cur    
17:14:57.996  DEBUG   [poll]    <- read  st0cur     ret=0  data=['0xfd', '0x01', '0x01', '0x02']
17:14:58.997  DEBUG   [poll]    -> read  st2mot    
17:14:59.001  DEBUG   [poll]    <- read  st2mot     ret=0  data=['0x00', '0x00']
17:14:59.001  DEBUG   [poll]    -> read  st0cur    
17:14:59.005  DEBUG   [poll]    <- read  st0cur     ret=0  data=['0xfd', '0x01', '0x01', '0x02']
17:15:00.007  DEBUG   [poll]    -> read  st2mot    
17:15:00.010  DEBUG   [poll]    <- read  st2mot     ret=0  data=['0x00', '0x00']
17:15:00.011  DEBUG   [poll]    -> read  st0cur    
17:15:00.015  DEBUG   [poll]    <- read  st0cur     ret=0  data=['0xfd', '0x01', '0x01', '0x02']
17:15:01.016  DEBUG   [poll]    -> read  st2mot    
17:15:01.020  DEBUG   [poll]    <- read  st2mot     ret=0  data=['0x00', '0x00']
17:15:01.021  DEBUG   [poll]    -> read  st0cur    
17:15:01.025  DEBUG   [poll]    <- read  st0cur     ret=0  data=['0xfd', '0x01', '0x01', '0x02']
17:15:02.027  DEBUG   [poll]    -> read  st2mot    
17:15:02.030  DEBUG   [poll]    <- read  st2mot     ret=0  data=['0x00', '0x00']
17:15:02.030  DEBUG   [poll]    -> read  st0cur    
17:15:02.035  DEBUG   [poll]    <- read  st0cur     ret=0  data=['0xfd', '0x01', '0x01', '0x02']
17:15:03.036  DEBUG   [poll]    -> read  st2mot    
17:15:03.040  DEBUG   [poll]    <- read  st2mot     ret=0  data=['0x00', '0x00']
17:15:03.040  DEBUG   [poll]    -> read  st0cur    
17:15:03.044  DEBUG   [poll]    <- read  st0cur     ret=0  data=['0xfd', '0x01', '0x01', '0x02']
17:15:04.046  DEBUG   [poll]    -> read  st2mot    
17:15:04.049  DEBUG   [poll]    <- read  st2mot     ret=0  data=['0x00', '0x00']
17:15:04.049  DEBUG   [poll]    -> read  st0cur    
17:15:04.054  DEBUG   [poll]    <- read  st0cur     ret=0  data=['0xfd', '0x01', '0x01', '0x02']
17:15:05.055  DEBUG   [poll]    -> read  st2mot    
17:15:05.059  DEBUG   [poll]    <- read  st2mot     ret=0  data=['0x00', '0x00']
17:15:05.059  DEBUG   [poll]    -> read  st0cur    
17:15:05.063  DEBUG   [poll]    <- read  st0cur     ret=0  data=['0xfd', '0x01', '0x01', '0x02']
17:15:06.065  DEBUG   [poll]    -> read  st2mot    
17:15:06.068  DEBUG   [poll]    <- read  st2mot     ret=0  data=['0x00', '0x00']
17:15:06.069  DEBUG   [poll]    -> read  st0cur    
17:15:06.073  DEBUG   [poll]    <- read  st0cur     ret=0  data=['0xfd', '0x01', '0x01', '0x02']
17:15:07.075  DEBUG   [poll]    -> read  st2mot    
17:15:07.078  DEBUG   [poll]    <- read  st2mot     ret=0  data=['0x00', '0x00']
17:15:07.079  DEBUG   [poll]    -> read  st0cur    
17:15:07.083  DEBUG   [poll]    <- read  st0cur     ret=0  data=['0xfd', '0x01', '0x01', '0x02']
17:15:08.084  DEBUG   [poll]    -> read  st2mot    
17:15:08.088  DEBUG   [poll]    <- read  st2mot     ret=0  data=['0x00', '0x00']
17:15:08.088  DEBUG   [poll]    -> read  st0cur    
17:15:08.092  DEBUG   [poll]    <- read  st0cur     ret=0  data=['0xfd', '0x01', '0x01', '0x02']
17:15:09.094  DEBUG   [poll]    -> read  st2mot    
17:15:09.097  DEBUG   [poll]    <- read  st2mot     ret=0  data=['0x00', '0x00']
17:15:09.097  DEBUG   [poll]    -> read  st0cur    
17:15:09.102  DEBUG   [poll]    <- read  st0cur     ret=0  data=['0xfd', '0x01', '0x01', '0x02']
17:15:10.103  DEBUG   [poll]    -> read  st2mot    
17:15:10.107  DEBUG   [poll]    <- read  st2mot     ret=0  data=['0x00', '0x00']
17:15:10.107  DEBUG   [poll]    -> read  st0cur    
17:15:10.111  DEBUG   [poll]    <- read  st0cur     ret=0  data=['0xfd', '0x01', '0x01', '0x02']
17:15:11.113  DEBUG   [poll]    -> read  st2mot    
17:15:11.116  DEBUG   [poll]    <- read  st2mot     ret=0  data=['0x00', '0x00']
17:15:11.117  DEBUG   [poll]    -> read  st0cur    
17:15:11.121  DEBUG   [poll]    <- read  st0cur     ret=0  data=['0xfd', '0x01', '0x01', '0x02']
17:15:12.122  DEBUG   [poll]    -> read  st2mot    
17:15:12.126  DEBUG   [poll]    <- read  st2mot     ret=0  data=['0x00', '0x00']
17:15:12.126  DEBUG   [poll]    -> read  st0cur    
17:15:12.130  DEBUG   [poll]    <- read  st0cur     ret=0  data=['0xfd', '0x01', '0x01', '0x02']
17:15:13.132  DEBUG   [poll]    -> read  st2mot    
17:15:13.135  DEBUG   [poll]    <- read  st2mot     ret=0  data=['0x00', '0x00']
17:15:13.136  DEBUG   [poll]    -> read  st0cur    
17:15:13.140  DEBUG   [poll]    <- read  st0cur     ret=0  data=['0xfd', '0x01', '0x01', '0x02']
17:15:14.141  DEBUG   [poll]    -> read  st2mot    
17:15:14.145  DEBUG   [poll]    <- read  st2mot     ret=0  data=['0x00', '0x00']
17:15:14.145  DEBUG   [poll]    -> read  st0cur    
17:15:14.149  DEBUG   [poll]    <- read  st0cur     ret=0  data=['0xfd', '0x01', '0x01', '0x02']
17:15:15.151  DEBUG   [poll]    -> read  st2mot    
17:15:15.154  DEBUG   [poll]    <- read  st2mot     ret=0  data=['0x00', '0x00']
17:15:15.155  DEBUG   [poll]    -> read  st0cur    
17:15:15.159  DEBUG   [poll]    <- read  st0cur     ret=0  data=['0xfd', '0x01', '0x01', '0x02']
17:15:16.160  DEBUG   [poll]    -> read  st2mot    
17:15:16.164  DEBUG   [poll]    <- read  st2mot     ret=0  data=['0x00', '0x00']
17:15:16.164  DEBUG   [poll]    -> read  st0cur    
17:15:16.169  DEBUG   [poll]    <- read  st0cur     ret=0  data=['0xfd', '0x01', '0x01', '0x02']
17:15:17.170  DEBUG   [poll]    -> read  st2mot    
17:15:17.173  DEBUG   [poll]    <- read  st2mot     ret=0  data=['0x00', '0x00']
17:15:17.174  DEBUG   [poll]    -> read  st0cur    
17:15:17.178  DEBUG   [poll]    <- read  st0cur     ret=0  data=['0xfd', '0x01', '0x01', '0x02']
17:15:18.180  DEBUG   [poll]    -> read  st2mot    
17:15:18.183  DEBUG   [poll]    <- read  st2mot     ret=0  data=['0x00', '0x00']
17:15:18.183  DEBUG   [poll]    -> read  st0cur    
17:15:18.188  DEBUG   [poll]    <- read  st0cur     ret=0  data=['0xfd', '0x01', '0x01', '0x02']
17:15:19.189  DEBUG   [poll]    -> read  st2mot    
17:15:19.192  DEBUG   [poll]    <- read  st2mot     ret=0  data=['0x00', '0x00']
17:15:19.193  DEBUG   [poll]    -> read  st0cur    
17:15:19.197  DEBUG   [poll]    <- read  st0cur     ret=0  data=['0xfd', '0x01', '0x01', '0x02']
17:15:20.199  DEBUG   [poll]    -> read  st2mot    
17:15:20.202  DEBUG   [poll]    <- read  st2mot     ret=0  data=['0x00', '0x00']
17:15:20.202  DEBUG   [poll]    -> read  st0cur    
17:15:20.207  DEBUG   [poll]    <- read  st0cur     ret=0  data=['0xfd', '0x01', '0x01', '0x02']
17:15:21.208  DEBUG   [poll]    -> read  st2mot    
17:15:21.212  DEBUG   [poll]    <- read  st2mot     ret=0  data=['0x00', '0x00']
17:15:21.212  DEBUG   [poll]    -> read  st0cur    
17:15:21.216  DEBUG   [poll]    <- read  st0cur     ret=0  data=['0xfd', '0x01', '0x01', '0x02']
17:15:22.218  DEBUG   [poll]    -> read  st2mot    
17:15:22.221  DEBUG   [poll]    <- read  st2mot     ret=0  data=['0x00', '0x00']
17:15:22.222  DEBUG   [poll]    -> read  st0cur    
17:15:22.226  DEBUG   [poll]    <- read  st0cur     ret=0  data=['0xfd', '0x01', '0x01', '0x02']
17:15:23.227  DEBUG   [poll]    -> read  st2mot    
17:15:23.231  DEBUG   [poll]    <- read  st2mot     ret=0  data=['0x00', '0x00']
17:15:23.231  DEBUG   [poll]    -> read  st0cur    
17:15:23.235  DEBUG   [poll]    <- read  st0cur     ret=0  data=['0xfd', '0x01', '0x01', '0x02']
17:15:24.237  DEBUG   [poll]    -> read  st2mot    
17:15:24.240  DEBUG   [poll]    <- read  st2mot     ret=0  data=['0x00', '0x00']
17:15:24.241  DEBUG   [poll]    -> read  st0cur    
17:15:24.245  DEBUG   [poll]    <- read  st0cur     ret=0  data=['0xfd', '0x01', '0x01', '0x02']
17:15:25.246  DEBUG   [poll]    -> read  st2mot    
17:15:25.250  DEBUG   [poll]    <- read  st2mot     ret=0  data=['0x00', '0x00']
17:15:25.250  DEBUG   [poll]    -> read  st0cur    
17:15:25.254  DEBUG   [poll]    <- read  st0cur     ret=0  data=['0xfd', '0x01', '0x01', '0x02']
17:15:26.256  DEBUG   [poll]    -> read  st2mot    
17:15:26.259  DEBUG   [poll]    <- read  st2mot     ret=0  data=['0x00', '0x00']
17:15:26.260  DEBUG   [poll]    -> read  st0cur    
17:15:26.264  DEBUG   [poll]    <- read  st0cur     ret=0  data=['0xfd', '0x01', '0x01', '0x02']
17:15:27.265  DEBUG   [poll]    -> read  st2mot    
17:15:27.269  DEBUG   [poll]    <- read  st2mot     ret=0  data=['0x00', '0x00']
17:15:27.269  DEBUG   [poll]    -> read  st0cur    
17:15:27.273  DEBUG   [poll]    <- read  st0cur     ret=0  data=['0xfd', '0x01', '0x01', '0x02']
17:15:28.275  DEBUG   [poll]    -> read  st2mot    
17:15:28.278  DEBUG   [poll]    <- read  st2mot     ret=0  data=['0x00', '0x00']
17:15:28.279  DEBUG   [poll]    -> read  st0cur    
17:15:28.283  DEBUG   [poll]    <- read  st0cur     ret=0  data=['0xfd', '0x01', '0x01', '0x02']
17:15:29.284  DEBUG   [poll]    -> read  st2mot    
17:15:29.288  DEBUG   [poll]    <- read  st2mot     ret=0  data=['0x00', '0x00']
17:15:29.288  DEBUG   [poll]    -> read  st0cur    
17:15:29.292  DEBUG   [poll]    <- read  st0cur     ret=0  data=['0xfd', '0x01', '0x01', '0x02']
17:15:30.294  DEBUG   [poll]    -> read  st2mot    
17:15:30.297  DEBUG   [poll]    <- read  st2mot     ret=0  data=['0x00', '0x00']
17:15:30.297  DEBUG   [poll]    -> read  st0cur    
17:15:30.302  DEBUG   [poll]    <- read  st0cur     ret=0  data=['0xfd', '0x01', '0x01', '0x02']
17:15:31.303  DEBUG   [poll]    -> read  st2mot    
17:15:31.306  DEBUG   [poll]    <- read  st2mot     ret=0  data=['0x00', '0x00']
17:15:31.307  DEBUG   [poll]    -> read  st0cur    
17:15:31.311  DEBUG   [poll]    <- read  st0cur     ret=0  data=['0xfd', '0x01', '0x01', '0x02']
17:15:32.313  DEBUG   [poll]    -> read  st2mot    
17:15:32.316  DEBUG   [poll]    <- read  st2mot     ret=0  data=['0x00', '0x00']
17:15:32.317  DEBUG   [poll]    -> read  st0cur    
17:15:32.321  DEBUG   [poll]    <- read  st0cur     ret=0  data=['0xfd', '0x01', '0x01', '0x02']
17:15:33.322  DEBUG   [poll]    -> read  st2mot    
17:15:33.326  DEBUG   [poll]    <- read  st2mot     ret=0  data=['0x00', '0x00']
17:15:33.326  DEBUG   [poll]    -> read  st0cur    
17:15:33.330  DEBUG   [poll]    <- read  st0cur     ret=0  data=['0xfd', '0x01', '0x01', '0x02']
17:15:34.332  DEBUG   [poll]    -> read  st2mot    
17:15:34.335  DEBUG   [poll]    <- read  st2mot     ret=0  data=['0x00', '0x00']
17:15:34.336  DEBUG   [poll]    -> read  st0cur    
17:15:34.340  DEBUG   [poll]    <- read  st0cur     ret=0  data=['0xfd', '0x01', '0x01', '0x02']
17:15:35.341  DEBUG   [poll]    -> read  st2mot    
17:15:35.345  DEBUG   [poll]    <- read  st2mot     ret=0  data=['0x00', '0x00']
17:15:35.345  DEBUG   [poll]    -> read  st0cur    
17:15:35.349  DEBUG   [poll]    <- read  st0cur     ret=0  data=['0xfd', '0x01', '0x01', '0x02']
17:15:36.351  DEBUG   [poll]    -> read  st2mot    
17:15:36.354  DEBUG   [poll]    <- read  st2mot     ret=0  data=['0x00', '0x00']
17:15:36.355  DEBUG   [poll]    -> read  st0cur    
17:15:36.359  DEBUG   [poll]    <- read  st0cur     ret=0  data=['0xfd', '0x01', '0x01', '0x02']
17:15:37.360  DEBUG   [poll]    -> read  st2mot    
17:15:37.364  DEBUG   [poll]    <- read  st2mot     ret=0  data=['0x00', '0x00']
17:15:37.364  DEBUG   [poll]    -> read  st0cur    
17:15:37.368  DEBUG   [poll]    <- read  st0cur     ret=0  data=['0xfd', '0x01', '0x01', '0x02']
17:15:38.370  DEBUG   [poll]    -> read  st2mot    
17:15:38.373  DEBUG   [poll]    <- read  st2mot     ret=0  data=['0x00', '0x00']
17:15:38.374  DEBUG   [poll]    -> read  st0cur    
17:15:38.378  DEBUG   [poll]    <- read  st0cur     ret=0  data=['0xfd', '0x01', '0x01', '0x02']
17:15:39.379  DEBUG   [poll]    -> read  st2mot    
17:15:39.383  DEBUG   [poll]    <- read  st2mot     ret=0  data=['0x00', '0x00']
17:15:39.383  DEBUG   [poll]    -> read  st0cur    
17:15:39.387  DEBUG   [poll]    <- read  st0cur     ret=0  data=['0xfd', '0x01', '0x01', '0x02']
17:15:40.389  DEBUG   [poll]    -> read  st2mot    
17:15:40.392  DEBUG   [poll]    <- read  st2mot     ret=0  data=['0x00', '0x00']
17:15:40.392  DEBUG   [poll]    -> read  st0cur    
17:15:40.397  DEBUG   [poll]    <- read  st0cur     ret=0  data=['0xfd', '0x01', '0x01', '0x02']
17:15:41.398  DEBUG   [poll]    -> read  st2mot    
17:15:41.402  DEBUG   [poll]    <- read  st2mot     ret=0  data=['0x00', '0x00']
17:15:41.402  DEBUG   [poll]    -> read  st0cur    
17:15:41.406  DEBUG   [poll]    <- read  st0cur     ret=0  data=['0xfd', '0x01', '0x01', '0x02']
17:15:42.408  DEBUG   [poll]    -> read  st2mot    
17:15:42.411  DEBUG   [poll]    <- read  st2mot     ret=0  data=['0x00', '0x00']
17:15:42.412  DEBUG   [poll]    -> read  st0cur    
17:15:42.416  DEBUG   [poll]    <- read  st0cur     ret=0  data=['0xfd', '0x01', '0x01', '0x02']
17:15:43.417  DEBUG   [poll]    -> read  st2mot    
17:15:43.421  DEBUG   [poll]    <- read  st2mot     ret=0  data=['0x00', '0x00']
17:15:43.421  DEBUG   [poll]    -> read  st0cur    
17:15:43.425  DEBUG   [poll]    <- read  st0cur     ret=0  data=['0xfd', '0x01', '0x01', '0x02']
17:15:44.427  DEBUG   [poll]    -> read  st2mot    
17:15:44.430  DEBUG   [poll]    <- read  st2mot     ret=0  data=['0x00', '0x00']
17:15:44.431  DEBUG   [poll]    -> read  st0cur    
17:15:44.435  DEBUG   [poll]    <- read  st0cur     ret=0  data=['0xfd', '0x01', '0x01', '0x02']
17:15:45.436  DEBUG   [poll]    -> read  st2mot    
17:15:45.440  DEBUG   [poll]    <- read  st2mot     ret=0  data=['0x00', '0x00']
17:15:45.440  DEBUG   [poll]    -> read  st0cur    
17:15:45.444  DEBUG   [poll]    <- read  st0cur     ret=0  data=['0xfd', '0x01', '0x01', '0x02']
17:15:46.446  DEBUG   [poll]    -> read  st2mot    
17:15:46.449  DEBUG   [poll]    <- read  st2mot     ret=0  data=['0x00', '0x00']
17:15:46.450  DEBUG   [poll]    -> read  st0cur    
17:15:46.455  DEBUG   [poll]    <- read  st0cur     ret=0  data=['0xfd', '0x01', '0x01', '0x02']
17:15:47.456  DEBUG   [poll]    -> read  st2mot    
17:15:47.459  DEBUG   [poll]    <- read  st2mot     ret=0  data=['0x00', '0x00']
17:15:47.460  DEBUG   [poll]    -> read  st0cur    
17:15:47.464  DEBUG   [poll]    <- read  st0cur     ret=0  data=['0xfd', '0x01', '0x01', '0x02']
17:15:48.466  DEBUG   [poll]    -> read  st2mot    
17:15:48.469  DEBUG   [poll]    <- read  st2mot     ret=0  data=['0x00', '0x00']
17:15:48.469  DEBUG   [poll]    -> read  st0cur    
17:15:48.473  DEBUG   [poll]    <- read  st0cur     ret=0  data=['0xfd', '0x01', '0x01', '0x02']
17:15:49.475  DEBUG   [poll]    -> read  st2mot    
17:15:49.478  DEBUG   [poll]    <- read  st2mot     ret=0  data=['0x00', '0x00']
17:15:49.479  DEBUG   [poll]    -> read  st0cur    
17:15:49.483  DEBUG   [poll]    <- read  st0cur     ret=0  data=['0xfd', '0x01', '0x01', '0x02']
17:15:50.484  DEBUG   [poll]    -> read  st2mot    
17:15:50.488  DEBUG   [poll]    <- read  st2mot     ret=0  data=['0x00', '0x00']
17:15:50.488  DEBUG   [poll]    -> read  st0cur    
17:15:50.492  DEBUG   [poll]    <- read  st0cur     ret=0  data=['0xfd', '0x01', '0x01', '0x02']
17:15:51.493  DEBUG   [poll]    -> read  st2mot    
17:15:51.497  DEBUG   [poll]    <- read  st2mot     ret=0  data=['0x00', '0x00']
17:15:51.497  DEBUG   [poll]    -> read  st0cur    
17:15:51.502  DEBUG   [poll]    <- read  st0cur     ret=0  data=['0xfd', '0x01', '0x01', '0x02']
17:15:52.503  DEBUG   [poll]    -> read  st2mot    
17:15:52.507  DEBUG   [poll]    <- read  st2mot     ret=0  data=['0x00', '0x00']
17:15:52.507  DEBUG   [poll]    -> read  st0cur    
17:15:52.511  DEBUG   [poll]    <- read  st0cur     ret=0  data=['0xfd', '0x01', '0x01', '0x02']
17:15:53.513  DEBUG   [poll]    -> read  st2mot    
17:15:53.516  DEBUG   [poll]    <- read  st2mot     ret=0  data=['0x00', '0x00']
17:15:53.516  DEBUG   [poll]    -> read  st0cur    
17:15:53.521  DEBUG   [poll]    <- read  st0cur     ret=0  data=['0xfd', '0x01', '0x01', '0x02']
17:15:54.522  DEBUG   [poll]    -> read  st2mot    
17:15:54.526  DEBUG   [poll]    <- read  st2mot     ret=0  data=['0x00', '0x00']
17:15:54.526  DEBUG   [poll]    -> read  st0cur    
17:15:54.530  DEBUG   [poll]    <- read  st0cur     ret=0  data=['0xfd', '0x01', '0x01', '0x02']
17:15:55.532  DEBUG   [poll]    -> read  st2mot    
17:15:55.535  DEBUG   [poll]    <- read  st2mot     ret=0  data=['0x00', '0x00']
17:15:55.535  DEBUG   [poll]    -> read  st0cur    
17:15:55.540  DEBUG   [poll]    <- read  st0cur     ret=0  data=['0xfd', '0x01', '0x01', '0x02']
17:15:56.541  DEBUG   [poll]    -> read  st2mot    
17:15:56.545  DEBUG   [poll]    <- read  st2mot     ret=0  data=['0x00', '0x00']
17:15:56.545  DEBUG   [poll]    -> read  st0cur    
17:15:56.549  DEBUG   [poll]    <- read  st0cur     ret=0  data=['0xfd', '0x01', '0x01', '0x02']
17:15:57.551  DEBUG   [poll]    -> read  st2mot    
17:15:57.554  DEBUG   [poll]    <- read  st2mot     ret=0  data=['0x00', '0x00']
17:15:57.555  DEBUG   [poll]    -> read  st0cur    
17:15:57.559  DEBUG   [poll]    <- read  st0cur     ret=0  data=['0xfd', '0x01', '0x01', '0x02']
17:15:58.560  DEBUG   [poll]    -> read  st2mot    
17:15:58.564  DEBUG   [poll]    <- read  st2mot     ret=0  data=['0x00', '0x00']
17:15:58.564  DEBUG   [poll]    -> read  st0cur    
17:15:58.568  DEBUG   [poll]    <- read  st0cur     ret=0  data=['0xfd', '0x01', '0x01', '0x02']
17:15:59.570  DEBUG   [poll]    -> read  st2mot    
17:15:59.573  DEBUG   [poll]    <- read  st2mot     ret=0  data=['0x00', '0x00']
17:15:59.574  DEBUG   [poll]    -> read  st0cur    
17:15:59.578  DEBUG   [poll]    <- read  st0cur     ret=0  data=['0xfd', '0x01', '0x01', '0x02']
17:16:00.579  DEBUG   [poll]    -> read  st2mot    
17:16:00.583  DEBUG   [poll]    <- read  st2mot     ret=0  data=['0x00', '0x00']
17:16:00.583  DEBUG   [poll]    -> read  st0cur    
17:16:00.587  DEBUG   [poll]    <- read  st0cur     ret=0  data=['0xfd', '0x01', '0x01', '0x02']
17:16:01.596  DEBUG   [poll]    -> read  st2mot    
17:16:01.599  DEBUG   [poll]    <- read  st2mot     ret=0  data=['0x00', '0x00']
17:16:01.600  DEBUG   [poll]    -> read  st0cur    
17:16:01.604  DEBUG   [poll]    <- read  st0cur     ret=0  data=['0xfd', '0x01', '0x01', '0x02']
17:16:02.606  DEBUG   [poll]    -> read  st2mot    
17:16:02.609  DEBUG   [poll]    <- read  st2mot     ret=0  data=['0x00', '0x00']
17:16:02.609  DEBUG   [poll]    -> read  st0cur    
17:16:02.614  DEBUG   [poll]    <- read  st0cur     ret=0  data=['0xfd', '0x01', '0x01', '0x02']
17:16:03.615  DEBUG   [poll]    -> read  st2mot    
17:16:03.619  DEBUG   [poll]    <- read  st2mot     ret=0  data=['0x00', '0x00']
17:16:03.619  DEBUG   [poll]    -> read  st0cur    
17:16:03.623  DEBUG   [poll]    <- read  st0cur     ret=0  data=['0xfd', '0x01', '0x01', '0x02']
17:16:04.625  DEBUG   [poll]    -> read  st2mot    
17:16:04.628  DEBUG   [poll]    <- read  st2mot     ret=0  data=['0x00', '0x00']
17:16:04.629  DEBUG   [poll]    -> read  st0cur    
17:16:04.633  DEBUG   [poll]    <- read  st0cur     ret=0  data=['0xfd', '0x01', '0x01', '0x02']
17:16:05.635  DEBUG   [poll]    -> read  st2mot    
17:16:05.638  DEBUG   [poll]    <- read  st2mot     ret=0  data=['0x00', '0x00']
17:16:05.638  DEBUG   [poll]    -> read  st0cur    
17:16:05.643  DEBUG   [poll]    <- read  st0cur     ret=0  data=['0xfd', '0x01', '0x01', '0x02']
17:16:06.644  DEBUG   [poll]    -> read  st2mot    
17:16:06.648  DEBUG   [poll]    <- read  st2mot     ret=0  data=['0x00', '0x00']
17:16:06.648  DEBUG   [poll]    -> read  st0cur    
17:16:06.652  DEBUG   [poll]    <- read  st0cur     ret=0  data=['0xfd', '0x01', '0x01', '0x02']
17:16:07.654  DEBUG   [poll]    -> read  st2mot    
17:16:07.657  DEBUG   [poll]    <- read  st2mot     ret=0  data=['0x00', '0x00']
17:16:07.658  DEBUG   [poll]    -> read  st0cur    
17:16:07.662  DEBUG   [poll]    <- read  st0cur     ret=0  data=['0xfd', '0x01', '0x01', '0x02']
17:16:08.663  DEBUG   [poll]    -> read  st2mot    
17:16:08.667  DEBUG   [poll]    <- read  st2mot     ret=0  data=['0x00', '0x00']
17:16:08.667  DEBUG   [poll]    -> read  st0cur    
17:16:08.671  DEBUG   [poll]    <- read  st0cur     ret=0  data=['0xfd', '0x01', '0x01', '0x02']
17:16:09.673  DEBUG   [poll]    -> read  st2mot    
17:16:09.676  DEBUG   [poll]    <- read  st2mot     ret=0  data=['0x00', '0x00']
17:16:09.676  DEBUG   [poll]    -> read  st0cur    
17:16:09.681  DEBUG   [poll]    <- read  st0cur     ret=0  data=['0xfd', '0x01', '0x01', '0x02']
17:16:10.682  DEBUG   [poll]    -> read  st2mot    
17:16:10.686  DEBUG   [poll]    <- read  st2mot     ret=0  data=['0x00', '0x00']
17:16:10.686  DEBUG   [poll]    -> read  st0cur    
17:16:10.690  DEBUG   [poll]    <- read  st0cur     ret=0  data=['0xfd', '0x01', '0x01', '0x02']
17:16:11.692  DEBUG   [poll]    -> read  st2mot    
17:16:11.695  DEBUG   [poll]    <- read  st2mot     ret=0  data=['0x00', '0x00']
17:16:11.696  DEBUG   [poll]    -> read  st0cur    
17:16:11.700  DEBUG   [poll]    <- read  st0cur     ret=0  data=['0xfd', '0x01', '0x01', '0x02']
17:16:12.701  DEBUG   [poll]    -> read  st2mot    
17:16:12.705  DEBUG   [poll]    <- read  st2mot     ret=0  data=['0x00', '0x00']
17:16:12.705  DEBUG   [poll]    -> read  st0cur    
17:16:12.709  DEBUG   [poll]    <- read  st0cur     ret=0  data=['0xfd', '0x01', '0x01', '0x02']
17:16:13.711  DEBUG   [poll]    -> read  st2mot    
17:16:13.714  DEBUG   [poll]    <- read  st2mot     ret=0  data=['0x00', '0x00']
17:16:13.715  DEBUG   [poll]    -> read  st0cur    
17:16:13.719  DEBUG   [poll]    <- read  st0cur     ret=0  data=['0xfd', '0x01', '0x01', '0x02']
17:16:14.720  DEBUG   [poll]    -> read  st2mot    
17:16:14.724  DEBUG   [poll]    <- read  st2mot     ret=0  data=['0x00', '0x00']
17:16:14.724  DEBUG   [poll]    -> read  st0cur    
17:16:14.728  DEBUG   [poll]    <- read  st0cur     ret=0  data=['0xfd', '0x01', '0x01', '0x02']
17:16:15.730  DEBUG   [poll]    -> read  st2mot    
17:16:15.733  DEBUG   [poll]    <- read  st2mot     ret=0  data=['0x00', '0x00']
17:16:15.734  DEBUG   [poll]    -> read  st0cur    
17:16:15.738  DEBUG   [poll]    <- read  st0cur     ret=0  data=['0xfd', '0x01', '0x01', '0x02']
17:16:16.740  DEBUG   [poll]    -> read  st2mot    
17:16:16.743  DEBUG   [poll]    <- read  st2mot     ret=0  data=['0x00', '0x00']
17:16:16.744  DEBUG   [poll]    -> read  st0cur    
17:16:16.748  DEBUG   [poll]    <- read  st0cur     ret=0  data=['0xfd', '0x01', '0x01', '0x02']
17:16:17.750  DEBUG   [poll]    -> read  st2mot    
17:16:17.753  DEBUG   [poll]    <- read  st2mot     ret=0  data=['0x00', '0x00']
17:16:17.754  DEBUG   [poll]    -> read  st0cur    
17:16:17.758  DEBUG   [poll]    <- read  st0cur     ret=0  data=['0xfd', '0x01', '0x01', '0x02']
17:16:18.759  DEBUG   [poll]    -> read  st2mot    
17:16:18.763  DEBUG   [poll]    <- read  st2mot     ret=0  data=['0x00', '0x00']
17:16:18.763  DEBUG   [poll]    -> read  st0cur    
17:16:18.767  DEBUG   [poll]    <- read  st0cur     ret=0  data=['0xfd', '0x01', '0x01', '0x02']
17:16:19.769  DEBUG   [poll]    -> read  st2mot    
17:16:19.772  DEBUG   [poll]    <- read  st2mot     ret=0  data=['0x00', '0x00']
17:16:19.773  DEBUG   [poll]    -> read  st0cur    
17:16:19.777  DEBUG   [poll]    <- read  st0cur     ret=0  data=['0xfd', '0x01', '0x01', '0x02']
17:16:20.778  DEBUG   [poll]    -> read  st2mot    
17:16:20.782  DEBUG   [poll]    <- read  st2mot     ret=0  data=['0x00', '0x00']
17:16:20.782  DEBUG   [poll]    -> read  st0cur    
17:16:20.786  DEBUG   [poll]    <- read  st0cur     ret=0  data=['0xfd', '0x01', '0x01', '0x02']
17:16:21.788  DEBUG   [poll]    -> read  st2mot    
17:16:21.791  DEBUG   [poll]    <- read  st2mot     ret=0  data=['0x00', '0x00']
17:16:21.792  DEBUG   [poll]    -> read  st0cur    
17:16:21.796  DEBUG   [poll]    <- read  st0cur     ret=0  data=['0xfd', '0x01', '0x01', '0x02']
17:16:22.798  DEBUG   [poll]    -> read  st2mot    
17:16:22.801  DEBUG   [poll]    <- read  st2mot     ret=0  data=['0x00', '0x00']
17:16:22.801  DEBUG   [poll]    -> read  st0cur    
17:16:22.805  DEBUG   [poll]    <- read  st0cur     ret=0  data=['0xfd', '0x01', '0x01', '0x02']
17:16:23.807  DEBUG   [poll]    -> read  st2mot    
17:16:23.810  DEBUG   [poll]    <- read  st2mot     ret=0  data=['0x00', '0x00']
17:16:23.811  DEBUG   [poll]    -> read  st0cur    
17:16:23.815  DEBUG   [poll]    <- read  st0cur     ret=0  data=['0xfd', '0x01', '0x01', '0x02']
17:16:24.816  DEBUG   [poll]    -> read  st2mot    
17:16:24.820  DEBUG   [poll]    <- read  st2mot     ret=0  data=['0x00', '0x00']
17:16:24.820  DEBUG   [poll]    -> read  st0cur    
17:16:24.824  DEBUG   [poll]    <- read  st0cur     ret=0  data=['0xfd', '0x01', '0x01', '0x02']
17:16:25.826  DEBUG   [poll]    -> read  st2mot    
17:16:25.829  DEBUG   [poll]    <- read  st2mot     ret=0  data=['0x00', '0x00']
17:16:25.830  DEBUG   [poll]    -> read  st0cur    
17:16:25.834  DEBUG   [poll]    <- read  st0cur     ret=0  data=['0xfd', '0x01', '0x01', '0x02']
17:16:26.835  DEBUG   [poll]    -> read  st2mot    
17:16:26.839  DEBUG   [poll]    <- read  st2mot     ret=0  data=['0x00', '0x00']
17:16:26.839  DEBUG   [poll]    -> read  st0cur    
17:16:26.844  DEBUG   [poll]    <- read  st0cur     ret=0  data=['0xfd', '0x01', '0x01', '0x02']
17:16:27.845  DEBUG   [poll]    -> read  st2mot    
17:16:27.848  DEBUG   [poll]    <- read  st2mot     ret=0  data=['0x00', '0x00']
17:16:27.849  DEBUG   [poll]    -> read  st0cur    
17:16:27.853  DEBUG   [poll]    <- read  st0cur     ret=0  data=['0xfd', '0x01', '0x01', '0x02']
17:16:28.855  DEBUG   [poll]    -> read  st2mot    
17:16:28.858  DEBUG   [poll]    <- read  st2mot     ret=0  data=['0x00', '0x00']
17:16:28.858  DEBUG   [poll]    -> read  st0cur    
17:16:28.863  DEBUG   [poll]    <- read  st0cur     ret=0  data=['0xfd', '0x01', '0x01', '0x02']
17:16:29.864  DEBUG   [poll]    -> read  st2mot    
17:16:29.867  DEBUG   [poll]    <- read  st2mot     ret=0  data=['0x00', '0x00']
17:16:29.868  DEBUG   [poll]    -> read  st0cur    
17:16:29.872  DEBUG   [poll]    <- read  st0cur     ret=0  data=['0xfd', '0x01', '0x01', '0x02']
17:16:30.873  DEBUG   [poll]    -> read  st2mot    
17:16:30.877  DEBUG   [poll]    <- read  st2mot     ret=0  data=['0x00', '0x00']
17:16:30.877  DEBUG   [poll]    -> read  st0cur    
17:16:30.881  DEBUG   [poll]    <- read  st0cur     ret=0  data=['0xfd', '0x01', '0x01', '0x02']
17:16:31.883  DEBUG   [poll]    -> read  st2mot    
17:16:31.886  DEBUG   [poll]    <- read  st2mot     ret=0  data=['0x00', '0x00']
17:16:31.887  DEBUG   [poll]    -> read  st0cur    
17:16:31.891  DEBUG   [poll]    <- read  st0cur     ret=0  data=['0xfd', '0x01', '0x01', '0x02']
17:16:32.893  DEBUG   [poll]    -> read  st2mot    
17:16:32.896  DEBUG   [poll]    <- read  st2mot     ret=0  data=['0x00', '0x00']
17:16:32.896  DEBUG   [poll]    -> read  st0cur    
17:16:32.901  DEBUG   [poll]    <- read  st0cur     ret=0  data=['0xfd', '0x01', '0x01', '0x02']
17:16:33.902  DEBUG   [poll]    -> read  st2mot    
17:16:33.906  DEBUG   [poll]    <- read  st2mot     ret=0  data=['0x00', '0x00']
17:16:33.906  DEBUG   [poll]    -> read  st0cur    
17:16:33.910  DEBUG   [poll]    <- read  st0cur     ret=0  data=['0xfd', '0x01', '0x01', '0x02']
17:16:34.912  DEBUG   [poll]    -> read  st2mot    
17:16:34.915  DEBUG   [poll]    <- read  st2mot     ret=0  data=['0x00', '0x00']
17:16:34.915  DEBUG   [poll]    -> read  st0cur    
17:16:34.920  DEBUG   [poll]    <- read  st0cur     ret=0  data=['0xfd', '0x01', '0x01', '0x02']
17:16:35.921  DEBUG   [poll]    -> read  st2mot    
17:16:35.924  DEBUG   [poll]    <- read  st2mot     ret=0  data=['0x00', '0x00']
17:16:35.925  DEBUG   [poll]    -> read  st0cur    
17:16:35.929  DEBUG   [poll]    <- read  st0cur     ret=0  data=['0xfd', '0x01', '0x01', '0x02']
17:16:36.931  DEBUG   [poll]    -> read  st2mot    
17:16:36.934  DEBUG   [poll]    <- read  st2mot     ret=0  data=['0x00', '0x00']
17:16:36.934  DEBUG   [poll]    -> read  st0cur    
17:16:36.939  DEBUG   [poll]    <- read  st0cur     ret=0  data=['0xfd', '0x01', '0x01', '0x02']
17:16:37.940  DEBUG   [poll]    -> read  st2mot    
17:16:37.944  DEBUG   [poll]    <- read  st2mot     ret=0  data=['0x00', '0x00']
17:16:37.944  DEBUG   [poll]    -> read  st0cur    
17:16:37.948  DEBUG   [poll]    <- read  st0cur     ret=0  data=['0xfd', '0x01', '0x01', '0x02']
17:16:38.950  DEBUG   [poll]    -> read  st2mot    
17:16:38.953  DEBUG   [poll]    <- read  st2mot     ret=0  data=['0x00', '0x00']
17:16:38.953  DEBUG   [poll]    -> read  st0cur    
17:16:38.958  DEBUG   [poll]    <- read  st0cur     ret=0  data=['0xfd', '0x01', '0x01', '0x02']
17:16:39.959  DEBUG   [poll]    -> read  st2mot    
17:16:39.962  DEBUG   [poll]    <- read  st2mot     ret=0  data=['0x00', '0x00']
17:16:39.963  DEBUG   [poll]    -> read  st0cur    
17:16:39.967  DEBUG   [poll]    <- read  st0cur     ret=0  data=['0xfd', '0x01', '0x01', '0x02']
17:16:40.969  DEBUG   [poll]    -> read  st2mot    
17:16:40.972  DEBUG   [poll]    <- read  st2mot     ret=0  data=['0x00', '0x00']
17:16:40.972  DEBUG   [poll]    -> read  st0cur    
17:16:40.977  DEBUG   [poll]    <- read  st0cur     ret=0  data=['0xfd', '0x01', '0x01', '0x02']
17:16:41.978  DEBUG   [poll]    -> read  st2mot    
17:16:41.982  DEBUG   [poll]    <- read  st2mot     ret=0  data=['0x00', '0x00']
17:16:41.982  DEBUG   [poll]    -> read  st0cur    
17:16:41.986  DEBUG   [poll]    <- read  st0cur     ret=0  data=['0xfd', '0x01', '0x01', '0x02']
17:16:42.988  DEBUG   [poll]    -> read  st2mot    
17:16:42.991  DEBUG   [poll]    <- read  st2mot     ret=0  data=['0x00', '0x00']
17:16:42.992  DEBUG   [poll]    -> read  st0cur    
17:16:42.996  DEBUG   [poll]    <- read  st0cur     ret=0  data=['0xfd', '0x01', '0x01', '0x02']
17:16:43.997  DEBUG   [poll]    -> read  st2mot    
17:16:44.001  DEBUG   [poll]    <- read  st2mot     ret=0  data=['0x00', '0x00']
17:16:44.001  DEBUG   [poll]    -> read  st0cur    
17:16:44.005  DEBUG   [poll]    <- read  st0cur     ret=0  data=['0xfd', '0x01', '0x01', '0x02']
17:16:45.007  DEBUG   [poll]    -> read  st2mot    
17:16:45.010  DEBUG   [poll]    <- read  st2mot     ret=0  data=['0x00', '0x00']
17:16:45.010  DEBUG   [poll]    -> read  st0cur    
17:16:45.015  DEBUG   [poll]    <- read  st0cur     ret=0  data=['0xfd', '0x01', '0x01', '0x02']
17:16:46.024  DEBUG   [poll]    -> read  st2mot    
17:16:46.027  DEBUG   [poll]    <- read  st2mot     ret=0  data=['0x00', '0x00']
17:16:46.028  DEBUG   [poll]    -> read  st0cur    
17:16:46.032  DEBUG   [poll]    <- read  st0cur     ret=0  data=['0xfd', '0x01', '0x01', '0x02']
17:16:47.034  DEBUG   [poll]    -> read  st2mot    
17:16:47.037  DEBUG   [poll]    <- read  st2mot     ret=0  data=['0x00', '0x00']
17:16:47.038  DEBUG   [poll]    -> read  st0cur    
17:16:47.042  DEBUG   [poll]    <- read  st0cur     ret=0  data=['0xfd', '0x01', '0x01', '0x02']
17:16:48.044  DEBUG   [poll]    -> read  st2mot    
17:16:48.047  DEBUG   [poll]    <- read  st2mot     ret=0  data=['0x00', '0x00']
17:16:48.047  DEBUG   [poll]    -> read  st0cur    
17:16:48.052  DEBUG   [poll]    <- read  st0cur     ret=0  data=['0xfd', '0x01', '0x01', '0x02']
17:16:49.053  DEBUG   [poll]    -> read  st2mot    
17:16:49.056  DEBUG   [poll]    <- read  st2mot     ret=0  data=['0x00', '0x00']
17:16:49.057  DEBUG   [poll]    -> read  st0cur    
17:16:49.061  DEBUG   [poll]    <- read  st0cur     ret=0  data=['0xfd', '0x01', '0x01', '0x02']
17:16:50.062  DEBUG   [poll]    -> read  st2mot    
17:16:50.066  DEBUG   [poll]    <- read  st2mot     ret=0  data=['0x00', '0x00']
17:16:50.066  DEBUG   [poll]    -> read  st0cur    
17:16:50.070  DEBUG   [poll]    <- read  st0cur     ret=0  data=['0xfd', '0x01', '0x01', '0x02']
17:16:51.072  DEBUG   [poll]    -> read  st2mot    
17:16:51.075  DEBUG   [poll]    <- read  st2mot     ret=0  data=['0x00', '0x00']
17:16:51.076  DEBUG   [poll]    -> read  st0cur    
17:16:51.080  DEBUG   [poll]    <- read  st0cur     ret=0  data=['0xfd', '0x01', '0x02', '0x02']
17:16:52.081  DEBUG   [poll]    -> read  st2mot    
17:16:52.085  DEBUG   [poll]    <- read  st2mot     ret=0  data=['0x00', '0x00']
17:16:52.085  DEBUG   [poll]    -> read  st0cur    
17:16:52.090  DEBUG   [poll]    <- read  st0cur     ret=0  data=['0xfd', '0x01', '0x01', '0x02']
17:16:53.091  DEBUG   [poll]    -> read  st2mot    
17:16:53.094  DEBUG   [poll]    <- read  st2mot     ret=0  data=['0x00', '0x00']
17:16:53.095  DEBUG   [poll]    -> read  st0cur    
17:16:53.099  DEBUG   [poll]    <- read  st0cur     ret=0  data=['0xfd', '0x01', '0x01', '0x02']
17:16:54.100  DEBUG   [poll]    -> read  st2mot    
17:16:54.104  DEBUG   [poll]    <- read  st2mot     ret=0  data=['0x00', '0x00']
17:16:54.104  DEBUG   [poll]    -> read  st0cur    
17:16:54.109  DEBUG   [poll]    <- read  st0cur     ret=0  data=['0xfe', '0x01', '0x01', '0x02']
17:16:55.110  DEBUG   [poll]    -> read  st2mot    
17:16:55.113  DEBUG   [poll]    <- read  st2mot     ret=0  data=['0x00', '0x00']
17:16:55.114  DEBUG   [poll]    -> read  st0cur    
17:16:55.118  DEBUG   [poll]    <- read  st0cur     ret=0  data=['0xfd', '0x01', '0x02', '0x02']
17:16:56.120  DEBUG   [poll]    -> read  st2mot    
17:16:56.123  DEBUG   [poll]    <- read  st2mot     ret=0  data=['0x00', '0x00']
17:16:56.123  DEBUG   [poll]    -> read  st0cur    
17:16:56.128  DEBUG   [poll]    <- read  st0cur     ret=0  data=['0xfd', '0x01', '0x02', '0x02']
17:16:57.129  DEBUG   [poll]    -> read  st2mot    
17:16:57.133  DEBUG   [poll]    <- read  st2mot     ret=0  data=['0x00', '0x00']
17:16:57.133  DEBUG   [poll]    -> read  st0cur    
17:16:57.137  DEBUG   [poll]    <- read  st0cur     ret=0  data=['0xfd', '0x01', '0x02', '0x02']
17:16:58.139  DEBUG   [poll]    -> read  st2mot    
17:16:58.142  DEBUG   [poll]    <- read  st2mot     ret=0  data=['0x00', '0x00']
17:16:58.143  DEBUG   [poll]    -> read  st0cur    
17:16:58.147  DEBUG   [poll]    <- read  st0cur     ret=0  data=['0xfd', '0x01', '0x02', '0x02']
17:16:59.148  DEBUG   [poll]    -> read  st2mot    
17:16:59.152  DEBUG   [poll]    <- read  st2mot     ret=0  data=['0x00', '0x00']
17:16:59.152  DEBUG   [poll]    -> read  st0cur    
17:16:59.156  DEBUG   [poll]    <- read  st0cur     ret=0  data=['0xfd', '0x01', '0x02', '0x02']
17:17:00.158  DEBUG   [poll]    -> read  st2mot    
17:17:00.161  DEBUG   [poll]    <- read  st2mot     ret=0  data=['0x00', '0x00']
17:17:00.161  DEBUG   [poll]    -> read  st0cur    
17:17:00.166  DEBUG   [poll]    <- read  st0cur     ret=0  data=['0xfe', '0x01', '0x02', '0x02']
17:17:01.167  DEBUG   [poll]    -> read  st2mot    
17:17:01.171  DEBUG   [poll]    <- read  st2mot     ret=0  data=['0x00', '0x00']
17:17:01.171  DEBUG   [poll]    -> read  st0cur    
17:17:01.175  DEBUG   [poll]    <- read  st0cur     ret=0  data=['0xfd', '0x01', '0x02', '0x02']
17:17:02.177  DEBUG   [poll]    -> read  st2mot    
17:17:02.180  DEBUG   [poll]    <- read  st2mot     ret=0  data=['0x00', '0x00']
17:17:02.182  DEBUG   [poll]    -> read  st0cur    
17:17:02.186  DEBUG   [poll]    <- read  st0cur     ret=0  data=['0xfd', '0x01', '0x02', '0x02']
17:17:03.188  DEBUG   [poll]    -> read  st2mot    
17:17:03.191  DEBUG   [poll]    <- read  st2mot     ret=0  data=['0x00', '0x00']
17:17:03.192  DEBUG   [poll]    -> read  st0cur    
17:17:03.196  DEBUG   [poll]    <- read  st0cur     ret=0  data=['0xfd', '0x01', '0x02', '0x02']
17:17:04.198  DEBUG   [poll]    -> read  st2mot    
17:17:04.201  DEBUG   [poll]    <- read  st2mot     ret=0  data=['0x00', '0x00']
17:17:04.201  DEBUG   [poll]    -> read  st0cur    
17:17:04.206  DEBUG   [poll]    <- read  st0cur     ret=0  data=['0xfd', '0x01', '0x02', '0x02']
17:17:05.207  DEBUG   [poll]    -> read  st2mot    
17:17:05.211  DEBUG   [poll]    <- read  st2mot     ret=0  data=['0x00', '0x00']
17:17:05.211  DEBUG   [poll]    -> read  st0cur    
17:17:05.215  DEBUG   [poll]    <- read  st0cur     ret=0  data=['0xfd', '0x01', '0x02', '0x02']
17:17:06.217  DEBUG   [poll]    -> read  st2mot    
17:17:06.220  DEBUG   [poll]    <- read  st2mot     ret=0  data=['0x00', '0x00']
17:17:06.221  DEBUG   [poll]    -> read  st0cur    
17:17:06.225  DEBUG   [poll]    <- read  st0cur     ret=0  data=['0xfd', '0x01', '0x02', '0x02']
17:17:07.226  DEBUG   [poll]    -> read  st2mot    
17:17:07.230  DEBUG   [poll]    <- read  st2mot     ret=0  data=['0x00', '0x00']
17:17:07.230  DEBUG   [poll]    -> read  st0cur    
17:17:07.235  DEBUG   [poll]    <- read  st0cur     ret=0  data=['0xfd', '0x01', '0x01', '0x02']
17:17:08.236  DEBUG   [poll]    -> read  st2mot    
17:17:08.240  DEBUG   [poll]    <- read  st2mot     ret=0  data=['0x00', '0x00']
17:17:08.240  DEBUG   [poll]    -> read  st0cur    
17:17:08.244  DEBUG   [poll]    <- read  st0cur     ret=0  data=['0xfd', '0x01', '0x02', '0x02']
17:17:09.246  DEBUG   [poll]    -> read  st2mot    
17:17:09.249  DEBUG   [poll]    <- read  st2mot     ret=0  data=['0x00', '0x00']
17:17:09.250  DEBUG   [poll]    -> read  st0cur    
17:17:09.254  DEBUG   [poll]    <- read  st0cur     ret=0  data=['0xfd', '0x01', '0x02', '0x02']
17:17:10.255  DEBUG   [poll]    -> read  st2mot    
17:17:10.259  DEBUG   [poll]    <- read  st2mot     ret=0  data=['0x00', '0x00']
17:17:10.259  DEBUG   [poll]    -> read  st0cur    
17:17:10.263  DEBUG   [poll]    <- read  st0cur     ret=0  data=['0xfd', '0x01', '0x02', '0x02']
17:17:11.265  DEBUG   [poll]    -> read  st2mot    
17:17:11.268  DEBUG   [poll]    <- read  st2mot     ret=0  data=['0x00', '0x00']
17:17:11.268  DEBUG   [poll]    -> read  st0cur    
17:17:11.273  DEBUG   [poll]    <- read  st0cur     ret=0  data=['0xfd', '0x01', '0x02', '0x02']
17:17:12.274  DEBUG   [poll]    -> read  st2mot    
17:17:12.277  DEBUG   [poll]    <- read  st2mot     ret=0  data=['0x00', '0x00']
17:17:12.278  DEBUG   [poll]    -> read  st0cur    
17:17:12.282  DEBUG   [poll]    <- read  st0cur     ret=0  data=['0xfd', '0x01', '0x02', '0x02']
17:17:13.283  DEBUG   [poll]    -> read  st2mot    
17:17:13.287  DEBUG   [poll]    <- read  st2mot     ret=0  data=['0x00', '0x00']
17:17:13.287  DEBUG   [poll]    -> read  st0cur    
17:17:13.291  DEBUG   [poll]    <- read  st0cur     ret=0  data=['0xfd', '0x01', '0x02', '0x02']
17:17:14.293  DEBUG   [poll]    -> read  st2mot    
17:17:14.296  DEBUG   [poll]    <- read  st2mot     ret=0  data=['0x00', '0x00']
17:17:14.297  DEBUG   [poll]    -> read  st0cur    
17:17:14.301  DEBUG   [poll]    <- read  st0cur     ret=0  data=['0xfd', '0x01', '0x02', '0x02']
17:17:15.302  DEBUG   [poll]    -> read  st2mot    
17:17:15.306  DEBUG   [poll]    <- read  st2mot     ret=0  data=['0x00', '0x00']
17:17:15.306  DEBUG   [poll]    -> read  st0cur    
17:17:15.310  DEBUG   [poll]    <- read  st0cur     ret=0  data=['0xfd', '0x01', '0x02', '0x02']
17:17:16.312  DEBUG   [poll]    -> read  st2mot    
17:17:16.315  DEBUG   [poll]    <- read  st2mot     ret=0  data=['0x00', '0x00']
17:17:16.316  DEBUG   [poll]    -> read  st0cur    
17:17:16.320  DEBUG   [poll]    <- read  st0cur     ret=0  data=['0xfe', '0x01', '0x01', '0x02']
17:17:17.321  DEBUG   [poll]    -> read  st2mot    
17:17:17.325  DEBUG   [poll]    <- read  st2mot     ret=0  data=['0x00', '0x00']
17:17:17.326  DEBUG   [poll]    -> read  st0cur    
17:17:17.330  DEBUG   [poll]    <- read  st0cur     ret=0  data=['0xfd', '0x01', '0x02', '0x02']
17:17:18.331  DEBUG   [poll]    -> read  st2mot    
17:17:18.335  DEBUG   [poll]    <- read  st2mot     ret=0  data=['0x00', '0x00']
17:17:18.335  DEBUG   [poll]    -> read  st0cur    
17:17:18.339  DEBUG   [poll]    <- read  st0cur     ret=0  data=['0xfd', '0x01', '0x02', '0x02']
17:17:19.341  DEBUG   [poll]    -> read  st2mot    
17:17:19.344  DEBUG   [poll]    <- read  st2mot     ret=0  data=['0x00', '0x00']
17:17:19.345  DEBUG   [poll]    -> read  st0cur    
17:17:19.349  DEBUG   [poll]    <- read  st0cur     ret=0  data=['0xfd', '0x01', '0x02', '0x02']
17:17:20.350  DEBUG   [poll]    -> read  st2mot    
17:17:20.354  DEBUG   [poll]    <- read  st2mot     ret=0  data=['0x00', '0x00']
17:17:20.354  DEBUG   [poll]    -> read  st0cur    
17:17:20.358  DEBUG   [poll]    <- read  st0cur     ret=0  data=['0xfd', '0x01', '0x02', '0x02']
17:17:21.360  DEBUG   [poll]    -> read  st2mot    
17:17:21.363  DEBUG   [poll]    <- read  st2mot     ret=0  data=['0x00', '0x00']
17:17:21.364  DEBUG   [poll]    -> read  st0cur    
17:17:21.368  DEBUG   [poll]    <- read  st0cur     ret=0  data=['0xfd', '0x01', '0x02', '0x02']
17:17:22.370  DEBUG   [poll]    -> read  st2mot    
17:17:22.373  DEBUG   [poll]    <- read  st2mot     ret=0  data=['0x00', '0x00']
17:17:22.374  DEBUG   [poll]    -> read  st0cur    
17:17:22.378  DEBUG   [poll]    <- read  st0cur     ret=0  data=['0xfd', '0x01', '0x02', '0x02']
17:17:23.380  DEBUG   [poll]    -> read  st2mot    
17:17:23.383  DEBUG   [poll]    <- read  st2mot     ret=0  data=['0x00', '0x00']
17:17:23.383  DEBUG   [poll]    -> read  st0cur    
17:17:23.388  DEBUG   [poll]    <- read  st0cur     ret=0  data=['0xfd', '0x01', '0x02', '0x02']
17:17:24.389  DEBUG   [poll]    -> read  st2mot    
17:17:24.392  DEBUG   [poll]    <- read  st2mot     ret=0  data=['0x00', '0x00']
17:17:24.393  DEBUG   [poll]    -> read  st0cur    
17:17:24.397  DEBUG   [poll]    <- read  st0cur     ret=0  data=['0xfd', '0x01', '0x01', '0x02']
17:17:25.399  DEBUG   [poll]    -> read  st2mot    
17:17:25.402  DEBUG   [poll]    <- read  st2mot     ret=0  data=['0x00', '0x00']
17:17:25.402  DEBUG   [poll]    -> read  st0cur    
17:17:25.407  DEBUG   [poll]    <- read  st0cur     ret=0  data=['0xfd', '0x01', '0x02', '0x02']
17:17:26.408  DEBUG   [poll]    -> read  st2mot    
17:17:26.411  DEBUG   [poll]    <- read  st2mot     ret=0  data=['0x00', '0x00']
17:17:26.412  DEBUG   [poll]    -> read  st0cur    
17:17:26.416  DEBUG   [poll]    <- read  st0cur     ret=0  data=['0xfd', '0x01', '0x02', '0x02']
17:17:27.417  DEBUG   [poll]    -> read  st2mot    
17:17:27.421  DEBUG   [poll]    <- read  st2mot     ret=0  data=['0x00', '0x00']
17:17:27.421  DEBUG   [poll]    -> read  st0cur    
17:17:27.426  DEBUG   [poll]    <- read  st0cur     ret=0  data=['0xfd', '0x01', '0x02', '0x02']
17:17:28.427  DEBUG   [poll]    -> read  st2mot    
17:17:28.430  DEBUG   [poll]    <- read  st2mot     ret=0  data=['0x00', '0x00']
17:17:28.431  DEBUG   [poll]    -> read  st0cur    
17:17:28.435  DEBUG   [poll]    <- read  st0cur     ret=0  data=['0xfd', '0x01', '0x02', '0x02']
17:17:29.437  DEBUG   [poll]    -> read  st2mot    
17:17:29.440  DEBUG   [poll]    <- read  st2mot     ret=0  data=['0x00', '0x00']
17:17:29.440  DEBUG   [poll]    -> read  st0cur    
17:17:29.445  DEBUG   [poll]    <- read  st0cur     ret=0  data=['0xfd', '0x01', '0x02', '0x02']
17:17:30.446  DEBUG   [poll]    -> read  st2mot    
17:17:30.450  DEBUG   [poll]    <- read  st2mot     ret=0  data=['0x00', '0x00']
17:17:30.450  DEBUG   [poll]    -> read  st0cur    
17:17:30.454  DEBUG   [poll]    <- read  st0cur     ret=0  data=['0xfd', '0x01', '0x02', '0x02']
17:17:31.456  DEBUG   [poll]    -> read  st2mot    
17:17:31.459  DEBUG   [poll]    <- read  st2mot     ret=0  data=['0x00', '0x00']
17:17:31.459  DEBUG   [poll]    -> read  st0cur    
17:17:31.464  DEBUG   [poll]    <- read  st0cur     ret=0  data=['0xfd', '0x01', '0x02', '0x02']
17:17:32.465  DEBUG   [poll]    -> read  st2mot    
17:17:32.468  DEBUG   [poll]    <- read  st2mot     ret=0  data=['0x00', '0x00']
17:17:32.471  DEBUG   [poll]    -> read  st0cur    
17:17:32.475  DEBUG   [poll]    <- read  st0cur     ret=0  data=['0xfd', '0x01', '0x02', '0x02']
17:17:33.477  DEBUG   [poll]    -> read  st2mot    
17:17:33.480  DEBUG   [poll]    <- read  st2mot     ret=0  data=['0x00', '0x00']
17:17:33.480  DEBUG   [poll]    -> read  st0cur    
17:17:33.485  DEBUG   [poll]    <- read  st0cur     ret=0  data=['0xfd', '0x01', '0x01', '0x02']
17:17:34.486  DEBUG   [poll]    -> read  st2mot    
17:17:34.490  DEBUG   [poll]    <- read  st2mot     ret=0  data=['0x00', '0x00']
17:17:34.490  DEBUG   [poll]    -> read  st0cur    
17:17:34.494  DEBUG   [poll]    <- read  st0cur     ret=0  data=['0xfd', '0x01', '0x01', '0x02']
17:17:35.496  DEBUG   [poll]    -> read  st2mot    
17:17:35.499  DEBUG   [poll]    <- read  st2mot     ret=0  data=['0x00', '0x00']
17:17:35.499  DEBUG   [poll]    -> read  st0cur    
17:17:35.504  DEBUG   [poll]    <- read  st0cur     ret=0  data=['0xfd', '0x01', '0x01', '0x02']
17:17:36.505  DEBUG   [poll]    -> read  st2mot    
17:17:36.509  DEBUG   [poll]    <- read  st2mot     ret=0  data=['0x00', '0x00']
17:17:36.509  DEBUG   [poll]    -> read  st0cur    
17:17:36.513  DEBUG   [poll]    <- read  st0cur     ret=0  data=['0xfd', '0x01', '0x00', '0x02']
17:17:37.515  DEBUG   [poll]    -> read  st2mot    
17:17:37.518  DEBUG   [poll]    <- read  st2mot     ret=0  data=['0x00', '0x00']
17:17:37.519  DEBUG   [poll]    -> read  st0cur    
17:17:37.523  DEBUG   [poll]    <- read  st0cur     ret=0  data=['0xfd', '0x01', '0x01', '0x02']
17:17:38.525  DEBUG   [poll]    -> read  st2mot    
17:17:38.528  DEBUG   [poll]    <- read  st2mot     ret=0  data=['0x00', '0x00']
17:17:38.529  DEBUG   [poll]    -> read  st0cur    
17:17:38.533  DEBUG   [poll]    <- read  st0cur     ret=0  data=['0xfd', '0x01', '0x01', '0x02']
17:17:39.534  DEBUG   [poll]    -> read  st2mot    
17:17:39.538  DEBUG   [poll]    <- read  st2mot     ret=0  data=['0x00', '0x00']
17:17:39.538  DEBUG   [poll]    -> read  st0cur    
17:17:39.542  DEBUG   [poll]    <- read  st0cur     ret=0  data=['0xfd', '0x01', '0x01', '0x02']
17:17:40.544  DEBUG   [poll]    -> read  st2mot    
17:17:40.547  DEBUG   [poll]    <- read  st2mot     ret=0  data=['0x00', '0x00']
17:17:40.547  DEBUG   [poll]    -> read  st0cur    
17:17:40.552  DEBUG   [poll]    <- read  st0cur     ret=0  data=['0xfd', '0x01', '0x01', '0x02']
17:17:41.553  DEBUG   [poll]    -> read  st2mot    
17:17:41.556  DEBUG   [poll]    <- read  st2mot     ret=0  data=['0x00', '0x00']
17:17:41.557  DEBUG   [poll]    -> read  st0cur    
17:17:41.561  DEBUG   [poll]    <- read  st0cur     ret=0  data=['0xfd', '0x01', '0x01', '0x02']
17:17:42.563  DEBUG   [poll]    -> read  st2mot    
17:17:42.566  DEBUG   [poll]    <- read  st2mot     ret=0  data=['0x00', '0x00']
17:17:42.567  DEBUG   [poll]    -> read  st0cur    
17:17:42.571  DEBUG   [poll]    <- read  st0cur     ret=0  data=['0xfd', '0x01', '0x01', '0x02']
17:17:43.572  DEBUG   [poll]    -> read  st2mot    
17:17:43.576  DEBUG   [poll]    <- read  st2mot     ret=0  data=['0x00', '0x00']
17:17:43.576  DEBUG   [poll]    -> read  st0cur    
17:17:43.580  DEBUG   [poll]    <- read  st0cur     ret=0  data=['0xfd', '0x01', '0x02', '0x02']
17:17:44.582  DEBUG   [poll]    -> read  st2mot    
17:17:44.585  DEBUG   [poll]    <- read  st2mot     ret=0  data=['0x00', '0x00']
17:17:44.586  DEBUG   [poll]    -> read  st0cur    
17:17:44.590  DEBUG   [poll]    <- read  st0cur     ret=0  data=['0xfd', '0x01', '0x02', '0x02']
17:17:45.591  DEBUG   [poll]    -> read  st2mot    
17:17:45.595  DEBUG   [poll]    <- read  st2mot     ret=0  data=['0x00', '0x00']
17:17:45.595  DEBUG   [poll]    -> read  st0cur    
17:17:45.599  DEBUG   [poll]    <- read  st0cur     ret=0  data=['0xfd', '0x01', '0x01', '0x02']
17:17:46.601  DEBUG   [poll]    -> read  st2mot    
17:17:46.604  DEBUG   [poll]    <- read  st2mot     ret=0  data=['0x00', '0x00']
17:17:46.605  DEBUG   [poll]    -> read  st0cur    
17:17:46.609  DEBUG   [poll]    <- read  st0cur     ret=0  data=['0xfd', '0x01', '0x01', '0x02']
17:17:47.610  DEBUG   [poll]    -> read  st2mot    
17:17:47.614  DEBUG   [poll]    <- read  st2mot     ret=0  data=['0x00', '0x00']
17:17:47.615  DEBUG   [poll]    -> read  st0cur    
17:17:47.619  DEBUG   [poll]    <- read  st0cur     ret=0  data=['0xfd', '0x01', '0x01', '0x02']
17:17:48.621  DEBUG   [poll]    -> read  st2mot    
17:17:48.624  DEBUG   [poll]    <- read  st2mot     ret=0  data=['0x00', '0x00']
17:17:48.624  DEBUG   [poll]    -> read  st0cur    
17:17:48.629  DEBUG   [poll]    <- read  st0cur     ret=0  data=['0xfd', '0x01', '0x01', '0x02']
17:17:49.630  DEBUG   [poll]    -> read  st2mot    
17:17:49.633  DEBUG   [poll]    <- read  st2mot     ret=0  data=['0x00', '0x00']
17:17:49.634  DEBUG   [poll]    -> read  st0cur    
17:17:49.638  DEBUG   [poll]    <- read  st0cur     ret=0  data=['0xfd', '0x01', '0x01', '0x02']
17:17:50.639  DEBUG   [poll]    -> read  st2mot    
17:17:50.643  DEBUG   [poll]    <- read  st2mot     ret=0  data=['0x00', '0x00']
17:17:50.643  DEBUG   [poll]    -> read  st0cur    
17:17:50.647  DEBUG   [poll]    <- read  st0cur     ret=0  data=['0xfd', '0x01', '0x01', '0x02']
17:17:51.649  DEBUG   [poll]    -> read  st2mot    
17:17:51.652  DEBUG   [poll]    <- read  st2mot     ret=0  data=['0x00', '0x00']
17:17:51.653  DEBUG   [poll]    -> read  st0cur    
17:17:51.657  DEBUG   [poll]    <- read  st0cur     ret=0  data=['0xfd', '0x01', '0x02', '0x02']
17:17:52.658  DEBUG   [poll]    -> read  st2mot    
17:17:52.662  DEBUG   [poll]    <- read  st2mot     ret=0  data=['0x00', '0x00']
17:17:52.662  DEBUG   [poll]    -> read  st0cur    
17:17:52.667  DEBUG   [poll]    <- read  st0cur     ret=0  data=['0xfd', '0x01', '0x02', '0x02']
17:17:53.668  DEBUG   [poll]    -> read  st2mot    
17:17:53.672  DEBUG   [poll]    <- read  st2mot     ret=0  data=['0x00', '0x00']
17:17:53.672  DEBUG   [poll]    -> read  st0cur    
17:17:53.676  DEBUG   [poll]    <- read  st0cur     ret=0  data=['0xfe', '0x01', '0x02', '0x02']
17:17:54.678  DEBUG   [poll]    -> read  st2mot    
17:17:54.681  DEBUG   [poll]    <- read  st2mot     ret=0  data=['0x00', '0x00']
17:17:54.682  DEBUG   [poll]    -> read  st0cur    
17:17:54.686  DEBUG   [poll]    <- read  st0cur     ret=0  data=['0xfe', '0x01', '0x02', '0x02']
17:17:55.687  DEBUG   [poll]    -> read  st2mot    
17:17:55.691  DEBUG   [poll]    <- read  st2mot     ret=0  data=['0x00', '0x00']
17:17:55.691  DEBUG   [poll]    -> read  st0cur    
17:17:55.695  DEBUG   [poll]    <- read  st0cur     ret=0  data=['0xfd', '0x01', '0x02', '0x02']
17:17:56.697  DEBUG   [poll]    -> read  st2mot    
17:17:56.700  DEBUG   [poll]    <- read  st2mot     ret=0  data=['0x00', '0x00']
17:17:56.701  DEBUG   [poll]    -> read  st0cur    
17:17:56.705  DEBUG   [poll]    <- read  st0cur     ret=0  data=['0xfd', '0x01', '0x02', '0x02']
17:17:57.706  DEBUG   [poll]    -> read  st2mot    
17:17:57.710  DEBUG   [poll]    <- read  st2mot     ret=0  data=['0x00', '0x00']
17:17:57.710  DEBUG   [poll]    -> read  st0cur    
17:17:57.715  DEBUG   [poll]    <- read  st0cur     ret=0  data=['0xfd', '0x01', '0x02', '0x02']
17:17:58.716  DEBUG   [poll]    -> read  st2mot    
17:17:58.719  DEBUG   [poll]    <- read  st2mot     ret=0  data=['0x00', '0x00']
17:17:58.720  DEBUG   [poll]    -> read  st0cur    
17:17:58.724  DEBUG   [poll]    <- read  st0cur     ret=0  data=['0xfd', '0x01', '0x02', '0x02']
17:17:59.726  DEBUG   [poll]    -> read  st2mot    
17:17:59.729  DEBUG   [poll]    <- read  st2mot     ret=0  data=['0x00', '0x00']
17:17:59.729  DEBUG   [poll]    -> read  st0cur    
17:17:59.734  DEBUG   [poll]    <- read  st0cur     ret=0  data=['0xfd', '0x01', '0x01', '0x02']
17:18:00.735  DEBUG   [poll]    -> read  st2mot    
17:18:00.739  DEBUG   [poll]    <- read  st2mot     ret=0  data=['0x00', '0x00']
17:18:00.739  DEBUG   [poll]    -> read  st0cur    
17:18:00.743  DEBUG   [poll]    <- read  st0cur     ret=0  data=['0xfe', '0x01', '0x01', '0x02']
17:18:01.745  DEBUG   [poll]    -> read  st2mot    
17:18:01.748  DEBUG   [poll]    <- read  st2mot     ret=0  data=['0x00', '0x00']
17:18:01.749  DEBUG   [poll]    -> read  st0cur    
17:18:01.753  DEBUG   [poll]    <- read  st0cur     ret=0  data=['0xfd', '0x01', '0x01', '0x02']
17:18:02.754  DEBUG   [poll]    -> read  st2mot    
17:18:02.758  DEBUG   [poll]    <- read  st2mot     ret=0  data=['0x00', '0x00']
17:18:02.759  DEBUG   [poll]    -> read  st0cur    
17:18:02.763  DEBUG   [poll]    <- read  st0cur     ret=0  data=['0xfd', '0x01', '0x02', '0x02']
17:18:03.764  DEBUG   [poll]    -> read  st2mot    
17:18:03.768  DEBUG   [poll]    <- read  st2mot     ret=0  data=['0x00', '0x00']
17:18:03.768  DEBUG   [poll]    -> read  st0cur    
17:18:03.772  DEBUG   [poll]    <- read  st0cur     ret=0  data=['0xfd', '0x01', '0x02', '0x02']
17:18:04.774  DEBUG   [poll]    -> read  st2mot    
17:18:04.777  DEBUG   [poll]    <- read  st2mot     ret=0  data=['0x00', '0x00']
17:18:04.778  DEBUG   [poll]    -> read  st0cur    
17:18:04.782  DEBUG   [poll]    <- read  st0cur     ret=0  data=['0xfd', '0x01', '0x01', '0x02']
17:18:05.784  DEBUG   [poll]    -> read  st2mot    
17:18:05.787  DEBUG   [poll]    <- read  st2mot     ret=0  data=['0x00', '0x00']
17:18:05.787  DEBUG   [poll]    -> read  st0cur    
17:18:05.792  DEBUG   [poll]    <- read  st0cur     ret=0  data=['0xfd', '0x01', '0x01', '0x02']
17:18:06.793  DEBUG   [poll]    -> read  st2mot    
17:18:06.796  DEBUG   [poll]    <- read  st2mot     ret=0  data=['0x00', '0x00']
17:18:06.797  DEBUG   [poll]    -> read  st0cur    
17:18:06.801  DEBUG   [poll]    <- read  st0cur     ret=0  data=['0xfe', '0x01', '0x01', '0x02']
17:18:07.803  DEBUG   [poll]    -> read  st2mot    
17:18:07.806  DEBUG   [poll]    <- read  st2mot     ret=0  data=['0x00', '0x00']
17:18:07.807  DEBUG   [poll]    -> read  st0cur    
17:18:07.811  DEBUG   [poll]    <- read  st0cur     ret=0  data=['0xfd', '0x01', '0x02', '0x02']
17:18:08.812  DEBUG   [poll]    -> read  st2mot    
17:18:08.816  DEBUG   [poll]    <- read  st2mot     ret=0  data=['0x00', '0x00']
17:18:08.816  DEBUG   [poll]    -> read  st0cur    
17:18:08.820  DEBUG   [poll]    <- read  st0cur     ret=0  data=['0xfd', '0x01', '0x02', '0x02']
17:18:09.822  DEBUG   [poll]    -> read  st2mot    
17:18:09.825  DEBUG   [poll]    <- read  st2mot     ret=0  data=['0x00', '0x00']
17:18:09.826  DEBUG   [poll]    -> read  st0cur    
17:18:09.830  DEBUG   [poll]    <- read  st0cur     ret=0  data=['0xfd', '0x01', '0x02', '0x02']
17:18:10.831  DEBUG   [poll]    -> read  st2mot    
17:18:10.835  DEBUG   [poll]    <- read  st2mot     ret=0  data=['0x00', '0x00']
17:18:10.835  DEBUG   [poll]    -> read  st0cur    
17:18:10.839  DEBUG   [poll]    <- read  st0cur     ret=0  data=['0xfd', '0x01', '0x02', '0x02']
17:18:11.841  DEBUG   [poll]    -> read  st2mot    
17:18:11.844  DEBUG   [poll]    <- read  st2mot     ret=0  data=['0x00', '0x00']
17:18:11.845  DEBUG   [poll]    -> read  st0cur    
17:18:11.849  DEBUG   [poll]    <- read  st0cur     ret=0  data=['0xfd', '0x01', '0x02', '0x02']
17:18:12.850  DEBUG   [poll]    -> read  st2mot    
17:18:12.854  DEBUG   [poll]    <- read  st2mot     ret=0  data=['0x00', '0x00']
17:18:12.854  DEBUG   [poll]    -> read  st0cur    
17:18:12.858  DEBUG   [poll]    <- read  st0cur     ret=0  data=['0xfd', '0x01', '0x02', '0x02']
17:18:13.860  DEBUG   [poll]    -> read  st2mot    
17:18:13.863  DEBUG   [poll]    <- read  st2mot     ret=0  data=['0x00', '0x00']
17:18:13.864  DEBUG   [poll]    -> read  st0cur    
17:18:13.868  DEBUG   [poll]    <- read  st0cur     ret=0  data=['0xfd', '0x01', '0x02', '0x02']
17:18:14.870  DEBUG   [poll]    -> read  st2mot    
17:18:14.873  DEBUG   [poll]    <- read  st2mot     ret=0  data=['0x00', '0x00']
17:18:14.873  DEBUG   [poll]    -> read  st0cur    
17:18:14.878  DEBUG   [poll]    <- read  st0cur     ret=0  data=['0xfd', '0x01', '0x02', '0x02']
17:18:15.879  DEBUG   [poll]    -> read  st2mot    
17:18:15.882  DEBUG   [poll]    <- read  st2mot     ret=0  data=['0x00', '0x00']
17:18:15.883  DEBUG   [poll]    -> read  st0cur    
17:18:15.887  DEBUG   [poll]    <- read  st0cur     ret=0  data=['0xfd', '0x01', '0x02', '0x02']
17:18:16.889  DEBUG   [poll]    -> read  st2mot    
17:18:16.892  DEBUG   [poll]    <- read  st2mot     ret=0  data=['0x00', '0x00']
17:18:16.892  DEBUG   [poll]    -> read  st0cur    
17:18:16.897  DEBUG   [poll]    <- read  st0cur     ret=0  data=['0xfd', '0x01', '0x01', '0x02']
17:18:17.898  DEBUG   [poll]    -> read  st2mot    
17:18:17.901  DEBUG   [poll]    <- read  st2mot     ret=0  data=['0x00', '0x00']
17:18:17.905  DEBUG   [poll]    -> read  st0cur    
17:18:17.909  DEBUG   [poll]    <- read  st0cur     ret=0  data=['0xfd', '0x01', '0x01', '0x02']
17:18:18.910  DEBUG   [poll]    -> read  st2mot    
17:18:18.914  DEBUG   [poll]    <- read  st2mot     ret=0  data=['0x00', '0x00']
17:18:18.914  DEBUG   [poll]    -> read  st0cur    
17:18:18.918  DEBUG   [poll]    <- read  st0cur     ret=0  data=['0xfd', '0x01', '0x01', '0x02']
17:18:19.920  DEBUG   [poll]    -> read  st2mot    
17:18:19.923  DEBUG   [poll]    <- read  st2mot     ret=0  data=['0x00', '0x00']
17:18:19.924  DEBUG   [poll]    -> read  st0cur    
17:18:19.928  DEBUG   [poll]    <- read  st0cur     ret=0  data=['0xfd', '0x01', '0x01', '0x02']
17:18:20.929  DEBUG   [poll]    -> read  st2mot    
17:18:20.933  DEBUG   [poll]    <- read  st2mot     ret=0  data=['0x00', '0x00']
17:18:20.933  DEBUG   [poll]    -> read  st0cur    
17:18:20.937  DEBUG   [poll]    <- read  st0cur     ret=0  data=['0xfd', '0x01', '0x02', '0x02']
17:18:21.939  DEBUG   [poll]    -> read  st2mot    
17:18:21.942  DEBUG   [poll]    <- read  st2mot     ret=0  data=['0x00', '0x00']
17:18:21.943  DEBUG   [poll]    -> read  st0cur    
17:18:21.947  DEBUG   [poll]    <- read  st0cur     ret=0  data=['0xfd', '0x01', '0x01', '0x02']
17:18:22.948  DEBUG   [poll]    -> read  st2mot    
17:18:22.952  DEBUG   [poll]    <- read  st2mot     ret=0  data=['0x00', '0x00']
17:18:22.952  DEBUG   [poll]    -> read  st0cur    
17:18:22.956  DEBUG   [poll]    <- read  st0cur     ret=0  data=['0xfd', '0x01', '0x02', '0x02']
17:18:23.958  DEBUG   [poll]    -> read  st2mot    
17:18:23.961  DEBUG   [poll]    <- read  st2mot     ret=0  data=['0x00', '0x00']
17:18:23.962  DEBUG   [poll]    -> read  st0cur    
17:18:23.966  DEBUG   [poll]    <- read  st0cur     ret=0  data=['0xfd', '0x01', '0x02', '0x02']
17:18:24.967  DEBUG   [poll]    -> read  st2mot    
17:18:24.971  DEBUG   [poll]    <- read  st2mot     ret=0  data=['0x00', '0x00']
17:18:24.971  DEBUG   [poll]    -> read  st0cur    
17:18:24.975  DEBUG   [poll]    <- read  st0cur     ret=0  data=['0xfe', '0x01', '0x01', '0x02']
17:18:25.977  DEBUG   [poll]    -> read  st2mot    
17:18:25.980  DEBUG   [poll]    <- read  st2mot     ret=0  data=['0x00', '0x00']
17:18:25.981  DEBUG   [poll]    -> read  st0cur    
17:18:25.985  DEBUG   [poll]    <- read  st0cur     ret=0  data=['0xfd', '0x01', '0x02', '0x02']
17:18:26.986  DEBUG   [poll]    -> read  st2mot    
17:18:26.990  DEBUG   [poll]    <- read  st2mot     ret=0  data=['0x00', '0x00']
17:18:26.990  DEBUG   [poll]    -> read  st0cur    
17:18:26.994  DEBUG   [poll]    <- read  st0cur     ret=0  data=['0xfd', '0x01', '0x02', '0x02']
17:18:27.996  DEBUG   [poll]    -> read  st2mot    
17:18:27.999  DEBUG   [poll]    <- read  st2mot     ret=0  data=['0x00', '0x00']
17:18:28.000  DEBUG   [poll]    -> read  st0cur    
17:18:28.004  DEBUG   [poll]    <- read  st0cur     ret=0  data=['0xfd', '0x01', '0x03', '0x02']
17:18:29.006  DEBUG   [poll]    -> read  st2mot    
17:18:29.009  DEBUG   [poll]    <- read  st2mot     ret=0  data=['0x00', '0x00']
17:18:29.009  DEBUG   [poll]    -> read  st0cur    
17:18:29.014  DEBUG   [poll]    <- read  st0cur     ret=0  data=['0xfd', '0x01', '0x02', '0x02']
17:18:30.015  DEBUG   [poll]    -> read  st2mot    
17:18:30.018  DEBUG   [poll]    <- read  st2mot     ret=0  data=['0x00', '0x00']
17:18:30.019  DEBUG   [poll]    -> read  st0cur    
17:18:30.023  DEBUG   [poll]    <- read  st0cur     ret=0  data=['0xfd', '0x01', '0x03', '0x02']
17:18:31.025  DEBUG   [poll]    -> read  st2mot    
17:18:31.028  DEBUG   [poll]    <- read  st2mot     ret=0  data=['0x00', '0x00']
17:18:31.028  DEBUG   [poll]    -> read  st0cur    
17:18:31.032  DEBUG   [poll]    <- read  st0cur     ret=0  data=['0xfd', '0x01', '0x02', '0x02']
17:18:32.034  DEBUG   [poll]    -> read  st2mot    
17:18:32.037  DEBUG   [poll]    <- read  st2mot     ret=0  data=['0x00', '0x00']
17:18:32.038  DEBUG   [poll]    -> read  st0cur    
17:18:32.042  DEBUG   [poll]    <- read  st0cur     ret=0  data=['0xfd', '0x01', '0x03', '0x02']
17:18:33.043  DEBUG   [poll]    -> read  st2mot    
17:18:33.047  DEBUG   [poll]    <- read  st2mot     ret=0  data=['0x00', '0x00']
17:18:33.047  DEBUG   [poll]    -> read  st0cur    
17:18:33.052  DEBUG   [poll]    <- read  st0cur     ret=0  data=['0xfd', '0x01', '0x02', '0x02']
17:18:34.053  DEBUG   [poll]    -> read  st2mot    
17:18:34.056  DEBUG   [poll]    <- read  st2mot     ret=0  data=['0x00', '0x00']
17:18:34.057  DEBUG   [poll]    -> read  st0cur    
17:18:34.061  DEBUG   [poll]    <- read  st0cur     ret=0  data=['0xfd', '0x01', '0x02', '0x02']
17:18:35.063  DEBUG   [poll]    -> read  st2mot    
17:18:35.066  DEBUG   [poll]    <- read  st2mot     ret=0  data=['0x00', '0x00']
17:18:35.066  DEBUG   [poll]    -> read  st0cur    
17:18:35.071  DEBUG   [poll]    <- read  st0cur     ret=0  data=['0xfd', '0x01', '0x02', '0x02']
17:18:36.072  DEBUG   [poll]    -> read  st2mot    
17:18:36.075  DEBUG   [poll]    <- read  st2mot     ret=0  data=['0x00', '0x00']
17:18:36.076  DEBUG   [poll]    -> read  st0cur    
17:18:36.080  DEBUG   [poll]    <- read  st0cur     ret=0  data=['0xfd', '0x01', '0x01', '0x02']
17:18:37.082  DEBUG   [poll]    -> read  st2mot    
17:18:37.085  DEBUG   [poll]    <- read  st2mot     ret=0  data=['0x00', '0x00']
17:18:37.085  DEBUG   [poll]    -> read  st0cur    
17:18:37.090  DEBUG   [poll]    <- read  st0cur     ret=0  data=['0xfd', '0x01', '0x01', '0x02']
17:18:38.091  DEBUG   [poll]    -> read  st2mot    
17:18:38.094  DEBUG   [poll]    <- read  st2mot     ret=0  data=['0x00', '0x00']
17:18:38.095  DEBUG   [poll]    -> read  st0cur    
17:18:38.099  DEBUG   [poll]    <- read  st0cur     ret=0  data=['0xfd', '0x01', '0x01', '0x02']
17:18:39.101  DEBUG   [poll]    -> read  st2mot    
17:18:39.104  DEBUG   [poll]    <- read  st2mot     ret=0  data=['0x00', '0x00']
17:18:39.105  DEBUG   [poll]    -> read  st0cur    
17:18:39.109  DEBUG   [poll]    <- read  st0cur     ret=0  data=['0xfd', '0x01', '0x02', '0x02']
17:18:40.110  DEBUG   [poll]    -> read  st2mot    
17:18:40.114  DEBUG   [poll]    <- read  st2mot     ret=0  data=['0x00', '0x00']
17:18:40.114  DEBUG   [poll]    -> read  st0cur    
17:18:40.118  DEBUG   [poll]    <- read  st0cur     ret=0  data=['0xfd', '0x01', '0x02', '0x02']
17:18:41.120  DEBUG   [poll]    -> read  st2mot    
17:18:41.123  DEBUG   [poll]    <- read  st2mot     ret=0  data=['0x00', '0x00']
17:18:41.123  DEBUG   [poll]    -> read  st0cur    
17:18:41.128  DEBUG   [poll]    <- read  st0cur     ret=0  data=['0xfd', '0x01', '0x01', '0x02']
17:18:42.129  DEBUG   [poll]    -> read  st2mot    
17:18:42.133  DEBUG   [poll]    <- read  st2mot     ret=0  data=['0x00', '0x00']
17:18:42.133  DEBUG   [poll]    -> read  st0cur    
17:18:42.137  DEBUG   [poll]    <- read  st0cur     ret=0  data=['0xfd', '0x01', '0x02', '0x02']
17:18:43.139  DEBUG   [poll]    -> read  st2mot    
17:18:43.142  DEBUG   [poll]    <- read  st2mot     ret=0  data=['0x00', '0x00']
17:18:43.143  DEBUG   [poll]    -> read  st0cur    
17:18:43.147  DEBUG   [poll]    <- read  st0cur     ret=0  data=['0xfd', '0x01', '0x02', '0x02']
17:18:44.149  DEBUG   [poll]    -> read  st2mot    
17:18:44.152  DEBUG   [poll]    <- read  st2mot     ret=0  data=['0x00', '0x00']
17:18:44.152  DEBUG   [poll]    -> read  st0cur    
17:18:44.157  DEBUG   [poll]    <- read  st0cur     ret=0  data=['0xfd', '0x01', '0x02', '0x02']
17:18:45.158  DEBUG   [poll]    -> read  st2mot    
17:18:45.162  DEBUG   [poll]    <- read  st2mot     ret=0  data=['0x00', '0x00']
17:18:45.162  DEBUG   [poll]    -> read  st0cur    
17:18:45.166  DEBUG   [poll]    <- read  st0cur     ret=0  data=['0xfd', '0x01', '0x01', '0x02']
17:18:46.168  DEBUG   [poll]    -> read  st2mot    
17:18:46.171  DEBUG   [poll]    <- read  st2mot     ret=0  data=['0x00', '0x00']
17:18:46.171  DEBUG   [poll]    -> read  st0cur    
17:18:46.176  DEBUG   [poll]    <- read  st0cur     ret=0  data=['0xfd', '0x01', '0x01', '0x02']
17:18:47.177  DEBUG   [poll]    -> read  st2mot    
17:18:47.180  DEBUG   [poll]    <- read  st2mot     ret=0  data=['0x00', '0x00']
17:18:47.181  DEBUG   [poll]    -> read  st0cur    
17:18:47.185  DEBUG   [poll]    <- read  st0cur     ret=0  data=['0xfd', '0x01', '0x02', '0x02']
17:18:48.186  DEBUG   [poll]    -> read  st2mot    
17:18:48.190  DEBUG   [poll]    <- read  st2mot     ret=0  data=['0x00', '0x00']
17:18:48.191  DEBUG   [poll]    -> read  st0cur    
17:18:48.195  DEBUG   [poll]    <- read  st0cur     ret=0  data=['0xfd', '0x01', '0x01', '0x02']
17:18:49.197  DEBUG   [poll]    -> read  st2mot    
17:18:49.200  DEBUG   [poll]    <- read  st2mot     ret=0  data=['0x00', '0x00']
17:18:49.200  DEBUG   [poll]    -> read  st0cur    
17:18:49.205  DEBUG   [poll]    <- read  st0cur     ret=0  data=['0xfd', '0x01', '0x01', '0x02']
17:18:50.206  DEBUG   [poll]    -> read  st2mot    
17:18:50.209  DEBUG   [poll]    <- read  st2mot     ret=0  data=['0x00', '0x00']
17:18:50.210  DEBUG   [poll]    -> read  st0cur    
17:18:50.214  DEBUG   [poll]    <- read  st0cur     ret=0  data=['0xfd', '0x01', '0x02', '0x02']
17:18:51.215  DEBUG   [poll]    -> read  st2mot    
17:18:51.219  DEBUG   [poll]    <- read  st2mot     ret=0  data=['0x00', '0x00']
17:18:51.219  DEBUG   [poll]    -> read  st0cur    
17:18:51.223  DEBUG   [poll]    <- read  st0cur     ret=0  data=['0xfd', '0x01', '0x01', '0x02']
17:18:52.225  DEBUG   [poll]    -> read  st2mot    
17:18:52.228  DEBUG   [poll]    <- read  st2mot     ret=0  data=['0x00', '0x00']
17:18:52.229  DEBUG   [poll]    -> read  st0cur    
17:18:52.233  DEBUG   [poll]    <- read  st0cur     ret=0  data=['0xfd', '0x01', '0x01', '0x02']
17:18:53.234  DEBUG   [poll]    -> read  st2mot    
17:18:53.238  DEBUG   [poll]    <- read  st2mot     ret=0  data=['0x00', '0x00']
17:18:53.238  DEBUG   [poll]    -> read  st0cur    
17:18:53.242  DEBUG   [poll]    <- read  st0cur     ret=0  data=['0xfd', '0x01', '0x01', '0x02']
17:18:54.244  DEBUG   [poll]    -> read  st2mot    
17:18:54.247  DEBUG   [poll]    <- read  st2mot     ret=0  data=['0x00', '0x00']
17:18:54.248  DEBUG   [poll]    -> read  st0cur    
17:18:54.252  DEBUG   [poll]    <- read  st0cur     ret=0  data=['0xfd', '0x01', '0x01', '0x02']
17:18:55.253  DEBUG   [poll]    -> read  st2mot    
17:18:55.257  DEBUG   [poll]    <- read  st2mot     ret=0  data=['0x00', '0x00']
17:18:55.257  DEBUG   [poll]    -> read  st0cur    
17:18:55.261  DEBUG   [poll]    <- read  st0cur     ret=0  data=['0xfe', '0x01', '0x01', '0x02']
17:18:56.263  DEBUG   [poll]    -> read  st2mot    
17:18:56.266  DEBUG   [poll]    <- read  st2mot     ret=0  data=['0x00', '0x00']
17:18:56.267  DEBUG   [poll]    -> read  st0cur    
17:18:56.271  DEBUG   [poll]    <- read  st0cur     ret=0  data=['0xfd', '0x01', '0x01', '0x02']
17:18:57.272  DEBUG   [poll]    -> read  st2mot    
17:18:57.276  DEBUG   [poll]    <- read  st2mot     ret=0  data=['0x00', '0x00']
17:18:57.276  DEBUG   [poll]    -> read  st0cur    
17:18:57.280  DEBUG   [poll]    <- read  st0cur     ret=0  data=['0xfd', '0x01', '0x01', '0x02']
17:18:58.282  DEBUG   [poll]    -> read  st2mot    
17:18:58.286  DEBUG   [poll]    <- read  st2mot     ret=0  data=['0x00', '0x00']
17:18:58.286  DEBUG   [poll]    -> read  st0cur    
17:18:58.290  DEBUG   [poll]    <- read  st0cur     ret=0  data=['0xfd', '0x01', '0x02', '0x02']
17:18:59.292  DEBUG   [poll]    -> read  st2mot    
17:18:59.295  DEBUG   [poll]    <- read  st2mot     ret=0  data=['0x00', '0x00']
17:18:59.295  DEBUG   [poll]    -> read  st0cur    
17:18:59.300  DEBUG   [poll]    <- read  st0cur     ret=0  data=['0xfd', '0x01', '0x01', '0x02']
17:19:00.301  DEBUG   [poll]    -> read  st2mot    
17:19:00.304  DEBUG   [poll]    <- read  st2mot     ret=0  data=['0x00', '0x00']
17:19:00.305  DEBUG   [poll]    -> read  st0cur    
17:19:00.309  DEBUG   [poll]    <- read  st0cur     ret=0  data=['0xfd', '0x01', '0x02', '0x02']
17:19:01.310  DEBUG   [poll]    -> read  st2mot    
17:19:01.314  DEBUG   [poll]    <- read  st2mot     ret=0  data=['0x00', '0x00']
17:19:01.314  DEBUG   [poll]    -> read  st0cur    
17:19:01.319  DEBUG   [poll]    <- read  st0cur     ret=0  data=['0xfd', '0x01', '0x02', '0x02']
17:19:02.320  DEBUG   [poll]    -> read  st2mot    
17:19:02.323  DEBUG   [poll]    <- read  st2mot     ret=0  data=['0x00', '0x00']
17:19:02.325  DEBUG   [poll]    -> read  st0cur    
17:19:02.329  DEBUG   [poll]    <- read  st0cur     ret=0  data=['0xfd', '0x01', '0x01', '0x02']
17:19:03.330  DEBUG   [poll]    -> read  st2mot    
17:19:03.334  DEBUG   [poll]    <- read  st2mot     ret=0  data=['0x00', '0x00']
17:19:03.334  DEBUG   [poll]    -> read  st0cur    
17:19:03.339  DEBUG   [poll]    <- read  st0cur     ret=0  data=['0xfd', '0x01', '0x02', '0x02']
17:19:04.340  DEBUG   [poll]    -> read  st2mot    
17:19:04.344  DEBUG   [poll]    <- read  st2mot     ret=0  data=['0x00', '0x00']
17:19:04.344  DEBUG   [poll]    -> read  st0cur    
17:19:04.348  DEBUG   [poll]    <- read  st0cur     ret=0  data=['0xfd', '0x01', '0x01', '0x02']
17:19:05.350  DEBUG   [poll]    -> read  st2mot    
17:19:05.353  DEBUG   [poll]    <- read  st2mot     ret=0  data=['0x00', '0x00']
17:19:05.354  DEBUG   [poll]    -> read  st0cur    
17:19:05.358  DEBUG   [poll]    <- read  st0cur     ret=0  data=['0xfe', '0x01', '0x01', '0x02']
17:19:06.359  DEBUG   [poll]    -> read  st2mot    
17:19:06.363  DEBUG   [poll]    <- read  st2mot     ret=0  data=['0x00', '0x00']
17:19:06.363  DEBUG   [poll]    -> read  st0cur    
17:19:06.367  DEBUG   [poll]    <- read  st0cur     ret=0  data=['0xfd', '0x01', '0x02', '0x02']
17:19:07.369  DEBUG   [poll]    -> read  st2mot    
17:19:07.372  DEBUG   [poll]    <- read  st2mot     ret=0  data=['0x00', '0x00']
17:19:07.373  DEBUG   [poll]    -> read  st0cur    
17:19:07.377  DEBUG   [poll]    <- read  st0cur     ret=0  data=['0xfd', '0x01', '0x01', '0x02']
17:19:08.378  DEBUG   [poll]    -> read  st2mot    
17:19:08.382  DEBUG   [poll]    <- read  st2mot     ret=0  data=['0x00', '0x00']
17:19:08.382  DEBUG   [poll]    -> read  st0cur    
17:19:08.387  DEBUG   [poll]    <- read  st0cur     ret=0  data=['0xfd', '0x01', '0x01', '0x02']
17:19:09.388  DEBUG   [poll]    -> read  st2mot    
17:19:09.392  DEBUG   [poll]    <- read  st2mot     ret=0  data=['0x00', '0x00']
17:19:09.392  DEBUG   [poll]    -> read  st0cur    
17:19:09.396  DEBUG   [poll]    <- read  st0cur     ret=0  data=['0xfd', '0x01', '0x01', '0x02']
17:19:10.398  DEBUG   [poll]    -> read  st2mot    
17:19:10.401  DEBUG   [poll]    <- read  st2mot     ret=0  data=['0x00', '0x00']
17:19:10.401  DEBUG   [poll]    -> read  st0cur    
17:19:10.405  DEBUG   [poll]    <- read  st0cur     ret=0  data=['0xfd', '0x01', '0x01', '0x02']
17:19:11.407  DEBUG   [poll]    -> read  st2mot    
17:19:11.410  DEBUG   [poll]    <- read  st2mot     ret=0  data=['0x00', '0x00']
17:19:11.411  DEBUG   [poll]    -> read  st0cur    
17:19:11.415  DEBUG   [poll]    <- read  st0cur     ret=0  data=['0xfd', '0x01', '0x01', '0x02']
17:19:12.416  DEBUG   [poll]    -> read  st2mot    
17:19:12.420  DEBUG   [poll]    <- read  st2mot     ret=0  data=['0x00', '0x00']
17:19:12.420  DEBUG   [poll]    -> read  st0cur    
17:19:12.424  DEBUG   [poll]    <- read  st0cur     ret=0  data=['0xfd', '0x01', '0x01', '0x02']
17:19:13.426  DEBUG   [poll]    -> read  st2mot    
17:19:13.429  DEBUG   [poll]    <- read  st2mot     ret=0  data=['0x00', '0x00']
17:19:13.432  DEBUG   [poll]    -> read  st0cur    
17:19:13.436  DEBUG   [poll]    <- read  st0cur     ret=0  data=['0xfd', '0x01', '0x01', '0x02']
17:19:14.438  DEBUG   [poll]    -> read  st2mot    
17:19:14.441  DEBUG   [poll]    <- read  st2mot     ret=0  data=['0x00', '0x00']
17:19:14.441  DEBUG   [poll]    -> read  st0cur    
17:19:14.445  DEBUG   [poll]    <- read  st0cur     ret=0  data=['0xfd', '0x01', '0x01', '0x02']
17:19:15.447  DEBUG   [poll]    -> read  st2mot    
17:19:15.450  DEBUG   [poll]    <- read  st2mot     ret=0  data=['0x00', '0x00']
17:19:15.451  DEBUG   [poll]    -> read  st0cur    
17:19:15.455  DEBUG   [poll]    <- read  st0cur     ret=0  data=['0xfd', '0x01', '0x01', '0x02']
17:19:16.456  DEBUG   [poll]    -> read  st2mot    
17:19:16.460  DEBUG   [poll]    <- read  st2mot     ret=0  data=['0x00', '0x00']
17:19:16.460  DEBUG   [poll]    -> read  st0cur    
17:19:16.464  DEBUG   [poll]    <- read  st0cur     ret=0  data=['0xfd', '0x01', '0x01', '0x02']
17:19:17.466  DEBUG   [poll]    -> read  st2mot    
17:19:17.469  DEBUG   [poll]    <- read  st2mot     ret=0  data=['0x00', '0x00']
17:19:17.470  DEBUG   [poll]    -> read  st0cur    
17:19:17.474  DEBUG   [poll]    <- read  st0cur     ret=0  data=['0xfd', '0x01', '0x01', '0x02']
17:19:18.476  DEBUG   [poll]    -> read  st2mot    
17:19:18.479  DEBUG   [poll]    <- read  st2mot     ret=0  data=['0x00', '0x00']
17:19:18.479  DEBUG   [poll]    -> read  st0cur    
17:19:18.484  DEBUG   [poll]    <- read  st0cur     ret=0  data=['0xfd', '0x01', '0x01', '0x02']
17:19:19.485  DEBUG   [poll]    -> read  st2mot    
17:19:19.489  DEBUG   [poll]    <- read  st2mot     ret=0  data=['0x00', '0x00']
17:19:19.489  DEBUG   [poll]    -> read  st0cur    
17:19:19.493  DEBUG   [poll]    <- read  st0cur     ret=0  data=['0xfd', '0x01', '0x01', '0x02']
17:19:20.495  DEBUG   [poll]    -> read  st2mot    
17:19:20.498  DEBUG   [poll]    <- read  st2mot     ret=0  data=['0x00', '0x00']
17:19:20.498  DEBUG   [poll]    -> read  st0cur    
17:19:20.503  DEBUG   [poll]    <- read  st0cur     ret=0  data=['0xfd', '0x01', '0x01', '0x02']
17:19:21.504  DEBUG   [poll]    -> read  st2mot    
17:19:21.507  DEBUG   [poll]    <- read  st2mot     ret=0  data=['0x00', '0x00']
17:19:21.508  DEBUG   [poll]    -> read  st0cur    
17:19:21.512  DEBUG   [poll]    <- read  st0cur     ret=0  data=['0xfd', '0x01', '0x02', '0x02']
17:19:22.514  DEBUG   [poll]    -> read  st2mot    
17:19:22.517  DEBUG   [poll]    <- read  st2mot     ret=0  data=['0x00', '0x00']
17:19:22.517  DEBUG   [poll]    -> read  st0cur    
17:19:22.522  DEBUG   [poll]    <- read  st0cur     ret=0  data=['0xfd', '0x01', '0x02', '0x02']
17:19:23.523  DEBUG   [poll]    -> read  st2mot    
17:19:23.526  DEBUG   [poll]    <- read  st2mot     ret=0  data=['0x00', '0x00']
17:19:23.527  DEBUG   [poll]    -> read  st0cur    
17:19:23.531  DEBUG   [poll]    <- read  st0cur     ret=0  data=['0xfd', '0x01', '0x02', '0x02']
17:19:24.533  DEBUG   [poll]    -> read  st2mot    
17:19:24.536  DEBUG   [poll]    <- read  st2mot     ret=0  data=['0x00', '0x00']
17:19:24.537  DEBUG   [poll]    -> read  st0cur    
17:19:24.541  DEBUG   [poll]    <- read  st0cur     ret=0  data=['0xfd', '0x01', '0x02', '0x02']
17:19:25.542  DEBUG   [poll]    -> read  st2mot    
17:19:25.546  DEBUG   [poll]    <- read  st2mot     ret=0  data=['0x00', '0x00']
17:19:25.546  DEBUG   [poll]    -> read  st0cur    
17:19:25.550  DEBUG   [poll]    <- read  st0cur     ret=0  data=['0xfd', '0x01', '0x01', '0x02']
17:19:26.552  DEBUG   [poll]    -> read  st2mot    
17:19:26.555  DEBUG   [poll]    <- read  st2mot     ret=0  data=['0x00', '0x00']
17:19:26.555  DEBUG   [poll]    -> read  st0cur    
17:19:26.560  DEBUG   [poll]    <- read  st0cur     ret=0  data=['0xfd', '0x01', '0x02', '0x02']
17:19:27.561  DEBUG   [poll]    -> read  st2mot    
17:19:27.565  DEBUG   [poll]    <- read  st2mot     ret=0  data=['0x00', '0x00']
17:19:27.565  DEBUG   [poll]    -> read  st0cur    
17:19:27.569  DEBUG   [poll]    <- read  st0cur     ret=0  data=['0xfd', '0x01', '0x01', '0x02']
17:19:28.571  DEBUG   [poll]    -> read  st2mot    
17:19:28.574  DEBUG   [poll]    <- read  st2mot     ret=0  data=['0x00', '0x00']
17:19:28.575  DEBUG   [poll]    -> read  st0cur    
17:19:28.579  DEBUG   [poll]    <- read  st0cur     ret=0  data=['0xfd', '0x01', '0x01', '0x02']
17:19:29.580  DEBUG   [poll]    -> read  st2mot    
17:19:29.584  DEBUG   [poll]    <- read  st2mot     ret=0  data=['0x00', '0x00']
17:19:29.584  DEBUG   [poll]    -> read  st0cur    
17:19:29.588  DEBUG   [poll]    <- read  st0cur     ret=0  data=['0xfd', '0x01', '0x01', '0x02']
17:19:30.590  DEBUG   [poll]    -> read  st2mot    
17:19:30.593  DEBUG   [poll]    <- read  st2mot     ret=0  data=['0x00', '0x00']
17:19:30.594  DEBUG   [poll]    -> read  st0cur    
17:19:30.598  DEBUG   [poll]    <- read  st0cur     ret=0  data=['0xfd', '0x01', '0x01', '0x02']
17:19:31.599  DEBUG   [poll]    -> read  st2mot    
17:19:31.603  DEBUG   [poll]    <- read  st2mot     ret=0  data=['0x00', '0x00']
17:19:31.603  DEBUG   [poll]    -> read  st0cur    
17:19:31.607  DEBUG   [poll]    <- read  st0cur     ret=0  data=['0xfd', '0x01', '0x01', '0x02']
17:19:32.609  DEBUG   [poll]    -> read  st2mot    
17:19:32.612  DEBUG   [poll]    <- read  st2mot     ret=0  data=['0x00', '0x00']
17:19:32.612  DEBUG   [poll]    -> read  st0cur    
17:19:32.617  DEBUG   [poll]    <- read  st0cur     ret=0  data=['0xfd', '0x01', '0x01', '0x02']
17:19:33.618  DEBUG   [poll]    -> read  st2mot    
17:19:33.622  DEBUG   [poll]    <- read  st2mot     ret=0  data=['0x00', '0x00']
17:19:33.622  DEBUG   [poll]    -> read  st0cur    
17:19:33.626  DEBUG   [poll]    <- read  st0cur     ret=0  data=['0xfd', '0x01', '0x01', '0x02']
17:19:34.628  DEBUG   [poll]    -> read  st2mot    
17:19:34.631  DEBUG   [poll]    <- read  st2mot     ret=0  data=['0x00', '0x00']
17:19:34.632  DEBUG   [poll]    -> read  st0cur    
17:19:34.636  DEBUG   [poll]    <- read  st0cur     ret=0  data=['0xfd', '0x01', '0x02', '0x02']
17:19:35.637  DEBUG   [poll]    -> read  st2mot    
17:19:35.641  DEBUG   [poll]    <- read  st2mot     ret=0  data=['0x00', '0x00']
17:19:35.641  DEBUG   [poll]    -> read  st0cur    
17:19:35.645  DEBUG   [poll]    <- read  st0cur     ret=0  data=['0xfd', '0x01', '0x01', '0x02']
17:19:36.647  DEBUG   [poll]    -> read  st2mot    
17:19:36.650  DEBUG   [poll]    <- read  st2mot     ret=0  data=['0x00', '0x00']
17:19:36.651  DEBUG   [poll]    -> read  st0cur    
17:19:36.655  DEBUG   [poll]    <- read  st0cur     ret=0  data=['0xfd', '0x01', '0x01', '0x02']
17:19:37.656  DEBUG   [poll]    -> read  st2mot    
17:19:37.660  DEBUG   [poll]    <- read  st2mot     ret=0  data=['0x00', '0x00']
17:19:37.660  DEBUG   [poll]    -> read  st0cur    
17:19:37.664  DEBUG   [poll]    <- read  st0cur     ret=0  data=['0xfd', '0x01', '0x01', '0x02']
17:19:38.666  DEBUG   [poll]    -> read  st2mot    
17:19:38.669  DEBUG   [poll]    <- read  st2mot     ret=0  data=['0x00', '0x00']
17:19:38.670  DEBUG   [poll]    -> read  st0cur    
17:19:38.674  DEBUG   [poll]    <- read  st0cur     ret=0  data=['0xfd', '0x01', '0x01', '0x02']
17:19:39.675  DEBUG   [poll]    -> read  st2mot    
17:19:39.679  DEBUG   [poll]    <- read  st2mot     ret=0  data=['0x00', '0x00']
17:19:39.679  DEBUG   [poll]    -> read  st0cur    
17:19:39.683  DEBUG   [poll]    <- read  st0cur     ret=0  data=['0xfd', '0x01', '0x01', '0x02']
17:19:40.685  DEBUG   [poll]    -> read  st2mot    
17:19:40.688  DEBUG   [poll]    <- read  st2mot     ret=0  data=['0x00', '0x00']
17:19:40.689  DEBUG   [poll]    -> read  st0cur    
17:19:40.693  DEBUG   [poll]    <- read  st0cur     ret=0  data=['0xfd', '0x01', '0x01', '0x02']
17:19:41.694  DEBUG   [poll]    -> read  st2mot    
17:19:41.698  DEBUG   [poll]    <- read  st2mot     ret=0  data=['0x00', '0x00']
17:19:41.698  DEBUG   [poll]    -> read  st0cur    
17:19:41.702  DEBUG   [poll]    <- read  st0cur     ret=0  data=['0xfd', '0x01', '0x01', '0x02']
17:19:42.704  DEBUG   [poll]    -> read  st2mot    
17:19:42.707  DEBUG   [poll]    <- read  st2mot     ret=0  data=['0x00', '0x00']
17:19:42.707  DEBUG   [poll]    -> read  st0cur    
17:19:42.712  DEBUG   [poll]    <- read  st0cur     ret=0  data=['0xfd', '0x01', '0x02', '0x02']
17:19:43.713  DEBUG   [poll]    -> read  st2mot    
17:19:43.717  DEBUG   [poll]    <- read  st2mot     ret=0  data=['0x00', '0x00']
17:19:43.717  DEBUG   [poll]    -> read  st0cur    
17:19:43.721  DEBUG   [poll]    <- read  st0cur     ret=0  data=['0xfd', '0x01', '0x01', '0x02']
17:19:44.723  DEBUG   [poll]    -> read  st2mot    
17:19:44.726  DEBUG   [poll]    <- read  st2mot     ret=0  data=['0x00', '0x00']
17:19:44.727  DEBUG   [poll]    -> read  st0cur    
17:19:44.731  DEBUG   [poll]    <- read  st0cur     ret=0  data=['0xfd', '0x01', '0x01', '0x02']
17:19:45.732  DEBUG   [poll]    -> read  st2mot    
17:19:45.736  DEBUG   [poll]    <- read  st2mot     ret=0  data=['0x00', '0x00']
17:19:45.736  DEBUG   [poll]    -> read  st0cur    
17:19:45.740  DEBUG   [poll]    <- read  st0cur     ret=0  data=['0xfd', '0x01', '0x01', '0x02']
17:19:46.742  DEBUG   [poll]    -> read  st2mot    
17:19:46.745  DEBUG   [poll]    <- read  st2mot     ret=0  data=['0x00', '0x00']
17:19:46.746  DEBUG   [poll]    -> read  st0cur    
17:19:46.750  DEBUG   [poll]    <- read  st0cur     ret=0  data=['0xfd', '0x01', '0x01', '0x02']
17:19:47.751  DEBUG   [poll]    -> read  st2mot    
17:19:47.755  DEBUG   [poll]    <- read  st2mot     ret=0  data=['0x00', '0x00']
17:19:47.755  DEBUG   [poll]    -> read  st0cur    
17:19:47.759  DEBUG   [poll]    <- read  st0cur     ret=0  data=['0xfd', '0x01', '0x01', '0x02']
17:19:48.761  DEBUG   [poll]    -> read  st2mot    
17:19:48.764  DEBUG   [poll]    <- read  st2mot     ret=0  data=['0x00', '0x00']
17:19:48.765  DEBUG   [poll]    -> read  st0cur    
17:19:48.769  DEBUG   [poll]    <- read  st0cur     ret=0  data=['0xfd', '0x01', '0x01', '0x02']
17:19:49.771  DEBUG   [poll]    -> read  st2mot    
17:19:49.774  DEBUG   [poll]    <- read  st2mot     ret=0  data=['0x00', '0x00']
17:19:49.774  DEBUG   [poll]    -> read  st0cur    
17:19:49.779  DEBUG   [poll]    <- read  st0cur     ret=0  data=['0xfd', '0x01', '0x01', '0x02']
17:19:50.780  DEBUG   [poll]    -> read  st2mot    
17:19:50.783  DEBUG   [poll]    <- read  st2mot     ret=0  data=['0x00', '0x00']
17:19:50.784  DEBUG   [poll]    -> read  st0cur    
17:19:50.788  DEBUG   [poll]    <- read  st0cur     ret=0  data=['0xfd', '0x01', '0x01', '0x02']
17:19:51.789  DEBUG   [poll]    -> read  st2mot    
17:19:51.793  DEBUG   [poll]    <- read  st2mot     ret=0  data=['0x00', '0x00']
17:19:51.793  DEBUG   [poll]    -> read  st0cur    
17:19:51.797  DEBUG   [poll]    <- read  st0cur     ret=0  data=['0xfd', '0x01', '0x01', '0x02']
17:19:52.799  DEBUG   [poll]    -> read  st2mot    
17:19:52.802  DEBUG   [poll]    <- read  st2mot     ret=0  data=['0x00', '0x00']
17:19:52.803  DEBUG   [poll]    -> read  st0cur    
17:19:52.807  DEBUG   [poll]    <- read  st0cur     ret=0  data=['0xfd', '0x01', '0x01', '0x02']
17:19:53.808  DEBUG   [poll]    -> read  st2mot    
17:19:53.812  DEBUG   [poll]    <- read  st2mot     ret=0  data=['0x00', '0x00']
17:19:53.812  DEBUG   [poll]    -> read  st0cur    
17:19:53.817  DEBUG   [poll]    <- read  st0cur     ret=0  data=['0xfd', '0x01', '0x01', '0x02']
17:19:54.818  DEBUG   [poll]    -> read  st2mot    
17:19:54.821  DEBUG   [poll]    <- read  st2mot     ret=0  data=['0x00', '0x00']
17:19:54.822  DEBUG   [poll]    -> read  st0cur    
17:19:54.826  DEBUG   [poll]    <- read  st0cur     ret=0  data=['0xfd', '0x01', '0x01', '0x02']
17:19:55.827  DEBUG   [poll]    -> read  st2mot    
17:19:55.831  DEBUG   [poll]    <- read  st2mot     ret=0  data=['0x00', '0x00']
17:19:55.831  DEBUG   [poll]    -> read  st0cur    
17:19:55.836  DEBUG   [poll]    <- read  st0cur     ret=0  data=['0xfd', '0x01', '0x01', '0x02']
17:19:56.837  DEBUG   [poll]    -> read  st2mot    
17:19:56.840  DEBUG   [poll]    <- read  st2mot     ret=0  data=['0x00', '0x00']
17:19:56.841  DEBUG   [poll]    -> read  st0cur    
17:19:56.845  DEBUG   [poll]    <- read  st0cur     ret=0  data=['0xfd', '0x01', '0x01', '0x02']
17:19:57.846  DEBUG   [poll]    -> read  st2mot    
17:19:57.850  DEBUG   [poll]    <- read  st2mot     ret=0  data=['0x00', '0x00']
17:19:57.850  DEBUG   [poll]    -> read  st0cur    
17:19:57.854  DEBUG   [poll]    <- read  st0cur     ret=0  data=['0xfd', '0x01', '0x01', '0x02']
17:19:58.856  DEBUG   [poll]    -> read  st2mot    
17:19:58.859  DEBUG   [poll]    <- read  st2mot     ret=0  data=['0x00', '0x00']
17:19:58.860  DEBUG   [poll]    -> read  st0cur    
17:19:58.864  DEBUG   [poll]    <- read  st0cur     ret=0  data=['0xfd', '0x01', '0x01', '0x02']
17:19:59.865  DEBUG   [poll]    -> read  st2mot    
17:19:59.869  DEBUG   [poll]    <- read  st2mot     ret=0  data=['0x00', '0x00']
17:19:59.869  DEBUG   [poll]    -> read  st0cur    
17:19:59.873  DEBUG   [poll]    <- read  st0cur     ret=0  data=['0xfd', '0x01', '0x01', '0x02']
17:20:00.875  DEBUG   [poll]    -> read  st2mot    
17:20:00.878  DEBUG   [poll]    <- read  st2mot     ret=0  data=['0x00', '0x00']
17:20:00.879  DEBUG   [poll]    -> read  st0cur    
17:20:00.883  DEBUG   [poll]    <- read  st0cur     ret=0  data=['0xfd', '0x01', '0x01', '0x02']
17:20:01.884  DEBUG   [poll]    -> read  st2mot    
17:20:01.887  DEBUG   [poll]    <- read  st2mot     ret=0  data=['0x00', '0x00']
17:20:01.887  DEBUG   [poll]    -> read  st0cur    
17:20:01.892  DEBUG   [poll]    <- read  st0cur     ret=0  data=['0xfd', '0x01', '0x01', '0x02']
17:20:02.893  DEBUG   [poll]    -> read  st2mot    
17:20:02.897  DEBUG   [poll]    <- read  st2mot     ret=0  data=['0x00', '0x00']
17:20:02.897  DEBUG   [poll]    -> read  st0cur    
17:20:02.901  DEBUG   [poll]    <- read  st0cur     ret=0  data=['0xfd', '0x01', '0x01', '0x02']
17:20:03.903  DEBUG   [poll]    -> read  st2mot    
17:20:03.906  DEBUG   [poll]    <- read  st2mot     ret=0  data=['0x00', '0x00']
17:20:03.907  DEBUG   [poll]    -> read  st0cur    
17:20:03.911  DEBUG   [poll]    <- read  st0cur     ret=0  data=['0xfd', '0x01', '0x01', '0x02']
17:20:04.913  DEBUG   [poll]    -> read  st2mot    
17:20:04.916  DEBUG   [poll]    <- read  st2mot     ret=0  data=['0x00', '0x00']
17:20:04.916  DEBUG   [poll]    -> read  st0cur    
17:20:04.921  DEBUG   [poll]    <- read  st0cur     ret=0  data=['0xfd', '0x01', '0x01', '0x02']
17:20:05.922  DEBUG   [poll]    -> read  st2mot    
17:20:05.926  DEBUG   [poll]    <- read  st2mot     ret=0  data=['0x00', '0x00']
17:20:05.926  DEBUG   [poll]    -> read  st0cur    
17:20:05.930  DEBUG   [poll]    <- read  st0cur     ret=0  data=['0xfd', '0x01', '0x01', '0x02']
17:20:06.932  DEBUG   [poll]    -> read  st2mot    
17:20:06.935  DEBUG   [poll]    <- read  st2mot     ret=0  data=['0x00', '0x00']
17:20:06.936  DEBUG   [poll]    -> read  st0cur    
17:20:06.940  DEBUG   [poll]    <- read  st0cur     ret=0  data=['0xfd', '0x01', '0x01', '0x02']
17:20:07.941  DEBUG   [poll]    -> read  st2mot    
17:20:07.945  DEBUG   [poll]    <- read  st2mot     ret=0  data=['0x00', '0x00']
17:20:07.945  DEBUG   [poll]    -> read  st0cur    
17:20:07.949  DEBUG   [poll]    <- read  st0cur     ret=0  data=['0xfd', '0x01', '0x01', '0x02']
17:20:08.951  DEBUG   [poll]    -> read  st2mot    
17:20:08.954  DEBUG   [poll]    <- read  st2mot     ret=0  data=['0x00', '0x00']
17:20:08.955  DEBUG   [poll]    -> read  st0cur    
17:20:08.959  DEBUG   [poll]    <- read  st0cur     ret=0  data=['0xfd', '0x01', '0x01', '0x02']
17:20:09.961  DEBUG   [poll]    -> read  st2mot    
17:20:09.964  DEBUG   [poll]    <- read  st2mot     ret=0  data=['0x00', '0x00']
17:20:09.964  DEBUG   [poll]    -> read  st0cur    
17:20:09.968  DEBUG   [poll]    <- read  st0cur     ret=0  data=['0xfd', '0x01', '0x01', '0x02']
17:20:10.970  DEBUG   [poll]    -> read  st2mot    
17:20:10.973  DEBUG   [poll]    <- read  st2mot     ret=0  data=['0x00', '0x00']
17:20:10.974  DEBUG   [poll]    -> read  st0cur    
17:20:10.978  DEBUG   [poll]    <- read  st0cur     ret=0  data=['0xfd', '0x01', '0x01', '0x02']
17:20:11.979  DEBUG   [poll]    -> read  st2mot    
17:20:11.983  DEBUG   [poll]    <- read  st2mot     ret=0  data=['0x00', '0x00']
17:20:11.983  DEBUG   [poll]    -> read  st0cur    
17:20:11.987  DEBUG   [poll]    <- read  st0cur     ret=0  data=['0xfd', '0x01', '0x01', '0x02']
17:20:12.989  DEBUG   [poll]    -> read  st2mot    
17:20:12.992  DEBUG   [poll]    <- read  st2mot     ret=0  data=['0x00', '0x00']
17:20:12.993  DEBUG   [poll]    -> read  st0cur    
17:20:12.997  DEBUG   [poll]    <- read  st0cur     ret=0  data=['0xfd', '0x01', '0x01', '0x02']
17:20:13.998  DEBUG   [poll]    -> read  st2mot    
17:20:14.002  DEBUG   [poll]    <- read  st2mot     ret=0  data=['0x00', '0x00']
17:20:14.002  DEBUG   [poll]    -> read  st0cur    
17:20:14.007  DEBUG   [poll]    <- read  st0cur     ret=0  data=['0xfd', '0x01', '0x01', '0x02']
17:20:15.008  DEBUG   [poll]    -> read  st2mot    
17:20:15.012  DEBUG   [poll]    <- read  st2mot     ret=0  data=['0x00', '0x00']
17:20:15.012  DEBUG   [poll]    -> read  st0cur    
17:20:15.016  DEBUG   [poll]    <- read  st0cur     ret=0  data=['0xfd', '0x01', '0x01', '0x02']
17:20:16.018  DEBUG   [poll]    -> read  st2mot    
17:20:16.021  DEBUG   [poll]    <- read  st2mot     ret=0  data=['0x00', '0x00']
17:20:16.021  DEBUG   [poll]    -> read  st0cur    
17:20:16.026  DEBUG   [poll]    <- read  st0cur     ret=0  data=['0xfd', '0x01', '0x01', '0x02']
17:20:17.027  DEBUG   [poll]    -> read  st2mot    
17:20:17.030  DEBUG   [poll]    <- read  st2mot     ret=0  data=['0x00', '0x00']
17:20:17.031  DEBUG   [poll]    -> read  st0cur    
17:20:17.035  DEBUG   [poll]    <- read  st0cur     ret=0  data=['0xfd', '0x01', '0x01', '0x02']
17:20:18.037  DEBUG   [poll]    -> read  st2mot    
17:20:18.040  DEBUG   [poll]    <- read  st2mot     ret=0  data=['0x00', '0x00']
17:20:18.040  DEBUG   [poll]    -> read  st0cur    
17:20:18.045  DEBUG   [poll]    <- read  st0cur     ret=0  data=['0xfd', '0x01', '0x01', '0x02']
17:20:19.046  DEBUG   [poll]    -> read  st2mot    
17:20:19.049  DEBUG   [poll]    <- read  st2mot     ret=0  data=['0x00', '0x00']
17:20:19.051  DEBUG   [poll]    -> read  st0cur    
17:20:19.055  DEBUG   [poll]    <- read  st0cur     ret=0  data=['0xfd', '0x01', '0x01', '0x02']
17:20:20.056  DEBUG   [poll]    -> read  st2mot    
17:20:20.060  DEBUG   [poll]    <- read  st2mot     ret=0  data=['0x00', '0x00']
17:20:20.060  DEBUG   [poll]    -> read  st0cur    
17:20:20.064  DEBUG   [poll]    <- read  st0cur     ret=0  data=['0xfd', '0x01', '0x01', '0x02']
17:20:21.066  DEBUG   [poll]    -> read  st2mot    
17:20:21.069  DEBUG   [poll]    <- read  st2mot     ret=0  data=['0x00', '0x00']
17:20:21.070  DEBUG   [poll]    -> read  st0cur    
17:20:21.074  DEBUG   [poll]    <- read  st0cur     ret=0  data=['0xfd', '0x01', '0x01', '0x02']
17:20:22.075  DEBUG   [poll]    -> read  st2mot    
17:20:22.079  DEBUG   [poll]    <- read  st2mot     ret=0  data=['0x00', '0x00']
17:20:22.079  DEBUG   [poll]    -> read  st0cur    
17:20:22.083  DEBUG   [poll]    <- read  st0cur     ret=0  data=['0xfd', '0x01', '0x01', '0x02']
17:20:23.085  DEBUG   [poll]    -> read  st2mot    
17:20:23.088  DEBUG   [poll]    <- read  st2mot     ret=0  data=['0x00', '0x00']
17:20:23.089  DEBUG   [poll]    -> read  st0cur    
17:20:23.093  DEBUG   [poll]    <- read  st0cur     ret=0  data=['0xfd', '0x01', '0x01', '0x02']
17:20:24.094  DEBUG   [poll]    -> read  st2mot    
17:20:24.098  DEBUG   [poll]    <- read  st2mot     ret=0  data=['0x00', '0x00']
17:20:24.098  DEBUG   [poll]    -> read  st0cur    
17:20:24.103  DEBUG   [poll]    <- read  st0cur     ret=0  data=['0xfd', '0x01', '0x01', '0x02']
17:20:25.104  DEBUG   [poll]    -> read  st2mot    
17:20:25.107  DEBUG   [poll]    <- read  st2mot     ret=0  data=['0x00', '0x00']
17:20:25.108  DEBUG   [poll]    -> read  st0cur    
17:20:25.112  DEBUG   [poll]    <- read  st0cur     ret=0  data=['0xfd', '0x01', '0x01', '0x02']
17:20:26.114  DEBUG   [poll]    -> read  st2mot    
17:20:26.117  DEBUG   [poll]    <- read  st2mot     ret=0  data=['0x00', '0x00']
17:20:26.117  DEBUG   [poll]    -> read  st0cur    
17:20:26.122  DEBUG   [poll]    <- read  st0cur     ret=0  data=['0xfd', '0x01', '0x01', '0x02']
17:20:27.123  DEBUG   [poll]    -> read  st2mot    
17:20:27.126  DEBUG   [poll]    <- read  st2mot     ret=0  data=['0x00', '0x00']
17:20:27.127  DEBUG   [poll]    -> read  st0cur    
17:20:27.131  DEBUG   [poll]    <- read  st0cur     ret=0  data=['0xfd', '0x01', '0x01', '0x02']
17:20:28.132  DEBUG   [poll]    -> read  st2mot    
17:20:28.136  DEBUG   [poll]    <- read  st2mot     ret=0  data=['0x00', '0x00']
17:20:28.136  DEBUG   [poll]    -> read  st0cur    
17:20:28.140  DEBUG   [poll]    <- read  st0cur     ret=0  data=['0xfd', '0x01', '0x01', '0x02']
17:20:29.142  DEBUG   [poll]    -> read  st2mot    
17:20:29.145  DEBUG   [poll]    <- read  st2mot     ret=0  data=['0x00', '0x00']
17:20:29.146  DEBUG   [poll]    -> read  st0cur    
17:20:29.150  DEBUG   [poll]    <- read  st0cur     ret=0  data=['0xfd', '0x01', '0x01', '0x02']
17:20:30.152  DEBUG   [poll]    -> read  st2mot    
17:20:30.155  DEBUG   [poll]    <- read  st2mot     ret=0  data=['0x00', '0x00']
17:20:30.155  DEBUG   [poll]    -> read  st0cur    
17:20:30.159  DEBUG   [poll]    <- read  st0cur     ret=0  data=['0xfd', '0x01', '0x01', '0x02']
17:20:31.161  DEBUG   [poll]    -> read  st2mot    
17:20:31.164  DEBUG   [poll]    <- read  st2mot     ret=0  data=['0x00', '0x00']
17:20:31.165  DEBUG   [poll]    -> read  st0cur    
17:20:31.169  DEBUG   [poll]    <- read  st0cur     ret=0  data=['0xfd', '0x01', '0x01', '0x02']
17:20:32.170  DEBUG   [poll]    -> read  st2mot    
17:20:32.174  DEBUG   [poll]    <- read  st2mot     ret=0  data=['0x00', '0x00']
17:20:32.174  DEBUG   [poll]    -> read  st0cur    
17:20:32.178  DEBUG   [poll]    <- read  st0cur     ret=0  data=['0xfd', '0x01', '0x01', '0x02']
17:20:33.180  DEBUG   [poll]    -> read  st2mot    
17:20:33.183  DEBUG   [poll]    <- read  st2mot     ret=0  data=['0x00', '0x00']
17:20:33.184  DEBUG   [poll]    -> read  st0cur    
17:20:33.188  DEBUG   [poll]    <- read  st0cur     ret=0  data=['0xfd', '0x01', '0x01', '0x02']
17:20:34.189  DEBUG   [poll]    -> read  st2mot    
17:20:34.193  DEBUG   [poll]    <- read  st2mot     ret=0  data=['0x00', '0x00']
17:20:34.193  DEBUG   [poll]    -> read  st0cur    
17:20:34.198  DEBUG   [poll]    <- read  st0cur     ret=0  data=['0xfd', '0x01', '0x01', '0x02']
17:20:35.199  DEBUG   [poll]    -> read  st2mot    
17:20:35.203  DEBUG   [poll]    <- read  st2mot     ret=0  data=['0x00', '0x00']
17:20:35.203  DEBUG   [poll]    -> read  st0cur    
17:20:35.207  DEBUG   [poll]    <- read  st0cur     ret=0  data=['0xfd', '0x01', '0x01', '0x02']
17:20:36.209  DEBUG   [poll]    -> read  st2mot    
17:20:36.212  DEBUG   [poll]    <- read  st2mot     ret=0  data=['0x00', '0x00']
17:20:36.212  DEBUG   [poll]    -> read  st0cur    
17:20:36.217  DEBUG   [poll]    <- read  st0cur     ret=0  data=['0xfe', '0x01', '0x01', '0x02']
17:20:37.218  DEBUG   [poll]    -> read  st2mot    
17:20:37.221  DEBUG   [poll]    <- read  st2mot     ret=0  data=['0x00', '0x00']
17:20:37.222  DEBUG   [poll]    -> read  st0cur    
17:20:37.226  DEBUG   [poll]    <- read  st0cur     ret=0  data=['0xfd', '0x01', '0x01', '0x02']
17:20:38.228  DEBUG   [poll]    -> read  st2mot    
17:20:38.231  DEBUG   [poll]    <- read  st2mot     ret=0  data=['0x00', '0x00']
17:20:38.231  DEBUG   [poll]    -> read  st0cur    
17:20:38.236  DEBUG   [poll]    <- read  st0cur     ret=0  data=['0xfd', '0x01', '0x01', '0x02']
17:20:39.237  DEBUG   [poll]    -> read  st2mot    
17:20:39.241  DEBUG   [poll]    <- read  st2mot     ret=0  data=['0x00', '0x00']
17:20:39.241  DEBUG   [poll]    -> read  st0cur    
17:20:39.245  DEBUG   [poll]    <- read  st0cur     ret=0  data=['0xfd', '0x01', '0x01', '0x02']
17:20:40.247  DEBUG   [poll]    -> read  st2mot    
17:20:40.250  DEBUG   [poll]    <- read  st2mot     ret=0  data=['0x00', '0x00']
17:20:40.250  DEBUG   [poll]    -> read  st0cur    
17:20:40.255  DEBUG   [poll]    <- read  st0cur     ret=0  data=['0xfd', '0x01', '0x01', '0x02']
17:20:41.256  DEBUG   [poll]    -> read  st2mot    
17:20:41.259  DEBUG   [poll]    <- read  st2mot     ret=0  data=['0x00', '0x00']
17:20:41.260  DEBUG   [poll]    -> read  st0cur    
17:20:41.264  DEBUG   [poll]    <- read  st0cur     ret=0  data=['0xfd', '0x01', '0x01', '0x02']
17:20:42.266  DEBUG   [poll]    -> read  st2mot    
17:20:42.269  DEBUG   [poll]    <- read  st2mot     ret=0  data=['0x00', '0x00']
17:20:42.269  DEBUG   [poll]    -> read  st0cur    
17:20:42.273  DEBUG   [poll]    <- read  st0cur     ret=0  data=['0xfd', '0x01', '0x01', '0x02']
17:20:43.275  DEBUG   [poll]    -> read  st2mot    
17:20:43.278  DEBUG   [poll]    <- read  st2mot     ret=0  data=['0x00', '0x00']
17:20:43.279  DEBUG   [poll]    -> read  st0cur    
17:20:43.283  DEBUG   [poll]    <- read  st0cur     ret=0  data=['0xfd', '0x01', '0x01', '0x02']
17:20:44.284  DEBUG   [poll]    -> read  st2mot    
17:20:44.288  DEBUG   [poll]    <- read  st2mot     ret=0  data=['0x00', '0x00']
17:20:44.288  DEBUG   [poll]    -> read  st0cur    
17:20:44.293  DEBUG   [poll]    <- read  st0cur     ret=0  data=['0xfd', '0x01', '0x01', '0x02']
17:20:45.294  DEBUG   [poll]    -> read  st2mot    
17:20:45.297  DEBUG   [poll]    <- read  st2mot     ret=0  data=['0x00', '0x00']
17:20:45.298  DEBUG   [poll]    -> read  st0cur    
17:20:45.302  DEBUG   [poll]    <- read  st0cur     ret=0  data=['0xfd', '0x01', '0x01', '0x02']
17:20:46.304  DEBUG   [poll]    -> read  st2mot    
17:20:46.307  DEBUG   [poll]    <- read  st2mot     ret=0  data=['0x00', '0x00']
17:20:46.307  DEBUG   [poll]    -> read  st0cur    
17:20:46.311  DEBUG   [poll]    <- read  st0cur     ret=0  data=['0xfd', '0x01', '0x01', '0x02']
17:20:47.313  DEBUG   [poll]    -> read  st2mot    
17:20:47.317  DEBUG   [poll]    <- read  st2mot     ret=0  data=['0x00', '0x00']
17:20:47.317  DEBUG   [poll]    -> read  st0cur    
17:20:47.321  DEBUG   [poll]    <- read  st0cur     ret=0  data=['0xfd', '0x01', '0x01', '0x02']
17:20:48.323  DEBUG   [poll]    -> read  st2mot    
17:20:48.326  DEBUG   [poll]    <- read  st2mot     ret=0  data=['0x00', '0x00']
17:20:48.326  DEBUG   [poll]    -> read  st0cur    
17:20:48.331  DEBUG   [poll]    <- read  st0cur     ret=0  data=['0xfd', '0x01', '0x01', '0x02']
17:20:49.332  DEBUG   [poll]    -> read  st2mot    
17:20:49.336  DEBUG   [poll]    <- read  st2mot     ret=0  data=['0x00', '0x00']
17:20:49.336  DEBUG   [poll]    -> read  st0cur    
17:20:49.340  DEBUG   [poll]    <- read  st0cur     ret=0  data=['0xfd', '0x01', '0x01', '0x02']
17:20:50.342  DEBUG   [poll]    -> read  st2mot    
17:20:50.345  DEBUG   [poll]    <- read  st2mot     ret=0  data=['0x00', '0x00']
17:20:50.346  DEBUG   [poll]    -> read  st0cur    
17:20:50.350  DEBUG   [poll]    <- read  st0cur     ret=0  data=['0xfd', '0x01', '0x01', '0x02']
17:20:51.351  DEBUG   [poll]    -> read  st2mot    
17:20:51.355  DEBUG   [poll]    <- read  st2mot     ret=0  data=['0x00', '0x00']
17:20:51.355  DEBUG   [poll]    -> read  st0cur    
17:20:51.359  DEBUG   [poll]    <- read  st0cur     ret=0  data=['0xfd', '0x01', '0x01', '0x02']
17:20:52.361  DEBUG   [poll]    -> read  st2mot    
17:20:52.364  DEBUG   [poll]    <- read  st2mot     ret=0  data=['0x00', '0x00']
17:20:52.364  DEBUG   [poll]    -> read  st0cur    
17:20:52.369  DEBUG   [poll]    <- read  st0cur     ret=0  data=['0xfd', '0x01', '0x01', '0x02']
17:20:53.370  DEBUG   [poll]    -> read  st2mot    
17:20:53.373  DEBUG   [poll]    <- read  st2mot     ret=0  data=['0x00', '0x00']
17:20:53.374  DEBUG   [poll]    -> read  st0cur    
17:20:53.378  DEBUG   [poll]    <- read  st0cur     ret=0  data=['0xfd', '0x01', '0x01', '0x02']
17:20:54.380  DEBUG   [poll]    -> read  st2mot    
17:20:54.383  DEBUG   [poll]    <- read  st2mot     ret=0  data=['0x00', '0x00']
17:20:54.384  DEBUG   [poll]    -> read  st0cur    
17:20:54.388  DEBUG   [poll]    <- read  st0cur     ret=0  data=['0xfd', '0x01', '0x01', '0x02']
17:20:55.389  DEBUG   [poll]    -> read  st2mot    
17:20:55.393  DEBUG   [poll]    <- read  st2mot     ret=0  data=['0x00', '0x00']
17:20:55.393  DEBUG   [poll]    -> read  st0cur    
17:20:55.397  DEBUG   [poll]    <- read  st0cur     ret=0  data=['0xfd', '0x01', '0x01', '0x02']
17:20:56.399  DEBUG   [poll]    -> read  st2mot    
17:20:56.402  DEBUG   [poll]    <- read  st2mot     ret=0  data=['0x00', '0x00']
17:20:56.403  DEBUG   [poll]    -> read  st0cur    
17:20:56.407  DEBUG   [poll]    <- read  st0cur     ret=0  data=['0xfd', '0x01', '0x01', '0x02']
17:20:57.408  DEBUG   [poll]    -> read  st2mot    
17:20:57.412  DEBUG   [poll]    <- read  st2mot     ret=0  data=['0x00', '0x00']
17:20:57.412  DEBUG   [poll]    -> read  st0cur    
17:20:57.417  DEBUG   [poll]    <- read  st0cur     ret=0  data=['0xfd', '0x01', '0x01', '0x02']
17:20:58.418  DEBUG   [poll]    -> read  st2mot    
17:20:58.421  DEBUG   [poll]    <- read  st2mot     ret=0  data=['0x00', '0x00']
17:20:58.422  DEBUG   [poll]    -> read  st0cur    
17:20:58.426  DEBUG   [poll]    <- read  st0cur     ret=0  data=['0xfd', '0x01', '0x01', '0x02']
17:20:59.428  DEBUG   [poll]    -> read  st2mot    
17:20:59.431  DEBUG   [poll]    <- read  st2mot     ret=0  data=['0x00', '0x00']
17:20:59.431  DEBUG   [poll]    -> read  st0cur    
17:20:59.436  DEBUG   [poll]    <- read  st0cur     ret=0  data=['0xfd', '0x01', '0x01', '0x02']
17:21:00.437  DEBUG   [poll]    -> read  st2mot    
17:21:00.441  DEBUG   [poll]    <- read  st2mot     ret=0  data=['0x00', '0x00']
17:21:00.441  DEBUG   [poll]    -> read  st0cur    
17:21:00.445  DEBUG   [poll]    <- read  st0cur     ret=0  data=['0xfd', '0x01', '0x01', '0x02']
17:21:01.447  DEBUG   [poll]    -> read  st2mot    
17:21:01.450  DEBUG   [poll]    <- read  st2mot     ret=0  data=['0x00', '0x00']
17:21:01.451  DEBUG   [poll]    -> read  st0cur    
17:21:01.455  DEBUG   [poll]    <- read  st0cur     ret=0  data=['0xfd', '0x01', '0x01', '0x02']
17:21:02.456  DEBUG   [poll]    -> read  st2mot    
17:21:02.460  DEBUG   [poll]    <- read  st2mot     ret=0  data=['0x00', '0x00']
17:21:02.460  DEBUG   [poll]    -> read  st0cur    
17:21:02.464  DEBUG   [poll]    <- read  st0cur     ret=0  data=['0xfd', '0x01', '0x01', '0x02']
17:21:03.466  DEBUG   [poll]    -> read  st2mot    
17:21:03.469  DEBUG   [poll]    <- read  st2mot     ret=0  data=['0x00', '0x00']
17:21:03.470  DEBUG   [poll]    -> read  st0cur    
17:21:03.474  DEBUG   [poll]    <- read  st0cur     ret=0  data=['0xfd', '0x01', '0x01', '0x02']
17:21:04.476  DEBUG   [poll]    -> read  st2mot    
17:21:04.479  DEBUG   [poll]    <- read  st2mot     ret=0  data=['0x00', '0x00']
17:21:04.480  DEBUG   [poll]    -> read  st0cur    
17:21:04.484  DEBUG   [poll]    <- read  st0cur     ret=0  data=['0xfd', '0x01', '0x01', '0x02']
17:21:05.486  DEBUG   [poll]    -> read  st2mot    
17:21:05.489  DEBUG   [poll]    <- read  st2mot     ret=0  data=['0x00', '0x00']
17:21:05.489  DEBUG   [poll]    -> read  st0cur    
17:21:05.494  DEBUG   [poll]    <- read  st0cur     ret=0  data=['0xfd', '0x01', '0x01', '0x02']
17:21:06.495  DEBUG   [poll]    -> read  st2mot    
17:21:06.498  DEBUG   [poll]    <- read  st2mot     ret=0  data=['0x00', '0x00']
17:21:06.499  DEBUG   [poll]    -> read  st0cur    
17:21:06.503  DEBUG   [poll]    <- read  st0cur     ret=0  data=['0xfd', '0x01', '0x01', '0x02']
17:21:07.505  DEBUG   [poll]    -> read  st2mot    
17:21:07.508  DEBUG   [poll]    <- read  st2mot     ret=0  data=['0x00', '0x00']
17:21:07.508  DEBUG   [poll]    -> read  st0cur    
17:21:07.513  DEBUG   [poll]    <- read  st0cur     ret=0  data=['0xfd', '0x01', '0x01', '0x02']
17:21:08.514  DEBUG   [poll]    -> read  st2mot    
17:21:08.517  DEBUG   [poll]    <- read  st2mot     ret=0  data=['0x00', '0x00']
17:21:08.518  DEBUG   [poll]    -> read  st0cur    
17:21:08.522  DEBUG   [poll]    <- read  st0cur     ret=0  data=['0xfd', '0x01', '0x01', '0x02']
17:21:09.524  DEBUG   [poll]    -> read  st2mot    
17:21:09.527  DEBUG   [poll]    <- read  st2mot     ret=0  data=['0x00', '0x00']
17:21:09.528  DEBUG   [poll]    -> read  st0cur    
17:21:09.532  DEBUG   [poll]    <- read  st0cur     ret=0  data=['0xfd', '0x01', '0x01', '0x02']
17:21:10.533  DEBUG   [poll]    -> read  st2mot    
17:21:10.537  DEBUG   [poll]    <- read  st2mot     ret=0  data=['0x00', '0x00']
17:21:10.537  DEBUG   [poll]    -> read  st0cur    
17:21:10.541  DEBUG   [poll]    <- read  st0cur     ret=0  data=['0xfd', '0x01', '0x01', '0x02']
17:21:11.543  DEBUG   [poll]    -> read  st2mot    
17:21:11.546  DEBUG   [poll]    <- read  st2mot     ret=0  data=['0x00', '0x00']
17:21:11.546  DEBUG   [poll]    -> read  st0cur    
17:21:11.551  DEBUG   [poll]    <- read  st0cur     ret=0  data=['0xfd', '0x01', '0x01', '0x02']
17:21:12.552  DEBUG   [poll]    -> read  st2mot    
17:21:12.556  DEBUG   [poll]    <- read  st2mot     ret=0  data=['0x00', '0x00']
17:21:12.556  DEBUG   [poll]    -> read  st0cur    
17:21:12.560  DEBUG   [poll]    <- read  st0cur     ret=0  data=['0xfd', '0x01', '0x00', '0x02']
17:21:13.562  DEBUG   [poll]    -> read  st2mot    
17:21:13.565  DEBUG   [poll]    <- read  st2mot     ret=0  data=['0x00', '0x00']
17:21:13.565  DEBUG   [poll]    -> read  st0cur    
17:21:13.570  DEBUG   [poll]    <- read  st0cur     ret=0  data=['0xfe', '0x01', '0x01', '0x02']
17:21:14.571  DEBUG   [poll]    -> read  st2mot    
17:21:14.575  DEBUG   [poll]    <- read  st2mot     ret=0  data=['0x00', '0x00']
17:21:14.575  DEBUG   [poll]    -> read  st0cur    
17:21:14.579  DEBUG   [poll]    <- read  st0cur     ret=0  data=['0xfd', '0x01', '0x01', '0x02']
17:21:15.581  DEBUG   [poll]    -> read  st2mot    
17:21:15.584  DEBUG   [poll]    <- read  st2mot     ret=0  data=['0x00', '0x00']
17:21:15.585  DEBUG   [poll]    -> read  st0cur    
17:21:15.589  DEBUG   [poll]    <- read  st0cur     ret=0  data=['0xfd', '0x01', '0x01', '0x02']
17:21:16.590  DEBUG   [poll]    -> read  st2mot    
17:21:16.594  DEBUG   [poll]    <- read  st2mot     ret=0  data=['0x00', '0x00']
17:21:16.594  DEBUG   [poll]    -> read  st0cur    
17:21:16.598  DEBUG   [poll]    <- read  st0cur     ret=0  data=['0xfd', '0x01', '0x01', '0x02']
17:21:17.600  DEBUG   [poll]    -> read  st2mot    
17:21:17.603  DEBUG   [poll]    <- read  st2mot     ret=0  data=['0x00', '0x00']
17:21:17.604  DEBUG   [poll]    -> read  st0cur    
17:21:17.608  DEBUG   [poll]    <- read  st0cur     ret=0  data=['0xfd', '0x01', '0x01', '0x02']
17:21:18.609  DEBUG   [poll]    -> read  st2mot    
17:21:18.613  DEBUG   [poll]    <- read  st2mot     ret=0  data=['0x00', '0x00']
17:21:18.613  DEBUG   [poll]    -> read  st0cur    
17:21:18.617  DEBUG   [poll]    <- read  st0cur     ret=0  data=['0xfd', '0x01', '0x01', '0x02']
17:21:19.619  DEBUG   [poll]    -> read  st2mot    
17:21:19.622  DEBUG   [poll]    <- read  st2mot     ret=0  data=['0x00', '0x00']
17:21:19.624  DEBUG   [poll]    -> read  st0cur    
17:21:19.628  DEBUG   [poll]    <- read  st0cur     ret=0  data=['0xfd', '0x01', '0x01', '0x02']
17:21:20.629  DEBUG   [poll]    -> read  st2mot    
17:21:20.632  DEBUG   [poll]    <- read  st2mot     ret=0  data=['0x00', '0x00']
17:21:20.633  DEBUG   [poll]    -> read  st0cur    
17:21:20.637  DEBUG   [poll]    <- read  st0cur     ret=0  data=['0xfd', '0x01', '0x01', '0x02']
17:21:21.638  DEBUG   [poll]    -> read  st2mot    
17:21:21.642  DEBUG   [poll]    <- read  st2mot     ret=0  data=['0x00', '0x00']
17:21:21.642  DEBUG   [poll]    -> read  st0cur    
17:21:21.646  DEBUG   [poll]    <- read  st0cur     ret=0  data=['0xfd', '0x01', '0x01', '0x02']
17:21:22.648  DEBUG   [poll]    -> read  st2mot    
17:21:22.651  DEBUG   [poll]    <- read  st2mot     ret=0  data=['0x00', '0x00']
17:21:22.652  DEBUG   [poll]    -> read  st0cur    
17:21:22.656  DEBUG   [poll]    <- read  st0cur     ret=0  data=['0xfd', '0x01', '0x01', '0x02']
17:21:23.657  DEBUG   [poll]    -> read  st2mot    
17:21:23.661  DEBUG   [poll]    <- read  st2mot     ret=0  data=['0x00', '0x00']
17:21:23.661  DEBUG   [poll]    -> read  st0cur    
17:21:23.665  DEBUG   [poll]    <- read  st0cur     ret=0  data=['0xfd', '0x01', '0x01', '0x02']
17:21:24.667  DEBUG   [poll]    -> read  st2mot    
17:21:24.670  DEBUG   [poll]    <- read  st2mot     ret=0  data=['0x00', '0x00']
17:21:24.671  DEBUG   [poll]    -> read  st0cur    
17:21:24.675  DEBUG   [poll]    <- read  st0cur     ret=0  data=['0xfd', '0x01', '0x01', '0x02']
17:21:25.677  DEBUG   [poll]    -> read  st2mot    
17:21:25.680  DEBUG   [poll]    <- read  st2mot     ret=0  data=['0x00', '0x00']
17:21:25.680  DEBUG   [poll]    -> read  st0cur    
17:21:25.685  DEBUG   [poll]    <- read  st0cur     ret=0  data=['0xfd', '0x01', '0x01', '0x02']
17:21:26.686  DEBUG   [poll]    -> read  st2mot    
17:21:26.690  DEBUG   [poll]    <- read  st2mot     ret=0  data=['0x00', '0x00']
17:21:26.690  DEBUG   [poll]    -> read  st0cur    
17:21:26.694  DEBUG   [poll]    <- read  st0cur     ret=0  data=['0xfd', '0x01', '0x01', '0x02']
17:21:27.696  DEBUG   [poll]    -> read  st2mot    
17:21:27.699  DEBUG   [poll]    <- read  st2mot     ret=0  data=['0x00', '0x00']
17:21:27.699  DEBUG   [poll]    -> read  st0cur    
17:21:27.704  DEBUG   [poll]    <- read  st0cur     ret=0  data=['0xfd', '0x01', '0x01', '0x02']
17:21:28.705  DEBUG   [poll]    -> read  st2mot    
17:21:28.709  DEBUG   [poll]    <- read  st2mot     ret=0  data=['0x00', '0x00']
17:21:28.709  DEBUG   [poll]    -> read  st0cur    
17:21:28.713  DEBUG   [poll]    <- read  st0cur     ret=0  data=['0xfd', '0x01', '0x01', '0x02']
17:21:29.715  DEBUG   [poll]    -> read  st2mot    
17:21:29.718  DEBUG   [poll]    <- read  st2mot     ret=0  data=['0x00', '0x00']
17:21:29.719  DEBUG   [poll]    -> read  st0cur    
17:21:29.723  DEBUG   [poll]    <- read  st0cur     ret=0  data=['0xfd', '0x01', '0x01', '0x02']
17:21:30.724  DEBUG   [poll]    -> read  st2mot    
17:21:30.728  DEBUG   [poll]    <- read  st2mot     ret=0  data=['0x00', '0x00']
17:21:30.728  DEBUG   [poll]    -> read  st0cur    
17:21:30.732  DEBUG   [poll]    <- read  st0cur     ret=0  data=['0xfd', '0x01', '0x01', '0x02']
17:21:31.734  DEBUG   [poll]    -> read  st2mot    
17:21:31.737  DEBUG   [poll]    <- read  st2mot     ret=0  data=['0x00', '0x00']
17:21:31.737  DEBUG   [poll]    -> read  st0cur    
17:21:31.742  DEBUG   [poll]    <- read  st0cur     ret=0  data=['0xfd', '0x01', '0x01', '0x02']
17:21:32.743  DEBUG   [poll]    -> read  st2mot    
17:21:32.746  DEBUG   [poll]    <- read  st2mot     ret=0  data=['0x00', '0x00']
17:21:32.747  DEBUG   [poll]    -> read  st0cur    
17:21:32.751  DEBUG   [poll]    <- read  st0cur     ret=0  data=['0xfd', '0x01', '0x01', '0x02']
17:21:33.753  DEBUG   [poll]    -> read  st2mot    
17:21:33.756  DEBUG   [poll]    <- read  st2mot     ret=0  data=['0x00', '0x00']
17:21:33.756  DEBUG   [poll]    -> read  st0cur    
17:21:33.761  DEBUG   [poll]    <- read  st0cur     ret=0  data=['0xfd', '0x01', '0x01', '0x02']
17:21:34.762  DEBUG   [poll]    -> read  st2mot    
17:21:34.765  DEBUG   [poll]    <- read  st2mot     ret=0  data=['0x00', '0x00']
17:21:34.766  DEBUG   [poll]    -> read  st0cur    
17:21:34.770  DEBUG   [poll]    <- read  st0cur     ret=0  data=['0xfe', '0x01', '0x01', '0x02']
17:21:35.772  DEBUG   [poll]    -> read  st2mot    
17:21:35.775  DEBUG   [poll]    <- read  st2mot     ret=0  data=['0x00', '0x00']
17:21:35.775  DEBUG   [poll]    -> read  st0cur    
17:21:35.780  DEBUG   [poll]    <- read  st0cur     ret=0  data=['0xfd', '0x01', '0x01', '0x02']
17:21:36.781  DEBUG   [poll]    -> read  st2mot    
17:21:36.785  DEBUG   [poll]    <- read  st2mot     ret=0  data=['0x00', '0x00']
17:21:36.785  DEBUG   [poll]    -> read  st0cur    
17:21:36.789  DEBUG   [poll]    <- read  st0cur     ret=0  data=['0xfd', '0x01', '0x01', '0x02']
17:21:37.791  DEBUG   [poll]    -> read  st2mot    
17:21:37.794  DEBUG   [poll]    <- read  st2mot     ret=0  data=['0x00', '0x00']
17:21:37.794  DEBUG   [poll]    -> read  st0cur    
17:21:37.799  DEBUG   [poll]    <- read  st0cur     ret=0  data=['0xfd', '0x01', '0x01', '0x02']
17:21:38.800  DEBUG   [poll]    -> read  st2mot    
17:21:38.803  DEBUG   [poll]    <- read  st2mot     ret=0  data=['0x00', '0x00']
17:21:38.804  DEBUG   [poll]    -> read  st0cur    
17:21:38.808  DEBUG   [poll]    <- read  st0cur     ret=0  data=['0xfd', '0x01', '0x01', '0x02']
17:21:39.810  DEBUG   [poll]    -> read  st2mot    
17:21:39.813  DEBUG   [poll]    <- read  st2mot     ret=0  data=['0x00', '0x00']
17:21:39.814  DEBUG   [poll]    -> read  st0cur    
17:21:39.818  DEBUG   [poll]    <- read  st0cur     ret=0  data=['0xfd', '0x01', '0x01', '0x02']
17:21:40.819  DEBUG   [poll]    -> read  st2mot    
17:21:40.823  DEBUG   [poll]    <- read  st2mot     ret=0  data=['0x00', '0x00']
17:21:40.823  DEBUG   [poll]    -> read  st0cur    
17:21:40.827  DEBUG   [poll]    <- read  st0cur     ret=0  data=['0xfd', '0x01', '0x01', '0x02']
17:21:41.829  DEBUG   [poll]    -> read  st2mot    
17:21:41.832  DEBUG   [poll]    <- read  st2mot     ret=0  data=['0x00', '0x00']
17:21:41.833  DEBUG   [poll]    -> read  st0cur    
17:21:41.837  DEBUG   [poll]    <- read  st0cur     ret=0  data=['0xfd', '0x01', '0x01', '0x02']
17:21:42.838  DEBUG   [poll]    -> read  st2mot    
17:21:42.842  DEBUG   [poll]    <- read  st2mot     ret=0  data=['0x00', '0x00']
17:21:42.842  DEBUG   [poll]    -> read  st0cur    
17:21:42.846  DEBUG   [poll]    <- read  st0cur     ret=0  data=['0xfd', '0x01', '0x01', '0x02']
17:21:43.848  DEBUG   [poll]    -> read  st2mot    
17:21:43.851  DEBUG   [poll]    <- read  st2mot     ret=0  data=['0x00', '0x00']
17:21:43.851  DEBUG   [poll]    -> read  st0cur    
17:21:43.856  DEBUG   [poll]    <- read  st0cur     ret=0  data=['0xfd', '0x01', '0x01', '0x02']
17:21:44.857  DEBUG   [poll]    -> read  st2mot    
17:21:44.861  DEBUG   [poll]    <- read  st2mot     ret=0  data=['0x00', '0x00']
17:21:44.861  DEBUG   [poll]    -> read  st0cur    
17:21:44.865  DEBUG   [poll]    <- read  st0cur     ret=0  data=['0xfd', '0x01', '0x01', '0x02']
17:21:45.867  DEBUG   [poll]    -> read  st2mot    
17:21:45.870  DEBUG   [poll]    <- read  st2mot     ret=0  data=['0x00', '0x00']
17:21:45.871  DEBUG   [poll]    -> read  st0cur    
17:21:45.875  DEBUG   [poll]    <- read  st0cur     ret=0  data=['0xfd', '0x01', '0x01', '0x02']
17:21:46.876  DEBUG   [poll]    -> read  st2mot    
17:21:46.880  DEBUG   [poll]    <- read  st2mot     ret=0  data=['0x00', '0x00']
17:21:46.880  DEBUG   [poll]    -> read  st0cur    
17:21:46.884  DEBUG   [poll]    <- read  st0cur     ret=0  data=['0xfd', '0x01', '0x01', '0x02']
17:21:47.886  DEBUG   [poll]    -> read  st2mot    
17:21:47.889  DEBUG   [poll]    <- read  st2mot     ret=0  data=['0x00', '0x00']
17:21:47.890  DEBUG   [poll]    -> read  st0cur    
17:21:47.894  DEBUG   [poll]    <- read  st0cur     ret=0  data=['0xfd', '0x01', '0x01', '0x02']
17:21:48.895  DEBUG   [poll]    -> read  st2mot    
17:21:48.899  DEBUG   [poll]    <- read  st2mot     ret=0  data=['0x00', '0x00']
17:21:48.899  DEBUG   [poll]    -> read  st0cur    
17:21:48.903  DEBUG   [poll]    <- read  st0cur     ret=0  data=['0xfd', '0x01', '0x01', '0x02']
17:21:49.905  DEBUG   [poll]    -> read  st2mot    
17:21:49.908  DEBUG   [poll]    <- read  st2mot     ret=0  data=['0x00', '0x00']
17:21:49.909  DEBUG   [poll]    -> read  st0cur    
17:21:49.913  DEBUG   [poll]    <- read  st0cur     ret=0  data=['0xfd', '0x01', '0x01', '0x02']
17:21:50.915  DEBUG   [poll]    -> read  st2mot    
17:21:50.918  DEBUG   [poll]    <- read  st2mot     ret=0  data=['0x00', '0x00']
17:21:50.919  DEBUG   [poll]    -> read  st0cur    
17:21:50.923  DEBUG   [poll]    <- read  st0cur     ret=0  data=['0xfe', '0x01', '0x01', '0x02']
17:21:51.925  DEBUG   [poll]    -> read  st2mot    
17:21:51.928  DEBUG   [poll]    <- read  st2mot     ret=0  data=['0x00', '0x00']
17:21:51.928  DEBUG   [poll]    -> read  st0cur    
17:21:51.932  DEBUG   [poll]    <- read  st0cur     ret=0  data=['0xfd', '0x01', '0x01', '0x02']
17:21:52.934  DEBUG   [poll]    -> read  st2mot    
17:21:52.937  DEBUG   [poll]    <- read  st2mot     ret=0  data=['0x00', '0x00']
17:21:52.938  DEBUG   [poll]    -> read  st0cur    
17:21:52.942  DEBUG   [poll]    <- read  st0cur     ret=0  data=['0xfd', '0x01', '0x01', '0x02']
17:21:53.943  DEBUG   [poll]    -> read  st2mot    
17:21:53.947  DEBUG   [poll]    <- read  st2mot     ret=0  data=['0x00', '0x00']
17:21:53.947  DEBUG   [poll]    -> read  st0cur    
17:21:53.951  DEBUG   [poll]    <- read  st0cur     ret=0  data=['0xfd', '0x01', '0x01', '0x02']
17:21:54.953  DEBUG   [poll]    -> read  st2mot    
17:21:54.957  DEBUG   [poll]    <- read  st2mot     ret=0  data=['0x00', '0x00']
17:21:54.957  DEBUG   [poll]    -> read  st0cur    
17:21:54.961  DEBUG   [poll]    <- read  st0cur     ret=0  data=['0xfe', '0x01', '0x01', '0x02']
17:21:55.963  DEBUG   [poll]    -> read  st2mot    
17:21:55.966  DEBUG   [poll]    <- read  st2mot     ret=0  data=['0x00', '0x00']
17:21:55.966  DEBUG   [poll]    -> read  st0cur    
17:21:55.971  DEBUG   [poll]    <- read  st0cur     ret=0  data=['0xfd', '0x01', '0x01', '0x02']
17:21:56.972  DEBUG   [poll]    -> read  st2mot    
17:21:56.975  DEBUG   [poll]    <- read  st2mot     ret=0  data=['0x00', '0x00']
17:21:56.976  DEBUG   [poll]    -> read  st0cur    
17:21:56.980  DEBUG   [poll]    <- read  st0cur     ret=0  data=['0xfe', '0x01', '0x00', '0x02']
17:21:57.982  DEBUG   [poll]    -> read  st2mot    
17:21:57.985  DEBUG   [poll]    <- read  st2mot     ret=0  data=['0x00', '0x00']
17:21:57.985  DEBUG   [poll]    -> read  st0cur    
17:21:57.989  DEBUG   [poll]    <- read  st0cur     ret=0  data=['0xfd', '0x01', '0x01', '0x02']
17:21:58.991  DEBUG   [poll]    -> read  st2mot    
17:21:58.994  DEBUG   [poll]    <- read  st2mot     ret=0  data=['0x00', '0x00']
17:21:58.995  DEBUG   [poll]    -> read  st0cur    
17:21:58.999  DEBUG   [poll]    <- read  st0cur     ret=0  data=['0xfd', '0x01', '0x01', '0x02']
17:22:00.000  DEBUG   [poll]    -> read  st2mot    
17:22:00.004  DEBUG   [poll]    <- read  st2mot     ret=0  data=['0x00', '0x00']
17:22:00.004  DEBUG   [poll]    -> read  st0cur    
17:22:00.009  DEBUG   [poll]    <- read  st0cur     ret=0  data=['0xfe', '0x01', '0x01', '0x02']
17:22:01.011  DEBUG   [poll]    -> read  st2mot    
17:22:01.015  DEBUG   [poll]    <- read  st2mot     ret=0  data=['0x00', '0x00']
17:22:01.015  DEBUG   [poll]    -> read  st0cur    
17:22:01.020  DEBUG   [poll]    <- read  st0cur     ret=0  data=['0xfd', '0x01', '0x01', '0x02']
17:22:02.022  DEBUG   [poll]    -> read  st2mot    
17:22:02.025  DEBUG   [poll]    <- read  st2mot     ret=0  data=['0x00', '0x00']
17:22:02.026  DEBUG   [poll]    -> read  st0cur    
17:22:02.030  DEBUG   [poll]    <- read  st0cur     ret=0  data=['0xfd', '0x01', '0x01', '0x02']
17:22:03.031  DEBUG   [poll]    -> read  st2mot    
17:22:03.035  DEBUG   [poll]    <- read  st2mot     ret=0  data=['0x00', '0x00']
17:22:03.035  DEBUG   [poll]    -> read  st0cur    
17:22:03.039  DEBUG   [poll]    <- read  st0cur     ret=0  data=['0xfd', '0x01', '0x01', '0x02']
17:22:04.041  DEBUG   [poll]    -> read  st2mot    
17:22:04.044  DEBUG   [poll]    <- read  st2mot     ret=0  data=['0x00', '0x00']
17:22:04.045  DEBUG   [poll]    -> read  st0cur    
17:22:04.049  DEBUG   [poll]    <- read  st0cur     ret=0  data=['0xfd', '0x01', '0x01', '0x02']
17:22:05.051  DEBUG   [poll]    -> read  st2mot    
17:22:05.054  DEBUG   [poll]    <- read  st2mot     ret=0  data=['0x00', '0x00']
17:22:05.055  DEBUG   [poll]    -> read  st0cur    
17:22:05.059  DEBUG   [poll]    <- read  st0cur     ret=0  data=['0xfe', '0x01', '0x01', '0x02']
17:22:06.060  DEBUG   [poll]    -> read  st2mot    
17:22:06.064  DEBUG   [poll]    <- read  st2mot     ret=0  data=['0x00', '0x00']
17:22:06.064  DEBUG   [poll]    -> read  st0cur    
17:22:06.068  DEBUG   [poll]    <- read  st0cur     ret=0  data=['0xfd', '0x01', '0x01', '0x02']
17:22:07.070  DEBUG   [poll]    -> read  st2mot    
17:22:07.073  DEBUG   [poll]    <- read  st2mot     ret=0  data=['0x00', '0x00']
17:22:07.074  DEBUG   [poll]    -> read  st0cur    
17:22:07.078  DEBUG   [poll]    <- read  st0cur     ret=0  data=['0xfd', '0x01', '0x01', '0x02']
17:22:08.079  DEBUG   [poll]    -> read  st2mot    
17:22:08.083  DEBUG   [poll]    <- read  st2mot     ret=0  data=['0x00', '0x00']
17:22:08.083  DEBUG   [poll]    -> read  st0cur    
17:22:08.087  DEBUG   [poll]    <- read  st0cur     ret=0  data=['0xfd', '0x01', '0x01', '0x02']
17:22:09.089  DEBUG   [poll]    -> read  st2mot    
17:22:09.092  DEBUG   [poll]    <- read  st2mot     ret=0  data=['0x00', '0x00']
17:22:09.093  DEBUG   [poll]    -> read  st0cur    
17:22:09.097  DEBUG   [poll]    <- read  st0cur     ret=0  data=['0xfd', '0x01', '0x01', '0x02']
17:22:10.098  DEBUG   [poll]    -> read  st2mot    
17:22:10.102  DEBUG   [poll]    <- read  st2mot     ret=0  data=['0x00', '0x00']
17:22:10.102  DEBUG   [poll]    -> read  st0cur    
17:22:10.106  DEBUG   [poll]    <- read  st0cur     ret=0  data=['0xfd', '0x01', '0x01', '0x02']
17:22:11.108  DEBUG   [poll]    -> read  st2mot    
17:22:11.111  DEBUG   [poll]    <- read  st2mot     ret=0  data=['0x00', '0x00']
17:22:11.112  DEBUG   [poll]    -> read  st0cur    
17:22:11.116  DEBUG   [poll]    <- read  st0cur     ret=0  data=['0xfd', '0x01', '0x01', '0x02']
17:22:12.117  DEBUG   [poll]    -> read  st2mot    
17:22:12.121  DEBUG   [poll]    <- read  st2mot     ret=0  data=['0x00', '0x00']
17:22:12.121  DEBUG   [poll]    -> read  st0cur    
17:22:12.125  DEBUG   [poll]    <- read  st0cur     ret=0  data=['0xfd', '0x01', '0x01', '0x02']
17:22:13.127  DEBUG   [poll]    -> read  st2mot    
17:22:13.130  DEBUG   [poll]    <- read  st2mot     ret=0  data=['0x00', '0x00']
17:22:13.130  DEBUG   [poll]    -> read  st0cur    
17:22:13.135  DEBUG   [poll]    <- read  st0cur     ret=0  data=['0xfd', '0x01', '0x01', '0x02']
17:22:14.136  DEBUG   [poll]    -> read  st2mot    
17:22:14.139  DEBUG   [poll]    <- read  st2mot     ret=0  data=['0x00', '0x00']
17:22:14.140  DEBUG   [poll]    -> read  st0cur    
17:22:14.144  DEBUG   [poll]    <- read  st0cur     ret=0  data=['0xfd', '0x01', '0x01', '0x02']
17:22:15.145  DEBUG   [poll]    -> read  st2mot    
17:22:15.149  DEBUG   [poll]    <- read  st2mot     ret=0  data=['0x00', '0x00']
17:22:15.149  DEBUG   [poll]    -> read  st0cur    
17:22:15.154  DEBUG   [poll]    <- read  st0cur     ret=0  data=['0xfd', '0x01', '0x01', '0x02']
17:22:16.155  DEBUG   [poll]    -> read  st2mot    
17:22:16.159  DEBUG   [poll]    <- read  st2mot     ret=0  data=['0x00', '0x00']
17:22:16.159  DEBUG   [poll]    -> read  st0cur    
17:22:16.163  DEBUG   [poll]    <- read  st0cur     ret=0  data=['0xfd', '0x01', '0x01', '0x02']
17:22:17.165  DEBUG   [poll]    -> read  st2mot    
17:22:17.168  DEBUG   [poll]    <- read  st2mot     ret=0  data=['0x00', '0x00']
17:22:17.168  DEBUG   [poll]    -> read  st0cur    
17:22:17.173  DEBUG   [poll]    <- read  st0cur     ret=0  data=['0xfd', '0x01', '0x01', '0x02']
17:22:18.174  DEBUG   [poll]    -> read  st2mot    
17:22:18.178  DEBUG   [poll]    <- read  st2mot     ret=0  data=['0x00', '0x00']
17:22:18.178  DEBUG   [poll]    -> read  st0cur    
17:22:18.182  DEBUG   [poll]    <- read  st0cur     ret=0  data=['0xfd', '0x01', '0x01', '0x02']
17:22:19.184  DEBUG   [poll]    -> read  st2mot    
17:22:19.187  DEBUG   [poll]    <- read  st2mot     ret=0  data=['0x00', '0x00']
17:22:19.187  DEBUG   [poll]    -> read  st0cur    
17:22:19.192  DEBUG   [poll]    <- read  st0cur     ret=0  data=['0xfd', '0x01', '0x01', '0x02']
17:22:20.193  DEBUG   [poll]    -> read  st2mot    
17:22:20.197  DEBUG   [poll]    <- read  st2mot     ret=0  data=['0x00', '0x00']
17:22:20.197  DEBUG   [poll]    -> read  st0cur    
17:22:20.202  DEBUG   [poll]    <- read  st0cur     ret=0  data=['0xfd', '0x01', '0x01', '0x02']
17:22:21.203  DEBUG   [poll]    -> read  st2mot    
17:22:21.207  DEBUG   [poll]    <- read  st2mot     ret=0  data=['0x00', '0x00']
17:22:21.207  DEBUG   [poll]    -> read  st0cur    
17:22:21.211  DEBUG   [poll]    <- read  st0cur     ret=0  data=['0xfd', '0x01', '0x01', '0x02']
17:22:22.213  DEBUG   [poll]    -> read  st2mot    
17:22:22.216  DEBUG   [poll]    <- read  st2mot     ret=0  data=['0x00', '0x00']
17:22:22.216  DEBUG   [poll]    -> read  st0cur    
17:22:22.221  DEBUG   [poll]    <- read  st0cur     ret=0  data=['0xfd', '0x01', '0x01', '0x02']
17:22:23.222  DEBUG   [poll]    -> read  st2mot    
17:22:23.225  DEBUG   [poll]    <- read  st2mot     ret=0  data=['0x00', '0x00']
17:22:23.226  DEBUG   [poll]    -> read  st0cur    
17:22:23.230  DEBUG   [poll]    <- read  st0cur     ret=0  data=['0xfd', '0x01', '0x01', '0x02']
17:22:24.231  DEBUG   [poll]    -> read  st2mot    
17:22:24.235  DEBUG   [poll]    <- read  st2mot     ret=0  data=['0x00', '0x00']
17:22:24.235  DEBUG   [poll]    -> read  st0cur    
17:22:24.239  DEBUG   [poll]    <- read  st0cur     ret=0  data=['0xfd', '0x01', '0x01', '0x02']
17:22:25.241  DEBUG   [poll]    -> read  st2mot    
17:22:25.244  DEBUG   [poll]    <- read  st2mot     ret=0  data=['0x00', '0x00']
17:22:25.245  DEBUG   [poll]    -> read  st0cur    
17:22:25.249  DEBUG   [poll]    <- read  st0cur     ret=0  data=['0xfd', '0x01', '0x01', '0x02']
17:22:26.251  DEBUG   [poll]    -> read  st2mot    
17:22:26.254  DEBUG   [poll]    <- read  st2mot     ret=0  data=['0x00', '0x00']
17:22:26.254  DEBUG   [poll]    -> read  st0cur    
17:22:26.259  DEBUG   [poll]    <- read  st0cur     ret=0  data=['0xfd', '0x01', '0x01', '0x02']
17:22:27.260  DEBUG   [poll]    -> read  st2mot    
17:22:27.263  DEBUG   [poll]    <- read  st2mot     ret=0  data=['0x00', '0x00']
17:22:27.264  DEBUG   [poll]    -> read  st0cur    
17:22:27.268  DEBUG   [poll]    <- read  st0cur     ret=0  data=['0xfd', '0x01', '0x01', '0x02']
17:22:28.269  DEBUG   [poll]    -> read  st2mot    
17:22:28.273  DEBUG   [poll]    <- read  st2mot     ret=0  data=['0x00', '0x00']
17:22:28.273  DEBUG   [poll]    -> read  st0cur    
17:22:28.277  DEBUG   [poll]    <- read  st0cur     ret=0  data=['0xfd', '0x01', '0x01', '0x02']
17:22:29.279  DEBUG   [poll]    -> read  st2mot    
17:22:29.282  DEBUG   [poll]    <- read  st2mot     ret=0  data=['0x00', '0x00']
17:22:29.283  DEBUG   [poll]    -> read  st0cur    
17:22:29.287  DEBUG   [poll]    <- read  st0cur     ret=0  data=['0xfd', '0x01', '0x01', '0x02']
17:22:30.288  DEBUG   [poll]    -> read  st2mot    
17:22:30.292  DEBUG   [poll]    <- read  st2mot     ret=0  data=['0x00', '0x00']
17:22:30.292  DEBUG   [poll]    -> read  st0cur    
17:22:30.297  DEBUG   [poll]    <- read  st0cur     ret=0  data=['0xfd', '0x01', '0x01', '0x02']
17:22:31.298  DEBUG   [poll]    -> read  st2mot    
17:22:31.301  DEBUG   [poll]    <- read  st2mot     ret=0  data=['0x00', '0x00']
17:22:31.302  DEBUG   [poll]    -> read  st0cur    
17:22:31.306  DEBUG   [poll]    <- read  st0cur     ret=0  data=['0xfd', '0x01', '0x01', '0x02']
17:22:32.307  DEBUG   [poll]    -> read  st2mot    
17:22:32.311  DEBUG   [poll]    <- read  st2mot     ret=0  data=['0x00', '0x00']
17:22:32.311  DEBUG   [poll]    -> read  st0cur    
17:22:32.315  DEBUG   [poll]    <- read  st0cur     ret=0  data=['0xfd', '0x01', '0x01', '0x02']
17:22:33.317  DEBUG   [poll]    -> read  st2mot    
17:22:33.320  DEBUG   [poll]    <- read  st2mot     ret=0  data=['0x00', '0x00']
17:22:33.321  DEBUG   [poll]    -> read  st0cur    
17:22:33.325  DEBUG   [poll]    <- read  st0cur     ret=0  data=['0xfe', '0x01', '0x01', '0x02']
17:22:34.326  DEBUG   [poll]    -> read  st2mot    
17:22:34.330  DEBUG   [poll]    <- read  st2mot     ret=0  data=['0x00', '0x00']
17:22:34.330  DEBUG   [poll]    -> read  st0cur    
17:22:34.334  DEBUG   [poll]    <- read  st0cur     ret=0  data=['0xfd', '0x01', '0x01', '0x02']
17:22:35.336  DEBUG   [poll]    -> read  st2mot    
17:22:35.339  DEBUG   [poll]    <- read  st2mot     ret=0  data=['0x00', '0x00']
17:22:35.340  DEBUG   [poll]    -> read  st0cur    
17:22:35.344  DEBUG   [poll]    <- read  st0cur     ret=0  data=['0xfd', '0x01', '0x01', '0x02']
17:22:36.345  DEBUG   [poll]    -> read  st2mot    
17:22:36.349  DEBUG   [poll]    <- read  st2mot     ret=0  data=['0x00', '0x00']
17:22:36.349  DEBUG   [poll]    -> read  st0cur    
17:22:36.353  DEBUG   [poll]    <- read  st0cur     ret=0  data=['0xfd', '0x01', '0x01', '0x02']
17:22:37.355  DEBUG   [poll]    -> read  st2mot    
17:22:37.358  DEBUG   [poll]    <- read  st2mot     ret=0  data=['0x00', '0x00']
17:22:37.359  DEBUG   [poll]    -> read  st0cur    
17:22:37.363  DEBUG   [poll]    <- read  st0cur     ret=0  data=['0xfd', '0x01', '0x01', '0x02']
17:22:38.364  DEBUG   [poll]    -> read  st2mot    
17:22:38.368  DEBUG   [poll]    <- read  st2mot     ret=0  data=['0x00', '0x00']
17:22:38.368  DEBUG   [poll]    -> read  st0cur    
17:22:38.372  DEBUG   [poll]    <- read  st0cur     ret=0  data=['0xfd', '0x01', '0x01', '0x02']
17:22:39.374  DEBUG   [poll]    -> read  st2mot    
17:22:39.377  DEBUG   [poll]    <- read  st2mot     ret=0  data=['0x00', '0x00']
17:22:39.377  DEBUG   [poll]    -> read  st0cur    
17:22:39.382  DEBUG   [poll]    <- read  st0cur     ret=0  data=['0xfd', '0x01', '0x01', '0x02']
17:22:40.383  DEBUG   [poll]    -> read  st2mot    
17:22:40.387  DEBUG   [poll]    <- read  st2mot     ret=0  data=['0x00', '0x00']
17:22:40.387  DEBUG   [poll]    -> read  st0cur    
17:22:40.391  DEBUG   [poll]    <- read  st0cur     ret=0  data=['0xfd', '0x01', '0x01', '0x02']
17:22:41.393  DEBUG   [poll]    -> read  st2mot    
17:22:41.396  DEBUG   [poll]    <- read  st2mot     ret=0  data=['0x00', '0x00']
17:22:41.396  DEBUG   [poll]    -> read  st0cur    
17:22:41.401  DEBUG   [poll]    <- read  st0cur     ret=0  data=['0xfd', '0x01', '0x01', '0x02']
17:22:42.402  DEBUG   [poll]    -> read  st2mot    
17:22:42.406  DEBUG   [poll]    <- read  st2mot     ret=0  data=['0x00', '0x00']
17:22:42.406  DEBUG   [poll]    -> read  st0cur    
17:22:42.410  DEBUG   [poll]    <- read  st0cur     ret=0  data=['0xfd', '0x01', '0x01', '0x02']
17:22:43.412  DEBUG   [poll]    -> read  st2mot    
17:22:43.415  DEBUG   [poll]    <- read  st2mot     ret=0  data=['0x00', '0x00']
17:22:43.415  DEBUG   [poll]    -> read  st0cur    
17:22:43.420  DEBUG   [poll]    <- read  st0cur     ret=0  data=['0xfd', '0x01', '0x01', '0x02']
17:22:44.421  DEBUG   [poll]    -> read  st2mot    
17:22:44.424  DEBUG   [poll]    <- read  st2mot     ret=0  data=['0x00', '0x00']
17:22:44.425  DEBUG   [poll]    -> read  st0cur    
17:22:44.429  DEBUG   [poll]    <- read  st0cur     ret=0  data=['0xfd', '0x01', '0x01', '0x02']
17:22:45.430  DEBUG   [poll]    -> read  st2mot    
17:22:45.434  DEBUG   [poll]    <- read  st2mot     ret=0  data=['0x00', '0x00']
17:22:45.434  DEBUG   [poll]    -> read  st0cur    
17:22:45.439  DEBUG   [poll]    <- read  st0cur     ret=0  data=['0xfd', '0x01', '0x01', '0x02']
17:22:46.440  DEBUG   [poll]    -> read  st2mot    
17:22:46.443  DEBUG   [poll]    <- read  st2mot     ret=0  data=['0x00', '0x00']
17:22:46.444  DEBUG   [poll]    -> read  st0cur    
17:22:46.448  DEBUG   [poll]    <- read  st0cur     ret=0  data=['0xfd', '0x01', '0x01', '0x02']
17:22:47.450  DEBUG   [poll]    -> read  st2mot    
17:22:47.453  DEBUG   [poll]    <- read  st2mot     ret=0  data=['0x00', '0x00']
17:22:47.453  DEBUG   [poll]    -> read  st0cur    
17:22:47.458  DEBUG   [poll]    <- read  st0cur     ret=0  data=['0xfd', '0x01', '0x01', '0x02']
17:22:48.459  DEBUG   [poll]    -> read  st2mot    
17:22:48.462  DEBUG   [poll]    <- read  st2mot     ret=0  data=['0x00', '0x00']
17:22:48.463  DEBUG   [poll]    -> read  st0cur    
17:22:48.467  DEBUG   [poll]    <- read  st0cur     ret=0  data=['0xfd', '0x01', '0x01', '0x02']
17:22:49.468  DEBUG   [poll]    -> read  st2mot    
17:22:49.472  DEBUG   [poll]    <- read  st2mot     ret=0  data=['0x00', '0x00']
17:22:49.472  DEBUG   [poll]    -> read  st0cur    
17:22:49.476  DEBUG   [poll]    <- read  st0cur     ret=0  data=['0xfd', '0x01', '0x01', '0x02']
17:22:50.478  DEBUG   [poll]    -> read  st2mot    
17:22:50.481  DEBUG   [poll]    <- read  st2mot     ret=0  data=['0x00', '0x00']
17:22:50.482  DEBUG   [poll]    -> read  st0cur    
17:22:50.486  DEBUG   [poll]    <- read  st0cur     ret=0  data=['0xfd', '0x01', '0x01', '0x02']
17:22:51.488  DEBUG   [poll]    -> read  st2mot    
17:22:51.491  DEBUG   [poll]    <- read  st2mot     ret=0  data=['0x00', '0x00']
17:22:51.492  DEBUG   [poll]    -> read  st0cur    
17:22:51.496  DEBUG   [poll]    <- read  st0cur     ret=0  data=['0xfd', '0x01', '0x01', '0x02']
17:22:52.497  DEBUG   [poll]    -> read  st2mot    
17:22:52.501  DEBUG   [poll]    <- read  st2mot     ret=0  data=['0x00', '0x00']
17:22:52.501  DEBUG   [poll]    -> read  st0cur    
17:22:52.505  DEBUG   [poll]    <- read  st0cur     ret=0  data=['0xfd', '0x01', '0x01', '0x02']
17:22:53.507  DEBUG   [poll]    -> read  st2mot    
17:22:53.510  DEBUG   [poll]    <- read  st2mot     ret=0  data=['0x00', '0x00']
17:22:53.510  DEBUG   [poll]    -> read  st0cur    
17:22:53.515  DEBUG   [poll]    <- read  st0cur     ret=0  data=['0xfd', '0x01', '0x01', '0x02']
17:22:54.516  DEBUG   [poll]    -> read  st2mot    
17:22:54.519  DEBUG   [poll]    <- read  st2mot     ret=0  data=['0x00', '0x00']
17:22:54.520  DEBUG   [poll]    -> read  st0cur    
17:22:54.524  DEBUG   [poll]    <- read  st0cur     ret=0  data=['0xfd', '0x01', '0x01', '0x02']
17:22:55.526  DEBUG   [poll]    -> read  st2mot    
17:22:55.529  DEBUG   [poll]    <- read  st2mot     ret=0  data=['0x00', '0x00']
17:22:55.529  DEBUG   [poll]    -> read  st0cur    
17:22:55.534  DEBUG   [poll]    <- read  st0cur     ret=0  data=['0xfd', '0x01', '0x01', '0x02']
17:22:56.535  DEBUG   [poll]    -> read  st2mot    
17:22:56.539  DEBUG   [poll]    <- read  st2mot     ret=0  data=['0x00', '0x00']
17:22:56.539  DEBUG   [poll]    -> read  st0cur    
17:22:56.543  DEBUG   [poll]    <- read  st0cur     ret=0  data=['0xfd', '0x01', '0x01', '0x02']
17:22:57.545  DEBUG   [poll]    -> read  st2mot    
17:22:57.548  DEBUG   [poll]    <- read  st2mot     ret=0  data=['0x00', '0x00']
17:22:57.548  DEBUG   [poll]    -> read  st0cur    
17:22:57.553  DEBUG   [poll]    <- read  st0cur     ret=0  data=['0xfd', '0x01', '0x01', '0x02']
17:22:58.554  DEBUG   [poll]    -> read  st2mot    
17:22:58.557  DEBUG   [poll]    <- read  st2mot     ret=0  data=['0x00', '0x00']
17:22:58.558  DEBUG   [poll]    -> read  st0cur    
17:22:58.562  DEBUG   [poll]    <- read  st0cur     ret=0  data=['0xfd', '0x01', '0x01', '0x02']
17:22:59.563  DEBUG   [poll]    -> read  st2mot    
17:22:59.567  DEBUG   [poll]    <- read  st2mot     ret=0  data=['0x00', '0x00']
17:22:59.567  DEBUG   [poll]    -> read  st0cur    
17:22:59.571  DEBUG   [poll]    <- read  st0cur     ret=0  data=['0xfd', '0x01', '0x01', '0x02']
17:23:00.573  DEBUG   [poll]    -> read  st2mot    
17:23:00.576  DEBUG   [poll]    <- read  st2mot     ret=0  data=['0x00', '0x00']
17:23:00.577  DEBUG   [poll]    -> read  st0cur    
17:23:00.581  DEBUG   [poll]    <- read  st0cur     ret=0  data=['0xfd', '0x01', '0x01', '0x02']
17:23:01.582  DEBUG   [poll]    -> read  st2mot    
17:23:01.586  DEBUG   [poll]    <- read  st2mot     ret=0  data=['0x00', '0x00']
17:23:01.586  DEBUG   [poll]    -> read  st0cur    
17:23:01.590  DEBUG   [poll]    <- read  st0cur     ret=0  data=['0xfd', '0x01', '0x01', '0x02']
17:23:02.592  DEBUG   [poll]    -> read  st2mot    
17:23:02.595  DEBUG   [poll]    <- read  st2mot     ret=0  data=['0x00', '0x00']
17:23:02.596  DEBUG   [poll]    -> read  st0cur    
17:23:02.600  DEBUG   [poll]    <- read  st0cur     ret=0  data=['0xfd', '0x01', '0x01', '0x02']
17:23:03.602  DEBUG   [poll]    -> read  st2mot    
17:23:03.605  DEBUG   [poll]    <- read  st2mot     ret=0  data=['0x00', '0x00']
17:23:03.605  DEBUG   [poll]    -> read  st0cur    
17:23:03.610  DEBUG   [poll]    <- read  st0cur     ret=0  data=['0xfd', '0x01', '0x01', '0x02']
17:23:04.611  DEBUG   [poll]    -> read  st2mot    
17:23:04.615  DEBUG   [poll]    <- read  st2mot     ret=0  data=['0x00', '0x00']
17:23:04.615  DEBUG   [poll]    -> read  st0cur    
17:23:04.619  DEBUG   [poll]    <- read  st0cur     ret=0  data=['0xfd', '0x01', '0x01', '0x02']
17:23:05.621  DEBUG   [poll]    -> read  st2mot    
17:23:05.624  DEBUG   [poll]    <- read  st2mot     ret=0  data=['0x00', '0x00']
17:23:05.625  DEBUG   [poll]    -> read  st0cur    
17:23:05.629  DEBUG   [poll]    <- read  st0cur     ret=0  data=['0xfd', '0x01', '0x01', '0x02']
17:23:06.630  DEBUG   [poll]    -> read  st2mot    
17:23:06.634  DEBUG   [poll]    <- read  st2mot     ret=0  data=['0x00', '0x00']
17:23:06.634  DEBUG   [poll]    -> read  st0cur    
17:23:06.639  DEBUG   [poll]    <- read  st0cur     ret=0  data=['0xfd', '0x01', '0x01', '0x02']
17:23:07.640  DEBUG   [poll]    -> read  st2mot    
17:23:07.643  DEBUG   [poll]    <- read  st2mot     ret=0  data=['0x00', '0x00']
17:23:07.644  DEBUG   [poll]    -> read  st0cur    
17:23:07.648  DEBUG   [poll]    <- read  st0cur     ret=0  data=['0xfd', '0x01', '0x01', '0x02']
17:23:08.650  DEBUG   [poll]    -> read  st2mot    
17:23:08.653  DEBUG   [poll]    <- read  st2mot     ret=0  data=['0x00', '0x00']
17:23:08.653  DEBUG   [poll]    -> read  st0cur    
17:23:08.658  DEBUG   [poll]    <- read  st0cur     ret=0  data=['0xfd', '0x01', '0x01', '0x02']
17:23:09.659  DEBUG   [poll]    -> read  st2mot    
17:23:09.662  DEBUG   [poll]    <- read  st2mot     ret=0  data=['0x00', '0x00']
17:23:09.663  DEBUG   [poll]    -> read  st0cur    
17:23:09.667  DEBUG   [poll]    <- read  st0cur     ret=0  data=['0xfd', '0x01', '0x01', '0x02']
17:23:10.669  DEBUG   [poll]    -> read  st2mot    
17:23:10.672  DEBUG   [poll]    <- read  st2mot     ret=0  data=['0x00', '0x00']
17:23:10.673  DEBUG   [poll]    -> read  st0cur    
17:23:10.677  DEBUG   [poll]    <- read  st0cur     ret=0  data=['0xfd', '0x01', '0x01', '0x02']
17:23:11.678  DEBUG   [poll]    -> read  st2mot    
17:23:11.682  DEBUG   [poll]    <- read  st2mot     ret=0  data=['0x00', '0x00']
17:23:11.682  DEBUG   [poll]    -> read  st0cur    
17:23:11.686  DEBUG   [poll]    <- read  st0cur     ret=0  data=['0xfd', '0x01', '0x01', '0x02']
17:23:12.688  DEBUG   [poll]    -> read  st2mot    
17:23:12.691  DEBUG   [poll]    <- read  st2mot     ret=0  data=['0x00', '0x00']
17:23:12.691  DEBUG   [poll]    -> read  st0cur    
17:23:12.696  DEBUG   [poll]    <- read  st0cur     ret=0  data=['0xfd', '0x01', '0x01', '0x02']
17:23:13.697  DEBUG   [poll]    -> read  st2mot    
17:23:13.700  DEBUG   [poll]    <- read  st2mot     ret=0  data=['0x00', '0x00']
17:23:13.701  DEBUG   [poll]    -> read  st0cur    
17:23:13.705  DEBUG   [poll]    <- read  st0cur     ret=0  data=['0xfd', '0x01', '0x01', '0x02']
17:23:14.706  DEBUG   [poll]    -> read  st2mot    
17:23:14.710  DEBUG   [poll]    <- read  st2mot     ret=0  data=['0x00', '0x00']
17:23:14.710  DEBUG   [poll]    -> read  st0cur    
17:23:14.714  DEBUG   [poll]    <- read  st0cur     ret=0  data=['0xfd', '0x01', '0x01', '0x02']
17:23:15.716  DEBUG   [poll]    -> read  st2mot    
17:23:15.719  DEBUG   [poll]    <- read  st2mot     ret=0  data=['0x00', '0x00']
17:23:15.720  DEBUG   [poll]    -> read  st0cur    
17:23:15.724  DEBUG   [poll]    <- read  st0cur     ret=0  data=['0xfd', '0x01', '0x01', '0x02']
17:23:16.726  DEBUG   [poll]    -> read  st2mot    
17:23:16.729  DEBUG   [poll]    <- read  st2mot     ret=0  data=['0x00', '0x00']
17:23:16.729  DEBUG   [poll]    -> read  st0cur    
17:23:16.734  DEBUG   [poll]    <- read  st0cur     ret=0  data=['0xfd', '0x01', '0x01', '0x02']
17:23:17.735  DEBUG   [poll]    -> read  st2mot    
17:23:17.738  DEBUG   [poll]    <- read  st2mot     ret=0  data=['0x00', '0x00']
17:23:17.739  DEBUG   [poll]    -> read  st0cur    
17:23:17.743  DEBUG   [poll]    <- read  st0cur     ret=0  data=['0xfe', '0x01', '0x01', '0x02']
17:23:18.745  DEBUG   [poll]    -> read  st2mot    
17:23:18.748  DEBUG   [poll]    <- read  st2mot     ret=0  data=['0x00', '0x00']
17:23:18.748  DEBUG   [poll]    -> read  st0cur    
17:23:18.752  DEBUG   [poll]    <- read  st0cur     ret=0  data=['0xfe', '0x01', '0x01', '0x02']
17:23:19.753  DEBUG   [poll]    -> read  st2mot    
17:23:19.757  DEBUG   [poll]    <- read  st2mot     ret=0  data=['0x00', '0x00']
17:23:19.757  DEBUG   [poll]    -> read  st0cur    
17:23:19.761  DEBUG   [poll]    <- read  st0cur     ret=0  data=['0xfd', '0x01', '0x01', '0x02']
17:23:20.763  DEBUG   [poll]    -> read  st2mot    
17:23:20.766  DEBUG   [poll]    <- read  st2mot     ret=0  data=['0x00', '0x00']
17:23:20.767  DEBUG   [poll]    -> read  st0cur    
17:23:20.771  DEBUG   [poll]    <- read  st0cur     ret=0  data=['0xfd', '0x01', '0x01', '0x02']
17:23:21.773  DEBUG   [poll]    -> read  st2mot    
17:23:21.776  DEBUG   [poll]    <- read  st2mot     ret=0  data=['0x00', '0x00']
17:23:21.777  DEBUG   [poll]    -> read  st0cur    
17:23:21.781  DEBUG   [poll]    <- read  st0cur     ret=0  data=['0xfe', '0x01', '0x01', '0x02']
17:23:22.782  DEBUG   [poll]    -> read  st2mot    
17:23:22.786  DEBUG   [poll]    <- read  st2mot     ret=0  data=['0x00', '0x00']
17:23:22.786  DEBUG   [poll]    -> read  st0cur    
17:23:22.790  DEBUG   [poll]    <- read  st0cur     ret=0  data=['0xfd', '0x01', '0x00', '0x02']
17:23:23.792  DEBUG   [poll]    -> read  st2mot    
17:23:23.795  DEBUG   [poll]    <- read  st2mot     ret=0  data=['0x00', '0x00']
17:23:23.795  DEBUG   [poll]    -> read  st0cur    
17:23:23.800  DEBUG   [poll]    <- read  st0cur     ret=0  data=['0xfd', '0x01', '0x01', '0x02']
17:23:24.801  DEBUG   [poll]    -> read  st2mot    
17:23:24.805  DEBUG   [poll]    <- read  st2mot     ret=0  data=['0x00', '0x00']
17:23:24.805  DEBUG   [poll]    -> read  st0cur    
17:23:24.809  DEBUG   [poll]    <- read  st0cur     ret=0  data=['0xfd', '0x01', '0x01', '0x02']
17:23:25.811  DEBUG   [poll]    -> read  st2mot    
17:23:25.814  DEBUG   [poll]    <- read  st2mot     ret=0  data=['0x00', '0x00']
17:23:25.816  DEBUG   [poll]    -> read  st0cur    
17:23:25.821  DEBUG   [poll]    <- read  st0cur     ret=0  data=['0xfe', '0x01', '0x01', '0x02']
17:23:26.822  DEBUG   [poll]    -> read  st2mot    
17:23:26.825  DEBUG   [poll]    <- read  st2mot     ret=0  data=['0x00', '0x00']
17:23:26.826  DEBUG   [poll]    -> read  st0cur    
17:23:26.830  DEBUG   [poll]    <- read  st0cur     ret=0  data=['0xfd', '0x01', '0x01', '0x02']
17:23:27.832  DEBUG   [poll]    -> read  st2mot    
17:23:27.835  DEBUG   [poll]    <- read  st2mot     ret=0  data=['0x00', '0x00']
17:23:27.835  DEBUG   [poll]    -> read  st0cur    
17:23:27.839  DEBUG   [poll]    <- read  st0cur     ret=0  data=['0xfd', '0x01', '0x01', '0x02']
17:23:28.841  DEBUG   [poll]    -> read  st2mot    
17:23:28.844  DEBUG   [poll]    <- read  st2mot     ret=0  data=['0x00', '0x00']
17:23:28.845  DEBUG   [poll]    -> read  st0cur    
17:23:28.849  DEBUG   [poll]    <- read  st0cur     ret=0  data=['0xfd', '0x01', '0x01', '0x02']
17:23:29.850  DEBUG   [poll]    -> read  st2mot    
17:23:29.854  DEBUG   [poll]    <- read  st2mot     ret=0  data=['0x00', '0x00']
17:23:29.854  DEBUG   [poll]    -> read  st0cur    
17:23:29.858  DEBUG   [poll]    <- read  st0cur     ret=0  data=['0xfd', '0x01', '0x01', '0x02']
17:23:30.860  DEBUG   [poll]    -> read  st2mot    
17:23:30.863  DEBUG   [poll]    <- read  st2mot     ret=0  data=['0x00', '0x00']
17:23:30.864  DEBUG   [poll]    -> read  st0cur    
17:23:30.869  DEBUG   [poll]    <- read  st0cur     ret=0  data=['0xfd', '0x01', '0x00', '0x02']
17:23:31.870  DEBUG   [poll]    -> read  st2mot    
17:23:31.873  DEBUG   [poll]    <- read  st2mot     ret=0  data=['0x00', '0x00']
17:23:31.874  DEBUG   [poll]    -> read  st0cur    
17:23:31.878  DEBUG   [poll]    <- read  st0cur     ret=0  data=['0xfd', '0x01', '0x01', '0x02']
17:23:32.880  DEBUG   [poll]    -> read  st2mot    
17:23:32.883  DEBUG   [poll]    <- read  st2mot     ret=0  data=['0x00', '0x00']
17:23:32.883  DEBUG   [poll]    -> read  st0cur    
17:23:32.888  DEBUG   [poll]    <- read  st0cur     ret=0  data=['0xfd', '0x01', '0x01', '0x02']
17:23:33.889  DEBUG   [poll]    -> read  st2mot    
17:23:33.892  DEBUG   [poll]    <- read  st2mot     ret=0  data=['0x00', '0x00']
17:23:33.893  DEBUG   [poll]    -> read  st0cur    
17:23:33.897  DEBUG   [poll]    <- read  st0cur     ret=0  data=['0xfd', '0x01', '0x01', '0x02']
17:23:34.899  DEBUG   [poll]    -> read  st2mot    
17:23:34.902  DEBUG   [poll]    <- read  st2mot     ret=0  data=['0x00', '0x00']
17:23:34.902  DEBUG   [poll]    -> read  st0cur    
17:23:34.906  DEBUG   [poll]    <- read  st0cur     ret=0  data=['0xfd', '0x01', '0x01', '0x02']
17:23:35.908  DEBUG   [poll]    -> read  st2mot    
17:23:35.911  DEBUG   [poll]    <- read  st2mot     ret=0  data=['0x00', '0x00']
17:23:35.913  DEBUG   [poll]    -> read  st0cur    
17:23:35.917  DEBUG   [poll]    <- read  st0cur     ret=0  data=['0xfd', '0x01', '0x01', '0x02']
17:23:36.918  DEBUG   [poll]    -> read  st2mot    
17:23:36.922  DEBUG   [poll]    <- read  st2mot     ret=0  data=['0x00', '0x00']
17:23:36.922  DEBUG   [poll]    -> read  st0cur    
17:23:36.926  DEBUG   [poll]    <- read  st0cur     ret=0  data=['0xfd', '0x01', '0x01', '0x02']
17:23:37.928  DEBUG   [poll]    -> read  st2mot    
17:23:37.931  DEBUG   [poll]    <- read  st2mot     ret=0  data=['0x00', '0x00']
17:23:37.932  DEBUG   [poll]    -> read  st0cur    
17:23:37.936  DEBUG   [poll]    <- read  st0cur     ret=0  data=['0xfd', '0x01', '0x01', '0x02']
17:23:38.937  DEBUG   [poll]    -> read  st2mot    
17:23:38.941  DEBUG   [poll]    <- read  st2mot     ret=0  data=['0x00', '0x00']
17:23:38.941  DEBUG   [poll]    -> read  st0cur    
17:23:38.945  DEBUG   [poll]    <- read  st0cur     ret=0  data=['0xfe', '0x01', '0x01', '0x02']
17:23:39.947  DEBUG   [poll]    -> read  st2mot    
17:23:39.950  DEBUG   [poll]    <- read  st2mot     ret=0  data=['0x00', '0x00']
17:23:39.950  DEBUG   [poll]    -> read  st0cur    
17:23:39.955  DEBUG   [poll]    <- read  st0cur     ret=0  data=['0xfd', '0x01', '0x01', '0x02']
17:23:40.956  DEBUG   [poll]    -> read  st2mot    
17:23:40.960  DEBUG   [poll]    <- read  st2mot     ret=0  data=['0x00', '0x00']
17:23:40.960  DEBUG   [poll]    -> read  st0cur    
17:23:40.964  DEBUG   [poll]    <- read  st0cur     ret=0  data=['0xfd', '0x01', '0x01', '0x02']
17:23:41.966  DEBUG   [poll]    -> read  st2mot    
17:23:41.969  DEBUG   [poll]    <- read  st2mot     ret=0  data=['0x00', '0x00']
17:23:41.969  DEBUG   [poll]    -> read  st0cur    
17:23:41.974  DEBUG   [poll]    <- read  st0cur     ret=0  data=['0xfd', '0x01', '0x01', '0x02']
17:23:42.975  DEBUG   [poll]    -> read  st2mot    
17:23:42.978  DEBUG   [poll]    <- read  st2mot     ret=0  data=['0x00', '0x00']
17:23:42.979  DEBUG   [poll]    -> read  st0cur    
17:23:42.983  DEBUG   [poll]    <- read  st0cur     ret=0  data=['0xfd', '0x01', '0x01', '0x02']
17:23:43.984  DEBUG   [poll]    -> read  st2mot    
17:23:43.988  DEBUG   [poll]    <- read  st2mot     ret=0  data=['0x00', '0x00']
17:23:43.988  DEBUG   [poll]    -> read  st0cur    
17:23:43.992  DEBUG   [poll]    <- read  st0cur     ret=0  data=['0xfd', '0x01', '0x01', '0x02']
17:23:44.994  DEBUG   [poll]    -> read  st2mot    
17:23:44.997  DEBUG   [poll]    <- read  st2mot     ret=0  data=['0x00', '0x00']
17:23:44.998  DEBUG   [poll]    -> read  st0cur    
17:23:45.002  DEBUG   [poll]    <- read  st0cur     ret=0  data=['0xfd', '0x01', '0x01', '0x02']
17:23:46.003  DEBUG   [poll]    -> read  st2mot    
17:23:46.007  DEBUG   [poll]    <- read  st2mot     ret=0  data=['0x00', '0x00']
17:23:46.007  DEBUG   [poll]    -> read  st0cur    
17:23:46.012  DEBUG   [poll]    <- read  st0cur     ret=0  data=['0xfd', '0x01', '0x01', '0x02']
17:23:47.013  DEBUG   [poll]    -> read  st2mot    
17:23:47.016  DEBUG   [poll]    <- read  st2mot     ret=0  data=['0x00', '0x00']
17:23:47.017  DEBUG   [poll]    -> read  st0cur    
17:23:47.021  DEBUG   [poll]    <- read  st0cur     ret=0  data=['0xfd', '0x01', '0x01', '0x02']
17:23:48.023  DEBUG   [poll]    -> read  st2mot    
17:23:48.026  DEBUG   [poll]    <- read  st2mot     ret=0  data=['0x00', '0x00']
17:23:48.026  DEBUG   [poll]    -> read  st0cur    
17:23:48.030  DEBUG   [poll]    <- read  st0cur     ret=0  data=['0xfd', '0x01', '0x01', '0x02']
17:23:49.032  DEBUG   [poll]    -> read  st2mot    
17:23:49.035  DEBUG   [poll]    <- read  st2mot     ret=0  data=['0x00', '0x00']
17:23:49.036  DEBUG   [poll]    -> read  st0cur    
17:23:49.040  DEBUG   [poll]    <- read  st0cur     ret=0  data=['0xfd', '0x01', '0x01', '0x02']
17:23:50.041  DEBUG   [poll]    -> read  st2mot    
17:23:50.045  DEBUG   [poll]    <- read  st2mot     ret=0  data=['0x00', '0x00']
17:23:50.045  DEBUG   [poll]    -> read  st0cur    
17:23:50.049  DEBUG   [poll]    <- read  st0cur     ret=0  data=['0xfd', '0x01', '0x01', '0x02']
17:23:51.051  DEBUG   [poll]    -> read  st2mot    
17:23:51.054  DEBUG   [poll]    <- read  st2mot     ret=0  data=['0x00', '0x00']
17:23:51.055  DEBUG   [poll]    -> read  st0cur    
17:23:51.059  DEBUG   [poll]    <- read  st0cur     ret=0  data=['0xfd', '0x01', '0x01', '0x02']
17:23:52.061  DEBUG   [poll]    -> read  st2mot    
17:23:52.064  DEBUG   [poll]    <- read  st2mot     ret=0  data=['0x00', '0x00']
17:23:52.064  DEBUG   [poll]    -> read  st0cur    
17:23:52.069  DEBUG   [poll]    <- read  st0cur     ret=0  data=['0xfd', '0x01', '0x01', '0x02']
17:23:53.070  DEBUG   [poll]    -> read  st2mot    
17:23:53.074  DEBUG   [poll]    <- read  st2mot     ret=0  data=['0x00', '0x00']
17:23:53.074  DEBUG   [poll]    -> read  st0cur    
17:23:53.078  DEBUG   [poll]    <- read  st0cur     ret=0  data=['0xfd', '0x01', '0x01', '0x02']
17:23:54.080  DEBUG   [poll]    -> read  st2mot    
17:23:54.083  DEBUG   [poll]    <- read  st2mot     ret=0  data=['0x00', '0x00']
17:23:54.083  DEBUG   [poll]    -> read  st0cur    
17:23:54.088  DEBUG   [poll]    <- read  st0cur     ret=0  data=['0xfd', '0x01', '0x01', '0x02']
17:23:55.089  DEBUG   [poll]    -> read  st2mot    
17:23:55.092  DEBUG   [poll]    <- read  st2mot     ret=0  data=['0x00', '0x00']
17:23:55.093  DEBUG   [poll]    -> read  st0cur    
17:23:55.097  DEBUG   [poll]    <- read  st0cur     ret=0  data=['0xfd', '0x01', '0x01', '0x02']
17:23:56.098  DEBUG   [poll]    -> read  st2mot    
17:23:56.102  DEBUG   [poll]    <- read  st2mot     ret=0  data=['0x00', '0x00']
17:23:56.102  DEBUG   [poll]    -> read  st0cur    
17:23:56.107  DEBUG   [poll]    <- read  st0cur     ret=0  data=['0xfd', '0x01', '0x01', '0x02']
17:23:57.108  DEBUG   [poll]    -> read  st2mot    
17:23:57.111  DEBUG   [poll]    <- read  st2mot     ret=0  data=['0x00', '0x00']
17:23:57.112  DEBUG   [poll]    -> read  st0cur    
17:23:57.116  DEBUG   [poll]    <- read  st0cur     ret=0  data=['0xfd', '0x01', '0x01', '0x02']
17:23:58.117  DEBUG   [poll]    -> read  st2mot    
17:23:58.121  DEBUG   [poll]    <- read  st2mot     ret=0  data=['0x00', '0x00']
17:23:58.121  DEBUG   [poll]    -> read  st0cur    
17:23:58.125  DEBUG   [poll]    <- read  st0cur     ret=0  data=['0xfe', '0x01', '0x01', '0x02']
17:23:59.127  DEBUG   [poll]    -> read  st2mot    
17:23:59.130  DEBUG   [poll]    <- read  st2mot     ret=0  data=['0x00', '0x00']
17:23:59.131  DEBUG   [poll]    -> read  st0cur    
17:23:59.135  DEBUG   [poll]    <- read  st0cur     ret=0  data=['0xfd', '0x01', '0x01', '0x02']
17:24:00.136  DEBUG   [poll]    -> read  st2mot    
17:24:00.140  DEBUG   [poll]    <- read  st2mot     ret=0  data=['0x00', '0x00']
17:24:00.140  DEBUG   [poll]    -> read  st0cur    
17:24:00.144  DEBUG   [poll]    <- read  st0cur     ret=0  data=['0xfd', '0x01', '0x01', '0x02']
17:24:01.146  DEBUG   [poll]    -> read  st2mot    
17:24:01.149  DEBUG   [poll]    <- read  st2mot     ret=0  data=['0x00', '0x00']
17:24:01.150  DEBUG   [poll]    -> read  st0cur    
17:24:01.154  DEBUG   [poll]    <- read  st0cur     ret=0  data=['0xfd', '0x01', '0x01', '0x02']
17:24:02.155  DEBUG   [poll]    -> read  st2mot    
17:24:02.159  DEBUG   [poll]    <- read  st2mot     ret=0  data=['0x00', '0x00']
17:24:02.160  DEBUG   [poll]    -> read  st0cur    
17:24:02.164  DEBUG   [poll]    <- read  st0cur     ret=0  data=['0xfd', '0x01', '0x01', '0x02']
17:24:03.165  DEBUG   [poll]    -> read  st2mot    
17:24:03.169  DEBUG   [poll]    <- read  st2mot     ret=0  data=['0x00', '0x00']
17:24:03.169  DEBUG   [poll]    -> read  st0cur    
17:24:03.173  DEBUG   [poll]    <- read  st0cur     ret=0  data=['0xfd', '0x01', '0x01', '0x02']
17:24:04.175  DEBUG   [poll]    -> read  st2mot    
17:24:04.178  DEBUG   [poll]    <- read  st2mot     ret=0  data=['0x00', '0x00']
17:24:04.179  DEBUG   [poll]    -> read  st0cur    
17:24:04.183  DEBUG   [poll]    <- read  st0cur     ret=0  data=['0xfd', '0x01', '0x01', '0x02']
17:24:05.184  DEBUG   [poll]    -> read  st2mot    
17:24:05.188  DEBUG   [poll]    <- read  st2mot     ret=0  data=['0x00', '0x00']
17:24:05.188  DEBUG   [poll]    -> read  st0cur    
17:24:05.193  DEBUG   [poll]    <- read  st0cur     ret=0  data=['0xfd', '0x01', '0x01', '0x02']
17:24:06.194  DEBUG   [poll]    -> read  st2mot    
17:24:06.197  DEBUG   [poll]    <- read  st2mot     ret=0  data=['0x00', '0x00']
17:24:06.198  DEBUG   [poll]    -> read  st0cur    
17:24:06.202  DEBUG   [poll]    <- read  st0cur     ret=0  data=['0xfd', '0x01', '0x01', '0x02']
17:24:07.203  DEBUG   [poll]    -> read  st2mot    
17:24:07.207  DEBUG   [poll]    <- read  st2mot     ret=0  data=['0x00', '0x00']
17:24:07.207  DEBUG   [poll]    -> read  st0cur    
17:24:07.211  DEBUG   [poll]    <- read  st0cur     ret=0  data=['0xfd', '0x01', '0x00', '0x02']
17:24:08.213  DEBUG   [poll]    -> read  st2mot    
17:24:08.216  DEBUG   [poll]    <- read  st2mot     ret=0  data=['0x00', '0x00']
17:24:08.217  DEBUG   [poll]    -> read  st0cur    
17:24:08.221  DEBUG   [poll]    <- read  st0cur     ret=0  data=['0xfd', '0x01', '0x01', '0x02']
17:24:09.222  DEBUG   [poll]    -> read  st2mot    
17:24:09.226  DEBUG   [poll]    <- read  st2mot     ret=0  data=['0x00', '0x00']
17:24:09.226  DEBUG   [poll]    -> read  st0cur    
17:24:09.230  DEBUG   [poll]    <- read  st0cur     ret=0  data=['0xfd', '0x01', '0x01', '0x02']
17:24:10.232  DEBUG   [poll]    -> read  st2mot    
17:24:10.235  DEBUG   [poll]    <- read  st2mot     ret=0  data=['0x00', '0x00']
17:24:10.235  DEBUG   [poll]    -> read  st0cur    
17:24:10.240  DEBUG   [poll]    <- read  st0cur     ret=0  data=['0xfd', '0x01', '0x01', '0x02']
17:24:11.241  DEBUG   [poll]    -> read  st2mot    
17:24:11.244  DEBUG   [poll]    <- read  st2mot     ret=0  data=['0x00', '0x00']
17:24:11.245  DEBUG   [poll]    -> read  st0cur    
17:24:11.249  DEBUG   [poll]    <- read  st0cur     ret=0  data=['0xfd', '0x01', '0x01', '0x02']
17:24:12.251  DEBUG   [poll]    -> read  st2mot    
17:24:12.254  DEBUG   [poll]    <- read  st2mot     ret=0  data=['0x00', '0x00']
17:24:12.254  DEBUG   [poll]    -> read  st0cur    
17:24:12.259  DEBUG   [poll]    <- read  st0cur     ret=0  data=['0xfd', '0x01', '0x01', '0x02']
17:24:13.260  DEBUG   [poll]    -> read  st2mot    
17:24:13.264  DEBUG   [poll]    <- read  st2mot     ret=0  data=['0x00', '0x00']
17:24:13.264  DEBUG   [poll]    -> read  st0cur    
17:24:13.268  DEBUG   [poll]    <- read  st0cur     ret=0  data=['0xfd', '0x01', '0x01', '0x02']
17:24:14.270  DEBUG   [poll]    -> read  st2mot    
17:24:14.273  DEBUG   [poll]    <- read  st2mot     ret=0  data=['0x00', '0x00']
17:24:14.273  DEBUG   [poll]    -> read  st0cur    
17:24:14.278  DEBUG   [poll]    <- read  st0cur     ret=0  data=['0xfd', '0x01', '0x01', '0x02']
17:24:15.279  DEBUG   [poll]    -> read  st2mot    
17:24:15.282  DEBUG   [poll]    <- read  st2mot     ret=0  data=['0x00', '0x00']
17:24:15.283  DEBUG   [poll]    -> read  st0cur    
17:24:15.287  DEBUG   [poll]    <- read  st0cur     ret=0  data=['0xfe', '0x01', '0x01', '0x02']
17:24:16.289  DEBUG   [poll]    -> read  st2mot    
17:24:16.292  DEBUG   [poll]    <- read  st2mot     ret=0  data=['0x00', '0x00']
17:24:16.293  DEBUG   [poll]    -> read  st0cur    
17:24:16.297  DEBUG   [poll]    <- read  st0cur     ret=0  data=['0xfd', '0x01', '0x01', '0x02']
17:24:17.298  DEBUG   [poll]    -> read  st2mot    
17:24:17.302  DEBUG   [poll]    <- read  st2mot     ret=0  data=['0x00', '0x00']
17:24:17.302  DEBUG   [poll]    -> read  st0cur    
17:24:17.306  DEBUG   [poll]    <- read  st0cur     ret=0  data=['0xfd', '0x01', '0x01', '0x02']
17:24:18.308  DEBUG   [poll]    -> read  st2mot    
17:24:18.311  DEBUG   [poll]    <- read  st2mot     ret=0  data=['0x00', '0x00']
17:24:18.311  DEBUG   [poll]    -> read  st0cur    
17:24:18.315  DEBUG   [poll]    <- read  st0cur     ret=0  data=['0xfd', '0x01', '0x01', '0x02']
17:24:19.317  DEBUG   [poll]    -> read  st2mot    
17:24:19.320  DEBUG   [poll]    <- read  st2mot     ret=0  data=['0x00', '0x00']
17:24:19.321  DEBUG   [poll]    -> read  st0cur    
17:24:19.325  DEBUG   [poll]    <- read  st0cur     ret=0  data=['0xfd', '0x01', '0x01', '0x02']
17:24:20.327  DEBUG   [poll]    -> read  st2mot    
17:24:20.330  DEBUG   [poll]    <- read  st2mot     ret=0  data=['0x00', '0x00']
17:24:20.330  DEBUG   [poll]    -> read  st0cur    
17:24:20.335  DEBUG   [poll]    <- read  st0cur     ret=0  data=['0xfd', '0x01', '0x01', '0x02']
17:24:21.336  DEBUG   [poll]    -> read  st2mot    
17:24:21.339  DEBUG   [poll]    <- read  st2mot     ret=0  data=['0x00', '0x00']
17:24:21.340  DEBUG   [poll]    -> read  st0cur    
17:24:21.345  DEBUG   [poll]    <- read  st0cur     ret=0  data=['0xfd', '0x01', '0x01', '0x02']
17:24:22.346  DEBUG   [poll]    -> read  st2mot    
17:24:22.349  DEBUG   [poll]    <- read  st2mot     ret=0  data=['0x00', '0x00']
17:24:22.350  DEBUG   [poll]    -> read  st0cur    
17:24:22.354  DEBUG   [poll]    <- read  st0cur     ret=0  data=['0xfd', '0x01', '0x01', '0x02']
17:24:23.356  DEBUG   [poll]    -> read  st2mot    
17:24:23.359  DEBUG   [poll]    <- read  st2mot     ret=0  data=['0x00', '0x00']
17:24:23.359  DEBUG   [poll]    -> read  st0cur    
17:24:23.363  DEBUG   [poll]    <- read  st0cur     ret=0  data=['0xfd', '0x01', '0x01', '0x02']
17:24:24.365  DEBUG   [poll]    -> read  st2mot    
17:24:24.368  DEBUG   [poll]    <- read  st2mot     ret=0  data=['0x00', '0x00']
17:24:24.369  DEBUG   [poll]    -> read  st0cur    
17:24:24.373  DEBUG   [poll]    <- read  st0cur     ret=0  data=['0xfd', '0x01', '0x01', '0x02']
17:24:25.374  DEBUG   [poll]    -> read  st2mot    
17:24:25.378  DEBUG   [poll]    <- read  st2mot     ret=0  data=['0x00', '0x00']
17:24:25.378  DEBUG   [poll]    -> read  st0cur    
17:24:25.382  DEBUG   [poll]    <- read  st0cur     ret=0  data=['0xfd', '0x01', '0x01', '0x02']
17:24:26.384  DEBUG   [poll]    -> read  st2mot    
17:24:26.387  DEBUG   [poll]    <- read  st2mot     ret=0  data=['0x00', '0x00']
17:24:26.388  DEBUG   [poll]    -> read  st0cur    
17:24:26.392  DEBUG   [poll]    <- read  st0cur     ret=0  data=['0xfd', '0x01', '0x01', '0x02']
17:24:27.394  DEBUG   [poll]    -> read  st2mot    
17:24:27.397  DEBUG   [poll]    <- read  st2mot     ret=0  data=['0x00', '0x00']
17:24:27.397  DEBUG   [poll]    -> read  st0cur    
17:24:27.401  DEBUG   [poll]    <- read  st0cur     ret=0  data=['0xfd', '0x01', '0x01', '0x02']
17:24:28.403  DEBUG   [poll]    -> read  st2mot    
17:24:28.406  DEBUG   [poll]    <- read  st2mot     ret=0  data=['0x00', '0x00']
17:24:28.407  DEBUG   [poll]    -> read  st0cur    
17:24:28.411  DEBUG   [poll]    <- read  st0cur     ret=0  data=['0xfd', '0x01', '0x01', '0x02']
17:24:29.412  DEBUG   [poll]    -> read  st2mot    
17:24:29.416  DEBUG   [poll]    <- read  st2mot     ret=0  data=['0x00', '0x00']
17:24:29.416  DEBUG   [poll]    -> read  st0cur    
17:24:29.420  DEBUG   [poll]    <- read  st0cur     ret=0  data=['0xfd', '0x01', '0x01', '0x02']
17:24:30.422  DEBUG   [poll]    -> read  st2mot    
17:24:30.425  DEBUG   [poll]    <- read  st2mot     ret=0  data=['0x00', '0x00']
17:24:30.426  DEBUG   [poll]    -> read  st0cur    
17:24:30.430  DEBUG   [poll]    <- read  st0cur     ret=0  data=['0xfe', '0x01', '0x02', '0x02']
17:24:31.431  DEBUG   [poll]    -> read  st2mot    
17:24:31.435  DEBUG   [poll]    <- read  st2mot     ret=0  data=['0x00', '0x00']
17:24:31.435  DEBUG   [poll]    -> read  st0cur    
17:24:31.439  DEBUG   [poll]    <- read  st0cur     ret=0  data=['0xfd', '0x01', '0x01', '0x02']
17:24:32.441  DEBUG   [poll]    -> read  st2mot    
17:24:32.444  DEBUG   [poll]    <- read  st2mot     ret=0  data=['0x00', '0x00']
17:24:32.445  DEBUG   [poll]    -> read  st0cur    
17:24:32.449  DEBUG   [poll]    <- read  st0cur     ret=0  data=['0xfd', '0x01', '0x01', '0x02']
17:24:33.450  DEBUG   [poll]    -> read  st2mot    
17:24:33.454  DEBUG   [poll]    <- read  st2mot     ret=0  data=['0x00', '0x00']
17:24:33.454  DEBUG   [poll]    -> read  st0cur    
17:24:33.458  DEBUG   [poll]    <- read  st0cur     ret=0  data=['0xfd', '0x01', '0x01', '0x02']
17:24:34.460  DEBUG   [poll]    -> read  st2mot    
17:24:34.463  DEBUG   [poll]    <- read  st2mot     ret=0  data=['0x00', '0x00']
17:24:34.464  DEBUG   [poll]    -> read  st0cur    
17:24:34.468  DEBUG   [poll]    <- read  st0cur     ret=0  data=['0xfd', '0x01', '0x01', '0x02']
17:24:35.470  DEBUG   [poll]    -> read  st2mot    
17:24:35.473  DEBUG   [poll]    <- read  st2mot     ret=0  data=['0x00', '0x00']
17:24:35.473  DEBUG   [poll]    -> read  st0cur    
17:24:35.478  DEBUG   [poll]    <- read  st0cur     ret=0  data=['0xfd', '0x01', '0x01', '0x02']
17:24:36.479  DEBUG   [poll]    -> read  st2mot    
17:24:36.483  DEBUG   [poll]    <- read  st2mot     ret=0  data=['0x00', '0x00']
17:24:36.483  DEBUG   [poll]    -> read  st0cur    
17:24:36.487  DEBUG   [poll]    <- read  st0cur     ret=0  data=['0xfd', '0x01', '0x01', '0x02']
17:24:37.489  DEBUG   [poll]    -> read  st2mot    
17:24:37.492  DEBUG   [poll]    <- read  st2mot     ret=0  data=['0x00', '0x00']
17:24:37.493  DEBUG   [poll]    -> read  st0cur    
17:24:37.497  DEBUG   [poll]    <- read  st0cur     ret=0  data=['0xfd', '0x01', '0x01', '0x02']
17:24:38.498  DEBUG   [poll]    -> read  st2mot    
17:24:38.502  DEBUG   [poll]    <- read  st2mot     ret=0  data=['0x00', '0x00']
17:24:38.502  DEBUG   [poll]    -> read  st0cur    
17:24:38.506  DEBUG   [poll]    <- read  st0cur     ret=0  data=['0xfd', '0x01', '0x01', '0x02']
17:24:39.508  DEBUG   [poll]    -> read  st2mot    
17:24:39.511  DEBUG   [poll]    <- read  st2mot     ret=0  data=['0x00', '0x00']
17:24:39.511  DEBUG   [poll]    -> read  st0cur    
17:24:39.516  DEBUG   [poll]    <- read  st0cur     ret=0  data=['0xfd', '0x01', '0x01', '0x02']
17:24:40.517  DEBUG   [poll]    -> read  st2mot    
17:24:40.520  DEBUG   [poll]    <- read  st2mot     ret=0  data=['0x00', '0x00']
17:24:40.521  DEBUG   [poll]    -> read  st0cur    
17:24:40.525  DEBUG   [poll]    <- read  st0cur     ret=0  data=['0xfe', '0x01', '0x01', '0x02']
17:24:41.526  DEBUG   [poll]    -> read  st2mot    
17:24:41.530  DEBUG   [poll]    <- read  st2mot     ret=0  data=['0x00', '0x00']
17:24:41.530  DEBUG   [poll]    -> read  st0cur    
17:24:41.535  DEBUG   [poll]    <- read  st0cur     ret=0  data=['0xfd', '0x01', '0x01', '0x02']
17:24:42.536  DEBUG   [poll]    -> read  st2mot    
17:24:42.539  DEBUG   [poll]    <- read  st2mot     ret=0  data=['0x00', '0x00']
17:24:42.540  DEBUG   [poll]    -> read  st0cur    
17:24:42.544  DEBUG   [poll]    <- read  st0cur     ret=0  data=['0xfd', '0x01', '0x01', '0x02']
17:24:43.545  DEBUG   [poll]    -> read  st2mot    
17:24:43.549  DEBUG   [poll]    <- read  st2mot     ret=0  data=['0x00', '0x00']
17:24:43.549  DEBUG   [poll]    -> read  st0cur    
17:24:43.553  DEBUG   [poll]    <- read  st0cur     ret=0  data=['0xfd', '0x01', '0x01', '0x02']
17:24:44.555  DEBUG   [poll]    -> read  st2mot    
17:24:44.558  DEBUG   [poll]    <- read  st2mot     ret=0  data=['0x00', '0x00']
17:24:44.559  DEBUG   [poll]    -> read  st0cur    
17:24:44.563  DEBUG   [poll]    <- read  st0cur     ret=0  data=['0xfd', '0x01', '0x01', '0x02']
17:24:45.563  DEBUG   [poll]    -> read  st2mot    
17:24:45.567  DEBUG   [poll]    <- read  st2mot     ret=0  data=['0x00', '0x00']
17:24:45.567  DEBUG   [poll]    -> read  st0cur    
17:24:45.571  DEBUG   [poll]    <- read  st0cur     ret=0  data=['0xfe', '0x01', '0x01', '0x02']
17:24:46.573  DEBUG   [poll]    -> read  st2mot    
17:24:46.576  DEBUG   [poll]    <- read  st2mot     ret=0  data=['0x00', '0x00']
17:24:46.577  DEBUG   [poll]    -> read  st0cur    
17:24:46.581  DEBUG   [poll]    <- read  st0cur     ret=0  data=['0xfd', '0x01', '0x01', '0x02']
17:24:47.583  DEBUG   [poll]    -> read  st2mot    
17:24:47.586  DEBUG   [poll]    <- read  st2mot     ret=0  data=['0x00', '0x00']
17:24:47.586  DEBUG   [poll]    -> read  st0cur    
17:24:47.590  DEBUG   [poll]    <- read  st0cur     ret=0  data=['0xfd', '0x01', '0x01', '0x02']
17:24:48.592  DEBUG   [poll]    -> read  st2mot    
17:24:48.595  DEBUG   [poll]    <- read  st2mot     ret=0  data=['0x00', '0x00']
17:24:48.596  DEBUG   [poll]    -> read  st0cur    
17:24:48.600  DEBUG   [poll]    <- read  st0cur     ret=0  data=['0xfd', '0x01', '0x01', '0x02']
17:24:49.601  DEBUG   [poll]    -> read  st2mot    
17:24:49.605  DEBUG   [poll]    <- read  st2mot     ret=0  data=['0x00', '0x00']
17:24:49.605  DEBUG   [poll]    -> read  st0cur    
17:24:49.609  DEBUG   [poll]    <- read  st0cur     ret=0  data=['0xfe', '0x01', '0x01', '0x02']
17:24:50.611  DEBUG   [poll]    -> read  st2mot    
17:24:50.614  DEBUG   [poll]    <- read  st2mot     ret=0  data=['0x00', '0x00']
17:24:50.615  DEBUG   [poll]    -> read  st0cur    
17:24:50.619  DEBUG   [poll]    <- read  st0cur     ret=0  data=['0xfd', '0x01', '0x01', '0x02']
17:24:51.620  DEBUG   [poll]    -> read  st2mot    
17:24:51.624  DEBUG   [poll]    <- read  st2mot     ret=0  data=['0x00', '0x00']
17:24:51.624  DEBUG   [poll]    -> read  st0cur    
17:24:51.629  DEBUG   [poll]    <- read  st0cur     ret=0  data=['0xfd', '0x01', '0x01', '0x02']
17:24:52.630  DEBUG   [poll]    -> read  st2mot    
17:24:52.633  DEBUG   [poll]    <- read  st2mot     ret=0  data=['0x00', '0x00']
17:24:52.634  DEBUG   [poll]    -> read  st0cur    
17:24:52.638  DEBUG   [poll]    <- read  st0cur     ret=0  data=['0xfd', '0x01', '0x01', '0x02']
17:24:53.639  DEBUG   [poll]    -> read  st2mot    
17:24:53.643  DEBUG   [poll]    <- read  st2mot     ret=0  data=['0x00', '0x00']
17:24:53.643  DEBUG   [poll]    -> read  st0cur    
17:24:53.647  DEBUG   [poll]    <- read  st0cur     ret=0  data=['0xfd', '0x01', '0x01', '0x02']
17:24:54.649  DEBUG   [poll]    -> read  st2mot    
17:24:54.652  DEBUG   [poll]    <- read  st2mot     ret=0  data=['0x00', '0x00']
17:24:54.653  DEBUG   [poll]    -> read  st0cur    
17:24:54.657  DEBUG   [poll]    <- read  st0cur     ret=0  data=['0xfe', '0x01', '0x01', '0x02']
17:24:55.658  DEBUG   [poll]    -> read  st2mot    
17:24:55.662  DEBUG   [poll]    <- read  st2mot     ret=0  data=['0x00', '0x00']
17:24:55.662  DEBUG   [poll]    -> read  st0cur    
17:24:55.666  DEBUG   [poll]    <- read  st0cur     ret=0  data=['0xfd', '0x01', '0x01', '0x02']
17:24:56.668  DEBUG   [poll]    -> read  st2mot    
17:24:56.671  DEBUG   [poll]    <- read  st2mot     ret=0  data=['0x00', '0x00']
17:24:56.672  DEBUG   [poll]    -> read  st0cur    
17:24:56.676  DEBUG   [poll]    <- read  st0cur     ret=0  data=['0xfd', '0x01', '0x01', '0x02']
17:24:57.677  DEBUG   [poll]    -> read  st2mot    
17:24:57.681  DEBUG   [poll]    <- read  st2mot     ret=0  data=['0x00', '0x00']
17:24:57.681  DEBUG   [poll]    -> read  st0cur    
17:24:57.685  DEBUG   [poll]    <- read  st0cur     ret=0  data=['0xfd', '0x01', '0x00', '0x02']
17:24:58.687  DEBUG   [poll]    -> read  st2mot    
17:24:58.690  DEBUG   [poll]    <- read  st2mot     ret=0  data=['0x00', '0x00']
17:24:58.691  DEBUG   [poll]    -> read  st0cur    
17:24:58.695  DEBUG   [poll]    <- read  st0cur     ret=0  data=['0xfd', '0x01', '0x01', '0x02']
17:24:59.696  DEBUG   [poll]    -> read  st2mot    
17:24:59.699  DEBUG   [poll]    <- read  st2mot     ret=0  data=['0x00', '0x00']
17:24:59.700  DEBUG   [poll]    -> read  st0cur    
17:24:59.704  DEBUG   [poll]    <- read  st0cur     ret=0  data=['0xfd', '0x01', '0x01', '0x02']
17:25:00.706  DEBUG   [poll]    -> read  st2mot    
17:25:00.709  DEBUG   [poll]    <- read  st2mot     ret=0  data=['0x00', '0x00']
17:25:00.709  DEBUG   [poll]    -> read  st0cur    
17:25:00.713  DEBUG   [poll]    <- read  st0cur     ret=0  data=['0xfd', '0x01', '0x01', '0x02']
17:25:01.715  DEBUG   [poll]    -> read  st2mot    
17:25:01.718  DEBUG   [poll]    <- read  st2mot     ret=0  data=['0x00', '0x00']
17:25:01.719  DEBUG   [poll]    -> read  st0cur    
17:25:01.723  DEBUG   [poll]    <- read  st0cur     ret=0  data=['0xfd', '0x01', '0x01', '0x02']
17:25:02.725  DEBUG   [poll]    -> read  st2mot    
17:25:02.728  DEBUG   [poll]    <- read  st2mot     ret=0  data=['0x00', '0x00']
17:25:02.729  DEBUG   [poll]    -> read  st0cur    
17:25:02.733  DEBUG   [poll]    <- read  st0cur     ret=0  data=['0xfd', '0x01', '0x01', '0x02']
17:25:03.735  DEBUG   [poll]    -> read  st2mot    
17:25:03.738  DEBUG   [poll]    <- read  st2mot     ret=0  data=['0x00', '0x00']
17:25:03.738  DEBUG   [poll]    -> read  st0cur    
17:25:03.743  DEBUG   [poll]    <- read  st0cur     ret=0  data=['0xfc', '0x01', '0x01', '0x02']
17:25:03.743  WARNING *** OBSERVED STALL SIGNATURE (not acted on yet) — current=-0.20A while rpm=0 ***
17:25:04.745  DEBUG   [poll]    -> read  st2mot    
17:25:04.748  DEBUG   [poll]    <- read  st2mot     ret=0  data=['0x00', '0x00']
17:25:04.748  DEBUG   [poll]    -> read  st0cur    
17:25:04.753  DEBUG   [poll]    <- read  st0cur     ret=0  data=['0xfd', '0x01', '0x01', '0x02']
17:25:05.754  DEBUG   [poll]    -> read  st2mot    
17:25:05.758  DEBUG   [poll]    <- read  st2mot     ret=0  data=['0x00', '0x00']
17:25:05.758  DEBUG   [poll]    -> read  st0cur    
17:25:05.762  DEBUG   [poll]    <- read  st0cur     ret=0  data=['0xfd', '0x01', '0x01', '0x02']
17:25:06.764  DEBUG   [poll]    -> read  st2mot    
17:25:06.767  DEBUG   [poll]    <- read  st2mot     ret=0  data=['0x00', '0x00']
17:25:06.768  DEBUG   [poll]    -> read  st0cur    
17:25:06.772  DEBUG   [poll]    <- read  st0cur     ret=0  data=['0xfe', '0x01', '0x01', '0x02']
17:25:07.773  DEBUG   [poll]    -> read  st2mot    
17:25:07.777  DEBUG   [poll]    <- read  st2mot     ret=0  data=['0x00', '0x00']
17:25:07.777  DEBUG   [poll]    -> read  st0cur    
17:25:07.781  DEBUG   [poll]    <- read  st0cur     ret=0  data=['0xfd', '0x01', '0x01', '0x02']
17:25:08.783  DEBUG   [poll]    -> read  st2mot    
17:25:08.786  DEBUG   [poll]    <- read  st2mot     ret=0  data=['0x00', '0x00']
17:25:08.787  DEBUG   [poll]    -> read  st0cur    
17:25:08.791  DEBUG   [poll]    <- read  st0cur     ret=0  data=['0xfd', '0x01', '0x01', '0x02']
17:25:09.792  DEBUG   [poll]    -> read  st2mot    
17:25:09.796  DEBUG   [poll]    <- read  st2mot     ret=0  data=['0x00', '0x00']
17:25:09.796  DEBUG   [poll]    -> read  st0cur    
17:25:09.800  DEBUG   [poll]    <- read  st0cur     ret=0  data=['0xfe', '0x01', '0x01', '0x02']
17:25:10.802  DEBUG   [poll]    -> read  st2mot    
17:25:10.805  DEBUG   [poll]    <- read  st2mot     ret=0  data=['0x00', '0x00']
17:25:10.805  DEBUG   [poll]    -> read  st0cur    
17:25:10.810  DEBUG   [poll]    <- read  st0cur     ret=0  data=['0xfd', '0x01', '0x01', '0x02']
17:25:11.811  DEBUG   [poll]    -> read  st2mot    
17:25:11.815  DEBUG   [poll]    <- read  st2mot     ret=0  data=['0x00', '0x00']
17:25:11.815  DEBUG   [poll]    -> read  st0cur    
17:25:11.819  DEBUG   [poll]    <- read  st0cur     ret=0  data=['0xfd', '0x01', '0x01', '0x02']
17:25:12.821  DEBUG   [poll]    -> read  st2mot    
17:25:12.824  DEBUG   [poll]    <- read  st2mot     ret=0  data=['0x00', '0x00']
17:25:12.824  DEBUG   [poll]    -> read  st0cur    
17:25:12.829  DEBUG   [poll]    <- read  st0cur     ret=0  data=['0xfd', '0x01', '0x01', '0x02']
17:25:13.830  DEBUG   [poll]    -> read  st2mot    
17:25:13.834  DEBUG   [poll]    <- read  st2mot     ret=0  data=['0x00', '0x00']
17:25:13.834  DEBUG   [poll]    -> read  st0cur    
17:25:13.838  DEBUG   [poll]    <- read  st0cur     ret=0  data=['0xfd', '0x01', '0x01', '0x02']
17:25:14.840  DEBUG   [poll]    -> read  st2mot    
17:25:14.843  DEBUG   [poll]    <- read  st2mot     ret=0  data=['0x00', '0x00']
17:25:14.843  DEBUG   [poll]    -> read  st0cur    
17:25:14.848  DEBUG   [poll]    <- read  st0cur     ret=0  data=['0xfd', '0x01', '0x01', '0x02']
17:25:15.849  DEBUG   [poll]    -> read  st2mot    
17:25:15.852  DEBUG   [poll]    <- read  st2mot     ret=0  data=['0x00', '0x00']
17:25:15.853  DEBUG   [poll]    -> read  st0cur    
17:25:15.857  DEBUG   [poll]    <- read  st0cur     ret=0  data=['0xfd', '0x01', '0x01', '0x02']
17:25:16.858  DEBUG   [poll]    -> read  st2mot    
17:25:16.862  DEBUG   [poll]    <- read  st2mot     ret=0  data=['0x00', '0x00']
17:25:16.862  DEBUG   [poll]    -> read  st0cur    
17:25:16.867  DEBUG   [poll]    <- read  st0cur     ret=0  data=['0xfd', '0x01', '0x01', '0x02']
17:25:17.868  DEBUG   [poll]    -> read  st2mot    
17:25:17.872  DEBUG   [poll]    <- read  st2mot     ret=0  data=['0x00', '0x00']
17:25:17.872  DEBUG   [poll]    -> read  st0cur    
17:25:17.876  DEBUG   [poll]    <- read  st0cur     ret=0  data=['0xfd', '0x01', '0x01', '0x02']
17:25:18.878  DEBUG   [poll]    -> read  st2mot    
17:25:18.881  DEBUG   [poll]    <- read  st2mot     ret=0  data=['0x00', '0x00']
17:25:18.882  DEBUG   [poll]    -> read  st0cur    
17:25:18.886  DEBUG   [poll]    <- read  st0cur     ret=0  data=['0xfd', '0x01', '0x01', '0x02']
17:25:19.887  DEBUG   [poll]    -> read  st2mot    
17:25:19.891  DEBUG   [poll]    <- read  st2mot     ret=0  data=['0x00', '0x00']
17:25:19.891  DEBUG   [poll]    -> read  st0cur    
17:25:19.895  DEBUG   [poll]    <- read  st0cur     ret=0  data=['0xfe', '0x01', '0x01', '0x02']
17:25:20.897  DEBUG   [poll]    -> read  st2mot    
17:25:20.900  DEBUG   [poll]    <- read  st2mot     ret=0  data=['0x00', '0x00']
17:25:20.901  DEBUG   [poll]    -> read  st0cur    
17:25:20.905  DEBUG   [poll]    <- read  st0cur     ret=0  data=['0xfd', '0x01', '0x02', '0x02']
17:25:21.906  DEBUG   [poll]    -> read  st2mot    
17:25:21.910  DEBUG   [poll]    <- read  st2mot     ret=0  data=['0x00', '0x00']
17:25:21.910  DEBUG   [poll]    -> read  st0cur    
17:25:21.915  DEBUG   [poll]    <- read  st0cur     ret=0  data=['0xfd', '0x01', '0x01', '0x02']
17:25:22.916  DEBUG   [poll]    -> read  st2mot    
17:25:22.920  DEBUG   [poll]    <- read  st2mot     ret=0  data=['0x00', '0x00']
17:25:22.920  DEBUG   [poll]    -> read  st0cur    
17:25:22.924  DEBUG   [poll]    <- read  st0cur     ret=0  data=['0xfd', '0x01', '0x01', '0x02']
17:25:23.926  DEBUG   [poll]    -> read  st2mot    
17:25:23.929  DEBUG   [poll]    <- read  st2mot     ret=0  data=['0x00', '0x00']
17:25:23.929  DEBUG   [poll]    -> read  st0cur    
17:25:23.934  DEBUG   [poll]    <- read  st0cur     ret=0  data=['0xfd', '0x01', '0x01', '0x02']
17:25:24.935  DEBUG   [poll]    -> read  st2mot    
17:25:24.938  DEBUG   [poll]    <- read  st2mot     ret=0  data=['0x00', '0x00']
17:25:24.939  DEBUG   [poll]    -> read  st0cur    
17:25:24.943  DEBUG   [poll]    <- read  st0cur     ret=0  data=['0xfd', '0x01', '0x01', '0x02']
17:25:25.945  DEBUG   [poll]    -> read  st2mot    
17:25:25.948  DEBUG   [poll]    <- read  st2mot     ret=0  data=['0x00', '0x00']
17:25:25.948  DEBUG   [poll]    -> read  st0cur    
17:25:25.953  DEBUG   [poll]    <- read  st0cur     ret=0  data=['0xfd', '0x01', '0x01', '0x02']
17:25:26.954  DEBUG   [poll]    -> read  st2mot    
17:25:26.958  DEBUG   [poll]    <- read  st2mot     ret=0  data=['0x00', '0x00']
17:25:26.958  DEBUG   [poll]    -> read  st0cur    
17:25:26.962  DEBUG   [poll]    <- read  st0cur     ret=0  data=['0xfd', '0x01', '0x01', '0x02']
17:25:27.963  DEBUG   [poll]    -> read  st2mot    
17:25:27.967  DEBUG   [poll]    <- read  st2mot     ret=0  data=['0x00', '0x00']
17:25:27.967  DEBUG   [poll]    -> read  st0cur    
17:25:27.971  DEBUG   [poll]    <- read  st0cur     ret=0  data=['0xfd', '0x01', '0x01', '0x02']
17:25:28.973  DEBUG   [poll]    -> read  st2mot    
17:25:28.976  DEBUG   [poll]    <- read  st2mot     ret=0  data=['0x00', '0x00']
17:25:28.977  DEBUG   [poll]    -> read  st0cur    
17:25:28.981  DEBUG   [poll]    <- read  st0cur     ret=0  data=['0xfd', '0x01', '0x01', '0x02']
17:25:29.982  DEBUG   [poll]    -> read  st2mot    
17:25:29.986  DEBUG   [poll]    <- read  st2mot     ret=0  data=['0x00', '0x00']
17:25:29.986  DEBUG   [poll]    -> read  st0cur    
17:25:29.990  DEBUG   [poll]    <- read  st0cur     ret=0  data=['0xfd', '0x01', '0x01', '0x02']
17:25:30.992  DEBUG   [poll]    -> read  st2mot    
17:25:30.995  DEBUG   [poll]    <- read  st2mot     ret=0  data=['0x00', '0x00']
17:25:30.996  DEBUG   [poll]    -> read  st0cur    
17:25:31.000  DEBUG   [poll]    <- read  st0cur     ret=0  data=['0xfd', '0x01', '0x01', '0x02']
17:25:32.001  DEBUG   [poll]    -> read  st2mot    
17:25:32.005  DEBUG   [poll]    <- read  st2mot     ret=0  data=['0x00', '0x00']
17:25:32.005  DEBUG   [poll]    -> read  st0cur    
17:25:32.009  DEBUG   [poll]    <- read  st0cur     ret=0  data=['0xfd', '0x01', '0x01', '0x02']
17:25:33.011  DEBUG   [poll]    -> read  st2mot    
17:25:33.014  DEBUG   [poll]    <- read  st2mot     ret=0  data=['0x00', '0x00']
17:25:33.015  DEBUG   [poll]    -> read  st0cur    
17:25:33.019  DEBUG   [poll]    <- read  st0cur     ret=0  data=['0xfd', '0x01', '0x01', '0x02']
17:25:34.020  DEBUG   [poll]    -> read  st2mot    
17:25:34.024  DEBUG   [poll]    <- read  st2mot     ret=0  data=['0x00', '0x00']
17:25:34.024  DEBUG   [poll]    -> read  st0cur    
17:25:34.028  DEBUG   [poll]    <- read  st0cur     ret=0  data=['0xfd', '0x01', '0x01', '0x02']
17:25:35.030  DEBUG   [poll]    -> read  st2mot    
17:25:35.033  DEBUG   [poll]    <- read  st2mot     ret=0  data=['0x00', '0x00']
17:25:35.034  DEBUG   [poll]    -> read  st0cur    
17:25:35.038  DEBUG   [poll]    <- read  st0cur     ret=0  data=['0xfd', '0x01', '0x01', '0x02']
17:25:36.039  DEBUG   [poll]    -> read  st2mot    
17:25:36.043  DEBUG   [poll]    <- read  st2mot     ret=0  data=['0x00', '0x00']
17:25:36.043  DEBUG   [poll]    -> read  st0cur    
17:25:36.047  DEBUG   [poll]    <- read  st0cur     ret=0  data=['0xfd', '0x01', '0x01', '0x02']
17:25:37.049  DEBUG   [poll]    -> read  st2mot    
17:25:37.052  DEBUG   [poll]    <- read  st2mot     ret=0  data=['0x00', '0x00']
17:25:37.053  DEBUG   [poll]    -> read  st0cur    
17:25:37.057  DEBUG   [poll]    <- read  st0cur     ret=0  data=['0xfd', '0x01', '0x01', '0x02']
17:25:38.058  DEBUG   [poll]    -> read  st2mot    
17:25:38.062  DEBUG   [poll]    <- read  st2mot     ret=0  data=['0x00', '0x00']
17:25:38.062  DEBUG   [poll]    -> read  st0cur    
17:25:38.066  DEBUG   [poll]    <- read  st0cur     ret=0  data=['0xfd', '0x01', '0x01', '0x02']
17:25:39.068  DEBUG   [poll]    -> read  st2mot    
17:25:39.071  DEBUG   [poll]    <- read  st2mot     ret=0  data=['0x00', '0x00']
17:25:39.071  DEBUG   [poll]    -> read  st0cur    
17:25:39.076  DEBUG   [poll]    <- read  st0cur     ret=0  data=['0xfe', '0x01', '0x01', '0x02']
17:25:40.077  DEBUG   [poll]    -> read  st2mot    
17:25:40.081  DEBUG   [poll]    <- read  st2mot     ret=0  data=['0x00', '0x00']
17:25:40.081  DEBUG   [poll]    -> read  st0cur    
17:25:40.085  DEBUG   [poll]    <- read  st0cur     ret=0  data=['0xfd', '0x01', '0x01', '0x02']
17:25:41.087  DEBUG   [poll]    -> read  st2mot    
17:25:41.090  DEBUG   [poll]    <- read  st2mot     ret=0  data=['0x00', '0x00']
17:25:41.090  DEBUG   [poll]    -> read  st0cur    
17:25:41.094  DEBUG   [poll]    <- read  st0cur     ret=0  data=['0xfd', '0x01', '0x01', '0x02']
17:25:42.096  DEBUG   [poll]    -> read  st2mot    
17:25:42.099  DEBUG   [poll]    <- read  st2mot     ret=0  data=['0x00', '0x00']
17:25:42.100  DEBUG   [poll]    -> read  st0cur    
17:25:42.104  DEBUG   [poll]    <- read  st0cur     ret=0  data=['0xfd', '0x01', '0x01', '0x02']
17:25:43.106  DEBUG   [poll]    -> read  st2mot    
17:25:43.109  DEBUG   [poll]    <- read  st2mot     ret=0  data=['0x00', '0x00']
17:25:43.109  DEBUG   [poll]    -> read  st0cur    
17:25:43.114  DEBUG   [poll]    <- read  st0cur     ret=0  data=['0xfd', '0x01', '0x01', '0x02']
17:25:44.115  DEBUG   [poll]    -> read  st2mot    
17:25:44.118  DEBUG   [poll]    <- read  st2mot     ret=0  data=['0x00', '0x00']
17:25:44.119  DEBUG   [poll]    -> read  st0cur    
17:25:44.123  DEBUG   [poll]    <- read  st0cur     ret=0  data=['0xfd', '0x01', '0x01', '0x02']
17:25:45.124  DEBUG   [poll]    -> read  st2mot    
17:25:45.128  DEBUG   [poll]    <- read  st2mot     ret=0  data=['0x00', '0x00']
17:25:45.128  DEBUG   [poll]    -> read  st0cur    
17:25:45.132  DEBUG   [poll]    <- read  st0cur     ret=0  data=['0xfd', '0x01', '0x01', '0x02']
17:25:46.134  DEBUG   [poll]    -> read  st2mot    
17:25:46.137  DEBUG   [poll]    <- read  st2mot     ret=0  data=['0x00', '0x00']
17:25:46.138  DEBUG   [poll]    -> read  st0cur    
17:25:46.142  DEBUG   [poll]    <- read  st0cur     ret=0  data=['0xfd', '0x01', '0x01', '0x02']
17:25:47.143  DEBUG   [poll]    -> read  st2mot    
17:25:47.147  DEBUG   [poll]    <- read  st2mot     ret=0  data=['0x00', '0x00']
17:25:47.147  DEBUG   [poll]    -> read  st0cur    
17:25:47.152  DEBUG   [poll]    <- read  st0cur     ret=0  data=['0xfd', '0x01', '0x01', '0x02']
17:25:48.153  DEBUG   [poll]    -> read  st2mot    
17:25:48.156  DEBUG   [poll]    <- read  st2mot     ret=0  data=['0x00', '0x00']
17:25:48.157  DEBUG   [poll]    -> read  st0cur    
17:25:48.161  DEBUG   [poll]    <- read  st0cur     ret=0  data=['0xfd', '0x01', '0x01', '0x02']
17:25:49.162  DEBUG   [poll]    -> read  st2mot    
17:25:49.166  DEBUG   [poll]    <- read  st2mot     ret=0  data=['0x00', '0x00']
17:25:49.166  DEBUG   [poll]    -> read  st0cur    
17:25:49.170  DEBUG   [poll]    <- read  st0cur     ret=0  data=['0xfd', '0x01', '0x01', '0x02']
17:25:50.172  DEBUG   [poll]    -> read  st2mot    
17:25:50.175  DEBUG   [poll]    <- read  st2mot     ret=0  data=['0x00', '0x00']
17:25:50.176  DEBUG   [poll]    -> read  st0cur    
17:25:50.180  DEBUG   [poll]    <- read  st0cur     ret=0  data=['0xfd', '0x01', '0x01', '0x02']
17:25:51.181  DEBUG   [poll]    -> read  st2mot    
17:25:51.185  DEBUG   [poll]    <- read  st2mot     ret=0  data=['0x00', '0x00']
17:25:51.185  DEBUG   [poll]    -> read  st0cur    
17:25:51.189  DEBUG   [poll]    <- read  st0cur     ret=0  data=['0xfd', '0x01', '0x01', '0x02']
17:25:52.191  DEBUG   [poll]    -> read  st2mot    
17:25:52.194  DEBUG   [poll]    <- read  st2mot     ret=0  data=['0x00', '0x00']
17:25:52.195  DEBUG   [poll]    -> read  st0cur    
17:25:52.199  DEBUG   [poll]    <- read  st0cur     ret=0  data=['0xfd', '0x01', '0x01', '0x02']
17:25:53.201  DEBUG   [poll]    -> read  st2mot    
17:25:53.204  DEBUG   [poll]    <- read  st2mot     ret=0  data=['0x00', '0x00']
17:25:53.204  DEBUG   [poll]    -> read  st0cur    
17:25:53.209  DEBUG   [poll]    <- read  st0cur     ret=0  data=['0xfd', '0x01', '0x01', '0x02']
17:25:54.210  DEBUG   [poll]    -> read  st2mot    
17:25:54.213  DEBUG   [poll]    <- read  st2mot     ret=0  data=['0x00', '0x00']
17:25:54.214  DEBUG   [poll]    -> read  st0cur    
17:25:54.218  DEBUG   [poll]    <- read  st0cur     ret=0  data=['0xfd', '0x01', '0x01', '0x02']
17:25:55.220  DEBUG   [poll]    -> read  st2mot    
17:25:55.223  DEBUG   [poll]    <- read  st2mot     ret=0  data=['0x00', '0x00']
17:25:55.223  DEBUG   [poll]    -> read  st0cur    
17:25:55.228  DEBUG   [poll]    <- read  st0cur     ret=0  data=['0xfd', '0x01', '0x01', '0x02']
17:25:56.229  DEBUG   [poll]    -> read  st2mot    
17:25:56.232  DEBUG   [poll]    <- read  st2mot     ret=0  data=['0x00', '0x00']
17:25:56.233  DEBUG   [poll]    -> read  st0cur    
17:25:56.237  DEBUG   [poll]    <- read  st0cur     ret=0  data=['0xfd', '0x01', '0x01', '0x02']
17:25:57.239  DEBUG   [poll]    -> read  st2mot    
17:25:57.242  DEBUG   [poll]    <- read  st2mot     ret=0  data=['0x00', '0x00']
17:25:57.243  DEBUG   [poll]    -> read  st0cur    
17:25:57.247  DEBUG   [poll]    <- read  st0cur     ret=0  data=['0xfd', '0x01', '0x01', '0x02']
17:25:58.248  DEBUG   [poll]    -> read  st2mot    
17:25:58.252  DEBUG   [poll]    <- read  st2mot     ret=0  data=['0x00', '0x00']
17:25:58.252  DEBUG   [poll]    -> read  st0cur    
17:25:58.256  DEBUG   [poll]    <- read  st0cur     ret=0  data=['0xfd', '0x01', '0x01', '0x02']
17:25:59.258  DEBUG   [poll]    -> read  st2mot    
17:25:59.261  DEBUG   [poll]    <- read  st2mot     ret=0  data=['0x00', '0x00']
17:25:59.261  DEBUG   [poll]    -> read  st0cur    
17:25:59.266  DEBUG   [poll]    <- read  st0cur     ret=0  data=['0xfd', '0x01', '0x01', '0x02']
17:26:00.267  DEBUG   [poll]    -> read  st2mot    
17:26:00.270  DEBUG   [poll]    <- read  st2mot     ret=0  data=['0x00', '0x00']
17:26:00.271  DEBUG   [poll]    -> read  st0cur    
17:26:00.275  DEBUG   [poll]    <- read  st0cur     ret=0  data=['0xfd', '0x01', '0x01', '0x02']
17:26:01.277  DEBUG   [poll]    -> read  st2mot    
17:26:01.280  DEBUG   [poll]    <- read  st2mot     ret=0  data=['0x00', '0x00']
17:26:01.280  DEBUG   [poll]    -> read  st0cur    
17:26:01.285  DEBUG   [poll]    <- read  st0cur     ret=0  data=['0xfd', '0x01', '0x01', '0x02']
17:26:02.286  DEBUG   [poll]    -> read  st2mot    
17:26:02.290  DEBUG   [poll]    <- read  st2mot     ret=0  data=['0x00', '0x00']
17:26:02.290  DEBUG   [poll]    -> read  st0cur    
17:26:02.295  DEBUG   [poll]    <- read  st0cur     ret=0  data=['0xfd', '0x01', '0x01', '0x02']
17:26:03.296  DEBUG   [poll]    -> read  st2mot    
17:26:03.299  DEBUG   [poll]    <- read  st2mot     ret=0  data=['0x00', '0x00']
17:26:03.300  DEBUG   [poll]    -> read  st0cur    
17:26:03.304  DEBUG   [poll]    <- read  st0cur     ret=0  data=['0xfd', '0x01', '0x01', '0x02']
17:26:04.306  DEBUG   [poll]    -> read  st2mot    
17:26:04.309  DEBUG   [poll]    <- read  st2mot     ret=0  data=['0x00', '0x00']
17:26:04.309  DEBUG   [poll]    -> read  st0cur    
17:26:04.314  DEBUG   [poll]    <- read  st0cur     ret=0  data=['0xfd', '0x01', '0x01', '0x02']
17:26:05.316  DEBUG   [poll]    -> read  st2mot    
17:26:05.319  DEBUG   [poll]    <- read  st2mot     ret=0  data=['0x00', '0x00']
17:26:05.319  DEBUG   [poll]    -> read  st0cur    
17:26:05.324  DEBUG   [poll]    <- read  st0cur     ret=0  data=['0xfd', '0x01', '0x01', '0x02']
17:26:06.325  DEBUG   [poll]    -> read  st2mot    
17:26:06.329  DEBUG   [poll]    <- read  st2mot     ret=0  data=['0x00', '0x00']
17:26:06.329  DEBUG   [poll]    -> read  st0cur    
17:26:06.333  DEBUG   [poll]    <- read  st0cur     ret=0  data=['0xfd', '0x01', '0x01', '0x02']
17:26:07.335  DEBUG   [poll]    -> read  st2mot    
17:26:07.338  DEBUG   [poll]    <- read  st2mot     ret=0  data=['0x00', '0x00']
17:26:07.339  DEBUG   [poll]    -> read  st0cur    
17:26:07.343  DEBUG   [poll]    <- read  st0cur     ret=0  data=['0xfd', '0x01', '0x01', '0x02']
17:26:08.344  DEBUG   [poll]    -> read  st2mot    
17:26:08.348  DEBUG   [poll]    <- read  st2mot     ret=0  data=['0x00', '0x00']
17:26:08.348  DEBUG   [poll]    -> read  st0cur    
17:26:08.352  DEBUG   [poll]    <- read  st0cur     ret=0  data=['0xfd', '0x01', '0x01', '0x02']
17:26:09.354  DEBUG   [poll]    -> read  st2mot    
17:26:09.357  DEBUG   [poll]    <- read  st2mot     ret=0  data=['0x00', '0x00']
17:26:09.358  DEBUG   [poll]    -> read  st0cur    
17:26:09.362  DEBUG   [poll]    <- read  st0cur     ret=0  data=['0xfd', '0x01', '0x01', '0x02']
17:26:10.363  DEBUG   [poll]    -> read  st2mot    
17:26:10.367  DEBUG   [poll]    <- read  st2mot     ret=0  data=['0x00', '0x00']
17:26:10.367  DEBUG   [poll]    -> read  st0cur    
17:26:10.371  DEBUG   [poll]    <- read  st0cur     ret=0  data=['0xfd', '0x01', '0x01', '0x02']
17:26:11.373  DEBUG   [poll]    -> read  st2mot    
17:26:11.376  DEBUG   [poll]    <- read  st2mot     ret=0  data=['0x00', '0x00']
17:26:11.377  DEBUG   [poll]    -> read  st0cur    
17:26:11.381  DEBUG   [poll]    <- read  st0cur     ret=0  data=['0xfd', '0x01', '0x01', '0x02']
17:26:12.382  DEBUG   [poll]    -> read  st2mot    
17:26:12.386  DEBUG   [poll]    <- read  st2mot     ret=0  data=['0x00', '0x00']
17:26:12.388  DEBUG   [poll]    -> read  st0cur    
17:26:12.392  DEBUG   [poll]    <- read  st0cur     ret=0  data=['0xfd', '0x01', '0x01', '0x02']
17:26:13.394  DEBUG   [poll]    -> read  st2mot    
17:26:13.397  DEBUG   [poll]    <- read  st2mot     ret=0  data=['0x00', '0x00']
17:26:13.397  DEBUG   [poll]    -> read  st0cur    
17:26:13.402  DEBUG   [poll]    <- read  st0cur     ret=0  data=['0xfd', '0x01', '0x01', '0x02']
17:26:14.403  DEBUG   [poll]    -> read  st2mot    
17:26:14.407  DEBUG   [poll]    <- read  st2mot     ret=0  data=['0x00', '0x00']
17:26:14.407  DEBUG   [poll]    -> read  st0cur    
17:26:14.411  DEBUG   [poll]    <- read  st0cur     ret=0  data=['0xfd', '0x01', '0x01', '0x02']
17:26:15.413  DEBUG   [poll]    -> read  st2mot    
17:26:15.416  DEBUG   [poll]    <- read  st2mot     ret=0  data=['0x00', '0x00']
17:26:15.416  DEBUG   [poll]    -> read  st0cur    
17:26:15.421  DEBUG   [poll]    <- read  st0cur     ret=0  data=['0xfd', '0x01', '0x01', '0x02']
17:26:16.422  DEBUG   [poll]    -> read  st2mot    
17:26:16.425  DEBUG   [poll]    <- read  st2mot     ret=0  data=['0x00', '0x00']
17:26:16.426  DEBUG   [poll]    -> read  st0cur    
17:26:16.430  DEBUG   [poll]    <- read  st0cur     ret=0  data=['0xfd', '0x01', '0x01', '0x02']
17:26:17.432  DEBUG   [poll]    -> read  st2mot    
17:26:17.435  DEBUG   [poll]    <- read  st2mot     ret=0  data=['0x00', '0x00']
17:26:17.436  DEBUG   [poll]    -> read  st0cur    
17:26:17.440  DEBUG   [poll]    <- read  st0cur     ret=0  data=['0xfd', '0x01', '0x01', '0x02']
17:26:18.441  DEBUG   [poll]    -> read  st2mot    
17:26:18.445  DEBUG   [poll]    <- read  st2mot     ret=0  data=['0x00', '0x00']
17:26:18.445  DEBUG   [poll]    -> read  st0cur    
17:26:18.449  DEBUG   [poll]    <- read  st0cur     ret=0  data=['0xfd', '0x01', '0x01', '0x02']
17:26:19.451  DEBUG   [poll]    -> read  st2mot    
17:26:19.454  DEBUG   [poll]    <- read  st2mot     ret=0  data=['0x00', '0x00']
17:26:19.455  DEBUG   [poll]    -> read  st0cur    
17:26:19.459  DEBUG   [poll]    <- read  st0cur     ret=0  data=['0xfd', '0x01', '0x01', '0x02']
17:26:20.460  DEBUG   [poll]    -> read  st2mot    
17:26:20.464  DEBUG   [poll]    <- read  st2mot     ret=0  data=['0x00', '0x00']
17:26:20.464  DEBUG   [poll]    -> read  st0cur    
17:26:20.468  DEBUG   [poll]    <- read  st0cur     ret=0  data=['0xfd', '0x01', '0x01', '0x02']
17:26:21.470  DEBUG   [poll]    -> read  st2mot    
17:26:21.473  DEBUG   [poll]    <- read  st2mot     ret=0  data=['0x00', '0x00']
17:26:21.473  DEBUG   [poll]    -> read  st0cur    
17:26:21.478  DEBUG   [poll]    <- read  st0cur     ret=0  data=['0xfd', '0x01', '0x01', '0x02']
17:26:22.479  DEBUG   [poll]    -> read  st2mot    
17:26:22.482  DEBUG   [poll]    <- read  st2mot     ret=0  data=['0x00', '0x00']
17:26:22.483  DEBUG   [poll]    -> read  st0cur    
17:26:22.487  DEBUG   [poll]    <- read  st0cur     ret=0  data=['0xfd', '0x01', '0x01', '0x02']
17:26:23.489  DEBUG   [poll]    -> read  st2mot    
17:26:23.492  DEBUG   [poll]    <- read  st2mot     ret=0  data=['0x00', '0x00']
17:26:23.493  DEBUG   [poll]    -> read  st0cur    
17:26:23.497  DEBUG   [poll]    <- read  st0cur     ret=0  data=['0xfd', '0x01', '0x01', '0x02']
17:26:24.498  DEBUG   [poll]    -> read  st2mot    
17:26:24.502  DEBUG   [poll]    <- read  st2mot     ret=0  data=['0x00', '0x00']
17:26:24.502  DEBUG   [poll]    -> read  st0cur    
17:26:24.506  DEBUG   [poll]    <- read  st0cur     ret=0  data=['0xfd', '0x01', '0x01', '0x02']
17:26:25.508  DEBUG   [poll]    -> read  st2mot    
17:26:25.511  DEBUG   [poll]    <- read  st2mot     ret=0  data=['0x00', '0x00']
17:26:25.511  DEBUG   [poll]    -> read  st0cur    
17:26:25.516  DEBUG   [poll]    <- read  st0cur     ret=0  data=['0xfd', '0x01', '0x01', '0x02']
17:26:26.517  DEBUG   [poll]    -> read  st2mot    
17:26:26.521  DEBUG   [poll]    <- read  st2mot     ret=0  data=['0x00', '0x00']
17:26:26.521  DEBUG   [poll]    -> read  st0cur    
17:26:26.525  DEBUG   [poll]    <- read  st0cur     ret=0  data=['0xfd', '0x01', '0x00', '0x02']
17:26:27.527  DEBUG   [poll]    -> read  st2mot    
17:26:27.530  DEBUG   [poll]    <- read  st2mot     ret=0  data=['0x00', '0x00']
17:26:27.530  DEBUG   [poll]    -> read  st0cur    
17:26:27.535  DEBUG   [poll]    <- read  st0cur     ret=0  data=['0xfd', '0x01', '0x01', '0x02']
17:26:28.536  DEBUG   [poll]    -> read  st2mot    
17:26:28.540  DEBUG   [poll]    <- read  st2mot     ret=0  data=['0x00', '0x00']
17:26:28.540  DEBUG   [poll]    -> read  st0cur    
17:26:28.544  DEBUG   [poll]    <- read  st0cur     ret=0  data=['0xfd', '0x01', '0x01', '0x02']
17:26:29.546  DEBUG   [poll]    -> read  st2mot    
17:26:29.549  DEBUG   [poll]    <- read  st2mot     ret=0  data=['0x00', '0x00']
17:26:29.549  DEBUG   [poll]    -> read  st0cur    
17:26:29.554  DEBUG   [poll]    <- read  st0cur     ret=0  data=['0xfd', '0x01', '0x01', '0x02']
17:26:30.555  DEBUG   [poll]    -> read  st2mot    
17:26:30.558  DEBUG   [poll]    <- read  st2mot     ret=0  data=['0x00', '0x00']
17:26:30.559  DEBUG   [poll]    -> read  st0cur    
17:26:30.563  DEBUG   [poll]    <- read  st0cur     ret=0  data=['0xfd', '0x01', '0x01', '0x02']
17:26:31.565  DEBUG   [poll]    -> read  st2mot    
17:26:31.568  DEBUG   [poll]    <- read  st2mot     ret=0  data=['0x00', '0x00']
17:26:31.568  DEBUG   [poll]    -> read  st0cur    
17:26:31.573  DEBUG   [poll]    <- read  st0cur     ret=0  data=['0xfd', '0x01', '0x01', '0x02']
17:26:32.574  DEBUG   [poll]    -> read  st2mot    
17:26:32.578  DEBUG   [poll]    <- read  st2mot     ret=0  data=['0x00', '0x00']
17:26:32.578  DEBUG   [poll]    -> read  st0cur    
17:26:32.582  DEBUG   [poll]    <- read  st0cur     ret=0  data=['0xfd', '0x01', '0x01', '0x02']
17:26:33.584  DEBUG   [poll]    -> read  st2mot    
17:26:33.587  DEBUG   [poll]    <- read  st2mot     ret=0  data=['0x00', '0x00']
17:26:33.587  DEBUG   [poll]    -> read  st0cur    
17:26:33.592  DEBUG   [poll]    <- read  st0cur     ret=0  data=['0xfd', '0x01', '0x01', '0x02']
17:26:34.593  DEBUG   [poll]    -> read  st2mot    
17:26:34.596  DEBUG   [poll]    <- read  st2mot     ret=0  data=['0x00', '0x00']
17:26:34.597  DEBUG   [poll]    -> read  st0cur    
17:26:34.601  DEBUG   [poll]    <- read  st0cur     ret=0  data=['0xfd', '0x01', '0x01', '0x02']
17:26:35.603  DEBUG   [poll]    -> read  st2mot    
17:26:35.606  DEBUG   [poll]    <- read  st2mot     ret=0  data=['0x00', '0x00']
17:26:35.606  DEBUG   [poll]    -> read  st0cur    
17:26:35.610  DEBUG   [poll]    <- read  st0cur     ret=0  data=['0xfd', '0x01', '0x01', '0x02']
17:26:36.612  DEBUG   [poll]    -> read  st2mot    
17:26:36.615  DEBUG   [poll]    <- read  st2mot     ret=0  data=['0x00', '0x00']
17:26:36.616  DEBUG   [poll]    -> read  st0cur    
17:26:36.620  DEBUG   [poll]    <- read  st0cur     ret=0  data=['0xfd', '0x01', '0x01', '0x02']
17:26:37.621  DEBUG   [poll]    -> read  st2mot    
17:26:37.625  DEBUG   [poll]    <- read  st2mot     ret=0  data=['0x00', '0x00']
17:26:37.625  DEBUG   [poll]    -> read  st0cur    
17:26:37.630  DEBUG   [poll]    <- read  st0cur     ret=0  data=['0xfd', '0x01', '0x01', '0x02']
17:26:38.631  DEBUG   [poll]    -> read  st2mot    
17:26:38.635  DEBUG   [poll]    <- read  st2mot     ret=0  data=['0x00', '0x00']
17:26:38.635  DEBUG   [poll]    -> read  st0cur    
17:26:38.639  DEBUG   [poll]    <- read  st0cur     ret=0  data=['0xfd', '0x01', '0x00', '0x02']
17:26:39.641  DEBUG   [poll]    -> read  st2mot    
17:26:39.644  DEBUG   [poll]    <- read  st2mot     ret=0  data=['0x00', '0x00']
17:26:39.644  DEBUG   [poll]    -> read  st0cur    
17:26:39.649  DEBUG   [poll]    <- read  st0cur     ret=0  data=['0xfd', '0x01', '0x01', '0x02']
17:26:40.650  DEBUG   [poll]    -> read  st2mot    
17:26:40.653  DEBUG   [poll]    <- read  st2mot     ret=0  data=['0x00', '0x00']
17:26:40.654  DEBUG   [poll]    -> read  st0cur    
17:26:40.658  DEBUG   [poll]    <- read  st0cur     ret=0  data=['0xfd', '0x01', '0x01', '0x02']
17:26:41.659  DEBUG   [poll]    -> read  st2mot    
17:26:41.663  DEBUG   [poll]    <- read  st2mot     ret=0  data=['0x00', '0x00']
17:26:41.663  DEBUG   [poll]    -> read  st0cur    
17:26:41.667  DEBUG   [poll]    <- read  st0cur     ret=0  data=['0xfd', '0x01', '0x01', '0x02']
17:26:42.669  DEBUG   [poll]    -> read  st2mot    
17:26:42.672  DEBUG   [poll]    <- read  st2mot     ret=0  data=['0x00', '0x00']
17:26:42.673  DEBUG   [poll]    -> read  st0cur    
17:26:42.677  DEBUG   [poll]    <- read  st0cur     ret=0  data=['0xfd', '0x01', '0x01', '0x02']
17:26:43.678  DEBUG   [poll]    -> read  st2mot    
17:26:43.682  DEBUG   [poll]    <- read  st2mot     ret=0  data=['0x00', '0x00']
17:26:43.682  DEBUG   [poll]    -> read  st0cur    
17:26:43.686  DEBUG   [poll]    <- read  st0cur     ret=0  data=['0xfd', '0x01', '0x01', '0x02']
17:26:44.688  DEBUG   [poll]    -> read  st2mot    
17:26:44.691  DEBUG   [poll]    <- read  st2mot     ret=0  data=['0x00', '0x00']
17:26:44.692  DEBUG   [poll]    -> read  st0cur    
17:26:44.696  DEBUG   [poll]    <- read  st0cur     ret=0  data=['0xfd', '0x01', '0x01', '0x02']
17:26:45.697  DEBUG   [poll]    -> read  st2mot    
17:26:45.701  DEBUG   [poll]    <- read  st2mot     ret=0  data=['0x00', '0x00']
17:26:45.701  DEBUG   [poll]    -> read  st0cur    
17:26:45.705  DEBUG   [poll]    <- read  st0cur     ret=0  data=['0xfd', '0x01', '0x01', '0x02']
17:26:46.707  DEBUG   [poll]    -> read  st2mot    
17:26:46.710  DEBUG   [poll]    <- read  st2mot     ret=0  data=['0x00', '0x00']
17:26:46.710  DEBUG   [poll]    -> read  st0cur    
17:26:46.715  DEBUG   [poll]    <- read  st0cur     ret=0  data=['0xfd', '0x01', '0x01', '0x02']
17:26:47.716  DEBUG   [poll]    -> read  st2mot    
17:26:47.720  DEBUG   [poll]    <- read  st2mot     ret=0  data=['0x00', '0x00']
17:26:47.720  DEBUG   [poll]    -> read  st0cur    
17:26:47.724  DEBUG   [poll]    <- read  st0cur     ret=0  data=['0xfd', '0x01', '0x01', '0x02']
17:26:48.726  DEBUG   [poll]    -> read  st2mot    
17:26:48.729  DEBUG   [poll]    <- read  st2mot     ret=0  data=['0x00', '0x00']
17:26:48.730  DEBUG   [poll]    -> read  st0cur    
17:26:48.734  DEBUG   [poll]    <- read  st0cur     ret=0  data=['0xfd', '0x01', '0x01', '0x02']
17:26:49.735  DEBUG   [poll]    -> read  st2mot    
17:26:49.739  DEBUG   [poll]    <- read  st2mot     ret=0  data=['0x00', '0x00']
17:26:49.739  DEBUG   [poll]    -> read  st0cur    
17:26:49.743  DEBUG   [poll]    <- read  st0cur     ret=0  data=['0xfd', '0x01', '0x01', '0x02']
17:26:50.745  DEBUG   [poll]    -> read  st2mot    
17:26:50.748  DEBUG   [poll]    <- read  st2mot     ret=0  data=['0x00', '0x00']
17:26:50.748  DEBUG   [poll]    -> read  st0cur    
17:26:50.753  DEBUG   [poll]    <- read  st0cur     ret=0  data=['0xfd', '0x01', '0x01', '0x02']
17:26:51.754  DEBUG   [poll]    -> read  st2mot    
17:26:51.757  DEBUG   [poll]    <- read  st2mot     ret=0  data=['0x00', '0x00']
17:26:51.758  DEBUG   [poll]    -> read  st0cur    
17:26:51.762  DEBUG   [poll]    <- read  st0cur     ret=0  data=['0xfd', '0x01', '0x01', '0x02']
17:26:52.764  DEBUG   [poll]    -> read  st2mot    
17:26:52.767  DEBUG   [poll]    <- read  st2mot     ret=0  data=['0x00', '0x00']
17:26:52.768  DEBUG   [poll]    -> read  st0cur    
17:26:52.772  DEBUG   [poll]    <- read  st0cur     ret=0  data=['0xfd', '0x01', '0x01', '0x02']
17:26:53.774  DEBUG   [poll]    -> read  st2mot    
17:26:53.777  DEBUG   [poll]    <- read  st2mot     ret=0  data=['0x00', '0x00']
17:26:53.777  DEBUG   [poll]    -> read  st0cur    
17:26:53.782  DEBUG   [poll]    <- read  st0cur     ret=0  data=['0xfd', '0x01', '0x01', '0x02']
17:26:54.783  DEBUG   [poll]    -> read  st2mot    
17:26:54.786  DEBUG   [poll]    <- read  st2mot     ret=0  data=['0x00', '0x00']
17:26:54.787  DEBUG   [poll]    -> read  st0cur    
17:26:54.791  DEBUG   [poll]    <- read  st0cur     ret=0  data=['0xfd', '0x01', '0x01', '0x02']
17:26:55.792  DEBUG   [poll]    -> read  st2mot    
17:26:55.796  DEBUG   [poll]    <- read  st2mot     ret=0  data=['0x00', '0x00']
17:26:55.796  DEBUG   [poll]    -> read  st0cur    
17:26:55.800  DEBUG   [poll]    <- read  st0cur     ret=0  data=['0xfd', '0x01', '0x01', '0x02']
17:26:56.802  DEBUG   [poll]    -> read  st2mot    
17:26:56.805  DEBUG   [poll]    <- read  st2mot     ret=0  data=['0x00', '0x00']
17:26:56.806  DEBUG   [poll]    -> read  st0cur    
17:26:56.810  DEBUG   [poll]    <- read  st0cur     ret=0  data=['0xfe', '0x01', '0x01', '0x02']
17:26:57.811  DEBUG   [poll]    -> read  st2mot    
17:26:57.815  DEBUG   [poll]    <- read  st2mot     ret=0  data=['0x00', '0x00']
17:26:57.815  DEBUG   [poll]    -> read  st0cur    
17:26:57.819  DEBUG   [poll]    <- read  st0cur     ret=0  data=['0xfd', '0x01', '0x01', '0x02']
17:26:58.821  DEBUG   [poll]    -> read  st2mot    
17:26:58.824  DEBUG   [poll]    <- read  st2mot     ret=0  data=['0x00', '0x00']
17:26:58.825  DEBUG   [poll]    -> read  st0cur    
17:26:58.829  DEBUG   [poll]    <- read  st0cur     ret=0  data=['0xfd', '0x01', '0x01', '0x02']
17:26:59.830  DEBUG   [poll]    -> read  st2mot    
17:26:59.834  DEBUG   [poll]    <- read  st2mot     ret=0  data=['0x00', '0x00']
17:26:59.834  DEBUG   [poll]    -> read  st0cur    
17:26:59.838  DEBUG   [poll]    <- read  st0cur     ret=0  data=['0xfe', '0x01', '0x01', '0x02']
17:27:00.840  DEBUG   [poll]    -> read  st2mot    
17:27:00.843  DEBUG   [poll]    <- read  st2mot     ret=0  data=['0x00', '0x00']
17:27:00.844  DEBUG   [poll]    -> read  st0cur    
17:27:00.848  DEBUG   [poll]    <- read  st0cur     ret=0  data=['0xfd', '0x01', '0x01', '0x02']
17:27:01.849  DEBUG   [poll]    -> read  st2mot    
17:27:01.853  DEBUG   [poll]    <- read  st2mot     ret=0  data=['0x00', '0x00']
17:27:01.853  DEBUG   [poll]    -> read  st0cur    
17:27:01.857  DEBUG   [poll]    <- read  st0cur     ret=0  data=['0xfd', '0x01', '0x01', '0x02']
17:27:02.859  DEBUG   [poll]    -> read  st2mot    
17:27:02.862  DEBUG   [poll]    <- read  st2mot     ret=0  data=['0x00', '0x00']
17:27:02.863  DEBUG   [poll]    -> read  st0cur    
17:27:02.867  DEBUG   [poll]    <- read  st0cur     ret=0  data=['0xfd', '0x01', '0x01', '0x02']
17:27:03.869  DEBUG   [poll]    -> read  st2mot    
17:27:03.872  DEBUG   [poll]    <- read  st2mot     ret=0  data=['0x00', '0x00']
17:27:03.872  DEBUG   [poll]    -> read  st0cur    
17:27:03.877  DEBUG   [poll]    <- read  st0cur     ret=0  data=['0xfd', '0x01', '0x01', '0x02']
17:27:04.878  DEBUG   [poll]    -> read  st2mot    
17:27:04.882  DEBUG   [poll]    <- read  st2mot     ret=0  data=['0x00', '0x00']
17:27:04.882  DEBUG   [poll]    -> read  st0cur    
17:27:04.886  DEBUG   [poll]    <- read  st0cur     ret=0  data=['0xfd', '0x01', '0x01', '0x02']
17:27:05.888  DEBUG   [poll]    -> read  st2mot    
17:27:05.891  DEBUG   [poll]    <- read  st2mot     ret=0  data=['0x00', '0x00']
17:27:05.891  DEBUG   [poll]    -> read  st0cur    
17:27:05.896  DEBUG   [poll]    <- read  st0cur     ret=0  data=['0xfd', '0x01', '0x01', '0x02']
17:27:06.897  DEBUG   [poll]    -> read  st2mot    
17:27:06.900  DEBUG   [poll]    <- read  st2mot     ret=0  data=['0x00', '0x00']
17:27:06.901  DEBUG   [poll]    -> read  st0cur    
17:27:06.905  DEBUG   [poll]    <- read  st0cur     ret=0  data=['0xfd', '0x01', '0x01', '0x02']
17:27:07.907  DEBUG   [poll]    -> read  st2mot    
17:27:07.910  DEBUG   [poll]    <- read  st2mot     ret=0  data=['0x00', '0x00']
17:27:07.910  DEBUG   [poll]    -> read  st0cur    
17:27:07.915  DEBUG   [poll]    <- read  st0cur     ret=0  data=['0xfd', '0x01', '0x01', '0x02']
17:27:08.916  DEBUG   [poll]    -> read  st2mot    
17:27:08.919  DEBUG   [poll]    <- read  st2mot     ret=0  data=['0x00', '0x00']
17:27:08.920  DEBUG   [poll]    -> read  st0cur    
17:27:08.924  DEBUG   [poll]    <- read  st0cur     ret=0  data=['0xfd', '0x01', '0x01', '0x02']
17:27:09.926  DEBUG   [poll]    -> read  st2mot    
17:27:09.929  DEBUG   [poll]    <- read  st2mot     ret=0  data=['0x00', '0x00']
17:27:09.929  DEBUG   [poll]    -> read  st0cur    
17:27:09.933  DEBUG   [poll]    <- read  st0cur     ret=0  data=['0xfd', '0x01', '0x01', '0x02']
17:27:10.935  DEBUG   [poll]    -> read  st2mot    
17:27:10.938  DEBUG   [poll]    <- read  st2mot     ret=0  data=['0x00', '0x00']
17:27:10.939  DEBUG   [poll]    -> read  st0cur    
17:27:10.943  DEBUG   [poll]    <- read  st0cur     ret=0  data=['0xfd', '0x01', '0x01', '0x02']
17:27:11.944  DEBUG   [poll]    -> read  st2mot    
17:27:11.948  DEBUG   [poll]    <- read  st2mot     ret=0  data=['0x00', '0x00']
17:27:11.948  DEBUG   [poll]    -> read  st0cur    
17:27:11.952  DEBUG   [poll]    <- read  st0cur     ret=0  data=['0xfd', '0x01', '0x01', '0x02']
17:27:12.954  DEBUG   [poll]    -> read  st2mot    
17:27:12.957  DEBUG   [poll]    <- read  st2mot     ret=0  data=['0x00', '0x00']
17:27:12.958  DEBUG   [poll]    -> read  st0cur    
17:27:12.962  DEBUG   [poll]    <- read  st0cur     ret=0  data=['0xfd', '0x01', '0x01', '0x02']
17:27:13.963  DEBUG   [poll]    -> read  st2mot    
17:27:13.967  DEBUG   [poll]    <- read  st2mot     ret=0  data=['0x00', '0x00']
17:27:13.967  DEBUG   [poll]    -> read  st0cur    
17:27:13.971  DEBUG   [poll]    <- read  st0cur     ret=0  data=['0xfd', '0x01', '0x01', '0x02']
17:27:14.973  DEBUG   [poll]    -> read  st2mot    
17:27:14.976  DEBUG   [poll]    <- read  st2mot     ret=0  data=['0x00', '0x00']
17:27:14.977  DEBUG   [poll]    -> read  st0cur    
17:27:14.981  DEBUG   [poll]    <- read  st0cur     ret=0  data=['0xfd', '0x01', '0x01', '0x02']
17:27:15.982  DEBUG   [poll]    -> read  st2mot    
17:27:15.986  DEBUG   [poll]    <- read  st2mot     ret=0  data=['0x00', '0x00']
17:27:15.986  DEBUG   [poll]    -> read  st0cur    
17:27:15.990  DEBUG   [poll]    <- read  st0cur     ret=0  data=['0xfd', '0x01', '0x01', '0x02']
17:27:16.992  DEBUG   [poll]    -> read  st2mot    
17:27:16.995  DEBUG   [poll]    <- read  st2mot     ret=0  data=['0x00', '0x00']
17:27:16.996  DEBUG   [poll]    -> read  st0cur    
17:27:17.000  DEBUG   [poll]    <- read  st0cur     ret=0  data=['0xfd', '0x01', '0x01', '0x02']
17:27:18.001  DEBUG   [poll]    -> read  st2mot    
17:27:18.005  DEBUG   [poll]    <- read  st2mot     ret=0  data=['0x00', '0x00']
17:27:18.005  DEBUG   [poll]    -> read  st0cur    
17:27:18.009  DEBUG   [poll]    <- read  st0cur     ret=0  data=['0xfd', '0x01', '0x01', '0x02']
17:27:19.011  DEBUG   [poll]    -> read  st2mot    
17:27:19.014  DEBUG   [poll]    <- read  st2mot     ret=0  data=['0x00', '0x00']
17:27:19.015  DEBUG   [poll]    -> read  st0cur    
17:27:19.019  DEBUG   [poll]    <- read  st0cur     ret=0  data=['0xfd', '0x01', '0x01', '0x02']
17:27:20.020  DEBUG   [poll]    -> read  st2mot    
17:27:20.024  DEBUG   [poll]    <- read  st2mot     ret=0  data=['0x00', '0x00']
17:27:20.024  DEBUG   [poll]    -> read  st0cur    
17:27:20.028  DEBUG   [poll]    <- read  st0cur     ret=0  data=['0xfd', '0x01', '0x01', '0x02']
17:27:21.030  DEBUG   [poll]    -> read  st2mot    
17:27:21.033  DEBUG   [poll]    <- read  st2mot     ret=0  data=['0x00', '0x00']
17:27:21.033  DEBUG   [poll]    -> read  st0cur    
17:27:21.038  DEBUG   [poll]    <- read  st0cur     ret=0  data=['0xfd', '0x01', '0x01', '0x02']
17:27:22.039  DEBUG   [poll]    -> read  st2mot    
17:27:22.042  DEBUG   [poll]    <- read  st2mot     ret=0  data=['0x00', '0x00']
17:27:22.043  DEBUG   [poll]    -> read  st0cur    
17:27:22.047  DEBUG   [poll]    <- read  st0cur     ret=0  data=['0xfd', '0x01', '0x01', '0x02']
17:27:23.048  DEBUG   [poll]    -> read  st2mot    
17:27:23.052  DEBUG   [poll]    <- read  st2mot     ret=0  data=['0x00', '0x00']
17:27:23.054  DEBUG   [poll]    -> read  st0cur    
17:27:23.058  DEBUG   [poll]    <- read  st0cur     ret=0  data=['0xfd', '0x01', '0x01', '0x02']
17:27:24.060  DEBUG   [poll]    -> read  st2mot    
17:27:24.063  DEBUG   [poll]    <- read  st2mot     ret=0  data=['0x00', '0x00']
17:27:24.063  DEBUG   [poll]    -> read  st0cur    
17:27:24.068  DEBUG   [poll]    <- read  st0cur     ret=0  data=['0xfe', '0x01', '0x01', '0x02']
17:27:25.069  DEBUG   [poll]    -> read  st2mot    
17:27:25.072  DEBUG   [poll]    <- read  st2mot     ret=0  data=['0x00', '0x00']
17:27:25.073  DEBUG   [poll]    -> read  st0cur    
17:27:25.077  DEBUG   [poll]    <- read  st0cur     ret=0  data=['0xfd', '0x01', '0x01', '0x02']
17:27:26.079  DEBUG   [poll]    -> read  st2mot    
17:27:26.082  DEBUG   [poll]    <- read  st2mot     ret=0  data=['0x00', '0x00']
17:27:26.082  DEBUG   [poll]    -> read  st0cur    
17:27:26.086  DEBUG   [poll]    <- read  st0cur     ret=0  data=['0xfd', '0x01', '0x01', '0x02']
17:27:27.088  DEBUG   [poll]    -> read  st2mot    
17:27:27.091  DEBUG   [poll]    <- read  st2mot     ret=0  data=['0x00', '0x00']
17:27:27.091  DEBUG   [poll]    -> read  st0cur    
17:27:27.096  DEBUG   [poll]    <- read  st0cur     ret=0  data=['0xfd', '0x01', '0x01', '0x02']
17:27:28.097  DEBUG   [poll]    -> read  st2mot    
17:27:28.101  DEBUG   [poll]    <- read  st2mot     ret=0  data=['0x00', '0x00']
17:27:28.101  DEBUG   [poll]    -> read  st0cur    
17:27:28.105  DEBUG   [poll]    <- read  st0cur     ret=0  data=['0xfd', '0x01', '0x01', '0x02']
17:27:29.107  DEBUG   [poll]    -> read  st2mot    
17:27:29.110  DEBUG   [poll]    <- read  st2mot     ret=0  data=['0x00', '0x00']
17:27:29.111  DEBUG   [poll]    -> read  st0cur    
17:27:29.115  DEBUG   [poll]    <- read  st0cur     ret=0  data=['0xfd', '0x01', '0x01', '0x02']
17:27:30.116  DEBUG   [poll]    -> read  st2mot    
17:27:30.120  DEBUG   [poll]    <- read  st2mot     ret=0  data=['0x00', '0x00']
17:27:30.120  DEBUG   [poll]    -> read  st0cur    
17:27:30.124  DEBUG   [poll]    <- read  st0cur     ret=0  data=['0xfd', '0x01', '0x01', '0x02']
17:27:31.126  DEBUG   [poll]    -> read  st2mot    
17:27:31.129  DEBUG   [poll]    <- read  st2mot     ret=0  data=['0x00', '0x00']
17:27:31.130  DEBUG   [poll]    -> read  st0cur    
17:27:31.134  DEBUG   [poll]    <- read  st0cur     ret=0  data=['0xfd', '0x01', '0x01', '0x02']
17:27:32.135  DEBUG   [poll]    -> read  st2mot    
17:27:32.139  DEBUG   [poll]    <- read  st2mot     ret=0  data=['0x00', '0x00']
17:27:32.139  DEBUG   [poll]    -> read  st0cur    
17:27:32.143  DEBUG   [poll]    <- read  st0cur     ret=0  data=['0xfd', '0x01', '0x01', '0x02']
17:27:33.145  DEBUG   [poll]    -> read  st2mot    
17:27:33.148  DEBUG   [poll]    <- read  st2mot     ret=0  data=['0x00', '0x00']
17:27:33.149  DEBUG   [poll]    -> read  st0cur    
17:27:33.153  DEBUG   [poll]    <- read  st0cur     ret=0  data=['0xfd', '0x01', '0x01', '0x02']
17:27:34.154  DEBUG   [poll]    -> read  st2mot    
17:27:34.158  DEBUG   [poll]    <- read  st2mot     ret=0  data=['0x00', '0x00']
17:27:34.158  DEBUG   [poll]    -> read  st0cur    
17:27:34.162  DEBUG   [poll]    <- read  st0cur     ret=0  data=['0xfd', '0x01', '0x01', '0x02']
17:27:35.164  DEBUG   [poll]    -> read  st2mot    
17:27:35.167  DEBUG   [poll]    <- read  st2mot     ret=0  data=['0x00', '0x00']
17:27:35.167  DEBUG   [poll]    -> read  st0cur    
17:27:35.172  DEBUG   [poll]    <- read  st0cur     ret=0  data=['0xfd', '0x01', '0x01', '0x02']
17:27:36.173  DEBUG   [poll]    -> read  st2mot    
17:27:36.177  DEBUG   [poll]    <- read  st2mot     ret=0  data=['0x00', '0x00']
17:27:36.177  DEBUG   [poll]    -> read  st0cur    
17:27:36.181  DEBUG   [poll]    <- read  st0cur     ret=0  data=['0xfd', '0x01', '0x01', '0x02']
17:27:37.183  DEBUG   [poll]    -> read  st2mot    
17:27:37.186  DEBUG   [poll]    <- read  st2mot     ret=0  data=['0x00', '0x00']
17:27:37.186  DEBUG   [poll]    -> read  st0cur    
17:27:37.191  DEBUG   [poll]    <- read  st0cur     ret=0  data=['0xfd', '0x01', '0x01', '0x02']
17:27:38.192  DEBUG   [poll]    -> read  st2mot    
17:27:38.195  DEBUG   [poll]    <- read  st2mot     ret=0  data=['0x00', '0x00']
17:27:38.196  DEBUG   [poll]    -> read  st0cur    
17:27:38.200  DEBUG   [poll]    <- read  st0cur     ret=0  data=['0xfd', '0x01', '0x01', '0x02']
17:27:39.202  DEBUG   [poll]    -> read  st2mot    
17:27:39.205  DEBUG   [poll]    <- read  st2mot     ret=0  data=['0x00', '0x00']
17:27:39.205  DEBUG   [poll]    -> read  st0cur    
17:27:39.210  DEBUG   [poll]    <- read  st0cur     ret=0  data=['0xfd', '0x01', '0x01', '0x02']
17:27:40.211  DEBUG   [poll]    -> read  st2mot    
17:27:40.214  DEBUG   [poll]    <- read  st2mot     ret=0  data=['0x00', '0x00']
17:27:40.215  DEBUG   [poll]    -> read  st0cur    
17:27:40.219  DEBUG   [poll]    <- read  st0cur     ret=0  data=['0xfd', '0x01', '0x01', '0x02']
17:27:41.220  DEBUG   [poll]    -> read  st2mot    
17:27:41.224  DEBUG   [poll]    <- read  st2mot     ret=0  data=['0x00', '0x00']
17:27:41.224  DEBUG   [poll]    -> read  st0cur    
17:27:41.228  DEBUG   [poll]    <- read  st0cur     ret=0  data=['0xfd', '0x01', '0x01', '0x02']
17:27:42.230  DEBUG   [poll]    -> read  st2mot    
17:27:42.233  DEBUG   [poll]    <- read  st2mot     ret=0  data=['0x00', '0x00']
17:27:42.234  DEBUG   [poll]    -> read  st0cur    
17:27:42.238  DEBUG   [poll]    <- read  st0cur     ret=0  data=['0xfd', '0x01', '0x01', '0x02']
17:27:43.239  DEBUG   [poll]    -> read  st2mot    
17:27:43.243  DEBUG   [poll]    <- read  st2mot     ret=0  data=['0x00', '0x00']
17:27:43.243  DEBUG   [poll]    -> read  st0cur    
17:27:43.248  DEBUG   [poll]    <- read  st0cur     ret=0  data=['0xfd', '0x01', '0x01', '0x02']
17:27:44.249  DEBUG   [poll]    -> read  st2mot    
17:27:44.252  DEBUG   [poll]    <- read  st2mot     ret=0  data=['0x00', '0x00']
17:27:44.253  DEBUG   [poll]    -> read  st0cur    
17:27:44.257  DEBUG   [poll]    <- read  st0cur     ret=0  data=['0xfd', '0x01', '0x01', '0x02']
17:27:45.259  DEBUG   [poll]    -> read  st2mot    
17:27:45.262  DEBUG   [poll]    <- read  st2mot     ret=0  data=['0x00', '0x00']
17:27:45.262  DEBUG   [poll]    -> read  st0cur    
17:27:45.267  DEBUG   [poll]    <- read  st0cur     ret=0  data=['0xfd', '0x01', '0x01', '0x02']
17:27:46.268  DEBUG   [poll]    -> read  st2mot    
17:27:46.271  DEBUG   [poll]    <- read  st2mot     ret=0  data=['0x00', '0x00']
17:27:46.272  DEBUG   [poll]    -> read  st0cur    
17:27:46.276  DEBUG   [poll]    <- read  st0cur     ret=0  data=['0xfd', '0x01', '0x01', '0x02']
17:27:47.278  DEBUG   [poll]    -> read  st2mot    
17:27:47.281  DEBUG   [poll]    <- read  st2mot     ret=0  data=['0x00', '0x00']
17:27:47.281  DEBUG   [poll]    -> read  st0cur    
17:27:47.285  DEBUG   [poll]    <- read  st0cur     ret=0  data=['0xfd', '0x01', '0x01', '0x02']
17:27:48.287  DEBUG   [poll]    -> read  st2mot    
17:27:48.290  DEBUG   [poll]    <- read  st2mot     ret=0  data=['0x00', '0x00']
17:27:48.291  DEBUG   [poll]    -> read  st0cur    
17:27:48.295  DEBUG   [poll]    <- read  st0cur     ret=0  data=['0xfd', '0x01', '0x01', '0x02']
17:27:49.297  DEBUG   [poll]    -> read  st2mot    
17:27:49.300  DEBUG   [poll]    <- read  st2mot     ret=0  data=['0x00', '0x00']
17:27:49.300  DEBUG   [poll]    -> read  st0cur    
17:27:49.305  DEBUG   [poll]    <- read  st0cur     ret=0  data=['0xfd', '0x01', '0x01', '0x02']
17:27:50.306  DEBUG   [poll]    -> read  st2mot    
17:27:50.309  DEBUG   [poll]    <- read  st2mot     ret=0  data=['0x00', '0x00']
17:27:50.310  DEBUG   [poll]    -> read  st0cur    
17:27:50.314  DEBUG   [poll]    <- read  st0cur     ret=0  data=['0xfd', '0x01', '0x01', '0x02']
17:27:51.315  DEBUG   [poll]    -> read  st2mot    
17:27:51.319  DEBUG   [poll]    <- read  st2mot     ret=0  data=['0x00', '0x00']
17:27:51.319  DEBUG   [poll]    -> read  st0cur    
17:27:51.323  DEBUG   [poll]    <- read  st0cur     ret=0  data=['0xfd', '0x01', '0x01', '0x02']
17:27:52.325  DEBUG   [poll]    -> read  st2mot    
17:27:52.328  DEBUG   [poll]    <- read  st2mot     ret=0  data=['0x00', '0x00']
17:27:52.329  DEBUG   [poll]    -> read  st0cur    
17:27:52.333  DEBUG   [poll]    <- read  st0cur     ret=0  data=['0xfd', '0x01', '0x01', '0x02']
17:27:53.334  DEBUG   [poll]    -> read  st2mot    
17:27:53.338  DEBUG   [poll]    <- read  st2mot     ret=0  data=['0x00', '0x00']
17:27:53.338  DEBUG   [poll]    -> read  st0cur    
17:27:53.342  DEBUG   [poll]    <- read  st0cur     ret=0  data=['0xfd', '0x01', '0x01', '0x02']
17:27:54.344  DEBUG   [poll]    -> read  st2mot    
17:27:54.347  DEBUG   [poll]    <- read  st2mot     ret=0  data=['0x00', '0x00']
17:27:54.348  DEBUG   [poll]    -> read  st0cur    
17:27:54.352  DEBUG   [poll]    <- read  st0cur     ret=0  data=['0xfd', '0x01', '0x01', '0x02']
17:27:55.353  DEBUG   [poll]    -> read  st2mot    
17:27:55.357  DEBUG   [poll]    <- read  st2mot     ret=0  data=['0x00', '0x00']
17:27:55.357  DEBUG   [poll]    -> read  st0cur    
17:27:55.361  DEBUG   [poll]    <- read  st0cur     ret=0  data=['0xfd', '0x01', '0x01', '0x02']
17:27:56.363  DEBUG   [poll]    -> read  st2mot    
17:27:56.366  DEBUG   [poll]    <- read  st2mot     ret=0  data=['0x00', '0x00']
17:27:56.366  DEBUG   [poll]    -> read  st0cur    
17:27:56.371  DEBUG   [poll]    <- read  st0cur     ret=0  data=['0xfd', '0x01', '0x01', '0x02']
17:27:57.372  DEBUG   [poll]    -> read  st2mot    
17:27:57.376  DEBUG   [poll]    <- read  st2mot     ret=0  data=['0x00', '0x00']
17:27:57.376  DEBUG   [poll]    -> read  st0cur    
17:27:57.380  DEBUG   [poll]    <- read  st0cur     ret=0  data=['0xfd', '0x01', '0x01', '0x02']
17:27:58.382  DEBUG   [poll]    -> read  st2mot    
17:27:58.385  DEBUG   [poll]    <- read  st2mot     ret=0  data=['0x00', '0x00']
17:27:58.386  DEBUG   [poll]    -> read  st0cur    
17:27:58.390  DEBUG   [poll]    <- read  st0cur     ret=0  data=['0xfd', '0x01', '0x01', '0x02']
17:27:59.391  DEBUG   [poll]    -> read  st2mot    
17:27:59.395  DEBUG   [poll]    <- read  st2mot     ret=0  data=['0x00', '0x00']
17:27:59.395  DEBUG   [poll]    -> read  st0cur    
17:27:59.399  DEBUG   [poll]    <- read  st0cur     ret=0  data=['0xfd', '0x01', '0x01', '0x02']
17:28:00.401  DEBUG   [poll]    -> read  st2mot    
17:28:00.404  DEBUG   [poll]    <- read  st2mot     ret=0  data=['0x00', '0x00']
17:28:00.405  DEBUG   [poll]    -> read  st0cur    
17:28:00.409  DEBUG   [poll]    <- read  st0cur     ret=0  data=['0xfd', '0x01', '0x00', '0x02']
17:28:01.410  DEBUG   [poll]    -> read  st2mot    
17:28:01.414  DEBUG   [poll]    <- read  st2mot     ret=0  data=['0x00', '0x00']
17:28:01.414  DEBUG   [poll]    -> read  st0cur    
17:28:01.418  DEBUG   [poll]    <- read  st0cur     ret=0  data=['0xfd', '0x01', '0x01', '0x02']
17:28:02.420  DEBUG   [poll]    -> read  st2mot    
17:28:02.423  DEBUG   [poll]    <- read  st2mot     ret=0  data=['0x00', '0x00']
17:28:02.424  DEBUG   [poll]    -> read  st0cur    
17:28:02.428  DEBUG   [poll]    <- read  st0cur     ret=0  data=['0xfd', '0x01', '0x01', '0x02']
17:28:03.429  DEBUG   [poll]    -> read  st2mot    
17:28:03.433  DEBUG   [poll]    <- read  st2mot     ret=0  data=['0x00', '0x00']
17:28:03.433  DEBUG   [poll]    -> read  st0cur    
17:28:03.438  DEBUG   [poll]    <- read  st0cur     ret=0  data=['0xfd', '0x01', '0x01', '0x02']
17:28:04.440  DEBUG   [poll]    -> read  st2mot    
17:28:04.443  DEBUG   [poll]    <- read  st2mot     ret=0  data=['0x00', '0x00']
17:28:04.444  DEBUG   [poll]    -> read  st0cur    
17:28:04.448  DEBUG   [poll]    <- read  st0cur     ret=0  data=['0xfd', '0x01', '0x01', '0x02']
17:28:05.450  DEBUG   [poll]    -> read  st2mot    
17:28:05.453  DEBUG   [poll]    <- read  st2mot     ret=0  data=['0x00', '0x00']
17:28:05.453  DEBUG   [poll]    -> read  st0cur    
17:28:05.458  DEBUG   [poll]    <- read  st0cur     ret=0  data=['0xfd', '0x01', '0x00', '0x02']
17:28:06.459  DEBUG   [poll]    -> read  st2mot    
17:28:06.463  DEBUG   [poll]    <- read  st2mot     ret=0  data=['0x00', '0x00']
17:28:06.463  DEBUG   [poll]    -> read  st0cur    
17:28:06.467  DEBUG   [poll]    <- read  st0cur     ret=0  data=['0xfd', '0x01', '0x01', '0x02']
17:28:07.469  DEBUG   [poll]    -> read  st2mot    
17:28:07.472  DEBUG   [poll]    <- read  st2mot     ret=0  data=['0x00', '0x00']
17:28:07.473  DEBUG   [poll]    -> read  st0cur    
17:28:07.477  DEBUG   [poll]    <- read  st0cur     ret=0  data=['0xfd', '0x01', '0x01', '0x02']
17:28:08.478  DEBUG   [poll]    -> read  st2mot    
17:28:08.482  DEBUG   [poll]    <- read  st2mot     ret=0  data=['0x00', '0x00']
17:28:08.483  DEBUG   [poll]    -> read  st0cur    
17:28:08.487  DEBUG   [poll]    <- read  st0cur     ret=0  data=['0xfd', '0x01', '0x01', '0x02']
17:28:09.488  DEBUG   [poll]    -> read  st2mot    
17:28:09.492  DEBUG   [poll]    <- read  st2mot     ret=0  data=['0x00', '0x00']
17:28:09.492  DEBUG   [poll]    -> read  st0cur    
17:28:09.496  DEBUG   [poll]    <- read  st0cur     ret=0  data=['0xfd', '0x01', '0x01', '0x02']
17:28:10.498  DEBUG   [poll]    -> read  st2mot    
17:28:10.501  DEBUG   [poll]    <- read  st2mot     ret=0  data=['0x00', '0x00']
17:28:10.502  DEBUG   [poll]    -> read  st0cur    
17:28:10.506  DEBUG   [poll]    <- read  st0cur     ret=0  data=['0xfd', '0x01', '0x01', '0x02']
17:28:11.507  DEBUG   [poll]    -> read  st2mot    
17:28:11.511  DEBUG   [poll]    <- read  st2mot     ret=0  data=['0x00', '0x00']
17:28:11.511  DEBUG   [poll]    -> read  st0cur    
17:28:11.515  DEBUG   [poll]    <- read  st0cur     ret=0  data=['0xfd', '0x01', '0x01', '0x02']
17:28:12.517  DEBUG   [poll]    -> read  st2mot    
17:28:12.520  DEBUG   [poll]    <- read  st2mot     ret=0  data=['0x00', '0x00']
17:28:12.520  DEBUG   [poll]    -> read  st0cur    
17:28:12.525  DEBUG   [poll]    <- read  st0cur     ret=0  data=['0xfd', '0x01', '0x01', '0x02']
17:28:13.526  DEBUG   [poll]    -> read  st2mot    
17:28:13.530  DEBUG   [poll]    <- read  st2mot     ret=0  data=['0x00', '0x00']
17:28:13.530  DEBUG   [poll]    -> read  st0cur    
17:28:13.535  DEBUG   [poll]    <- read  st0cur     ret=0  data=['0xfd', '0x01', '0x01', '0x02']
17:28:14.536  DEBUG   [poll]    -> read  st2mot    
17:28:14.540  DEBUG   [poll]    <- read  st2mot     ret=0  data=['0x00', '0x00']
17:28:14.540  DEBUG   [poll]    -> read  st0cur    
17:28:14.544  DEBUG   [poll]    <- read  st0cur     ret=0  data=['0xfd', '0x01', '0x01', '0x02']
17:28:15.546  DEBUG   [poll]    -> read  st2mot    
17:28:15.549  DEBUG   [poll]    <- read  st2mot     ret=0  data=['0x00', '0x00']
17:28:15.549  DEBUG   [poll]    -> read  st0cur    
17:28:15.554  DEBUG   [poll]    <- read  st0cur     ret=0  data=['0xfd', '0x01', '0x01', '0x02']
17:28:16.555  DEBUG   [poll]    -> read  st2mot    
17:28:16.558  DEBUG   [poll]    <- read  st2mot     ret=0  data=['0x00', '0x00']
17:28:16.559  DEBUG   [poll]    -> read  st0cur    
17:28:16.563  DEBUG   [poll]    <- read  st0cur     ret=0  data=['0xfd', '0x01', '0x01', '0x02']
17:28:17.565  DEBUG   [poll]    -> read  st2mot    
17:28:17.568  DEBUG   [poll]    <- read  st2mot     ret=0  data=['0x00', '0x00']
17:28:17.568  DEBUG   [poll]    -> read  st0cur    
17:28:17.573  DEBUG   [poll]    <- read  st0cur     ret=0  data=['0xfd', '0x01', '0x01', '0x02']
17:28:18.574  DEBUG   [poll]    -> read  st2mot    
17:28:18.578  DEBUG   [poll]    <- read  st2mot     ret=0  data=['0x00', '0x00']
17:28:18.578  DEBUG   [poll]    -> read  st0cur    
17:28:18.582  DEBUG   [poll]    <- read  st0cur     ret=0  data=['0xfd', '0x01', '0x01', '0x02']
17:28:19.584  DEBUG   [poll]    -> read  st2mot    
17:28:19.587  DEBUG   [poll]    <- read  st2mot     ret=0  data=['0x00', '0x00']
17:28:19.588  DEBUG   [poll]    -> read  st0cur    
17:28:19.592  DEBUG   [poll]    <- read  st0cur     ret=0  data=['0xfd', '0x01', '0x01', '0x02']
17:28:20.593  DEBUG   [poll]    -> read  st2mot    
17:28:20.597  DEBUG   [poll]    <- read  st2mot     ret=0  data=['0x00', '0x00']
17:28:20.597  DEBUG   [poll]    -> read  st0cur    
17:28:20.601  DEBUG   [poll]    <- read  st0cur     ret=0  data=['0xfd', '0x01', '0x01', '0x02']
17:28:21.603  DEBUG   [poll]    -> read  st2mot    
17:28:21.606  DEBUG   [poll]    <- read  st2mot     ret=0  data=['0x00', '0x00']
17:28:21.606  DEBUG   [poll]    -> read  st0cur    
17:28:21.611  DEBUG   [poll]    <- read  st0cur     ret=0  data=['0xfd', '0x01', '0x01', '0x02']
17:28:22.612  DEBUG   [poll]    -> read  st2mot    
17:28:22.616  DEBUG   [poll]    <- read  st2mot     ret=0  data=['0x00', '0x00']
17:28:22.616  DEBUG   [poll]    -> read  st0cur    
17:28:22.620  DEBUG   [poll]    <- read  st0cur     ret=0  data=['0xfd', '0x01', '0x01', '0x02']
17:28:23.622  DEBUG   [poll]    -> read  st2mot    
17:28:23.625  DEBUG   [poll]    <- read  st2mot     ret=0  data=['0x00', '0x00']
17:28:23.626  DEBUG   [poll]    -> read  st0cur    
17:28:23.630  DEBUG   [poll]    <- read  st0cur     ret=0  data=['0xfd', '0x01', '0x01', '0x02']
17:28:24.632  DEBUG   [poll]    -> read  st2mot    
17:28:24.635  DEBUG   [poll]    <- read  st2mot     ret=0  data=['0x00', '0x00']
17:28:24.635  DEBUG   [poll]    -> read  st0cur    
17:28:24.640  DEBUG   [poll]    <- read  st0cur     ret=0  data=['0xfd', '0x01', '0x01', '0x02']
17:28:25.641  DEBUG   [poll]    -> read  st2mot    
17:28:25.644  DEBUG   [poll]    <- read  st2mot     ret=0  data=['0x00', '0x00']
17:28:25.645  DEBUG   [poll]    -> read  st0cur    
17:28:25.649  DEBUG   [poll]    <- read  st0cur     ret=0  data=['0xfe', '0x01', '0x01', '0x02']
17:28:26.651  DEBUG   [poll]    -> read  st2mot    
17:28:26.654  DEBUG   [poll]    <- read  st2mot     ret=0  data=['0x00', '0x00']
17:28:26.654  DEBUG   [poll]    -> read  st0cur    
17:28:26.659  DEBUG   [poll]    <- read  st0cur     ret=0  data=['0xfd', '0x01', '0x01', '0x02']
17:28:27.660  DEBUG   [poll]    -> read  st2mot    
17:28:27.663  DEBUG   [poll]    <- read  st2mot     ret=0  data=['0x00', '0x00']
17:28:27.664  DEBUG   [poll]    -> read  st0cur    
17:28:27.668  DEBUG   [poll]    <- read  st0cur     ret=0  data=['0xfd', '0x01', '0x01', '0x02']
17:28:28.669  DEBUG   [poll]    -> read  st2mot    
17:28:28.673  DEBUG   [poll]    <- read  st2mot     ret=0  data=['0x00', '0x00']
17:28:28.674  DEBUG   [poll]    -> read  st0cur    
17:28:28.678  DEBUG   [poll]    <- read  st0cur     ret=0  data=['0xfe', '0x01', '0x01', '0x02']
17:28:29.679  DEBUG   [poll]    -> read  st2mot    
17:28:29.683  DEBUG   [poll]    <- read  st2mot     ret=0  data=['0x00', '0x00']
17:28:29.683  DEBUG   [poll]    -> read  st0cur    
17:28:29.687  DEBUG   [poll]    <- read  st0cur     ret=0  data=['0xfd', '0x01', '0x01', '0x02']
17:28:30.689  DEBUG   [poll]    -> read  st2mot    
17:28:30.692  DEBUG   [poll]    <- read  st2mot     ret=0  data=['0x00', '0x00']
17:28:30.693  DEBUG   [poll]    -> read  st0cur    
17:28:30.697  DEBUG   [poll]    <- read  st0cur     ret=0  data=['0xfd', '0x01', '0x01', '0x02']
17:28:31.698  DEBUG   [poll]    -> read  st2mot    
17:28:31.702  DEBUG   [poll]    <- read  st2mot     ret=0  data=['0x00', '0x00']
17:28:31.702  DEBUG   [poll]    -> read  st0cur    
17:28:31.706  DEBUG   [poll]    <- read  st0cur     ret=0  data=['0xfd', '0x01', '0x00', '0x02']
17:28:32.708  DEBUG   [poll]    -> read  st2mot    
17:28:32.711  DEBUG   [poll]    <- read  st2mot     ret=0  data=['0x00', '0x00']
17:28:32.712  DEBUG   [poll]    -> read  st0cur    
17:28:32.716  DEBUG   [poll]    <- read  st0cur     ret=0  data=['0xfd', '0x01', '0x01', '0x02']
17:28:33.717  DEBUG   [poll]    -> read  st2mot    
17:28:33.721  DEBUG   [poll]    <- read  st2mot     ret=0  data=['0x00', '0x00']
17:28:33.721  DEBUG   [poll]    -> read  st0cur    
17:28:33.725  DEBUG   [poll]    <- read  st0cur     ret=0  data=['0xfd', '0x01', '0x01', '0x02']
17:28:34.727  DEBUG   [poll]    -> read  st2mot    
17:28:34.730  DEBUG   [poll]    <- read  st2mot     ret=0  data=['0x00', '0x00']
17:28:34.731  DEBUG   [poll]    -> read  st0cur    
17:28:34.735  DEBUG   [poll]    <- read  st0cur     ret=0  data=['0xfd', '0x01', '0x01', '0x02']
17:28:35.737  DEBUG   [poll]    -> read  st2mot    
17:28:35.740  DEBUG   [poll]    <- read  st2mot     ret=0  data=['0x00', '0x00']
17:28:35.740  DEBUG   [poll]    -> read  st0cur    
17:28:35.744  DEBUG   [poll]    <- read  st0cur     ret=0  data=['0xfd', '0x01', '0x01', '0x02']
17:28:36.746  DEBUG   [poll]    -> read  st2mot    
17:28:36.749  DEBUG   [poll]    <- read  st2mot     ret=0  data=['0x00', '0x00']
17:28:36.750  DEBUG   [poll]    -> read  st0cur    
17:28:36.754  DEBUG   [poll]    <- read  st0cur     ret=0  data=['0xfd', '0x01', '0x01', '0x02']
17:28:37.755  DEBUG   [poll]    -> read  st2mot    
17:28:37.759  DEBUG   [poll]    <- read  st2mot     ret=0  data=['0x00', '0x00']
17:28:37.759  DEBUG   [poll]    -> read  st0cur    
17:28:37.763  DEBUG   [poll]    <- read  st0cur     ret=0  data=['0xfd', '0x01', '0x01', '0x02']
17:28:38.765  DEBUG   [poll]    -> read  st2mot    
17:28:38.768  DEBUG   [poll]    <- read  st2mot     ret=0  data=['0x00', '0x00']
17:28:38.769  DEBUG   [poll]    -> read  st0cur    
17:28:38.773  DEBUG   [poll]    <- read  st0cur     ret=0  data=['0xfd', '0x01', '0x01', '0x02']
17:28:39.775  DEBUG   [poll]    -> read  st2mot    
17:28:39.778  DEBUG   [poll]    <- read  st2mot     ret=0  data=['0x00', '0x00']
17:28:39.778  DEBUG   [poll]    -> read  st0cur    
17:28:39.783  DEBUG   [poll]    <- read  st0cur     ret=0  data=['0xfd', '0x01', '0x01', '0x02']
17:28:40.784  DEBUG   [poll]    -> read  st2mot    
17:28:40.787  DEBUG   [poll]    <- read  st2mot     ret=0  data=['0x00', '0x00']
17:28:40.788  DEBUG   [poll]    -> read  st0cur    
17:28:40.792  DEBUG   [poll]    <- read  st0cur     ret=0  data=['0xfd', '0x01', '0x01', '0x02']
17:28:41.794  DEBUG   [poll]    -> read  st2mot    
17:28:41.797  DEBUG   [poll]    <- read  st2mot     ret=0  data=['0x00', '0x00']
17:28:41.797  DEBUG   [poll]    -> read  st0cur    
17:28:41.801  DEBUG   [poll]    <- read  st0cur     ret=0  data=['0xfd', '0x01', '0x01', '0x02']
17:28:42.803  DEBUG   [poll]    -> read  st2mot    
17:28:42.806  DEBUG   [poll]    <- read  st2mot     ret=0  data=['0x00', '0x00']
17:28:42.807  DEBUG   [poll]    -> read  st0cur    
17:28:42.811  DEBUG   [poll]    <- read  st0cur     ret=0  data=['0xfd', '0x01', '0x01', '0x02']
17:28:43.813  DEBUG   [poll]    -> read  st2mot    
17:28:43.816  DEBUG   [poll]    <- read  st2mot     ret=0  data=['0x00', '0x00']
17:28:43.816  DEBUG   [poll]    -> read  st0cur    
17:28:43.821  DEBUG   [poll]    <- read  st0cur     ret=0  data=['0xfd', '0x01', '0x01', '0x02']
17:28:44.822  DEBUG   [poll]    -> read  st2mot    
17:28:44.826  DEBUG   [poll]    <- read  st2mot     ret=0  data=['0x00', '0x00']
17:28:44.826  DEBUG   [poll]    -> read  st0cur    
17:28:44.830  DEBUG   [poll]    <- read  st0cur     ret=0  data=['0xfd', '0x01', '0x01', '0x02']
17:28:45.832  DEBUG   [poll]    -> read  st2mot    
17:28:45.835  DEBUG   [poll]    <- read  st2mot     ret=0  data=['0x00', '0x00']
17:28:45.836  DEBUG   [poll]    -> read  st0cur    
17:28:45.840  DEBUG   [poll]    <- read  st0cur     ret=0  data=['0xfd', '0x01', '0x01', '0x02']
17:28:46.841  DEBUG   [poll]    -> read  st2mot    
17:28:46.845  DEBUG   [poll]    <- read  st2mot     ret=0  data=['0x00', '0x00']
17:28:46.845  DEBUG   [poll]    -> read  st0cur    
17:28:46.849  DEBUG   [poll]    <- read  st0cur     ret=0  data=['0xfd', '0x01', '0x00', '0x02']
17:28:47.851  DEBUG   [poll]    -> read  st2mot    
17:28:47.854  DEBUG   [poll]    <- read  st2mot     ret=0  data=['0x00', '0x00']
17:28:47.854  DEBUG   [poll]    -> read  st0cur    
17:28:47.859  DEBUG   [poll]    <- read  st0cur     ret=0  data=['0xfe', '0x01', '0x01', '0x02']
17:28:48.860  DEBUG   [poll]    -> read  st2mot    
17:28:48.864  DEBUG   [poll]    <- read  st2mot     ret=0  data=['0x00', '0x00']
17:28:48.864  DEBUG   [poll]    -> read  st0cur    
17:28:48.868  DEBUG   [poll]    <- read  st0cur     ret=0  data=['0xfe', '0x01', '0x00', '0x02']
17:28:49.870  DEBUG   [poll]    -> read  st2mot    
17:28:49.873  DEBUG   [poll]    <- read  st2mot     ret=0  data=['0x00', '0x00']
17:28:49.874  DEBUG   [poll]    -> read  st0cur    
17:28:49.878  DEBUG   [poll]    <- read  st0cur     ret=0  data=['0xfd', '0x01', '0x00', '0x02']
17:28:50.879  DEBUG   [poll]    -> read  st2mot    
17:28:50.883  DEBUG   [poll]    <- read  st2mot     ret=0  data=['0x00', '0x00']
17:28:50.883  DEBUG   [poll]    -> read  st0cur    
17:28:50.887  DEBUG   [poll]    <- read  st0cur     ret=0  data=['0xfd', '0x01', '0x00', '0x02']
17:28:51.889  DEBUG   [poll]    -> read  st2mot    
17:28:51.892  DEBUG   [poll]    <- read  st2mot     ret=0  data=['0x00', '0x00']
17:28:51.893  DEBUG   [poll]    -> read  st0cur    
17:28:51.897  DEBUG   [poll]    <- read  st0cur     ret=0  data=['0xfe', '0x01', '0x01', '0x02']
17:28:52.898  DEBUG   [poll]    -> read  st2mot    
17:28:52.902  DEBUG   [poll]    <- read  st2mot     ret=0  data=['0x00', '0x00']
17:28:52.902  DEBUG   [poll]    -> read  st0cur    
17:28:52.906  DEBUG   [poll]    <- read  st0cur     ret=0  data=['0xfd', '0x01', '0x01', '0x02']
17:28:53.908  DEBUG   [poll]    -> read  st2mot    
17:28:53.911  DEBUG   [poll]    <- read  st2mot     ret=0  data=['0x00', '0x00']
17:28:53.914  DEBUG   [poll]    -> read  st0cur    
17:28:53.919  DEBUG   [poll]    <- read  st0cur     ret=0  data=['0xfd', '0x01', '0x01', '0x02']
17:28:54.920  DEBUG   [poll]    -> read  st2mot    
17:28:54.924  DEBUG   [poll]    <- read  st2mot     ret=0  data=['0x00', '0x00']
17:28:54.924  DEBUG   [poll]    -> read  st0cur    
17:28:54.928  DEBUG   [poll]    <- read  st0cur     ret=0  data=['0xfd', '0x01', '0x01', '0x02']
17:28:55.930  DEBUG   [poll]    -> read  st2mot    
17:28:55.933  DEBUG   [poll]    <- read  st2mot     ret=0  data=['0x00', '0x00']
17:28:55.934  DEBUG   [poll]    -> read  st0cur    
17:28:55.938  DEBUG   [poll]    <- read  st0cur     ret=0  data=['0xfd', '0x01', '0x01', '0x02']
17:28:56.939  DEBUG   [poll]    -> read  st2mot    
17:28:56.943  DEBUG   [poll]    <- read  st2mot     ret=0  data=['0x00', '0x00']
17:28:56.943  DEBUG   [poll]    -> read  st0cur    
17:28:56.947  DEBUG   [poll]    <- read  st0cur     ret=0  data=['0xfd', '0x01', '0x01', '0x02']
17:28:57.949  DEBUG   [poll]    -> read  st2mot    
17:28:57.952  DEBUG   [poll]    <- read  st2mot     ret=0  data=['0x00', '0x00']
17:28:57.952  DEBUG   [poll]    -> read  st0cur    
17:28:57.957  DEBUG   [poll]    <- read  st0cur     ret=0  data=['0xfd', '0x01', '0x00', '0x02']
17:28:58.958  DEBUG   [poll]    -> read  st2mot    
17:28:58.962  DEBUG   [poll]    <- read  st2mot     ret=0  data=['0x00', '0x00']
17:28:58.962  DEBUG   [poll]    -> read  st0cur    
17:28:58.966  DEBUG   [poll]    <- read  st0cur     ret=0  data=['0xfd', '0x01', '0x01', '0x02']
17:28:59.968  DEBUG   [poll]    -> read  st2mot    
17:28:59.971  DEBUG   [poll]    <- read  st2mot     ret=0  data=['0x00', '0x00']
17:28:59.972  DEBUG   [poll]    -> read  st0cur    
17:28:59.976  DEBUG   [poll]    <- read  st0cur     ret=0  data=['0xfd', '0x01', '0x01', '0x02']
17:29:00.977  DEBUG   [poll]    -> read  st2mot    
17:29:00.981  DEBUG   [poll]    <- read  st2mot     ret=0  data=['0x00', '0x00']
17:29:00.981  DEBUG   [poll]    -> read  st0cur    
17:29:00.985  DEBUG   [poll]    <- read  st0cur     ret=0  data=['0xfd', '0x01', '0x01', '0x02']
17:29:01.987  DEBUG   [poll]    -> read  st2mot    
17:29:01.991  DEBUG   [poll]    <- read  st2mot     ret=0  data=['0x00', '0x00']
17:29:01.991  DEBUG   [poll]    -> read  st0cur    
17:29:01.996  DEBUG   [poll]    <- read  st0cur     ret=0  data=['0xfd', '0x01', '0x01', '0x02']
17:29:02.997  DEBUG   [poll]    -> read  st2mot    
17:29:03.001  DEBUG   [poll]    <- read  st2mot     ret=0  data=['0x00', '0x00']
17:29:03.001  DEBUG   [poll]    -> read  st0cur    
17:29:03.005  DEBUG   [poll]    <- read  st0cur     ret=0  data=['0xfd', '0x01', '0x01', '0x02']
17:29:04.007  DEBUG   [poll]    -> read  st2mot    
17:29:04.010  DEBUG   [poll]    <- read  st2mot     ret=0  data=['0x00', '0x00']
17:29:04.011  DEBUG   [poll]    -> read  st0cur    
17:29:04.015  DEBUG   [poll]    <- read  st0cur     ret=0  data=['0xfd', '0x01', '0x01', '0x02']
17:29:05.016  DEBUG   [poll]    -> read  st2mot    
17:29:05.020  DEBUG   [poll]    <- read  st2mot     ret=0  data=['0x00', '0x00']
17:29:05.020  DEBUG   [poll]    -> read  st0cur    
17:29:05.025  DEBUG   [poll]    <- read  st0cur     ret=0  data=['0xfd', '0x01', '0x01', '0x02']
17:29:06.026  DEBUG   [poll]    -> read  st2mot    
17:29:06.029  DEBUG   [poll]    <- read  st2mot     ret=0  data=['0x00', '0x00']
17:29:06.030  DEBUG   [poll]    -> read  st0cur    
17:29:06.034  DEBUG   [poll]    <- read  st0cur     ret=0  data=['0xfd', '0x01', '0x01', '0x02']
17:29:07.036  DEBUG   [poll]    -> read  st2mot    
17:29:07.039  DEBUG   [poll]    <- read  st2mot     ret=0  data=['0x00', '0x00']
17:29:07.039  DEBUG   [poll]    -> read  st0cur    
17:29:07.043  DEBUG   [poll]    <- read  st0cur     ret=0  data=['0xfd', '0x01', '0x01', '0x02']
17:29:08.045  DEBUG   [poll]    -> read  st2mot    
17:29:08.048  DEBUG   [poll]    <- read  st2mot     ret=0  data=['0x00', '0x00']
17:29:08.049  DEBUG   [poll]    -> read  st0cur    
17:29:08.053  DEBUG   [poll]    <- read  st0cur     ret=0  data=['0xfd', '0x01', '0x01', '0x02']
17:29:09.055  DEBUG   [poll]    -> read  st2mot    
17:29:09.058  DEBUG   [poll]    <- read  st2mot     ret=0  data=['0x00', '0x00']
17:29:09.058  DEBUG   [poll]    -> read  st0cur    
17:29:09.063  DEBUG   [poll]    <- read  st0cur     ret=0  data=['0xfd', '0x01', '0x01', '0x02']
17:29:10.064  DEBUG   [poll]    -> read  st2mot    
17:29:10.068  DEBUG   [poll]    <- read  st2mot     ret=0  data=['0x00', '0x00']
17:29:10.068  DEBUG   [poll]    -> read  st0cur    
17:29:10.072  DEBUG   [poll]    <- read  st0cur     ret=0  data=['0xfe', '0x01', '0x01', '0x02']
17:29:11.074  DEBUG   [poll]    -> read  st2mot    
17:29:11.077  DEBUG   [poll]    <- read  st2mot     ret=0  data=['0x00', '0x00']
17:29:11.077  DEBUG   [poll]    -> read  st0cur    
17:29:11.082  DEBUG   [poll]    <- read  st0cur     ret=0  data=['0xfd', '0x01', '0x01', '0x02']
17:29:12.083  DEBUG   [poll]    -> read  st2mot    
17:29:12.087  DEBUG   [poll]    <- read  st2mot     ret=0  data=['0x00', '0x00']
17:29:12.087  DEBUG   [poll]    -> read  st0cur    
17:29:12.091  DEBUG   [poll]    <- read  st0cur     ret=0  data=['0xfd', '0x01', '0x01', '0x02']
17:29:13.093  DEBUG   [poll]    -> read  st2mot    
17:29:13.096  DEBUG   [poll]    <- read  st2mot     ret=0  data=['0x00', '0x00']
17:29:13.096  DEBUG   [poll]    -> read  st0cur    
17:29:13.101  DEBUG   [poll]    <- read  st0cur     ret=0  data=['0xfd', '0x01', '0x01', '0x02']
17:29:14.102  DEBUG   [poll]    -> read  st2mot    
17:29:14.106  DEBUG   [poll]    <- read  st2mot     ret=0  data=['0x00', '0x00']
17:29:14.106  DEBUG   [poll]    -> read  st0cur    
17:29:14.110  DEBUG   [poll]    <- read  st0cur     ret=0  data=['0xfd', '0x01', '0x01', '0x02']
17:29:15.112  DEBUG   [poll]    -> read  st2mot    
17:29:15.115  DEBUG   [poll]    <- read  st2mot     ret=0  data=['0x00', '0x00']
17:29:15.116  DEBUG   [poll]    -> read  st0cur    
17:29:15.120  DEBUG   [poll]    <- read  st0cur     ret=0  data=['0xfd', '0x01', '0x01', '0x02']
17:29:16.121  DEBUG   [poll]    -> read  st2mot    
17:29:16.125  DEBUG   [poll]    <- read  st2mot     ret=0  data=['0x00', '0x00']
17:29:16.125  DEBUG   [poll]    -> read  st0cur    
17:29:16.129  DEBUG   [poll]    <- read  st0cur     ret=0  data=['0xfd', '0x01', '0x01', '0x02']
17:29:17.131  DEBUG   [poll]    -> read  st2mot    
17:29:17.134  DEBUG   [poll]    <- read  st2mot     ret=0  data=['0x00', '0x00']
17:29:17.135  DEBUG   [poll]    -> read  st0cur    
17:29:17.139  DEBUG   [poll]    <- read  st0cur     ret=0  data=['0xfd', '0x01', '0x01', '0x02']
17:29:18.140  DEBUG   [poll]    -> read  st2mot    
17:29:18.144  DEBUG   [poll]    <- read  st2mot     ret=0  data=['0x00', '0x00']
17:29:18.144  DEBUG   [poll]    -> read  st0cur    
17:29:18.148  DEBUG   [poll]    <- read  st0cur     ret=0  data=['0xfd', '0x01', '0x01', '0x02']
17:29:19.150  DEBUG   [poll]    -> read  st2mot    
17:29:19.153  DEBUG   [poll]    <- read  st2mot     ret=0  data=['0x00', '0x00']
17:29:19.154  DEBUG   [poll]    -> read  st0cur    
17:29:19.158  DEBUG   [poll]    <- read  st0cur     ret=0  data=['0xfd', '0x01', '0x01', '0x02']
17:29:20.159  DEBUG   [poll]    -> read  st2mot    
17:29:20.163  DEBUG   [poll]    <- read  st2mot     ret=0  data=['0x00', '0x00']
17:29:20.163  DEBUG   [poll]    -> read  st0cur    
17:29:20.167  DEBUG   [poll]    <- read  st0cur     ret=0  data=['0xfd', '0x01', '0x01', '0x02']
17:29:21.169  DEBUG   [poll]    -> read  st2mot    
17:29:21.172  DEBUG   [poll]    <- read  st2mot     ret=0  data=['0x00', '0x00']
17:29:21.173  DEBUG   [poll]    -> read  st0cur    
17:29:21.177  DEBUG   [poll]    <- read  st0cur     ret=0  data=['0xfe', '0x01', '0x01', '0x02']
17:29:22.178  DEBUG   [poll]    -> read  st2mot    
17:29:22.182  DEBUG   [poll]    <- read  st2mot     ret=0  data=['0x00', '0x00']
17:29:22.182  DEBUG   [poll]    -> read  st0cur    
17:29:22.186  DEBUG   [poll]    <- read  st0cur     ret=0  data=['0xfd', '0x01', '0x01', '0x02']
17:29:23.188  DEBUG   [poll]    -> read  st2mot    
17:29:23.191  DEBUG   [poll]    <- read  st2mot     ret=0  data=['0x00', '0x00']
17:29:23.192  DEBUG   [poll]    -> read  st0cur    
17:29:23.196  DEBUG   [poll]    <- read  st0cur     ret=0  data=['0xfd', '0x01', '0x01', '0x02']
17:29:24.197  DEBUG   [poll]    -> read  st2mot    
17:29:24.201  DEBUG   [poll]    <- read  st2mot     ret=0  data=['0x00', '0x00']
17:29:24.201  DEBUG   [poll]    -> read  st0cur    
17:29:24.206  DEBUG   [poll]    <- read  st0cur     ret=0  data=['0xfd', '0x01', '0x01', '0x02']
17:29:25.207  DEBUG   [poll]    -> read  st2mot    
17:29:25.211  DEBUG   [poll]    <- read  st2mot     ret=0  data=['0x00', '0x00']
17:29:25.211  DEBUG   [poll]    -> read  st0cur    
17:29:25.215  DEBUG   [poll]    <- read  st0cur     ret=0  data=['0xfd', '0x01', '0x01', '0x02']
17:29:26.217  DEBUG   [poll]    -> read  st2mot    
17:29:26.220  DEBUG   [poll]    <- read  st2mot     ret=0  data=['0x00', '0x00']
17:29:26.221  DEBUG   [poll]    -> read  st0cur    
17:29:26.225  DEBUG   [poll]    <- read  st0cur     ret=0  data=['0xfd', '0x01', '0x01', '0x02']
17:29:27.226  DEBUG   [poll]    -> read  st2mot    
17:29:27.230  DEBUG   [poll]    <- read  st2mot     ret=0  data=['0x00', '0x00']
17:29:27.230  DEBUG   [poll]    -> read  st0cur    
17:29:27.234  DEBUG   [poll]    <- read  st0cur     ret=0  data=['0xfd', '0x01', '0x01', '0x02']
17:29:28.236  DEBUG   [poll]    -> read  st2mot    
17:29:28.239  DEBUG   [poll]    <- read  st2mot     ret=0  data=['0x00', '0x00']
17:29:28.239  DEBUG   [poll]    -> read  st0cur    
17:29:28.244  DEBUG   [poll]    <- read  st0cur     ret=0  data=['0xfd', '0x01', '0x01', '0x02']
17:29:29.245  DEBUG   [poll]    -> read  st2mot    
17:29:29.249  DEBUG   [poll]    <- read  st2mot     ret=0  data=['0x00', '0x00']
17:29:29.249  DEBUG   [poll]    -> read  st0cur    
17:29:29.253  DEBUG   [poll]    <- read  st0cur     ret=0  data=['0xfd', '0x01', '0x01', '0x02']
17:29:30.255  DEBUG   [poll]    -> read  st2mot    
17:29:30.258  DEBUG   [poll]    <- read  st2mot     ret=0  data=['0x00', '0x00']
17:29:30.259  DEBUG   [poll]    -> read  st0cur    
17:29:30.263  DEBUG   [poll]    <- read  st0cur     ret=0  data=['0xfd', '0x01', '0x00', '0x02']
17:29:31.264  DEBUG   [poll]    -> read  st2mot    
17:29:31.268  DEBUG   [poll]    <- read  st2mot     ret=0  data=['0x00', '0x00']
17:29:31.268  DEBUG   [poll]    -> read  st0cur    
17:29:31.272  DEBUG   [poll]    <- read  st0cur     ret=0  data=['0xfd', '0x01', '0x01', '0x02']
17:29:32.274  DEBUG   [poll]    -> read  st2mot    
17:29:32.277  DEBUG   [poll]    <- read  st2mot     ret=0  data=['0x00', '0x00']
17:29:32.277  DEBUG   [poll]    -> read  st0cur    
17:29:32.282  DEBUG   [poll]    <- read  st0cur     ret=0  data=['0xfe', '0x01', '0x01', '0x02']
17:29:33.283  DEBUG   [poll]    -> read  st2mot    
17:29:33.287  DEBUG   [poll]    <- read  st2mot     ret=0  data=['0x00', '0x00']
17:29:33.287  DEBUG   [poll]    -> read  st0cur    
17:29:33.291  DEBUG   [poll]    <- read  st0cur     ret=0  data=['0xfd', '0x01', '0x01', '0x02']
17:29:34.293  DEBUG   [poll]    -> read  st2mot    
17:29:34.296  DEBUG   [poll]    <- read  st2mot     ret=0  data=['0x00', '0x00']
17:29:34.297  DEBUG   [poll]    -> read  st0cur    
17:29:34.301  DEBUG   [poll]    <- read  st0cur     ret=0  data=['0xfd', '0x01', '0x01', '0x02']
17:29:35.302  DEBUG   [poll]    -> read  st2mot    
17:29:35.306  DEBUG   [poll]    <- read  st2mot     ret=0  data=['0x00', '0x00']
17:29:35.306  DEBUG   [poll]    -> read  st0cur    
17:29:35.310  DEBUG   [poll]    <- read  st0cur     ret=0  data=['0xfd', '0x01', '0x01', '0x02']
17:29:36.312  DEBUG   [poll]    -> read  st2mot    
17:29:36.315  DEBUG   [poll]    <- read  st2mot     ret=0  data=['0x00', '0x00']
17:29:36.316  DEBUG   [poll]    -> read  st0cur    
17:29:36.320  DEBUG   [poll]    <- read  st0cur     ret=0  data=['0xfc', '0x01', '0x01', '0x02']
17:29:36.320  WARNING *** OBSERVED STALL SIGNATURE (not acted on yet) — current=-0.20A while rpm=0 ***
17:29:37.322  DEBUG   [poll]    -> read  st2mot    
17:29:37.325  DEBUG   [poll]    <- read  st2mot     ret=0  data=['0x00', '0x00']
17:29:37.326  DEBUG   [poll]    -> read  st0cur    
17:29:37.330  DEBUG   [poll]    <- read  st0cur     ret=0  data=['0xfe', '0x01', '0x01', '0x02']
17:29:38.332  DEBUG   [poll]    -> read  st2mot    
17:29:38.335  DEBUG   [poll]    <- read  st2mot     ret=0  data=['0x00', '0x00']
17:29:38.335  DEBUG   [poll]    -> read  st0cur    
17:29:38.340  DEBUG   [poll]    <- read  st0cur     ret=0  data=['0xfd', '0x01', '0x01', '0x02']
17:29:39.341  DEBUG   [poll]    -> read  st2mot    
17:29:39.345  DEBUG   [poll]    <- read  st2mot     ret=0  data=['0x00', '0x00']
17:29:39.345  DEBUG   [poll]    -> read  st0cur    
17:29:39.349  DEBUG   [poll]    <- read  st0cur     ret=0  data=['0xfd', '0x01', '0x01', '0x02']
17:29:40.351  DEBUG   [poll]    -> read  st2mot    
17:29:40.354  DEBUG   [poll]    <- read  st2mot     ret=0  data=['0x00', '0x00']
17:29:40.355  DEBUG   [poll]    -> read  st0cur    
17:29:40.359  DEBUG   [poll]    <- read  st0cur     ret=0  data=['0xfd', '0x01', '0x01', '0x02']
17:29:41.360  DEBUG   [poll]    -> read  st2mot    
17:29:41.364  DEBUG   [poll]    <- read  st2mot     ret=0  data=['0x00', '0x00']
17:29:41.364  DEBUG   [poll]    -> read  st0cur    
17:29:41.368  DEBUG   [poll]    <- read  st0cur     ret=0  data=['0xfd', '0x01', '0x01', '0x02']
17:29:42.370  DEBUG   [poll]    -> read  st2mot    
17:29:42.373  DEBUG   [poll]    <- read  st2mot     ret=0  data=['0x00', '0x00']
17:29:42.374  DEBUG   [poll]    -> read  st0cur    
17:29:42.378  DEBUG   [poll]    <- read  st0cur     ret=0  data=['0xfd', '0x01', '0x01', '0x02']
17:29:43.379  DEBUG   [poll]    -> read  st2mot    
17:29:43.383  DEBUG   [poll]    <- read  st2mot     ret=0  data=['0x00', '0x00']
17:29:43.383  DEBUG   [poll]    -> read  st0cur    
17:29:43.387  DEBUG   [poll]    <- read  st0cur     ret=0  data=['0xfd', '0x01', '0x00', '0x02']
17:29:44.389  DEBUG   [poll]    -> read  st2mot    
17:29:44.392  DEBUG   [poll]    <- read  st2mot     ret=0  data=['0x00', '0x00']
17:29:44.393  DEBUG   [poll]    -> read  st0cur    
17:29:44.397  DEBUG   [poll]    <- read  st0cur     ret=0  data=['0xfd', '0x01', '0x01', '0x02']
17:29:45.398  DEBUG   [poll]    -> read  st2mot    
17:29:45.402  DEBUG   [poll]    <- read  st2mot     ret=0  data=['0x00', '0x00']
17:29:45.402  DEBUG   [poll]    -> read  st0cur    
17:29:45.406  DEBUG   [poll]    <- read  st0cur     ret=0  data=['0xfd', '0x01', '0x00', '0x02']
17:29:46.408  DEBUG   [poll]    -> read  st2mot    
17:29:46.411  DEBUG   [poll]    <- read  st2mot     ret=0  data=['0x00', '0x00']
17:29:46.412  DEBUG   [poll]    -> read  st0cur    
17:29:46.416  DEBUG   [poll]    <- read  st0cur     ret=0  data=['0xfd', '0x01', '0x01', '0x02']
17:29:47.417  DEBUG   [poll]    -> read  st2mot    
17:29:47.421  DEBUG   [poll]    <- read  st2mot     ret=0  data=['0x00', '0x00']
17:29:47.421  DEBUG   [poll]    -> read  st0cur    
17:29:47.425  DEBUG   [poll]    <- read  st0cur     ret=0  data=['0xfe', '0x01', '0x01', '0x02']
17:29:48.427  DEBUG   [poll]    -> read  st2mot    
17:29:48.430  DEBUG   [poll]    <- read  st2mot     ret=0  data=['0x00', '0x00']
17:29:48.431  DEBUG   [poll]    -> read  st0cur    
17:29:48.435  DEBUG   [poll]    <- read  st0cur     ret=0  data=['0xfd', '0x01', '0x01', '0x02']
17:29:49.436  DEBUG   [poll]    -> read  st2mot    
17:29:49.440  DEBUG   [poll]    <- read  st2mot     ret=0  data=['0x00', '0x00']
17:29:49.440  DEBUG   [poll]    -> read  st0cur    
17:29:49.444  DEBUG   [poll]    <- read  st0cur     ret=0  data=['0xfd', '0x01', '0x01', '0x02']
17:29:50.446  DEBUG   [poll]    -> read  st2mot    
17:29:50.449  DEBUG   [poll]    <- read  st2mot     ret=0  data=['0x00', '0x00']
17:29:50.450  DEBUG   [poll]    -> read  st0cur    
17:29:50.454  DEBUG   [poll]    <- read  st0cur     ret=0  data=['0xfe', '0x01', '0x01', '0x02']
17:29:51.455  DEBUG   [poll]    -> read  st2mot    
17:29:51.459  DEBUG   [poll]    <- read  st2mot     ret=0  data=['0x00', '0x00']
17:29:51.459  DEBUG   [poll]    -> read  st0cur    
17:29:51.464  DEBUG   [poll]    <- read  st0cur     ret=0  data=['0xfd', '0x01', '0x01', '0x02']
17:29:52.465  DEBUG   [poll]    -> read  st2mot    
17:29:52.468  DEBUG   [poll]    <- read  st2mot     ret=0  data=['0x00', '0x00']
17:29:52.469  DEBUG   [poll]    -> read  st0cur    
17:29:52.473  DEBUG   [poll]    <- read  st0cur     ret=0  data=['0xfd', '0x01', '0x01', '0x02']
17:29:53.475  DEBUG   [poll]    -> read  st2mot    
17:29:53.478  DEBUG   [poll]    <- read  st2mot     ret=0  data=['0x00', '0x00']
17:29:53.478  DEBUG   [poll]    -> read  st0cur    
17:29:53.483  DEBUG   [poll]    <- read  st0cur     ret=0  data=['0xfd', '0x01', '0x01', '0x02']
17:29:54.484  DEBUG   [poll]    -> read  st2mot    
17:29:54.488  DEBUG   [poll]    <- read  st2mot     ret=0  data=['0x00', '0x00']
17:29:54.488  DEBUG   [poll]    -> read  st0cur    
17:29:54.493  DEBUG   [poll]    <- read  st0cur     ret=0  data=['0xfd', '0x01', '0x01', '0x02']
17:29:55.494  DEBUG   [poll]    -> read  st2mot    
17:29:55.498  DEBUG   [poll]    <- read  st2mot     ret=0  data=['0x00', '0x00']
17:29:55.498  DEBUG   [poll]    -> read  st0cur    
17:29:55.502  DEBUG   [poll]    <- read  st0cur     ret=0  data=['0xfd', '0x01', '0x01', '0x02']
17:29:56.504  DEBUG   [poll]    -> read  st2mot    
17:29:56.507  DEBUG   [poll]    <- read  st2mot     ret=0  data=['0x00', '0x00']
17:29:56.508  DEBUG   [poll]    -> read  st0cur    
17:29:56.512  DEBUG   [poll]    <- read  st0cur     ret=0  data=['0xfd', '0x01', '0x01', '0x02']
17:29:57.513  DEBUG   [poll]    -> read  st2mot    
17:29:57.517  DEBUG   [poll]    <- read  st2mot     ret=0  data=['0x00', '0x00']
17:29:57.517  DEBUG   [poll]    -> read  st0cur    
17:29:57.521  DEBUG   [poll]    <- read  st0cur     ret=0  data=['0xfd', '0x01', '0x01', '0x02']
17:29:58.523  DEBUG   [poll]    -> read  st2mot    
17:29:58.526  DEBUG   [poll]    <- read  st2mot     ret=0  data=['0x00', '0x00']
17:29:58.527  DEBUG   [poll]    -> read  st0cur    
17:29:58.531  DEBUG   [poll]    <- read  st0cur     ret=0  data=['0xfd', '0x01', '0x01', '0x02']
17:29:59.532  DEBUG   [poll]    -> read  st2mot    
17:29:59.536  DEBUG   [poll]    <- read  st2mot     ret=0  data=['0x00', '0x00']
17:29:59.536  DEBUG   [poll]    -> read  st0cur    
17:29:59.541  DEBUG   [poll]    <- read  st0cur     ret=0  data=['0xfd', '0x01', '0x01', '0x02']
17:30:00.542  DEBUG   [poll]    -> read  st2mot    
17:30:00.545  DEBUG   [poll]    <- read  st2mot     ret=0  data=['0x00', '0x00']
17:30:00.546  DEBUG   [poll]    -> read  st0cur    
17:30:00.550  DEBUG   [poll]    <- read  st0cur     ret=0  data=['0xfe', '0x01', '0x01', '0x02']
17:30:01.551  DEBUG   [poll]    -> read  st2mot    
17:30:01.555  DEBUG   [poll]    <- read  st2mot     ret=0  data=['0x00', '0x00']
17:30:01.555  DEBUG   [poll]    -> read  st0cur    
17:30:01.560  DEBUG   [poll]    <- read  st0cur     ret=0  data=['0xfd', '0x01', '0x01', '0x02']
17:30:02.561  DEBUG   [poll]    -> read  st2mot    
17:30:02.565  DEBUG   [poll]    <- read  st2mot     ret=0  data=['0x00', '0x00']
17:30:02.565  DEBUG   [poll]    -> read  st0cur    
17:30:02.569  DEBUG   [poll]    <- read  st0cur     ret=0  data=['0xfd', '0x01', '0x01', '0x02']
17:30:03.571  DEBUG   [poll]    -> read  st2mot    
17:30:03.574  DEBUG   [poll]    <- read  st2mot     ret=0  data=['0x00', '0x00']
17:30:03.574  DEBUG   [poll]    -> read  st0cur    
17:30:03.579  DEBUG   [poll]    <- read  st0cur     ret=0  data=['0xfd', '0x01', '0x01', '0x02']
17:30:04.580  DEBUG   [poll]    -> read  st2mot    
17:30:04.584  DEBUG   [poll]    <- read  st2mot     ret=0  data=['0x00', '0x00']
17:30:04.584  DEBUG   [poll]    -> read  st0cur    
17:30:04.588  DEBUG   [poll]    <- read  st0cur     ret=0  data=['0xfc', '0x01', '0x01', '0x02']
17:30:04.589  WARNING *** OBSERVED STALL SIGNATURE (not acted on yet) — current=-0.20A while rpm=0 ***
17:30:05.590  DEBUG   [poll]    -> read  st2mot    
17:30:05.594  DEBUG   [poll]    <- read  st2mot     ret=0  data=['0x00', '0x00']
17:30:05.594  DEBUG   [poll]    -> read  st0cur    
17:30:05.599  DEBUG   [poll]    <- read  st0cur     ret=0  data=['0xfd', '0x01', '0x00', '0x02']
17:30:06.600  DEBUG   [poll]    -> read  st2mot    
17:30:06.603  DEBUG   [poll]    <- read  st2mot     ret=0  data=['0x00', '0x00']
17:30:06.604  DEBUG   [poll]    -> read  st0cur    
17:30:06.608  DEBUG   [poll]    <- read  st0cur     ret=0  data=['0xfd', '0x01', '0x01', '0x02']
17:30:07.610  DEBUG   [poll]    -> read  st2mot    
17:30:07.613  DEBUG   [poll]    <- read  st2mot     ret=0  data=['0x00', '0x00']
17:30:07.614  DEBUG   [poll]    -> read  st0cur    
17:30:07.618  DEBUG   [poll]    <- read  st0cur     ret=0  data=['0xfd', '0x01', '0x01', '0x02']
17:30:08.619  DEBUG   [poll]    -> read  st2mot    
17:30:08.623  DEBUG   [poll]    <- read  st2mot     ret=0  data=['0x00', '0x00']
17:30:08.623  DEBUG   [poll]    -> read  st0cur    
17:30:08.627  DEBUG   [poll]    <- read  st0cur     ret=0  data=['0xfd', '0x01', '0x01', '0x02']
17:30:09.629  DEBUG   [poll]    -> read  st2mot    
17:30:09.632  DEBUG   [poll]    <- read  st2mot     ret=0  data=['0x00', '0x00']
17:30:09.633  DEBUG   [poll]    -> read  st0cur    
17:30:09.637  DEBUG   [poll]    <- read  st0cur     ret=0  data=['0xfd', '0x01', '0x01', '0x02']
17:30:10.638  DEBUG   [poll]    -> read  st2mot    
17:30:10.642  DEBUG   [poll]    <- read  st2mot     ret=0  data=['0x00', '0x00']
17:30:10.642  DEBUG   [poll]    -> read  st0cur    
17:30:10.646  DEBUG   [poll]    <- read  st0cur     ret=0  data=['0xfd', '0x01', '0x00', '0x02']
17:30:11.648  DEBUG   [poll]    -> read  st2mot    
17:30:11.651  DEBUG   [poll]    <- read  st2mot     ret=0  data=['0x00', '0x00']
17:30:11.652  DEBUG   [poll]    -> read  st0cur    
17:30:11.656  DEBUG   [poll]    <- read  st0cur     ret=0  data=['0xfd', '0x01', '0x01', '0x02']
17:30:12.657  DEBUG   [poll]    -> read  st2mot    
17:30:12.661  DEBUG   [poll]    <- read  st2mot     ret=0  data=['0x00', '0x00']
17:30:12.661  DEBUG   [poll]    -> read  st0cur    
17:30:12.665  DEBUG   [poll]    <- read  st0cur     ret=0  data=['0xfd', '0x01', '0x00', '0x02']
17:30:13.667  DEBUG   [poll]    -> read  st2mot    
17:30:13.670  DEBUG   [poll]    <- read  st2mot     ret=0  data=['0x00', '0x00']
17:30:13.670  DEBUG   [poll]    -> read  st0cur    
17:30:13.675  DEBUG   [poll]    <- read  st0cur     ret=0  data=['0xfd', '0x01', '0x01', '0x02']
17:30:14.676  DEBUG   [poll]    -> read  st2mot    
17:30:14.680  DEBUG   [poll]    <- read  st2mot     ret=0  data=['0x00', '0x00']
17:30:14.680  DEBUG   [poll]    -> read  st0cur    
17:30:14.684  DEBUG   [poll]    <- read  st0cur     ret=0  data=['0xfd', '0x01', '0x01', '0x02']
17:30:15.686  DEBUG   [poll]    -> read  st2mot    
17:30:15.689  DEBUG   [poll]    <- read  st2mot     ret=0  data=['0x00', '0x00']
17:30:15.690  DEBUG   [poll]    -> read  st0cur    
17:30:15.694  DEBUG   [poll]    <- read  st0cur     ret=0  data=['0xfd', '0x01', '0x01', '0x02']
17:30:16.695  DEBUG   [poll]    -> read  st2mot    
17:30:16.699  DEBUG   [poll]    <- read  st2mot     ret=0  data=['0x00', '0x00']
17:30:16.699  DEBUG   [poll]    -> read  st0cur    
17:30:16.703  DEBUG   [poll]    <- read  st0cur     ret=0  data=['0xfd', '0x01', '0x01', '0x02']
17:30:17.705  DEBUG   [poll]    -> read  st2mot    
17:30:17.708  DEBUG   [poll]    <- read  st2mot     ret=0  data=['0x00', '0x00']
17:30:17.709  DEBUG   [poll]    -> read  st0cur    
17:30:17.713  DEBUG   [poll]    <- read  st0cur     ret=0  data=['0xfd', '0x01', '0x01', '0x02']
17:30:18.714  DEBUG   [poll]    -> read  st2mot    
17:30:18.718  DEBUG   [poll]    <- read  st2mot     ret=0  data=['0x00', '0x00']
17:30:18.718  DEBUG   [poll]    -> read  st0cur    
17:30:18.722  DEBUG   [poll]    <- read  st0cur     ret=0  data=['0xfd', '0x01', '0x01', '0x02']
17:30:19.724  DEBUG   [poll]    -> read  st2mot    
17:30:19.727  DEBUG   [poll]    <- read  st2mot     ret=0  data=['0x00', '0x00']
17:30:19.728  DEBUG   [poll]    -> read  st0cur    
17:30:19.732  DEBUG   [poll]    <- read  st0cur     ret=0  data=['0xfd', '0x01', '0x01', '0x02']
17:30:20.733  DEBUG   [poll]    -> read  st2mot    
17:30:20.737  DEBUG   [poll]    <- read  st2mot     ret=0  data=['0x00', '0x00']
17:30:20.737  DEBUG   [poll]    -> read  st0cur    
17:30:20.741  DEBUG   [poll]    <- read  st0cur     ret=0  data=['0xfd', '0x01', '0x01', '0x02']
17:30:21.743  DEBUG   [poll]    -> read  st2mot    
17:30:21.746  DEBUG   [poll]    <- read  st2mot     ret=0  data=['0x00', '0x00']
17:30:21.747  DEBUG   [poll]    -> read  st0cur    
17:30:21.751  DEBUG   [poll]    <- read  st0cur     ret=0  data=['0xfd', '0x01', '0x01', '0x02']
17:30:22.752  DEBUG   [poll]    -> read  st2mot    
17:30:22.756  DEBUG   [poll]    <- read  st2mot     ret=0  data=['0x00', '0x00']
17:30:22.756  DEBUG   [poll]    -> read  st0cur    
17:30:22.761  DEBUG   [poll]    <- read  st0cur     ret=0  data=['0xfd', '0x01', '0x01', '0x02']
17:30:23.762  DEBUG   [poll]    -> read  st2mot    
17:30:23.766  DEBUG   [poll]    <- read  st2mot     ret=0  data=['0x00', '0x00']
17:30:23.766  DEBUG   [poll]    -> read  st0cur    
17:30:23.770  DEBUG   [poll]    <- read  st0cur     ret=0  data=['0xfd', '0x01', '0x01', '0x02']
17:30:24.772  DEBUG   [poll]    -> read  st2mot    
17:30:24.775  DEBUG   [poll]    <- read  st2mot     ret=0  data=['0x00', '0x00']
17:30:24.776  DEBUG   [poll]    -> read  st0cur    
17:30:24.780  DEBUG   [poll]    <- read  st0cur     ret=0  data=['0xfd', '0x01', '0x01', '0x02']
17:30:25.782  DEBUG   [poll]    -> read  st2mot    
17:30:25.785  DEBUG   [poll]    <- read  st2mot     ret=0  data=['0x00', '0x00']
17:30:25.786  DEBUG   [poll]    -> read  st0cur    
17:30:25.790  DEBUG   [poll]    <- read  st0cur     ret=0  data=['0xfd', '0x01', '0x01', '0x02']
17:30:26.791  DEBUG   [poll]    -> read  st2mot    
17:30:26.795  DEBUG   [poll]    <- read  st2mot     ret=0  data=['0x00', '0x00']
17:30:26.795  DEBUG   [poll]    -> read  st0cur    
17:30:26.799  DEBUG   [poll]    <- read  st0cur     ret=0  data=['0xfd', '0x01', '0x01', '0x02']
17:30:27.801  DEBUG   [poll]    -> read  st2mot    
17:30:27.804  DEBUG   [poll]    <- read  st2mot     ret=0  data=['0x00', '0x00']
17:30:27.804  DEBUG   [poll]    -> read  st0cur    
17:30:27.809  DEBUG   [poll]    <- read  st0cur     ret=0  data=['0xfd', '0x01', '0x00', '0x02']
17:30:28.810  DEBUG   [poll]    -> read  st2mot    
17:30:28.813  DEBUG   [poll]    <- read  st2mot     ret=0  data=['0x00', '0x00']
17:30:28.814  DEBUG   [poll]    -> read  st0cur    
17:30:28.818  DEBUG   [poll]    <- read  st0cur     ret=0  data=['0xfd', '0x01', '0x00', '0x02']
17:30:29.820  DEBUG   [poll]    -> read  st2mot    
17:30:29.823  DEBUG   [poll]    <- read  st2mot     ret=0  data=['0x00', '0x00']
17:30:29.824  DEBUG   [poll]    -> read  st0cur    
17:30:29.829  DEBUG   [poll]    <- read  st0cur     ret=0  data=['0xfd', '0x01', '0x01', '0x02']
17:30:30.830  DEBUG   [poll]    -> read  st2mot    
17:30:30.833  DEBUG   [poll]    <- read  st2mot     ret=0  data=['0x00', '0x00']
17:30:30.834  DEBUG   [poll]    -> read  st0cur    
17:30:30.838  DEBUG   [poll]    <- read  st0cur     ret=0  data=['0xfd', '0x01', '0x01', '0x02']
17:30:31.840  DEBUG   [poll]    -> read  st2mot    
17:30:31.843  DEBUG   [poll]    <- read  st2mot     ret=0  data=['0x00', '0x00']
17:30:31.844  DEBUG   [poll]    -> read  st0cur    
17:30:31.848  DEBUG   [poll]    <- read  st0cur     ret=0  data=['0xfd', '0x01', '0x01', '0x02']
17:30:32.849  DEBUG   [poll]    -> read  st2mot    
17:30:32.853  DEBUG   [poll]    <- read  st2mot     ret=0  data=['0x00', '0x00']
17:30:32.853  DEBUG   [poll]    -> read  st0cur    
17:30:32.857  DEBUG   [poll]    <- read  st0cur     ret=0  data=['0xfd', '0x01', '0x01', '0x02']
17:30:33.859  DEBUG   [poll]    -> read  st2mot    
17:30:33.862  DEBUG   [poll]    <- read  st2mot     ret=0  data=['0x00', '0x00']
17:30:33.863  DEBUG   [poll]    -> read  st0cur    
17:30:33.867  DEBUG   [poll]    <- read  st0cur     ret=0  data=['0xfd', '0x01', '0x01', '0x02']
17:30:34.868  DEBUG   [poll]    -> read  st2mot    
17:30:34.872  DEBUG   [poll]    <- read  st2mot     ret=0  data=['0x00', '0x00']
17:30:34.872  DEBUG   [poll]    -> read  st0cur    
17:30:34.877  DEBUG   [poll]    <- read  st0cur     ret=0  data=['0xfd', '0x01', '0x01', '0x02']
17:30:35.878  DEBUG   [poll]    -> read  st2mot    
17:30:35.882  DEBUG   [poll]    <- read  st2mot     ret=0  data=['0x00', '0x00']
17:30:35.882  DEBUG   [poll]    -> read  st0cur    
17:30:35.886  DEBUG   [poll]    <- read  st0cur     ret=0  data=['0xfd', '0x01', '0x01', '0x02']
17:30:36.888  DEBUG   [poll]    -> read  st2mot    
17:30:36.891  DEBUG   [poll]    <- read  st2mot     ret=0  data=['0x00', '0x00']
17:30:36.891  DEBUG   [poll]    -> read  st0cur    
17:30:36.896  DEBUG   [poll]    <- read  st0cur     ret=0  data=['0xfd', '0x01', '0x01', '0x02']
17:30:37.897  DEBUG   [poll]    -> read  st2mot    
17:30:37.901  DEBUG   [poll]    <- read  st2mot     ret=0  data=['0x00', '0x00']
17:30:37.901  DEBUG   [poll]    -> read  st0cur    
17:30:37.905  DEBUG   [poll]    <- read  st0cur     ret=0  data=['0xfd', '0x01', '0x01', '0x02']
17:30:38.907  DEBUG   [poll]    -> read  st2mot    
17:30:38.910  DEBUG   [poll]    <- read  st2mot     ret=0  data=['0x00', '0x00']
17:30:38.910  DEBUG   [poll]    -> read  st0cur    
17:30:38.915  DEBUG   [poll]    <- read  st0cur     ret=0  data=['0xfd', '0x01', '0x01', '0x02']
17:30:39.916  DEBUG   [poll]    -> read  st2mot    
17:30:39.919  DEBUG   [poll]    <- read  st2mot     ret=0  data=['0x00', '0x00']
17:30:39.920  DEBUG   [poll]    -> read  st0cur    
17:30:39.924  DEBUG   [poll]    <- read  st0cur     ret=0  data=['0xfd', '0x01', '0x01', '0x02']
17:30:40.926  DEBUG   [poll]    -> read  st2mot    
17:30:40.929  DEBUG   [poll]    <- read  st2mot     ret=0  data=['0x00', '0x00']
17:30:40.929  DEBUG   [poll]    -> read  st0cur    
17:30:40.934  DEBUG   [poll]    <- read  st0cur     ret=0  data=['0xfd', '0x01', '0x01', '0x02']
17:30:41.935  DEBUG   [poll]    -> read  st2mot    
17:30:41.938  DEBUG   [poll]    <- read  st2mot     ret=0  data=['0x00', '0x00']
17:30:41.939  DEBUG   [poll]    -> read  st0cur    
17:30:41.943  DEBUG   [poll]    <- read  st0cur     ret=0  data=['0xfd', '0x01', '0x01', '0x02']
17:30:42.945  DEBUG   [poll]    -> read  st2mot    
17:30:42.948  DEBUG   [poll]    <- read  st2mot     ret=0  data=['0x00', '0x00']
17:30:42.948  DEBUG   [poll]    -> read  st0cur    
17:30:42.953  DEBUG   [poll]    <- read  st0cur     ret=0  data=['0xfd', '0x01', '0x01', '0x02']
17:30:43.954  DEBUG   [poll]    -> read  st2mot    
17:30:43.957  DEBUG   [poll]    <- read  st2mot     ret=0  data=['0x00', '0x00']
17:30:43.958  DEBUG   [poll]    -> read  st0cur    
17:30:43.962  DEBUG   [poll]    <- read  st0cur     ret=0  data=['0xfd', '0x01', '0x01', '0x02']
17:30:44.964  DEBUG   [poll]    -> read  st2mot    
17:30:44.967  DEBUG   [poll]    <- read  st2mot     ret=0  data=['0x00', '0x00']
17:30:44.967  DEBUG   [poll]    -> read  st0cur    
17:30:44.972  DEBUG   [poll]    <- read  st0cur     ret=0  data=['0xfd', '0x01', '0x01', '0x02']
17:30:45.973  DEBUG   [poll]    -> read  st2mot    
17:30:45.977  DEBUG   [poll]    <- read  st2mot     ret=0  data=['0x00', '0x00']
17:30:45.977  DEBUG   [poll]    -> read  st0cur    
17:30:45.981  DEBUG   [poll]    <- read  st0cur     ret=0  data=['0xfd', '0x01', '0x01', '0x02']
17:30:46.983  DEBUG   [poll]    -> read  st2mot    
17:30:46.986  DEBUG   [poll]    <- read  st2mot     ret=0  data=['0x00', '0x00']
17:30:46.986  DEBUG   [poll]    -> read  st0cur    
17:30:46.991  DEBUG   [poll]    <- read  st0cur     ret=0  data=['0xfd', '0x01', '0x01', '0x02']
17:30:47.992  DEBUG   [poll]    -> read  st2mot    
17:30:47.996  DEBUG   [poll]    <- read  st2mot     ret=0  data=['0x00', '0x00']
17:30:47.996  DEBUG   [poll]    -> read  st0cur    
17:30:48.000  DEBUG   [poll]    <- read  st0cur     ret=0  data=['0xfd', '0x01', '0x01', '0x02']
17:30:49.002  DEBUG   [poll]    -> read  st2mot    
17:30:49.005  DEBUG   [poll]    <- read  st2mot     ret=0  data=['0x00', '0x00']
17:30:49.005  DEBUG   [poll]    -> read  st0cur    
17:30:49.010  DEBUG   [poll]    <- read  st0cur     ret=0  data=['0xfd', '0x01', '0x01', '0x02']
17:30:50.011  DEBUG   [poll]    -> read  st2mot    
17:30:50.015  DEBUG   [poll]    <- read  st2mot     ret=0  data=['0x00', '0x00']
17:30:50.015  DEBUG   [poll]    -> read  st0cur    
17:30:50.019  DEBUG   [poll]    <- read  st0cur     ret=0  data=['0xfd', '0x01', '0x01', '0x02']
17:30:51.021  DEBUG   [poll]    -> read  st2mot    
17:30:51.024  DEBUG   [poll]    <- read  st2mot     ret=0  data=['0x00', '0x00']
17:30:51.024  DEBUG   [poll]    -> read  st0cur    
17:30:51.029  DEBUG   [poll]    <- read  st0cur     ret=0  data=['0xfd', '0x01', '0x01', '0x02']
17:30:52.030  DEBUG   [poll]    -> read  st2mot    
17:30:52.034  DEBUG   [poll]    <- read  st2mot     ret=0  data=['0x00', '0x00']
17:30:52.034  DEBUG   [poll]    -> read  st0cur    
17:30:52.038  DEBUG   [poll]    <- read  st0cur     ret=0  data=['0xfd', '0x01', '0x01', '0x02']
17:30:53.040  DEBUG   [poll]    -> read  st2mot    
17:30:53.043  DEBUG   [poll]    <- read  st2mot     ret=0  data=['0x00', '0x00']
17:30:53.043  DEBUG   [poll]    -> read  st0cur    
17:30:53.048  DEBUG   [poll]    <- read  st0cur     ret=0  data=['0xfd', '0x01', '0x01', '0x02']
17:30:54.049  DEBUG   [poll]    -> read  st2mot    
17:30:54.053  DEBUG   [poll]    <- read  st2mot     ret=0  data=['0x00', '0x00']
17:30:54.053  DEBUG   [poll]    -> read  st0cur    
17:30:54.057  DEBUG   [poll]    <- read  st0cur     ret=0  data=['0xfd', '0x01', '0x01', '0x02']
17:30:55.059  DEBUG   [poll]    -> read  st2mot    
17:30:55.062  DEBUG   [poll]    <- read  st2mot     ret=0  data=['0x00', '0x00']
17:30:55.063  DEBUG   [poll]    -> read  st0cur    
17:30:55.067  DEBUG   [poll]    <- read  st0cur     ret=0  data=['0xfd', '0x01', '0x01', '0x02']
17:30:56.069  DEBUG   [poll]    -> read  st2mot    
17:30:56.072  DEBUG   [poll]    <- read  st2mot     ret=0  data=['0x00', '0x00']
17:30:56.073  DEBUG   [poll]    -> read  st0cur    
17:30:56.077  DEBUG   [poll]    <- read  st0cur     ret=0  data=['0xfd', '0x01', '0x01', '0x02']
17:30:57.078  DEBUG   [poll]    -> read  st2mot    
17:30:57.082  DEBUG   [poll]    <- read  st2mot     ret=0  data=['0x00', '0x00']
17:30:57.082  DEBUG   [poll]    -> read  st0cur    
17:30:57.086  DEBUG   [poll]    <- read  st0cur     ret=0  data=['0xfd', '0x01', '0x01', '0x02']
17:30:58.088  DEBUG   [poll]    -> read  st2mot    
17:30:58.091  DEBUG   [poll]    <- read  st2mot     ret=0  data=['0x00', '0x00']
17:30:58.092  DEBUG   [poll]    -> read  st0cur    
17:30:58.096  DEBUG   [poll]    <- read  st0cur     ret=0  data=['0xfd', '0x01', '0x01', '0x02']
17:30:59.097  DEBUG   [poll]    -> read  st2mot    
17:30:59.101  DEBUG   [poll]    <- read  st2mot     ret=0  data=['0x00', '0x00']
17:30:59.101  DEBUG   [poll]    -> read  st0cur    
17:30:59.105  DEBUG   [poll]    <- read  st0cur     ret=0  data=['0xfd', '0x01', '0x01', '0x02']
17:31:00.107  DEBUG   [poll]    -> read  st2mot    
17:31:00.110  DEBUG   [poll]    <- read  st2mot     ret=0  data=['0x00', '0x00']
17:31:00.111  DEBUG   [poll]    -> read  st0cur    
17:31:00.115  DEBUG   [poll]    <- read  st0cur     ret=0  data=['0xfd', '0x01', '0x01', '0x02']
17:31:01.117  DEBUG   [poll]    -> read  st2mot    
17:31:01.120  DEBUG   [poll]    <- read  st2mot     ret=0  data=['0x00', '0x00']
17:31:01.120  DEBUG   [poll]    -> read  st0cur    
17:31:01.124  DEBUG   [poll]    <- read  st0cur     ret=0  data=['0xfe', '0x01', '0x01', '0x02']
17:31:02.126  DEBUG   [poll]    -> read  st2mot    
17:31:02.129  DEBUG   [poll]    <- read  st2mot     ret=0  data=['0x00', '0x00']
17:31:02.129  DEBUG   [poll]    -> read  st0cur    
17:31:02.134  DEBUG   [poll]    <- read  st0cur     ret=0  data=['0xfd', '0x01', '0x01', '0x02']
17:31:03.135  DEBUG   [poll]    -> read  st2mot    
17:31:03.139  DEBUG   [poll]    <- read  st2mot     ret=0  data=['0x00', '0x00']
17:31:03.139  DEBUG   [poll]    -> read  st0cur    
17:31:03.143  DEBUG   [poll]    <- read  st0cur     ret=0  data=['0xfd', '0x01', '0x01', '0x02']
17:31:04.145  DEBUG   [poll]    -> read  st2mot    
17:31:04.148  DEBUG   [poll]    <- read  st2mot     ret=0  data=['0x00', '0x00']
17:31:04.149  DEBUG   [poll]    -> read  st0cur    
17:31:04.153  DEBUG   [poll]    <- read  st0cur     ret=0  data=['0xfd', '0x01', '0x01', '0x02']
17:31:05.154  DEBUG   [poll]    -> read  st2mot    
17:31:05.158  DEBUG   [poll]    <- read  st2mot     ret=0  data=['0x00', '0x00']
17:31:05.158  DEBUG   [poll]    -> read  st0cur    
17:31:05.163  DEBUG   [poll]    <- read  st0cur     ret=0  data=['0xfd', '0x01', '0x01', '0x02']
17:31:06.164  DEBUG   [poll]    -> read  st2mot    
17:31:06.168  DEBUG   [poll]    <- read  st2mot     ret=0  data=['0x00', '0x00']
17:31:06.168  DEBUG   [poll]    -> read  st0cur    
17:31:06.172  DEBUG   [poll]    <- read  st0cur     ret=0  data=['0xfd', '0x01', '0x01', '0x02']
17:31:07.174  DEBUG   [poll]    -> read  st2mot    
17:31:07.177  DEBUG   [poll]    <- read  st2mot     ret=0  data=['0x00', '0x00']
17:31:07.177  DEBUG   [poll]    -> read  st0cur    
17:31:07.182  DEBUG   [poll]    <- read  st0cur     ret=0  data=['0xfd', '0x01', '0x01', '0x02']
17:31:08.183  DEBUG   [poll]    -> read  st2mot    
17:31:08.187  DEBUG   [poll]    <- read  st2mot     ret=0  data=['0x00', '0x00']
17:31:08.187  DEBUG   [poll]    -> read  st0cur    
17:31:08.191  DEBUG   [poll]    <- read  st0cur     ret=0  data=['0xfd', '0x01', '0x01', '0x02']
17:31:09.193  DEBUG   [poll]    -> read  st2mot    
17:31:09.196  DEBUG   [poll]    <- read  st2mot     ret=0  data=['0x00', '0x00']
17:31:09.196  DEBUG   [poll]    -> read  st0cur    
17:31:09.201  DEBUG   [poll]    <- read  st0cur     ret=0  data=['0xfd', '0x01', '0x01', '0x02']
17:31:10.202  DEBUG   [poll]    -> read  st2mot    
17:31:10.206  DEBUG   [poll]    <- read  st2mot     ret=0  data=['0x00', '0x00']
17:31:10.206  DEBUG   [poll]    -> read  st0cur    
17:31:10.211  DEBUG   [poll]    <- read  st0cur     ret=0  data=['0xfd', '0x01', '0x01', '0x02']
17:31:11.212  DEBUG   [poll]    -> read  st2mot    
17:31:11.216  DEBUG   [poll]    <- read  st2mot     ret=0  data=['0x00', '0x00']
17:31:11.216  DEBUG   [poll]    -> read  st0cur    
17:31:11.220  DEBUG   [poll]    <- read  st0cur     ret=0  data=['0xfd', '0x01', '0x01', '0x02']
17:31:12.222  DEBUG   [poll]    -> read  st2mot    
17:31:12.225  DEBUG   [poll]    <- read  st2mot     ret=0  data=['0x00', '0x00']
17:31:12.225  DEBUG   [poll]    -> read  st0cur    
17:31:12.230  DEBUG   [poll]    <- read  st0cur     ret=0  data=['0xfd', '0x01', '0x00', '0x02']
17:31:13.231  DEBUG   [poll]    -> read  st2mot    
17:31:13.234  DEBUG   [poll]    <- read  st2mot     ret=0  data=['0x00', '0x00']
17:31:13.235  DEBUG   [poll]    -> read  st0cur    
17:31:13.239  DEBUG   [poll]    <- read  st0cur     ret=0  data=['0xfd', '0x01', '0x01', '0x02']
17:31:14.241  DEBUG   [poll]    -> read  st2mot    
17:31:14.244  DEBUG   [poll]    <- read  st2mot     ret=0  data=['0x00', '0x00']
17:31:14.244  DEBUG   [poll]    -> read  st0cur    
17:31:14.249  DEBUG   [poll]    <- read  st0cur     ret=0  data=['0xfd', '0x01', '0x01', '0x02']
17:31:15.250  DEBUG   [poll]    -> read  st2mot    
17:31:15.253  DEBUG   [poll]    <- read  st2mot     ret=0  data=['0x00', '0x00']
17:31:15.254  DEBUG   [poll]    -> read  st0cur    
17:31:15.258  DEBUG   [poll]    <- read  st0cur     ret=0  data=['0xfd', '0x01', '0x01', '0x02']
17:31:16.260  DEBUG   [poll]    -> read  st2mot    
17:31:16.263  DEBUG   [poll]    <- read  st2mot     ret=0  data=['0x00', '0x00']
17:31:16.264  DEBUG   [poll]    -> read  st0cur    
17:31:16.268  DEBUG   [poll]    <- read  st0cur     ret=0  data=['0xfe', '0x01', '0x01', '0x02']
17:31:17.269  DEBUG   [poll]    -> read  st2mot    
17:31:17.273  DEBUG   [poll]    <- read  st2mot     ret=0  data=['0x00', '0x00']
17:31:17.273  DEBUG   [poll]    -> read  st0cur    
17:31:17.277  DEBUG   [poll]    <- read  st0cur     ret=0  data=['0xfd', '0x01', '0x01', '0x02']
17:31:18.279  DEBUG   [poll]    -> read  st2mot    
17:31:18.282  DEBUG   [poll]    <- read  st2mot     ret=0  data=['0x00', '0x00']
17:31:18.283  DEBUG   [poll]    -> read  st0cur    
17:31:18.287  DEBUG   [poll]    <- read  st0cur     ret=0  data=['0xfd', '0x01', '0x00', '0x02']
17:31:19.288  DEBUG   [poll]    -> read  st2mot    
17:31:19.292  DEBUG   [poll]    <- read  st2mot     ret=0  data=['0x00', '0x00']
17:31:19.292  DEBUG   [poll]    -> read  st0cur    
17:31:19.296  DEBUG   [poll]    <- read  st0cur     ret=0  data=['0xfd', '0x01', '0x00', '0x02']
17:31:20.298  DEBUG   [poll]    -> read  st2mot    
17:31:20.301  DEBUG   [poll]    <- read  st2mot     ret=0  data=['0x00', '0x00']
17:31:20.302  DEBUG   [poll]    -> read  st0cur    
17:31:20.306  DEBUG   [poll]    <- read  st0cur     ret=0  data=['0xfd', '0x01', '0x00', '0x02']
17:31:21.308  DEBUG   [poll]    -> read  st2mot    
17:31:21.311  DEBUG   [poll]    <- read  st2mot     ret=0  data=['0x00', '0x00']
17:31:21.311  DEBUG   [poll]    -> read  st0cur    
17:31:21.315  DEBUG   [poll]    <- read  st0cur     ret=0  data=['0xfd', '0x01', '0x00', '0x02']
17:31:22.317  DEBUG   [poll]    -> read  st2mot    
17:31:22.320  DEBUG   [poll]    <- read  st2mot     ret=0  data=['0x00', '0x00']
17:31:22.321  DEBUG   [poll]    -> read  st0cur    
17:31:22.325  DEBUG   [poll]    <- read  st0cur     ret=0  data=['0xfd', '0x01', '0x00', '0x02']
17:31:23.326  DEBUG   [poll]    -> read  st2mot    
17:31:23.330  DEBUG   [poll]    <- read  st2mot     ret=0  data=['0x00', '0x00']
17:31:23.330  DEBUG   [poll]    -> read  st0cur    
17:31:23.334  DEBUG   [poll]    <- read  st0cur     ret=0  data=['0xfd', '0x01', '0x00', '0x02']
17:31:24.336  DEBUG   [poll]    -> read  st2mot    
17:31:24.339  DEBUG   [poll]    <- read  st2mot     ret=0  data=['0x00', '0x00']
17:31:24.340  DEBUG   [poll]    -> read  st0cur    
17:31:24.344  DEBUG   [poll]    <- read  st0cur     ret=0  data=['0xfd', '0x01', '0x00', '0x02']
17:31:25.345  DEBUG   [poll]    -> read  st2mot    
17:31:25.349  DEBUG   [poll]    <- read  st2mot     ret=0  data=['0x00', '0x00']
17:31:25.350  DEBUG   [poll]    -> read  st0cur    
17:31:25.354  DEBUG   [poll]    <- read  st0cur     ret=0  data=['0xfd', '0x01', '0x00', '0x02']
17:31:26.356  DEBUG   [poll]    -> read  st2mot    
17:31:26.359  DEBUG   [poll]    <- read  st2mot     ret=0  data=['0x00', '0x00']
17:31:26.359  DEBUG   [poll]    -> read  st0cur    
17:31:26.364  DEBUG   [poll]    <- read  st0cur     ret=0  data=['0xfd', '0x01', '0x01', '0x02']
17:31:27.365  DEBUG   [poll]    -> read  st2mot    
17:31:27.368  DEBUG   [poll]    <- read  st2mot     ret=0  data=['0x00', '0x00']
17:31:27.369  DEBUG   [poll]    -> read  st0cur    
17:31:27.373  DEBUG   [poll]    <- read  st0cur     ret=0  data=['0xfd', '0x01', '0x01', '0x02']
17:31:28.375  DEBUG   [poll]    -> read  st2mot    
17:31:28.378  DEBUG   [poll]    <- read  st2mot     ret=0  data=['0x00', '0x00']
17:31:28.378  DEBUG   [poll]    -> read  st0cur    
17:31:28.383  DEBUG   [poll]    <- read  st0cur     ret=0  data=['0xfd', '0x01', '0x01', '0x02']
17:31:29.384  DEBUG   [poll]    -> read  st2mot    
17:31:29.387  DEBUG   [poll]    <- read  st2mot     ret=0  data=['0x00', '0x00']
17:31:29.388  DEBUG   [poll]    -> read  st0cur    
17:31:29.392  DEBUG   [poll]    <- read  st0cur     ret=0  data=['0xfd', '0x01', '0x01', '0x02']
17:31:30.393  DEBUG   [poll]    -> read  st2mot    
17:31:30.397  DEBUG   [poll]    <- read  st2mot     ret=0  data=['0x00', '0x00']
17:31:30.397  DEBUG   [poll]    -> read  st0cur    
17:31:30.402  DEBUG   [poll]    <- read  st0cur     ret=0  data=['0xfd', '0x01', '0x02', '0x02']
17:31:31.403  DEBUG   [poll]    -> read  st2mot    
17:31:31.406  DEBUG   [poll]    <- read  st2mot     ret=0  data=['0x00', '0x00']
17:31:31.407  DEBUG   [poll]    -> read  st0cur    
17:31:31.411  DEBUG   [poll]    <- read  st0cur     ret=0  data=['0xfd', '0x01', '0x01', '0x02']
17:31:32.413  DEBUG   [poll]    -> read  st2mot    
17:31:32.416  DEBUG   [poll]    <- read  st2mot     ret=0  data=['0x00', '0x00']
17:31:32.416  DEBUG   [poll]    -> read  st0cur    
17:31:32.420  DEBUG   [poll]    <- read  st0cur     ret=0  data=['0xfd', '0x01', '0x01', '0x02']
17:31:33.422  DEBUG   [poll]    -> read  st2mot    
17:31:33.425  DEBUG   [poll]    <- read  st2mot     ret=0  data=['0x00', '0x00']
17:31:33.426  DEBUG   [poll]    -> read  st0cur    
17:31:33.430  DEBUG   [poll]    <- read  st0cur     ret=0  data=['0xfd', '0x01', '0x01', '0x02']
17:31:34.431  DEBUG   [poll]    -> read  st2mot    
17:31:34.435  DEBUG   [poll]    <- read  st2mot     ret=0  data=['0x00', '0x00']
17:31:34.435  DEBUG   [poll]    -> read  st0cur    
17:31:34.439  DEBUG   [poll]    <- read  st0cur     ret=0  data=['0xfd', '0x01', '0x01', '0x02']
17:31:35.441  DEBUG   [poll]    -> read  st2mot    
17:31:35.444  DEBUG   [poll]    <- read  st2mot     ret=0  data=['0x00', '0x00']
17:31:35.445  DEBUG   [poll]    -> read  st0cur    
17:31:35.449  DEBUG   [poll]    <- read  st0cur     ret=0  data=['0xfd', '0x01', '0x01', '0x02']
17:31:36.451  DEBUG   [poll]    -> read  st2mot    
17:31:36.454  DEBUG   [poll]    <- read  st2mot     ret=0  data=['0x00', '0x00']
17:31:36.455  DEBUG   [poll]    -> read  st0cur    
17:31:36.459  DEBUG   [poll]    <- read  st0cur     ret=0  data=['0xfd', '0x01', '0x01', '0x02']
17:31:37.460  DEBUG   [poll]    -> read  st2mot    
17:31:37.464  DEBUG   [poll]    <- read  st2mot     ret=0  data=['0x00', '0x00']
17:31:37.464  DEBUG   [poll]    -> read  st0cur    
17:31:37.468  DEBUG   [poll]    <- read  st0cur     ret=0  data=['0xfd', '0x01', '0x01', '0x02']
17:31:38.470  DEBUG   [poll]    -> read  st2mot    
17:31:38.473  DEBUG   [poll]    <- read  st2mot     ret=0  data=['0x00', '0x00']
17:31:38.474  DEBUG   [poll]    -> read  st0cur    
17:31:38.478  DEBUG   [poll]    <- read  st0cur     ret=0  data=['0xfd', '0x01', '0x01', '0x02']
17:31:39.479  DEBUG   [poll]    -> read  st2mot    
17:31:39.483  DEBUG   [poll]    <- read  st2mot     ret=0  data=['0x00', '0x00']
17:31:39.483  DEBUG   [poll]    -> read  st0cur    
17:31:39.487  DEBUG   [poll]    <- read  st0cur     ret=0  data=['0xfd', '0x01', '0x01', '0x02']
17:31:40.489  DEBUG   [poll]    -> read  st2mot    
17:31:40.492  DEBUG   [poll]    <- read  st2mot     ret=0  data=['0x00', '0x00']
17:31:40.493  DEBUG   [poll]    -> read  st0cur    
17:31:40.497  DEBUG   [poll]    <- read  st0cur     ret=0  data=['0xfd', '0x01', '0x01', '0x02']
17:31:41.498  DEBUG   [poll]    -> read  st2mot    
17:31:41.502  DEBUG   [poll]    <- read  st2mot     ret=0  data=['0x00', '0x00']
17:31:41.502  DEBUG   [poll]    -> read  st0cur    
17:31:41.506  DEBUG   [poll]    <- read  st0cur     ret=0  data=['0xfd', '0x01', '0x01', '0x02']
17:31:42.508  DEBUG   [poll]    -> read  st2mot    
17:31:42.511  DEBUG   [poll]    <- read  st2mot     ret=0  data=['0x00', '0x00']
17:31:42.512  DEBUG   [poll]    -> read  st0cur    
17:31:42.516  DEBUG   [poll]    <- read  st0cur     ret=0  data=['0xfd', '0x01', '0x01', '0x02']
17:31:43.517  DEBUG   [poll]    -> read  st2mot    
17:31:43.521  DEBUG   [poll]    <- read  st2mot     ret=0  data=['0x00', '0x00']
17:31:43.521  DEBUG   [poll]    -> read  st0cur    
17:31:43.525  DEBUG   [poll]    <- read  st0cur     ret=0  data=['0xfd', '0x01', '0x00', '0x02']
17:31:44.527  DEBUG   [poll]    -> read  st2mot    
17:31:44.530  DEBUG   [poll]    <- read  st2mot     ret=0  data=['0x00', '0x00']
17:31:44.531  DEBUG   [poll]    -> read  st0cur    
17:31:44.535  DEBUG   [poll]    <- read  st0cur     ret=0  data=['0xfd', '0x01', '0x01', '0x02']
17:31:45.536  DEBUG   [poll]    -> read  st2mot    
17:31:45.540  DEBUG   [poll]    <- read  st2mot     ret=0  data=['0x00', '0x00']
17:31:45.540  DEBUG   [poll]    -> read  st0cur    
17:31:45.545  DEBUG   [poll]    <- read  st0cur     ret=0  data=['0xfd', '0x01', '0x01', '0x02']
17:31:46.546  DEBUG   [poll]    -> read  st2mot    
17:31:46.550  DEBUG   [poll]    <- read  st2mot     ret=0  data=['0x00', '0x00']
17:31:46.550  DEBUG   [poll]    -> read  st0cur    
17:31:46.554  DEBUG   [poll]    <- read  st0cur     ret=0  data=['0xfd', '0x01', '0x00', '0x02']
17:31:47.556  DEBUG   [poll]    -> read  st2mot    
17:31:47.559  DEBUG   [poll]    <- read  st2mot     ret=0  data=['0x00', '0x00']
17:31:47.560  DEBUG   [poll]    -> read  st0cur    
17:31:47.564  DEBUG   [poll]    <- read  st0cur     ret=0  data=['0xfd', '0x01', '0x00', '0x02']
17:31:48.565  DEBUG   [poll]    -> read  st2mot    
17:31:48.569  DEBUG   [poll]    <- read  st2mot     ret=0  data=['0x00', '0x00']
17:31:48.569  DEBUG   [poll]    -> read  st0cur    
17:31:48.573  DEBUG   [poll]    <- read  st0cur     ret=0  data=['0xfe', '0x01', '0x00', '0x02']
17:31:49.575  DEBUG   [poll]    -> read  st2mot    
17:31:49.578  DEBUG   [poll]    <- read  st2mot     ret=0  data=['0x00', '0x00']
17:31:49.579  DEBUG   [poll]    -> read  st0cur    
17:31:49.583  DEBUG   [poll]    <- read  st0cur     ret=0  data=['0xfd', '0x01', '0x01', '0x02']
17:31:50.584  DEBUG   [poll]    -> read  st2mot    
17:31:50.588  DEBUG   [poll]    <- read  st2mot     ret=0  data=['0x00', '0x00']
17:31:50.588  DEBUG   [poll]    -> read  st0cur    
17:31:50.592  DEBUG   [poll]    <- read  st0cur     ret=0  data=['0xfd', '0x01', '0x00', '0x02']
17:31:51.594  DEBUG   [poll]    -> read  st2mot    
17:31:51.597  DEBUG   [poll]    <- read  st2mot     ret=0  data=['0x00', '0x00']
17:31:51.598  DEBUG   [poll]    -> read  st0cur    
17:31:51.602  DEBUG   [poll]    <- read  st0cur     ret=0  data=['0xfd', '0x01', '0x01', '0x02']
17:31:52.603  DEBUG   [poll]    -> read  st2mot    
17:31:52.607  DEBUG   [poll]    <- read  st2mot     ret=0  data=['0x00', '0x00']
17:31:52.607  DEBUG   [poll]    -> read  st0cur    
17:31:52.611  DEBUG   [poll]    <- read  st0cur     ret=0  data=['0xfd', '0x01', '0x01', '0x02']
17:31:53.613  DEBUG   [poll]    -> read  st2mot    
17:31:53.616  DEBUG   [poll]    <- read  st2mot     ret=0  data=['0x00', '0x00']
17:31:53.617  DEBUG   [poll]    -> read  st0cur    
17:31:53.621  DEBUG   [poll]    <- read  st0cur     ret=0  data=['0xfd', '0x01', '0x00', '0x02']
17:31:54.622  DEBUG   [poll]    -> read  st2mot    
17:31:54.626  DEBUG   [poll]    <- read  st2mot     ret=0  data=['0x00', '0x00']
17:31:54.626  DEBUG   [poll]    -> read  st0cur    
17:31:54.630  DEBUG   [poll]    <- read  st0cur     ret=0  data=['0xfd', '0x01', '0x01', '0x02']
17:31:55.632  DEBUG   [poll]    -> read  st2mot    
17:31:55.635  DEBUG   [poll]    <- read  st2mot     ret=0  data=['0x00', '0x00']
17:31:55.636  DEBUG   [poll]    -> read  st0cur    
17:31:55.640  DEBUG   [poll]    <- read  st0cur     ret=0  data=['0xfd', '0x01', '0x01', '0x02']
17:31:56.642  DEBUG   [poll]    -> read  st2mot    
17:31:56.645  DEBUG   [poll]    <- read  st2mot     ret=0  data=['0x00', '0x00']
17:31:56.646  DEBUG   [poll]    -> read  st0cur    
17:31:56.650  DEBUG   [poll]    <- read  st0cur     ret=0  data=['0xfd', '0x01', '0x01', '0x02']
17:31:57.651  DEBUG   [poll]    -> read  st2mot    
17:31:57.655  DEBUG   [poll]    <- read  st2mot     ret=0  data=['0x00', '0x00']
17:31:57.655  DEBUG   [poll]    -> read  st0cur    
17:31:57.659  DEBUG   [poll]    <- read  st0cur     ret=0  data=['0xfd', '0x01', '0x00', '0x02']
17:31:58.661  DEBUG   [poll]    -> read  st2mot    
17:31:58.664  DEBUG   [poll]    <- read  st2mot     ret=0  data=['0x00', '0x00']
17:31:58.665  DEBUG   [poll]    -> read  st0cur    
17:31:58.669  DEBUG   [poll]    <- read  st0cur     ret=0  data=['0xfd', '0x01', '0x01', '0x02']
17:31:59.670  DEBUG   [poll]    -> read  st2mot    
17:31:59.674  DEBUG   [poll]    <- read  st2mot     ret=0  data=['0x00', '0x00']
17:31:59.674  DEBUG   [poll]    -> read  st0cur    
17:31:59.678  DEBUG   [poll]    <- read  st0cur     ret=0  data=['0xfd', '0x01', '0x01', '0x02']
17:32:00.680  DEBUG   [poll]    -> read  st2mot    
17:32:00.683  DEBUG   [poll]    <- read  st2mot     ret=0  data=['0x00', '0x00']
17:32:00.684  DEBUG   [poll]    -> read  st0cur    
17:32:00.688  DEBUG   [poll]    <- read  st0cur     ret=0  data=['0xfd', '0x01', '0x01', '0x02']
17:32:01.690  DEBUG   [poll]    -> read  st2mot    
17:32:01.693  DEBUG   [poll]    <- read  st2mot     ret=0  data=['0x00', '0x00']
17:32:01.693  DEBUG   [poll]    -> read  st0cur    
17:32:01.698  DEBUG   [poll]    <- read  st0cur     ret=0  data=['0xfd', '0x01', '0x01', '0x02']
17:32:02.699  DEBUG   [poll]    -> read  st2mot    
17:32:02.703  DEBUG   [poll]    <- read  st2mot     ret=0  data=['0x00', '0x00']
17:32:02.703  DEBUG   [poll]    -> read  st0cur    
17:32:02.707  DEBUG   [poll]    <- read  st0cur     ret=0  data=['0xfd', '0x01', '0x01', '0x02']
17:32:03.709  DEBUG   [poll]    -> read  st2mot    
17:32:03.712  DEBUG   [poll]    <- read  st2mot     ret=0  data=['0x00', '0x00']
17:32:03.713  DEBUG   [poll]    -> read  st0cur    
17:32:03.717  DEBUG   [poll]    <- read  st0cur     ret=0  data=['0xfd', '0x01', '0x00', '0x02']
17:32:04.718  DEBUG   [poll]    -> read  st2mot    
17:32:04.722  DEBUG   [poll]    <- read  st2mot     ret=0  data=['0x00', '0x00']
17:32:04.722  DEBUG   [poll]    -> read  st0cur    
17:32:04.727  DEBUG   [poll]    <- read  st0cur     ret=0  data=['0xfd', '0x01', '0x00', '0x02']
17:32:05.728  DEBUG   [poll]    -> read  st2mot    
17:32:05.731  DEBUG   [poll]    <- read  st2mot     ret=0  data=['0x00', '0x00']
17:32:05.732  DEBUG   [poll]    -> read  st0cur    
17:32:05.736  DEBUG   [poll]    <- read  st0cur     ret=0  data=['0xfd', '0x01', '0x00', '0x02']
17:32:06.738  DEBUG   [poll]    -> read  st2mot    
17:32:06.741  DEBUG   [poll]    <- read  st2mot     ret=0  data=['0x00', '0x00']
17:32:06.741  DEBUG   [poll]    -> read  st0cur    
17:32:06.746  DEBUG   [poll]    <- read  st0cur     ret=0  data=['0xfd', '0x01', '0x01', '0x02']
17:32:07.747  DEBUG   [poll]    -> read  st2mot    
17:32:07.751  DEBUG   [poll]    <- read  st2mot     ret=0  data=['0x00', '0x00']
17:32:07.751  DEBUG   [poll]    -> read  st0cur    
17:32:07.755  DEBUG   [poll]    <- read  st0cur     ret=0  data=['0xfd', '0x01', '0x01', '0x02']
17:32:08.757  DEBUG   [poll]    -> read  st2mot    
17:32:08.760  DEBUG   [poll]    <- read  st2mot     ret=0  data=['0x00', '0x00']
17:32:08.761  DEBUG   [poll]    -> read  st0cur    
17:32:08.765  DEBUG   [poll]    <- read  st0cur     ret=0  data=['0xfd', '0x01', '0x01', '0x02']
17:32:09.766  DEBUG   [poll]    -> read  st2mot    
17:32:09.770  DEBUG   [poll]    <- read  st2mot     ret=0  data=['0x00', '0x00']
17:32:09.770  DEBUG   [poll]    -> read  st0cur    
17:32:09.774  DEBUG   [poll]    <- read  st0cur     ret=0  data=['0xfd', '0x01', '0x01', '0x02']
17:32:10.776  DEBUG   [poll]    -> read  st2mot    
17:32:10.779  DEBUG   [poll]    <- read  st2mot     ret=0  data=['0x00', '0x00']
17:32:10.780  DEBUG   [poll]    -> read  st0cur    
17:32:10.784  DEBUG   [poll]    <- read  st0cur     ret=0  data=['0xfd', '0x01', '0x01', '0x02']
17:32:11.786  DEBUG   [poll]    -> read  st2mot    
17:32:11.789  DEBUG   [poll]    <- read  st2mot     ret=0  data=['0x00', '0x00']
17:32:11.789  DEBUG   [poll]    -> read  st0cur    
17:32:11.794  DEBUG   [poll]    <- read  st0cur     ret=0  data=['0xfd', '0x01', '0x01', '0x02']
17:32:12.795  DEBUG   [poll]    -> read  st2mot    
17:32:12.798  DEBUG   [poll]    <- read  st2mot     ret=0  data=['0x00', '0x00']
17:32:12.799  DEBUG   [poll]    -> read  st0cur    
17:32:12.803  DEBUG   [poll]    <- read  st0cur     ret=0  data=['0xfd', '0x01', '0x01', '0x02']
17:32:13.805  DEBUG   [poll]    -> read  st2mot    
17:32:13.808  DEBUG   [poll]    <- read  st2mot     ret=0  data=['0x00', '0x00']
17:32:13.808  DEBUG   [poll]    -> read  st0cur    
17:32:13.813  DEBUG   [poll]    <- read  st0cur     ret=0  data=['0xfd', '0x01', '0x01', '0x02']
17:32:14.814  DEBUG   [poll]    -> read  st2mot    
17:32:14.818  DEBUG   [poll]    <- read  st2mot     ret=0  data=['0x00', '0x00']
17:32:14.818  DEBUG   [poll]    -> read  st0cur    
17:32:14.822  DEBUG   [poll]    <- read  st0cur     ret=0  data=['0xfd', '0x01', '0x01', '0x02']
17:32:15.824  DEBUG   [poll]    -> read  st2mot    
17:32:15.827  DEBUG   [poll]    <- read  st2mot     ret=0  data=['0x00', '0x00']
17:32:15.828  DEBUG   [poll]    -> read  st0cur    
17:32:15.832  DEBUG   [poll]    <- read  st0cur     ret=0  data=['0xfd', '0x01', '0x01', '0x02']
17:32:16.833  DEBUG   [poll]    -> read  st2mot    
17:32:16.837  DEBUG   [poll]    <- read  st2mot     ret=0  data=['0x00', '0x00']
17:32:16.837  DEBUG   [poll]    -> read  st0cur    
17:32:16.841  DEBUG   [poll]    <- read  st0cur     ret=0  data=['0xfd', '0x01', '0x00', '0x02']
17:32:17.843  DEBUG   [poll]    -> read  st2mot    
17:32:17.846  DEBUG   [poll]    <- read  st2mot     ret=0  data=['0x00', '0x00']
17:32:17.847  DEBUG   [poll]    -> read  st0cur    
17:32:17.851  DEBUG   [poll]    <- read  st0cur     ret=0  data=['0xfd', '0x01', '0x01', '0x02']
17:32:18.852  DEBUG   [poll]    -> read  st2mot    
17:32:18.856  DEBUG   [poll]    <- read  st2mot     ret=0  data=['0x00', '0x00']
17:32:18.856  DEBUG   [poll]    -> read  st0cur    
17:32:18.860  DEBUG   [poll]    <- read  st0cur     ret=0  data=['0xfd', '0x01', '0x01', '0x02']
17:32:19.862  DEBUG   [poll]    -> read  st2mot    
17:32:19.865  DEBUG   [poll]    <- read  st2mot     ret=0  data=['0x00', '0x00']
17:32:19.866  DEBUG   [poll]    -> read  st0cur    
17:32:19.870  DEBUG   [poll]    <- read  st0cur     ret=0  data=['0xfd', '0x01', '0x01', '0x02']
17:32:20.871  DEBUG   [poll]    -> read  st2mot    
17:32:20.875  DEBUG   [poll]    <- read  st2mot     ret=0  data=['0x00', '0x00']
17:32:20.875  DEBUG   [poll]    -> read  st0cur    
17:32:20.880  DEBUG   [poll]    <- read  st0cur     ret=0  data=['0xfd', '0x01', '0x00', '0x02']
17:32:21.881  DEBUG   [poll]    -> read  st2mot    
17:32:21.884  DEBUG   [poll]    <- read  st2mot     ret=0  data=['0x00', '0x00']
17:32:21.885  DEBUG   [poll]    -> read  st0cur    
17:32:21.889  DEBUG   [poll]    <- read  st0cur     ret=0  data=['0xfd', '0x01', '0x01', '0x02']
17:32:22.890  DEBUG   [poll]    -> read  st2mot    
17:32:22.894  DEBUG   [poll]    <- read  st2mot     ret=0  data=['0x00', '0x00']
17:32:22.894  DEBUG   [poll]    -> read  st0cur    
17:32:22.898  DEBUG   [poll]    <- read  st0cur     ret=0  data=['0xfd', '0x01', '0x01', '0x02']
17:32:23.900  DEBUG   [poll]    -> read  st2mot    
17:32:23.903  DEBUG   [poll]    <- read  st2mot     ret=0  data=['0x00', '0x00']
17:32:23.904  DEBUG   [poll]    -> read  st0cur    
17:32:23.908  DEBUG   [poll]    <- read  st0cur     ret=0  data=['0xfd', '0x01', '0x01', '0x02']
17:32:24.909  DEBUG   [poll]    -> read  st2mot    
17:32:24.913  DEBUG   [poll]    <- read  st2mot     ret=0  data=['0x00', '0x00']
17:32:24.913  DEBUG   [poll]    -> read  st0cur    
17:32:24.918  DEBUG   [poll]    <- read  st0cur     ret=0  data=['0xfd', '0x01', '0x01', '0x02']
17:32:25.919  DEBUG   [poll]    -> read  st2mot    
17:32:25.922  DEBUG   [poll]    <- read  st2mot     ret=0  data=['0x00', '0x00']
17:32:25.923  DEBUG   [poll]    -> read  st0cur    
17:32:25.928  DEBUG   [poll]    <- read  st0cur     ret=0  data=['0xfd', '0x01', '0x01', '0x02']
17:32:26.929  DEBUG   [poll]    -> read  st2mot    
17:32:26.933  DEBUG   [poll]    <- read  st2mot     ret=0  data=['0x00', '0x00']
17:32:26.933  DEBUG   [poll]    -> read  st0cur    
17:32:26.937  DEBUG   [poll]    <- read  st0cur     ret=0  data=['0xfd', '0x01', '0x01', '0x02']
17:32:27.939  DEBUG   [poll]    -> read  st2mot    
17:32:27.942  DEBUG   [poll]    <- read  st2mot     ret=0  data=['0x00', '0x00']
17:32:27.942  DEBUG   [poll]    -> read  st0cur    
17:32:27.947  DEBUG   [poll]    <- read  st0cur     ret=0  data=['0xfd', '0x01', '0x01', '0x02']
17:32:28.948  DEBUG   [poll]    -> read  st2mot    
17:32:28.952  DEBUG   [poll]    <- read  st2mot     ret=0  data=['0x00', '0x00']
17:32:28.952  DEBUG   [poll]    -> read  st0cur    
17:32:28.956  DEBUG   [poll]    <- read  st0cur     ret=0  data=['0xfd', '0x01', '0x01', '0x02']
17:32:29.958  DEBUG   [poll]    -> read  st2mot    
17:32:29.961  DEBUG   [poll]    <- read  st2mot     ret=0  data=['0x00', '0x00']
17:32:29.961  DEBUG   [poll]    -> read  st0cur    
17:32:29.966  DEBUG   [poll]    <- read  st0cur     ret=0  data=['0xfd', '0x01', '0x01', '0x02']
17:32:30.967  DEBUG   [poll]    -> read  st2mot    
17:32:30.970  DEBUG   [poll]    <- read  st2mot     ret=0  data=['0x00', '0x00']
17:32:30.971  DEBUG   [poll]    -> read  st0cur    
17:32:30.975  DEBUG   [poll]    <- read  st0cur     ret=0  data=['0xfd', '0x01', '0x01', '0x02']
17:32:31.977  DEBUG   [poll]    -> read  st2mot    
17:32:31.980  DEBUG   [poll]    <- read  st2mot     ret=0  data=['0x00', '0x00']
17:32:31.981  DEBUG   [poll]    -> read  st0cur    
17:32:31.985  DEBUG   [poll]    <- read  st0cur     ret=0  data=['0xfd', '0x01', '0x01', '0x02']
17:32:32.986  DEBUG   [poll]    -> read  st2mot    
17:32:32.990  DEBUG   [poll]    <- read  st2mot     ret=0  data=['0x00', '0x00']
17:32:32.990  DEBUG   [poll]    -> read  st0cur    
17:32:32.994  DEBUG   [poll]    <- read  st0cur     ret=0  data=['0xfd', '0x01', '0x01', '0x02']
17:32:33.996  DEBUG   [poll]    -> read  st2mot    
17:32:33.999  DEBUG   [poll]    <- read  st2mot     ret=0  data=['0x00', '0x00']
17:32:34.000  DEBUG   [poll]    -> read  st0cur    
17:32:34.004  DEBUG   [poll]    <- read  st0cur     ret=0  data=['0xfd', '0x01', '0x01', '0x02']
17:32:35.005  DEBUG   [poll]    -> read  st2mot    
17:32:35.009  DEBUG   [poll]    <- read  st2mot     ret=0  data=['0x00', '0x00']
17:32:35.009  DEBUG   [poll]    -> read  st0cur    
17:32:35.013  DEBUG   [poll]    <- read  st0cur     ret=0  data=['0xfd', '0x01', '0x01', '0x02']
17:32:36.015  DEBUG   [poll]    -> read  st2mot    
17:32:36.018  DEBUG   [poll]    <- read  st2mot     ret=0  data=['0x00', '0x00']
17:32:36.019  DEBUG   [poll]    -> read  st0cur    
17:32:36.023  DEBUG   [poll]    <- read  st0cur     ret=0  data=['0xfd', '0x01', '0x01', '0x02']
17:32:37.025  DEBUG   [poll]    -> read  st2mot    
17:32:37.028  DEBUG   [poll]    <- read  st2mot     ret=0  data=['0x00', '0x00']
17:32:37.028  DEBUG   [poll]    -> read  st0cur    
17:32:37.033  DEBUG   [poll]    <- read  st0cur     ret=0  data=['0xfd', '0x01', '0x01', '0x02']
17:32:38.034  DEBUG   [poll]    -> read  st2mot    
17:32:38.038  DEBUG   [poll]    <- read  st2mot     ret=0  data=['0x00', '0x00']
17:32:38.038  DEBUG   [poll]    -> read  st0cur    
17:32:38.042  DEBUG   [poll]    <- read  st0cur     ret=0  data=['0xfd', '0x01', '0x01', '0x02']
17:32:39.044  DEBUG   [poll]    -> read  st2mot    
17:32:39.047  DEBUG   [poll]    <- read  st2mot     ret=0  data=['0x00', '0x00']
17:32:39.047  DEBUG   [poll]    -> read  st0cur    
17:32:39.052  DEBUG   [poll]    <- read  st0cur     ret=0  data=['0xfd', '0x01', '0x01', '0x02']
17:32:40.053  DEBUG   [poll]    -> read  st2mot    
17:32:40.056  DEBUG   [poll]    <- read  st2mot     ret=0  data=['0x00', '0x00']
17:32:40.057  DEBUG   [poll]    -> read  st0cur    
17:32:40.061  DEBUG   [poll]    <- read  st0cur     ret=0  data=['0xfd', '0x01', '0x01', '0x02']
17:32:41.062  DEBUG   [poll]    -> read  st2mot    
17:32:41.066  DEBUG   [poll]    <- read  st2mot     ret=0  data=['0x00', '0x00']
17:32:41.066  DEBUG   [poll]    -> read  st0cur    
17:32:41.071  DEBUG   [poll]    <- read  st0cur     ret=0  data=['0xfd', '0x01', '0x00', '0x02']
17:32:42.072  DEBUG   [poll]    -> read  st2mot    
17:32:42.075  DEBUG   [poll]    <- read  st2mot     ret=0  data=['0x00', '0x00']
17:32:42.076  DEBUG   [poll]    -> read  st0cur    
17:32:42.080  DEBUG   [poll]    <- read  st0cur     ret=0  data=['0xfd', '0x01', '0x01', '0x02']
17:32:43.082  DEBUG   [poll]    -> read  st2mot    
17:32:43.085  DEBUG   [poll]    <- read  st2mot     ret=0  data=['0x00', '0x00']
17:32:43.085  DEBUG   [poll]    -> read  st0cur    
17:32:43.090  DEBUG   [poll]    <- read  st0cur     ret=0  data=['0xfd', '0x01', '0x01', '0x02']
17:32:44.091  DEBUG   [poll]    -> read  st2mot    
17:32:44.094  DEBUG   [poll]    <- read  st2mot     ret=0  data=['0x00', '0x00']
17:32:44.095  DEBUG   [poll]    -> read  st0cur    
17:32:44.099  DEBUG   [poll]    <- read  st0cur     ret=0  data=['0xfd', '0x01', '0x01', '0x02']
17:32:45.100  DEBUG   [poll]    -> read  st2mot    
17:32:45.104  DEBUG   [poll]    <- read  st2mot     ret=0  data=['0x00', '0x00']
17:32:45.104  DEBUG   [poll]    -> read  st0cur    
17:32:45.108  DEBUG   [poll]    <- read  st0cur     ret=0  data=['0xfd', '0x01', '0x01', '0x02']
17:32:46.110  DEBUG   [poll]    -> read  st2mot    
17:32:46.113  DEBUG   [poll]    <- read  st2mot     ret=0  data=['0x00', '0x00']
17:32:46.114  DEBUG   [poll]    -> read  st0cur    
17:32:46.118  DEBUG   [poll]    <- read  st0cur     ret=0  data=['0xfd', '0x01', '0x01', '0x02']
17:32:47.120  DEBUG   [poll]    -> read  st2mot    
17:32:47.123  DEBUG   [poll]    <- read  st2mot     ret=0  data=['0x00', '0x00']
17:32:47.123  DEBUG   [poll]    -> read  st0cur    
17:32:47.128  DEBUG   [poll]    <- read  st0cur     ret=0  data=['0xfd', '0x01', '0x00', '0x02']
17:32:48.129  DEBUG   [poll]    -> read  st2mot    
17:32:48.132  DEBUG   [poll]    <- read  st2mot     ret=0  data=['0x00', '0x00']
17:32:48.133  DEBUG   [poll]    -> read  st0cur    
17:32:48.137  DEBUG   [poll]    <- read  st0cur     ret=0  data=['0xfd', '0x01', '0x01', '0x02']
17:32:49.139  DEBUG   [poll]    -> read  st2mot    
17:32:49.142  DEBUG   [poll]    <- read  st2mot     ret=0  data=['0x00', '0x00']
17:32:49.142  DEBUG   [poll]    -> read  st0cur    
17:32:49.146  DEBUG   [poll]    <- read  st0cur     ret=0  data=['0xfd', '0x01', '0x01', '0x02']
17:32:50.148  DEBUG   [poll]    -> read  st2mot    
17:32:50.151  DEBUG   [poll]    <- read  st2mot     ret=0  data=['0x00', '0x00']
17:32:50.152  DEBUG   [poll]    -> read  st0cur    
17:32:50.156  DEBUG   [poll]    <- read  st0cur     ret=0  data=['0xfd', '0x01', '0x01', '0x02']
17:32:51.157  DEBUG   [poll]    -> read  st2mot    
17:32:51.161  DEBUG   [poll]    <- read  st2mot     ret=0  data=['0x00', '0x00']
17:32:51.161  DEBUG   [poll]    -> read  st0cur    
17:32:51.166  DEBUG   [poll]    <- read  st0cur     ret=0  data=['0xfd', '0x01', '0x01', '0x02']
17:32:52.167  DEBUG   [poll]    -> read  st2mot    
17:32:52.170  DEBUG   [poll]    <- read  st2mot     ret=0  data=['0x00', '0x00']
17:32:52.171  DEBUG   [poll]    -> read  st0cur    
17:32:52.175  DEBUG   [poll]    <- read  st0cur     ret=0  data=['0xfd', '0x01', '0x01', '0x02']
17:32:53.176  DEBUG   [poll]    -> read  st2mot    
17:32:53.180  DEBUG   [poll]    <- read  st2mot     ret=0  data=['0x00', '0x00']
17:32:53.180  DEBUG   [poll]    -> read  st0cur    
17:32:53.185  DEBUG   [poll]    <- read  st0cur     ret=0  data=['0xfd', '0x01', '0x00', '0x02']
17:32:54.186  DEBUG   [poll]    -> read  st2mot    
17:32:54.189  DEBUG   [poll]    <- read  st2mot     ret=0  data=['0x00', '0x00']
17:32:54.190  DEBUG   [poll]    -> read  st0cur    
17:32:54.194  DEBUG   [poll]    <- read  st0cur     ret=0  data=['0xfd', '0x01', '0x01', '0x02']
17:32:55.196  DEBUG   [poll]    -> read  st2mot    
17:32:55.199  DEBUG   [poll]    <- read  st2mot     ret=0  data=['0x00', '0x00']
17:32:55.199  DEBUG   [poll]    -> read  st0cur    
17:32:55.204  DEBUG   [poll]    <- read  st0cur     ret=0  data=['0xfd', '0x01', '0x01', '0x02']
17:32:56.205  DEBUG   [poll]    -> read  st2mot    
17:32:56.208  DEBUG   [poll]    <- read  st2mot     ret=0  data=['0x00', '0x00']
17:32:56.209  DEBUG   [poll]    -> read  st0cur    
17:32:56.214  DEBUG   [poll]    <- read  st0cur     ret=0  data=['0xfd', '0x01', '0x01', '0x02']
17:32:57.215  DEBUG   [poll]    -> read  st2mot    
17:32:57.218  DEBUG   [poll]    <- read  st2mot     ret=0  data=['0x00', '0x00']
17:32:57.219  DEBUG   [poll]    -> read  st0cur    
17:32:57.223  DEBUG   [poll]    <- read  st0cur     ret=0  data=['0xfd', '0x01', '0x00', '0x02']
17:32:58.224  DEBUG   [poll]    -> read  st2mot    
17:32:58.228  DEBUG   [poll]    <- read  st2mot     ret=0  data=['0x00', '0x00']
17:32:58.228  DEBUG   [poll]    -> read  st0cur    
17:32:58.232  DEBUG   [poll]    <- read  st0cur     ret=0  data=['0xfd', '0x01', '0x00', '0x02']
17:32:59.234  DEBUG   [poll]    -> read  st2mot    
17:32:59.237  DEBUG   [poll]    <- read  st2mot     ret=0  data=['0x00', '0x00']
17:32:59.238  DEBUG   [poll]    -> read  st0cur    
17:32:59.242  DEBUG   [poll]    <- read  st0cur     ret=0  data=['0xfd', '0x01', '0x01', '0x02']
17:33:00.243  DEBUG   [poll]    -> read  st2mot    
17:33:00.247  DEBUG   [poll]    <- read  st2mot     ret=0  data=['0x00', '0x00']
17:33:00.247  DEBUG   [poll]    -> read  st0cur    
17:33:00.251  DEBUG   [poll]    <- read  st0cur     ret=0  data=['0xfd', '0x01', '0x01', '0x02']
17:33:01.253  DEBUG   [poll]    -> read  st2mot    
17:33:01.256  DEBUG   [poll]    <- read  st2mot     ret=0  data=['0x00', '0x00']
17:33:01.257  DEBUG   [poll]    -> read  st0cur    
17:33:01.261  DEBUG   [poll]    <- read  st0cur     ret=0  data=['0xfd', '0x01', '0x01', '0x02']
17:33:02.263  DEBUG   [poll]    -> read  st2mot    
17:33:02.266  DEBUG   [poll]    <- read  st2mot     ret=0  data=['0x00', '0x00']
17:33:02.266  DEBUG   [poll]    -> read  st0cur    
17:33:02.271  DEBUG   [poll]    <- read  st0cur     ret=0  data=['0xfd', '0x01', '0x00', '0x02']
17:33:03.272  DEBUG   [poll]    -> read  st2mot    
17:33:03.276  DEBUG   [poll]    <- read  st2mot     ret=0  data=['0x00', '0x00']
17:33:03.276  DEBUG   [poll]    -> read  st0cur    
17:33:03.280  DEBUG   [poll]    <- read  st0cur     ret=0  data=['0xfd', '0x01', '0x01', '0x02']
17:33:04.282  DEBUG   [poll]    -> read  st2mot    
17:33:04.285  DEBUG   [poll]    <- read  st2mot     ret=0  data=['0x00', '0x00']
17:33:04.286  DEBUG   [poll]    -> read  st0cur    
17:33:04.290  DEBUG   [poll]    <- read  st0cur     ret=0  data=['0xfd', '0x01', '0x01', '0x02']
17:33:05.291  DEBUG   [poll]    -> read  st2mot    
17:33:05.295  DEBUG   [poll]    <- read  st2mot     ret=0  data=['0x00', '0x00']
17:33:05.295  DEBUG   [poll]    -> read  st0cur    
17:33:05.299  DEBUG   [poll]    <- read  st0cur     ret=0  data=['0xfd', '0x01', '0x00', '0x02']
17:33:06.301  DEBUG   [poll]    -> read  st2mot    
17:33:06.304  DEBUG   [poll]    <- read  st2mot     ret=0  data=['0x00', '0x00']
17:33:06.305  DEBUG   [poll]    -> read  st0cur    
17:33:06.309  DEBUG   [poll]    <- read  st0cur     ret=0  data=['0xfd', '0x01', '0x00', '0x02']
17:33:07.311  DEBUG   [poll]    -> read  st2mot    
17:33:07.314  DEBUG   [poll]    <- read  st2mot     ret=0  data=['0x00', '0x00']
17:33:07.314  DEBUG   [poll]    -> read  st0cur    
17:33:07.319  DEBUG   [poll]    <- read  st0cur     ret=0  data=['0xfd', '0x01', '0x01', '0x02']
17:33:08.320  DEBUG   [poll]    -> read  st2mot    
17:33:08.324  DEBUG   [poll]    <- read  st2mot     ret=0  data=['0x00', '0x00']
17:33:08.324  DEBUG   [poll]    -> read  st0cur    
17:33:08.328  DEBUG   [poll]    <- read  st0cur     ret=0  data=['0xfd', '0x01', '0x01', '0x02']
17:33:09.330  DEBUG   [poll]    -> read  st2mot    
17:33:09.333  DEBUG   [poll]    <- read  st2mot     ret=0  data=['0x00', '0x00']
17:33:09.333  DEBUG   [poll]    -> read  st0cur    
17:33:09.338  DEBUG   [poll]    <- read  st0cur     ret=0  data=['0xfd', '0x01', '0x00', '0x02']
17:33:10.339  DEBUG   [poll]    -> read  st2mot    
17:33:10.343  DEBUG   [poll]    <- read  st2mot     ret=0  data=['0x00', '0x00']
17:33:10.343  DEBUG   [poll]    -> read  st0cur    
17:33:10.347  DEBUG   [poll]    <- read  st0cur     ret=0  data=['0xfd', '0x01', '0x01', '0x02']
17:33:11.349  DEBUG   [poll]    -> read  st2mot    
17:33:11.352  DEBUG   [poll]    <- read  st2mot     ret=0  data=['0x00', '0x00']
17:33:11.353  DEBUG   [poll]    -> read  st0cur    
17:33:11.357  DEBUG   [poll]    <- read  st0cur     ret=0  data=['0xfd', '0x01', '0x01', '0x02']
17:33:12.359  DEBUG   [poll]    -> read  st2mot    
17:33:12.362  DEBUG   [poll]    <- read  st2mot     ret=0  data=['0x00', '0x00']
17:33:12.362  DEBUG   [poll]    -> read  st0cur    
17:33:12.367  DEBUG   [poll]    <- read  st0cur     ret=0  data=['0xfd', '0x01', '0x01', '0x02']
17:33:13.368  DEBUG   [poll]    -> read  st2mot    
17:33:13.372  DEBUG   [poll]    <- read  st2mot     ret=0  data=['0x00', '0x00']
17:33:13.372  DEBUG   [poll]    -> read  st0cur    
17:33:13.376  DEBUG   [poll]    <- read  st0cur     ret=0  data=['0xfd', '0x01', '0x01', '0x02']
17:33:14.378  DEBUG   [poll]    -> read  st2mot    
17:33:14.381  DEBUG   [poll]    <- read  st2mot     ret=0  data=['0x00', '0x00']
17:33:14.382  DEBUG   [poll]    -> read  st0cur    
17:33:14.386  DEBUG   [poll]    <- read  st0cur     ret=0  data=['0xfd', '0x01', '0x00', '0x02']
17:33:15.387  DEBUG   [poll]    -> read  st2mot    
17:33:15.391  DEBUG   [poll]    <- read  st2mot     ret=0  data=['0x00', '0x00']
17:33:15.391  DEBUG   [poll]    -> read  st0cur    
17:33:15.395  DEBUG   [poll]    <- read  st0cur     ret=0  data=['0xfd', '0x01', '0x01', '0x02']
17:33:16.397  DEBUG   [poll]    -> read  st2mot    
17:33:16.400  DEBUG   [poll]    <- read  st2mot     ret=0  data=['0x00', '0x00']
17:33:16.401  DEBUG   [poll]    -> read  st0cur    
17:33:16.405  DEBUG   [poll]    <- read  st0cur     ret=0  data=['0xfd', '0x01', '0x01', '0x02']
17:33:17.406  DEBUG   [poll]    -> read  st2mot    
17:33:17.410  DEBUG   [poll]    <- read  st2mot     ret=0  data=['0x00', '0x00']
17:33:17.410  DEBUG   [poll]    -> read  st0cur    
17:33:17.414  DEBUG   [poll]    <- read  st0cur     ret=0  data=['0xfd', '0x01', '0x00', '0x02']
17:33:18.416  DEBUG   [poll]    -> read  st2mot    
17:33:18.419  DEBUG   [poll]    <- read  st2mot     ret=0  data=['0x00', '0x00']
17:33:18.420  DEBUG   [poll]    -> read  st0cur    
17:33:18.424  DEBUG   [poll]    <- read  st0cur     ret=0  data=['0xfd', '0x01', '0x00', '0x02']
17:33:19.425  DEBUG   [poll]    -> read  st2mot    
17:33:19.429  DEBUG   [poll]    <- read  st2mot     ret=0  data=['0x00', '0x00']
17:33:19.429  DEBUG   [poll]    -> read  st0cur    
17:33:19.433  DEBUG   [poll]    <- read  st0cur     ret=0  data=['0xfd', '0x01', '0x01', '0x02']
17:33:20.435  DEBUG   [poll]    -> read  st2mot    
17:33:20.438  DEBUG   [poll]    <- read  st2mot     ret=0  data=['0x00', '0x00']
17:33:20.439  DEBUG   [poll]    -> read  st0cur    
17:33:20.443  DEBUG   [poll]    <- read  st0cur     ret=0  data=['0xfd', '0x01', '0x01', '0x02']
17:33:21.444  DEBUG   [poll]    -> read  st2mot    
17:33:21.448  DEBUG   [poll]    <- read  st2mot     ret=0  data=['0x00', '0x00']
17:33:21.448  DEBUG   [poll]    -> read  st0cur    
17:33:21.453  DEBUG   [poll]    <- read  st0cur     ret=0  data=['0xfd', '0x01', '0x00', '0x02']
17:33:22.454  DEBUG   [poll]    -> read  st2mot    
17:33:22.457  DEBUG   [poll]    <- read  st2mot     ret=0  data=['0x00', '0x00']
17:33:22.458  DEBUG   [poll]    -> read  st0cur    
17:33:22.462  DEBUG   [poll]    <- read  st0cur     ret=0  data=['0xfd', '0x01', '0x00', '0x02']
17:33:23.463  DEBUG   [poll]    -> read  st2mot    
17:33:23.467  DEBUG   [poll]    <- read  st2mot     ret=0  data=['0x00', '0x00']
17:33:23.467  DEBUG   [poll]    -> read  st0cur    
17:33:23.471  DEBUG   [poll]    <- read  st0cur     ret=0  data=['0xfd', '0x01', '0x00', '0x02']
17:33:24.473  DEBUG   [poll]    -> read  st2mot    
17:33:24.476  DEBUG   [poll]    <- read  st2mot     ret=0  data=['0x00', '0x00']
17:33:24.477  DEBUG   [poll]    -> read  st0cur    
17:33:24.481  DEBUG   [poll]    <- read  st0cur     ret=0  data=['0xfd', '0x01', '0x01', '0x02']
17:33:25.483  DEBUG   [poll]    -> read  st2mot    
17:33:25.486  DEBUG   [poll]    <- read  st2mot     ret=0  data=['0x00', '0x00']
17:33:25.487  DEBUG   [poll]    -> read  st0cur    
17:33:25.491  DEBUG   [poll]    <- read  st0cur     ret=0  data=['0xfd', '0x01', '0x01', '0x02']
17:33:26.492  DEBUG   [poll]    -> read  st2mot    
17:33:26.496  DEBUG   [poll]    <- read  st2mot     ret=0  data=['0x00', '0x00']
17:33:26.497  DEBUG   [poll]    -> read  st0cur    
17:33:26.502  DEBUG   [poll]    <- read  st0cur     ret=0  data=['0xfd', '0x01', '0x00', '0x02']
17:33:27.503  DEBUG   [poll]    -> read  st2mot    
17:33:27.507  DEBUG   [poll]    <- read  st2mot     ret=0  data=['0x00', '0x00']
17:33:27.507  DEBUG   [poll]    -> read  st0cur    
17:33:27.511  DEBUG   [poll]    <- read  st0cur     ret=0  data=['0xfd', '0x01', '0x00', '0x02']
17:33:28.513  DEBUG   [poll]    -> read  st2mot    
17:33:28.516  DEBUG   [poll]    <- read  st2mot     ret=0  data=['0x00', '0x00']
17:33:28.516  DEBUG   [poll]    -> read  st0cur    
17:33:28.521  DEBUG   [poll]    <- read  st0cur     ret=0  data=['0xfd', '0x01', '0x01', '0x02']
17:33:29.522  DEBUG   [poll]    -> read  st2mot    
17:33:29.526  DEBUG   [poll]    <- read  st2mot     ret=0  data=['0x00', '0x00']
17:33:29.526  DEBUG   [poll]    -> read  st0cur    
17:33:29.530  DEBUG   [poll]    <- read  st0cur     ret=0  data=['0xfd', '0x01', '0x00', '0x02']
17:33:30.532  DEBUG   [poll]    -> read  st2mot    
17:33:30.535  DEBUG   [poll]    <- read  st2mot     ret=0  data=['0x00', '0x00']
17:33:30.535  DEBUG   [poll]    -> read  st0cur    
17:33:30.540  DEBUG   [poll]    <- read  st0cur     ret=0  data=['0xfd', '0x01', '0x00', '0x02']
17:33:31.541  DEBUG   [poll]    -> read  st2mot    
17:33:31.545  DEBUG   [poll]    <- read  st2mot     ret=0  data=['0x00', '0x00']
17:33:31.545  DEBUG   [poll]    -> read  st0cur    
17:33:31.549  DEBUG   [poll]    <- read  st0cur     ret=0  data=['0xfd', '0x01', '0x00', '0x02']
17:33:32.551  DEBUG   [poll]    -> read  st2mot    
17:33:32.554  DEBUG   [poll]    <- read  st2mot     ret=0  data=['0x00', '0x00']
17:33:32.555  DEBUG   [poll]    -> read  st0cur    
17:33:32.559  DEBUG   [poll]    <- read  st0cur     ret=0  data=['0xfd', '0x01', '0x01', '0x02']
17:33:33.560  DEBUG   [poll]    -> read  st2mot    
17:33:33.564  DEBUG   [poll]    <- read  st2mot     ret=0  data=['0x00', '0x00']
17:33:33.564  DEBUG   [poll]    -> read  st0cur    
17:33:33.568  DEBUG   [poll]    <- read  st0cur     ret=0  data=['0xfd', '0x01', '0x00', '0x02']
17:33:34.570  DEBUG   [poll]    -> read  st2mot    
17:33:34.573  DEBUG   [poll]    <- read  st2mot     ret=0  data=['0x00', '0x00']
17:33:34.574  DEBUG   [poll]    -> read  st0cur    
17:33:34.578  DEBUG   [poll]    <- read  st0cur     ret=0  data=['0xfd', '0x01', '0x01', '0x02']
17:33:35.579  DEBUG   [poll]    -> read  st2mot    
17:33:35.583  DEBUG   [poll]    <- read  st2mot     ret=0  data=['0x00', '0x00']
17:33:35.583  DEBUG   [poll]    -> read  st0cur    
17:33:35.587  DEBUG   [poll]    <- read  st0cur     ret=0  data=['0xfd', '0x01', '0x01', '0x02']
17:33:36.589  DEBUG   [poll]    -> read  st2mot    
17:33:36.592  DEBUG   [poll]    <- read  st2mot     ret=0  data=['0x00', '0x00']
17:33:36.593  DEBUG   [poll]    -> read  st0cur    
17:33:36.597  DEBUG   [poll]    <- read  st0cur     ret=0  data=['0xfd', '0x01', '0x01', '0x02']
17:33:37.599  DEBUG   [poll]    -> read  st2mot    
17:33:37.602  DEBUG   [poll]    <- read  st2mot     ret=0  data=['0x00', '0x00']
17:33:37.602  DEBUG   [poll]    -> read  st0cur    
17:33:37.607  DEBUG   [poll]    <- read  st0cur     ret=0  data=['0xfd', '0x01', '0x01', '0x02']
17:33:38.608  DEBUG   [poll]    -> read  st2mot    
17:33:38.612  DEBUG   [poll]    <- read  st2mot     ret=0  data=['0x00', '0x00']
17:33:38.612  DEBUG   [poll]    -> read  st0cur    
17:33:38.616  DEBUG   [poll]    <- read  st0cur     ret=0  data=['0xfc', '0x01', '0x01', '0x02']
17:33:38.616  WARNING *** OBSERVED STALL SIGNATURE (not acted on yet) — current=-0.20A while rpm=0 ***
17:33:39.618  DEBUG   [poll]    -> read  st2mot    
17:33:39.622  DEBUG   [poll]    <- read  st2mot     ret=0  data=['0x00', '0x00']
17:33:39.622  DEBUG   [poll]    -> read  st0cur    
17:33:39.626  DEBUG   [poll]    <- read  st0cur     ret=0  data=['0xfd', '0x01', '0x00', '0x02']
17:33:40.628  DEBUG   [poll]    -> read  st2mot    
17:33:40.631  DEBUG   [poll]    <- read  st2mot     ret=0  data=['0x00', '0x00']
17:33:40.631  DEBUG   [poll]    -> read  st0cur    
17:33:40.636  DEBUG   [poll]    <- read  st0cur     ret=0  data=['0xfd', '0x01', '0x01', '0x02']
17:33:41.637  DEBUG   [poll]    -> read  st2mot    
17:33:41.641  DEBUG   [poll]    <- read  st2mot     ret=0  data=['0x00', '0x00']
17:33:41.641  DEBUG   [poll]    -> read  st0cur    
17:33:41.645  DEBUG   [poll]    <- read  st0cur     ret=0  data=['0xfd', '0x01', '0x01', '0x02']
17:33:42.647  DEBUG   [poll]    -> read  st2mot    
17:33:42.650  DEBUG   [poll]    <- read  st2mot     ret=0  data=['0x00', '0x00']
17:33:42.651  DEBUG   [poll]    -> read  st0cur    
17:33:42.655  DEBUG   [poll]    <- read  st0cur     ret=0  data=['0xfd', '0x01', '0x01', '0x02']
17:33:43.656  DEBUG   [poll]    -> read  st2mot    
17:33:43.660  DEBUG   [poll]    <- read  st2mot     ret=0  data=['0x00', '0x00']
17:33:43.660  DEBUG   [poll]    -> read  st0cur    
17:33:43.664  DEBUG   [poll]    <- read  st0cur     ret=0  data=['0xfd', '0x01', '0x01', '0x02']
17:33:44.666  DEBUG   [poll]    -> read  st2mot    
17:33:44.669  DEBUG   [poll]    <- read  st2mot     ret=0  data=['0x00', '0x00']
17:33:44.670  DEBUG   [poll]    -> read  st0cur    
17:33:44.674  DEBUG   [poll]    <- read  st0cur     ret=0  data=['0xfd', '0x01', '0x01', '0x02']
17:33:45.675  DEBUG   [poll]    -> read  st2mot    
17:33:45.679  DEBUG   [poll]    <- read  st2mot     ret=0  data=['0x00', '0x00']
17:33:45.679  DEBUG   [poll]    -> read  st0cur    
17:33:45.683  DEBUG   [poll]    <- read  st0cur     ret=0  data=['0xfd', '0x01', '0x00', '0x02']
17:33:46.685  DEBUG   [poll]    -> read  st2mot    
17:33:46.688  DEBUG   [poll]    <- read  st2mot     ret=0  data=['0x00', '0x00']
17:33:46.689  DEBUG   [poll]    -> read  st0cur    
17:33:46.693  DEBUG   [poll]    <- read  st0cur     ret=0  data=['0xfd', '0x01', '0x01', '0x02']
17:33:47.695  DEBUG   [poll]    -> read  st2mot    
17:33:47.698  DEBUG   [poll]    <- read  st2mot     ret=0  data=['0x00', '0x00']
17:33:47.698  DEBUG   [poll]    -> read  st0cur    
17:33:47.703  DEBUG   [poll]    <- read  st0cur     ret=0  data=['0xfd', '0x01', '0x01', '0x02']
17:33:48.704  DEBUG   [poll]    -> read  st2mot    
17:33:48.708  DEBUG   [poll]    <- read  st2mot     ret=0  data=['0x00', '0x00']
17:33:48.708  DEBUG   [poll]    -> read  st0cur    
17:33:48.712  DEBUG   [poll]    <- read  st0cur     ret=0  data=['0xfd', '0x01', '0x01', '0x02']
17:33:49.714  DEBUG   [poll]    -> read  st2mot    
17:33:49.717  DEBUG   [poll]    <- read  st2mot     ret=0  data=['0x00', '0x00']
17:33:49.717  DEBUG   [poll]    -> read  st0cur    
17:33:49.722  DEBUG   [poll]    <- read  st0cur     ret=0  data=['0xfd', '0x01', '0x01', '0x02']
17:33:50.723  DEBUG   [poll]    -> read  st2mot    
17:33:50.726  DEBUG   [poll]    <- read  st2mot     ret=0  data=['0x00', '0x00']
17:33:50.727  DEBUG   [poll]    -> read  st0cur    
17:33:50.731  DEBUG   [poll]    <- read  st0cur     ret=0  data=['0xfe', '0x01', '0x01', '0x02']
17:33:51.733  DEBUG   [poll]    -> read  st2mot    
17:33:51.736  DEBUG   [poll]    <- read  st2mot     ret=0  data=['0x00', '0x00']
17:33:51.737  DEBUG   [poll]    -> read  st0cur    
17:33:51.741  DEBUG   [poll]    <- read  st0cur     ret=0  data=['0xff', '0x01', '0x03', '0x02']
17:33:52.742  DEBUG   [poll]    -> read  st2mot    
17:33:52.746  DEBUG   [poll]    <- read  st2mot     ret=0  data=['0x00', '0x00']
17:33:52.746  DEBUG   [poll]    -> read  st0cur    
17:33:52.750  DEBUG   [poll]    <- read  st0cur     ret=0  data=['0xff', '0x01', '0x03', '0x02']
17:33:53.752  DEBUG   [poll]    -> read  st2mot    
17:33:53.755  DEBUG   [poll]    <- read  st2mot     ret=0  data=['0x00', '0x00']
17:33:53.755  DEBUG   [poll]    -> read  st0cur    
17:33:53.760  DEBUG   [poll]    <- read  st0cur     ret=0  data=['0xff', '0x01', '0x03', '0x02']
17:33:54.761  DEBUG   [poll]    -> read  st2mot    
17:33:54.764  DEBUG   [poll]    <- read  st2mot     ret=0  data=['0x00', '0x00']
17:33:54.765  DEBUG   [poll]    -> read  st0cur    
17:33:54.769  DEBUG   [poll]    <- read  st0cur     ret=0  data=['0xff', '0x01', '0x03', '0x02']
17:33:55.771  DEBUG   [poll]    -> read  st2mot    
17:33:55.774  DEBUG   [poll]    <- read  st2mot     ret=0  data=['0x00', '0x00']
17:33:55.774  DEBUG   [poll]    -> read  st0cur    
17:33:55.779  DEBUG   [poll]    <- read  st0cur     ret=0  data=['0xff', '0x01', '0x03', '0x02']
17:33:56.780  DEBUG   [poll]    -> read  st2mot    
17:33:56.784  DEBUG   [poll]    <- read  st2mot     ret=0  data=['0x00', '0x00']
17:33:56.784  DEBUG   [poll]    -> read  st0cur    
17:33:56.789  DEBUG   [poll]    <- read  st0cur     ret=0  data=['0xff', '0x01', '0x03', '0x02']
17:33:57.790  DEBUG   [poll]    -> read  st2mot    
17:33:57.794  DEBUG   [poll]    <- read  st2mot     ret=0  data=['0x00', '0x00']
17:33:57.794  DEBUG   [poll]    -> read  st0cur    
17:33:57.798  DEBUG   [poll]    <- read  st0cur     ret=0  data=['0xff', '0x01', '0x02', '0x02']
17:33:58.800  DEBUG   [poll]    -> read  st2mot    
17:33:58.803  DEBUG   [poll]    <- read  st2mot     ret=0  data=['0x00', '0x00']
17:33:58.804  DEBUG   [poll]    -> read  st0cur    
17:33:58.808  DEBUG   [poll]    <- read  st0cur     ret=0  data=['0xff', '0x01', '0x03', '0x02']
17:33:59.809  DEBUG   [poll]    -> read  st2mot    
17:33:59.813  DEBUG   [poll]    <- read  st2mot     ret=0  data=['0x00', '0x00']
17:33:59.813  DEBUG   [poll]    -> read  st0cur    
17:33:59.817  DEBUG   [poll]    <- read  st0cur     ret=0  data=['0xff', '0x01', '0x03', '0x02']
17:34:00.819  DEBUG   [poll]    -> read  st2mot    
17:34:00.822  DEBUG   [poll]    <- read  st2mot     ret=0  data=['0x00', '0x00']
17:34:00.823  DEBUG   [poll]    -> read  st0cur    
17:34:00.827  DEBUG   [poll]    <- read  st0cur     ret=0  data=['0xff', '0x01', '0x02', '0x02']
17:34:01.828  DEBUG   [poll]    -> read  st2mot    
17:34:01.832  DEBUG   [poll]    <- read  st2mot     ret=0  data=['0x00', '0x00']
17:34:01.832  DEBUG   [poll]    -> read  st0cur    
17:34:01.837  DEBUG   [poll]    <- read  st0cur     ret=0  data=['0xff', '0x01', '0x02', '0x02']
17:34:02.838  DEBUG   [poll]    -> read  st2mot    
17:34:02.842  DEBUG   [poll]    <- read  st2mot     ret=0  data=['0x00', '0x00']
17:34:02.842  DEBUG   [poll]    -> read  st0cur    
17:34:02.846  DEBUG   [poll]    <- read  st0cur     ret=0  data=['0xff', '0x01', '0x03', '0x02']
17:34:03.848  DEBUG   [poll]    -> read  st2mot    
17:34:03.851  DEBUG   [poll]    <- read  st2mot     ret=0  data=['0x00', '0x00']
17:34:03.852  DEBUG   [poll]    -> read  st0cur    
17:34:03.856  DEBUG   [poll]    <- read  st0cur     ret=0  data=['0xff', '0x01', '0x03', '0x02']
17:34:04.857  DEBUG   [poll]    -> read  st2mot    
17:34:04.861  DEBUG   [poll]    <- read  st2mot     ret=0  data=['0x00', '0x00']
17:34:04.861  DEBUG   [poll]    -> read  st0cur    
17:34:04.866  DEBUG   [poll]    <- read  st0cur     ret=0  data=['0xff', '0x01', '0x03', '0x02']
17:34:05.867  DEBUG   [poll]    -> read  st2mot    
17:34:05.870  DEBUG   [poll]    <- read  st2mot     ret=0  data=['0x00', '0x00']
17:34:05.871  DEBUG   [poll]    -> read  st0cur    
17:34:05.875  DEBUG   [poll]    <- read  st0cur     ret=0  data=['0xff', '0x01', '0x03', '0x02']
17:34:06.877  DEBUG   [poll]    -> read  st2mot    
17:34:06.880  DEBUG   [poll]    <- read  st2mot     ret=0  data=['0x00', '0x00']
17:34:06.881  DEBUG   [poll]    -> read  st0cur    
17:34:06.885  DEBUG   [poll]    <- read  st0cur     ret=0  data=['0xff', '0x01', '0x02', '0x02']
17:34:07.886  DEBUG   [poll]    -> read  st2mot    
17:34:07.890  DEBUG   [poll]    <- read  st2mot     ret=0  data=['0x00', '0x00']
17:34:07.890  DEBUG   [poll]    -> read  st0cur    
17:34:07.894  DEBUG   [poll]    <- read  st0cur     ret=0  data=['0xff', '0x01', '0x02', '0x02']
17:34:08.896  DEBUG   [poll]    -> read  st2mot    
17:34:08.899  DEBUG   [poll]    <- read  st2mot     ret=0  data=['0x00', '0x00']
17:34:08.900  DEBUG   [poll]    -> read  st0cur    
17:34:08.904  DEBUG   [poll]    <- read  st0cur     ret=0  data=['0xff', '0x01', '0x03', '0x02']
17:34:09.905  DEBUG   [poll]    -> read  st2mot    
17:34:09.909  DEBUG   [poll]    <- read  st2mot     ret=0  data=['0x00', '0x00']
17:34:09.909  DEBUG   [poll]    -> read  st0cur    
17:34:09.913  DEBUG   [poll]    <- read  st0cur     ret=0  data=['0xff', '0x01', '0x02', '0x02']
17:34:10.915  DEBUG   [poll]    -> read  st2mot    
17:34:10.918  DEBUG   [poll]    <- read  st2mot     ret=0  data=['0x00', '0x00']
17:34:10.919  DEBUG   [poll]    -> read  st0cur    
17:34:10.923  DEBUG   [poll]    <- read  st0cur     ret=0  data=['0xff', '0x01', '0x03', '0x02']
17:34:11.924  DEBUG   [poll]    -> read  st2mot    
17:34:11.928  DEBUG   [poll]    <- read  st2mot     ret=0  data=['0x00', '0x00']
17:34:11.928  DEBUG   [poll]    -> read  st0cur    
17:34:11.933  DEBUG   [poll]    <- read  st0cur     ret=0  data=['0xff', '0x01', '0x03', '0x02']
17:34:12.934  DEBUG   [poll]    -> read  st2mot    
17:34:12.937  DEBUG   [poll]    <- read  st2mot     ret=0  data=['0x00', '0x00']
17:34:12.938  DEBUG   [poll]    -> read  st0cur    
17:34:12.942  DEBUG   [poll]    <- read  st0cur     ret=0  data=['0xff', '0x01', '0x02', '0x02']
17:34:13.944  DEBUG   [poll]    -> read  st2mot    
17:34:13.947  DEBUG   [poll]    <- read  st2mot     ret=0  data=['0x00', '0x00']
17:34:13.947  DEBUG   [poll]    -> read  st0cur    
17:34:13.952  DEBUG   [poll]    <- read  st0cur     ret=0  data=['0xff', '0x01', '0x02', '0x02']
17:34:14.953  DEBUG   [poll]    -> read  st2mot    
17:34:14.957  DEBUG   [poll]    <- read  st2mot     ret=0  data=['0x00', '0x00']
17:34:14.957  DEBUG   [poll]    -> read  st0cur    
17:34:14.961  DEBUG   [poll]    <- read  st0cur     ret=0  data=['0xff', '0x01', '0x03', '0x02']
17:34:15.963  DEBUG   [poll]    -> read  st2mot    
17:34:15.966  DEBUG   [poll]    <- read  st2mot     ret=0  data=['0x00', '0x00']
17:34:15.966  DEBUG   [poll]    -> read  st0cur    
17:34:15.971  DEBUG   [poll]    <- read  st0cur     ret=0  data=['0xff', '0x01', '0x03', '0x02']
17:34:16.972  DEBUG   [poll]    -> read  st2mot    
17:34:16.975  DEBUG   [poll]    <- read  st2mot     ret=0  data=['0x00', '0x00']
17:34:16.976  DEBUG   [poll]    -> read  st0cur    
17:34:16.980  DEBUG   [poll]    <- read  st0cur     ret=0  data=['0xff', '0x01', '0x03', '0x02']
17:34:17.982  DEBUG   [poll]    -> read  st2mot    
17:34:17.985  DEBUG   [poll]    <- read  st2mot     ret=0  data=['0x00', '0x00']
17:34:17.986  DEBUG   [poll]    -> read  st0cur    
17:34:17.990  DEBUG   [poll]    <- read  st0cur     ret=0  data=['0xff', '0x01', '0x03', '0x02']
17:34:18.991  DEBUG   [poll]    -> read  st2mot    
17:34:18.995  DEBUG   [poll]    <- read  st2mot     ret=0  data=['0x00', '0x00']
17:34:18.995  DEBUG   [poll]    -> read  st0cur    
17:34:18.999  DEBUG   [poll]    <- read  st0cur     ret=0  data=['0xff', '0x01', '0x02', '0x02']
17:34:20.001  DEBUG   [poll]    -> read  st2mot    
17:34:20.004  DEBUG   [poll]    <- read  st2mot     ret=0  data=['0x00', '0x00']
17:34:20.005  DEBUG   [poll]    -> read  st0cur    
17:34:20.009  DEBUG   [poll]    <- read  st0cur     ret=0  data=['0xfe', '0x01', '0x02', '0x02']
17:34:21.010  DEBUG   [poll]    -> read  st2mot    
17:34:21.014  DEBUG   [poll]    <- read  st2mot     ret=0  data=['0x00', '0x00']
17:34:21.014  DEBUG   [poll]    -> read  st0cur    
17:34:21.018  DEBUG   [poll]    <- read  st0cur     ret=0  data=['0xff', '0x01', '0x03', '0x02']
17:34:22.020  DEBUG   [poll]    -> read  st2mot    
17:34:22.023  DEBUG   [poll]    <- read  st2mot     ret=0  data=['0x00', '0x00']
17:34:22.024  DEBUG   [poll]    -> read  st0cur    
17:34:22.028  DEBUG   [poll]    <- read  st0cur     ret=0  data=['0xff', '0x01', '0x03', '0x02']
17:34:23.029  DEBUG   [poll]    -> read  st2mot    
17:34:23.033  DEBUG   [poll]    <- read  st2mot     ret=0  data=['0x00', '0x00']
17:34:23.033  DEBUG   [poll]    -> read  st0cur    
17:34:23.038  DEBUG   [poll]    <- read  st0cur     ret=0  data=['0xff', '0x01', '0x02', '0x02']
17:34:24.039  DEBUG   [poll]    -> read  st2mot    
17:34:24.042  DEBUG   [poll]    <- read  st2mot     ret=0  data=['0x00', '0x00']
17:34:24.043  DEBUG   [poll]    -> read  st0cur    
17:34:24.047  DEBUG   [poll]    <- read  st0cur     ret=0  data=['0xff', '0x01', '0x03', '0x02']
17:34:25.048  DEBUG   [poll]    -> read  st2mot    
17:34:25.052  DEBUG   [poll]    <- read  st2mot     ret=0  data=['0x00', '0x00']
17:34:25.052  DEBUG   [poll]    -> read  st0cur    
17:34:25.056  DEBUG   [poll]    <- read  st0cur     ret=0  data=['0xff', '0x01', '0x02', '0x02']
17:34:26.058  DEBUG   [poll]    -> read  st2mot    
17:34:26.061  DEBUG   [poll]    <- read  st2mot     ret=0  data=['0x00', '0x00']
17:34:26.062  DEBUG   [poll]    -> read  st0cur    
17:34:26.066  DEBUG   [poll]    <- read  st0cur     ret=0  data=['0xff', '0x01', '0x03', '0x02']
17:34:27.068  DEBUG   [poll]    -> read  st2mot    
17:34:27.071  DEBUG   [poll]    <- read  st2mot     ret=0  data=['0x00', '0x00']
17:34:27.072  DEBUG   [poll]    -> read  st0cur    
17:34:27.076  DEBUG   [poll]    <- read  st0cur     ret=0  data=['0xff', '0x01', '0x02', '0x02']
17:34:28.077  DEBUG   [poll]    -> read  st2mot    
17:34:28.081  DEBUG   [poll]    <- read  st2mot     ret=0  data=['0x00', '0x00']
17:34:28.081  DEBUG   [poll]    -> read  st0cur    
17:34:28.085  DEBUG   [poll]    <- read  st0cur     ret=0  data=['0xff', '0x01', '0x03', '0x02']
17:34:29.087  DEBUG   [poll]    -> read  st2mot    
17:34:29.090  DEBUG   [poll]    <- read  st2mot     ret=0  data=['0x00', '0x00']
17:34:29.091  DEBUG   [poll]    -> read  st0cur    
17:34:29.095  DEBUG   [poll]    <- read  st0cur     ret=0  data=['0xff', '0x01', '0x02', '0x02']
17:34:30.096  DEBUG   [poll]    -> read  st2mot    
17:34:30.100  DEBUG   [poll]    <- read  st2mot     ret=0  data=['0x00', '0x00']
17:34:30.100  DEBUG   [poll]    -> read  st0cur    
17:34:30.104  DEBUG   [poll]    <- read  st0cur     ret=0  data=['0xff', '0x01', '0x03', '0x02']
17:34:31.106  DEBUG   [poll]    -> read  st2mot    
17:34:31.109  DEBUG   [poll]    <- read  st2mot     ret=0  data=['0x00', '0x00']
17:34:31.109  DEBUG   [poll]    -> read  st0cur    
17:34:31.114  DEBUG   [poll]    <- read  st0cur     ret=0  data=['0xff', '0x01', '0x03', '0x02']
17:34:32.115  DEBUG   [poll]    -> read  st2mot    
17:34:32.119  DEBUG   [poll]    <- read  st2mot     ret=0  data=['0x00', '0x00']
17:34:32.119  DEBUG   [poll]    -> read  st0cur    
17:34:32.123  DEBUG   [poll]    <- read  st0cur     ret=0  data=['0xff', '0x01', '0x03', '0x02']
17:34:33.125  DEBUG   [poll]    -> read  st2mot    
17:34:33.128  DEBUG   [poll]    <- read  st2mot     ret=0  data=['0x00', '0x00']
17:34:33.129  DEBUG   [poll]    -> read  st0cur    
17:34:33.133  DEBUG   [poll]    <- read  st0cur     ret=0  data=['0xff', '0x01', '0x02', '0x02']
17:34:34.134  DEBUG   [poll]    -> read  st2mot    
17:34:34.138  DEBUG   [poll]    <- read  st2mot     ret=0  data=['0x00', '0x00']
17:34:34.138  DEBUG   [poll]    -> read  st0cur    
17:34:34.142  DEBUG   [poll]    <- read  st0cur     ret=0  data=['0xff', '0x01', '0x02', '0x02']
17:34:35.144  DEBUG   [poll]    -> read  st2mot    
17:34:35.147  DEBUG   [poll]    <- read  st2mot     ret=0  data=['0x00', '0x00']
17:34:35.148  DEBUG   [poll]    -> read  st0cur    
17:34:35.152  DEBUG   [poll]    <- read  st0cur     ret=0  data=['0xff', '0x01', '0x02', '0x02']
17:34:36.153  DEBUG   [poll]    -> read  st2mot    
17:34:36.157  DEBUG   [poll]    <- read  st2mot     ret=0  data=['0x00', '0x00']
17:34:36.157  DEBUG   [poll]    -> read  st0cur    
17:34:36.161  DEBUG   [poll]    <- read  st0cur     ret=0  data=['0xff', '0x01', '0x02', '0x02']
17:34:37.163  DEBUG   [poll]    -> read  st2mot    
17:34:37.166  DEBUG   [poll]    <- read  st2mot     ret=0  data=['0x00', '0x00']
17:34:37.167  DEBUG   [poll]    -> read  st0cur    
17:34:37.171  DEBUG   [poll]    <- read  st0cur     ret=0  data=['0xff', '0x01', '0x03', '0x02']
17:34:38.173  DEBUG   [poll]    -> read  st2mot    
17:34:38.176  DEBUG   [poll]    <- read  st2mot     ret=0  data=['0x00', '0x00']
17:34:38.176  DEBUG   [poll]    -> read  st0cur    
17:34:38.180  DEBUG   [poll]    <- read  st0cur     ret=0  data=['0xff', '0x01', '0x03', '0x02']
17:34:39.182  DEBUG   [poll]    -> read  st2mot    
17:34:39.185  DEBUG   [poll]    <- read  st2mot     ret=0  data=['0x00', '0x00']
17:34:39.186  DEBUG   [poll]    -> read  st0cur    
17:34:39.190  DEBUG   [poll]    <- read  st0cur     ret=0  data=['0xff', '0x01', '0x02', '0x02']
17:34:40.191  DEBUG   [poll]    -> read  st2mot    
17:34:40.195  DEBUG   [poll]    <- read  st2mot     ret=0  data=['0x00', '0x00']
17:34:40.195  DEBUG   [poll]    -> read  st0cur    
17:34:40.199  DEBUG   [poll]    <- read  st0cur     ret=0  data=['0xff', '0x01', '0x02', '0x02']
17:34:41.201  DEBUG   [poll]    -> read  st2mot    
17:34:41.204  DEBUG   [poll]    <- read  st2mot     ret=0  data=['0x00', '0x00']
17:34:41.205  DEBUG   [poll]    -> read  st0cur    
17:34:41.209  DEBUG   [poll]    <- read  st0cur     ret=0  data=['0xff', '0x01', '0x03', '0x02']
17:34:42.210  DEBUG   [poll]    -> read  st2mot    
17:34:42.214  DEBUG   [poll]    <- read  st2mot     ret=0  data=['0x00', '0x00']
17:34:42.214  DEBUG   [poll]    -> read  st0cur    
17:34:42.219  DEBUG   [poll]    <- read  st0cur     ret=0  data=['0xff', '0x01', '0x03', '0x02']
17:34:43.220  DEBUG   [poll]    -> read  st2mot    
17:34:43.223  DEBUG   [poll]    <- read  st2mot     ret=0  data=['0x00', '0x00']
17:34:43.224  DEBUG   [poll]    -> read  st0cur    
17:34:43.228  DEBUG   [poll]    <- read  st0cur     ret=0  data=['0xff', '0x01', '0x02', '0x02']
17:34:44.230  DEBUG   [poll]    -> read  st2mot    
17:34:44.233  DEBUG   [poll]    <- read  st2mot     ret=0  data=['0x00', '0x00']
17:34:44.233  DEBUG   [poll]    -> read  st0cur    
17:34:44.238  DEBUG   [poll]    <- read  st0cur     ret=0  data=['0xff', '0x01', '0x02', '0x02']
17:34:45.239  DEBUG   [poll]    -> read  st2mot    
17:34:45.242  DEBUG   [poll]    <- read  st2mot     ret=0  data=['0x00', '0x00']
17:34:45.243  DEBUG   [poll]    -> read  st0cur    
17:34:45.247  DEBUG   [poll]    <- read  st0cur     ret=0  data=['0xff', '0x01', '0x03', '0x02']
17:34:46.249  DEBUG   [poll]    -> read  st2mot    
17:34:46.252  DEBUG   [poll]    <- read  st2mot     ret=0  data=['0x00', '0x00']
17:34:46.252  DEBUG   [poll]    -> read  st0cur    
17:34:46.257  DEBUG   [poll]    <- read  st0cur     ret=0  data=['0xff', '0x01', '0x03', '0x02']
17:34:47.258  DEBUG   [poll]    -> read  st2mot    
17:34:47.262  DEBUG   [poll]    <- read  st2mot     ret=0  data=['0x00', '0x00']
17:34:47.262  DEBUG   [poll]    -> read  st0cur    
17:34:47.266  DEBUG   [poll]    <- read  st0cur     ret=0  data=['0xff', '0x01', '0x03', '0x02']
17:34:48.268  DEBUG   [poll]    -> read  st2mot    
17:34:48.271  DEBUG   [poll]    <- read  st2mot     ret=0  data=['0x00', '0x00']
17:34:48.271  DEBUG   [poll]    -> read  st0cur    
17:34:48.276  DEBUG   [poll]    <- read  st0cur     ret=0  data=['0xff', '0x01', '0x03', '0x02']
17:34:49.277  DEBUG   [poll]    -> read  st2mot    
17:34:49.281  DEBUG   [poll]    <- read  st2mot     ret=0  data=['0x00', '0x00']
17:34:49.281  DEBUG   [poll]    -> read  st0cur    
17:34:49.285  DEBUG   [poll]    <- read  st0cur     ret=0  data=['0xff', '0x01', '0x03', '0x02']
17:34:50.287  DEBUG   [poll]    -> read  st2mot    
17:34:50.290  DEBUG   [poll]    <- read  st2mot     ret=0  data=['0x00', '0x00']
17:34:50.290  DEBUG   [poll]    -> read  st0cur    
17:34:50.295  DEBUG   [poll]    <- read  st0cur     ret=0  data=['0xff', '0x01', '0x03', '0x02']
17:34:51.296  DEBUG   [poll]    -> read  st2mot    
17:34:51.299  DEBUG   [poll]    <- read  st2mot     ret=0  data=['0x00', '0x00']
17:34:51.300  DEBUG   [poll]    -> read  st0cur    
17:34:51.304  DEBUG   [poll]    <- read  st0cur     ret=0  data=['0xff', '0x01', '0x02', '0x02']
17:34:52.306  DEBUG   [poll]    -> read  st2mot    
17:34:52.309  DEBUG   [poll]    <- read  st2mot     ret=0  data=['0x00', '0x00']
17:34:52.309  DEBUG   [poll]    -> read  st0cur    
17:34:52.314  DEBUG   [poll]    <- read  st0cur     ret=0  data=['0xff', '0x01', '0x02', '0x02']
17:34:53.315  DEBUG   [poll]    -> read  st2mot    
17:34:53.319  DEBUG   [poll]    <- read  st2mot     ret=0  data=['0x00', '0x00']
17:34:53.319  DEBUG   [poll]    -> read  st0cur    
17:34:53.323  DEBUG   [poll]    <- read  st0cur     ret=0  data=['0xff', '0x01', '0x03', '0x02']
17:34:54.325  DEBUG   [poll]    -> read  st2mot    
17:34:54.328  DEBUG   [poll]    <- read  st2mot     ret=0  data=['0x00', '0x00']
17:34:54.329  DEBUG   [poll]    -> read  st0cur    
17:34:54.333  DEBUG   [poll]    <- read  st0cur     ret=0  data=['0xff', '0x01', '0x02', '0x02']
17:34:55.334  DEBUG   [poll]    -> read  st2mot    
17:34:55.338  DEBUG   [poll]    <- read  st2mot     ret=0  data=['0x00', '0x00']
17:34:55.338  DEBUG   [poll]    -> read  st0cur    
17:34:55.342  DEBUG   [poll]    <- read  st0cur     ret=0  data=['0xff', '0x01', '0x02', '0x02']
17:34:56.344  DEBUG   [poll]    -> read  st2mot    
17:34:56.347  DEBUG   [poll]    <- read  st2mot     ret=0  data=['0x00', '0x00']
17:34:56.348  DEBUG   [poll]    -> read  st0cur    
17:34:56.352  DEBUG   [poll]    <- read  st0cur     ret=0  data=['0xff', '0x01', '0x03', '0x02']
17:34:57.353  DEBUG   [poll]    -> read  st2mot    
17:34:57.357  DEBUG   [poll]    <- read  st2mot     ret=0  data=['0x00', '0x00']
17:34:57.357  DEBUG   [poll]    -> read  st0cur    
17:34:57.362  DEBUG   [poll]    <- read  st0cur     ret=0  data=['0xff', '0x01', '0x03', '0x02']
17:34:58.363  DEBUG   [poll]    -> read  st2mot    
17:34:58.367  DEBUG   [poll]    <- read  st2mot     ret=0  data=['0x00', '0x00']
17:34:58.367  DEBUG   [poll]    -> read  st0cur    
17:34:58.371  DEBUG   [poll]    <- read  st0cur     ret=0  data=['0xff', '0x01', '0x03', '0x02']
17:34:59.373  DEBUG   [poll]    -> read  st2mot    
17:34:59.376  DEBUG   [poll]    <- read  st2mot     ret=0  data=['0x00', '0x00']
17:34:59.377  DEBUG   [poll]    -> read  st0cur    
17:34:59.381  DEBUG   [poll]    <- read  st0cur     ret=0  data=['0xff', '0x01', '0x02', '0x02']
17:35:00.382  DEBUG   [poll]    -> read  st2mot    
17:35:00.386  DEBUG   [poll]    <- read  st2mot     ret=0  data=['0x00', '0x00']
17:35:00.386  DEBUG   [poll]    -> read  st0cur    
17:35:00.390  DEBUG   [poll]    <- read  st0cur     ret=0  data=['0xff', '0x01', '0x02', '0x02']
17:35:01.392  DEBUG   [poll]    -> read  st2mot    
17:35:01.395  DEBUG   [poll]    <- read  st2mot     ret=0  data=['0x00', '0x00']
17:35:01.396  DEBUG   [poll]    -> read  st0cur    
17:35:01.400  DEBUG   [poll]    <- read  st0cur     ret=0  data=['0xff', '0x01', '0x02', '0x02']
17:35:02.401  DEBUG   [poll]    -> read  st2mot    
17:35:02.405  DEBUG   [poll]    <- read  st2mot     ret=0  data=['0x00', '0x00']
17:35:02.405  DEBUG   [poll]    -> read  st0cur    
17:35:02.410  DEBUG   [poll]    <- read  st0cur     ret=0  data=['0xff', '0x01', '0x03', '0x02']
17:35:03.411  DEBUG   [poll]    -> read  st2mot    
17:35:03.415  DEBUG   [poll]    <- read  st2mot     ret=0  data=['0x00', '0x00']
17:35:03.415  DEBUG   [poll]    -> read  st0cur    
17:35:03.419  DEBUG   [poll]    <- read  st0cur     ret=0  data=['0xfe', '0x01', '0x03', '0x02']
17:35:04.421  DEBUG   [poll]    -> read  st2mot    
17:35:04.424  DEBUG   [poll]    <- read  st2mot     ret=0  data=['0x00', '0x00']
17:35:04.425  DEBUG   [poll]    -> read  st0cur    
17:35:04.429  DEBUG   [poll]    <- read  st0cur     ret=0  data=['0xff', '0x01', '0x03', '0x02']
17:35:05.430  DEBUG   [poll]    -> read  st2mot    
17:35:05.433  DEBUG   [poll]    <- read  st2mot     ret=0  data=['0x00', '0x00']
17:35:05.434  DEBUG   [poll]    -> read  st0cur    
17:35:05.438  DEBUG   [poll]    <- read  st0cur     ret=0  data=['0xff', '0x01', '0x03', '0x02']
17:35:06.440  DEBUG   [poll]    -> read  st2mot    
17:35:06.443  DEBUG   [poll]    <- read  st2mot     ret=0  data=['0x00', '0x00']
17:35:06.443  DEBUG   [poll]    -> read  st0cur    
17:35:06.448  DEBUG   [poll]    <- read  st0cur     ret=0  data=['0xff', '0x01', '0x03', '0x02']
17:35:07.449  DEBUG   [poll]    -> read  st2mot    
17:35:07.452  DEBUG   [poll]    <- read  st2mot     ret=0  data=['0x00', '0x00']
17:35:07.455  DEBUG   [poll]    -> read  st0cur    
17:35:07.459  DEBUG   [poll]    <- read  st0cur     ret=0  data=['0xff', '0x01', '0x02', '0x02']
17:35:08.461  DEBUG   [poll]    -> read  st2mot    
17:35:08.464  DEBUG   [poll]    <- read  st2mot     ret=0  data=['0x00', '0x00']
17:35:08.464  DEBUG   [poll]    -> read  st0cur    
17:35:08.469  DEBUG   [poll]    <- read  st0cur     ret=0  data=['0xff', '0x01', '0x03', '0x02']
17:35:09.470  DEBUG   [poll]    -> read  st2mot    
17:35:09.473  DEBUG   [poll]    <- read  st2mot     ret=0  data=['0x00', '0x00']
17:35:09.474  DEBUG   [poll]    -> read  st0cur    
17:35:09.478  DEBUG   [poll]    <- read  st0cur     ret=0  data=['0xff', '0x01', '0x02', '0x02']
17:35:10.480  DEBUG   [poll]    -> read  st2mot    
17:35:10.483  DEBUG   [poll]    <- read  st2mot     ret=0  data=['0x00', '0x00']
17:35:10.483  DEBUG   [poll]    -> read  st0cur    
17:35:10.488  DEBUG   [poll]    <- read  st0cur     ret=0  data=['0xff', '0x01', '0x03', '0x02']
17:35:11.489  DEBUG   [poll]    -> read  st2mot    
17:35:11.492  DEBUG   [poll]    <- read  st2mot     ret=0  data=['0x00', '0x00']
17:35:11.493  DEBUG   [poll]    -> read  st0cur    
17:35:11.497  DEBUG   [poll]    <- read  st0cur     ret=0  data=['0xff', '0x01', '0x02', '0x02']
17:35:12.498  DEBUG   [poll]    -> read  st2mot    
17:35:12.502  DEBUG   [poll]    <- read  st2mot     ret=0  data=['0x00', '0x00']
17:35:12.502  DEBUG   [poll]    -> read  st0cur    
17:35:12.507  DEBUG   [poll]    <- read  st0cur     ret=0  data=['0xff', '0x01', '0x02', '0x02']
17:35:13.508  DEBUG   [poll]    -> read  st2mot    
17:35:13.512  DEBUG   [poll]    <- read  st2mot     ret=0  data=['0x00', '0x00']
17:35:13.512  DEBUG   [poll]    -> read  st0cur    
17:35:13.516  DEBUG   [poll]    <- read  st0cur     ret=0  data=['0xff', '0x01', '0x03', '0x02']
17:35:14.518  DEBUG   [poll]    -> read  st2mot    
17:35:14.521  DEBUG   [poll]    <- read  st2mot     ret=0  data=['0x00', '0x00']
17:35:14.521  DEBUG   [poll]    -> read  st0cur    
17:35:14.526  DEBUG   [poll]    <- read  st0cur     ret=0  data=['0xff', '0x01', '0x02', '0x02']
17:35:15.527  DEBUG   [poll]    -> read  st2mot    
17:35:15.531  DEBUG   [poll]    <- read  st2mot     ret=0  data=['0x00', '0x00']
17:35:15.531  DEBUG   [poll]    -> read  st0cur    
17:35:15.535  DEBUG   [poll]    <- read  st0cur     ret=0  data=['0xff', '0x01', '0x03', '0x02']
17:35:16.537  DEBUG   [poll]    -> read  st2mot    
17:35:16.540  DEBUG   [poll]    <- read  st2mot     ret=0  data=['0x00', '0x00']
17:35:16.540  DEBUG   [poll]    -> read  st0cur    
17:35:16.545  DEBUG   [poll]    <- read  st0cur     ret=0  data=['0xff', '0x01', '0x02', '0x02']
17:35:17.546  DEBUG   [poll]    -> read  st2mot    
17:35:17.550  DEBUG   [poll]    <- read  st2mot     ret=0  data=['0x00', '0x00']
17:35:17.550  DEBUG   [poll]    -> read  st0cur    
17:35:17.554  DEBUG   [poll]    <- read  st0cur     ret=0  data=['0xff', '0x01', '0x02', '0x02']
17:35:18.556  DEBUG   [poll]    -> read  st2mot    
17:35:18.559  DEBUG   [poll]    <- read  st2mot     ret=0  data=['0x00', '0x00']
17:35:18.560  DEBUG   [poll]    -> read  st0cur    
17:35:18.564  DEBUG   [poll]    <- read  st0cur     ret=0  data=['0xff', '0x01', '0x03', '0x02']
17:35:19.565  DEBUG   [poll]    -> read  st2mot    
17:35:19.569  DEBUG   [poll]    <- read  st2mot     ret=0  data=['0x00', '0x00']
17:35:19.569  DEBUG   [poll]    -> read  st0cur    
17:35:19.573  DEBUG   [poll]    <- read  st0cur     ret=0  data=['0xff', '0x01', '0x03', '0x02']
17:35:20.575  DEBUG   [poll]    -> read  st2mot    
17:35:20.578  DEBUG   [poll]    <- read  st2mot     ret=0  data=['0x00', '0x00']
17:35:20.579  DEBUG   [poll]    -> read  st0cur    
17:35:20.583  DEBUG   [poll]    <- read  st0cur     ret=0  data=['0xff', '0x01', '0x03', '0x02']
17:35:21.584  DEBUG   [poll]    -> read  st2mot    
17:35:21.588  DEBUG   [poll]    <- read  st2mot     ret=0  data=['0x00', '0x00']
17:35:21.588  DEBUG   [poll]    -> read  st0cur    
17:35:21.592  DEBUG   [poll]    <- read  st0cur     ret=0  data=['0xff', '0x01', '0x03', '0x02']
17:35:22.594  DEBUG   [poll]    -> read  st2mot    
17:35:22.597  DEBUG   [poll]    <- read  st2mot     ret=0  data=['0x00', '0x00']
17:35:22.597  DEBUG   [poll]    -> read  st0cur    
17:35:22.602  DEBUG   [poll]    <- read  st0cur     ret=0  data=['0xff', '0x01', '0x03', '0x02']
17:35:23.603  DEBUG   [poll]    -> read  st2mot    
17:35:23.607  DEBUG   [poll]    <- read  st2mot     ret=0  data=['0x00', '0x00']
17:35:23.607  DEBUG   [poll]    -> read  st0cur    
17:35:23.611  DEBUG   [poll]    <- read  st0cur     ret=0  data=['0xff', '0x01', '0x03', '0x02']
17:35:24.613  DEBUG   [poll]    -> read  st2mot    
17:35:24.616  DEBUG   [poll]    <- read  st2mot     ret=0  data=['0x00', '0x00']
17:35:24.617  DEBUG   [poll]    -> read  st0cur    
17:35:24.621  DEBUG   [poll]    <- read  st0cur     ret=0  data=['0xff', '0x01', '0x03', '0x02']
17:35:25.622  DEBUG   [poll]    -> read  st2mot    
17:35:25.626  DEBUG   [poll]    <- read  st2mot     ret=0  data=['0x00', '0x00']
17:35:25.626  DEBUG   [poll]    -> read  st0cur    
17:35:25.630  DEBUG   [poll]    <- read  st0cur     ret=0  data=['0xff', '0x01', '0x03', '0x02']
17:35:26.632  DEBUG   [poll]    -> read  st2mot    
17:35:26.635  DEBUG   [poll]    <- read  st2mot     ret=0  data=['0x00', '0x00']
17:35:26.636  DEBUG   [poll]    -> read  st0cur    
17:35:26.640  DEBUG   [poll]    <- read  st0cur     ret=0  data=['0xff', '0x01', '0x03', '0x02']
17:35:27.641  DEBUG   [poll]    -> read  st2mot    
17:35:27.645  DEBUG   [poll]    <- read  st2mot     ret=0  data=['0x00', '0x00']
17:35:27.646  DEBUG   [poll]    -> read  st0cur    
17:35:27.650  DEBUG   [poll]    <- read  st0cur     ret=0  data=['0xff', '0x01', '0x02', '0x02']
17:35:28.652  DEBUG   [poll]    -> read  st2mot    
17:35:28.655  DEBUG   [poll]    <- read  st2mot     ret=0  data=['0x00', '0x00']
17:35:28.655  DEBUG   [poll]    -> read  st0cur    
17:35:28.660  DEBUG   [poll]    <- read  st0cur     ret=0  data=['0xfe', '0x01', '0x03', '0x02']
17:35:29.661  DEBUG   [poll]    -> read  st2mot    
17:35:29.664  DEBUG   [poll]    <- read  st2mot     ret=0  data=['0x00', '0x00']
17:35:29.665  DEBUG   [poll]    -> read  st0cur    
17:35:29.669  DEBUG   [poll]    <- read  st0cur     ret=0  data=['0xff', '0x01', '0x03', '0x02']
17:35:30.670  DEBUG   [poll]    -> read  st2mot    
17:35:30.674  DEBUG   [poll]    <- read  st2mot     ret=0  data=['0x00', '0x00']
17:35:30.674  DEBUG   [poll]    -> read  st0cur    
17:35:30.678  DEBUG   [poll]    <- read  st0cur     ret=0  data=['0xff', '0x01', '0x03', '0x02']
17:35:31.680  DEBUG   [poll]    -> read  st2mot    
17:35:31.683  DEBUG   [poll]    <- read  st2mot     ret=0  data=['0x00', '0x00']
17:35:31.684  DEBUG   [poll]    -> read  st0cur    
17:35:31.688  DEBUG   [poll]    <- read  st0cur     ret=0  data=['0xff', '0x01', '0x02', '0x02']
17:35:32.689  DEBUG   [poll]    -> read  st2mot    
17:35:32.693  DEBUG   [poll]    <- read  st2mot     ret=0  data=['0x00', '0x00']
17:35:32.693  DEBUG   [poll]    -> read  st0cur    
17:35:32.698  DEBUG   [poll]    <- read  st0cur     ret=0  data=['0xff', '0x01', '0x03', '0x02']
17:35:33.699  DEBUG   [poll]    -> read  st2mot    
17:35:33.703  DEBUG   [poll]    <- read  st2mot     ret=0  data=['0x00', '0x00']
17:35:33.703  DEBUG   [poll]    -> read  st0cur    
17:35:33.707  DEBUG   [poll]    <- read  st0cur     ret=0  data=['0xff', '0x01', '0x02', '0x02']
17:35:34.709  DEBUG   [poll]    -> read  st2mot    
17:35:34.712  DEBUG   [poll]    <- read  st2mot     ret=0  data=['0x00', '0x00']
17:35:34.713  DEBUG   [poll]    -> read  st0cur    
17:35:34.717  DEBUG   [poll]    <- read  st0cur     ret=0  data=['0xff', '0x01', '0x02', '0x02']
17:35:35.718  DEBUG   [poll]    -> read  st2mot    
17:35:35.722  DEBUG   [poll]    <- read  st2mot     ret=0  data=['0x00', '0x00']
17:35:35.722  DEBUG   [poll]    -> read  st0cur    
17:35:35.726  DEBUG   [poll]    <- read  st0cur     ret=0  data=['0xff', '0x01', '0x02', '0x02']
17:35:36.728  DEBUG   [poll]    -> read  st2mot    
17:35:36.731  DEBUG   [poll]    <- read  st2mot     ret=0  data=['0x00', '0x00']
17:35:36.732  DEBUG   [poll]    -> read  st0cur    
17:35:36.736  DEBUG   [poll]    <- read  st0cur     ret=0  data=['0xff', '0x01', '0x02', '0x02']
17:35:37.737  DEBUG   [poll]    -> read  st2mot    
17:35:37.741  DEBUG   [poll]    <- read  st2mot     ret=0  data=['0x00', '0x00']
17:35:37.741  DEBUG   [poll]    -> read  st0cur    
17:35:37.746  DEBUG   [poll]    <- read  st0cur     ret=0  data=['0xff', '0x01', '0x03', '0x02']
17:35:38.747  DEBUG   [poll]    -> read  st2mot    
17:35:38.750  DEBUG   [poll]    <- read  st2mot     ret=0  data=['0x00', '0x00']
17:35:38.751  DEBUG   [poll]    -> read  st0cur    
17:35:38.755  DEBUG   [poll]    <- read  st0cur     ret=0  data=['0xff', '0x01', '0x03', '0x02']
17:35:39.757  DEBUG   [poll]    -> read  st2mot    
17:35:39.760  DEBUG   [poll]    <- read  st2mot     ret=0  data=['0x00', '0x00']
17:35:39.760  DEBUG   [poll]    -> read  st0cur    
17:35:39.764  DEBUG   [poll]    <- read  st0cur     ret=0  data=['0xff', '0x01', '0x02', '0x02']
17:35:40.766  DEBUG   [poll]    -> read  st2mot    
17:35:40.769  DEBUG   [poll]    <- read  st2mot     ret=0  data=['0x00', '0x00']
17:35:40.770  DEBUG   [poll]    -> read  st0cur    
17:35:40.774  DEBUG   [poll]    <- read  st0cur     ret=0  data=['0xff', '0x01', '0x02', '0x02']
17:35:41.775  DEBUG   [poll]    -> read  st2mot    
17:35:41.779  DEBUG   [poll]    <- read  st2mot     ret=0  data=['0x00', '0x00']
17:35:41.779  DEBUG   [poll]    -> read  st0cur    
17:35:41.783  DEBUG   [poll]    <- read  st0cur     ret=0  data=['0xff', '0x01', '0x02', '0x02']
17:35:42.785  DEBUG   [poll]    -> read  st2mot    
17:35:42.788  DEBUG   [poll]    <- read  st2mot     ret=0  data=['0x00', '0x00']
17:35:42.789  DEBUG   [poll]    -> read  st0cur    
17:35:42.793  DEBUG   [poll]    <- read  st0cur     ret=0  data=['0xff', '0x01', '0x02', '0x02']
17:35:43.795  DEBUG   [poll]    -> read  st2mot    
17:35:43.798  DEBUG   [poll]    <- read  st2mot     ret=0  data=['0x00', '0x00']
17:35:43.798  DEBUG   [poll]    -> read  st0cur    
17:35:43.803  DEBUG   [poll]    <- read  st0cur     ret=0  data=['0xff', '0x01', '0x02', '0x02']
17:35:44.803  DEBUG   [poll]    -> read  st2mot    
17:35:44.807  DEBUG   [poll]    <- read  st2mot     ret=0  data=['0x00', '0x00']
17:35:44.807  DEBUG   [poll]    -> read  st0cur    
17:35:44.811  DEBUG   [poll]    <- read  st0cur     ret=0  data=['0xff', '0x01', '0x02', '0x02']
17:35:45.813  DEBUG   [poll]    -> read  st2mot    
17:35:45.816  DEBUG   [poll]    <- read  st2mot     ret=0  data=['0x00', '0x00']
17:35:45.817  DEBUG   [poll]    -> read  st0cur    
17:35:45.821  DEBUG   [poll]    <- read  st0cur     ret=0  data=['0xff', '0x01', '0x02', '0x02']
17:35:46.822  DEBUG   [poll]    -> read  st2mot    
17:35:46.826  DEBUG   [poll]    <- read  st2mot     ret=0  data=['0x00', '0x00']
17:35:46.826  DEBUG   [poll]    -> read  st0cur    
17:35:46.830  DEBUG   [poll]    <- read  st0cur     ret=0  data=['0xff', '0x01', '0x02', '0x02']
17:35:47.831  DEBUG   [poll]    -> read  st2mot    
17:35:47.835  DEBUG   [poll]    <- read  st2mot     ret=0  data=['0x00', '0x00']
17:35:47.835  DEBUG   [poll]    -> read  st0cur    
17:35:47.839  DEBUG   [poll]    <- read  st0cur     ret=0  data=['0xff', '0x01', '0x03', '0x02']
17:35:48.841  DEBUG   [poll]    -> read  st2mot    
17:35:48.844  DEBUG   [poll]    <- read  st2mot     ret=0  data=['0x00', '0x00']
17:35:48.845  DEBUG   [poll]    -> read  st0cur    
17:35:48.849  DEBUG   [poll]    <- read  st0cur     ret=0  data=['0xff', '0x01', '0x02', '0x02']
17:35:49.850  DEBUG   [poll]    -> read  st2mot    
17:35:49.854  DEBUG   [poll]    <- read  st2mot     ret=0  data=['0x00', '0x00']
17:35:49.854  DEBUG   [poll]    -> read  st0cur    
17:35:49.858  DEBUG   [poll]    <- read  st0cur     ret=0  data=['0xff', '0x01', '0x03', '0x02']
17:35:50.860  DEBUG   [poll]    -> read  st2mot    
17:35:50.863  DEBUG   [poll]    <- read  st2mot     ret=0  data=['0x00', '0x00']
17:35:50.864  DEBUG   [poll]    -> read  st0cur    
17:35:50.868  DEBUG   [poll]    <- read  st0cur     ret=0  data=['0xff', '0x01', '0x02', '0x02']
17:35:51.869  DEBUG   [poll]    -> read  st2mot    
17:35:51.873  DEBUG   [poll]    <- read  st2mot     ret=0  data=['0x00', '0x00']
17:35:51.873  DEBUG   [poll]    -> read  st0cur    
17:35:51.877  DEBUG   [poll]    <- read  st0cur     ret=0  data=['0xff', '0x01', '0x02', '0x02']
17:35:52.879  DEBUG   [poll]    -> read  st2mot    
17:35:52.882  DEBUG   [poll]    <- read  st2mot     ret=0  data=['0x00', '0x00']
17:35:52.883  DEBUG   [poll]    -> read  st0cur    
17:35:52.887  DEBUG   [poll]    <- read  st0cur     ret=0  data=['0xff', '0x01', '0x02', '0x02']
17:35:53.888  DEBUG   [poll]    -> read  st2mot    
17:35:53.892  DEBUG   [poll]    <- read  st2mot     ret=0  data=['0x00', '0x00']
17:35:53.892  DEBUG   [poll]    -> read  st0cur    
17:35:53.897  DEBUG   [poll]    <- read  st0cur     ret=0  data=['0xff', '0x01', '0x03', '0x02']
17:35:54.898  DEBUG   [poll]    -> read  st2mot    
17:35:54.902  DEBUG   [poll]    <- read  st2mot     ret=0  data=['0x00', '0x00']
17:35:54.902  DEBUG   [poll]    -> read  st0cur    
17:35:54.906  DEBUG   [poll]    <- read  st0cur     ret=0  data=['0xff', '0x01', '0x03', '0x02']
17:35:55.908  DEBUG   [poll]    -> read  st2mot    
17:35:55.911  DEBUG   [poll]    <- read  st2mot     ret=0  data=['0x00', '0x00']
17:35:55.911  DEBUG   [poll]    -> read  st0cur    
17:35:55.916  DEBUG   [poll]    <- read  st0cur     ret=0  data=['0xff', '0x01', '0x02', '0x02']
17:35:56.917  DEBUG   [poll]    -> read  st2mot    
17:35:56.920  DEBUG   [poll]    <- read  st2mot     ret=0  data=['0x00', '0x00']
17:35:56.921  DEBUG   [poll]    -> read  st0cur    
17:35:56.925  DEBUG   [poll]    <- read  st0cur     ret=0  data=['0xff', '0x01', '0x03', '0x02']
17:35:57.926  DEBUG   [poll]    -> read  st2mot    
17:35:57.930  DEBUG   [poll]    <- read  st2mot     ret=0  data=['0x00', '0x00']
17:35:57.930  DEBUG   [poll]    -> read  st0cur    
17:35:57.934  DEBUG   [poll]    <- read  st0cur     ret=0  data=['0xff', '0x01', '0x02', '0x02']
17:35:58.936  DEBUG   [poll]    -> read  st2mot    
17:35:58.939  DEBUG   [poll]    <- read  st2mot     ret=0  data=['0x00', '0x00']
17:35:58.941  DEBUG   [poll]    -> read  st0cur    
17:35:58.945  DEBUG   [poll]    <- read  st0cur     ret=0  data=['0xff', '0x01', '0x02', '0x02']
17:35:59.947  DEBUG   [poll]    -> read  st2mot    
17:35:59.950  DEBUG   [poll]    <- read  st2mot     ret=0  data=['0x00', '0x00']
17:35:59.951  DEBUG   [poll]    -> read  st0cur    
17:35:59.955  DEBUG   [poll]    <- read  st0cur     ret=0  data=['0xff', '0x01', '0x03', '0x02']
17:36:00.956  DEBUG   [poll]    -> read  st2mot    
17:36:00.960  DEBUG   [poll]    <- read  st2mot     ret=0  data=['0x00', '0x00']
17:36:00.960  DEBUG   [poll]    -> read  st0cur    
17:36:00.964  DEBUG   [poll]    <- read  st0cur     ret=0  data=['0xff', '0x01', '0x02', '0x02']
17:36:01.966  DEBUG   [poll]    -> read  st2mot    
17:36:01.969  DEBUG   [poll]    <- read  st2mot     ret=0  data=['0x00', '0x00']
17:36:01.970  DEBUG   [poll]    -> read  st0cur    
17:36:01.974  DEBUG   [poll]    <- read  st0cur     ret=0  data=['0xff', '0x01', '0x03', '0x02']
17:36:02.975  DEBUG   [poll]    -> read  st2mot    
17:36:02.979  DEBUG   [poll]    <- read  st2mot     ret=0  data=['0x00', '0x00']
17:36:02.979  DEBUG   [poll]    -> read  st0cur    
17:36:02.983  DEBUG   [poll]    <- read  st0cur     ret=0  data=['0xff', '0x01', '0x02', '0x02']
17:36:03.985  DEBUG   [poll]    -> read  st2mot    
17:36:03.988  DEBUG   [poll]    <- read  st2mot     ret=0  data=['0x00', '0x00']
17:36:03.989  DEBUG   [poll]    -> read  st0cur    
17:36:03.993  DEBUG   [poll]    <- read  st0cur     ret=0  data=['0xff', '0x01', '0x03', '0x02']
17:36:04.995  DEBUG   [poll]    -> read  st2mot    
17:36:04.998  DEBUG   [poll]    <- read  st2mot     ret=0  data=['0x00', '0x00']
17:36:04.999  DEBUG   [poll]    -> read  st0cur    
17:36:05.003  DEBUG   [poll]    <- read  st0cur     ret=0  data=['0xff', '0x01', '0x02', '0x02']
17:36:06.005  DEBUG   [poll]    -> read  st2mot    
17:36:06.008  DEBUG   [poll]    <- read  st2mot     ret=0  data=['0x00', '0x00']
17:36:06.008  DEBUG   [poll]    -> read  st0cur    
17:36:06.013  DEBUG   [poll]    <- read  st0cur     ret=0  data=['0xff', '0x01', '0x02', '0x02']
17:36:07.014  DEBUG   [poll]    -> read  st2mot    
17:36:07.017  DEBUG   [poll]    <- read  st2mot     ret=0  data=['0x00', '0x00']
17:36:07.018  DEBUG   [poll]    -> read  st0cur    
17:36:07.022  DEBUG   [poll]    <- read  st0cur     ret=0  data=['0xff', '0x01', '0x02', '0x02']
17:36:08.024  DEBUG   [poll]    -> read  st2mot    
17:36:08.027  DEBUG   [poll]    <- read  st2mot     ret=0  data=['0x00', '0x00']
17:36:08.027  DEBUG   [poll]    -> read  st0cur    
17:36:08.031  DEBUG   [poll]    <- read  st0cur     ret=0  data=['0xff', '0x01', '0x02', '0x02']
17:36:09.033  DEBUG   [poll]    -> read  st2mot    
17:36:09.036  DEBUG   [poll]    <- read  st2mot     ret=0  data=['0x00', '0x00']
17:36:09.037  DEBUG   [poll]    -> read  st0cur    
17:36:09.041  DEBUG   [poll]    <- read  st0cur     ret=0  data=['0xff', '0x01', '0x02', '0x02']
17:36:10.043  DEBUG   [poll]    -> read  st2mot    
17:36:10.046  DEBUG   [poll]    <- read  st2mot     ret=0  data=['0x00', '0x00']
17:36:10.047  DEBUG   [poll]    -> read  st0cur    
17:36:10.051  DEBUG   [poll]    <- read  st0cur     ret=0  data=['0xff', '0x01', '0x03', '0x02']
17:36:11.052  DEBUG   [poll]    -> read  st2mot    
17:36:11.056  DEBUG   [poll]    <- read  st2mot     ret=0  data=['0x00', '0x00']
17:36:11.056  DEBUG   [poll]    -> read  st0cur    
17:36:11.060  DEBUG   [poll]    <- read  st0cur     ret=0  data=['0xff', '0x01', '0x02', '0x02']
17:36:12.062  DEBUG   [poll]    -> read  st2mot    
17:36:12.065  DEBUG   [poll]    <- read  st2mot     ret=0  data=['0x00', '0x00']
17:36:12.066  DEBUG   [poll]    -> read  st0cur    
17:36:12.070  DEBUG   [poll]    <- read  st0cur     ret=0  data=['0xff', '0x01', '0x03', '0x02']
17:36:13.071  DEBUG   [poll]    -> read  st2mot    
17:36:13.075  DEBUG   [poll]    <- read  st2mot     ret=0  data=['0x00', '0x00']
17:36:13.075  DEBUG   [poll]    -> read  st0cur    
17:36:13.079  DEBUG   [poll]    <- read  st0cur     ret=0  data=['0xff', '0x01', '0x02', '0x02']
17:36:14.081  DEBUG   [poll]    -> read  st2mot    
17:36:14.084  DEBUG   [poll]    <- read  st2mot     ret=0  data=['0x00', '0x00']
17:36:14.085  DEBUG   [poll]    -> read  st0cur    
17:36:14.089  DEBUG   [poll]    <- read  st0cur     ret=0  data=['0xff', '0x01', '0x02', '0x02']
17:36:15.090  DEBUG   [poll]    -> read  st2mot    
17:36:15.094  DEBUG   [poll]    <- read  st2mot     ret=0  data=['0x00', '0x00']
17:36:15.094  DEBUG   [poll]    -> read  st0cur    
17:36:15.098  DEBUG   [poll]    <- read  st0cur     ret=0  data=['0xff', '0x01', '0x03', '0x02']
17:36:16.100  DEBUG   [poll]    -> read  st2mot    
17:36:16.103  DEBUG   [poll]    <- read  st2mot     ret=0  data=['0x00', '0x00']
17:36:16.104  DEBUG   [poll]    -> read  st0cur    
17:36:16.108  DEBUG   [poll]    <- read  st0cur     ret=0  data=['0xff', '0x01', '0x02', '0x02']
17:36:17.109  DEBUG   [poll]    -> read  st2mot    
17:36:17.113  DEBUG   [poll]    <- read  st2mot     ret=0  data=['0x00', '0x00']
17:36:17.113  DEBUG   [poll]    -> read  st0cur    
17:36:17.117  DEBUG   [poll]    <- read  st0cur     ret=0  data=['0xff', '0x01', '0x02', '0x02']
17:36:18.119  DEBUG   [poll]    -> read  st2mot    
17:36:18.122  DEBUG   [poll]    <- read  st2mot     ret=0  data=['0x00', '0x00']
17:36:18.123  DEBUG   [poll]    -> read  st0cur    
17:36:18.127  DEBUG   [poll]    <- read  st0cur     ret=0  data=['0xff', '0x01', '0x02', '0x02']
17:36:19.128  DEBUG   [poll]    -> read  st2mot    
17:36:19.132  DEBUG   [poll]    <- read  st2mot     ret=0  data=['0x00', '0x00']
17:36:19.132  DEBUG   [poll]    -> read  st0cur    
17:36:19.136  DEBUG   [poll]    <- read  st0cur     ret=0  data=['0xff', '0x01', '0x02', '0x02']
17:36:20.138  DEBUG   [poll]    -> read  st2mot    
17:36:20.141  DEBUG   [poll]    <- read  st2mot     ret=0  data=['0x00', '0x00']
17:36:20.142  DEBUG   [poll]    -> read  st0cur    
17:36:20.146  DEBUG   [poll]    <- read  st0cur     ret=0  data=['0xff', '0x01', '0x03', '0x02']
17:36:21.147  DEBUG   [poll]    -> read  st2mot    
17:36:21.151  DEBUG   [poll]    <- read  st2mot     ret=0  data=['0x00', '0x00']
17:36:21.151  DEBUG   [poll]    -> read  st0cur    
17:36:21.155  DEBUG   [poll]    <- read  st0cur     ret=0  data=['0xff', '0x01', '0x03', '0x02']
17:36:22.157  DEBUG   [poll]    -> read  st2mot    
17:36:22.160  DEBUG   [poll]    <- read  st2mot     ret=0  data=['0x00', '0x00']
17:36:22.161  DEBUG   [poll]    -> read  st0cur    
17:36:22.165  DEBUG   [poll]    <- read  st0cur     ret=0  data=['0xff', '0x01', '0x02', '0x02']
17:36:23.166  DEBUG   [poll]    -> read  st2mot    
17:36:23.170  DEBUG   [poll]    <- read  st2mot     ret=0  data=['0x00', '0x00']
17:36:23.170  DEBUG   [poll]    -> read  st0cur    
17:36:23.174  DEBUG   [poll]    <- read  st0cur     ret=0  data=['0xff', '0x01', '0x03', '0x02']
17:36:24.176  DEBUG   [poll]    -> read  st2mot    
17:36:24.179  DEBUG   [poll]    <- read  st2mot     ret=0  data=['0x00', '0x00']
17:36:24.180  DEBUG   [poll]    -> read  st0cur    
17:36:24.184  DEBUG   [poll]    <- read  st0cur     ret=0  data=['0xff', '0x01', '0x02', '0x02']
17:36:25.186  DEBUG   [poll]    -> read  st2mot    
17:36:25.189  DEBUG   [poll]    <- read  st2mot     ret=0  data=['0x00', '0x00']
17:36:25.189  DEBUG   [poll]    -> read  st0cur    
17:36:25.194  DEBUG   [poll]    <- read  st0cur     ret=0  data=['0xff', '0x01', '0x02', '0x02']
17:36:26.195  DEBUG   [poll]    -> read  st2mot    
17:36:26.198  DEBUG   [poll]    <- read  st2mot     ret=0  data=['0x00', '0x00']
17:36:26.199  DEBUG   [poll]    -> read  st0cur    
17:36:26.203  DEBUG   [poll]    <- read  st0cur     ret=0  data=['0xff', '0x01', '0x02', '0x02']
17:36:27.205  DEBUG   [poll]    -> read  st2mot    
17:36:27.208  DEBUG   [poll]    <- read  st2mot     ret=0  data=['0x00', '0x00']
17:36:27.208  DEBUG   [poll]    -> read  st0cur    
17:36:27.213  DEBUG   [poll]    <- read  st0cur     ret=0  data=['0xff', '0x01', '0x02', '0x02']
17:36:28.214  DEBUG   [poll]    -> read  st2mot    
17:36:28.217  DEBUG   [poll]    <- read  st2mot     ret=0  data=['0x00', '0x00']
17:36:28.218  DEBUG   [poll]    -> read  st0cur    
17:36:28.222  DEBUG   [poll]    <- read  st0cur     ret=0  data=['0xff', '0x01', '0x02', '0x02']
17:36:29.224  DEBUG   [poll]    -> read  st2mot    
17:36:29.227  DEBUG   [poll]    <- read  st2mot     ret=0  data=['0x00', '0x00']
17:36:29.229  DEBUG   [poll]    -> read  st0cur    
17:36:29.233  DEBUG   [poll]    <- read  st0cur     ret=0  data=['0xff', '0x01', '0x02', '0x02']
17:36:30.235  DEBUG   [poll]    -> read  st2mot    
17:36:30.238  DEBUG   [poll]    <- read  st2mot     ret=0  data=['0x00', '0x00']
17:36:30.239  DEBUG   [poll]    -> read  st0cur    
17:36:30.243  DEBUG   [poll]    <- read  st0cur     ret=0  data=['0xff', '0x01', '0x02', '0x02']
17:36:31.244  DEBUG   [poll]    -> read  st2mot    
17:36:31.248  DEBUG   [poll]    <- read  st2mot     ret=0  data=['0x00', '0x00']
17:36:31.248  DEBUG   [poll]    -> read  st0cur    
17:36:31.252  DEBUG   [poll]    <- read  st0cur     ret=0  data=['0xff', '0x01', '0x02', '0x02']
17:36:32.254  DEBUG   [poll]    -> read  st2mot    
17:36:32.257  DEBUG   [poll]    <- read  st2mot     ret=0  data=['0x00', '0x00']
17:36:32.258  DEBUG   [poll]    -> read  st0cur    
17:36:32.262  DEBUG   [poll]    <- read  st0cur     ret=0  data=['0xff', '0x01', '0x02', '0x02']
17:36:33.263  DEBUG   [poll]    -> read  st2mot    
17:36:33.267  DEBUG   [poll]    <- read  st2mot     ret=0  data=['0x00', '0x00']
17:36:33.267  DEBUG   [poll]    -> read  st0cur    
17:36:33.271  DEBUG   [poll]    <- read  st0cur     ret=0  data=['0xff', '0x01', '0x03', '0x02']
17:36:34.273  DEBUG   [poll]    -> read  st2mot    
17:36:34.276  DEBUG   [poll]    <- read  st2mot     ret=0  data=['0x00', '0x00']
17:36:34.277  DEBUG   [poll]    -> read  st0cur    
17:36:34.281  DEBUG   [poll]    <- read  st0cur     ret=0  data=['0xff', '0x01', '0x02', '0x02']
17:36:35.283  DEBUG   [poll]    -> read  st2mot    
17:36:35.286  DEBUG   [poll]    <- read  st2mot     ret=0  data=['0x00', '0x00']
17:36:35.286  DEBUG   [poll]    -> read  st0cur    
17:36:35.291  DEBUG   [poll]    <- read  st0cur     ret=0  data=['0xff', '0x01', '0x02', '0x02']
17:36:36.292  DEBUG   [poll]    -> read  st2mot    
17:36:36.295  DEBUG   [poll]    <- read  st2mot     ret=0  data=['0x00', '0x00']
17:36:36.296  DEBUG   [poll]    -> read  st0cur    
17:36:36.300  DEBUG   [poll]    <- read  st0cur     ret=0  data=['0xff', '0x01', '0x03', '0x02']
17:36:37.302  DEBUG   [poll]    -> read  st2mot    
17:36:37.305  DEBUG   [poll]    <- read  st2mot     ret=0  data=['0x00', '0x00']
17:36:37.305  DEBUG   [poll]    -> read  st0cur    
17:36:37.310  DEBUG   [poll]    <- read  st0cur     ret=0  data=['0xff', '0x01', '0x02', '0x02']
17:36:38.311  DEBUG   [poll]    -> read  st2mot    
17:36:38.314  DEBUG   [poll]    <- read  st2mot     ret=0  data=['0x00', '0x00']
17:36:38.315  DEBUG   [poll]    -> read  st0cur    
17:36:38.319  DEBUG   [poll]    <- read  st0cur     ret=0  data=['0xff', '0x01', '0x02', '0x02']
17:36:39.320  DEBUG   [poll]    -> read  st2mot    
17:36:39.324  DEBUG   [poll]    <- read  st2mot     ret=0  data=['0x00', '0x00']
17:36:39.324  DEBUG   [poll]    -> read  st0cur    
17:36:39.329  DEBUG   [poll]    <- read  st0cur     ret=0  data=['0xff', '0x01', '0x02', '0x02']
17:36:40.330  DEBUG   [poll]    -> read  st2mot    
17:36:40.334  DEBUG   [poll]    <- read  st2mot     ret=0  data=['0x00', '0x00']
17:36:40.334  DEBUG   [poll]    -> read  st0cur    
17:36:40.338  DEBUG   [poll]    <- read  st0cur     ret=0  data=['0xff', '0x01', '0x02', '0x02']
17:36:41.340  DEBUG   [poll]    -> read  st2mot    
17:36:41.343  DEBUG   [poll]    <- read  st2mot     ret=0  data=['0x00', '0x00']
17:36:41.343  DEBUG   [poll]    -> read  st0cur    
17:36:41.348  DEBUG   [poll]    <- read  st0cur     ret=0  data=['0xff', '0x01', '0x02', '0x02']
17:36:42.349  DEBUG   [poll]    -> read  st2mot    
17:36:42.352  DEBUG   [poll]    <- read  st2mot     ret=0  data=['0x00', '0x00']
17:36:42.353  DEBUG   [poll]    -> read  st0cur    
17:36:42.357  DEBUG   [poll]    <- read  st0cur     ret=0  data=['0xff', '0x01', '0x02', '0x02']
17:36:43.359  DEBUG   [poll]    -> read  st2mot    
17:36:43.362  DEBUG   [poll]    <- read  st2mot     ret=0  data=['0x00', '0x00']
17:36:43.362  DEBUG   [poll]    -> read  st0cur    
17:36:43.367  DEBUG   [poll]    <- read  st0cur     ret=0  data=['0xff', '0x01', '0x02', '0x02']
17:36:44.368  DEBUG   [poll]    -> read  st2mot    
17:36:44.372  DEBUG   [poll]    <- read  st2mot     ret=0  data=['0x00', '0x00']
17:36:44.372  DEBUG   [poll]    -> read  st0cur    
17:36:44.376  DEBUG   [poll]    <- read  st0cur     ret=0  data=['0xff', '0x01', '0x02', '0x02']
17:36:45.378  DEBUG   [poll]    -> read  st2mot    
17:36:45.381  DEBUG   [poll]    <- read  st2mot     ret=0  data=['0x00', '0x00']
17:36:45.382  DEBUG   [poll]    -> read  st0cur    
17:36:45.386  DEBUG   [poll]    <- read  st0cur     ret=0  data=['0xff', '0x01', '0x02', '0x02']
17:36:46.387  DEBUG   [poll]    -> read  st2mot    
17:36:46.391  DEBUG   [poll]    <- read  st2mot     ret=0  data=['0x00', '0x00']
17:36:46.391  DEBUG   [poll]    -> read  st0cur    
17:36:46.395  DEBUG   [poll]    <- read  st0cur     ret=0  data=['0xff', '0x01', '0x02', '0x02']
17:36:47.397  DEBUG   [poll]    -> read  st2mot    
17:36:47.400  DEBUG   [poll]    <- read  st2mot     ret=0  data=['0x00', '0x00']
17:36:47.401  DEBUG   [poll]    -> read  st0cur    
17:36:47.405  DEBUG   [poll]    <- read  st0cur     ret=0  data=['0xff', '0x01', '0x02', '0x02']
17:36:48.406  DEBUG   [poll]    -> read  st2mot    
17:36:48.410  DEBUG   [poll]    <- read  st2mot     ret=0  data=['0x00', '0x00']
17:36:48.410  DEBUG   [poll]    -> read  st0cur    
17:36:48.414  DEBUG   [poll]    <- read  st0cur     ret=0  data=['0xff', '0x01', '0x03', '0x02']
17:36:49.416  DEBUG   [poll]    -> read  st2mot    
17:36:49.419  DEBUG   [poll]    <- read  st2mot     ret=0  data=['0x00', '0x00']
17:36:49.420  DEBUG   [poll]    -> read  st0cur    
17:36:49.424  DEBUG   [poll]    <- read  st0cur     ret=0  data=['0xff', '0x01', '0x03', '0x02']
17:36:50.425  DEBUG   [poll]    -> read  st2mot    
17:36:50.429  DEBUG   [poll]    <- read  st2mot     ret=0  data=['0x00', '0x00']
17:36:50.429  DEBUG   [poll]    -> read  st0cur    
17:36:50.433  DEBUG   [poll]    <- read  st0cur     ret=0  data=['0xff', '0x01', '0x02', '0x02']
17:36:51.435  DEBUG   [poll]    -> read  st2mot    
17:36:51.438  DEBUG   [poll]    <- read  st2mot     ret=0  data=['0x00', '0x00']
17:36:51.439  DEBUG   [poll]    -> read  st0cur    
17:36:51.443  DEBUG   [poll]    <- read  st0cur     ret=0  data=['0xff', '0x01', '0x02', '0x02']
17:36:52.444  DEBUG   [poll]    -> read  st2mot    
17:36:52.448  DEBUG   [poll]    <- read  st2mot     ret=0  data=['0x00', '0x00']
17:36:52.448  DEBUG   [poll]    -> read  st0cur    
17:36:52.452  DEBUG   [poll]    <- read  st0cur     ret=0  data=['0xff', '0x01', '0x02', '0x02']
17:36:53.454  DEBUG   [poll]    -> read  st2mot    
17:36:53.457  DEBUG   [poll]    <- read  st2mot     ret=0  data=['0x00', '0x00']
17:36:53.457  DEBUG   [poll]    -> read  st0cur    
17:36:53.462  DEBUG   [poll]    <- read  st0cur     ret=0  data=['0xff', '0x01', '0x02', '0x02']
17:36:54.463  DEBUG   [poll]    -> read  st2mot    
17:36:54.467  DEBUG   [poll]    <- read  st2mot     ret=0  data=['0x00', '0x00']
17:36:54.467  DEBUG   [poll]    -> read  st0cur    
17:36:54.472  DEBUG   [poll]    <- read  st0cur     ret=0  data=['0xff', '0x01', '0x02', '0x02']
17:36:55.473  DEBUG   [poll]    -> read  st2mot    
17:36:55.476  DEBUG   [poll]    <- read  st2mot     ret=0  data=['0x00', '0x00']
17:36:55.477  DEBUG   [poll]    -> read  st0cur    
17:36:55.481  DEBUG   [poll]    <- read  st0cur     ret=0  data=['0xff', '0x01', '0x03', '0x02']
17:36:56.483  DEBUG   [poll]    -> read  st2mot    
17:36:56.486  DEBUG   [poll]    <- read  st2mot     ret=0  data=['0x00', '0x00']
17:36:56.486  DEBUG   [poll]    -> read  st0cur    
17:36:56.491  DEBUG   [poll]    <- read  st0cur     ret=0  data=['0xff', '0x01', '0x02', '0x02']
17:36:57.492  DEBUG   [poll]    -> read  st2mot    
17:36:57.495  DEBUG   [poll]    <- read  st2mot     ret=0  data=['0x00', '0x00']
17:36:57.496  DEBUG   [poll]    -> read  st0cur    
17:36:57.500  DEBUG   [poll]    <- read  st0cur     ret=0  data=['0xff', '0x01', '0x02', '0x02']
17:36:58.502  DEBUG   [poll]    -> read  st2mot    
17:36:58.505  DEBUG   [poll]    <- read  st2mot     ret=0  data=['0x00', '0x00']
17:36:58.505  DEBUG   [poll]    -> read  st0cur    
17:36:58.509  DEBUG   [poll]    <- read  st0cur     ret=0  data=['0xff', '0x01', '0x02', '0x02']
17:36:59.511  DEBUG   [poll]    -> read  st2mot    
17:36:59.514  DEBUG   [poll]    <- read  st2mot     ret=0  data=['0x00', '0x00']
17:36:59.515  DEBUG   [poll]    -> read  st0cur    
17:36:59.519  DEBUG   [poll]    <- read  st0cur     ret=0  data=['0xff', '0x01', '0x02', '0x02']
17:37:00.521  DEBUG   [poll]    -> read  st2mot    
17:37:00.524  DEBUG   [poll]    <- read  st2mot     ret=0  data=['0x00', '0x00']
17:37:00.525  DEBUG   [poll]    -> read  st0cur    
17:37:00.529  DEBUG   [poll]    <- read  st0cur     ret=0  data=['0xff', '0x01', '0x03', '0x02']
17:37:01.530  DEBUG   [poll]    -> read  st2mot    
17:37:01.534  DEBUG   [poll]    <- read  st2mot     ret=0  data=['0x00', '0x00']
17:37:01.534  DEBUG   [poll]    -> read  st0cur    
17:37:01.539  DEBUG   [poll]    <- read  st0cur     ret=0  data=['0xff', '0x01', '0x02', '0x02']
17:37:02.540  DEBUG   [poll]    -> read  st2mot    
17:37:02.544  DEBUG   [poll]    <- read  st2mot     ret=0  data=['0x00', '0x00']
17:37:02.544  DEBUG   [poll]    -> read  st0cur    
17:37:02.548  DEBUG   [poll]    <- read  st0cur     ret=0  data=['0xff', '0x01', '0x03', '0x02']
17:37:03.550  DEBUG   [poll]    -> read  st2mot    
17:37:03.553  DEBUG   [poll]    <- read  st2mot     ret=0  data=['0x00', '0x00']
17:37:03.554  DEBUG   [poll]    -> read  st0cur    
17:37:03.558  DEBUG   [poll]    <- read  st0cur     ret=0  data=['0xff', '0x01', '0x02', '0x02']
17:37:04.560  DEBUG   [poll]    -> read  st2mot    
17:37:04.563  DEBUG   [poll]    <- read  st2mot     ret=0  data=['0x00', '0x00']
17:37:04.564  DEBUG   [poll]    -> read  st0cur    
17:37:04.568  DEBUG   [poll]    <- read  st0cur     ret=0  data=['0xff', '0x01', '0x03', '0x02']
17:37:05.570  DEBUG   [poll]    -> read  st2mot    
17:37:05.573  DEBUG   [poll]    <- read  st2mot     ret=0  data=['0x00', '0x00']
17:37:05.573  DEBUG   [poll]    -> read  st0cur    
17:37:05.578  DEBUG   [poll]    <- read  st0cur     ret=0  data=['0xff', '0x01', '0x03', '0x02']
17:37:06.579  DEBUG   [poll]    -> read  st2mot    
17:37:06.583  DEBUG   [poll]    <- read  st2mot     ret=0  data=['0x00', '0x00']
17:37:06.583  DEBUG   [poll]    -> read  st0cur    
17:37:06.587  DEBUG   [poll]    <- read  st0cur     ret=0  data=['0xff', '0x01', '0x02', '0x02']
17:37:07.589  DEBUG   [poll]    -> read  st2mot    
17:37:07.592  DEBUG   [poll]    <- read  st2mot     ret=0  data=['0x00', '0x00']
17:37:07.593  DEBUG   [poll]    -> read  st0cur    
17:37:07.597  DEBUG   [poll]    <- read  st0cur     ret=0  data=['0xff', '0x01', '0x02', '0x02']
17:37:08.598  DEBUG   [poll]    -> read  st2mot    
17:37:08.602  DEBUG   [poll]    <- read  st2mot     ret=0  data=['0x00', '0x00']
17:37:08.602  DEBUG   [poll]    -> read  st0cur    
17:37:08.606  DEBUG   [poll]    <- read  st0cur     ret=0  data=['0xff', '0x01', '0x02', '0x02']
17:37:09.608  DEBUG   [poll]    -> read  st2mot    
17:37:09.611  DEBUG   [poll]    <- read  st2mot     ret=0  data=['0x00', '0x00']
17:37:09.612  DEBUG   [poll]    -> read  st0cur    
17:37:09.616  DEBUG   [poll]    <- read  st0cur     ret=0  data=['0xff', '0x01', '0x02', '0x02']
17:37:10.618  DEBUG   [poll]    -> read  st2mot    
17:37:10.621  DEBUG   [poll]    <- read  st2mot     ret=0  data=['0x00', '0x00']
17:37:10.621  DEBUG   [poll]    -> read  st0cur    
17:37:10.625  DEBUG   [poll]    <- read  st0cur     ret=0  data=['0xff', '0x01', '0x02', '0x02']
17:37:11.627  DEBUG   [poll]    -> read  st2mot    
17:37:11.630  DEBUG   [poll]    <- read  st2mot     ret=0  data=['0x00', '0x00']
17:37:11.631  DEBUG   [poll]    -> read  st0cur    
17:37:11.635  DEBUG   [poll]    <- read  st0cur     ret=0  data=['0xff', '0x01', '0x02', '0x02']
17:37:12.636  DEBUG   [poll]    -> read  st2mot    
17:37:12.640  DEBUG   [poll]    <- read  st2mot     ret=0  data=['0x00', '0x00']
17:37:12.640  DEBUG   [poll]    -> read  st0cur    
17:37:12.644  DEBUG   [poll]    <- read  st0cur     ret=0  data=['0xff', '0x01', '0x03', '0x02']
17:37:13.646  DEBUG   [poll]    -> read  st2mot    
17:37:13.649  DEBUG   [poll]    <- read  st2mot     ret=0  data=['0x00', '0x00']
17:37:13.650  DEBUG   [poll]    -> read  st0cur    
17:37:13.654  DEBUG   [poll]    <- read  st0cur     ret=0  data=['0xff', '0x01', '0x02', '0x02']
17:37:14.655  DEBUG   [poll]    -> read  st2mot    
17:37:14.659  DEBUG   [poll]    <- read  st2mot     ret=0  data=['0x00', '0x00']
17:37:14.659  DEBUG   [poll]    -> read  st0cur    
17:37:14.664  DEBUG   [poll]    <- read  st0cur     ret=0  data=['0xff', '0x01', '0x02', '0x02']
17:37:15.665  DEBUG   [poll]    -> read  st2mot    
17:37:15.669  DEBUG   [poll]    <- read  st2mot     ret=0  data=['0x00', '0x00']
17:37:15.669  DEBUG   [poll]    -> read  st0cur    
17:37:15.673  DEBUG   [poll]    <- read  st0cur     ret=0  data=['0xff', '0x01', '0x02', '0x02']
17:37:16.675  DEBUG   [poll]    -> read  st2mot    
17:37:16.678  DEBUG   [poll]    <- read  st2mot     ret=0  data=['0x00', '0x00']
17:37:16.679  DEBUG   [poll]    -> read  st0cur    
17:37:16.683  DEBUG   [poll]    <- read  st0cur     ret=0  data=['0xff', '0x01', '0x02', '0x02']
17:37:17.684  DEBUG   [poll]    -> read  st2mot    
17:37:17.688  DEBUG   [poll]    <- read  st2mot     ret=0  data=['0x00', '0x00']
17:37:17.688  DEBUG   [poll]    -> read  st0cur    
17:37:17.692  DEBUG   [poll]    <- read  st0cur     ret=0  data=['0xff', '0x01', '0x02', '0x02']
17:37:18.694  DEBUG   [poll]    -> read  st2mot    
17:37:18.697  DEBUG   [poll]    <- read  st2mot     ret=0  data=['0x00', '0x00']
17:37:18.697  DEBUG   [poll]    -> read  st0cur    
17:37:18.702  DEBUG   [poll]    <- read  st0cur     ret=0  data=['0xff', '0x01', '0x02', '0x02']
17:37:19.703  DEBUG   [poll]    -> read  st2mot    
17:37:19.707  DEBUG   [poll]    <- read  st2mot     ret=0  data=['0x00', '0x00']
17:37:19.707  DEBUG   [poll]    -> read  st0cur    
17:37:19.711  DEBUG   [poll]    <- read  st0cur     ret=0  data=['0xff', '0x01', '0x02', '0x02']
17:37:20.713  DEBUG   [poll]    -> read  st2mot    
17:37:20.716  DEBUG   [poll]    <- read  st2mot     ret=0  data=['0x00', '0x00']
17:37:20.717  DEBUG   [poll]    -> read  st0cur    
17:37:20.721  DEBUG   [poll]    <- read  st0cur     ret=0  data=['0xff', '0x01', '0x02', '0x02']
17:37:21.722  DEBUG   [poll]    -> read  st2mot    
17:37:21.726  DEBUG   [poll]    <- read  st2mot     ret=0  data=['0x00', '0x00']
17:37:21.726  DEBUG   [poll]    -> read  st0cur    
17:37:21.730  DEBUG   [poll]    <- read  st0cur     ret=0  data=['0xff', '0x01', '0x02', '0x02']
17:37:22.732  DEBUG   [poll]    -> read  st2mot    
17:37:22.735  DEBUG   [poll]    <- read  st2mot     ret=0  data=['0x00', '0x00']
17:37:22.736  DEBUG   [poll]    -> read  st0cur    
17:37:22.740  DEBUG   [poll]    <- read  st0cur     ret=0  data=['0xff', '0x01', '0x02', '0x02']
17:37:23.741  DEBUG   [poll]    -> read  st2mot    
17:37:23.745  DEBUG   [poll]    <- read  st2mot     ret=0  data=['0x00', '0x00']
17:37:23.745  DEBUG   [poll]    -> read  st0cur    
17:37:23.749  DEBUG   [poll]    <- read  st0cur     ret=0  data=['0xff', '0x01', '0x02', '0x02']
17:37:24.751  DEBUG   [poll]    -> read  st2mot    
17:37:24.754  DEBUG   [poll]    <- read  st2mot     ret=0  data=['0x00', '0x00']
17:37:24.755  DEBUG   [poll]    -> read  st0cur    
17:37:24.759  DEBUG   [poll]    <- read  st0cur     ret=0  data=['0xff', '0x01', '0x02', '0x02']
17:37:25.761  DEBUG   [poll]    -> read  st2mot    
17:37:25.764  DEBUG   [poll]    <- read  st2mot     ret=0  data=['0x00', '0x00']
17:37:25.764  DEBUG   [poll]    -> read  st0cur    
17:37:25.768  DEBUG   [poll]    <- read  st0cur     ret=0  data=['0xff', '0x01', '0x02', '0x02']
17:37:26.770  DEBUG   [poll]    -> read  st2mot    
17:37:26.773  DEBUG   [poll]    <- read  st2mot     ret=0  data=['0x00', '0x00']
17:37:26.774  DEBUG   [poll]    -> read  st0cur    
17:37:26.778  DEBUG   [poll]    <- read  st0cur     ret=0  data=['0xff', '0x01', '0x02', '0x02']
17:37:27.780  DEBUG   [poll]    -> read  st2mot    
17:37:27.783  DEBUG   [poll]    <- read  st2mot     ret=0  data=['0x00', '0x00']
17:37:27.783  DEBUG   [poll]    -> read  st0cur    
17:37:27.788  DEBUG   [poll]    <- read  st0cur     ret=0  data=['0xff', '0x01', '0x02', '0x02']
17:37:28.789  DEBUG   [poll]    -> read  st2mot    
17:37:28.793  DEBUG   [poll]    <- read  st2mot     ret=0  data=['0x00', '0x00']
17:37:28.793  DEBUG   [poll]    -> read  st0cur    
17:37:28.798  DEBUG   [poll]    <- read  st0cur     ret=0  data=['0xff', '0x01', '0x02', '0x02']
17:37:29.800  DEBUG   [poll]    -> read  st2mot    
17:37:29.803  DEBUG   [poll]    <- read  st2mot     ret=0  data=['0x00', '0x00']
17:37:29.804  DEBUG   [poll]    -> read  st0cur    
17:37:29.808  DEBUG   [poll]    <- read  st0cur     ret=0  data=['0xff', '0x01', '0x02', '0x02']
17:37:30.810  DEBUG   [poll]    -> read  st2mot    
17:37:30.813  DEBUG   [poll]    <- read  st2mot     ret=0  data=['0x00', '0x00']
17:37:30.814  DEBUG   [poll]    -> read  st0cur    
17:37:30.818  DEBUG   [poll]    <- read  st0cur     ret=0  data=['0xff', '0x01', '0x02', '0x02']
17:37:31.820  DEBUG   [poll]    -> read  st2mot    
17:37:31.823  DEBUG   [poll]    <- read  st2mot     ret=0  data=['0x00', '0x00']
17:37:31.823  DEBUG   [poll]    -> read  st0cur    
17:37:31.828  DEBUG   [poll]    <- read  st0cur     ret=0  data=['0xff', '0x01', '0x03', '0x02']
17:37:31.874  DEBUG   [client]  -> read  st0mot    
17:37:31.878  DEBUG   [client]  <- read  st0mot     ret=0  data=['0x01', '0x01', '0x00']
17:37:32.829  DEBUG   [poll]    -> read  st2mot    
17:37:32.833  DEBUG   [poll]    <- read  st2mot     ret=0  data=['0x00', '0x00']
17:37:32.833  DEBUG   [poll]    -> read  st0cur    
17:37:32.837  DEBUG   [poll]    <- read  st0cur     ret=0  data=['0xff', '0x01', '0x03', '0x02']
17:37:33.839  DEBUG   [poll]    -> read  st2mot    
17:37:33.842  DEBUG   [poll]    <- read  st2mot     ret=0  data=['0x00', '0x00']
17:37:33.843  DEBUG   [poll]    -> read  st0cur    
17:37:33.847  DEBUG   [poll]    <- read  st0cur     ret=0  data=['0xff', '0x01', '0x02', '0x02']
17:37:34.848  DEBUG   [poll]    -> read  st2mot    
17:37:34.852  DEBUG   [poll]    <- read  st2mot     ret=0  data=['0x00', '0x00']
17:37:34.852  DEBUG   [poll]    -> read  st0cur    
17:37:34.857  DEBUG   [poll]    <- read  st0cur     ret=0  data=['0xff', '0x01', '0x02', '0x02']
17:37:35.731  DEBUG   [client]  -> read  st0mot    
17:37:35.735  DEBUG   [client]  <- read  st0mot     ret=0  data=['0x01', '0x00', '0x00']
17:37:35.858  DEBUG   [poll]    -> read  st2mot    
17:37:35.862  DEBUG   [poll]    <- read  st2mot     ret=0  data=['0x00', '0x00']
17:37:35.862  DEBUG   [poll]    -> read  st0cur    
17:37:35.866  DEBUG   [poll]    <- read  st0cur     ret=0  data=['0xff', '0x01', '0x02', '0x02']
17:37:36.867  DEBUG   [poll]    -> read  st2mot    
17:37:36.871  DEBUG   [poll]    <- read  st2mot     ret=0  data=['0x00', '0x00']
17:37:36.871  DEBUG   [poll]    -> read  st0cur    
17:37:36.875  DEBUG   [poll]    <- read  st0cur     ret=0  data=['0xff', '0x01', '0x02', '0x02']
17:37:37.877  DEBUG   [poll]    -> read  st2mot    
17:37:37.880  DEBUG   [poll]    <- read  st2mot     ret=0  data=['0x00', '0x00']
17:37:37.881  DEBUG   [poll]    -> read  st0cur    
17:37:37.885  DEBUG   [poll]    <- read  st0cur     ret=0  data=['0xff', '0x01', '0x02', '0x02']
17:37:38.886  DEBUG   [poll]    -> read  st2mot    
17:37:38.890  DEBUG   [poll]    <- read  st2mot     ret=0  data=['0x00', '0x00']
17:37:38.890  DEBUG   [poll]    -> read  st0cur    
17:37:38.894  DEBUG   [poll]    <- read  st0cur     ret=0  data=['0xff', '0x01', '0x02', '0x02']
17:37:39.251  DEBUG   [client]  -> read  st0mot    
17:37:39.255  DEBUG   [client]  <- read  st0mot     ret=0  data=['0x01', '0x00', '0x01']
17:37:39.896  DEBUG   [poll]    -> read  st2mot    
17:37:39.899  DEBUG   [poll]    <- read  st2mot     ret=0  data=['0x00', '0x00']
17:37:39.900  DEBUG   [poll]    -> read  st0cur    
17:37:39.904  DEBUG   [poll]    <- read  st0cur     ret=0  data=['0xff', '0x01', '0x02', '0x02']
17:37:40.906  DEBUG   [poll]    -> read  st2mot    
17:37:40.909  DEBUG   [poll]    <- read  st2mot     ret=0  data=['0x00', '0x00']
17:37:40.910  DEBUG   [poll]    -> read  st0cur    
17:37:40.914  DEBUG   [poll]    <- read  st0cur     ret=0  data=['0xff', '0x01', '0x02', '0x02']
17:37:41.915  DEBUG   [poll]    -> read  st2mot    
17:37:41.919  DEBUG   [poll]    <- read  st2mot     ret=0  data=['0x00', '0x00']
17:37:41.919  DEBUG   [poll]    -> read  st0cur    
17:37:41.923  DEBUG   [poll]    <- read  st0cur     ret=0  data=['0xff', '0x01', '0x02', '0x02']
17:37:42.925  DEBUG   [poll]    -> read  st2mot    
17:37:42.928  DEBUG   [poll]    <- read  st2mot     ret=0  data=['0x00', '0x00']
17:37:42.929  DEBUG   [poll]    -> read  st0cur    
17:37:42.933  DEBUG   [poll]    <- read  st0cur     ret=0  data=['0xff', '0x01', '0x02', '0x02']
17:37:43.935  DEBUG   [poll]    -> read  st2mot    
17:37:43.938  DEBUG   [poll]    <- read  st2mot     ret=0  data=['0x00', '0x00']
17:37:43.938  DEBUG   [poll]    -> read  st0cur    
17:37:43.943  DEBUG   [poll]    <- read  st0cur     ret=0  data=['0xff', '0x01', '0x02', '0x02']
17:37:44.944  DEBUG   [poll]    -> read  st2mot    
17:37:44.948  DEBUG   [poll]    <- read  st2mot     ret=0  data=['0x00', '0x00']
17:37:44.948  DEBUG   [poll]    -> read  st0cur    
17:37:44.952  DEBUG   [poll]    <- read  st0cur     ret=0  data=['0xff', '0x01', '0x02', '0x02']
17:37:45.954  DEBUG   [poll]    -> read  st2mot    
17:37:45.957  DEBUG   [poll]    <- read  st2mot     ret=0  data=['0x00', '0x00']
17:37:45.958  DEBUG   [poll]    -> read  st0cur    
17:37:45.962  DEBUG   [poll]    <- read  st0cur     ret=0  data=['0xff', '0x01', '0x02', '0x02']
17:37:46.963  DEBUG   [poll]    -> read  st2mot    
17:37:46.967  DEBUG   [poll]    <- read  st2mot     ret=0  data=['0x00', '0x00']
17:37:46.967  DEBUG   [poll]    -> read  st0cur    
17:37:46.971  DEBUG   [poll]    <- read  st0cur     ret=0  data=['0xff', '0x01', '0x02', '0x02']
17:37:47.973  DEBUG   [poll]    -> read  st2mot    
17:37:47.976  DEBUG   [poll]    <- read  st2mot     ret=0  data=['0x00', '0x00']
17:37:47.977  DEBUG   [poll]    -> read  st0cur    
17:37:47.981  DEBUG   [poll]    <- read  st0cur     ret=0  data=['0xff', '0x01', '0x02', '0x02']
17:37:48.982  DEBUG   [poll]    -> read  st2mot    
17:37:48.986  DEBUG   [poll]    <- read  st2mot     ret=0  data=['0x00', '0x00']
17:37:48.986  DEBUG   [poll]    -> read  st0cur    
17:37:48.990  DEBUG   [poll]    <- read  st0cur     ret=0  data=['0xff', '0x01', '0x02', '0x02']
17:37:49.992  DEBUG   [poll]    -> read  st2mot    
17:37:49.995  DEBUG   [poll]    <- read  st2mot     ret=0  data=['0x00', '0x00']
17:37:49.996  DEBUG   [poll]    -> read  st0cur    
17:37:50.000  DEBUG   [poll]    <- read  st0cur     ret=0  data=['0xff', '0x01', '0x02', '0x02']
17:37:51.001  DEBUG   [poll]    -> read  st2mot    
17:37:51.005  DEBUG   [poll]    <- read  st2mot     ret=0  data=['0x00', '0x00']
17:37:51.005  DEBUG   [poll]    -> read  st0cur    
17:37:51.009  DEBUG   [poll]    <- read  st0cur     ret=0  data=['0xfe', '0x01', '0x02', '0x02']
17:37:52.011  DEBUG   [poll]    -> read  st2mot    
17:37:52.014  DEBUG   [poll]    <- read  st2mot     ret=0  data=['0x00', '0x00']
17:37:52.015  DEBUG   [poll]    -> read  st0cur    
17:37:52.019  DEBUG   [poll]    <- read  st0cur     ret=0  data=['0xff', '0x01', '0x02', '0x02']
17:37:53.020  DEBUG   [poll]    -> read  st2mot    
17:37:53.024  DEBUG   [poll]    <- read  st2mot     ret=0  data=['0x00', '0x00']
17:37:53.024  DEBUG   [poll]    -> read  st0cur    
17:37:53.028  DEBUG   [poll]    <- read  st0cur     ret=0  data=['0xff', '0x01', '0x02', '0x02']
17:37:54.030  DEBUG   [poll]    -> read  st2mot    
17:37:54.033  DEBUG   [poll]    <- read  st2mot     ret=0  data=['0x00', '0x00']
17:37:54.034  DEBUG   [poll]    -> read  st0cur    
17:37:54.038  DEBUG   [poll]    <- read  st0cur     ret=0  data=['0xff', '0x01', '0x02', '0x02']
17:37:55.039  DEBUG   [poll]    -> read  st2mot    
17:37:55.043  DEBUG   [poll]    <- read  st2mot     ret=0  data=['0x00', '0x00']
17:37:55.043  DEBUG   [poll]    -> read  st0cur    
17:37:55.048  DEBUG   [poll]    <- read  st0cur     ret=0  data=['0xff', '0x01', '0x02', '0x02']
17:37:56.049  DEBUG   [poll]    -> read  st2mot    
17:37:56.052  DEBUG   [poll]    <- read  st2mot     ret=0  data=['0x00', '0x00']
17:37:56.053  DEBUG   [poll]    -> read  st0cur    
17:37:56.057  DEBUG   [poll]    <- read  st0cur     ret=0  data=['0xff', '0x01', '0x03', '0x02']
17:37:57.059  DEBUG   [poll]    -> read  st2mot    
17:37:57.062  DEBUG   [poll]    <- read  st2mot     ret=0  data=['0x00', '0x00']
17:37:57.062  DEBUG   [poll]    -> read  st0cur    
17:37:57.067  DEBUG   [poll]    <- read  st0cur     ret=0  data=['0xff', '0x01', '0x02', '0x02']
17:37:58.068  DEBUG   [poll]    -> read  st2mot    
17:37:58.071  DEBUG   [poll]    <- read  st2mot     ret=0  data=['0x00', '0x00']
17:37:58.072  DEBUG   [poll]    -> read  st0cur    
17:37:58.076  DEBUG   [poll]    <- read  st0cur     ret=0  data=['0xff', '0x01', '0x02', '0x02']
17:37:59.078  DEBUG   [poll]    -> read  st2mot    
17:37:59.081  DEBUG   [poll]    <- read  st2mot     ret=0  data=['0x00', '0x00']
17:37:59.081  DEBUG   [poll]    -> read  st0cur    
17:37:59.086  DEBUG   [poll]    <- read  st0cur     ret=0  data=['0xff', '0x01', '0x03', '0x02']
17:38:00.087  DEBUG   [poll]    -> read  st2mot    
17:38:00.090  DEBUG   [poll]    <- read  st2mot     ret=0  data=['0x00', '0x00']
17:38:00.093  DEBUG   [poll]    -> read  st0cur    
17:38:00.097  DEBUG   [poll]    <- read  st0cur     ret=0  data=['0xff', '0x01', '0x02', '0x02']
17:38:01.099  DEBUG   [poll]    -> read  st2mot    
17:38:01.102  DEBUG   [poll]    <- read  st2mot     ret=0  data=['0x00', '0x00']
17:38:01.102  DEBUG   [poll]    -> read  st0cur    
17:38:01.106  DEBUG   [poll]    <- read  st0cur     ret=0  data=['0xff', '0x01', '0x02', '0x02']
17:38:02.108  DEBUG   [poll]    -> read  st2mot    
17:38:02.111  DEBUG   [poll]    <- read  st2mot     ret=0  data=['0x00', '0x00']
17:38:02.112  DEBUG   [poll]    -> read  st0cur    
17:38:02.116  DEBUG   [poll]    <- read  st0cur     ret=0  data=['0xff', '0x01', '0x02', '0x02']
17:38:03.117  DEBUG   [poll]    -> read  st2mot    
17:38:03.121  DEBUG   [poll]    <- read  st2mot     ret=0  data=['0x00', '0x00']
17:38:03.121  DEBUG   [poll]    -> read  st0cur    
17:38:03.125  DEBUG   [poll]    <- read  st0cur     ret=0  data=['0xff', '0x01', '0x03', '0x02']
17:38:04.127  DEBUG   [poll]    -> read  st2mot    
17:38:04.130  DEBUG   [poll]    <- read  st2mot     ret=0  data=['0x00', '0x00']
17:38:04.131  DEBUG   [poll]    -> read  st0cur    
17:38:04.135  DEBUG   [poll]    <- read  st0cur     ret=0  data=['0xff', '0x01', '0x02', '0x02']
17:38:05.136  DEBUG   [poll]    -> read  st2mot    
17:38:05.140  DEBUG   [poll]    <- read  st2mot     ret=0  data=['0x00', '0x00']
17:38:05.140  DEBUG   [poll]    -> read  st0cur    
17:38:05.145  DEBUG   [poll]    <- read  st0cur     ret=0  data=['0xff', '0x01', '0x02', '0x02']
17:38:06.146  DEBUG   [poll]    -> read  st2mot    
17:38:06.150  DEBUG   [poll]    <- read  st2mot     ret=0  data=['0x00', '0x00']
17:38:06.150  DEBUG   [poll]    -> read  st0cur    
17:38:06.154  DEBUG   [poll]    <- read  st0cur     ret=0  data=['0xff', '0x01', '0x02', '0x02']
17:38:07.155  DEBUG   [poll]    -> read  st2mot    
17:38:07.159  DEBUG   [poll]    <- read  st2mot     ret=0  data=['0x00', '0x00']
17:38:07.159  DEBUG   [poll]    -> read  st0cur    
17:38:07.163  DEBUG   [poll]    <- read  st0cur     ret=0  data=['0xff', '0x01', '0x03', '0x02']
17:38:08.165  DEBUG   [poll]    -> read  st2mot    
17:38:08.168  DEBUG   [poll]    <- read  st2mot     ret=0  data=['0x00', '0x00']
17:38:08.169  DEBUG   [poll]    -> read  st0cur    
17:38:08.173  DEBUG   [poll]    <- read  st0cur     ret=0  data=['0xff', '0x01', '0x03', '0x02']
17:38:09.174  DEBUG   [poll]    -> read  st2mot    
17:38:09.178  DEBUG   [poll]    <- read  st2mot     ret=0  data=['0x00', '0x00']
17:38:09.178  DEBUG   [poll]    -> read  st0cur    
17:38:09.182  DEBUG   [poll]    <- read  st0cur     ret=0  data=['0xff', '0x01', '0x04', '0x02']
17:38:10.184  DEBUG   [poll]    -> read  st2mot    
17:38:10.187  DEBUG   [poll]    <- read  st2mot     ret=0  data=['0x00', '0x00']
17:38:10.188  DEBUG   [poll]    -> read  st0cur    
17:38:10.192  DEBUG   [poll]    <- read  st0cur     ret=0  data=['0xff', '0x01', '0x03', '0x02']
17:38:11.194  DEBUG   [poll]    -> read  st2mot    
17:38:11.197  DEBUG   [poll]    <- read  st2mot     ret=0  data=['0x00', '0x00']
17:38:11.197  DEBUG   [poll]    -> read  st0cur    
17:38:11.202  DEBUG   [poll]    <- read  st0cur     ret=0  data=['0xff', '0x01', '0x03', '0x02']
17:38:12.203  DEBUG   [poll]    -> read  st2mot    
17:38:12.207  DEBUG   [poll]    <- read  st2mot     ret=0  data=['0x00', '0x00']
17:38:12.207  DEBUG   [poll]    -> read  st0cur    
17:38:12.211  DEBUG   [poll]    <- read  st0cur     ret=0  data=['0xff', '0x01', '0x03', '0x02']
17:38:13.213  DEBUG   [poll]    -> read  st2mot    
17:38:13.216  DEBUG   [poll]    <- read  st2mot     ret=0  data=['0x00', '0x00']
17:38:13.216  DEBUG   [poll]    -> read  st0cur    
17:38:13.221  DEBUG   [poll]    <- read  st0cur     ret=0  data=['0xff', '0x01', '0x03', '0x02']
17:38:14.222  DEBUG   [poll]    -> read  st2mot    
17:38:14.226  DEBUG   [poll]    <- read  st2mot     ret=0  data=['0x00', '0x00']
17:38:14.226  DEBUG   [poll]    -> read  st0cur    
17:38:14.230  DEBUG   [poll]    <- read  st0cur     ret=0  data=['0xff', '0x01', '0x03', '0x02']
17:38:15.232  DEBUG   [poll]    -> read  st2mot    
17:38:15.235  DEBUG   [poll]    <- read  st2mot     ret=0  data=['0x00', '0x00']
17:38:15.236  DEBUG   [poll]    -> read  st0cur    
17:38:15.240  DEBUG   [poll]    <- read  st0cur     ret=0  data=['0xff', '0x01', '0x03', '0x02']
17:38:16.241  DEBUG   [poll]    -> read  st2mot    
17:38:16.245  DEBUG   [poll]    <- read  st2mot     ret=0  data=['0x00', '0x00']
17:38:16.245  DEBUG   [poll]    -> read  st0cur    
17:38:16.249  DEBUG   [poll]    <- read  st0cur     ret=0  data=['0xff', '0x01', '0x03', '0x02']
17:38:17.251  DEBUG   [poll]    -> read  st2mot    
17:38:17.254  DEBUG   [poll]    <- read  st2mot     ret=0  data=['0x00', '0x00']
17:38:17.255  DEBUG   [poll]    -> read  st0cur    
17:38:17.259  DEBUG   [poll]    <- read  st0cur     ret=0  data=['0xff', '0x01', '0x03', '0x02']
17:38:18.260  DEBUG   [poll]    -> read  st2mot    
17:38:18.264  DEBUG   [poll]    <- read  st2mot     ret=0  data=['0x00', '0x00']
17:38:18.264  DEBUG   [poll]    -> read  st0cur    
17:38:18.268  DEBUG   [poll]    <- read  st0cur     ret=0  data=['0xff', '0x01', '0x02', '0x02']
17:38:19.270  DEBUG   [poll]    -> read  st2mot    
17:38:19.273  DEBUG   [poll]    <- read  st2mot     ret=0  data=['0x00', '0x00']
17:38:19.274  DEBUG   [poll]    -> read  st0cur    
17:38:19.278  DEBUG   [poll]    <- read  st0cur     ret=0  data=['0xff', '0x01', '0x02', '0x02']
17:38:20.279  DEBUG   [poll]    -> read  st2mot    
17:38:20.283  DEBUG   [poll]    <- read  st2mot     ret=0  data=['0x00', '0x00']
17:38:20.283  DEBUG   [poll]    -> read  st0cur    
17:38:20.288  DEBUG   [poll]    <- read  st0cur     ret=0  data=['0xff', '0x01', '0x03', '0x02']
17:38:21.289  DEBUG   [poll]    -> read  st2mot    
17:38:21.292  DEBUG   [poll]    <- read  st2mot     ret=0  data=['0x00', '0x00']
17:38:21.293  DEBUG   [poll]    -> read  st0cur    
17:38:21.297  DEBUG   [poll]    <- read  st0cur     ret=0  data=['0xff', '0x01', '0x02', '0x02']
17:38:22.299  DEBUG   [poll]    -> read  st2mot    
17:38:22.302  DEBUG   [poll]    <- read  st2mot     ret=0  data=['0x00', '0x00']
17:38:22.302  DEBUG   [poll]    -> read  st0cur    
17:38:22.306  DEBUG   [poll]    <- read  st0cur     ret=0  data=['0xff', '0x01', '0x02', '0x02']
17:38:23.308  DEBUG   [poll]    -> read  st2mot    
17:38:23.311  DEBUG   [poll]    <- read  st2mot     ret=0  data=['0x00', '0x00']
17:38:23.312  DEBUG   [poll]    -> read  st0cur    
17:38:23.316  DEBUG   [poll]    <- read  st0cur     ret=0  data=['0xff', '0x01', '0x02', '0x02']
17:38:24.317  DEBUG   [poll]    -> read  st2mot    
17:38:24.321  DEBUG   [poll]    <- read  st2mot     ret=0  data=['0x00', '0x00']
17:38:24.321  DEBUG   [poll]    -> read  st0cur    
17:38:24.325  DEBUG   [poll]    <- read  st0cur     ret=0  data=['0xff', '0x01', '0x02', '0x02']
17:38:25.327  DEBUG   [poll]    -> read  st2mot    
17:38:25.330  DEBUG   [poll]    <- read  st2mot     ret=0  data=['0x00', '0x00']
17:38:25.331  DEBUG   [poll]    -> read  st0cur    
17:38:25.335  DEBUG   [poll]    <- read  st0cur     ret=0  data=['0xff', '0x01', '0x02', '0x02']
17:38:26.337  DEBUG   [poll]    -> read  st2mot    
17:38:26.340  DEBUG   [poll]    <- read  st2mot     ret=0  data=['0x00', '0x00']
17:38:26.340  DEBUG   [poll]    -> read  st0cur    
17:38:26.345  DEBUG   [poll]    <- read  st0cur     ret=0  data=['0xff', '0x01', '0x02', '0x02']
17:38:27.346  DEBUG   [poll]    -> read  st2mot    
17:38:27.349  DEBUG   [poll]    <- read  st2mot     ret=0  data=['0x00', '0x00']
17:38:27.350  DEBUG   [poll]    -> read  st0cur    
17:38:27.354  DEBUG   [poll]    <- read  st0cur     ret=0  data=['0xff', '0x01', '0x02', '0x02']
17:38:28.355  DEBUG   [poll]    -> read  st2mot    
17:38:28.359  DEBUG   [poll]    <- read  st2mot     ret=0  data=['0x00', '0x00']
17:38:28.359  DEBUG   [poll]    -> read  st0cur    
17:38:28.363  DEBUG   [poll]    <- read  st0cur     ret=0  data=['0xff', '0x01', '0x02', '0x02']
17:38:29.365  DEBUG   [poll]    -> read  st2mot    
17:38:29.368  DEBUG   [poll]    <- read  st2mot     ret=0  data=['0x00', '0x00']
17:38:29.369  DEBUG   [poll]    -> read  st0cur    
17:38:29.373  DEBUG   [poll]    <- read  st0cur     ret=0  data=['0xff', '0x01', '0x02', '0x02']
17:38:30.374  DEBUG   [poll]    -> read  st2mot    
17:38:30.378  DEBUG   [poll]    <- read  st2mot     ret=0  data=['0x00', '0x00']
17:38:30.378  DEBUG   [poll]    -> read  st0cur    
17:38:30.382  DEBUG   [poll]    <- read  st0cur     ret=0  data=['0xff', '0x01', '0x02', '0x02']
17:38:31.384  DEBUG   [poll]    -> read  st2mot    
17:38:31.387  DEBUG   [poll]    <- read  st2mot     ret=0  data=['0x00', '0x00']
17:38:31.388  DEBUG   [poll]    -> read  st0cur    
17:38:31.392  DEBUG   [poll]    <- read  st0cur     ret=0  data=['0xff', '0x01', '0x03', '0x02']
17:38:32.393  DEBUG   [poll]    -> read  st2mot    
17:38:32.397  DEBUG   [poll]    <- read  st2mot     ret=0  data=['0x00', '0x00']
17:38:32.397  DEBUG   [poll]    -> read  st0cur    
17:38:32.401  DEBUG   [poll]    <- read  st0cur     ret=0  data=['0xff', '0x01', '0x03', '0x02']
17:38:33.403  DEBUG   [poll]    -> read  st2mot    
17:38:33.406  DEBUG   [poll]    <- read  st2mot     ret=0  data=['0x00', '0x00']
17:38:33.407  DEBUG   [poll]    -> read  st0cur    
17:38:33.411  DEBUG   [poll]    <- read  st0cur     ret=0  data=['0xff', '0x01', '0x02', '0x02']
17:38:34.412  DEBUG   [poll]    -> read  st2mot    
17:38:34.416  DEBUG   [poll]    <- read  st2mot     ret=0  data=['0x00', '0x00']
17:38:34.416  DEBUG   [poll]    -> read  st0cur    
17:38:34.420  DEBUG   [poll]    <- read  st0cur     ret=0  data=['0xff', '0x01', '0x02', '0x02']
17:38:35.422  DEBUG   [poll]    -> read  st2mot    
17:38:35.425  DEBUG   [poll]    <- read  st2mot     ret=0  data=['0x00', '0x00']
17:38:35.426  DEBUG   [poll]    -> read  st0cur    
17:38:35.430  DEBUG   [poll]    <- read  st0cur     ret=0  data=['0xff', '0x01', '0x02', '0x02']
17:38:36.432  DEBUG   [poll]    -> read  st2mot    
17:38:36.435  DEBUG   [poll]    <- read  st2mot     ret=0  data=['0x00', '0x00']
17:38:36.436  DEBUG   [poll]    -> read  st0cur    
17:38:36.440  DEBUG   [poll]    <- read  st0cur     ret=0  data=['0xff', '0x01', '0x02', '0x02']
17:38:37.442  DEBUG   [poll]    -> read  st2mot    
17:38:37.445  DEBUG   [poll]    <- read  st2mot     ret=0  data=['0x00', '0x00']
17:38:37.445  DEBUG   [poll]    -> read  st0cur    
17:38:37.450  DEBUG   [poll]    <- read  st0cur     ret=0  data=['0xff', '0x01', '0x02', '0x02']
17:38:38.451  DEBUG   [poll]    -> read  st2mot    
17:38:38.455  DEBUG   [poll]    <- read  st2mot     ret=0  data=['0x00', '0x00']
17:38:38.455  DEBUG   [poll]    -> read  st0cur    
17:38:38.459  DEBUG   [poll]    <- read  st0cur     ret=0  data=['0xff', '0x01', '0x03', '0x02']
17:38:39.461  DEBUG   [poll]    -> read  st2mot    
17:38:39.464  DEBUG   [poll]    <- read  st2mot     ret=0  data=['0x00', '0x00']
17:38:39.465  DEBUG   [poll]    -> read  st0cur    
17:38:39.469  DEBUG   [poll]    <- read  st0cur     ret=0  data=['0xff', '0x01', '0x02', '0x02']
17:38:40.471  DEBUG   [poll]    -> read  st2mot    
17:38:40.475  DEBUG   [poll]    <- read  st2mot     ret=0  data=['0x00', '0x00']
17:38:40.475  DEBUG   [poll]    -> read  st0cur    
17:38:40.479  DEBUG   [poll]    <- read  st0cur     ret=0  data=['0xff', '0x01', '0x02', '0x02']
17:38:41.481  DEBUG   [poll]    -> read  st2mot    
17:38:41.484  DEBUG   [poll]    <- read  st2mot     ret=0  data=['0x00', '0x00']
17:38:41.485  DEBUG   [poll]    -> read  st0cur    
17:38:41.489  DEBUG   [poll]    <- read  st0cur     ret=0  data=['0xff', '0x01', '0x02', '0x02']
17:38:42.490  DEBUG   [poll]    -> read  st2mot    
17:38:42.494  DEBUG   [poll]    <- read  st2mot     ret=0  data=['0x00', '0x00']
17:38:42.494  DEBUG   [poll]    -> read  st0cur    
17:38:42.499  DEBUG   [poll]    <- read  st0cur     ret=0  data=['0xff', '0x01', '0x02', '0x02']
17:38:43.500  DEBUG   [poll]    -> read  st2mot    
17:38:43.504  DEBUG   [poll]    <- read  st2mot     ret=0  data=['0x00', '0x00']
17:38:43.504  DEBUG   [poll]    -> read  st0cur    
17:38:43.508  DEBUG   [poll]    <- read  st0cur     ret=0  data=['0xff', '0x01', '0x02', '0x02']
17:38:44.510  DEBUG   [poll]    -> read  st2mot    
17:38:44.513  DEBUG   [poll]    <- read  st2mot     ret=0  data=['0x00', '0x00']
17:38:44.514  DEBUG   [poll]    -> read  st0cur    
17:38:44.518  DEBUG   [poll]    <- read  st0cur     ret=0  data=['0xff', '0x01', '0x03', '0x02']
17:38:45.519  DEBUG   [poll]    -> read  st2mot    
17:38:45.523  DEBUG   [poll]    <- read  st2mot     ret=0  data=['0x00', '0x00']
17:38:45.523  DEBUG   [poll]    -> read  st0cur    
17:38:45.528  DEBUG   [poll]    <- read  st0cur     ret=0  data=['0xff', '0x01', '0x02', '0x02']
17:38:46.529  DEBUG   [poll]    -> read  st2mot    
17:38:46.532  DEBUG   [poll]    <- read  st2mot     ret=0  data=['0x00', '0x00']
17:38:46.533  DEBUG   [poll]    -> read  st0cur    
17:38:46.537  DEBUG   [poll]    <- read  st0cur     ret=0  data=['0xff', '0x01', '0x03', '0x02']
17:38:47.539  DEBUG   [poll]    -> read  st2mot    
17:38:47.542  DEBUG   [poll]    <- read  st2mot     ret=0  data=['0x00', '0x00']
17:38:47.542  DEBUG   [poll]    -> read  st0cur    
17:38:47.546  DEBUG   [poll]    <- read  st0cur     ret=0  data=['0xff', '0x01', '0x03', '0x02']
17:38:48.548  DEBUG   [poll]    -> read  st2mot    
17:38:48.551  DEBUG   [poll]    <- read  st2mot     ret=0  data=['0x00', '0x00']
17:38:48.552  DEBUG   [poll]    -> read  st0cur    
17:38:48.556  DEBUG   [poll]    <- read  st0cur     ret=0  data=['0xff', '0x01', '0x02', '0x02']
17:38:49.558  DEBUG   [poll]    -> read  st2mot    
17:38:49.561  DEBUG   [poll]    <- read  st2mot     ret=0  data=['0x00', '0x00']
17:38:49.561  DEBUG   [poll]    -> read  st0cur    
17:38:49.565  DEBUG   [poll]    <- read  st0cur     ret=0  data=['0xff', '0x01', '0x02', '0x02']
17:38:50.567  DEBUG   [poll]    -> read  st2mot    
17:38:50.574  DEBUG   [poll]    <- read  st2mot     ret=0  data=['0x00', '0x00']
17:38:50.575  DEBUG   [poll]    -> read  st0cur    
17:38:50.579  DEBUG   [poll]    <- read  st0cur     ret=0  data=['0xff', '0x01', '0x02', '0x02']
17:38:51.581  DEBUG   [poll]    -> read  st2mot    
17:38:51.584  DEBUG   [poll]    <- read  st2mot     ret=0  data=['0x00', '0x00']
17:38:51.584  DEBUG   [poll]    -> read  st0cur    
17:38:51.589  DEBUG   [poll]    <- read  st0cur     ret=0  data=['0xff', '0x01', '0x02', '0x02']
17:38:52.045  DEBUG   [client]  -> read  st3mot    
17:38:52.050  DEBUG   [client]  <- read  st3mot     ret=0  data=['0x00', '0x00', '0x00', '0x00', '0x00', '0x00']
17:38:52.590  DEBUG   [poll]    -> read  st2mot    
17:38:52.593  DEBUG   [poll]    <- read  st2mot     ret=0  data=['0x00', '0x00']
17:38:52.594  DEBUG   [poll]    -> read  st0cur    
17:38:52.598  DEBUG   [poll]    <- read  st0cur     ret=0  data=['0xff', '0x01', '0x03', '0x02']
17:38:53.533  DEBUG   [client]  -> read  st3mot    
17:38:53.539  DEBUG   [client]  <- read  st3mot     ret=0  data=['0x00', '0x00', '0x00', '0x00', '0x00', '0x00']
17:38:53.599  DEBUG   [poll]    -> read  st2mot    
17:38:53.602  DEBUG   [poll]    <- read  st2mot     ret=0  data=['0x00', '0x00']
17:38:53.603  DEBUG   [poll]    -> read  st0cur    
17:38:53.607  DEBUG   [poll]    <- read  st0cur     ret=0  data=['0xff', '0x01', '0x02', '0x02']
17:38:54.608  DEBUG   [poll]    -> read  st2mot    
17:38:54.612  DEBUG   [poll]    <- read  st2mot     ret=0  data=['0x00', '0x00']
17:38:54.612  DEBUG   [poll]    -> read  st0cur    
17:38:54.617  DEBUG   [poll]    <- read  st0cur     ret=0  data=['0xff', '0x01', '0x02', '0x02']
17:38:55.618  DEBUG   [poll]    -> read  st2mot    
17:38:55.625  DEBUG   [poll]    <- read  st2mot     ret=0  data=['0x00', '0x00']
17:38:55.626  DEBUG   [poll]    -> read  st0cur    
17:38:55.630  DEBUG   [poll]    <- read  st0cur     ret=0  data=['0xff', '0x01', '0x02', '0x02']
17:38:56.632  DEBUG   [poll]    -> read  st2mot    
17:38:56.635  DEBUG   [poll]    <- read  st2mot     ret=0  data=['0x00', '0x00']
17:38:56.635  DEBUG   [poll]    -> read  st0cur    
17:38:56.640  DEBUG   [poll]    <- read  st0cur     ret=0  data=['0xff', '0x01', '0x02', '0x02']
17:38:57.641  DEBUG   [poll]    -> read  st2mot    
17:38:57.644  DEBUG   [poll]    <- read  st2mot     ret=0  data=['0x00', '0x00']
17:38:57.645  DEBUG   [poll]    -> read  st0cur    
17:38:57.649  DEBUG   [poll]    <- read  st0cur     ret=0  data=['0xff', '0x01', '0x03', '0x02']
17:38:58.651  DEBUG   [poll]    -> read  st2mot    
17:38:58.654  DEBUG   [poll]    <- read  st2mot     ret=0  data=['0x00', '0x00']
17:38:58.654  DEBUG   [poll]    -> read  st0cur    
17:38:58.659  DEBUG   [poll]    <- read  st0cur     ret=0  data=['0xff', '0x01', '0x02', '0x02']
17:38:59.660  DEBUG   [poll]    -> read  st2mot    
17:38:59.663  DEBUG   [poll]    <- read  st2mot     ret=0  data=['0x00', '0x00']
17:38:59.664  DEBUG   [poll]    -> read  st0cur    
17:38:59.668  DEBUG   [poll]    <- read  st0cur     ret=0  data=['0xff', '0x01', '0x02', '0x02']
17:39:00.670  DEBUG   [poll]    -> read  st2mot    
17:39:00.677  DEBUG   [poll]    <- read  st2mot     ret=0  data=['0x00', '0x00']
17:39:00.677  DEBUG   [poll]    -> read  st0cur    
17:39:00.681  DEBUG   [poll]    <- read  st0cur     ret=0  data=['0xff', '0x01', '0x03', '0x02']
17:39:01.683  DEBUG   [poll]    -> read  st2mot    
17:39:01.687  DEBUG   [poll]    <- read  st2mot     ret=0  data=['0x00', '0x00']
17:39:01.687  DEBUG   [poll]    -> read  st0cur    
17:39:01.691  DEBUG   [poll]    <- read  st0cur     ret=0  data=['0xff', '0x01', '0x02', '0x02']
17:39:02.693  DEBUG   [poll]    -> read  st2mot    
17:39:02.696  DEBUG   [poll]    <- read  st2mot     ret=0  data=['0x00', '0x00']
17:39:02.696  DEBUG   [poll]    -> read  st0cur    
17:39:02.701  DEBUG   [poll]    <- read  st0cur     ret=0  data=['0xff', '0x01', '0x02', '0x02']
17:39:03.702  DEBUG   [poll]    -> read  st2mot    
17:39:03.706  DEBUG   [poll]    <- read  st2mot     ret=0  data=['0x00', '0x00']
17:39:03.706  DEBUG   [poll]    -> read  st0cur    
17:39:03.710  DEBUG   [poll]    <- read  st0cur     ret=0  data=['0xff', '0x01', '0x03', '0x02']
17:39:04.712  DEBUG   [poll]    -> read  st2mot    
17:39:04.715  DEBUG   [poll]    <- read  st2mot     ret=0  data=['0x00', '0x00']
17:39:04.716  DEBUG   [poll]    -> read  st0cur    
17:39:04.720  DEBUG   [poll]    <- read  st0cur     ret=0  data=['0xff', '0x01', '0x03', '0x02']
17:39:05.722  DEBUG   [poll]    -> read  st2mot    
17:39:05.729  DEBUG   [poll]    <- read  st2mot     ret=0  data=['0x00', '0x00']
17:39:05.729  DEBUG   [poll]    -> read  st0cur    
17:39:05.734  DEBUG   [poll]    <- read  st0cur     ret=0  data=['0xff', '0x01', '0x03', '0x02']
17:39:06.735  DEBUG   [poll]    -> read  st2mot    
17:39:06.739  DEBUG   [poll]    <- read  st2mot     ret=0  data=['0x00', '0x00']
17:39:06.739  DEBUG   [poll]    -> read  st0cur    
17:39:06.743  DEBUG   [poll]    <- read  st0cur     ret=0  data=['0xff', '0x01', '0x03', '0x02']
17:39:07.745  DEBUG   [poll]    -> read  st2mot    
17:39:07.748  DEBUG   [poll]    <- read  st2mot     ret=0  data=['0x00', '0x00']
17:39:07.749  DEBUG   [poll]    -> read  st0cur    
17:39:07.753  DEBUG   [poll]    <- read  st0cur     ret=0  data=['0xff', '0x01', '0x02', '0x02']
17:39:08.755  DEBUG   [poll]    -> read  st2mot    
17:39:08.758  DEBUG   [poll]    <- read  st2mot     ret=0  data=['0x00', '0x00']
17:39:08.758  DEBUG   [poll]    -> read  st0cur    
17:39:08.763  DEBUG   [poll]    <- read  st0cur     ret=0  data=['0xff', '0x01', '0x03', '0x02']
17:39:09.744  DEBUG   [client]  -> write cntl3mot   data=['0x00', '0x00']
17:39:09.764  DEBUG   [poll]    -> read  st2mot    
17:39:09.768  DEBUG   [poll]    <- read  st2mot     ret=0  data=['0x00', '0x00']
17:39:09.769  DEBUG   [poll]    -> read  st0cur    
17:39:09.773  DEBUG   [poll]    <- read  st0cur     ret=0  data=['0xff', '0x01', '0x02', '0x02']
17:39:10.775  DEBUG   [poll]    -> read  st2mot    
17:39:10.782  DEBUG   [poll]    <- read  st2mot     ret=0  data=['0x00', '0x00']
17:39:10.783  DEBUG   [poll]    -> read  st0cur    
17:39:10.787  DEBUG   [poll]    <- read  st0cur     ret=0  data=['0xff', '0x01', '0x02', '0x02']
17:39:11.788  DEBUG   [poll]    -> read  st2mot    
17:39:11.792  DEBUG   [poll]    <- read  st2mot     ret=0  data=['0x00', '0x00']
17:39:11.792  DEBUG   [poll]    -> read  st0cur    
17:39:11.797  DEBUG   [poll]    <- read  st0cur     ret=0  data=['0xff', '0x01', '0x03', '0x02']
17:39:12.798  DEBUG   [poll]    -> read  st2mot    
17:39:12.802  DEBUG   [poll]    <- read  st2mot     ret=0  data=['0x00', '0x00']
17:39:12.802  DEBUG   [poll]    -> read  st0cur    
17:39:12.806  DEBUG   [poll]    <- read  st0cur     ret=0  data=['0xff', '0x01', '0x03', '0x02']
17:39:13.584  DEBUG   [client]  -> write cntl3mot   data=['0x00', '0x00']
17:39:13.808  DEBUG   [poll]    -> read  st2mot    
17:39:13.811  DEBUG   [poll]    <- read  st2mot     ret=0  data=['0x00', '0x00']
17:39:13.811  DEBUG   [poll]    -> read  st0cur    
17:39:13.816  DEBUG   [poll]    <- read  st0cur     ret=0  data=['0xff', '0x01', '0x02', '0x02']
17:39:14.817  DEBUG   [poll]    -> read  st2mot    
17:39:14.820  DEBUG   [poll]    <- read  st2mot     ret=0  data=['0x00', '0x00']
17:39:14.821  DEBUG   [poll]    -> read  st0cur    
17:39:14.825  DEBUG   [poll]    <- read  st0cur     ret=0  data=['0xff', '0x01', '0x02', '0x02']
17:39:15.827  DEBUG   [poll]    -> read  st2mot    
17:39:15.833  DEBUG   [poll]    <- read  st2mot     ret=0  data=['0x00', '0x00']
17:39:15.834  DEBUG   [poll]    -> read  st0cur    
17:39:15.838  DEBUG   [poll]    <- read  st0cur     ret=0  data=['0xff', '0x01', '0x02', '0x02']
17:39:16.840  DEBUG   [poll]    -> read  st2mot    
17:39:16.843  DEBUG   [poll]    <- read  st2mot     ret=0  data=['0x00', '0x00']
17:39:16.843  DEBUG   [poll]    -> read  st0cur    
17:39:16.848  DEBUG   [poll]    <- read  st0cur     ret=0  data=['0xff', '0x01', '0x02', '0x02']
17:39:17.849  DEBUG   [poll]    -> read  st2mot    
17:39:17.853  DEBUG   [poll]    <- read  st2mot     ret=0  data=['0x00', '0x00']
17:39:17.853  DEBUG   [poll]    -> read  st0cur    
17:39:17.857  DEBUG   [poll]    <- read  st0cur     ret=0  data=['0xff', '0x01', '0x02', '0x02']
17:39:18.859  DEBUG   [poll]    -> read  st2mot    
17:39:18.862  DEBUG   [poll]    <- read  st2mot     ret=0  data=['0x00', '0x00']
17:39:18.862  DEBUG   [poll]    -> read  st0cur    
17:39:18.867  DEBUG   [poll]    <- read  st0cur     ret=0  data=['0xff', '0x01', '0x02', '0x02']
17:39:19.868  DEBUG   [poll]    -> read  st2mot    
17:39:19.872  DEBUG   [poll]    <- read  st2mot     ret=0  data=['0x00', '0x00']
17:39:19.872  DEBUG   [poll]    -> read  st0cur    
17:39:19.876  DEBUG   [poll]    <- read  st0cur     ret=0  data=['0xff', '0x01', '0x02', '0x02']
17:39:20.878  DEBUG   [poll]    -> read  st2mot    
17:39:20.884  DEBUG   [poll]    <- read  st2mot     ret=0  data=['0x00', '0x00']
17:39:20.885  DEBUG   [poll]    -> read  st0cur    
17:39:20.889  DEBUG   [poll]    <- read  st0cur     ret=0  data=['0xff', '0x01', '0x02', '0x02']
17:39:21.891  DEBUG   [poll]    -> read  st2mot    
17:39:21.894  DEBUG   [poll]    <- read  st2mot     ret=0  data=['0x00', '0x00']
17:39:21.895  DEBUG   [poll]    -> read  st0cur    
17:39:21.899  DEBUG   [poll]    <- read  st0cur     ret=0  data=['0xff', '0x01', '0x03', '0x02']
17:39:22.900  DEBUG   [poll]    -> read  st2mot    
17:39:22.904  DEBUG   [poll]    <- read  st2mot     ret=0  data=['0x00', '0x00']
17:39:22.904  DEBUG   [poll]    -> read  st0cur    
17:39:22.908  DEBUG   [poll]    <- read  st0cur     ret=0  data=['0xff', '0x01', '0x03', '0x02']
17:39:23.910  DEBUG   [poll]    -> read  st2mot    
17:39:23.913  DEBUG   [poll]    <- read  st2mot     ret=0  data=['0x00', '0x00']
17:39:23.914  DEBUG   [poll]    -> read  st0cur    
17:39:23.918  DEBUG   [poll]    <- read  st0cur     ret=0  data=['0xff', '0x01', '0x03', '0x02']
17:39:24.920  DEBUG   [poll]    -> read  st2mot    
17:39:24.923  DEBUG   [poll]    <- read  st2mot     ret=0  data=['0x00', '0x00']
17:39:24.924  DEBUG   [poll]    -> read  st0cur    
17:39:24.928  DEBUG   [poll]    <- read  st0cur     ret=0  data=['0xff', '0x01', '0x02', '0x02']
17:39:25.929  DEBUG   [poll]    -> read  st2mot    
17:39:25.933  DEBUG   [poll]    <- read  st2mot     ret=0  data=['0x00', '0x00']
17:39:25.934  DEBUG   [poll]    -> read  st0cur    
17:39:25.938  DEBUG   [poll]    <- read  st0cur     ret=0  data=['0xff', '0x01', '0x02', '0x02']
17:39:26.883  DEBUG   [client]  -> write cntl3mot   data=['0x01', '0xf4']
17:39:26.940  DEBUG   [poll]    -> read  st2mot    
17:39:26.943  DEBUG   [poll]    <- read  st2mot     ret=0  data=['0x00', '0x00']
17:39:26.944  DEBUG   [poll]    -> read  st0cur    
17:39:26.948  DEBUG   [poll]    <- read  st0cur     ret=0  data=['0xff', '0x01', '0x03', '0x02']
17:39:27.949  DEBUG   [poll]    -> read  st2mot    
17:39:27.953  DEBUG   [poll]    <- read  st2mot     ret=0  data=['0xc2', '0x01']
17:39:27.953  DEBUG   [poll]    -> read  st0cur    
17:39:27.957  DEBUG   [poll]    <- read  st0cur     ret=0  data=['0xfe', '0x01', '0x03', '0x02']
17:39:28.959  DEBUG   [poll]    -> read  st2mot    
17:39:28.962  DEBUG   [poll]    <- read  st2mot     ret=0  data=['0xf4', '0x01']
17:39:28.963  DEBUG   [poll]    -> read  st0cur    
17:39:28.967  DEBUG   [poll]    <- read  st0cur     ret=0  data=['0xfb', '0x01', '0x04', '0x02']
17:39:29.858  DEBUG   [client]  -> write cntl3mot   data=['0x00', '0x00']
17:39:29.969  DEBUG   [poll]    -> read  st2mot    
17:39:29.972  DEBUG   [poll]    <- read  st2mot     ret=0  data=['0xdb', '0x01']
17:39:29.972  DEBUG   [poll]    -> read  st0cur    
17:39:29.976  DEBUG   [poll]    <- read  st0cur     ret=0  data=['0xf8', '0x01', '0x04', '0x02']
17:39:30.978  DEBUG   [poll]    -> read  st2mot    
17:39:30.981  DEBUG   [poll]    <- read  st2mot     ret=0  data=['0x00', '0x00']
17:39:30.982  DEBUG   [poll]    -> read  st0cur    
17:39:30.986  DEBUG   [poll]    <- read  st0cur     ret=0  data=['0xfb', '0x01', '0x03', '0x02']
17:39:30.986  WARNING *** OBSERVED STALL SIGNATURE (not acted on yet) — current=-0.24A while rpm=0 ***
17:39:31.988  DEBUG   [poll]    -> read  st2mot    
17:39:31.992  DEBUG   [poll]    <- read  st2mot     ret=0  data=['0x00', '0x00']
17:39:31.992  DEBUG   [poll]    -> read  st0cur    
17:39:31.996  DEBUG   [poll]    <- read  st0cur     ret=0  data=['0xff', '0x01', '0x03', '0x02']
17:39:32.998  DEBUG   [poll]    -> read  st2mot    
17:39:33.001  DEBUG   [poll]    <- read  st2mot     ret=0  data=['0x00', '0x00']
17:39:33.001  DEBUG   [poll]    -> read  st0cur    
17:39:33.006  DEBUG   [poll]    <- read  st0cur     ret=0  data=['0xfe', '0x01', '0x03', '0x02']
17:39:34.007  DEBUG   [poll]    -> read  st2mot    
17:39:34.011  DEBUG   [poll]    <- read  st2mot     ret=0  data=['0x00', '0x00']
17:39:34.011  DEBUG   [poll]    -> read  st0cur    
17:39:34.015  DEBUG   [poll]    <- read  st0cur     ret=0  data=['0xff', '0x01', '0x03', '0x02']
17:39:35.017  DEBUG   [poll]    -> read  st2mot    
17:39:35.020  DEBUG   [poll]    <- read  st2mot     ret=0  data=['0x00', '0x00']
17:39:35.021  DEBUG   [poll]    -> read  st0cur    
17:39:35.025  DEBUG   [poll]    <- read  st0cur     ret=0  data=['0xff', '0x01', '0x03', '0x02']
17:39:36.026  DEBUG   [poll]    -> read  st2mot    
17:39:36.033  DEBUG   [poll]    <- read  st2mot     ret=0  data=['0x00', '0x00']
17:39:36.034  DEBUG   [poll]    -> read  st0cur    
17:39:36.038  DEBUG   [poll]    <- read  st0cur     ret=0  data=['0xff', '0x01', '0x02', '0x02']
17:39:37.039  DEBUG   [poll]    -> read  st2mot    
17:39:37.043  DEBUG   [poll]    <- read  st2mot     ret=0  data=['0x00', '0x00']
17:39:37.043  DEBUG   [poll]    -> read  st0cur    
17:39:37.048  DEBUG   [poll]    <- read  st0cur     ret=0  data=['0xfe', '0x01', '0x03', '0x02']
17:39:38.049  DEBUG   [poll]    -> read  st2mot    
17:39:38.052  DEBUG   [poll]    <- read  st2mot     ret=0  data=['0x00', '0x00']
17:39:38.053  DEBUG   [poll]    -> read  st0cur    
17:39:38.057  DEBUG   [poll]    <- read  st0cur     ret=0  data=['0xfe', '0x01', '0x02', '0x02']
17:39:39.059  DEBUG   [poll]    -> read  st2mot    
17:39:39.062  DEBUG   [poll]    <- read  st2mot     ret=0  data=['0x00', '0x00']
17:39:39.062  DEBUG   [poll]    -> read  st0cur    
17:39:39.067  DEBUG   [poll]    <- read  st0cur     ret=0  data=['0xff', '0x01', '0x02', '0x02']
17:39:40.068  DEBUG   [poll]    -> read  st2mot    
17:39:40.071  DEBUG   [poll]    <- read  st2mot     ret=0  data=['0x00', '0x00']
17:39:40.072  DEBUG   [poll]    -> read  st0cur    
17:39:40.076  DEBUG   [poll]    <- read  st0cur     ret=0  data=['0xfe', '0x01', '0x03', '0x02']
17:39:41.077  DEBUG   [poll]    -> read  st2mot    
17:39:41.084  DEBUG   [poll]    <- read  st2mot     ret=0  data=['0x00', '0x00']
17:39:41.085  DEBUG   [poll]    -> read  st0cur    
17:39:41.089  DEBUG   [poll]    <- read  st0cur     ret=0  data=['0xff', '0x01', '0x03', '0x02']
17:39:42.090  DEBUG   [poll]    -> read  st2mot    
17:39:42.094  DEBUG   [poll]    <- read  st2mot     ret=0  data=['0x00', '0x00']
17:39:42.094  DEBUG   [poll]    -> read  st0cur    
17:39:42.098  DEBUG   [poll]    <- read  st0cur     ret=0  data=['0xfe', '0x01', '0x02', '0x02']
17:39:43.100  DEBUG   [poll]    -> read  st2mot    
17:39:43.103  DEBUG   [poll]    <- read  st2mot     ret=0  data=['0x00', '0x00']
17:39:43.103  DEBUG   [poll]    -> read  st0cur    
17:39:43.108  DEBUG   [poll]    <- read  st0cur     ret=0  data=['0xff', '0x01', '0x03', '0x02']
17:39:44.109  DEBUG   [poll]    -> read  st2mot    
17:39:44.112  DEBUG   [poll]    <- read  st2mot     ret=0  data=['0x00', '0x00']
17:39:44.113  DEBUG   [poll]    -> read  st0cur    
17:39:44.117  DEBUG   [poll]    <- read  st0cur     ret=0  data=['0xff', '0x01', '0x03', '0x02']
17:39:45.119  DEBUG   [poll]    -> read  st2mot    
17:39:45.122  DEBUG   [poll]    <- read  st2mot     ret=0  data=['0x00', '0x00']
17:39:45.122  DEBUG   [poll]    -> read  st0cur    
17:39:45.127  DEBUG   [poll]    <- read  st0cur     ret=0  data=['0xff', '0x01', '0x03', '0x02']
17:39:46.128  DEBUG   [poll]    -> read  st2mot    
17:39:46.135  DEBUG   [poll]    <- read  st2mot     ret=0  data=['0x00', '0x00']
17:39:46.136  DEBUG   [poll]    -> read  st0cur    
17:39:46.140  DEBUG   [poll]    <- read  st0cur     ret=0  data=['0xfe', '0x01', '0x03', '0x02']
17:39:47.142  DEBUG   [poll]    -> read  st2mot    
17:39:47.145  DEBUG   [poll]    <- read  st2mot     ret=0  data=['0x00', '0x00']
17:39:47.145  DEBUG   [poll]    -> read  st0cur    
17:39:47.150  DEBUG   [poll]    <- read  st0cur     ret=0  data=['0xff', '0x01', '0x03', '0x02']
17:39:48.151  DEBUG   [poll]    -> read  st2mot    
17:39:48.154  DEBUG   [poll]    <- read  st2mot     ret=0  data=['0x00', '0x00']
17:39:48.155  DEBUG   [poll]    -> read  st0cur    
17:39:48.159  DEBUG   [poll]    <- read  st0cur     ret=0  data=['0xff', '0x01', '0x03', '0x02']
17:39:49.161  DEBUG   [poll]    -> read  st2mot    
17:39:49.164  DEBUG   [poll]    <- read  st2mot     ret=0  data=['0x00', '0x00']
17:39:49.164  DEBUG   [poll]    -> read  st0cur    
17:39:49.169  DEBUG   [poll]    <- read  st0cur     ret=0  data=['0xff', '0x01', '0x03', '0x02']
17:39:50.170  DEBUG   [poll]    -> read  st2mot    
17:39:50.174  DEBUG   [poll]    <- read  st2mot     ret=0  data=['0x00', '0x00']
17:39:50.174  DEBUG   [poll]    -> read  st0cur    
17:39:50.178  DEBUG   [poll]    <- read  st0cur     ret=0  data=['0xfe', '0x01', '0x03', '0x02']
17:39:50.773  DEBUG   [client]  -> write cntl3mot   data=['0x00', '0x00']
17:39:51.180  DEBUG   [poll]    -> read  st2mot    
17:39:51.183  DEBUG   [poll]    <- read  st2mot     ret=0  data=['0x00', '0x00']
17:39:51.184  DEBUG   [poll]    -> read  st0cur    
17:39:51.189  DEBUG   [poll]    <- read  st0cur     ret=0  data=['0xff', '0x01', '0x03', '0x02']
17:39:52.190  DEBUG   [poll]    -> read  st2mot    
17:39:52.194  DEBUG   [poll]    <- read  st2mot     ret=0  data=['0x00', '0x00']
17:39:52.194  DEBUG   [poll]    -> read  st0cur    
17:39:52.198  DEBUG   [poll]    <- read  st0cur     ret=0  data=['0xff', '0x01', '0x03', '0x02']
17:39:53.200  DEBUG   [poll]    -> read  st2mot    
17:39:53.203  DEBUG   [poll]    <- read  st2mot     ret=0  data=['0x00', '0x00']
17:39:53.204  DEBUG   [poll]    -> read  st0cur    
17:39:53.208  DEBUG   [poll]    <- read  st0cur     ret=0  data=['0xff', '0x01', '0x03', '0x02']
17:39:54.210  DEBUG   [poll]    -> read  st2mot    
17:39:54.213  DEBUG   [poll]    <- read  st2mot     ret=0  data=['0x00', '0x00']
17:39:54.214  DEBUG   [poll]    -> read  st0cur    
17:39:54.218  DEBUG   [poll]    <- read  st0cur     ret=0  data=['0xff', '0x01', '0x03', '0x02']
17:39:55.219  DEBUG   [poll]    -> read  st2mot    
17:39:55.223  DEBUG   [poll]    <- read  st2mot     ret=0  data=['0x00', '0x00']
17:39:55.223  DEBUG   [poll]    -> read  st0cur    
17:39:55.227  DEBUG   [poll]    <- read  st0cur     ret=0  data=['0xfe', '0x01', '0x03', '0x02']
17:39:55.718  DEBUG   [client]  -> write cntl3mot   data=['0x01', '0xf4']
17:39:56.229  DEBUG   [poll]    -> read  st2mot    
17:39:56.236  DEBUG   [poll]    <- read  st2mot     ret=0  data=['0x00', '0x00']
17:39:56.237  DEBUG   [poll]    -> read  st0cur    
17:39:56.241  DEBUG   [poll]    <- read  st0cur     ret=0  data=['0xff', '0x01', '0x03', '0x02']
17:39:57.242  DEBUG   [poll]    -> read  st2mot    
17:39:57.246  DEBUG   [poll]    <- read  st2mot     ret=0  data=['0x00', '0x00']
17:39:57.246  DEBUG   [poll]    -> read  st0cur    
17:39:57.250  DEBUG   [poll]    <- read  st0cur     ret=0  data=['0xfe', '0x01', '0x0a', '0x02']
17:39:57.814  DEBUG   [client]  -> write cntl3mot   data=['0x00', '0x00']
17:39:58.252  DEBUG   [poll]    -> read  st2mot    
17:39:58.255  DEBUG   [poll]    <- read  st2mot     ret=0  data=['0x00', '0x00']
17:39:58.256  DEBUG   [poll]    -> read  st0cur    
17:39:58.260  DEBUG   [poll]    <- read  st0cur     ret=0  data=['0xfd', '0x01', '0x08', '0x02']
17:39:59.262  DEBUG   [poll]    -> read  st2mot    
17:39:59.265  DEBUG   [poll]    <- read  st2mot     ret=0  data=['0x00', '0x00']
17:39:59.265  DEBUG   [poll]    -> read  st0cur    
17:39:59.270  DEBUG   [poll]    <- read  st0cur     ret=0  data=['0xfe', '0x01', '0x08', '0x02']
17:40:00.271  DEBUG   [poll]    -> read  st2mot    
17:40:00.274  DEBUG   [poll]    <- read  st2mot     ret=0  data=['0x00', '0x00']
17:40:00.275  DEBUG   [poll]    -> read  st0cur    
17:40:00.279  DEBUG   [poll]    <- read  st0cur     ret=0  data=['0xfe', '0x01', '0x03', '0x02']
17:40:01.281  DEBUG   [poll]    -> read  st2mot    
17:40:01.288  DEBUG   [poll]    <- read  st2mot     ret=0  data=['0x00', '0x00']
17:40:01.288  DEBUG   [poll]    -> read  st0cur    
17:40:01.293  DEBUG   [poll]    <- read  st0cur     ret=0  data=['0xfe', '0x01', '0x03', '0x02']
17:40:02.294  DEBUG   [poll]    -> read  st2mot    
17:40:02.298  DEBUG   [poll]    <- read  st2mot     ret=0  data=['0x00', '0x00']
17:40:02.298  DEBUG   [poll]    -> read  st0cur    
17:40:02.302  DEBUG   [poll]    <- read  st0cur     ret=0  data=['0xff', '0x01', '0x03', '0x02']
17:40:03.304  DEBUG   [poll]    -> read  st2mot    
17:40:03.307  DEBUG   [poll]    <- read  st2mot     ret=0  data=['0x00', '0x00']
17:40:03.308  DEBUG   [poll]    -> read  st0cur    
17:40:03.312  DEBUG   [poll]    <- read  st0cur     ret=0  data=['0xff', '0x01', '0x02', '0x02']
17:40:04.313  DEBUG   [poll]    -> read  st2mot    
17:40:04.317  DEBUG   [poll]    <- read  st2mot     ret=0  data=['0x00', '0x00']
17:40:04.317  DEBUG   [poll]    -> read  st0cur    
17:40:04.321  DEBUG   [poll]    <- read  st0cur     ret=0  data=['0xfe', '0x01', '0x03', '0x02']
17:40:05.323  DEBUG   [poll]    -> read  st2mot    
17:40:05.327  DEBUG   [poll]    <- read  st2mot     ret=0  data=['0x00', '0x00']
17:40:05.327  DEBUG   [poll]    -> read  st0cur    
17:40:05.331  DEBUG   [poll]    <- read  st0cur     ret=0  data=['0xfe', '0x01', '0x03', '0x02']
17:40:06.333  DEBUG   [poll]    -> read  st2mot    
17:40:06.340  DEBUG   [poll]    <- read  st2mot     ret=0  data=['0x00', '0x00']
17:40:06.340  DEBUG   [poll]    -> read  st0cur    
17:40:06.344  DEBUG   [poll]    <- read  st0cur     ret=0  data=['0xfe', '0x01', '0x02', '0x02']
17:40:07.346  DEBUG   [poll]    -> read  st2mot    
17:40:07.349  DEBUG   [poll]    <- read  st2mot     ret=0  data=['0x00', '0x00']
17:40:07.350  DEBUG   [poll]    -> read  st0cur    
17:40:07.354  DEBUG   [poll]    <- read  st0cur     ret=0  data=['0xff', '0x01', '0x03', '0x02']
17:40:08.355  DEBUG   [poll]    -> read  st2mot    
17:40:08.359  DEBUG   [poll]    <- read  st2mot     ret=0  data=['0x00', '0x00']
17:40:08.359  DEBUG   [poll]    -> read  st0cur    
17:40:08.364  DEBUG   [poll]    <- read  st0cur     ret=0  data=['0xff', '0x01', '0x03', '0x02']
17:40:09.365  DEBUG   [poll]    -> read  st2mot    
17:40:09.368  DEBUG   [poll]    <- read  st2mot     ret=0  data=['0x00', '0x00']
17:40:09.369  DEBUG   [poll]    -> read  st0cur    
17:40:09.373  DEBUG   [poll]    <- read  st0cur     ret=0  data=['0xff', '0x01', '0x03', '0x02']
17:40:10.375  DEBUG   [poll]    -> read  st2mot    
17:40:10.378  DEBUG   [poll]    <- read  st2mot     ret=0  data=['0x00', '0x00']
17:40:10.378  DEBUG   [poll]    -> read  st0cur    
17:40:10.383  DEBUG   [poll]    <- read  st0cur     ret=0  data=['0xfe', '0x01', '0x03', '0x02']
17:40:11.384  DEBUG   [poll]    -> read  st2mot    
17:40:11.391  DEBUG   [poll]    <- read  st2mot     ret=0  data=['0x00', '0x00']
17:40:11.391  DEBUG   [poll]    -> read  st0cur    
17:40:11.396  DEBUG   [poll]    <- read  st0cur     ret=0  data=['0xff', '0x01', '0x03', '0x02']
17:40:12.397  DEBUG   [poll]    -> read  st2mot    
17:40:12.401  DEBUG   [poll]    <- read  st2mot     ret=0  data=['0x00', '0x00']
17:40:12.401  DEBUG   [poll]    -> read  st0cur    
17:40:12.405  DEBUG   [poll]    <- read  st0cur     ret=0  data=['0xff', '0x01', '0x03', '0x02']
17:40:13.407  DEBUG   [poll]    -> read  st2mot    
17:40:13.410  DEBUG   [poll]    <- read  st2mot     ret=0  data=['0x00', '0x00']
17:40:13.410  DEBUG   [poll]    -> read  st0cur    
17:40:13.415  DEBUG   [poll]    <- read  st0cur     ret=0  data=['0xff', '0x01', '0x03', '0x02']
17:40:14.416  DEBUG   [poll]    -> read  st2mot    
17:40:14.420  DEBUG   [poll]    <- read  st2mot     ret=0  data=['0x00', '0x00']
17:40:14.420  DEBUG   [poll]    -> read  st0cur    
17:40:14.424  DEBUG   [poll]    <- read  st0cur     ret=0  data=['0xfe', '0x01', '0x03', '0x02']
17:40:15.426  DEBUG   [poll]    -> read  st2mot    
17:40:15.429  DEBUG   [poll]    <- read  st2mot     ret=0  data=['0x00', '0x00']
17:40:15.430  DEBUG   [poll]    -> read  st0cur    
17:40:15.434  DEBUG   [poll]    <- read  st0cur     ret=0  data=['0xff', '0x01', '0x03', '0x02']
17:40:16.435  DEBUG   [poll]    -> read  st2mot    
17:40:16.439  DEBUG   [poll]    <- read  st2mot     ret=0  data=['0x00', '0x00']
17:40:16.440  DEBUG   [poll]    -> read  st0cur    
17:40:16.444  DEBUG   [poll]    <- read  st0cur     ret=0  data=['0xfe', '0x01', '0x03', '0x02']
17:40:17.446  DEBUG   [poll]    -> read  st2mot    
17:40:17.449  DEBUG   [poll]    <- read  st2mot     ret=0  data=['0x00', '0x00']
17:40:17.450  DEBUG   [poll]    -> read  st0cur    
17:40:17.454  DEBUG   [poll]    <- read  st0cur     ret=0  data=['0xff', '0x01', '0x03', '0x02']
17:40:18.455  DEBUG   [poll]    -> read  st2mot    
17:40:18.459  DEBUG   [poll]    <- read  st2mot     ret=0  data=['0x00', '0x00']
17:40:18.459  DEBUG   [poll]    -> read  st0cur    
17:40:18.463  DEBUG   [poll]    <- read  st0cur     ret=0  data=['0xff', '0x01', '0x03', '0x02']
17:40:19.465  DEBUG   [poll]    -> read  st2mot    
17:40:19.468  DEBUG   [poll]    <- read  st2mot     ret=0  data=['0x00', '0x00']
17:40:19.469  DEBUG   [poll]    -> read  st0cur    
17:40:19.473  DEBUG   [poll]    <- read  st0cur     ret=0  data=['0xfe', '0x01', '0x03', '0x02']
17:40:20.474  DEBUG   [poll]    -> read  st2mot    
17:40:20.478  DEBUG   [poll]    <- read  st2mot     ret=0  data=['0x00', '0x00']
17:40:20.478  DEBUG   [poll]    -> read  st0cur    
17:40:20.482  DEBUG   [poll]    <- read  st0cur     ret=0  data=['0xfe', '0x01', '0x03', '0x02']
17:40:21.484  DEBUG   [poll]    -> read  st2mot    
17:40:21.491  DEBUG   [poll]    <- read  st2mot     ret=0  data=['0x00', '0x00']
17:40:21.492  DEBUG   [poll]    -> read  st0cur    
17:40:21.496  DEBUG   [poll]    <- read  st0cur     ret=0  data=['0xff', '0x01', '0x03', '0x02']
17:40:22.498  DEBUG   [poll]    -> read  st2mot    
17:40:22.501  DEBUG   [poll]    <- read  st2mot     ret=0  data=['0x00', '0x00']
17:40:22.501  DEBUG   [poll]    -> read  st0cur    
17:40:22.506  DEBUG   [poll]    <- read  st0cur     ret=0  data=['0xff', '0x01', '0x03', '0x02']
17:40:22.824  WARNING client disconnected — stopping motor
17:40:22.825  DEBUG   [client]  -> write cntl3mot   data=['0x00', '0x00']
17:40:22.829  INFO    client disconnected
17:40:23.507  DEBUG   [poll]    -> read  st2mot    
17:40:23.511  DEBUG   [poll]    <- read  st2mot     ret=0  data=['0x00', '0x00']
17:40:23.511  DEBUG   [poll]    -> read  st0cur    
17:40:23.515  DEBUG   [poll]    <- read  st0cur     ret=0  data=['0xff', '0x01', '0x03', '0x02']
17:40:24.517  DEBUG   [poll]    -> read  st2mot    
17:40:24.520  DEBUG   [poll]    <- read  st2mot     ret=0  data=['0x00', '0x00']
17:40:24.521  DEBUG   [poll]    -> read  st0cur    
17:40:24.525  DEBUG   [poll]    <- read  st0cur     ret=0  data=['0xfe', '0x01', '0x03', '0x02']
17:40:25.526  DEBUG   [poll]    -> read  st2mot    
17:40:25.530  DEBUG   [poll]    <- read  st2mot     ret=0  data=['0x00', '0x00']
17:40:25.530  DEBUG   [poll]    -> read  st0cur    
17:40:25.535  DEBUG   [poll]    <- read  st0cur     ret=0  data=['0xff', '0x01', '0x03', '0x02']
17:40:26.536  DEBUG   [poll]    -> read  st2mot    
17:40:26.540  DEBUG   [poll]    <- read  st2mot     ret=0  data=['0x00', '0x00']
17:40:26.542  DEBUG   [poll]    -> read  st0cur    
17:40:26.546  DEBUG   [poll]    <- read  st0cur     ret=0  data=['0xff', '0x01', '0x03', '0x02']
17:40:27.548  DEBUG   [poll]    -> read  st2mot    
17:40:27.551  DEBUG   [poll]    <- read  st2mot     ret=0  data=['0x00', '0x00']
17:40:27.552  DEBUG   [poll]    -> read  st0cur    
17:40:27.556  DEBUG   [poll]    <- read  st0cur     ret=0  data=['0xff', '0x01', '0x03', '0x02']
17:40:28.558  DEBUG   [poll]    -> read  st2mot    
17:40:28.561  DEBUG   [poll]    <- read  st2mot     ret=0  data=['0x00', '0x00']
17:40:28.562  DEBUG   [poll]    -> read  st0cur    
17:40:28.566  DEBUG   [poll]    <- read  st0cur     ret=0  data=['0xff', '0x01', '0x02', '0x02']
17:40:29.567  DEBUG   [poll]    -> read  st2mot    
17:40:29.571  DEBUG   [poll]    <- read  st2mot     ret=0  data=['0x00', '0x00']
17:40:29.571  DEBUG   [poll]    -> read  st0cur    
17:40:29.575  DEBUG   [poll]    <- read  st0cur     ret=0  data=['0xff', '0x01', '0x03', '0x02']
17:40:30.577  DEBUG   [poll]    -> read  st2mot    
17:40:30.580  DEBUG   [poll]    <- read  st2mot     ret=0  data=['0x00', '0x00']
17:40:30.581  DEBUG   [poll]    -> read  st0cur    
17:40:30.585  DEBUG   [poll]    <- read  st0cur     ret=0  data=['0xff', '0x01', '0x03', '0x02']
17:40:31.586  DEBUG   [poll]    -> read  st2mot    
17:40:31.590  DEBUG   [poll]    <- read  st2mot     ret=0  data=['0x00', '0x00']
17:40:31.590  DEBUG   [poll]    -> read  st0cur    
17:40:31.594  DEBUG   [poll]    <- read  st0cur     ret=0  data=['0xfe', '0x01', '0x02', '0x02']
17:40:32.596  DEBUG   [poll]    -> read  st2mot    
17:40:32.599  DEBUG   [poll]    <- read  st2mot     ret=0  data=['0x00', '0x00']
17:40:32.600  DEBUG   [poll]    -> read  st0cur    
17:40:32.604  DEBUG   [poll]    <- read  st0cur     ret=0  data=['0xff', '0x01', '0x03', '0x02']
17:40:33.606  DEBUG   [poll]    -> read  st2mot    
17:40:33.609  DEBUG   [poll]    <- read  st2mot     ret=0  data=['0x00', '0x00']
17:40:33.609  DEBUG   [poll]    -> read  st0cur    
17:40:33.614  DEBUG   [poll]    <- read  st0cur     ret=0  data=['0xff', '0x01', '0x03', '0x02']
17:40:34.420  INFO    client connected
17:40:34.421  DEBUG   [client]  -> write cntl2mot   data=['0x00', '0x00', '0x00', '0x00', '0x00', '0x00']
17:40:34.427  DEBUG   [client]  -> read  st0mot    
17:40:34.430  DEBUG   [client]  <- read  st0mot     ret=0  data=['0x00', '0x00', '0x01']
17:40:34.431  DEBUG   [client]  -> write cntl3mot   data=['0x00', '0x00']
17:40:34.435  DEBUG   [client]  -> write cntl3mot   data=['0x03', '0xe8']
17:40:34.439  DEBUG   [client]  -> read  st2mot    
17:40:34.442  DEBUG   [client]  <- read  st2mot     ret=0  data=['0x00', '0x00']
17:40:34.443  DEBUG   [client]  -> read  st0cur    
17:40:34.447  DEBUG   [client]  <- read  st0cur     ret=0  data=['0xff', '0x01', '0x03', '0x02']
17:40:34.615  DEBUG   [poll]    -> read  st2mot    
17:40:34.618  DEBUG   [poll]    <- read  st2mot     ret=0  data=['0xc8', '0x00']
17:40:34.618  DEBUG   [poll]    -> read  st0cur    
17:40:34.622  DEBUG   [poll]    <- read  st0cur     ret=0  data=['0xff', '0x01', '0x03', '0x02']
17:40:34.640  DEBUG   [client]  -> read  st2mot    
17:40:34.643  DEBUG   [client]  <- read  st2mot     ret=0  data=['0x58', '0x02']
17:40:34.840  DEBUG   [client]  -> read  st2mot    
17:40:34.843  DEBUG   [client]  <- read  st2mot     ret=0  data=['0xbc', '0x02']
17:40:35.040  DEBUG   [client]  -> read  st2mot    
17:40:35.043  DEBUG   [client]  <- read  st2mot     ret=0  data=['0xa3', '0x02']
17:40:35.240  DEBUG   [client]  -> read  st2mot    
17:40:35.244  DEBUG   [client]  <- read  st2mot     ret=0  data=['0x52', '0x03']
17:40:35.440  DEBUG   [client]  -> read  st2mot    
17:40:35.444  DEBUG   [client]  <- read  st2mot     ret=0  data=['0x84', '0x03']
17:40:35.446  DEBUG   [client]  -> read  st0cur    
17:40:35.450  DEBUG   [client]  <- read  st0cur     ret=0  data=['0xff', '0x01', '0x03', '0x02']
17:40:35.624  DEBUG   [poll]    -> read  st2mot    
17:40:35.627  DEBUG   [poll]    <- read  st2mot     ret=0  data=['0x9d', '0x03']
17:40:35.627  DEBUG   [poll]    -> read  st0cur    
17:40:35.632  DEBUG   [poll]    <- read  st0cur     ret=0  data=['0xf9', '0x01', '0x04', '0x02']
17:40:35.640  DEBUG   [client]  -> read  st2mot    
17:40:35.644  DEBUG   [client]  <- read  st2mot     ret=0  data=['0x9d', '0x03']
17:40:35.840  DEBUG   [client]  -> read  st2mot    
17:40:35.844  DEBUG   [client]  <- read  st2mot     ret=0  data=['0x9d', '0x03']
17:40:36.040  DEBUG   [client]  -> read  st2mot    
17:40:36.044  DEBUG   [client]  <- read  st2mot     ret=0  data=['0xe8', '0x03']
17:40:36.240  DEBUG   [client]  -> read  st2mot    
17:40:36.244  DEBUG   [client]  <- read  st2mot     ret=0  data=['0xcf', '0x03']
17:40:36.440  DEBUG   [client]  -> read  st2mot    
17:40:36.444  DEBUG   [client]  <- read  st2mot     ret=0  data=['0xe8', '0x03']
17:40:36.445  DEBUG   [client]  -> read  st0cur    
17:40:36.450  DEBUG   [client]  <- read  st0cur     ret=0  data=['0xf9', '0x01', '0x04', '0x02']
17:40:36.633  DEBUG   [poll]    -> read  st2mot    
17:40:36.637  DEBUG   [poll]    <- read  st2mot     ret=0  data=['0xb6', '0x03']
17:40:36.639  DEBUG   [poll]    -> read  st0cur    
17:40:36.644  DEBUG   [poll]    <- read  st0cur     ret=0  data=['0xf8', '0x01', '0x04', '0x02']
17:40:36.644  DEBUG   [client]  -> read  st2mot    
17:40:36.648  DEBUG   [client]  <- read  st2mot     ret=0  data=['0xb6', '0x03']
17:40:36.840  DEBUG   [client]  -> read  st2mot    
17:40:36.844  DEBUG   [client]  <- read  st2mot     ret=0  data=['0x01', '0x04']
17:40:37.040  DEBUG   [client]  -> read  st2mot    
17:40:37.044  DEBUG   [client]  <- read  st2mot     ret=0  data=['0xe8', '0x03']
17:40:37.240  DEBUG   [client]  -> read  st2mot    
17:40:37.244  DEBUG   [client]  <- read  st2mot     ret=0  data=['0xe8', '0x03']
17:40:37.440  DEBUG   [client]  -> read  st2mot    
17:40:37.444  DEBUG   [client]  <- read  st2mot     ret=0  data=['0xcf', '0x03']
17:40:37.446  DEBUG   [client]  -> read  st0cur    
17:40:37.450  DEBUG   [client]  <- read  st0cur     ret=0  data=['0xf8', '0x01', '0x04', '0x02']
17:40:37.640  DEBUG   [client]  -> read  st2mot    
17:40:37.644  DEBUG   [client]  <- read  st2mot     ret=0  data=['0xe8', '0x03']
17:40:37.645  DEBUG   [poll]    -> read  st2mot    
17:40:37.649  DEBUG   [poll]    <- read  st2mot     ret=0  data=['0xe8', '0x03']
17:40:37.649  DEBUG   [poll]    -> read  st0cur    
17:40:37.654  DEBUG   [poll]    <- read  st0cur     ret=0  data=['0xf8', '0x01', '0x04', '0x02']
17:40:37.840  DEBUG   [client]  -> read  st2mot    
17:40:37.844  DEBUG   [client]  <- read  st2mot     ret=0  data=['0xcf', '0x03']
17:40:38.040  DEBUG   [client]  -> read  st2mot    
17:40:38.044  DEBUG   [client]  <- read  st2mot     ret=0  data=['0xe8', '0x03']
17:40:38.240  DEBUG   [client]  -> read  st2mot    
17:40:38.244  DEBUG   [client]  <- read  st2mot     ret=0  data=['0xe8', '0x03']
17:40:38.440  DEBUG   [client]  -> read  st2mot    
17:40:38.444  DEBUG   [client]  <- read  st2mot     ret=0  data=['0x01', '0x04']
17:40:38.445  DEBUG   [client]  -> read  st0cur    
17:40:38.450  DEBUG   [client]  <- read  st0cur     ret=0  data=['0xf8', '0x01', '0x04', '0x02']
17:40:38.640  DEBUG   [client]  -> read  st2mot    
17:40:38.644  DEBUG   [client]  <- read  st2mot     ret=0  data=['0xcf', '0x03']
17:40:38.655  DEBUG   [poll]    -> read  st2mot    
17:40:38.659  DEBUG   [poll]    <- read  st2mot     ret=0  data=['0xcf', '0x03']
17:40:38.659  DEBUG   [poll]    -> read  st0cur    
17:40:38.663  DEBUG   [poll]    <- read  st0cur     ret=0  data=['0xf7', '0x01', '0x05', '0x02']
17:40:38.840  DEBUG   [client]  -> read  st2mot    
17:40:38.844  DEBUG   [client]  <- read  st2mot     ret=0  data=['0xe8', '0x03']
17:40:39.040  DEBUG   [client]  -> read  st2mot    
17:40:39.044  DEBUG   [client]  <- read  st2mot     ret=0  data=['0xcf', '0x03']
17:40:39.240  DEBUG   [client]  -> read  st2mot    
17:40:39.244  DEBUG   [client]  <- read  st2mot     ret=0  data=['0x1a', '0x04']
17:40:39.440  DEBUG   [client]  -> read  st2mot    
17:40:39.444  DEBUG   [client]  <- read  st2mot     ret=0  data=['0xe8', '0x03']
17:40:39.445  DEBUG   [client]  -> read  st0cur    
17:40:39.450  DEBUG   [client]  <- read  st0cur     ret=0  data=['0xf7', '0x01', '0x05', '0x02']
17:40:39.640  DEBUG   [client]  -> read  st2mot    
17:40:39.644  DEBUG   [client]  <- read  st2mot     ret=0  data=['0xe8', '0x03']
17:40:39.665  DEBUG   [poll]    -> read  st2mot    
17:40:39.669  DEBUG   [poll]    <- read  st2mot     ret=0  data=['0xe8', '0x03']
17:40:39.670  DEBUG   [poll]    -> read  st0cur    
17:40:39.674  DEBUG   [poll]    <- read  st0cur     ret=0  data=['0xf6', '0x01', '0x05', '0x02']
17:40:39.840  DEBUG   [client]  -> read  st2mot    
17:40:39.844  DEBUG   [client]  <- read  st2mot     ret=0  data=['0xe8', '0x03']
17:40:40.040  DEBUG   [client]  -> read  st2mot    
17:40:40.044  DEBUG   [client]  <- read  st2mot     ret=0  data=['0x01', '0x04']
17:40:40.240  DEBUG   [client]  -> read  st2mot    
17:40:40.244  DEBUG   [client]  <- read  st2mot     ret=0  data=['0xe8', '0x03']
17:40:40.440  DEBUG   [client]  -> read  st2mot    
17:40:40.444  DEBUG   [client]  <- read  st2mot     ret=0  data=['0xe8', '0x03']
17:40:40.446  DEBUG   [client]  -> read  st0cur    
17:40:40.450  DEBUG   [client]  <- read  st0cur     ret=0  data=['0xf6', '0x01', '0x05', '0x02']
17:40:40.640  DEBUG   [client]  -> read  st2mot    
17:40:40.644  DEBUG   [client]  <- read  st2mot     ret=0  data=['0x01', '0x04']
17:40:40.675  DEBUG   [poll]    -> read  st2mot    
17:40:40.679  DEBUG   [poll]    <- read  st2mot     ret=0  data=['0x01', '0x04']
17:40:40.679  DEBUG   [poll]    -> read  st0cur    
17:40:40.683  DEBUG   [poll]    <- read  st0cur     ret=0  data=['0xf7', '0x01', '0x04', '0x02']
17:40:40.840  DEBUG   [client]  -> read  st2mot    
17:40:40.844  DEBUG   [client]  <- read  st2mot     ret=0  data=['0xcf', '0x03']
17:40:41.040  DEBUG   [client]  -> read  st2mot    
17:40:41.044  DEBUG   [client]  <- read  st2mot     ret=0  data=['0xe8', '0x03']
17:40:41.240  DEBUG   [client]  -> read  st2mot    
17:40:41.244  DEBUG   [client]  <- read  st2mot     ret=0  data=['0x01', '0x04']
17:40:41.249  DEBUG   [client]  -> read  st0mot    
17:40:41.253  DEBUG   [client]  <- read  st0mot     ret=0  data=['0x01', '0x00', '0x01']
17:40:41.255  DEBUG   [client]  -> read  st2mot    
17:40:41.259  DEBUG   [client]  <- read  st2mot     ret=0  data=['0xcf', '0x03']
17:40:41.264  DEBUG   [client]  -> read  st3mot    
17:40:41.271  DEBUG   [client]  <- read  st3mot     ret=0  data=['0x00', '0x00', '0x00', '0x00', '0x00', '0x00']
17:40:41.273  DEBUG   [client]  -> write cntl3mot   data=['0x03', '0x20']
17:40:41.529  DEBUG   [client]  -> write cntl3mot   data=['0x02', '0x58']
17:40:41.685  DEBUG   [poll]    -> read  st2mot    
17:40:41.692  DEBUG   [poll]    <- read  st2mot     ret=0  data=['0x58', '0x02']
17:40:41.692  DEBUG   [poll]    -> read  st0cur    
17:40:41.697  DEBUG   [poll]    <- read  st0cur     ret=0  data=['0xf7', '0x01', '0x05', '0x02']
17:40:41.785  DEBUG   [client]  -> write cntl3mot   data=['0x01', '0x90']
17:40:42.041  DEBUG   [client]  -> write cntl3mot   data=['0x00', '0xc8']
17:40:42.296  DEBUG   [client]  -> write cntl3mot   data=['0x00', '0x00']
17:40:42.301  WARNING client disconnected — stopping motor
17:40:42.302  DEBUG   [client]  -> write cntl3mot   data=['0x00', '0x00']
17:40:42.306  INFO    client disconnected
17:40:42.698  DEBUG   [poll]    -> read  st2mot    
17:40:42.702  DEBUG   [poll]    <- read  st2mot     ret=0  data=['0x00', '0x00']
17:40:42.702  DEBUG   [poll]    -> read  st0cur    
17:40:42.707  DEBUG   [poll]    <- read  st0cur     ret=0  data=['0xfa', '0x01', '0x04', '0x02']
17:40:42.707  WARNING *** OBSERVED STALL SIGNATURE (not acted on yet) — current=-0.29A while rpm=0 ***
17:40:43.709  DEBUG   [poll]    -> read  st2mot    
17:40:43.712  DEBUG   [poll]    <- read  st2mot     ret=0  data=['0x00', '0x00']
17:40:43.713  DEBUG   [poll]    -> read  st0cur    
17:40:43.717  DEBUG   [poll]    <- read  st0cur     ret=0  data=['0xff', '0x01', '0x03', '0x02']
17:40:44.718  DEBUG   [poll]    -> read  st2mot    
17:40:44.722  DEBUG   [poll]    <- read  st2mot     ret=0  data=['0x00', '0x00']
17:40:44.722  DEBUG   [poll]    -> read  st0cur    
17:40:44.727  DEBUG   [poll]    <- read  st0cur     ret=0  data=['0xff', '0x01', '0x03', '0x02']
17:40:45.728  DEBUG   [poll]    -> read  st2mot    
17:40:45.732  DEBUG   [poll]    <- read  st2mot     ret=0  data=['0x00', '0x00']
17:40:45.732  DEBUG   [poll]    -> read  st0cur    
17:40:45.736  DEBUG   [poll]    <- read  st0cur     ret=0  data=['0xff', '0x01', '0x02', '0x02']
17:40:46.738  DEBUG   [poll]    -> read  st2mot    
17:40:46.745  DEBUG   [poll]    <- read  st2mot     ret=0  data=['0x00', '0x00']
17:40:46.745  DEBUG   [poll]    -> read  st0cur    
17:40:46.750  DEBUG   [poll]    <- read  st0cur     ret=0  data=['0xfe', '0x01', '0x03', '0x02']
17:40:47.751  DEBUG   [poll]    -> read  st2mot    
17:40:47.755  DEBUG   [poll]    <- read  st2mot     ret=0  data=['0x00', '0x00']
17:40:47.755  DEBUG   [poll]    -> read  st0cur    
17:40:47.759  DEBUG   [poll]    <- read  st0cur     ret=0  data=['0xff', '0x01', '0x03', '0x02']
17:40:48.761  DEBUG   [poll]    -> read  st2mot    
17:40:48.764  DEBUG   [poll]    <- read  st2mot     ret=0  data=['0x00', '0x00']
17:40:48.765  DEBUG   [poll]    -> read  st0cur    
17:40:48.769  DEBUG   [poll]    <- read  st0cur     ret=0  data=['0xfe', '0x01', '0x03', '0x02']
17:40:49.770  DEBUG   [poll]    -> read  st2mot    
17:40:49.774  DEBUG   [poll]    <- read  st2mot     ret=0  data=['0x00', '0x00']
17:40:49.774  DEBUG   [poll]    -> read  st0cur    
17:40:49.778  DEBUG   [poll]    <- read  st0cur     ret=0  data=['0xff', '0x01', '0x02', '0x02']
17:40:50.780  DEBUG   [poll]    -> read  st2mot    
17:40:50.783  DEBUG   [poll]    <- read  st2mot     ret=0  data=['0x00', '0x00']
17:40:50.784  DEBUG   [poll]    -> read  st0cur    
17:40:50.788  DEBUG   [poll]    <- read  st0cur     ret=0  data=['0xff', '0x01', '0x03', '0x02']
17:40:51.790  DEBUG   [poll]    -> read  st2mot    
17:40:51.797  DEBUG   [poll]    <- read  st2mot     ret=0  data=['0x00', '0x00']
17:40:51.797  DEBUG   [poll]    -> read  st0cur    
17:40:51.801  DEBUG   [poll]    <- read  st0cur     ret=0  data=['0xfe', '0x01', '0x03', '0x02']
17:40:52.803  DEBUG   [poll]    -> read  st2mot    
17:40:52.806  DEBUG   [poll]    <- read  st2mot     ret=0  data=['0x00', '0x00']
17:40:52.807  DEBUG   [poll]    -> read  st0cur    
17:40:52.811  DEBUG   [poll]    <- read  st0cur     ret=0  data=['0xff', '0x01', '0x03', '0x02']
17:40:53.812  DEBUG   [poll]    -> read  st2mot    
17:40:53.816  DEBUG   [poll]    <- read  st2mot     ret=0  data=['0x00', '0x00']
17:40:53.816  DEBUG   [poll]    -> read  st0cur    
17:40:53.821  DEBUG   [poll]    <- read  st0cur     ret=0  data=['0xfe', '0x01', '0x03', '0x02']
17:40:54.822  DEBUG   [poll]    -> read  st2mot    
17:40:54.825  DEBUG   [poll]    <- read  st2mot     ret=0  data=['0x00', '0x00']
17:40:54.826  DEBUG   [poll]    -> read  st0cur    
17:40:54.830  DEBUG   [poll]    <- read  st0cur     ret=0  data=['0xfe', '0x01', '0x03', '0x02']
17:40:55.832  DEBUG   [poll]    -> read  st2mot    
17:40:55.835  DEBUG   [poll]    <- read  st2mot     ret=0  data=['0x00', '0x00']
17:40:55.836  DEBUG   [poll]    -> read  st0cur    
17:40:55.840  DEBUG   [poll]    <- read  st0cur     ret=0  data=['0xff', '0x01', '0x03', '0x02']
17:40:56.841  DEBUG   [poll]    -> read  st2mot    
17:40:56.848  DEBUG   [poll]    <- read  st2mot     ret=0  data=['0x00', '0x00']
17:40:56.849  DEBUG   [poll]    -> read  st0cur    
17:40:56.853  DEBUG   [poll]    <- read  st0cur     ret=0  data=['0xff', '0x01', '0x03', '0x02']
17:40:57.855  DEBUG   [poll]    -> read  st2mot    
17:40:57.858  DEBUG   [poll]    <- read  st2mot     ret=0  data=['0x00', '0x00']
17:40:57.859  DEBUG   [poll]    -> read  st0cur    
17:40:57.863  DEBUG   [poll]    <- read  st0cur     ret=0  data=['0xff', '0x01', '0x03', '0x02']
17:40:58.863  DEBUG   [poll]    -> read  st2mot    
17:40:58.867  DEBUG   [poll]    <- read  st2mot     ret=0  data=['0x00', '0x00']
17:40:58.867  DEBUG   [poll]    -> read  st0cur    
17:40:58.872  DEBUG   [poll]    <- read  st0cur     ret=0  data=['0xfe', '0x01', '0x03', '0x02']
17:40:59.873  DEBUG   [poll]    -> read  st2mot    
17:40:59.876  DEBUG   [poll]    <- read  st2mot     ret=0  data=['0x00', '0x00']
17:40:59.877  DEBUG   [poll]    -> read  st0cur    
17:40:59.881  DEBUG   [poll]    <- read  st0cur     ret=0  data=['0xfe', '0x01', '0x02', '0x02']
17:41:00.883  DEBUG   [poll]    -> read  st2mot    
17:41:00.886  DEBUG   [poll]    <- read  st2mot     ret=0  data=['0x00', '0x00']
17:41:00.887  DEBUG   [poll]    -> read  st0cur    
17:41:00.891  DEBUG   [poll]    <- read  st0cur     ret=0  data=['0xfe', '0x01', '0x03', '0x02']
17:41:01.892  DEBUG   [poll]    -> read  st2mot    
17:41:01.899  DEBUG   [poll]    <- read  st2mot     ret=0  data=['0x00', '0x00']
17:41:01.900  DEBUG   [poll]    -> read  st0cur    
17:41:01.904  DEBUG   [poll]    <- read  st0cur     ret=0  data=['0xff', '0x01', '0x03', '0x02']
17:41:02.906  DEBUG   [poll]    -> read  st2mot    
17:41:02.909  DEBUG   [poll]    <- read  st2mot     ret=0  data=['0x00', '0x00']
17:41:02.910  DEBUG   [poll]    -> read  st0cur    
17:41:02.914  DEBUG   [poll]    <- read  st0cur     ret=0  data=['0xfe', '0x01', '0x03', '0x02']
17:41:03.915  DEBUG   [poll]    -> read  st2mot    
17:41:03.919  DEBUG   [poll]    <- read  st2mot     ret=0  data=['0x00', '0x00']
17:41:03.919  DEBUG   [poll]    -> read  st0cur    
17:41:03.924  DEBUG   [poll]    <- read  st0cur     ret=0  data=['0xfe', '0x01', '0x03', '0x02']
17:41:04.925  DEBUG   [poll]    -> read  st2mot    
17:41:04.929  DEBUG   [poll]    <- read  st2mot     ret=0  data=['0x00', '0x00']
17:41:04.929  DEBUG   [poll]    -> read  st0cur    
17:41:04.933  DEBUG   [poll]    <- read  st0cur     ret=0  data=['0xfe', '0x01', '0x03', '0x02']
17:41:05.935  DEBUG   [poll]    -> read  st2mot    
17:41:05.938  DEBUG   [poll]    <- read  st2mot     ret=0  data=['0x00', '0x00']
17:41:05.939  DEBUG   [poll]    -> read  st0cur    
17:41:05.943  DEBUG   [poll]    <- read  st0cur     ret=0  data=['0xfe', '0x01', '0x03', '0x02']
17:41:06.945  DEBUG   [poll]    -> read  st2mot    
17:41:06.952  DEBUG   [poll]    <- read  st2mot     ret=0  data=['0x00', '0x00']
17:41:06.952  DEBUG   [poll]    -> read  st0cur    
17:41:06.956  DEBUG   [poll]    <- read  st0cur     ret=0  data=['0xff', '0x01', '0x03', '0x02']
17:41:07.958  DEBUG   [poll]    -> read  st2mot    
17:41:07.961  DEBUG   [poll]    <- read  st2mot     ret=0  data=['0x00', '0x00']
17:41:07.962  DEBUG   [poll]    -> read  st0cur    
17:41:07.966  DEBUG   [poll]    <- read  st0cur     ret=0  data=['0xfe', '0x01', '0x03', '0x02']
17:41:08.968  DEBUG   [poll]    -> read  st2mot    
17:41:08.971  DEBUG   [poll]    <- read  st2mot     ret=0  data=['0x00', '0x00']
17:41:08.972  DEBUG   [poll]    -> read  st0cur    
17:41:08.976  DEBUG   [poll]    <- read  st0cur     ret=0  data=['0xff', '0x01', '0x03', '0x02']
17:41:09.977  DEBUG   [poll]    -> read  st2mot    
17:41:09.981  DEBUG   [poll]    <- read  st2mot     ret=0  data=['0x00', '0x00']
17:41:09.981  DEBUG   [poll]    -> read  st0cur    
17:41:09.986  DEBUG   [poll]    <- read  st0cur     ret=0  data=['0xfe', '0x01', '0x02', '0x02']
17:41:10.987  DEBUG   [poll]    -> read  st2mot    
17:41:10.990  DEBUG   [poll]    <- read  st2mot     ret=0  data=['0x00', '0x00']
17:41:10.991  DEBUG   [poll]    -> read  st0cur    
17:41:10.995  DEBUG   [poll]    <- read  st0cur     ret=0  data=['0xff', '0x01', '0x03', '0x02']
17:41:11.997  DEBUG   [poll]    -> read  st2mot    
17:41:12.004  DEBUG   [poll]    <- read  st2mot     ret=0  data=['0x00', '0x00']
17:41:12.004  DEBUG   [poll]    -> read  st0cur    
17:41:12.009  DEBUG   [poll]    <- read  st0cur     ret=0  data=['0xfe', '0x01', '0x03', '0x02']
17:41:13.010  DEBUG   [poll]    -> read  st2mot    
17:41:13.013  DEBUG   [poll]    <- read  st2mot     ret=0  data=['0x00', '0x00']
17:41:13.014  DEBUG   [poll]    -> read  st0cur    
17:41:13.018  DEBUG   [poll]    <- read  st0cur     ret=0  data=['0xff', '0x01', '0x03', '0x02']
17:41:14.020  DEBUG   [poll]    -> read  st2mot    
17:41:14.023  DEBUG   [poll]    <- read  st2mot     ret=0  data=['0x00', '0x00']
17:41:14.024  DEBUG   [poll]    -> read  st0cur    
17:41:14.028  DEBUG   [poll]    <- read  st0cur     ret=0  data=['0xff', '0x01', '0x03', '0x02']
17:41:15.029  DEBUG   [poll]    -> read  st2mot    
17:41:15.033  DEBUG   [poll]    <- read  st2mot     ret=0  data=['0x00', '0x00']
17:41:15.033  DEBUG   [poll]    -> read  st0cur    
17:41:15.038  DEBUG   [poll]    <- read  st0cur     ret=0  data=['0xfe', '0x01', '0x03', '0x02']
17:41:16.039  DEBUG   [poll]    -> read  st2mot    
17:41:16.042  DEBUG   [poll]    <- read  st2mot     ret=0  data=['0x00', '0x00']
17:41:16.043  DEBUG   [poll]    -> read  st0cur    
17:41:16.047  DEBUG   [poll]    <- read  st0cur     ret=0  data=['0xff', '0x01', '0x03', '0x02']
17:41:17.049  DEBUG   [poll]    -> read  st2mot    
17:41:17.055  DEBUG   [poll]    <- read  st2mot     ret=0  data=['0x00', '0x00']
17:41:17.056  DEBUG   [poll]    -> read  st0cur    
17:41:17.060  DEBUG   [poll]    <- read  st0cur     ret=0  data=['0xff', '0x01', '0x03', '0x02']
17:41:18.062  DEBUG   [poll]    -> read  st2mot    
17:41:18.065  DEBUG   [poll]    <- read  st2mot     ret=0  data=['0x00', '0x00']
17:41:18.065  DEBUG   [poll]    -> read  st0cur    
17:41:18.070  DEBUG   [poll]    <- read  st0cur     ret=0  data=['0xfe', '0x01', '0x03', '0x02']
17:41:19.071  DEBUG   [poll]    -> read  st2mot    
17:41:19.074  DEBUG   [poll]    <- read  st2mot     ret=0  data=['0x00', '0x00']
17:41:19.075  DEBUG   [poll]    -> read  st0cur    
17:41:19.079  DEBUG   [poll]    <- read  st0cur     ret=0  data=['0xfe', '0x01', '0x02', '0x02']
17:41:20.081  DEBUG   [poll]    -> read  st2mot    
17:41:20.084  DEBUG   [poll]    <- read  st2mot     ret=0  data=['0x00', '0x00']
17:41:20.085  DEBUG   [poll]    -> read  st0cur    
17:41:20.089  DEBUG   [poll]    <- read  st0cur     ret=0  data=['0xff', '0x01', '0x03', '0x02']
17:41:21.091  DEBUG   [poll]    -> read  st2mot    
17:41:21.094  DEBUG   [poll]    <- read  st2mot     ret=0  data=['0x00', '0x00']
17:41:21.094  DEBUG   [poll]    -> read  st0cur    
17:41:21.099  DEBUG   [poll]    <- read  st0cur     ret=0  data=['0xff', '0x01', '0x02', '0x02']
17:41:22.100  DEBUG   [poll]    -> read  st2mot    
17:41:22.107  DEBUG   [poll]    <- read  st2mot     ret=0  data=['0x00', '0x00']
17:41:22.108  DEBUG   [poll]    -> read  st0cur    
17:41:22.112  DEBUG   [poll]    <- read  st0cur     ret=0  data=['0xff', '0x01', '0x03', '0x02']
17:41:23.113  DEBUG   [poll]    -> read  st2mot    
17:41:23.117  DEBUG   [poll]    <- read  st2mot     ret=0  data=['0x00', '0x00']
17:41:23.117  DEBUG   [poll]    -> read  st0cur    
17:41:23.121  DEBUG   [poll]    <- read  st0cur     ret=0  data=['0xff', '0x01', '0x03', '0x02']
17:41:24.123  DEBUG   [poll]    -> read  st2mot    
17:41:24.126  DEBUG   [poll]    <- read  st2mot     ret=0  data=['0x00', '0x00']
17:41:24.127  DEBUG   [poll]    -> read  st0cur    
17:41:24.131  DEBUG   [poll]    <- read  st0cur     ret=0  data=['0xff', '0x01', '0x02', '0x02']
17:41:25.133  DEBUG   [poll]    -> read  st2mot    
17:41:25.136  DEBUG   [poll]    <- read  st2mot     ret=0  data=['0x00', '0x00']
17:41:25.136  DEBUG   [poll]    -> read  st0cur    
17:41:25.141  DEBUG   [poll]    <- read  st0cur     ret=0  data=['0xff', '0x01', '0x03', '0x02']
17:41:26.142  DEBUG   [poll]    -> read  st2mot    
17:41:26.145  DEBUG   [poll]    <- read  st2mot     ret=0  data=['0x00', '0x00']
17:41:26.146  DEBUG   [poll]    -> read  st0cur    
17:41:26.150  DEBUG   [poll]    <- read  st0cur     ret=0  data=['0xff', '0x01', '0x02', '0x02']
17:41:27.152  DEBUG   [poll]    -> read  st2mot    
17:41:27.159  DEBUG   [poll]    <- read  st2mot     ret=0  data=['0x00', '0x00']
17:41:27.159  DEBUG   [poll]    -> read  st0cur    
17:41:27.163  DEBUG   [poll]    <- read  st0cur     ret=0  data=['0xfe', '0x01', '0x03', '0x02']
17:41:28.165  DEBUG   [poll]    -> read  st2mot    
17:41:28.168  DEBUG   [poll]    <- read  st2mot     ret=0  data=['0x00', '0x00']
17:41:28.169  DEBUG   [poll]    -> read  st0cur    
17:41:28.173  DEBUG   [poll]    <- read  st0cur     ret=0  data=['0xff', '0x01', '0x03', '0x02']
17:41:29.175  DEBUG   [poll]    -> read  st2mot    
17:41:29.178  DEBUG   [poll]    <- read  st2mot     ret=0  data=['0x00', '0x00']
17:41:29.178  DEBUG   [poll]    -> read  st0cur    
17:41:29.183  DEBUG   [poll]    <- read  st0cur     ret=0  data=['0xff', '0x01', '0x03', '0x02']
17:41:30.184  DEBUG   [poll]    -> read  st2mot    
17:41:30.187  DEBUG   [poll]    <- read  st2mot     ret=0  data=['0x00', '0x00']
17:41:30.188  DEBUG   [poll]    -> read  st0cur    
17:41:30.192  DEBUG   [poll]    <- read  st0cur     ret=0  data=['0xff', '0x01', '0x03', '0x02']
17:41:31.193  DEBUG   [poll]    -> read  st2mot    
17:41:31.197  DEBUG   [poll]    <- read  st2mot     ret=0  data=['0x00', '0x00']
17:41:31.197  DEBUG   [poll]    -> read  st0cur    
17:41:31.202  DEBUG   [poll]    <- read  st0cur     ret=0  data=['0xfe', '0x01', '0x03', '0x02']
17:41:32.203  DEBUG   [poll]    -> read  st2mot    
17:41:32.207  DEBUG   [poll]    <- read  st2mot     ret=0  data=['0x00', '0x00']
17:41:32.207  DEBUG   [poll]    -> read  st0cur    
17:41:32.212  DEBUG   [poll]    <- read  st0cur     ret=0  data=['0xff', '0x01', '0x03', '0x02']
17:41:33.213  DEBUG   [poll]    -> read  st2mot    
17:41:33.216  DEBUG   [poll]    <- read  st2mot     ret=0  data=['0x00', '0x00']
17:41:33.217  DEBUG   [poll]    -> read  st0cur    
17:41:33.221  DEBUG   [poll]    <- read  st0cur     ret=0  data=['0xff', '0x01', '0x03', '0x02']
17:41:34.223  DEBUG   [poll]    -> read  st2mot    
17:41:34.226  DEBUG   [poll]    <- read  st2mot     ret=0  data=['0x00', '0x00']
17:41:34.227  DEBUG   [poll]    -> read  st0cur    
17:41:34.231  DEBUG   [poll]    <- read  st0cur     ret=0  data=['0xff', '0x01', '0x03', '0x02']
17:41:35.233  DEBUG   [poll]    -> read  st2mot    
17:41:35.236  DEBUG   [poll]    <- read  st2mot     ret=0  data=['0x00', '0x00']
17:41:35.237  DEBUG   [poll]    -> read  st0cur    
17:41:35.241  DEBUG   [poll]    <- read  st0cur     ret=0  data=['0xff', '0x01', '0x03', '0x02']
17:41:36.242  DEBUG   [poll]    -> read  st2mot    
17:41:36.246  DEBUG   [poll]    <- read  st2mot     ret=0  data=['0x00', '0x00']
17:41:36.246  DEBUG   [poll]    -> read  st0cur    
17:41:36.251  DEBUG   [poll]    <- read  st0cur     ret=0  data=['0xff', '0x01', '0x03', '0x02']
17:41:37.252  DEBUG   [poll]    -> read  st2mot    
17:41:37.255  DEBUG   [poll]    <- read  st2mot     ret=0  data=['0x00', '0x00']
17:41:37.256  DEBUG   [poll]    -> read  st0cur    
17:41:37.260  DEBUG   [poll]    <- read  st0cur     ret=0  data=['0xff', '0x01', '0x03', '0x02']
17:41:38.262  DEBUG   [poll]    -> read  st2mot    
17:41:38.265  DEBUG   [poll]    <- read  st2mot     ret=0  data=['0x00', '0x00']
17:41:38.266  DEBUG   [poll]    -> read  st0cur    
17:41:38.270  DEBUG   [poll]    <- read  st0cur     ret=0  data=['0xfe', '0x01', '0x03', '0x02']
17:41:39.272  DEBUG   [poll]    -> read  st2mot    
17:41:39.275  DEBUG   [poll]    <- read  st2mot     ret=0  data=['0x00', '0x00']
17:41:39.275  DEBUG   [poll]    -> read  st0cur    
17:41:39.280  DEBUG   [poll]    <- read  st0cur     ret=0  data=['0xff', '0x01', '0x03', '0x02']
17:41:40.281  DEBUG   [poll]    -> read  st2mot    
17:41:40.285  DEBUG   [poll]    <- read  st2mot     ret=0  data=['0x00', '0x00']
17:41:40.285  DEBUG   [poll]    -> read  st0cur    
17:41:40.289  DEBUG   [poll]    <- read  st0cur     ret=0  data=['0xfe', '0x01', '0x03', '0x02']
17:41:41.218  INFO    client connected
17:41:41.219  DEBUG   [client]  -> write cntl2mot   data=['0x00', '0x00', '0x00', '0x00', '0x00', '0x00']
17:41:41.224  DEBUG   [client]  -> read  st0mot    
17:41:41.228  DEBUG   [client]  <- read  st0mot     ret=0  data=['0x00', '0x01', '0x01']
17:41:41.229  DEBUG   [client]  -> write cntl3mot   data=['0x00', '0x00']
17:41:41.233  DEBUG   [client]  -> write cntl3mot   data=['0x03', '0xe8']
17:41:41.237  DEBUG   [client]  -> read  st2mot    
17:41:41.240  DEBUG   [client]  <- read  st2mot     ret=0  data=['0x00', '0x00']
17:41:41.241  DEBUG   [client]  -> read  st0cur    
17:41:41.245  DEBUG   [client]  <- read  st0cur     ret=0  data=['0xfe', '0x01', '0x03', '0x02']
17:41:41.291  DEBUG   [poll]    -> read  st2mot    
17:41:41.294  DEBUG   [poll]    <- read  st2mot     ret=0  data=['0x00', '0x00']
17:41:41.294  DEBUG   [poll]    -> read  st0cur    
17:41:41.298  DEBUG   [poll]    <- read  st0cur     ret=0  data=['0xfe', '0x01', '0x03', '0x02']
17:41:41.437  DEBUG   [client]  -> read  st2mot    
17:41:41.440  DEBUG   [client]  <- read  st2mot     ret=0  data=['0xc2', '0x01']
17:41:41.637  DEBUG   [client]  -> read  st2mot    
17:41:41.640  DEBUG   [client]  <- read  st2mot     ret=0  data=['0xa3', '0x02']
17:41:41.838  DEBUG   [client]  -> read  st2mot    
17:41:41.841  DEBUG   [client]  <- read  st2mot     ret=0  data=['0xee', '0x02']
17:41:42.038  DEBUG   [client]  -> read  st2mot    
17:41:42.041  DEBUG   [client]  <- read  st2mot     ret=0  data=['0x20', '0x03']
17:41:42.238  DEBUG   [client]  -> read  st2mot    
17:41:42.241  DEBUG   [client]  <- read  st2mot     ret=0  data=['0x6b', '0x03']
17:41:42.243  DEBUG   [client]  -> read  st0cur    
17:41:42.248  DEBUG   [client]  <- read  st0cur     ret=0  data=['0xfd', '0x01', '0x08', '0x02']
17:41:42.299  DEBUG   [poll]    -> read  st2mot    
17:41:42.303  DEBUG   [poll]    <- read  st2mot     ret=0  data=['0x00', '0x00']
17:41:42.305  DEBUG   [poll]    -> read  st0cur    
17:41:42.309  DEBUG   [poll]    <- read  st0cur     ret=0  data=['0xfd', '0x01', '0x08', '0x02']
17:41:42.438  DEBUG   [client]  -> read  st2mot    
17:41:42.441  DEBUG   [client]  <- read  st2mot     ret=0  data=['0x9d', '0x03']
17:41:42.638  DEBUG   [client]  -> read  st2mot    
17:41:42.641  DEBUG   [client]  <- read  st2mot     ret=0  data=['0x9d', '0x03']
17:41:42.838  DEBUG   [client]  -> read  st2mot    
17:41:42.841  DEBUG   [client]  <- read  st2mot     ret=0  data=['0xcf', '0x03']
17:41:43.038  DEBUG   [client]  -> read  st2mot    
17:41:43.041  DEBUG   [client]  <- read  st2mot     ret=0  data=['0xe8', '0x03']
17:41:43.238  DEBUG   [client]  -> read  st2mot    
17:41:43.241  DEBUG   [client]  <- read  st2mot     ret=0  data=['0xe8', '0x03']
17:41:43.243  DEBUG   [client]  -> read  st0cur    
17:41:43.247  DEBUG   [client]  <- read  st0cur     ret=0  data=['0xfd', '0x01', '0x11', '0x02']
17:41:43.310  DEBUG   [poll]    -> read  st2mot    
17:41:43.314  DEBUG   [poll]    <- read  st2mot     ret=0  data=['0x00', '0x00']
17:41:43.314  DEBUG   [poll]    -> read  st0cur    
17:41:43.319  DEBUG   [poll]    <- read  st0cur     ret=0  data=['0xfd', '0x01', '0x11', '0x02']
17:41:43.438  DEBUG   [client]  -> read  st2mot    
17:41:43.441  DEBUG   [client]  <- read  st2mot     ret=0  data=['0xcf', '0x03']
17:41:43.638  DEBUG   [client]  -> read  st2mot    
17:41:43.641  DEBUG   [client]  <- read  st2mot     ret=0  data=['0x1a', '0x04']
17:41:43.838  DEBUG   [client]  -> read  st2mot    
17:41:43.841  DEBUG   [client]  <- read  st2mot     ret=0  data=['0xb6', '0x03']
17:41:44.038  DEBUG   [client]  -> read  st2mot    
17:41:44.041  DEBUG   [client]  <- read  st2mot     ret=0  data=['0xe8', '0x03']
17:41:44.238  DEBUG   [client]  -> read  st2mot    
17:41:44.241  DEBUG   [client]  <- read  st2mot     ret=0  data=['0xe8', '0x03']
17:41:44.243  DEBUG   [client]  -> read  st0cur    
17:41:44.247  DEBUG   [client]  <- read  st0cur     ret=0  data=['0xfd', '0x01', '0x10', '0x02']
17:41:44.320  DEBUG   [poll]    -> read  st2mot    
17:41:44.324  DEBUG   [poll]    <- read  st2mot     ret=0  data=['0x00', '0x00']
17:41:44.324  DEBUG   [poll]    -> read  st0cur    
17:41:44.329  DEBUG   [poll]    <- read  st0cur     ret=0  data=['0xfd', '0x01', '0x10', '0x02']
17:41:44.438  DEBUG   [client]  -> read  st2mot    
17:41:44.441  DEBUG   [client]  <- read  st2mot     ret=0  data=['0xe8', '0x03']
17:41:44.638  DEBUG   [client]  -> read  st2mot    
17:41:44.641  DEBUG   [client]  <- read  st2mot     ret=0  data=['0x01', '0x04']
17:41:44.838  DEBUG   [client]  -> read  st2mot    
17:41:44.841  DEBUG   [client]  <- read  st2mot     ret=0  data=['0x01', '0x04']
17:41:45.038  DEBUG   [client]  -> read  st2mot    
17:41:45.041  DEBUG   [client]  <- read  st2mot     ret=0  data=['0x01', '0x04']
17:41:45.238  DEBUG   [client]  -> read  st2mot    
17:41:45.241  DEBUG   [client]  <- read  st2mot     ret=0  data=['0xe8', '0x03']
17:41:45.243  DEBUG   [client]  -> read  st0cur    
17:41:45.248  DEBUG   [client]  <- read  st0cur     ret=0  data=['0xfd', '0x01', '0x0f', '0x02']
17:41:45.330  DEBUG   [poll]    -> read  st2mot    
17:41:45.333  DEBUG   [poll]    <- read  st2mot     ret=0  data=['0x00', '0x00']
17:41:45.334  DEBUG   [poll]    -> read  st0cur    
17:41:45.338  DEBUG   [poll]    <- read  st0cur     ret=0  data=['0xfd', '0x01', '0x0f', '0x02']
17:41:45.438  DEBUG   [client]  -> read  st2mot    
17:41:45.441  DEBUG   [client]  <- read  st2mot     ret=0  data=['0xb6', '0x03']
17:41:45.638  DEBUG   [client]  -> read  st2mot    
17:41:45.641  DEBUG   [client]  <- read  st2mot     ret=0  data=['0xe8', '0x03']
17:41:45.838  DEBUG   [client]  -> read  st2mot    
17:41:45.841  DEBUG   [client]  <- read  st2mot     ret=0  data=['0xe8', '0x03']
17:41:46.038  DEBUG   [client]  -> read  st2mot    
17:41:46.041  DEBUG   [client]  <- read  st2mot     ret=0  data=['0x01', '0x04']
17:41:46.238  DEBUG   [client]  -> read  st2mot    
17:41:46.241  DEBUG   [client]  <- read  st2mot     ret=0  data=['0xcf', '0x03']
17:41:46.243  DEBUG   [client]  -> read  st0cur    
17:41:46.248  DEBUG   [client]  <- read  st0cur     ret=0  data=['0xfd', '0x01', '0x0e', '0x02']
17:41:46.340  DEBUG   [poll]    -> read  st2mot    
17:41:46.343  DEBUG   [poll]    <- read  st2mot     ret=0  data=['0x00', '0x00']
17:41:46.344  DEBUG   [poll]    -> read  st0cur    
17:41:46.348  DEBUG   [poll]    <- read  st0cur     ret=0  data=['0xfd', '0x01', '0x0e', '0x02']
17:41:46.438  DEBUG   [client]  -> read  st2mot    
17:41:46.441  DEBUG   [client]  <- read  st2mot     ret=0  data=['0xe8', '0x03']
17:41:46.638  DEBUG   [client]  -> read  st2mot    
17:41:46.641  DEBUG   [client]  <- read  st2mot     ret=0  data=['0xe8', '0x03']
17:41:46.838  DEBUG   [client]  -> read  st2mot    
17:41:46.841  DEBUG   [client]  <- read  st2mot     ret=0  data=['0xe8', '0x03']
17:41:47.038  DEBUG   [client]  -> read  st2mot    
17:41:47.041  DEBUG   [client]  <- read  st2mot     ret=0  data=['0xcf', '0x03']
17:41:47.238  DEBUG   [client]  -> read  st2mot    
17:41:47.241  DEBUG   [client]  <- read  st2mot     ret=0  data=['0x01', '0x04']
17:41:47.243  DEBUG   [client]  -> read  st0cur    
17:41:47.248  DEBUG   [client]  <- read  st0cur     ret=0  data=['0xfd', '0x01', '0x0e', '0x02']
17:41:47.349  DEBUG   [poll]    -> read  st2mot    
17:41:47.353  DEBUG   [poll]    <- read  st2mot     ret=0  data=['0x00', '0x00']
17:41:47.359  DEBUG   [poll]    -> read  st0cur    
17:41:47.363  DEBUG   [poll]    <- read  st0cur     ret=0  data=['0xfd', '0x01', '0x0e', '0x02']
17:41:47.438  DEBUG   [client]  -> read  st2mot    
17:41:47.441  DEBUG   [client]  <- read  st2mot     ret=0  data=['0xcf', '0x03']
17:41:47.638  DEBUG   [client]  -> read  st2mot    
17:41:47.641  DEBUG   [client]  <- read  st2mot     ret=0  data=['0xe8', '0x03']
17:41:47.838  DEBUG   [client]  -> read  st2mot    
17:41:47.841  DEBUG   [client]  <- read  st2mot     ret=0  data=['0xe8', '0x03']
17:41:48.038  DEBUG   [client]  -> read  st2mot    
17:41:48.041  DEBUG   [client]  <- read  st2mot     ret=0  data=['0xb6', '0x03']
17:41:48.045  DEBUG   [client]  -> read  st0mot    
17:41:48.049  DEBUG   [client]  <- read  st0mot     ret=0  data=['0x01', '0x00', '0x00']
17:41:48.051  DEBUG   [client]  -> read  st2mot    
17:41:48.056  DEBUG   [client]  <- read  st2mot     ret=0  data=['0xb6', '0x03']
17:41:48.058  DEBUG   [client]  -> read  st3mot    
17:41:48.063  DEBUG   [client]  <- read  st3mot     ret=0  data=['0x00', '0x00', '0x00', '0x00', '0x00', '0x00']
17:41:48.065  DEBUG   [client]  -> write cntl3mot   data=['0x03', '0x20']
17:41:48.321  DEBUG   [client]  -> write cntl3mot   data=['0x02', '0x58']
17:41:48.364  DEBUG   [poll]    -> read  st2mot    
17:41:48.367  DEBUG   [poll]    <- read  st2mot     ret=0  data=['0x00', '0x00']
17:41:48.368  DEBUG   [poll]    -> read  st0cur    
17:41:48.372  DEBUG   [poll]    <- read  st0cur     ret=0  data=['0xfd', '0x01', '0x0f', '0x02']
17:41:48.577  DEBUG   [client]  -> write cntl3mot   data=['0x01', '0x90']
17:41:48.832  DEBUG   [client]  -> write cntl3mot   data=['0x00', '0xc8']
17:41:49.088  DEBUG   [client]  -> write cntl3mot   data=['0x00', '0x00']
17:41:49.092  WARNING client disconnected — stopping motor
17:41:49.093  DEBUG   [client]  -> write cntl3mot   data=['0x00', '0x00']
17:41:49.097  INFO    client disconnected
17:41:49.373  DEBUG   [poll]    -> read  st2mot    
17:41:49.377  DEBUG   [poll]    <- read  st2mot     ret=0  data=['0x00', '0x00']
17:41:49.377  DEBUG   [poll]    -> read  st0cur    
17:41:49.382  DEBUG   [poll]    <- read  st0cur     ret=0  data=['0xfd', '0x01', '0x0f', '0x02']
17:41:50.383  DEBUG   [poll]    -> read  st2mot    
17:41:50.386  DEBUG   [poll]    <- read  st2mot     ret=0  data=['0x00', '0x00']
17:41:50.387  DEBUG   [poll]    -> read  st0cur    
17:41:50.391  DEBUG   [poll]    <- read  st0cur     ret=0  data=['0xfe', '0x01', '0x07', '0x02']
17:41:51.393  DEBUG   [poll]    -> read  st2mot    
17:41:51.396  DEBUG   [poll]    <- read  st2mot     ret=0  data=['0x00', '0x00']
17:41:51.397  DEBUG   [poll]    -> read  st0cur    
17:41:51.401  DEBUG   [poll]    <- read  st0cur     ret=0  data=['0xfe', '0x01', '0x03', '0x02']
17:41:52.402  DEBUG   [poll]    -> read  st2mot    
17:41:52.406  DEBUG   [poll]    <- read  st2mot     ret=0  data=['0x00', '0x00']
17:41:52.406  DEBUG   [poll]    -> read  st0cur    
17:41:52.411  DEBUG   [poll]    <- read  st0cur     ret=0  data=['0xff', '0x01', '0x02', '0x02']
17:41:53.412  DEBUG   [poll]    -> read  st2mot    
17:41:53.416  DEBUG   [poll]    <- read  st2mot     ret=0  data=['0x00', '0x00']
17:41:53.416  DEBUG   [poll]    -> read  st0cur    
17:41:53.421  DEBUG   [poll]    <- read  st0cur     ret=0  data=['0xfe', '0x01', '0x03', '0x02']
17:41:54.422  DEBUG   [poll]    -> read  st2mot    
17:41:54.425  DEBUG   [poll]    <- read  st2mot     ret=0  data=['0x00', '0x00']
17:41:54.426  DEBUG   [poll]    -> read  st0cur    
17:41:54.430  DEBUG   [poll]    <- read  st0cur     ret=0  data=['0xfe', '0x01', '0x03', '0x02']
17:41:55.432  DEBUG   [poll]    -> read  st2mot    
17:41:55.435  DEBUG   [poll]    <- read  st2mot     ret=0  data=['0x00', '0x00']
17:41:55.436  DEBUG   [poll]    -> read  st0cur    
17:41:55.440  DEBUG   [poll]    <- read  st0cur     ret=0  data=['0xfe', '0x01', '0x03', '0x02']
17:41:56.441  DEBUG   [poll]    -> read  st2mot    
17:41:56.445  DEBUG   [poll]    <- read  st2mot     ret=0  data=['0x00', '0x00']
17:41:56.445  DEBUG   [poll]    -> read  st0cur    
17:41:56.449  DEBUG   [poll]    <- read  st0cur     ret=0  data=['0xff', '0x01', '0x03', '0x02']
17:41:57.451  DEBUG   [poll]    -> read  st2mot    
17:41:57.458  DEBUG   [poll]    <- read  st2mot     ret=0  data=['0x00', '0x00']
17:41:57.459  DEBUG   [poll]    -> read  st0cur    
17:41:57.463  DEBUG   [poll]    <- read  st0cur     ret=0  data=['0xff', '0x01', '0x02', '0x02']
17:41:58.464  DEBUG   [poll]    -> read  st2mot    
17:41:58.468  DEBUG   [poll]    <- read  st2mot     ret=0  data=['0x00', '0x00']
17:41:58.468  DEBUG   [poll]    -> read  st0cur    
17:41:58.472  DEBUG   [poll]    <- read  st0cur     ret=0  data=['0xff', '0x01', '0x02', '0x02']
17:41:59.474  DEBUG   [poll]    -> read  st2mot    
17:41:59.477  DEBUG   [poll]    <- read  st2mot     ret=0  data=['0x00', '0x00']
17:41:59.478  DEBUG   [poll]    -> read  st0cur    
17:41:59.482  DEBUG   [poll]    <- read  st0cur     ret=0  data=['0xff', '0x01', '0x02', '0x02']
17:42:00.483  DEBUG   [poll]    -> read  st2mot    
17:42:00.487  DEBUG   [poll]    <- read  st2mot     ret=0  data=['0x00', '0x00']
17:42:00.487  DEBUG   [poll]    -> read  st0cur    
17:42:00.492  DEBUG   [poll]    <- read  st0cur     ret=0  data=['0xfe', '0x01', '0x03', '0x02']
17:42:01.493  DEBUG   [poll]    -> read  st2mot    
17:42:01.497  DEBUG   [poll]    <- read  st2mot     ret=0  data=['0x00', '0x00']
17:42:01.497  DEBUG   [poll]    -> read  st0cur    
17:42:01.501  DEBUG   [poll]    <- read  st0cur     ret=0  data=['0xff', '0x01', '0x03', '0x02']
17:42:02.503  DEBUG   [poll]    -> read  st2mot    
17:42:02.510  DEBUG   [poll]    <- read  st2mot     ret=0  data=['0x00', '0x00']
17:42:02.511  DEBUG   [poll]    -> read  st0cur    
17:42:02.515  DEBUG   [poll]    <- read  st0cur     ret=0  data=['0xff', '0x01', '0x03', '0x02']
17:42:03.517  DEBUG   [poll]    -> read  st2mot    
17:42:03.520  DEBUG   [poll]    <- read  st2mot     ret=0  data=['0x00', '0x00']
17:42:03.521  DEBUG   [poll]    -> read  st0cur    
17:42:03.525  DEBUG   [poll]    <- read  st0cur     ret=0  data=['0xfe', '0x01', '0x03', '0x02']
17:42:04.526  DEBUG   [poll]    -> read  st2mot    
17:42:04.530  DEBUG   [poll]    <- read  st2mot     ret=0  data=['0x00', '0x00']
17:42:04.530  DEBUG   [poll]    -> read  st0cur    
17:42:04.535  DEBUG   [poll]    <- read  st0cur     ret=0  data=['0xfe', '0x01', '0x03', '0x02']
17:42:05.536  DEBUG   [poll]    -> read  st2mot    
17:42:05.540  DEBUG   [poll]    <- read  st2mot     ret=0  data=['0x00', '0x00']
17:42:05.540  DEBUG   [poll]    -> read  st0cur    
17:42:05.544  DEBUG   [poll]    <- read  st0cur     ret=0  data=['0xff', '0x01', '0x03', '0x02']
17:42:06.546  DEBUG   [poll]    -> read  st2mot    
17:42:06.549  DEBUG   [poll]    <- read  st2mot     ret=0  data=['0x00', '0x00']
17:42:06.550  DEBUG   [poll]    -> read  st0cur    
17:42:06.554  DEBUG   [poll]    <- read  st0cur     ret=0  data=['0xfe', '0x01', '0x03', '0x02']
17:42:07.556  DEBUG   [poll]    -> read  st2mot    
17:42:07.559  DEBUG   [poll]    <- read  st2mot     ret=0  data=['0x00', '0x00']
17:42:07.560  DEBUG   [poll]    -> read  st0cur    
17:42:07.564  DEBUG   [poll]    <- read  st0cur     ret=0  data=['0xff', '0x01', '0x03', '0x02']
17:42:08.566  DEBUG   [poll]    -> read  st2mot    
17:42:08.569  DEBUG   [poll]    <- read  st2mot     ret=0  data=['0x00', '0x00']
17:42:08.570  DEBUG   [poll]    -> read  st0cur    
17:42:08.574  DEBUG   [poll]    <- read  st0cur     ret=0  data=['0xfe', '0x01', '0x03', '0x02']
17:42:09.575  DEBUG   [poll]    -> read  st2mot    
17:42:09.579  DEBUG   [poll]    <- read  st2mot     ret=0  data=['0x00', '0x00']
17:42:09.579  DEBUG   [poll]    -> read  st0cur    
17:42:09.584  DEBUG   [poll]    <- read  st0cur     ret=0  data=['0xff', '0x01', '0x03', '0x02']
17:42:10.585  DEBUG   [poll]    -> read  st2mot    
17:42:10.589  DEBUG   [poll]    <- read  st2mot     ret=0  data=['0x00', '0x00']
17:42:10.589  DEBUG   [poll]    -> read  st0cur    
17:42:10.593  DEBUG   [poll]    <- read  st0cur     ret=0  data=['0xff', '0x01', '0x03', '0x02']
17:42:11.595  DEBUG   [poll]    -> read  st2mot    
17:42:11.598  DEBUG   [poll]    <- read  st2mot     ret=0  data=['0x00', '0x00']
17:42:11.599  DEBUG   [poll]    -> read  st0cur    
17:42:11.603  DEBUG   [poll]    <- read  st0cur     ret=0  data=['0xff', '0x01', '0x03', '0x02']
17:42:12.605  DEBUG   [poll]    -> read  st2mot    
17:42:12.615  DEBUG   [poll]    <- read  st2mot     ret=0  data=['0x00', '0x00']
17:42:12.616  DEBUG   [poll]    -> read  st0cur    
17:42:12.620  DEBUG   [poll]    <- read  st0cur     ret=0  data=['0xff', '0x01', '0x03', '0x02']
17:42:13.621  DEBUG   [poll]    -> read  st2mot    
17:42:13.625  DEBUG   [poll]    <- read  st2mot     ret=0  data=['0x00', '0x00']
17:42:13.625  DEBUG   [poll]    -> read  st0cur    
17:42:13.630  DEBUG   [poll]    <- read  st0cur     ret=0  data=['0xfe', '0x01', '0x03', '0x02']
17:42:14.631  DEBUG   [poll]    -> read  st2mot    
17:42:14.635  DEBUG   [poll]    <- read  st2mot     ret=0  data=['0x00', '0x00']
17:42:14.635  DEBUG   [poll]    -> read  st0cur    
17:42:14.639  DEBUG   [poll]    <- read  st0cur     ret=0  data=['0xfe', '0x01', '0x03', '0x02']
17:42:15.641  DEBUG   [poll]    -> read  st2mot    
17:42:15.644  DEBUG   [poll]    <- read  st2mot     ret=0  data=['0x00', '0x00']
17:42:15.645  DEBUG   [poll]    -> read  st0cur    
17:42:15.649  DEBUG   [poll]    <- read  st0cur     ret=0  data=['0xff', '0x01', '0x03', '0x02']
17:42:16.650  DEBUG   [poll]    -> read  st2mot    
17:42:16.654  DEBUG   [poll]    <- read  st2mot     ret=0  data=['0x00', '0x00']
17:42:16.654  DEBUG   [poll]    -> read  st0cur    
17:42:16.659  DEBUG   [poll]    <- read  st0cur     ret=0  data=['0xff', '0x01', '0x03', '0x02']
17:42:17.660  DEBUG   [poll]    -> read  st2mot    
17:42:17.667  DEBUG   [poll]    <- read  st2mot     ret=0  data=['0x00', '0x00']
17:42:17.668  DEBUG   [poll]    -> read  st0cur    
17:42:17.672  DEBUG   [poll]    <- read  st0cur     ret=0  data=['0xff', '0x01', '0x03', '0x02']
17:42:18.673  DEBUG   [poll]    -> read  st2mot    
17:42:18.677  DEBUG   [poll]    <- read  st2mot     ret=0  data=['0x00', '0x00']
17:42:18.677  DEBUG   [poll]    -> read  st0cur    
17:42:18.682  DEBUG   [poll]    <- read  st0cur     ret=0  data=['0xff', '0x01', '0x03', '0x02']
17:42:19.683  DEBUG   [poll]    -> read  st2mot    
17:42:19.686  DEBUG   [poll]    <- read  st2mot     ret=0  data=['0x00', '0x00']
17:42:19.687  DEBUG   [poll]    -> read  st0cur    
17:42:19.691  DEBUG   [poll]    <- read  st0cur     ret=0  data=['0xfe', '0x01', '0x03', '0x02']
17:42:20.693  DEBUG   [poll]    -> read  st2mot    
17:42:20.696  DEBUG   [poll]    <- read  st2mot     ret=0  data=['0x00', '0x00']
17:42:20.697  DEBUG   [poll]    -> read  st0cur    
17:42:20.701  DEBUG   [poll]    <- read  st0cur     ret=0  data=['0xff', '0x01', '0x03', '0x02']
17:42:21.702  DEBUG   [poll]    -> read  st2mot    
17:42:21.706  DEBUG   [poll]    <- read  st2mot     ret=0  data=['0x00', '0x00']
17:42:21.706  DEBUG   [poll]    -> read  st0cur    
17:42:21.710  DEBUG   [poll]    <- read  st0cur     ret=0  data=['0xff', '0x01', '0x03', '0x02']
17:42:22.712  DEBUG   [poll]    -> read  st2mot    
17:42:22.719  DEBUG   [poll]    <- read  st2mot     ret=0  data=['0x00', '0x00']
17:42:22.719  DEBUG   [poll]    -> read  st0cur    
17:42:22.724  DEBUG   [poll]    <- read  st0cur     ret=0  data=['0xff', '0x01', '0x03', '0x02']
17:42:23.725  DEBUG   [poll]    -> read  st2mot    
17:42:23.728  DEBUG   [poll]    <- read  st2mot     ret=0  data=['0x00', '0x00']
17:42:23.729  DEBUG   [poll]    -> read  st0cur    
17:42:23.733  DEBUG   [poll]    <- read  st0cur     ret=0  data=['0xff', '0x01', '0x03', '0x02']
17:42:24.735  DEBUG   [poll]    -> read  st2mot    
17:42:24.738  DEBUG   [poll]    <- read  st2mot     ret=0  data=['0x00', '0x00']
17:42:24.739  DEBUG   [poll]    -> read  st0cur    
17:42:24.743  DEBUG   [poll]    <- read  st0cur     ret=0  data=['0xff', '0x01', '0x03', '0x02']
17:42:25.744  DEBUG   [poll]    -> read  st2mot    
17:42:25.748  DEBUG   [poll]    <- read  st2mot     ret=0  data=['0x00', '0x00']
17:42:25.748  DEBUG   [poll]    -> read  st0cur    
17:42:25.753  DEBUG   [poll]    <- read  st0cur     ret=0  data=['0xff', '0x01', '0x03', '0x02']
17:42:26.754  DEBUG   [poll]    -> read  st2mot    
17:42:26.758  DEBUG   [poll]    <- read  st2mot     ret=0  data=['0x00', '0x00']
17:42:26.758  DEBUG   [poll]    -> read  st0cur    
17:42:26.762  DEBUG   [poll]    <- read  st0cur     ret=0  data=['0xff', '0x01', '0x03', '0x02']
17:42:27.764  DEBUG   [poll]    -> read  st2mot    
17:42:27.771  DEBUG   [poll]    <- read  st2mot     ret=0  data=['0x00', '0x00']
17:42:27.771  DEBUG   [poll]    -> read  st0cur    
17:42:27.775  DEBUG   [poll]    <- read  st0cur     ret=0  data=['0xff', '0x01', '0x03', '0x02']
17:42:28.777  DEBUG   [poll]    -> read  st2mot    
17:42:28.780  DEBUG   [poll]    <- read  st2mot     ret=0  data=['0x00', '0x00']
17:42:28.781  DEBUG   [poll]    -> read  st0cur    
17:42:28.785  DEBUG   [poll]    <- read  st0cur     ret=0  data=['0xfe', '0x01', '0x03', '0x02']
17:42:29.787  DEBUG   [poll]    -> read  st2mot    
17:42:29.790  DEBUG   [poll]    <- read  st2mot     ret=0  data=['0x00', '0x00']
17:42:29.791  DEBUG   [poll]    -> read  st0cur    
17:42:29.795  DEBUG   [poll]    <- read  st0cur     ret=0  data=['0xfe', '0x01', '0x03', '0x02']
17:42:30.796  DEBUG   [poll]    -> read  st2mot    
17:42:30.800  DEBUG   [poll]    <- read  st2mot     ret=0  data=['0x00', '0x00']
17:42:30.800  DEBUG   [poll]    -> read  st0cur    
17:42:30.804  DEBUG   [poll]    <- read  st0cur     ret=0  data=['0xff', '0x01', '0x03', '0x02']
17:42:31.806  DEBUG   [poll]    -> read  st2mot    
17:42:31.809  DEBUG   [poll]    <- read  st2mot     ret=0  data=['0x00', '0x00']
17:42:31.810  DEBUG   [poll]    -> read  st0cur    
17:42:31.814  DEBUG   [poll]    <- read  st0cur     ret=0  data=['0xff', '0x01', '0x03', '0x02']
17:42:32.815  DEBUG   [poll]    -> read  st2mot    
17:42:32.822  DEBUG   [poll]    <- read  st2mot     ret=0  data=['0x00', '0x00']
17:42:32.823  DEBUG   [poll]    -> read  st0cur    
17:42:32.827  DEBUG   [poll]    <- read  st0cur     ret=0  data=['0xff', '0x01', '0x03', '0x02']
17:42:33.829  DEBUG   [poll]    -> read  st2mot    
17:42:33.832  DEBUG   [poll]    <- read  st2mot     ret=0  data=['0x00', '0x00']
17:42:33.832  DEBUG   [poll]    -> read  st0cur    
17:42:33.837  DEBUG   [poll]    <- read  st0cur     ret=0  data=['0xff', '0x01', '0x03', '0x02']
17:42:34.838  DEBUG   [poll]    -> read  st2mot    
17:42:34.842  DEBUG   [poll]    <- read  st2mot     ret=0  data=['0x00', '0x00']
17:42:34.842  DEBUG   [poll]    -> read  st0cur    
17:42:34.846  DEBUG   [poll]    <- read  st0cur     ret=0  data=['0xff', '0x01', '0x03', '0x02']
17:42:35.848  DEBUG   [poll]    -> read  st2mot    
17:42:35.851  DEBUG   [poll]    <- read  st2mot     ret=0  data=['0x00', '0x00']
17:42:35.852  DEBUG   [poll]    -> read  st0cur    
17:42:35.856  DEBUG   [poll]    <- read  st0cur     ret=0  data=['0xff', '0x01', '0x03', '0x02']
17:42:36.858  DEBUG   [poll]    -> read  st2mot    
17:42:36.861  DEBUG   [poll]    <- read  st2mot     ret=0  data=['0x00', '0x00']
17:42:36.861  DEBUG   [poll]    -> read  st0cur    
17:42:36.866  DEBUG   [poll]    <- read  st0cur     ret=0  data=['0xff', '0x01', '0x03', '0x02']
17:42:37.867  DEBUG   [poll]    -> read  st2mot    
17:42:37.874  DEBUG   [poll]    <- read  st2mot     ret=0  data=['0x00', '0x00']
17:42:37.874  DEBUG   [poll]    -> read  st0cur    
17:42:37.879  DEBUG   [poll]    <- read  st0cur     ret=0  data=['0xfe', '0x01', '0x03', '0x02']
17:42:38.880  DEBUG   [poll]    -> read  st2mot    
17:42:38.884  DEBUG   [poll]    <- read  st2mot     ret=0  data=['0x00', '0x00']
17:42:38.884  DEBUG   [poll]    -> read  st0cur    
17:42:38.888  DEBUG   [poll]    <- read  st0cur     ret=0  data=['0xfe', '0x01', '0x03', '0x02']
17:42:39.890  DEBUG   [poll]    -> read  st2mot    
17:42:39.893  DEBUG   [poll]    <- read  st2mot     ret=0  data=['0x00', '0x00']
17:42:39.894  DEBUG   [poll]    -> read  st0cur    
17:42:39.898  DEBUG   [poll]    <- read  st0cur     ret=0  data=['0xff', '0x01', '0x02', '0x02']
17:42:40.900  DEBUG   [poll]    -> read  st2mot    
17:42:40.903  DEBUG   [poll]    <- read  st2mot     ret=0  data=['0x00', '0x00']
17:42:40.903  DEBUG   [poll]    -> read  st0cur    
17:42:40.908  DEBUG   [poll]    <- read  st0cur     ret=0  data=['0xff', '0x01', '0x03', '0x02']
17:42:41.909  DEBUG   [poll]    -> read  st2mot    
17:42:41.913  DEBUG   [poll]    <- read  st2mot     ret=0  data=['0x00', '0x00']
17:42:41.913  DEBUG   [poll]    -> read  st0cur    
17:42:41.917  DEBUG   [poll]    <- read  st0cur     ret=0  data=['0xfe', '0x01', '0x03', '0x02']
17:42:42.919  DEBUG   [poll]    -> read  st2mot    
17:42:42.926  DEBUG   [poll]    <- read  st2mot     ret=0  data=['0x00', '0x00']
17:42:42.927  DEBUG   [poll]    -> read  st0cur    
17:42:42.931  DEBUG   [poll]    <- read  st0cur     ret=0  data=['0xff', '0x01', '0x02', '0x02']
17:42:43.933  DEBUG   [poll]    -> read  st2mot    
17:42:43.936  DEBUG   [poll]    <- read  st2mot     ret=0  data=['0x00', '0x00']
17:42:43.936  DEBUG   [poll]    -> read  st0cur    
17:42:43.941  DEBUG   [poll]    <- read  st0cur     ret=0  data=['0xff', '0x01', '0x03', '0x02']
17:42:44.942  DEBUG   [poll]    -> read  st2mot    
17:42:44.946  DEBUG   [poll]    <- read  st2mot     ret=0  data=['0x00', '0x00']
17:42:44.946  DEBUG   [poll]    -> read  st0cur    
17:42:44.950  DEBUG   [poll]    <- read  st0cur     ret=0  data=['0xff', '0x01', '0x03', '0x02']
17:42:45.952  DEBUG   [poll]    -> read  st2mot    
17:42:45.955  DEBUG   [poll]    <- read  st2mot     ret=0  data=['0x00', '0x00']
17:42:45.956  DEBUG   [poll]    -> read  st0cur    
17:42:45.960  DEBUG   [poll]    <- read  st0cur     ret=0  data=['0xff', '0x01', '0x03', '0x02']
17:42:46.961  DEBUG   [poll]    -> read  st2mot    
17:42:46.965  DEBUG   [poll]    <- read  st2mot     ret=0  data=['0x00', '0x00']
17:42:46.965  DEBUG   [poll]    -> read  st0cur    
17:42:46.969  DEBUG   [poll]    <- read  st0cur     ret=0  data=['0xfe', '0x01', '0x03', '0x02']
17:42:47.971  DEBUG   [poll]    -> read  st2mot    
17:42:47.978  DEBUG   [poll]    <- read  st2mot     ret=0  data=['0x00', '0x00']
17:42:47.979  DEBUG   [poll]    -> read  st0cur    
17:42:47.983  DEBUG   [poll]    <- read  st0cur     ret=0  data=['0xfe', '0x01', '0x03', '0x02']
17:42:48.984  DEBUG   [poll]    -> read  st2mot    
17:42:48.988  DEBUG   [poll]    <- read  st2mot     ret=0  data=['0x00', '0x00']
17:42:48.988  DEBUG   [poll]    -> read  st0cur    
17:42:48.992  DEBUG   [poll]    <- read  st0cur     ret=0  data=['0xff', '0x01', '0x03', '0x02']
17:42:49.994  DEBUG   [poll]    -> read  st2mot    
17:42:49.997  DEBUG   [poll]    <- read  st2mot     ret=0  data=['0x00', '0x00']
17:42:49.998  DEBUG   [poll]    -> read  st0cur    
17:42:50.002  DEBUG   [poll]    <- read  st0cur     ret=0  data=['0xff', '0x01', '0x02', '0x02']
17:42:51.003  DEBUG   [poll]    -> read  st2mot    
17:42:51.007  DEBUG   [poll]    <- read  st2mot     ret=0  data=['0x00', '0x00']
17:42:51.007  DEBUG   [poll]    -> read  st0cur    
17:42:51.011  DEBUG   [poll]    <- read  st0cur     ret=0  data=['0xfe', '0x01', '0x03', '0x02']
17:42:52.013  DEBUG   [poll]    -> read  st2mot    
17:42:52.016  DEBUG   [poll]    <- read  st2mot     ret=0  data=['0x00', '0x00']
17:42:52.017  DEBUG   [poll]    -> read  st0cur    
17:42:52.021  DEBUG   [poll]    <- read  st0cur     ret=0  data=['0xff', '0x01', '0x03', '0x02']
17:42:53.023  DEBUG   [poll]    -> read  st2mot    
17:42:53.029  DEBUG   [poll]    <- read  st2mot     ret=0  data=['0x00', '0x00']
17:42:53.030  DEBUG   [poll]    -> read  st0cur    
17:42:53.034  DEBUG   [poll]    <- read  st0cur     ret=0  data=['0xfe', '0x01', '0x03', '0x02']
17:42:54.035  DEBUG   [poll]    -> read  st2mot    
17:42:54.039  DEBUG   [poll]    <- read  st2mot     ret=0  data=['0x00', '0x00']
17:42:54.039  DEBUG   [poll]    -> read  st0cur    
17:42:54.044  DEBUG   [poll]    <- read  st0cur     ret=0  data=['0xff', '0x01', '0x03', '0x02']
17:42:55.045  DEBUG   [poll]    -> read  st2mot    
17:42:55.049  DEBUG   [poll]    <- read  st2mot     ret=0  data=['0x00', '0x00']
17:42:55.049  DEBUG   [poll]    -> read  st0cur    
17:42:55.053  DEBUG   [poll]    <- read  st0cur     ret=0  data=['0xff', '0x01', '0x03', '0x02']
17:42:56.055  DEBUG   [poll]    -> read  st2mot    
17:42:56.058  DEBUG   [poll]    <- read  st2mot     ret=0  data=['0x00', '0x00']
17:42:56.059  DEBUG   [poll]    -> read  st0cur    
17:42:56.063  DEBUG   [poll]    <- read  st0cur     ret=0  data=['0xfe', '0x01', '0x03', '0x02']
17:42:57.064  DEBUG   [poll]    -> read  st2mot    
17:42:57.068  DEBUG   [poll]    <- read  st2mot     ret=0  data=['0x00', '0x00']
17:42:57.068  DEBUG   [poll]    -> read  st0cur    
17:42:57.072  DEBUG   [poll]    <- read  st0cur     ret=0  data=['0xff', '0x01', '0x03', '0x02']
17:42:58.074  DEBUG   [poll]    -> read  st2mot    
17:42:58.081  DEBUG   [poll]    <- read  st2mot     ret=0  data=['0x00', '0x00']
17:42:58.081  DEBUG   [poll]    -> read  st0cur    
17:42:58.086  DEBUG   [poll]    <- read  st0cur     ret=0  data=['0xff', '0x01', '0x03', '0x02']
17:42:59.087  DEBUG   [poll]    -> read  st2mot    
17:42:59.090  DEBUG   [poll]    <- read  st2mot     ret=0  data=['0x00', '0x00']
17:42:59.091  DEBUG   [poll]    -> read  st0cur    
17:42:59.095  DEBUG   [poll]    <- read  st0cur     ret=0  data=['0xff', '0x01', '0x03', '0x02']
17:43:00.097  DEBUG   [poll]    -> read  st2mot    
17:43:00.100  DEBUG   [poll]    <- read  st2mot     ret=0  data=['0x00', '0x00']
17:43:00.100  DEBUG   [poll]    -> read  st0cur    
17:43:00.105  DEBUG   [poll]    <- read  st0cur     ret=0  data=['0xff', '0x01', '0x03', '0x02']
17:43:01.106  DEBUG   [poll]    -> read  st2mot    
17:43:01.109  DEBUG   [poll]    <- read  st2mot     ret=0  data=['0x00', '0x00']
17:43:01.110  DEBUG   [poll]    -> read  st0cur    
17:43:01.114  DEBUG   [poll]    <- read  st0cur     ret=0  data=['0xfe', '0x01', '0x03', '0x02']
17:43:02.115  DEBUG   [poll]    -> read  st2mot    
17:43:02.119  DEBUG   [poll]    <- read  st2mot     ret=0  data=['0x00', '0x00']
17:43:02.119  DEBUG   [poll]    -> read  st0cur    
17:43:02.124  DEBUG   [poll]    <- read  st0cur     ret=0  data=['0xff', '0x01', '0x03', '0x02']
17:43:03.125  DEBUG   [poll]    -> read  st2mot    
17:43:03.132  DEBUG   [poll]    <- read  st2mot     ret=0  data=['0x00', '0x00']
17:43:03.133  DEBUG   [poll]    -> read  st0cur    
17:43:03.137  DEBUG   [poll]    <- read  st0cur     ret=0  data=['0xfe', '0x01', '0x03', '0x02']
17:43:04.138  DEBUG   [poll]    -> read  st2mot    
17:43:04.142  DEBUG   [poll]    <- read  st2mot     ret=0  data=['0x00', '0x00']
17:43:04.142  DEBUG   [poll]    -> read  st0cur    
17:43:04.147  DEBUG   [poll]    <- read  st0cur     ret=0  data=['0xfe', '0x01', '0x03', '0x02']
17:43:05.148  DEBUG   [poll]    -> read  st2mot    
17:43:05.152  DEBUG   [poll]    <- read  st2mot     ret=0  data=['0x00', '0x00']
17:43:05.152  DEBUG   [poll]    -> read  st0cur    
17:43:05.156  DEBUG   [poll]    <- read  st0cur     ret=0  data=['0xfe', '0x01', '0x03', '0x02']
17:43:06.158  DEBUG   [poll]    -> read  st2mot    
17:43:06.161  DEBUG   [poll]    <- read  st2mot     ret=0  data=['0x00', '0x00']
17:43:06.162  DEBUG   [poll]    -> read  st0cur    
17:43:06.166  DEBUG   [poll]    <- read  st0cur     ret=0  data=['0xff', '0x01', '0x03', '0x02']
17:43:07.168  DEBUG   [poll]    -> read  st2mot    
17:43:07.171  DEBUG   [poll]    <- read  st2mot     ret=0  data=['0x00', '0x00']
17:43:07.172  DEBUG   [poll]    -> read  st0cur    
17:43:07.176  DEBUG   [poll]    <- read  st0cur     ret=0  data=['0xfe', '0x01', '0x03', '0x02']
17:43:08.177  DEBUG   [poll]    -> read  st2mot    
17:43:08.186  DEBUG   [poll]    <- read  st2mot     ret=0  data=['0x00', '0x00']
17:43:08.186  DEBUG   [poll]    -> read  st0cur    
17:43:08.190  DEBUG   [poll]    <- read  st0cur     ret=0  data=['0xfe', '0x01', '0x03', '0x02']
17:43:09.192  DEBUG   [poll]    -> read  st2mot    
17:43:09.195  DEBUG   [poll]    <- read  st2mot     ret=0  data=['0x00', '0x00']
17:43:09.196  DEBUG   [poll]    -> read  st0cur    
17:43:09.200  DEBUG   [poll]    <- read  st0cur     ret=0  data=['0xfe', '0x01', '0x03', '0x02']
17:43:10.201  DEBUG   [poll]    -> read  st2mot    
17:43:10.205  DEBUG   [poll]    <- read  st2mot     ret=0  data=['0x00', '0x00']
17:43:10.205  DEBUG   [poll]    -> read  st0cur    
17:43:10.210  DEBUG   [poll]    <- read  st0cur     ret=0  data=['0xfe', '0x01', '0x03', '0x02']
17:43:11.211  DEBUG   [poll]    -> read  st2mot    
17:43:11.215  DEBUG   [poll]    <- read  st2mot     ret=0  data=['0x00', '0x00']
17:43:11.215  DEBUG   [poll]    -> read  st0cur    
17:43:11.219  DEBUG   [poll]    <- read  st0cur     ret=0  data=['0xfe', '0x01', '0x02', '0x02']
17:43:12.221  DEBUG   [poll]    -> read  st2mot    
17:43:12.224  DEBUG   [poll]    <- read  st2mot     ret=0  data=['0x00', '0x00']
17:43:12.225  DEBUG   [poll]    -> read  st0cur    
17:43:12.229  DEBUG   [poll]    <- read  st0cur     ret=0  data=['0xff', '0x01', '0x03', '0x02']
17:43:13.230  DEBUG   [poll]    -> read  st2mot    
17:43:13.238  DEBUG   [poll]    <- read  st2mot     ret=0  data=['0x00', '0x00']
17:43:13.238  DEBUG   [poll]    -> read  st0cur    
17:43:13.243  DEBUG   [poll]    <- read  st0cur     ret=0  data=['0xff', '0x01', '0x02', '0x02']
17:43:14.244  DEBUG   [poll]    -> read  st2mot    
17:43:14.248  DEBUG   [poll]    <- read  st2mot     ret=0  data=['0x00', '0x00']
17:43:14.248  DEBUG   [poll]    -> read  st0cur    
17:43:14.252  DEBUG   [poll]    <- read  st0cur     ret=0  data=['0xff', '0x01', '0x03', '0x02']
17:43:15.254  DEBUG   [poll]    -> read  st2mot    
17:43:15.257  DEBUG   [poll]    <- read  st2mot     ret=0  data=['0x00', '0x00']
17:43:15.257  DEBUG   [poll]    -> read  st0cur    
17:43:15.261  DEBUG   [poll]    <- read  st0cur     ret=0  data=['0xff', '0x01', '0x02', '0x02']
17:43:16.263  DEBUG   [poll]    -> read  st2mot    
17:43:16.266  DEBUG   [poll]    <- read  st2mot     ret=0  data=['0x00', '0x00']
17:43:16.267  DEBUG   [poll]    -> read  st0cur    
17:43:16.271  DEBUG   [poll]    <- read  st0cur     ret=0  data=['0xfe', '0x01', '0x03', '0x02']
17:43:17.272  DEBUG   [poll]    -> read  st2mot    
17:43:17.276  DEBUG   [poll]    <- read  st2mot     ret=0  data=['0x00', '0x00']
17:43:17.276  DEBUG   [poll]    -> read  st0cur    
17:43:17.281  DEBUG   [poll]    <- read  st0cur     ret=0  data=['0xff', '0x01', '0x03', '0x02']
17:43:18.282  DEBUG   [poll]    -> read  st2mot    
17:43:18.289  DEBUG   [poll]    <- read  st2mot     ret=0  data=['0x00', '0x00']
17:43:18.290  DEBUG   [poll]    -> read  st0cur    
17:43:18.294  DEBUG   [poll]    <- read  st0cur     ret=0  data=['0xff', '0x01', '0x03', '0x02']
17:43:19.296  DEBUG   [poll]    -> read  st2mot    
17:43:19.299  DEBUG   [poll]    <- read  st2mot     ret=0  data=['0x00', '0x00']
17:43:19.300  DEBUG   [poll]    -> read  st0cur    
17:43:19.304  DEBUG   [poll]    <- read  st0cur     ret=0  data=['0xff', '0x01', '0x03', '0x02']
17:43:20.305  DEBUG   [poll]    -> read  st2mot    
17:43:20.308  DEBUG   [poll]    <- read  st2mot     ret=0  data=['0x00', '0x00']
17:43:20.309  DEBUG   [poll]    -> read  st0cur    
17:43:20.312  DEBUG   [poll]    <- read  st0cur     ret=0  data=['0xff', '0x01', '0x03', '0x02']
17:43:21.314  DEBUG   [poll]    -> read  st2mot    
17:43:21.317  DEBUG   [poll]    <- read  st2mot     ret=0  data=['0x00', '0x00']
17:43:21.317  DEBUG   [poll]    -> read  st0cur    
17:43:21.322  DEBUG   [poll]    <- read  st0cur     ret=0  data=['0xff', '0x01', '0x03', '0x02']
17:43:22.323  DEBUG   [poll]    -> read  st2mot    
17:43:22.326  DEBUG   [poll]    <- read  st2mot     ret=0  data=['0x00', '0x00']
17:43:22.326  DEBUG   [poll]    -> read  st0cur    
17:43:22.330  DEBUG   [poll]    <- read  st0cur     ret=0  data=['0xff', '0x01', '0x03', '0x02']
17:43:23.332  DEBUG   [poll]    -> read  st2mot    
17:43:23.339  DEBUG   [poll]    <- read  st2mot     ret=0  data=['0x00', '0x00']
17:43:23.340  DEBUG   [poll]    -> read  st0cur    
17:43:23.344  DEBUG   [poll]    <- read  st0cur     ret=0  data=['0xfe', '0x01', '0x03', '0x02']
17:43:24.345  DEBUG   [poll]    -> read  st2mot    
17:43:24.349  DEBUG   [poll]    <- read  st2mot     ret=0  data=['0x00', '0x00']
17:43:24.349  DEBUG   [poll]    -> read  st0cur    
17:43:24.354  DEBUG   [poll]    <- read  st0cur     ret=0  data=['0xff', '0x01', '0x03', '0x02']
17:43:25.355  DEBUG   [poll]    -> read  st2mot    
17:43:25.359  DEBUG   [poll]    <- read  st2mot     ret=0  data=['0x00', '0x00']
17:43:25.359  DEBUG   [poll]    -> read  st0cur    
17:43:25.363  DEBUG   [poll]    <- read  st0cur     ret=0  data=['0xff', '0x01', '0x03', '0x02']
17:43:26.365  DEBUG   [poll]    -> read  st2mot    
17:43:26.368  DEBUG   [poll]    <- read  st2mot     ret=0  data=['0x00', '0x00']
17:43:26.369  DEBUG   [poll]    -> read  st0cur    
17:43:26.373  DEBUG   [poll]    <- read  st0cur     ret=0  data=['0xff', '0x01', '0x03', '0x02']
17:43:27.375  DEBUG   [poll]    -> read  st2mot    
17:43:27.378  DEBUG   [poll]    <- read  st2mot     ret=0  data=['0x00', '0x00']
17:43:27.378  DEBUG   [poll]    -> read  st0cur    
17:43:27.383  DEBUG   [poll]    <- read  st0cur     ret=0  data=['0xfe', '0x01', '0x03', '0x02']
17:43:28.384  DEBUG   [poll]    -> read  st2mot    
17:43:28.391  DEBUG   [poll]    <- read  st2mot     ret=0  data=['0x00', '0x00']
17:43:28.392  DEBUG   [poll]    -> read  st0cur    
17:43:28.396  DEBUG   [poll]    <- read  st0cur     ret=0  data=['0xff', '0x01', '0x03', '0x02']
17:43:29.397  DEBUG   [poll]    -> read  st2mot    
17:43:29.401  DEBUG   [poll]    <- read  st2mot     ret=0  data=['0x00', '0x00']
17:43:29.401  DEBUG   [poll]    -> read  st0cur    
17:43:29.405  DEBUG   [poll]    <- read  st0cur     ret=0  data=['0xff', '0x01', '0x03', '0x02']
17:43:30.407  DEBUG   [poll]    -> read  st2mot    
17:43:30.410  DEBUG   [poll]    <- read  st2mot     ret=0  data=['0x00', '0x00']
17:43:30.411  DEBUG   [poll]    -> read  st0cur    
17:43:30.415  DEBUG   [poll]    <- read  st0cur     ret=0  data=['0xfe', '0x01', '0x03', '0x02']
17:43:31.417  DEBUG   [poll]    -> read  st2mot    
17:43:31.420  DEBUG   [poll]    <- read  st2mot     ret=0  data=['0x00', '0x00']
17:43:31.420  DEBUG   [poll]    -> read  st0cur    
17:43:31.425  DEBUG   [poll]    <- read  st0cur     ret=0  data=['0xff', '0x01', '0x02', '0x02']
17:43:32.426  DEBUG   [poll]    -> read  st2mot    
17:43:32.430  DEBUG   [poll]    <- read  st2mot     ret=0  data=['0x00', '0x00']
17:43:32.430  DEBUG   [poll]    -> read  st0cur    
17:43:32.434  DEBUG   [poll]    <- read  st0cur     ret=0  data=['0xfe', '0x01', '0x02', '0x02']
17:43:33.436  DEBUG   [poll]    -> read  st2mot    
17:43:33.443  DEBUG   [poll]    <- read  st2mot     ret=0  data=['0x00', '0x00']
17:43:33.443  DEBUG   [poll]    -> read  st0cur    
17:43:33.447  DEBUG   [poll]    <- read  st0cur     ret=0  data=['0xff', '0x01', '0x03', '0x02']
17:43:34.449  DEBUG   [poll]    -> read  st2mot    
17:43:34.452  DEBUG   [poll]    <- read  st2mot     ret=0  data=['0x00', '0x00']
17:43:34.453  DEBUG   [poll]    -> read  st0cur    
17:43:34.457  DEBUG   [poll]    <- read  st0cur     ret=0  data=['0xff', '0x01', '0x03', '0x02']
17:43:35.459  DEBUG   [poll]    -> read  st2mot    
17:43:35.462  DEBUG   [poll]    <- read  st2mot     ret=0  data=['0x00', '0x00']
17:43:35.462  DEBUG   [poll]    -> read  st0cur    
17:43:35.467  DEBUG   [poll]    <- read  st0cur     ret=0  data=['0xff', '0x01', '0x03', '0x02']
17:43:36.468  DEBUG   [poll]    -> read  st2mot    
17:43:36.472  DEBUG   [poll]    <- read  st2mot     ret=0  data=['0x00', '0x00']
17:43:36.472  DEBUG   [poll]    -> read  st0cur    
17:43:36.476  DEBUG   [poll]    <- read  st0cur     ret=0  data=['0xff', '0x01', '0x02', '0x02']
17:43:37.478  DEBUG   [poll]    -> read  st2mot    
17:43:37.481  DEBUG   [poll]    <- read  st2mot     ret=0  data=['0x00', '0x00']
17:43:37.482  DEBUG   [poll]    -> read  st0cur    
17:43:37.486  DEBUG   [poll]    <- read  st0cur     ret=0  data=['0xff', '0x01', '0x03', '0x02']
17:43:38.488  DEBUG   [poll]    -> read  st2mot    
17:43:38.495  DEBUG   [poll]    <- read  st2mot     ret=0  data=['0x00', '0x00']
17:43:38.496  DEBUG   [poll]    -> read  st0cur    
17:43:38.500  DEBUG   [poll]    <- read  st0cur     ret=0  data=['0xff', '0x01', '0x03', '0x02']
17:43:39.502  DEBUG   [poll]    -> read  st2mot    
17:43:39.505  DEBUG   [poll]    <- read  st2mot     ret=0  data=['0x00', '0x00']
17:43:39.505  DEBUG   [poll]    -> read  st0cur    
17:43:39.510  DEBUG   [poll]    <- read  st0cur     ret=0  data=['0xfe', '0x01', '0x03', '0x02']
17:43:40.511  DEBUG   [poll]    -> read  st2mot    
17:43:40.515  DEBUG   [poll]    <- read  st2mot     ret=0  data=['0x00', '0x00']
17:43:40.515  DEBUG   [poll]    -> read  st0cur    
17:43:40.519  DEBUG   [poll]    <- read  st0cur     ret=0  data=['0xff', '0x01', '0x03', '0x02']
17:43:41.521  DEBUG   [poll]    -> read  st2mot    
17:43:41.524  DEBUG   [poll]    <- read  st2mot     ret=0  data=['0x00', '0x00']
17:43:41.525  DEBUG   [poll]    -> read  st0cur    
17:43:41.529  DEBUG   [poll]    <- read  st0cur     ret=0  data=['0xff', '0x01', '0x03', '0x02']
17:43:42.530  DEBUG   [poll]    -> read  st2mot    
17:43:42.534  DEBUG   [poll]    <- read  st2mot     ret=0  data=['0x00', '0x00']
17:43:42.534  DEBUG   [poll]    -> read  st0cur    
17:43:42.538  DEBUG   [poll]    <- read  st0cur     ret=0  data=['0xff', '0x01', '0x03', '0x02']
17:43:43.540  DEBUG   [poll]    -> read  st2mot    
17:43:43.547  DEBUG   [poll]    <- read  st2mot     ret=0  data=['0x00', '0x00']
17:43:43.547  DEBUG   [poll]    -> read  st0cur    
17:43:43.552  DEBUG   [poll]    <- read  st0cur     ret=0  data=['0xff', '0x01', '0x02', '0x02']
17:43:44.553  DEBUG   [poll]    -> read  st2mot    
17:43:44.557  DEBUG   [poll]    <- read  st2mot     ret=0  data=['0x00', '0x00']
17:43:44.557  DEBUG   [poll]    -> read  st0cur    
17:43:44.561  DEBUG   [poll]    <- read  st0cur     ret=0  data=['0xff', '0x01', '0x03', '0x02']
17:43:45.563  DEBUG   [poll]    -> read  st2mot    
17:43:45.566  DEBUG   [poll]    <- read  st2mot     ret=0  data=['0x00', '0x00']
17:43:45.567  DEBUG   [poll]    -> read  st0cur    
17:43:45.571  DEBUG   [poll]    <- read  st0cur     ret=0  data=['0xfe', '0x01', '0x02', '0x02']
17:43:46.573  DEBUG   [poll]    -> read  st2mot    
17:43:46.576  DEBUG   [poll]    <- read  st2mot     ret=0  data=['0x00', '0x00']
17:43:46.576  DEBUG   [poll]    -> read  st0cur    
17:43:46.581  DEBUG   [poll]    <- read  st0cur     ret=0  data=['0xff', '0x01', '0x03', '0x02']
17:43:47.582  DEBUG   [poll]    -> read  st2mot    
17:43:47.586  DEBUG   [poll]    <- read  st2mot     ret=0  data=['0x00', '0x00']
17:43:47.586  DEBUG   [poll]    -> read  st0cur    
17:43:47.590  DEBUG   [poll]    <- read  st0cur     ret=0  data=['0xff', '0x01', '0x03', '0x02']
17:43:48.592  DEBUG   [poll]    -> read  st2mot    
17:43:48.599  DEBUG   [poll]    <- read  st2mot     ret=0  data=['0x00', '0x00']
17:43:48.599  DEBUG   [poll]    -> read  st0cur    
17:43:48.604  DEBUG   [poll]    <- read  st0cur     ret=0  data=['0xff', '0x01', '0x03', '0x02']
17:43:49.605  DEBUG   [poll]    -> read  st2mot    
17:43:49.608  DEBUG   [poll]    <- read  st2mot     ret=0  data=['0x00', '0x00']
17:43:49.609  DEBUG   [poll]    -> read  st0cur    
17:43:49.613  DEBUG   [poll]    <- read  st0cur     ret=0  data=['0xff', '0x01', '0x03', '0x02']
17:43:50.615  DEBUG   [poll]    -> read  st2mot    
17:43:50.618  DEBUG   [poll]    <- read  st2mot     ret=0  data=['0x00', '0x00']
17:43:50.619  DEBUG   [poll]    -> read  st0cur    
17:43:50.623  DEBUG   [poll]    <- read  st0cur     ret=0  data=['0xff', '0x01', '0x03', '0x02']
17:43:51.624  DEBUG   [poll]    -> read  st2mot    
17:43:51.628  DEBUG   [poll]    <- read  st2mot     ret=0  data=['0x00', '0x00']
17:43:51.628  DEBUG   [poll]    -> read  st0cur    
17:43:51.632  DEBUG   [poll]    <- read  st0cur     ret=0  data=['0xff', '0x01', '0x03', '0x02']
17:43:52.634  DEBUG   [poll]    -> read  st2mot    
17:43:52.637  DEBUG   [poll]    <- read  st2mot     ret=0  data=['0x00', '0x00']
17:43:52.638  DEBUG   [poll]    -> read  st0cur    
17:43:52.642  DEBUG   [poll]    <- read  st0cur     ret=0  data=['0xfe', '0x01', '0x03', '0x02']
17:43:53.644  DEBUG   [poll]    -> read  st2mot    
17:43:53.651  DEBUG   [poll]    <- read  st2mot     ret=0  data=['0x00', '0x00']
17:43:53.651  DEBUG   [poll]    -> read  st0cur    
17:43:53.655  DEBUG   [poll]    <- read  st0cur     ret=0  data=['0xff', '0x01', '0x03', '0x02']
17:43:54.657  DEBUG   [poll]    -> read  st2mot    
17:43:54.660  DEBUG   [poll]    <- read  st2mot     ret=0  data=['0x00', '0x00']
17:43:54.661  DEBUG   [poll]    -> read  st0cur    
17:43:54.665  DEBUG   [poll]    <- read  st0cur     ret=0  data=['0xfe', '0x01', '0x03', '0x02']
17:43:55.666  DEBUG   [poll]    -> read  st2mot    
17:43:55.670  DEBUG   [poll]    <- read  st2mot     ret=0  data=['0x00', '0x00']
17:43:55.670  DEBUG   [poll]    -> read  st0cur    
17:43:55.675  DEBUG   [poll]    <- read  st0cur     ret=0  data=['0xff', '0x01', '0x03', '0x02']
17:43:56.676  DEBUG   [poll]    -> read  st2mot    
17:43:56.680  DEBUG   [poll]    <- read  st2mot     ret=0  data=['0x00', '0x00']
17:43:56.680  DEBUG   [poll]    -> read  st0cur    
17:43:56.684  DEBUG   [poll]    <- read  st0cur     ret=0  data=['0xfe', '0x01', '0x03', '0x02']
17:43:57.686  DEBUG   [poll]    -> read  st2mot    
17:43:57.689  DEBUG   [poll]    <- read  st2mot     ret=0  data=['0x00', '0x00']
17:43:57.690  DEBUG   [poll]    -> read  st0cur    
17:43:57.694  DEBUG   [poll]    <- read  st0cur     ret=0  data=['0xff', '0x01', '0x03', '0x02']
17:43:58.695  DEBUG   [poll]    -> read  st2mot    
17:43:58.702  DEBUG   [poll]    <- read  st2mot     ret=0  data=['0x00', '0x00']
17:43:58.703  DEBUG   [poll]    -> read  st0cur    
17:43:58.707  DEBUG   [poll]    <- read  st0cur     ret=0  data=['0xfe', '0x01', '0x03', '0x02']
17:43:59.709  DEBUG   [poll]    -> read  st2mot    
17:43:59.712  DEBUG   [poll]    <- read  st2mot     ret=0  data=['0x00', '0x00']
17:43:59.713  DEBUG   [poll]    -> read  st0cur    
17:43:59.717  DEBUG   [poll]    <- read  st0cur     ret=0  data=['0xfe', '0x01', '0x03', '0x02']
17:44:00.719  DEBUG   [poll]    -> read  st2mot    
17:44:00.722  DEBUG   [poll]    <- read  st2mot     ret=0  data=['0x00', '0x00']
17:44:00.722  DEBUG   [poll]    -> read  st0cur    
17:44:00.727  DEBUG   [poll]    <- read  st0cur     ret=0  data=['0xff', '0x01', '0x03', '0x02']
17:44:01.728  DEBUG   [poll]    -> read  st2mot    
17:44:01.731  DEBUG   [poll]    <- read  st2mot     ret=0  data=['0x00', '0x00']
17:44:01.732  DEBUG   [poll]    -> read  st0cur    
17:44:01.736  DEBUG   [poll]    <- read  st0cur     ret=0  data=['0xff', '0x01', '0x03', '0x02']
17:44:02.737  DEBUG   [poll]    -> read  st2mot    
17:44:02.741  DEBUG   [poll]    <- read  st2mot     ret=0  data=['0x00', '0x00']
17:44:02.741  DEBUG   [poll]    -> read  st0cur    
17:44:02.746  DEBUG   [poll]    <- read  st0cur     ret=0  data=['0xff', '0x01', '0x03', '0x02']
17:44:03.747  DEBUG   [poll]    -> read  st2mot    
17:44:03.754  DEBUG   [poll]    <- read  st2mot     ret=0  data=['0x00', '0x00']
17:44:03.755  DEBUG   [poll]    -> read  st0cur    
17:44:03.759  DEBUG   [poll]    <- read  st0cur     ret=0  data=['0xfe', '0x01', '0x03', '0x02']
17:44:04.760  DEBUG   [poll]    -> read  st2mot    
17:44:04.764  DEBUG   [poll]    <- read  st2mot     ret=0  data=['0x00', '0x00']
17:44:04.764  DEBUG   [poll]    -> read  st0cur    
17:44:04.769  DEBUG   [poll]    <- read  st0cur     ret=0  data=['0xfe', '0x01', '0x03', '0x02']
17:44:05.770  DEBUG   [poll]    -> read  st2mot    
17:44:05.774  DEBUG   [poll]    <- read  st2mot     ret=0  data=['0x00', '0x00']
17:44:05.774  DEBUG   [poll]    -> read  st0cur    
17:44:05.778  DEBUG   [poll]    <- read  st0cur     ret=0  data=['0xfe', '0x01', '0x03', '0x02']
17:44:06.780  DEBUG   [poll]    -> read  st2mot    
17:44:06.783  DEBUG   [poll]    <- read  st2mot     ret=0  data=['0x00', '0x00']
17:44:06.784  DEBUG   [poll]    -> read  st0cur    
17:44:06.788  DEBUG   [poll]    <- read  st0cur     ret=0  data=['0xff', '0x01', '0x03', '0x02']
17:44:07.789  DEBUG   [poll]    -> read  st2mot    
17:44:07.793  DEBUG   [poll]    <- read  st2mot     ret=0  data=['0x00', '0x00']
17:44:07.793  DEBUG   [poll]    -> read  st0cur    
17:44:07.798  DEBUG   [poll]    <- read  st0cur     ret=0  data=['0xff', '0x01', '0x03', '0x02']
17:44:08.799  DEBUG   [poll]    -> read  st2mot    
17:44:08.806  DEBUG   [poll]    <- read  st2mot     ret=0  data=['0x00', '0x00']
17:44:08.807  DEBUG   [poll]    -> read  st0cur    
17:44:08.811  DEBUG   [poll]    <- read  st0cur     ret=0  data=['0xff', '0x01', '0x03', '0x02']
17:44:09.812  DEBUG   [poll]    -> read  st2mot    
17:44:09.816  DEBUG   [poll]    <- read  st2mot     ret=0  data=['0x00', '0x00']
17:44:09.816  DEBUG   [poll]    -> read  st0cur    
17:44:09.821  DEBUG   [poll]    <- read  st0cur     ret=0  data=['0xfe', '0x01', '0x03', '0x02']
17:44:10.822  DEBUG   [poll]    -> read  st2mot    
17:44:10.825  DEBUG   [poll]    <- read  st2mot     ret=0  data=['0x00', '0x00']
17:44:10.826  DEBUG   [poll]    -> read  st0cur    
17:44:10.830  DEBUG   [poll]    <- read  st0cur     ret=0  data=['0xff', '0x01', '0x03', '0x02']
17:44:11.832  DEBUG   [poll]    -> read  st2mot    
17:44:11.835  DEBUG   [poll]    <- read  st2mot     ret=0  data=['0x00', '0x00']
17:44:11.835  DEBUG   [poll]    -> read  st0cur    
17:44:11.840  DEBUG   [poll]    <- read  st0cur     ret=0  data=['0xfe', '0x01', '0x03', '0x02']
17:44:12.841  DEBUG   [poll]    -> read  st2mot    
17:44:12.845  DEBUG   [poll]    <- read  st2mot     ret=0  data=['0x00', '0x00']
17:44:12.845  DEBUG   [poll]    -> read  st0cur    
17:44:12.849  DEBUG   [poll]    <- read  st0cur     ret=0  data=['0xff', '0x01', '0x03', '0x02']
17:44:13.851  DEBUG   [poll]    -> read  st2mot    
17:44:13.858  DEBUG   [poll]    <- read  st2mot     ret=0  data=['0x00', '0x00']
17:44:13.859  DEBUG   [poll]    -> read  st0cur    
17:44:13.863  DEBUG   [poll]    <- read  st0cur     ret=0  data=['0xff', '0x01', '0x03', '0x02']
17:44:14.865  DEBUG   [poll]    -> read  st2mot    
17:44:14.868  DEBUG   [poll]    <- read  st2mot     ret=0  data=['0x00', '0x00']
17:44:14.869  DEBUG   [poll]    -> read  st0cur    
17:44:14.873  DEBUG   [poll]    <- read  st0cur     ret=0  data=['0xff', '0x01', '0x03', '0x02']
17:44:15.875  DEBUG   [poll]    -> read  st2mot    
17:44:15.878  DEBUG   [poll]    <- read  st2mot     ret=0  data=['0x00', '0x00']
17:44:15.879  DEBUG   [poll]    -> read  st0cur    
17:44:15.883  DEBUG   [poll]    <- read  st0cur     ret=0  data=['0xff', '0x01', '0x02', '0x02']
17:44:16.884  DEBUG   [poll]    -> read  st2mot    
17:44:16.888  DEBUG   [poll]    <- read  st2mot     ret=0  data=['0x00', '0x00']
17:44:16.888  DEBUG   [poll]    -> read  st0cur    
17:44:16.893  DEBUG   [poll]    <- read  st0cur     ret=0  data=['0xff', '0x01', '0x03', '0x02']
17:44:17.894  DEBUG   [poll]    -> read  st2mot    
17:44:17.897  DEBUG   [poll]    <- read  st2mot     ret=0  data=['0x00', '0x00']
17:44:17.898  DEBUG   [poll]    -> read  st0cur    
17:44:17.902  DEBUG   [poll]    <- read  st0cur     ret=0  data=['0xff', '0x01', '0x03', '0x02']
17:44:18.903  DEBUG   [poll]    -> read  st2mot    
17:44:18.910  DEBUG   [poll]    <- read  st2mot     ret=0  data=['0x00', '0x00']
17:44:18.911  DEBUG   [poll]    -> read  st0cur    
17:44:18.915  DEBUG   [poll]    <- read  st0cur     ret=0  data=['0xff', '0x01', '0x03', '0x02']
17:44:19.917  DEBUG   [poll]    -> read  st2mot    
17:44:19.920  DEBUG   [poll]    <- read  st2mot     ret=0  data=['0x00', '0x00']
17:44:19.921  DEBUG   [poll]    -> read  st0cur    
17:44:19.925  DEBUG   [poll]    <- read  st0cur     ret=0  data=['0xff', '0x01', '0x03', '0x02']
17:44:20.926  DEBUG   [poll]    -> read  st2mot    
17:44:20.930  DEBUG   [poll]    <- read  st2mot     ret=0  data=['0x00', '0x00']
17:44:20.930  DEBUG   [poll]    -> read  st0cur    
17:44:20.934  DEBUG   [poll]    <- read  st0cur     ret=0  data=['0xfe', '0x01', '0x03', '0x02']
17:44:21.936  DEBUG   [poll]    -> read  st2mot    
17:44:21.939  DEBUG   [poll]    <- read  st2mot     ret=0  data=['0x00', '0x00']
17:44:21.940  DEBUG   [poll]    -> read  st0cur    
17:44:21.944  DEBUG   [poll]    <- read  st0cur     ret=0  data=['0xff', '0x01', '0x03', '0x02']
17:44:22.945  DEBUG   [poll]    -> read  st2mot    
17:44:22.949  DEBUG   [poll]    <- read  st2mot     ret=0  data=['0x00', '0x00']
17:44:22.949  DEBUG   [poll]    -> read  st0cur    
17:44:22.954  DEBUG   [poll]    <- read  st0cur     ret=0  data=['0xff', '0x01', '0x03', '0x02']
17:44:23.955  DEBUG   [poll]    -> read  st2mot    
17:44:23.962  DEBUG   [poll]    <- read  st2mot     ret=0  data=['0x00', '0x00']
17:44:23.963  DEBUG   [poll]    -> read  st0cur    
17:44:23.967  DEBUG   [poll]    <- read  st0cur     ret=0  data=['0xff', '0x01', '0x03', '0x02']
17:44:24.968  DEBUG   [poll]    -> read  st2mot    
17:44:24.971  DEBUG   [poll]    <- read  st2mot     ret=0  data=['0x00', '0x00']
17:44:24.971  DEBUG   [poll]    -> read  st0cur    
17:44:24.976  DEBUG   [poll]    <- read  st0cur     ret=0  data=['0xff', '0x01', '0x03', '0x02']
17:44:25.977  DEBUG   [poll]    -> read  st2mot    
17:44:25.981  DEBUG   [poll]    <- read  st2mot     ret=0  data=['0x00', '0x00']
17:44:25.981  DEBUG   [poll]    -> read  st0cur    
17:44:25.985  DEBUG   [poll]    <- read  st0cur     ret=0  data=['0xff', '0x01', '0x03', '0x02']
17:44:26.987  DEBUG   [poll]    -> read  st2mot    
17:44:26.990  DEBUG   [poll]    <- read  st2mot     ret=0  data=['0x00', '0x00']
17:44:26.991  DEBUG   [poll]    -> read  st0cur    
17:44:26.995  DEBUG   [poll]    <- read  st0cur     ret=0  data=['0xff', '0x01', '0x03', '0x02']
17:44:27.996  DEBUG   [poll]    -> read  st2mot    
17:44:28.000  DEBUG   [poll]    <- read  st2mot     ret=0  data=['0x00', '0x00']
17:44:28.000  DEBUG   [poll]    -> read  st0cur    
17:44:28.005  DEBUG   [poll]    <- read  st0cur     ret=0  data=['0xff', '0x01', '0x03', '0x02']
17:44:29.006  DEBUG   [poll]    -> read  st2mot    
17:44:29.013  DEBUG   [poll]    <- read  st2mot     ret=0  data=['0x00', '0x00']
17:44:29.014  DEBUG   [poll]    -> read  st0cur    
17:44:29.018  DEBUG   [poll]    <- read  st0cur     ret=0  data=['0xfe', '0x01', '0x03', '0x02']
17:44:30.019  DEBUG   [poll]    -> read  st2mot    
17:44:30.023  DEBUG   [poll]    <- read  st2mot     ret=0  data=['0x00', '0x00']
17:44:30.023  DEBUG   [poll]    -> read  st0cur    
17:44:30.028  DEBUG   [poll]    <- read  st0cur     ret=0  data=['0xff', '0x01', '0x03', '0x02']
17:44:31.029  DEBUG   [poll]    -> read  st2mot    
17:44:31.032  DEBUG   [poll]    <- read  st2mot     ret=0  data=['0x00', '0x00']
17:44:31.033  DEBUG   [poll]    -> read  st0cur    
17:44:31.037  DEBUG   [poll]    <- read  st0cur     ret=0  data=['0xff', '0x01', '0x02', '0x02']
17:44:32.039  DEBUG   [poll]    -> read  st2mot    
17:44:32.042  DEBUG   [poll]    <- read  st2mot     ret=0  data=['0x00', '0x00']
17:44:32.042  DEBUG   [poll]    -> read  st0cur    
17:44:32.047  DEBUG   [poll]    <- read  st0cur     ret=0  data=['0xff', '0x01', '0x03', '0x02']
17:44:33.048  DEBUG   [poll]    -> read  st2mot    
17:44:33.052  DEBUG   [poll]    <- read  st2mot     ret=0  data=['0x00', '0x00']
17:44:33.052  DEBUG   [poll]    -> read  st0cur    
17:44:33.056  DEBUG   [poll]    <- read  st0cur     ret=0  data=['0xfe', '0x01', '0x03', '0x02']
17:44:34.058  DEBUG   [poll]    -> read  st2mot    
17:44:34.065  DEBUG   [poll]    <- read  st2mot     ret=0  data=['0x00', '0x00']
17:44:34.065  DEBUG   [poll]    -> read  st0cur    
17:44:34.069  DEBUG   [poll]    <- read  st0cur     ret=0  data=['0xff', '0x01', '0x03', '0x02']
17:44:35.071  DEBUG   [poll]    -> read  st2mot    
17:44:35.074  DEBUG   [poll]    <- read  st2mot     ret=0  data=['0x00', '0x00']
17:44:35.075  DEBUG   [poll]    -> read  st0cur    
17:44:35.079  DEBUG   [poll]    <- read  st0cur     ret=0  data=['0xff', '0x01', '0x03', '0x02']
17:44:36.081  DEBUG   [poll]    -> read  st2mot    
17:44:36.084  DEBUG   [poll]    <- read  st2mot     ret=0  data=['0x00', '0x00']
17:44:36.085  DEBUG   [poll]    -> read  st0cur    
17:44:36.089  DEBUG   [poll]    <- read  st0cur     ret=0  data=['0xff', '0x01', '0x03', '0x02']
17:44:37.090  DEBUG   [poll]    -> read  st2mot    
17:44:37.094  DEBUG   [poll]    <- read  st2mot     ret=0  data=['0x00', '0x00']
17:44:37.094  DEBUG   [poll]    -> read  st0cur    
17:44:37.099  DEBUG   [poll]    <- read  st0cur     ret=0  data=['0xfe', '0x01', '0x03', '0x02']
17:44:38.100  DEBUG   [poll]    -> read  st2mot    
17:44:38.103  DEBUG   [poll]    <- read  st2mot     ret=0  data=['0x00', '0x00']
17:44:38.104  DEBUG   [poll]    -> read  st0cur    
17:44:38.108  DEBUG   [poll]    <- read  st0cur     ret=0  data=['0xff', '0x01', '0x03', '0x02']
17:44:39.110  DEBUG   [poll]    -> read  st2mot    
17:44:39.117  DEBUG   [poll]    <- read  st2mot     ret=0  data=['0x00', '0x00']
17:44:39.117  DEBUG   [poll]    -> read  st0cur    
17:44:39.121  DEBUG   [poll]    <- read  st0cur     ret=0  data=['0xfe', '0x01', '0x03', '0x02']
17:44:40.123  DEBUG   [poll]    -> read  st2mot    
17:44:40.126  DEBUG   [poll]    <- read  st2mot     ret=0  data=['0x00', '0x00']
17:44:40.127  DEBUG   [poll]    -> read  st0cur    
17:44:40.131  DEBUG   [poll]    <- read  st0cur     ret=0  data=['0xff', '0x01', '0x03', '0x02']
17:44:41.132  DEBUG   [poll]    -> read  st2mot    
17:44:41.136  DEBUG   [poll]    <- read  st2mot     ret=0  data=['0x00', '0x00']
17:44:41.136  DEBUG   [poll]    -> read  st0cur    
17:44:41.140  DEBUG   [poll]    <- read  st0cur     ret=0  data=['0xff', '0x01', '0x03', '0x02']
17:44:42.142  DEBUG   [poll]    -> read  st2mot    
17:44:42.145  DEBUG   [poll]    <- read  st2mot     ret=0  data=['0x00', '0x00']
17:44:42.146  DEBUG   [poll]    -> read  st0cur    
17:44:42.150  DEBUG   [poll]    <- read  st0cur     ret=0  data=['0xff', '0x01', '0x03', '0x02']
17:44:43.152  DEBUG   [poll]    -> read  st2mot    
17:44:43.155  DEBUG   [poll]    <- read  st2mot     ret=0  data=['0x00', '0x00']
17:44:43.155  DEBUG   [poll]    -> read  st0cur    
17:44:43.160  DEBUG   [poll]    <- read  st0cur     ret=0  data=['0xff', '0x01', '0x03', '0x02']
17:44:44.161  DEBUG   [poll]    -> read  st2mot    
17:44:44.172  DEBUG   [poll]    <- read  st2mot     ret=0  data=['0x00', '0x00']
17:44:44.172  DEBUG   [poll]    -> read  st0cur    
17:44:44.177  DEBUG   [poll]    <- read  st0cur     ret=0  data=['0xff', '0x01', '0x03', '0x02']
17:44:45.178  DEBUG   [poll]    -> read  st2mot    
17:44:45.181  DEBUG   [poll]    <- read  st2mot     ret=0  data=['0x00', '0x00']
17:44:45.182  DEBUG   [poll]    -> read  st0cur    
17:44:45.186  DEBUG   [poll]    <- read  st0cur     ret=0  data=['0xff', '0x01', '0x03', '0x02']
17:44:46.188  DEBUG   [poll]    -> read  st2mot    
17:44:46.191  DEBUG   [poll]    <- read  st2mot     ret=0  data=['0x00', '0x00']
17:44:46.192  DEBUG   [poll]    -> read  st0cur    
17:44:46.196  DEBUG   [poll]    <- read  st0cur     ret=0  data=['0xfe', '0x01', '0x03', '0x02']
17:44:47.197  DEBUG   [poll]    -> read  st2mot    
17:44:47.201  DEBUG   [poll]    <- read  st2mot     ret=0  data=['0x00', '0x00']
17:44:47.201  DEBUG   [poll]    -> read  st0cur    
17:44:47.205  DEBUG   [poll]    <- read  st0cur     ret=0  data=['0xff', '0x01', '0x02', '0x02']
17:44:48.207  DEBUG   [poll]    -> read  st2mot    
17:44:48.210  DEBUG   [poll]    <- read  st2mot     ret=0  data=['0x00', '0x00']
17:44:48.211  DEBUG   [poll]    -> read  st0cur    
17:44:48.215  DEBUG   [poll]    <- read  st0cur     ret=0  data=['0xfe', '0x01', '0x03', '0x02']
17:44:49.217  DEBUG   [poll]    -> read  st2mot    
17:44:49.224  DEBUG   [poll]    <- read  st2mot     ret=0  data=['0x00', '0x00']
17:44:49.224  DEBUG   [poll]    -> read  st0cur    
17:44:49.228  DEBUG   [poll]    <- read  st0cur     ret=0  data=['0xfe', '0x01', '0x03', '0x02']
17:44:50.230  DEBUG   [poll]    -> read  st2mot    
17:44:50.233  DEBUG   [poll]    <- read  st2mot     ret=0  data=['0x00', '0x00']
17:44:50.234  DEBUG   [poll]    -> read  st0cur    
17:44:50.238  DEBUG   [poll]    <- read  st0cur     ret=0  data=['0xfe', '0x01', '0x03', '0x02']
17:44:51.240  DEBUG   [poll]    -> read  st2mot    
17:44:51.243  DEBUG   [poll]    <- read  st2mot     ret=0  data=['0x00', '0x00']
17:44:51.243  DEBUG   [poll]    -> read  st0cur    
17:44:51.248  DEBUG   [poll]    <- read  st0cur     ret=0  data=['0xff', '0x01', '0x03', '0x02']
17:44:52.249  DEBUG   [poll]    -> read  st2mot    
17:44:52.253  DEBUG   [poll]    <- read  st2mot     ret=0  data=['0x00', '0x00']
17:44:52.253  DEBUG   [poll]    -> read  st0cur    
17:44:52.258  DEBUG   [poll]    <- read  st0cur     ret=0  data=['0xff', '0x01', '0x03', '0x02']
17:44:53.259  DEBUG   [poll]    -> read  st2mot    
17:44:53.262  DEBUG   [poll]    <- read  st2mot     ret=0  data=['0x00', '0x00']
17:44:53.263  DEBUG   [poll]    -> read  st0cur    
17:44:53.267  DEBUG   [poll]    <- read  st0cur     ret=0  data=['0xff', '0x01', '0x03', '0x02']
17:44:54.269  DEBUG   [poll]    -> read  st2mot    
17:44:54.276  DEBUG   [poll]    <- read  st2mot     ret=0  data=['0x00', '0x00']
17:44:54.276  DEBUG   [poll]    -> read  st0cur    
17:44:54.280  DEBUG   [poll]    <- read  st0cur     ret=0  data=['0xff', '0x01', '0x03', '0x02']
17:44:55.282  DEBUG   [poll]    -> read  st2mot    
17:44:55.285  DEBUG   [poll]    <- read  st2mot     ret=0  data=['0x00', '0x00']
17:44:55.286  DEBUG   [poll]    -> read  st0cur    
17:44:55.290  DEBUG   [poll]    <- read  st0cur     ret=0  data=['0xfe', '0x01', '0x03', '0x02']
17:44:56.291  DEBUG   [poll]    -> read  st2mot    
17:44:56.295  DEBUG   [poll]    <- read  st2mot     ret=0  data=['0x00', '0x00']
17:44:56.295  DEBUG   [poll]    -> read  st0cur    
17:44:56.300  DEBUG   [poll]    <- read  st0cur     ret=0  data=['0xff', '0x01', '0x03', '0x02']
17:44:57.301  DEBUG   [poll]    -> read  st2mot    
17:44:57.304  DEBUG   [poll]    <- read  st2mot     ret=0  data=['0x00', '0x00']
17:44:57.305  DEBUG   [poll]    -> read  st0cur    
17:44:57.309  DEBUG   [poll]    <- read  st0cur     ret=0  data=['0xff', '0x01', '0x03', '0x02']
17:44:58.311  DEBUG   [poll]    -> read  st2mot    
17:44:58.314  DEBUG   [poll]    <- read  st2mot     ret=0  data=['0x00', '0x00']
17:44:58.314  DEBUG   [poll]    -> read  st0cur    
17:44:58.319  DEBUG   [poll]    <- read  st0cur     ret=0  data=['0xff', '0x01', '0x03', '0x02']
17:44:59.320  DEBUG   [poll]    -> read  st2mot    
17:44:59.324  DEBUG   [poll]    <- read  st2mot     ret=0  data=['0x00', '0x00']
17:44:59.324  DEBUG   [poll]    -> read  st0cur    
17:44:59.328  DEBUG   [poll]    <- read  st0cur     ret=0  data=['0xfe', '0x01', '0x03', '0x02']
17:45:00.330  DEBUG   [poll]    -> read  st2mot    
17:45:00.333  DEBUG   [poll]    <- read  st2mot     ret=0  data=['0x00', '0x00']
17:45:00.334  DEBUG   [poll]    -> read  st0cur    
17:45:00.338  DEBUG   [poll]    <- read  st0cur     ret=0  data=['0xff', '0x01', '0x03', '0x02']
17:45:01.339  DEBUG   [poll]    -> read  st2mot    
17:45:01.343  DEBUG   [poll]    <- read  st2mot     ret=0  data=['0x00', '0x00']
17:45:01.343  DEBUG   [poll]    -> read  st0cur    
17:45:01.348  DEBUG   [poll]    <- read  st0cur     ret=0  data=['0xff', '0x01', '0x03', '0x02']
17:45:02.349  DEBUG   [poll]    -> read  st2mot    
17:45:02.353  DEBUG   [poll]    <- read  st2mot     ret=0  data=['0x00', '0x00']
17:45:02.353  DEBUG   [poll]    -> read  st0cur    
17:45:02.358  DEBUG   [poll]    <- read  st0cur     ret=0  data=['0xfe', '0x01', '0x03', '0x02']
17:45:03.359  DEBUG   [poll]    -> read  st2mot    
17:45:03.363  DEBUG   [poll]    <- read  st2mot     ret=0  data=['0x00', '0x00']
17:45:03.363  DEBUG   [poll]    -> read  st0cur    
17:45:03.367  DEBUG   [poll]    <- read  st0cur     ret=0  data=['0xfe', '0x01', '0x03', '0x02']
17:45:04.369  DEBUG   [poll]    -> read  st2mot    
17:45:04.372  DEBUG   [poll]    <- read  st2mot     ret=0  data=['0x00', '0x00']
17:45:04.373  DEBUG   [poll]    -> read  st0cur    
17:45:04.377  DEBUG   [poll]    <- read  st0cur     ret=0  data=['0xfe', '0x01', '0x03', '0x02']
17:45:05.378  DEBUG   [poll]    -> read  st2mot    
17:45:05.382  DEBUG   [poll]    <- read  st2mot     ret=0  data=['0x00', '0x00']
17:45:05.382  DEBUG   [poll]    -> read  st0cur    
17:45:05.387  DEBUG   [poll]    <- read  st0cur     ret=0  data=['0xff', '0x01', '0x03', '0x02']
17:45:06.388  DEBUG   [poll]    -> read  st2mot    
17:45:06.392  DEBUG   [poll]    <- read  st2mot     ret=0  data=['0x00', '0x00']
17:45:06.392  DEBUG   [poll]    -> read  st0cur    
17:45:06.396  DEBUG   [poll]    <- read  st0cur     ret=0  data=['0xfe', '0x01', '0x03', '0x02']
17:45:07.398  DEBUG   [poll]    -> read  st2mot    
17:45:07.401  DEBUG   [poll]    <- read  st2mot     ret=0  data=['0x00', '0x00']
17:45:07.402  DEBUG   [poll]    -> read  st0cur    
17:45:07.406  DEBUG   [poll]    <- read  st0cur     ret=0  data=['0xff', '0x01', '0x03', '0x02']
17:45:08.408  DEBUG   [poll]    -> read  st2mot    
17:45:08.411  DEBUG   [poll]    <- read  st2mot     ret=0  data=['0x00', '0x00']
17:45:08.411  DEBUG   [poll]    -> read  st0cur    
17:45:08.416  DEBUG   [poll]    <- read  st0cur     ret=0  data=['0xff', '0x01', '0x02', '0x02']
17:45:09.417  DEBUG   [poll]    -> read  st2mot    
17:45:09.424  DEBUG   [poll]    <- read  st2mot     ret=0  data=['0x00', '0x00']
17:45:09.425  DEBUG   [poll]    -> read  st0cur    
17:45:09.429  DEBUG   [poll]    <- read  st0cur     ret=0  data=['0xfe', '0x01', '0x03', '0x02']
17:45:10.430  DEBUG   [poll]    -> read  st2mot    
17:45:10.434  DEBUG   [poll]    <- read  st2mot     ret=0  data=['0x00', '0x00']
17:45:10.434  DEBUG   [poll]    -> read  st0cur    
17:45:10.438  DEBUG   [poll]    <- read  st0cur     ret=0  data=['0xff', '0x01', '0x03', '0x02']
17:45:11.440  DEBUG   [poll]    -> read  st2mot    
17:45:11.443  DEBUG   [poll]    <- read  st2mot     ret=0  data=['0x00', '0x00']
17:45:11.444  DEBUG   [poll]    -> read  st0cur    
17:45:11.448  DEBUG   [poll]    <- read  st0cur     ret=0  data=['0xff', '0x01', '0x03', '0x02']
17:45:12.450  DEBUG   [poll]    -> read  st2mot    
17:45:12.453  DEBUG   [poll]    <- read  st2mot     ret=0  data=['0x00', '0x00']
17:45:12.453  DEBUG   [poll]    -> read  st0cur    
17:45:12.458  DEBUG   [poll]    <- read  st0cur     ret=0  data=['0xff', '0x01', '0x03', '0x02']
17:45:13.459  DEBUG   [poll]    -> read  st2mot    
17:45:13.463  DEBUG   [poll]    <- read  st2mot     ret=0  data=['0x00', '0x00']
17:45:13.463  DEBUG   [poll]    -> read  st0cur    
17:45:13.468  DEBUG   [poll]    <- read  st0cur     ret=0  data=['0xfe', '0x01', '0x03', '0x02']
17:45:14.469  DEBUG   [poll]    -> read  st2mot    
17:45:14.477  DEBUG   [poll]    <- read  st2mot     ret=0  data=['0x00', '0x00']
17:45:14.477  DEBUG   [poll]    -> read  st0cur    
17:45:14.481  DEBUG   [poll]    <- read  st0cur     ret=0  data=['0xff', '0x01', '0x03', '0x02']
17:45:15.483  DEBUG   [poll]    -> read  st2mot    
17:45:15.486  DEBUG   [poll]    <- read  st2mot     ret=0  data=['0x00', '0x00']
17:45:15.487  DEBUG   [poll]    -> read  st0cur    
17:45:15.491  DEBUG   [poll]    <- read  st0cur     ret=0  data=['0xff', '0x01', '0x03', '0x02']
17:45:16.492  DEBUG   [poll]    -> read  st2mot    
17:45:16.496  DEBUG   [poll]    <- read  st2mot     ret=0  data=['0x00', '0x00']
17:45:16.496  DEBUG   [poll]    -> read  st0cur    
17:45:16.501  DEBUG   [poll]    <- read  st0cur     ret=0  data=['0xfe', '0x01', '0x03', '0x02']
17:45:17.502  DEBUG   [poll]    -> read  st2mot    
17:45:17.506  DEBUG   [poll]    <- read  st2mot     ret=0  data=['0x00', '0x00']
17:45:17.506  DEBUG   [poll]    -> read  st0cur    
17:45:17.510  DEBUG   [poll]    <- read  st0cur     ret=0  data=['0xfe', '0x01', '0x03', '0x02']
17:45:18.512  DEBUG   [poll]    -> read  st2mot    
17:45:18.515  DEBUG   [poll]    <- read  st2mot     ret=0  data=['0x00', '0x00']
17:45:18.516  DEBUG   [poll]    -> read  st0cur    
17:45:18.520  DEBUG   [poll]    <- read  st0cur     ret=0  data=['0xff', '0x01', '0x03', '0x02']
17:45:19.521  DEBUG   [poll]    -> read  st2mot    
17:45:19.528  DEBUG   [poll]    <- read  st2mot     ret=0  data=['0x00', '0x00']
17:45:19.529  DEBUG   [poll]    -> read  st0cur    
17:45:19.533  DEBUG   [poll]    <- read  st0cur     ret=0  data=['0xfe', '0x01', '0x03', '0x02']
17:45:20.534  DEBUG   [poll]    -> read  st2mot    
17:45:20.538  DEBUG   [poll]    <- read  st2mot     ret=0  data=['0x00', '0x00']
17:45:20.538  DEBUG   [poll]    -> read  st0cur    
17:45:20.542  DEBUG   [poll]    <- read  st0cur     ret=0  data=['0xff', '0x01', '0x03', '0x02']
17:45:21.544  DEBUG   [poll]    -> read  st2mot    
17:45:21.547  DEBUG   [poll]    <- read  st2mot     ret=0  data=['0x00', '0x00']
17:45:21.548  DEBUG   [poll]    -> read  st0cur    
17:45:21.552  DEBUG   [poll]    <- read  st0cur     ret=0  data=['0xfe', '0x01', '0x03', '0x02']
17:45:22.554  DEBUG   [poll]    -> read  st2mot    
17:45:22.557  DEBUG   [poll]    <- read  st2mot     ret=0  data=['0x00', '0x00']
17:45:22.557  DEBUG   [poll]    -> read  st0cur    
17:45:22.562  DEBUG   [poll]    <- read  st0cur     ret=0  data=['0xff', '0x01', '0x03', '0x02']
17:45:23.563  DEBUG   [poll]    -> read  st2mot    
17:45:23.567  DEBUG   [poll]    <- read  st2mot     ret=0  data=['0x00', '0x00']
17:45:23.567  DEBUG   [poll]    -> read  st0cur    
17:45:23.571  DEBUG   [poll]    <- read  st0cur     ret=0  data=['0xff', '0x01', '0x03', '0x02']
17:45:24.573  DEBUG   [poll]    -> read  st2mot    
17:45:24.580  DEBUG   [poll]    <- read  st2mot     ret=0  data=['0x00', '0x00']
17:45:24.580  DEBUG   [poll]    -> read  st0cur    
17:45:24.585  DEBUG   [poll]    <- read  st0cur     ret=0  data=['0xff', '0x01', '0x03', '0x02']
17:45:25.586  DEBUG   [poll]    -> read  st2mot    
17:45:25.589  DEBUG   [poll]    <- read  st2mot     ret=0  data=['0x00', '0x00']
17:45:25.590  DEBUG   [poll]    -> read  st0cur    
17:45:25.594  DEBUG   [poll]    <- read  st0cur     ret=0  data=['0xff', '0x01', '0x03', '0x02']
17:45:26.596  DEBUG   [poll]    -> read  st2mot    
17:45:26.599  DEBUG   [poll]    <- read  st2mot     ret=0  data=['0x00', '0x00']
17:45:26.600  DEBUG   [poll]    -> read  st0cur    
17:45:26.604  DEBUG   [poll]    <- read  st0cur     ret=0  data=['0xff', '0x01', '0x03', '0x02']
17:45:27.605  DEBUG   [poll]    -> read  st2mot    
17:45:27.609  DEBUG   [poll]    <- read  st2mot     ret=0  data=['0x00', '0x00']
17:45:27.609  DEBUG   [poll]    -> read  st0cur    
17:45:27.613  DEBUG   [poll]    <- read  st0cur     ret=0  data=['0xff', '0x01', '0x03', '0x02']
17:45:28.615  DEBUG   [poll]    -> read  st2mot    
17:45:28.618  DEBUG   [poll]    <- read  st2mot     ret=0  data=['0x00', '0x00']
17:45:28.619  DEBUG   [poll]    -> read  st0cur    
17:45:28.623  DEBUG   [poll]    <- read  st0cur     ret=0  data=['0xfe', '0x01', '0x03', '0x02']
17:45:29.625  DEBUG   [poll]    -> read  st2mot    
17:45:29.631  DEBUG   [poll]    <- read  st2mot     ret=0  data=['0x00', '0x00']
17:45:29.632  DEBUG   [poll]    -> read  st0cur    
17:45:29.636  DEBUG   [poll]    <- read  st0cur     ret=0  data=['0xff', '0x01', '0x02', '0x02']
17:45:30.638  DEBUG   [poll]    -> read  st2mot    
17:45:30.641  DEBUG   [poll]    <- read  st2mot     ret=0  data=['0x00', '0x00']
17:45:30.642  DEBUG   [poll]    -> read  st0cur    
17:45:30.646  DEBUG   [poll]    <- read  st0cur     ret=0  data=['0xff', '0x01', '0x03', '0x02']
17:45:31.647  DEBUG   [poll]    -> read  st2mot    
17:45:31.651  DEBUG   [poll]    <- read  st2mot     ret=0  data=['0x00', '0x00']
17:45:31.651  DEBUG   [poll]    -> read  st0cur    
17:45:31.656  DEBUG   [poll]    <- read  st0cur     ret=0  data=['0xff', '0x01', '0x03', '0x02']
17:45:32.657  DEBUG   [poll]    -> read  st2mot    
17:45:32.660  DEBUG   [poll]    <- read  st2mot     ret=0  data=['0x00', '0x00']
17:45:32.661  DEBUG   [poll]    -> read  st0cur    
17:45:32.665  DEBUG   [poll]    <- read  st0cur     ret=0  data=['0xff', '0x01', '0x03', '0x02']
17:45:33.667  DEBUG   [poll]    -> read  st2mot    
17:45:33.670  DEBUG   [poll]    <- read  st2mot     ret=0  data=['0x00', '0x00']
17:45:33.670  DEBUG   [poll]    -> read  st0cur    
17:45:33.675  DEBUG   [poll]    <- read  st0cur     ret=0  data=['0xff', '0x01', '0x03', '0x02']
17:45:34.676  DEBUG   [poll]    -> read  st2mot    
17:45:34.683  DEBUG   [poll]    <- read  st2mot     ret=0  data=['0x00', '0x00']
17:45:34.684  DEBUG   [poll]    -> read  st0cur    
17:45:34.688  DEBUG   [poll]    <- read  st0cur     ret=0  data=['0xff', '0x01', '0x03', '0x02']
17:45:35.690  DEBUG   [poll]    -> read  st2mot    
17:45:35.693  DEBUG   [poll]    <- read  st2mot     ret=0  data=['0x00', '0x00']
17:45:35.694  DEBUG   [poll]    -> read  st0cur    
17:45:35.698  DEBUG   [poll]    <- read  st0cur     ret=0  data=['0xff', '0x01', '0x03', '0x02']
17:45:36.699  DEBUG   [poll]    -> read  st2mot    
17:45:36.703  DEBUG   [poll]    <- read  st2mot     ret=0  data=['0x00', '0x00']
17:45:36.703  DEBUG   [poll]    -> read  st0cur    
17:45:36.708  DEBUG   [poll]    <- read  st0cur     ret=0  data=['0xff', '0x01', '0x03', '0x02']
17:45:37.709  DEBUG   [poll]    -> read  st2mot    
17:45:37.713  DEBUG   [poll]    <- read  st2mot     ret=0  data=['0x00', '0x00']
17:45:37.713  DEBUG   [poll]    -> read  st0cur    
17:45:37.717  DEBUG   [poll]    <- read  st0cur     ret=0  data=['0xff', '0x01', '0x03', '0x02']
17:45:38.719  DEBUG   [poll]    -> read  st2mot    
17:45:38.722  DEBUG   [poll]    <- read  st2mot     ret=0  data=['0x00', '0x00']
17:45:38.723  DEBUG   [poll]    -> read  st0cur    
17:45:38.727  DEBUG   [poll]    <- read  st0cur     ret=0  data=['0xff', '0x01', '0x03', '0x02']
17:45:39.728  DEBUG   [poll]    -> read  st2mot    
17:45:39.737  DEBUG   [poll]    <- read  st2mot     ret=0  data=['0x00', '0x00']
17:45:39.738  DEBUG   [poll]    -> read  st0cur    
17:45:39.742  DEBUG   [poll]    <- read  st0cur     ret=0  data=['0xfe', '0x01', '0x03', '0x02']
17:45:40.744  DEBUG   [poll]    -> read  st2mot    
17:45:40.747  DEBUG   [poll]    <- read  st2mot     ret=0  data=['0x00', '0x00']
17:45:40.748  DEBUG   [poll]    -> read  st0cur    
17:45:40.752  DEBUG   [poll]    <- read  st0cur     ret=0  data=['0xff', '0x01', '0x03', '0x02']
17:45:41.753  DEBUG   [poll]    -> read  st2mot    
17:45:41.757  DEBUG   [poll]    <- read  st2mot     ret=0  data=['0x00', '0x00']
17:45:41.757  DEBUG   [poll]    -> read  st0cur    
17:45:41.761  DEBUG   [poll]    <- read  st0cur     ret=0  data=['0xfe', '0x01', '0x03', '0x02']
17:45:42.763  DEBUG   [poll]    -> read  st2mot    
17:45:42.766  DEBUG   [poll]    <- read  st2mot     ret=0  data=['0x00', '0x00']
17:45:42.767  DEBUG   [poll]    -> read  st0cur    
17:45:42.771  DEBUG   [poll]    <- read  st0cur     ret=0  data=['0xfe', '0x01', '0x03', '0x02']
17:45:43.773  DEBUG   [poll]    -> read  st2mot    
17:45:43.776  DEBUG   [poll]    <- read  st2mot     ret=0  data=['0x00', '0x00']
17:45:43.777  DEBUG   [poll]    -> read  st0cur    
17:45:43.781  DEBUG   [poll]    <- read  st0cur     ret=0  data=['0xfe', '0x01', '0x03', '0x02']
17:45:44.782  DEBUG   [poll]    -> read  st2mot    
17:45:44.790  DEBUG   [poll]    <- read  st2mot     ret=0  data=['0x00', '0x00']
17:45:44.790  DEBUG   [poll]    -> read  st0cur    
17:45:44.795  DEBUG   [poll]    <- read  st0cur     ret=0  data=['0xff', '0x01', '0x03', '0x02']
17:45:45.796  DEBUG   [poll]    -> read  st2mot    
17:45:45.799  DEBUG   [poll]    <- read  st2mot     ret=0  data=['0x00', '0x00']
17:45:45.800  DEBUG   [poll]    -> read  st0cur    
17:45:45.804  DEBUG   [poll]    <- read  st0cur     ret=0  data=['0xfe', '0x01', '0x03', '0x02']
17:45:46.806  DEBUG   [poll]    -> read  st2mot    
17:45:46.809  DEBUG   [poll]    <- read  st2mot     ret=0  data=['0x00', '0x00']
17:45:46.810  DEBUG   [poll]    -> read  st0cur    
17:45:46.814  DEBUG   [poll]    <- read  st0cur     ret=0  data=['0xff', '0x01', '0x03', '0x02']
17:45:47.815  DEBUG   [poll]    -> read  st2mot    
17:45:47.819  DEBUG   [poll]    <- read  st2mot     ret=0  data=['0x00', '0x00']
17:45:47.819  DEBUG   [poll]    -> read  st0cur    
17:45:47.823  DEBUG   [poll]    <- read  st0cur     ret=0  data=['0xff', '0x01', '0x03', '0x02']
17:45:48.825  DEBUG   [poll]    -> read  st2mot    
17:45:48.828  DEBUG   [poll]    <- read  st2mot     ret=0  data=['0x00', '0x00']
17:45:48.829  DEBUG   [poll]    -> read  st0cur    
17:45:48.833  DEBUG   [poll]    <- read  st0cur     ret=0  data=['0xfe', '0x01', '0x03', '0x02']
17:45:49.835  DEBUG   [poll]    -> read  st2mot    
17:45:49.842  DEBUG   [poll]    <- read  st2mot     ret=0  data=['0x00', '0x00']
17:45:49.842  DEBUG   [poll]    -> read  st0cur    
17:45:49.846  DEBUG   [poll]    <- read  st0cur     ret=0  data=['0xff', '0x01', '0x03', '0x02']
17:45:50.848  DEBUG   [poll]    -> read  st2mot    
17:45:50.851  DEBUG   [poll]    <- read  st2mot     ret=0  data=['0x00', '0x00']
17:45:50.852  DEBUG   [poll]    -> read  st0cur    
17:45:50.856  DEBUG   [poll]    <- read  st0cur     ret=0  data=['0xfe', '0x01', '0x03', '0x02']
17:45:51.858  DEBUG   [poll]    -> read  st2mot    
17:45:51.861  DEBUG   [poll]    <- read  st2mot     ret=0  data=['0x00', '0x00']
17:45:51.861  DEBUG   [poll]    -> read  st0cur    
17:45:51.866  DEBUG   [poll]    <- read  st0cur     ret=0  data=['0xff', '0x01', '0x03', '0x02']
17:45:52.867  DEBUG   [poll]    -> read  st2mot    
17:45:52.871  DEBUG   [poll]    <- read  st2mot     ret=0  data=['0x00', '0x00']
17:45:52.871  DEBUG   [poll]    -> read  st0cur    
17:45:52.875  DEBUG   [poll]    <- read  st0cur     ret=0  data=['0xfe', '0x01', '0x03', '0x02']
17:45:53.877  DEBUG   [poll]    -> read  st2mot    
17:45:53.880  DEBUG   [poll]    <- read  st2mot     ret=0  data=['0x00', '0x00']
17:45:53.881  DEBUG   [poll]    -> read  st0cur    
17:45:53.885  DEBUG   [poll]    <- read  st0cur     ret=0  data=['0xff', '0x01', '0x03', '0x02']
17:45:54.887  DEBUG   [poll]    -> read  st2mot    
17:45:54.893  DEBUG   [poll]    <- read  st2mot     ret=0  data=['0x00', '0x00']
17:45:54.894  DEBUG   [poll]    -> read  st0cur    
17:45:54.898  DEBUG   [poll]    <- read  st0cur     ret=0  data=['0xff', '0x01', '0x03', '0x02']
17:45:55.900  DEBUG   [poll]    -> read  st2mot    
17:45:55.903  DEBUG   [poll]    <- read  st2mot     ret=0  data=['0x00', '0x00']
17:45:55.904  DEBUG   [poll]    -> read  st0cur    
17:45:55.908  DEBUG   [poll]    <- read  st0cur     ret=0  data=['0xff', '0x01', '0x03', '0x02']
17:45:56.909  DEBUG   [poll]    -> read  st2mot    
17:45:56.913  DEBUG   [poll]    <- read  st2mot     ret=0  data=['0x00', '0x00']
17:45:56.913  DEBUG   [poll]    -> read  st0cur    
17:45:56.918  DEBUG   [poll]    <- read  st0cur     ret=0  data=['0xff', '0x01', '0x03', '0x02']
17:45:57.919  DEBUG   [poll]    -> read  st2mot    
17:45:57.922  DEBUG   [poll]    <- read  st2mot     ret=0  data=['0x00', '0x00']
17:45:57.923  DEBUG   [poll]    -> read  st0cur    
17:45:57.927  DEBUG   [poll]    <- read  st0cur     ret=0  data=['0xff', '0x01', '0x03', '0x02']
17:45:58.929  DEBUG   [poll]    -> read  st2mot    
17:45:58.932  DEBUG   [poll]    <- read  st2mot     ret=0  data=['0x00', '0x00']
17:45:58.933  DEBUG   [poll]    -> read  st0cur    
17:45:58.937  DEBUG   [poll]    <- read  st0cur     ret=0  data=['0xff', '0x01', '0x03', '0x02']
17:45:59.938  DEBUG   [poll]    -> read  st2mot    
17:45:59.945  DEBUG   [poll]    <- read  st2mot     ret=0  data=['0x00', '0x00']
17:45:59.946  DEBUG   [poll]    -> read  st0cur    
17:45:59.950  DEBUG   [poll]    <- read  st0cur     ret=0  data=['0xff', '0x01', '0x03', '0x02']
17:46:00.951  DEBUG   [poll]    -> read  st2mot    
17:46:00.955  DEBUG   [poll]    <- read  st2mot     ret=0  data=['0x00', '0x00']
17:46:00.955  DEBUG   [poll]    -> read  st0cur    
17:46:00.960  DEBUG   [poll]    <- read  st0cur     ret=0  data=['0xff', '0x01', '0x03', '0x02']
17:46:01.961  DEBUG   [poll]    -> read  st2mot    
17:46:01.965  DEBUG   [poll]    <- read  st2mot     ret=0  data=['0x00', '0x00']
17:46:01.965  DEBUG   [poll]    -> read  st0cur    
17:46:01.969  DEBUG   [poll]    <- read  st0cur     ret=0  data=['0xff', '0x01', '0x03', '0x02']
17:46:02.971  DEBUG   [poll]    -> read  st2mot    
17:46:02.974  DEBUG   [poll]    <- read  st2mot     ret=0  data=['0x00', '0x00']
17:46:02.975  DEBUG   [poll]    -> read  st0cur    
17:46:02.979  DEBUG   [poll]    <- read  st0cur     ret=0  data=['0xfe', '0x01', '0x03', '0x02']
17:46:03.981  DEBUG   [poll]    -> read  st2mot    
17:46:03.984  DEBUG   [poll]    <- read  st2mot     ret=0  data=['0x00', '0x00']
17:46:03.985  DEBUG   [poll]    -> read  st0cur    
17:46:03.989  DEBUG   [poll]    <- read  st0cur     ret=0  data=['0xff', '0x01', '0x03', '0x02']
17:46:04.991  DEBUG   [poll]    -> read  st2mot    
17:46:04.994  DEBUG   [poll]    <- read  st2mot     ret=0  data=['0x00', '0x00']
17:46:04.995  DEBUG   [poll]    -> read  st0cur    
17:46:04.999  DEBUG   [poll]    <- read  st0cur     ret=0  data=['0xff', '0x01', '0x03', '0x02']
17:46:06.001  DEBUG   [poll]    -> read  st2mot    
17:46:06.004  DEBUG   [poll]    <- read  st2mot     ret=0  data=['0x00', '0x00']
17:46:06.005  DEBUG   [poll]    -> read  st0cur    
17:46:06.009  DEBUG   [poll]    <- read  st0cur     ret=0  data=['0xff', '0x01', '0x03', '0x02']
17:46:06.425  INFO    client connected
17:46:07.011  DEBUG   [poll]    -> read  st2mot    
17:46:07.014  DEBUG   [poll]    <- read  st2mot     ret=0  data=['0x00', '0x00']
17:46:07.014  DEBUG   [poll]    -> read  st0cur    
17:46:07.018  DEBUG   [poll]    <- read  st0cur     ret=0  data=['0xfe', '0x01', '0x03', '0x02']
17:46:08.019  DEBUG   [poll]    -> read  st2mot    
17:46:08.023  DEBUG   [poll]    <- read  st2mot     ret=0  data=['0x00', '0x00']
17:46:08.023  DEBUG   [poll]    -> read  st0cur    
17:46:08.027  DEBUG   [poll]    <- read  st0cur     ret=0  data=['0xff', '0x01', '0x03', '0x02']
17:46:09.029  DEBUG   [poll]    -> read  st2mot    
17:46:09.032  DEBUG   [poll]    <- read  st2mot     ret=0  data=['0x00', '0x00']
17:46:09.033  DEBUG   [poll]    -> read  st0cur    
17:46:09.037  DEBUG   [poll]    <- read  st0cur     ret=0  data=['0xfe', '0x01', '0x03', '0x02']
17:46:10.039  DEBUG   [poll]    -> read  st2mot    
17:46:10.047  DEBUG   [poll]    <- read  st2mot     ret=0  data=['0x00', '0x00']
17:46:10.048  DEBUG   [poll]    -> read  st0cur    
17:46:10.052  DEBUG   [poll]    <- read  st0cur     ret=0  data=['0xff', '0x01', '0x03', '0x02']
17:46:11.053  DEBUG   [poll]    -> read  st2mot    
17:46:11.057  DEBUG   [poll]    <- read  st2mot     ret=0  data=['0x00', '0x00']
17:46:11.057  DEBUG   [poll]    -> read  st0cur    
17:46:11.061  DEBUG   [poll]    <- read  st0cur     ret=0  data=['0xff', '0x01', '0x03', '0x02']
17:46:12.063  DEBUG   [poll]    -> read  st2mot    
17:46:12.066  DEBUG   [poll]    <- read  st2mot     ret=0  data=['0x00', '0x00']
17:46:12.067  DEBUG   [poll]    -> read  st0cur    
17:46:12.071  DEBUG   [poll]    <- read  st0cur     ret=0  data=['0xff', '0x01', '0x03', '0x02']
17:46:13.073  DEBUG   [poll]    -> read  st2mot    
17:46:13.076  DEBUG   [poll]    <- read  st2mot     ret=0  data=['0x00', '0x00']
17:46:13.077  DEBUG   [poll]    -> read  st0cur    
17:46:13.081  DEBUG   [poll]    <- read  st0cur     ret=0  data=['0xff', '0x01', '0x03', '0x02']
17:46:14.083  DEBUG   [poll]    -> read  st2mot    
17:46:14.086  DEBUG   [poll]    <- read  st2mot     ret=0  data=['0x00', '0x00']
17:46:14.087  DEBUG   [poll]    -> read  st0cur    
17:46:14.091  DEBUG   [poll]    <- read  st0cur     ret=0  data=['0xff', '0x01', '0x03', '0x02']
17:46:15.092  DEBUG   [poll]    -> read  st2mot    
17:46:15.100  DEBUG   [poll]    <- read  st2mot     ret=0  data=['0x00', '0x00']
17:46:15.100  DEBUG   [poll]    -> read  st0cur    
17:46:15.105  DEBUG   [poll]    <- read  st0cur     ret=0  data=['0xff', '0x01', '0x03', '0x02']
17:46:16.106  DEBUG   [poll]    -> read  st2mot    
17:46:16.110  DEBUG   [poll]    <- read  st2mot     ret=0  data=['0x00', '0x00']
17:46:16.110  DEBUG   [poll]    -> read  st0cur    
17:46:16.115  DEBUG   [poll]    <- read  st0cur     ret=0  data=['0xff', '0x01', '0x02', '0x02']
17:46:17.095  DEBUG   [client]  -> write cntl3mot   data=['0x00', '0x00']
17:46:17.116  DEBUG   [poll]    -> read  st2mot    
17:46:17.120  DEBUG   [poll]    <- read  st2mot     ret=0  data=['0x00', '0x00']
17:46:17.120  DEBUG   [poll]    -> read  st0cur    
17:46:17.125  DEBUG   [poll]    <- read  st0cur     ret=0  data=['0xff', '0x01', '0x03', '0x02']
17:46:18.127  DEBUG   [poll]    -> read  st2mot    
17:46:18.130  DEBUG   [poll]    <- read  st2mot     ret=0  data=['0x00', '0x00']
17:46:18.131  DEBUG   [poll]    -> read  st0cur    
17:46:18.135  DEBUG   [poll]    <- read  st0cur     ret=0  data=['0xff', '0x01', '0x03', '0x02']
17:46:19.136  DEBUG   [poll]    -> read  st2mot    
17:46:19.140  DEBUG   [poll]    <- read  st2mot     ret=0  data=['0x00', '0x00']
17:46:19.141  DEBUG   [poll]    -> read  st0cur    
17:46:19.146  DEBUG   [poll]    <- read  st0cur     ret=0  data=['0xff', '0x01', '0x03', '0x02']
17:46:20.147  DEBUG   [poll]    -> read  st2mot    
17:46:20.155  DEBUG   [poll]    <- read  st2mot     ret=0  data=['0x00', '0x00']
17:46:20.155  DEBUG   [poll]    -> read  st0cur    
17:46:20.160  DEBUG   [poll]    <- read  st0cur     ret=0  data=['0xff', '0x01', '0x03', '0x02']
17:46:21.161  DEBUG   [poll]    -> read  st2mot    
17:46:21.165  DEBUG   [poll]    <- read  st2mot     ret=0  data=['0x00', '0x00']
17:46:21.165  DEBUG   [poll]    -> read  st0cur    
17:46:21.169  DEBUG   [poll]    <- read  st0cur     ret=0  data=['0xfe', '0x01', '0x03', '0x02']
17:46:22.039  DEBUG   [client]  -> write cntl3mot   data=['0x00', '0x01']
17:46:22.171  DEBUG   [poll]    -> read  st2mot    
17:46:22.174  DEBUG   [poll]    <- read  st2mot     ret=0  data=['0x00', '0x00']
17:46:22.175  DEBUG   [poll]    -> read  st0cur    
17:46:22.179  DEBUG   [poll]    <- read  st0cur     ret=0  data=['0xff', '0x01', '0x03', '0x02']
17:46:23.180  DEBUG   [poll]    -> read  st2mot    
17:46:23.184  DEBUG   [poll]    <- read  st2mot     ret=0  data=['0x00', '0x00']
17:46:23.184  DEBUG   [poll]    -> read  st0cur    
17:46:23.189  DEBUG   [poll]    <- read  st0cur     ret=0  data=['0xff', '0x01', '0x02', '0x02']
17:46:24.190  DEBUG   [poll]    -> read  st2mot    
17:46:24.194  DEBUG   [poll]    <- read  st2mot     ret=0  data=['0x00', '0x00']
17:46:24.194  DEBUG   [poll]    -> read  st0cur    
17:46:24.198  DEBUG   [poll]    <- read  st0cur     ret=0  data=['0xff', '0x01', '0x02', '0x02']
17:46:25.200  DEBUG   [poll]    -> read  st2mot    
17:46:25.207  DEBUG   [poll]    <- read  st2mot     ret=0  data=['0x00', '0x00']
17:46:25.208  DEBUG   [poll]    -> read  st0cur    
17:46:25.212  DEBUG   [poll]    <- read  st0cur     ret=0  data=['0xfe', '0x01', '0x03', '0x02']
17:46:26.214  DEBUG   [poll]    -> read  st2mot    
17:46:26.217  DEBUG   [poll]    <- read  st2mot     ret=0  data=['0x00', '0x00']
17:46:26.218  DEBUG   [poll]    -> read  st0cur    
17:46:26.222  DEBUG   [poll]    <- read  st0cur     ret=0  data=['0xfe', '0x01', '0x03', '0x02']
17:46:26.311  DEBUG   [client]  -> write cntl3mot   data=['0x00', '0x00']
17:46:27.224  DEBUG   [poll]    -> read  st2mot    
17:46:27.227  DEBUG   [poll]    <- read  st2mot     ret=0  data=['0x00', '0x00']
17:46:27.228  DEBUG   [poll]    -> read  st0cur    
17:46:27.232  DEBUG   [poll]    <- read  st0cur     ret=0  data=['0xff', '0x01', '0x03', '0x02']
17:46:28.234  DEBUG   [poll]    -> read  st2mot    
17:46:28.237  DEBUG   [poll]    <- read  st2mot     ret=0  data=['0x00', '0x00']
17:46:28.237  DEBUG   [poll]    -> read  st0cur    
17:46:28.242  DEBUG   [poll]    <- read  st0cur     ret=0  data=['0xff', '0x01', '0x03', '0x02']
17:46:29.243  DEBUG   [poll]    -> read  st2mot    
17:46:29.247  DEBUG   [poll]    <- read  st2mot     ret=0  data=['0x00', '0x00']
17:46:29.247  DEBUG   [poll]    -> read  st0cur    
17:46:29.251  DEBUG   [poll]    <- read  st0cur     ret=0  data=['0xff', '0x01', '0x03', '0x02']
17:46:30.253  DEBUG   [poll]    -> read  st2mot    
17:46:30.260  DEBUG   [poll]    <- read  st2mot     ret=0  data=['0x00', '0x00']
17:46:30.260  DEBUG   [poll]    -> read  st0cur    
17:46:30.264  DEBUG   [poll]    <- read  st0cur     ret=0  data=['0xff', '0x01', '0x03', '0x02']
17:46:31.266  DEBUG   [poll]    -> read  st2mot    
17:46:31.269  DEBUG   [poll]    <- read  st2mot     ret=0  data=['0x00', '0x00']
17:46:31.270  DEBUG   [poll]    -> read  st0cur    
17:46:31.274  DEBUG   [poll]    <- read  st0cur     ret=0  data=['0xff', '0x01', '0x03', '0x02']
17:46:32.276  DEBUG   [poll]    -> read  st2mot    
17:46:32.279  DEBUG   [poll]    <- read  st2mot     ret=0  data=['0x00', '0x00']
17:46:32.279  DEBUG   [poll]    -> read  st0cur    
17:46:32.284  DEBUG   [poll]    <- read  st0cur     ret=0  data=['0xff', '0x01', '0x03', '0x02']
17:46:33.285  DEBUG   [poll]    -> read  st2mot    
17:46:33.289  DEBUG   [poll]    <- read  st2mot     ret=0  data=['0x00', '0x00']
17:46:33.289  DEBUG   [poll]    -> read  st0cur    
17:46:33.293  DEBUG   [poll]    <- read  st0cur     ret=0  data=['0xfe', '0x01', '0x03', '0x02']
17:46:34.295  DEBUG   [poll]    -> read  st2mot    
17:46:34.298  DEBUG   [poll]    <- read  st2mot     ret=0  data=['0x00', '0x00']
17:46:34.299  DEBUG   [poll]    -> read  st0cur    
17:46:34.303  DEBUG   [poll]    <- read  st0cur     ret=0  data=['0xff', '0x01', '0x02', '0x02']
17:46:35.305  DEBUG   [poll]    -> read  st2mot    
17:46:35.312  DEBUG   [poll]    <- read  st2mot     ret=0  data=['0x00', '0x00']
17:46:35.312  DEBUG   [poll]    -> read  st0cur    
17:46:35.316  DEBUG   [poll]    <- read  st0cur     ret=0  data=['0xff', '0x01', '0x02', '0x02']
17:46:35.961  DEBUG   [client]  -> read  st3mot    
17:46:35.966  DEBUG   [client]  <- read  st3mot     ret=0  data=['0x00', '0x00', '0x00', '0x00', '0x00', '0x00']
17:46:36.318  DEBUG   [poll]    -> read  st2mot    
17:46:36.322  DEBUG   [poll]    <- read  st2mot     ret=0  data=['0x00', '0x00']
17:46:36.322  DEBUG   [poll]    -> read  st0cur    
17:46:36.326  DEBUG   [poll]    <- read  st0cur     ret=0  data=['0xff', '0x01', '0x03', '0x02']
17:46:37.328  DEBUG   [poll]    -> read  st2mot    
17:46:37.331  DEBUG   [poll]    <- read  st2mot     ret=0  data=['0x00', '0x00']
17:46:37.332  DEBUG   [poll]    -> read  st0cur    
17:46:37.336  DEBUG   [poll]    <- read  st0cur     ret=0  data=['0xff', '0x01', '0x03', '0x02']
17:46:37.705  DEBUG   [client]  -> read  st3mot    
17:46:37.710  DEBUG   [client]  <- read  st3mot     ret=0  data=['0x00', '0x00', '0x00', '0x03', '0xbf', '0x00']
17:46:38.338  DEBUG   [poll]    -> read  st2mot    
17:46:38.341  DEBUG   [poll]    <- read  st2mot     ret=0  data=['0x00', '0x00']
17:46:38.342  DEBUG   [poll]    -> read  st0cur    
17:46:38.346  DEBUG   [poll]    <- read  st0cur     ret=0  data=['0xff', '0x01', '0x03', '0x02']
17:46:39.348  DEBUG   [poll]    -> read  st2mot    
17:46:39.351  DEBUG   [poll]    <- read  st2mot     ret=0  data=['0x00', '0x00']
17:46:39.352  DEBUG   [poll]    -> read  st0cur    
17:46:39.356  DEBUG   [poll]    <- read  st0cur     ret=0  data=['0xff', '0x01', '0x03', '0x02']
17:46:40.357  DEBUG   [poll]    -> read  st2mot    
17:46:40.365  DEBUG   [poll]    <- read  st2mot     ret=0  data=['0x00', '0x00']
17:46:40.365  DEBUG   [poll]    -> read  st0cur    
17:46:40.369  DEBUG   [poll]    <- read  st0cur     ret=0  data=['0xff', '0x01', '0x03', '0x02']
17:46:41.371  DEBUG   [poll]    -> read  st2mot    
17:46:41.374  DEBUG   [poll]    <- read  st2mot     ret=0  data=['0x00', '0x00']
17:46:41.375  DEBUG   [poll]    -> read  st0cur    
17:46:41.379  DEBUG   [poll]    <- read  st0cur     ret=0  data=['0xfe', '0x01', '0x03', '0x02']
17:46:42.381  DEBUG   [poll]    -> read  st2mot    
17:46:42.384  DEBUG   [poll]    <- read  st2mot     ret=0  data=['0x00', '0x00']
17:46:42.384  DEBUG   [poll]    -> read  st0cur    
17:46:42.389  DEBUG   [poll]    <- read  st0cur     ret=0  data=['0xff', '0x01', '0x03', '0x02']
17:46:43.390  DEBUG   [poll]    -> read  st2mot    
17:46:43.394  DEBUG   [poll]    <- read  st2mot     ret=0  data=['0x00', '0x00']
17:46:43.394  DEBUG   [poll]    -> read  st0cur    
17:46:43.398  DEBUG   [poll]    <- read  st0cur     ret=0  data=['0xff', '0x01', '0x03', '0x02']
17:46:44.400  DEBUG   [poll]    -> read  st2mot    
17:46:44.403  DEBUG   [poll]    <- read  st2mot     ret=0  data=['0x00', '0x00']
17:46:44.404  DEBUG   [poll]    -> read  st0cur    
17:46:44.408  DEBUG   [poll]    <- read  st0cur     ret=0  data=['0xfe', '0x01', '0x03', '0x02']
17:46:45.410  DEBUG   [poll]    -> read  st2mot    
17:46:45.417  DEBUG   [poll]    <- read  st2mot     ret=0  data=['0x00', '0x00']
17:46:45.417  DEBUG   [poll]    -> read  st0cur    
17:46:45.422  DEBUG   [poll]    <- read  st0cur     ret=0  data=['0xff', '0x01', '0x03', '0x02']
17:46:46.423  DEBUG   [poll]    -> read  st2mot    
17:46:46.427  DEBUG   [poll]    <- read  st2mot     ret=0  data=['0x00', '0x00']
17:46:46.427  DEBUG   [poll]    -> read  st0cur    
17:46:46.432  DEBUG   [poll]    <- read  st0cur     ret=0  data=['0xfe', '0x01', '0x03', '0x02']
17:46:47.433  DEBUG   [poll]    -> read  st2mot    
17:46:47.437  DEBUG   [poll]    <- read  st2mot     ret=0  data=['0x00', '0x00']
17:46:47.437  DEBUG   [poll]    -> read  st0cur    
17:46:47.441  DEBUG   [poll]    <- read  st0cur     ret=0  data=['0xff', '0x01', '0x03', '0x02']
17:46:48.443  DEBUG   [poll]    -> read  st2mot    
17:46:48.446  DEBUG   [poll]    <- read  st2mot     ret=0  data=['0x00', '0x00']
17:46:48.447  DEBUG   [poll]    -> read  st0cur    
17:46:48.451  DEBUG   [poll]    <- read  st0cur     ret=0  data=['0xff', '0x01', '0x03', '0x02']
17:46:49.453  DEBUG   [poll]    -> read  st2mot    
17:46:49.456  DEBUG   [poll]    <- read  st2mot     ret=0  data=['0x00', '0x00']
17:46:49.457  DEBUG   [poll]    -> read  st0cur    
17:46:49.461  DEBUG   [poll]    <- read  st0cur     ret=0  data=['0xfe', '0x01', '0x03', '0x02']
17:46:50.283  DEBUG   [client]  -> write cntl2mot   data=['0x00', '0x00', '0x00', '0x00', '0x00', '0x00']
17:46:50.462  DEBUG   [poll]    -> read  st2mot    
17:46:50.466  DEBUG   [poll]    <- read  st2mot     ret=0  data=['0x00', '0x00']
17:46:50.466  DEBUG   [poll]    -> read  st0cur    
17:46:50.471  DEBUG   [poll]    <- read  st0cur     ret=0  data=['0xff', '0x01', '0x03', '0x02']
17:46:51.472  DEBUG   [poll]    -> read  st2mot    
17:46:51.476  DEBUG   [poll]    <- read  st2mot     ret=0  data=['0x00', '0x00']
17:46:51.476  DEBUG   [poll]    -> read  st0cur    
17:46:51.480  DEBUG   [poll]    <- read  st0cur     ret=0  data=['0xff', '0x01', '0x03', '0x02']
17:46:51.723  DEBUG   [client]  -> read  st3mot    
17:46:51.728  DEBUG   [client]  <- read  st3mot     ret=0  data=['0x00', '0x00', '0x00', '0x00', '0x00', '0x00']
17:46:52.482  DEBUG   [poll]    -> read  st2mot    
17:46:52.485  DEBUG   [poll]    <- read  st2mot     ret=0  data=['0x00', '0x00']
17:46:52.486  DEBUG   [poll]    -> read  st0cur    
17:46:52.490  DEBUG   [poll]    <- read  st0cur     ret=0  data=['0xff', '0x01', '0x03', '0x02']
17:46:53.492  DEBUG   [poll]    -> read  st2mot    
17:46:53.495  DEBUG   [poll]    <- read  st2mot     ret=0  data=['0x00', '0x00']
17:46:53.496  DEBUG   [poll]    -> read  st0cur    
17:46:53.500  DEBUG   [poll]    <- read  st0cur     ret=0  data=['0xfe', '0x01', '0x03', '0x02']
17:46:54.501  DEBUG   [poll]    -> read  st2mot    
17:46:54.505  DEBUG   [poll]    <- read  st2mot     ret=0  data=['0x00', '0x00']
17:46:54.505  DEBUG   [poll]    -> read  st0cur    
17:46:54.509  DEBUG   [poll]    <- read  st0cur     ret=0  data=['0xff', '0x01', '0x03', '0x02']
17:46:55.511  DEBUG   [poll]    -> read  st2mot    
17:46:55.514  DEBUG   [poll]    <- read  st2mot     ret=0  data=['0x00', '0x00']
17:46:55.522  DEBUG   [poll]    -> read  st0cur    
17:46:55.526  DEBUG   [poll]    <- read  st0cur     ret=0  data=['0xff', '0x01', '0x03', '0x02']
17:46:56.527  DEBUG   [poll]    -> read  st2mot    
17:46:56.531  DEBUG   [poll]    <- read  st2mot     ret=0  data=['0x00', '0x00']
17:46:56.531  DEBUG   [poll]    -> read  st0cur    
17:46:56.536  DEBUG   [poll]    <- read  st0cur     ret=0  data=['0xff', '0x01', '0x03', '0x02']
17:46:57.537  DEBUG   [poll]    -> read  st2mot    
17:46:57.540  DEBUG   [poll]    <- read  st2mot     ret=0  data=['0x00', '0x00']
17:46:57.541  DEBUG   [poll]    -> read  st0cur    
17:46:57.545  DEBUG   [poll]    <- read  st0cur     ret=0  data=['0xfe', '0x01', '0x03', '0x02']
17:46:58.547  DEBUG   [poll]    -> read  st2mot    
17:46:58.550  DEBUG   [poll]    <- read  st2mot     ret=0  data=['0x00', '0x00']
17:46:58.551  DEBUG   [poll]    -> read  st0cur    
17:46:58.555  DEBUG   [poll]    <- read  st0cur     ret=0  data=['0xff', '0x01', '0x03', '0x02']
17:46:59.556  DEBUG   [poll]    -> read  st2mot    
17:46:59.560  DEBUG   [poll]    <- read  st2mot     ret=0  data=['0x00', '0x00']
17:46:59.560  DEBUG   [poll]    -> read  st0cur    
17:46:59.564  DEBUG   [poll]    <- read  st0cur     ret=0  data=['0xfe', '0x01', '0x03', '0x02']
17:47:00.566  DEBUG   [poll]    -> read  st2mot    
17:47:00.573  DEBUG   [poll]    <- read  st2mot     ret=0  data=['0x00', '0x00']
17:47:00.573  DEBUG   [poll]    -> read  st0cur    
17:47:00.578  DEBUG   [poll]    <- read  st0cur     ret=0  data=['0xff', '0x01', '0x03', '0x02']
17:47:01.579  DEBUG   [poll]    -> read  st2mot    
17:47:01.583  DEBUG   [poll]    <- read  st2mot     ret=0  data=['0x00', '0x00']
17:47:01.583  DEBUG   [poll]    -> read  st0cur    
17:47:01.588  DEBUG   [poll]    <- read  st0cur     ret=0  data=['0xfe', '0x01', '0x03', '0x02']
17:47:02.589  DEBUG   [poll]    -> read  st2mot    
17:47:02.593  DEBUG   [poll]    <- read  st2mot     ret=0  data=['0x00', '0x00']
17:47:02.593  DEBUG   [poll]    -> read  st0cur    
17:47:02.597  DEBUG   [poll]    <- read  st0cur     ret=0  data=['0xff', '0x01', '0x03', '0x02']
17:47:03.599  DEBUG   [poll]    -> read  st2mot    
17:47:03.602  DEBUG   [poll]    <- read  st2mot     ret=0  data=['0x00', '0x00']
17:47:03.603  DEBUG   [poll]    -> read  st0cur    
17:47:03.607  DEBUG   [poll]    <- read  st0cur     ret=0  data=['0xfe', '0x01', '0x03', '0x02']
17:47:04.609  DEBUG   [poll]    -> read  st2mot    
17:47:04.612  DEBUG   [poll]    <- read  st2mot     ret=0  data=['0x00', '0x00']
17:47:04.613  DEBUG   [poll]    -> read  st0cur    
17:47:04.617  DEBUG   [poll]    <- read  st0cur     ret=0  data=['0xff', '0x01', '0x03', '0x02']
17:47:05.619  DEBUG   [poll]    -> read  st2mot    
17:47:05.622  DEBUG   [poll]    <- read  st2mot     ret=0  data=['0x00', '0x00']
17:47:05.623  DEBUG   [poll]    -> read  st0cur    
17:47:05.627  DEBUG   [poll]    <- read  st0cur     ret=0  data=['0xfe', '0x01', '0x03', '0x02']
17:47:06.629  DEBUG   [poll]    -> read  st2mot    
17:47:06.632  DEBUG   [poll]    <- read  st2mot     ret=0  data=['0x00', '0x00']
17:47:06.633  DEBUG   [poll]    -> read  st0cur    
17:47:06.637  DEBUG   [poll]    <- read  st0cur     ret=0  data=['0xfe', '0x01', '0x03', '0x02']
17:47:07.389  DEBUG   [client]  -> read  st3mot    
17:47:07.394  DEBUG   [client]  <- read  st3mot     ret=0  data=['0x00', '0x00', '0x00', '0x00', '0x00', '0x00']
17:47:07.638  DEBUG   [poll]    -> read  st2mot    
17:47:07.642  DEBUG   [poll]    <- read  st2mot     ret=0  data=['0x00', '0x00']
17:47:07.642  DEBUG   [poll]    -> read  st0cur    
17:47:07.647  DEBUG   [poll]    <- read  st0cur     ret=0  data=['0xff', '0x01', '0x03', '0x02']
17:47:08.648  DEBUG   [poll]    -> read  st2mot    
17:47:08.652  DEBUG   [poll]    <- read  st2mot     ret=0  data=['0x00', '0x00']
17:47:08.652  DEBUG   [poll]    -> read  st0cur    
17:47:08.656  DEBUG   [poll]    <- read  st0cur     ret=0  data=['0xff', '0x01', '0x03', '0x02']
17:47:08.733  DEBUG   [client]  -> read  st3mot    
17:47:08.739  DEBUG   [client]  <- read  st3mot     ret=0  data=['0x00', '0x00', '0x00', '0x00', '0x00', '0x00']
17:47:09.658  DEBUG   [poll]    -> read  st2mot    
17:47:09.661  DEBUG   [poll]    <- read  st2mot     ret=0  data=['0x00', '0x00']
17:47:09.662  DEBUG   [poll]    -> read  st0cur    
17:47:09.666  DEBUG   [poll]    <- read  st0cur     ret=0  data=['0xfe', '0x01', '0x03', '0x02']
17:47:10.668  DEBUG   [poll]    -> read  st2mot    
17:47:10.672  DEBUG   [poll]    <- read  st2mot     ret=0  data=['0x00', '0x00']
17:47:10.672  DEBUG   [poll]    -> read  st0cur    
17:47:10.676  DEBUG   [poll]    <- read  st0cur     ret=0  data=['0xff', '0x01', '0x03', '0x02']
17:47:11.678  DEBUG   [poll]    -> read  st2mot    
17:47:11.681  DEBUG   [poll]    <- read  st2mot     ret=0  data=['0x00', '0x00']
17:47:11.682  DEBUG   [poll]    -> read  st0cur    
17:47:11.686  DEBUG   [poll]    <- read  st0cur     ret=0  data=['0xff', '0x01', '0x03', '0x02']
17:47:12.688  DEBUG   [poll]    -> read  st2mot    
17:47:12.691  DEBUG   [poll]    <- read  st2mot     ret=0  data=['0x00', '0x00']
17:47:12.692  DEBUG   [poll]    -> read  st0cur    
17:47:12.696  DEBUG   [poll]    <- read  st0cur     ret=0  data=['0xfe', '0x01', '0x03', '0x02']
17:47:13.698  DEBUG   [poll]    -> read  st2mot    
17:47:13.701  DEBUG   [poll]    <- read  st2mot     ret=0  data=['0x00', '0x00']
17:47:13.702  DEBUG   [poll]    -> read  st0cur    
17:47:13.706  DEBUG   [poll]    <- read  st0cur     ret=0  data=['0xff', '0x01', '0x03', '0x02']
17:47:14.708  DEBUG   [poll]    -> read  st2mot    
17:47:14.711  DEBUG   [poll]    <- read  st2mot     ret=0  data=['0x00', '0x00']
17:47:14.712  DEBUG   [poll]    -> read  st0cur    
17:47:14.716  DEBUG   [poll]    <- read  st0cur     ret=0  data=['0xff', '0x01', '0x03', '0x02']
17:47:15.717  DEBUG   [poll]    -> read  st2mot    
17:47:15.721  DEBUG   [poll]    <- read  st2mot     ret=0  data=['0x00', '0x00']
17:47:15.722  DEBUG   [poll]    -> read  st0cur    
17:47:15.726  DEBUG   [poll]    <- read  st0cur     ret=0  data=['0xff', '0x01', '0x02', '0x02']
17:47:16.158  DEBUG   [client]  -> write cntl3mot   data=['0x00', '0x00']
17:47:16.728  DEBUG   [poll]    -> read  st2mot    
17:47:16.731  DEBUG   [poll]    <- read  st2mot     ret=0  data=['0x00', '0x00']
17:47:16.732  DEBUG   [poll]    -> read  st0cur    
17:47:16.737  DEBUG   [poll]    <- read  st0cur     ret=0  data=['0xff', '0x01', '0x03', '0x02']
17:47:17.738  DEBUG   [poll]    -> read  st2mot    
17:47:17.742  DEBUG   [poll]    <- read  st2mot     ret=0  data=['0x00', '0x00']
17:47:17.742  DEBUG   [poll]    -> read  st0cur    
17:47:17.747  DEBUG   [poll]    <- read  st0cur     ret=0  data=['0xff', '0x01', '0x02', '0x02']
17:47:18.748  DEBUG   [poll]    -> read  st2mot    
17:47:18.752  DEBUG   [poll]    <- read  st2mot     ret=0  data=['0x00', '0x00']
17:47:18.752  DEBUG   [poll]    -> read  st0cur    
17:47:18.757  DEBUG   [poll]    <- read  st0cur     ret=0  data=['0xff', '0x01', '0x03', '0x02']
17:47:19.758  DEBUG   [poll]    -> read  st2mot    
17:47:19.762  DEBUG   [poll]    <- read  st2mot     ret=0  data=['0x00', '0x00']
17:47:19.762  DEBUG   [poll]    -> read  st0cur    
17:47:19.766  DEBUG   [poll]    <- read  st0cur     ret=0  data=['0xfe', '0x01', '0x03', '0x02']
17:47:20.207  DEBUG   [client]  -> write cntl3mot   data=['0x00', '0x00']
17:47:20.768  DEBUG   [poll]    -> read  st2mot    
17:47:20.771  DEBUG   [poll]    <- read  st2mot     ret=0  data=['0x00', '0x00']
17:47:20.772  DEBUG   [poll]    -> read  st0cur    
17:47:20.776  DEBUG   [poll]    <- read  st0cur     ret=0  data=['0xff', '0x01', '0x03', '0x02']
17:47:21.778  DEBUG   [poll]    -> read  st2mot    
17:47:21.781  DEBUG   [poll]    <- read  st2mot     ret=0  data=['0x00', '0x00']
17:47:21.782  DEBUG   [poll]    -> read  st0cur    
17:47:21.786  DEBUG   [poll]    <- read  st0cur     ret=0  data=['0xfe', '0x01', '0x03', '0x02']
17:47:22.788  DEBUG   [poll]    -> read  st2mot    
17:47:22.791  DEBUG   [poll]    <- read  st2mot     ret=0  data=['0x00', '0x00']
17:47:22.792  DEBUG   [poll]    -> read  st0cur    
17:47:22.796  DEBUG   [poll]    <- read  st0cur     ret=0  data=['0xff', '0x01', '0x03', '0x02']
17:47:23.797  DEBUG   [poll]    -> read  st2mot    
17:47:23.801  DEBUG   [poll]    <- read  st2mot     ret=0  data=['0x00', '0x00']
17:47:23.801  DEBUG   [poll]    -> read  st0cur    
17:47:23.806  DEBUG   [poll]    <- read  st0cur     ret=0  data=['0xfe', '0x01', '0x03', '0x02']
17:47:24.807  DEBUG   [poll]    -> read  st2mot    
17:47:24.811  DEBUG   [poll]    <- read  st2mot     ret=0  data=['0x00', '0x00']
17:47:24.811  DEBUG   [poll]    -> read  st0cur    
17:47:24.815  DEBUG   [poll]    <- read  st0cur     ret=0  data=['0xff', '0x01', '0x03', '0x02']
17:47:25.817  DEBUG   [poll]    -> read  st2mot    
17:47:25.820  DEBUG   [poll]    <- read  st2mot     ret=0  data=['0x00', '0x00']
17:47:25.821  DEBUG   [poll]    -> read  st0cur    
17:47:25.825  DEBUG   [poll]    <- read  st0cur     ret=0  data=['0xfe', '0x01', '0x03', '0x02']
17:47:26.827  DEBUG   [poll]    -> read  st2mot    
17:47:26.830  DEBUG   [poll]    <- read  st2mot     ret=0  data=['0x00', '0x00']
17:47:26.830  DEBUG   [poll]    -> read  st0cur    
17:47:26.835  DEBUG   [poll]    <- read  st0cur     ret=0  data=['0xfe', '0x01', '0x03', '0x02']
17:47:27.836  DEBUG   [poll]    -> read  st2mot    
17:47:27.839  DEBUG   [poll]    <- read  st2mot     ret=0  data=['0x00', '0x00']
17:47:27.840  DEBUG   [poll]    -> read  st0cur    
17:47:27.844  DEBUG   [poll]    <- read  st0cur     ret=0  data=['0xff', '0x01', '0x03', '0x02']
17:47:28.846  DEBUG   [poll]    -> read  st2mot    
17:47:28.849  DEBUG   [poll]    <- read  st2mot     ret=0  data=['0x00', '0x00']
17:47:28.850  DEBUG   [poll]    -> read  st0cur    
17:47:28.854  DEBUG   [poll]    <- read  st0cur     ret=0  data=['0xff', '0x01', '0x03', '0x02']
17:47:29.855  DEBUG   [poll]    -> read  st2mot    
17:47:29.859  DEBUG   [poll]    <- read  st2mot     ret=0  data=['0x00', '0x00']
17:47:29.859  DEBUG   [poll]    -> read  st0cur    
17:47:29.864  DEBUG   [poll]    <- read  st0cur     ret=0  data=['0xfe', '0x01', '0x03', '0x02']
17:47:30.865  DEBUG   [poll]    -> read  st2mot    
17:47:30.872  DEBUG   [poll]    <- read  st2mot     ret=0  data=['0x00', '0x00']
17:47:30.872  DEBUG   [poll]    -> read  st0cur    
17:47:30.877  DEBUG   [poll]    <- read  st0cur     ret=0  data=['0xff', '0x01', '0x03', '0x02']
17:47:31.878  DEBUG   [poll]    -> read  st2mot    
17:47:31.882  DEBUG   [poll]    <- read  st2mot     ret=0  data=['0x00', '0x00']
17:47:31.882  DEBUG   [poll]    -> read  st0cur    
17:47:31.886  DEBUG   [poll]    <- read  st0cur     ret=0  data=['0xff', '0x01', '0x03', '0x02']
17:47:32.888  DEBUG   [poll]    -> read  st2mot    
17:47:32.891  DEBUG   [poll]    <- read  st2mot     ret=0  data=['0x00', '0x00']
17:47:32.892  DEBUG   [poll]    -> read  st0cur    
17:47:32.896  DEBUG   [poll]    <- read  st0cur     ret=0  data=['0xfe', '0x01', '0x03', '0x02']
17:47:33.248  DEBUG   [client]  -> write cntl3mot   data=['0x01', '0xf4']
17:47:33.897  DEBUG   [poll]    -> read  st2mot    
17:47:33.901  DEBUG   [poll]    <- read  st2mot     ret=0  data=['0x77', '0x01']
17:47:33.901  DEBUG   [poll]    -> read  st0cur    
17:47:33.906  DEBUG   [poll]    <- read  st0cur     ret=0  data=['0xfb', '0x01', '0x03', '0x02']
17:47:34.907  DEBUG   [poll]    -> read  st2mot    
17:47:34.911  DEBUG   [poll]    <- read  st2mot     ret=0  data=['0xdb', '0x01']
17:47:34.911  DEBUG   [poll]    -> read  st0cur    
17:47:34.915  DEBUG   [poll]    <- read  st0cur     ret=0  data=['0xfa', '0x01', '0x04', '0x02']
17:47:35.917  DEBUG   [poll]    -> read  st2mot    
17:47:35.924  DEBUG   [poll]    <- read  st2mot     ret=0  data=['0xf4', '0x01']
17:47:35.925  DEBUG   [poll]    -> read  st0cur    
17:47:35.929  DEBUG   [poll]    <- read  st0cur     ret=0  data=['0xfa', '0x01', '0x04', '0x02']
17:47:36.930  DEBUG   [poll]    -> read  st2mot    
17:47:36.934  DEBUG   [poll]    <- read  st2mot     ret=0  data=['0xdb', '0x01']
17:47:36.934  DEBUG   [poll]    -> read  st0cur    
17:47:36.939  DEBUG   [poll]    <- read  st0cur     ret=0  data=['0xf9', '0x01', '0x04', '0x02']
17:47:37.073  DEBUG   [client]  -> write cntl3mot   data=['0x01', '0xf4']
17:47:37.940  DEBUG   [poll]    -> read  st2mot    
17:47:37.944  DEBUG   [poll]    <- read  st2mot     ret=0  data=['0xf4', '0x01']
17:47:37.944  DEBUG   [poll]    -> read  st0cur    
17:47:37.948  DEBUG   [poll]    <- read  st0cur     ret=0  data=['0xf9', '0x01', '0x09', '0x02']
17:47:38.950  DEBUG   [poll]    -> read  st2mot    
17:47:38.953  DEBUG   [poll]    <- read  st2mot     ret=0  data=['0xf4', '0x01']
17:47:38.954  DEBUG   [poll]    -> read  st0cur    
17:47:38.958  DEBUG   [poll]    <- read  st0cur     ret=0  data=['0xf9', '0x01', '0x0a', '0x02']
17:47:39.960  DEBUG   [poll]    -> read  st2mot    
17:47:39.963  DEBUG   [poll]    <- read  st2mot     ret=0  data=['0xf4', '0x01']
17:47:39.964  DEBUG   [poll]    -> read  st0cur    
17:47:39.968  DEBUG   [poll]    <- read  st0cur     ret=0  data=['0xf8', '0x01', '0x0a', '0x02']
17:47:40.625  DEBUG   [client]  -> write cntl3mot   data=['0x00', '0x00']
17:47:40.970  DEBUG   [poll]    -> read  st2mot    
17:47:40.977  DEBUG   [poll]    <- read  st2mot     ret=0  data=['0x00', '0x00']
17:47:40.977  DEBUG   [poll]    -> read  st0cur    
17:47:40.981  DEBUG   [poll]    <- read  st0cur     ret=0  data=['0xfc', '0x01', '0x0f', '0x02']
17:47:40.982  WARNING *** OBSERVED STALL SIGNATURE (not acted on yet) — current=-0.20A while rpm=0 ***
17:47:41.984  DEBUG   [poll]    -> read  st2mot    
17:47:41.987  DEBUG   [poll]    <- read  st2mot     ret=0  data=['0x00', '0x00']
17:47:41.988  DEBUG   [poll]    -> read  st0cur    
17:47:41.992  DEBUG   [poll]    <- read  st0cur     ret=0  data=['0xfd', '0x01', '0x0d', '0x02']
17:47:42.898  DEBUG   [client]  -> write cntl3mot   data=['0x00', '0x00']
17:47:42.993  DEBUG   [poll]    -> read  st2mot    
17:47:42.997  DEBUG   [poll]    <- read  st2mot     ret=0  data=['0x00', '0x00']
17:47:42.997  DEBUG   [poll]    -> read  st0cur    
17:47:43.001  DEBUG   [poll]    <- read  st0cur     ret=0  data=['0xfe', '0x01', '0x0c', '0x02']
17:47:44.003  DEBUG   [poll]    -> read  st2mot    
17:47:44.006  DEBUG   [poll]    <- read  st2mot     ret=0  data=['0x00', '0x00']
17:47:44.007  DEBUG   [poll]    -> read  st0cur    
17:47:44.011  DEBUG   [poll]    <- read  st0cur     ret=0  data=['0xfe', '0x01', '0x04', '0x02']
17:47:45.013  DEBUG   [poll]    -> read  st2mot    
17:47:45.016  DEBUG   [poll]    <- read  st2mot     ret=0  data=['0x00', '0x00']
17:47:45.017  DEBUG   [poll]    -> read  st0cur    
17:47:45.021  DEBUG   [poll]    <- read  st0cur     ret=0  data=['0xff', '0x01', '0x03', '0x02']
17:47:46.022  DEBUG   [poll]    -> read  st2mot    
17:47:46.026  DEBUG   [poll]    <- read  st2mot     ret=0  data=['0x00', '0x00']
17:47:46.027  DEBUG   [poll]    -> read  st0cur    
17:47:46.031  DEBUG   [poll]    <- read  st0cur     ret=0  data=['0xff', '0x01', '0x03', '0x02']
17:47:47.032  DEBUG   [poll]    -> read  st2mot    
17:47:47.036  DEBUG   [poll]    <- read  st2mot     ret=0  data=['0x00', '0x00']
17:47:47.036  DEBUG   [poll]    -> read  st0cur    
17:47:47.041  DEBUG   [poll]    <- read  st0cur     ret=0  data=['0xfe', '0x01', '0x03', '0x02']
17:47:48.042  DEBUG   [poll]    -> read  st2mot    
17:47:48.045  DEBUG   [poll]    <- read  st2mot     ret=0  data=['0x00', '0x00']
17:47:48.046  DEBUG   [poll]    -> read  st0cur    
17:47:48.050  DEBUG   [poll]    <- read  st0cur     ret=0  data=['0xff', '0x01', '0x03', '0x02']
17:47:49.052  DEBUG   [poll]    -> read  st2mot    
17:47:49.055  DEBUG   [poll]    <- read  st2mot     ret=0  data=['0x00', '0x00']
17:47:49.056  DEBUG   [poll]    -> read  st0cur    
17:47:49.060  DEBUG   [poll]    <- read  st0cur     ret=0  data=['0xff', '0x01', '0x03', '0x02']
17:47:50.061  DEBUG   [poll]    -> read  st2mot    
17:47:50.065  DEBUG   [poll]    <- read  st2mot     ret=0  data=['0x00', '0x00']
17:47:50.065  DEBUG   [poll]    -> read  st0cur    
17:47:50.069  DEBUG   [poll]    <- read  st0cur     ret=0  data=['0xfe', '0x01', '0x03', '0x02']
17:47:51.071  DEBUG   [poll]    -> read  st2mot    
17:47:51.078  DEBUG   [poll]    <- read  st2mot     ret=0  data=['0x00', '0x00']
17:47:51.078  DEBUG   [poll]    -> read  st0cur    
17:47:51.083  DEBUG   [poll]    <- read  st0cur     ret=0  data=['0xff', '0x01', '0x03', '0x02']
17:47:52.084  DEBUG   [poll]    -> read  st2mot    
17:47:52.087  DEBUG   [poll]    <- read  st2mot     ret=0  data=['0x00', '0x00']
17:47:52.088  DEBUG   [poll]    -> read  st0cur    
17:47:52.092  DEBUG   [poll]    <- read  st0cur     ret=0  data=['0xff', '0x01', '0x03', '0x02']
17:47:53.094  DEBUG   [poll]    -> read  st2mot    
17:47:53.097  DEBUG   [poll]    <- read  st2mot     ret=0  data=['0x00', '0x00']
17:47:53.097  DEBUG   [poll]    -> read  st0cur    
17:47:53.102  DEBUG   [poll]    <- read  st0cur     ret=0  data=['0xff', '0x01', '0x03', '0x02']
17:47:54.103  DEBUG   [poll]    -> read  st2mot    
17:47:54.107  DEBUG   [poll]    <- read  st2mot     ret=0  data=['0x00', '0x00']
17:47:54.107  DEBUG   [poll]    -> read  st0cur    
17:47:54.111  DEBUG   [poll]    <- read  st0cur     ret=0  data=['0xff', '0x01', '0x03', '0x02']
17:47:55.113  DEBUG   [poll]    -> read  st2mot    
17:47:55.116  DEBUG   [poll]    <- read  st2mot     ret=0  data=['0x00', '0x00']
17:47:55.117  DEBUG   [poll]    -> read  st0cur    
17:47:55.121  DEBUG   [poll]    <- read  st0cur     ret=0  data=['0xff', '0x01', '0x03', '0x02']
17:47:56.122  DEBUG   [poll]    -> read  st2mot    
17:47:56.129  DEBUG   [poll]    <- read  st2mot     ret=0  data=['0x00', '0x00']
17:47:56.130  DEBUG   [poll]    -> read  st0cur    
17:47:56.134  DEBUG   [poll]    <- read  st0cur     ret=0  data=['0xff', '0x01', '0x03', '0x02']
17:47:57.135  DEBUG   [poll]    -> read  st2mot    
17:47:57.139  DEBUG   [poll]    <- read  st2mot     ret=0  data=['0x00', '0x00']
17:47:57.139  DEBUG   [poll]    -> read  st0cur    
17:47:57.144  DEBUG   [poll]    <- read  st0cur     ret=0  data=['0xff', '0x01', '0x03', '0x02']
17:47:58.145  DEBUG   [poll]    -> read  st2mot    
17:47:58.148  DEBUG   [poll]    <- read  st2mot     ret=0  data=['0x00', '0x00']
17:47:58.149  DEBUG   [poll]    -> read  st0cur    
17:47:58.153  DEBUG   [poll]    <- read  st0cur     ret=0  data=['0xfe', '0x01', '0x03', '0x02']
17:47:59.155  DEBUG   [poll]    -> read  st2mot    
17:47:59.158  DEBUG   [poll]    <- read  st2mot     ret=0  data=['0x00', '0x00']
17:47:59.159  DEBUG   [poll]    -> read  st0cur    
17:47:59.163  DEBUG   [poll]    <- read  st0cur     ret=0  data=['0xfe', '0x01', '0x03', '0x02']
17:48:00.164  DEBUG   [poll]    -> read  st2mot    
17:48:00.168  DEBUG   [poll]    <- read  st2mot     ret=0  data=['0x00', '0x00']
17:48:00.168  DEBUG   [poll]    -> read  st0cur    
17:48:00.172  DEBUG   [poll]    <- read  st0cur     ret=0  data=['0xff', '0x01', '0x02', '0x02']
17:48:01.174  DEBUG   [poll]    -> read  st2mot    
17:48:01.181  DEBUG   [poll]    <- read  st2mot     ret=0  data=['0x00', '0x00']
17:48:01.182  DEBUG   [poll]    -> read  st0cur    
17:48:01.186  DEBUG   [poll]    <- read  st0cur     ret=0  data=['0xff', '0x01', '0x03', '0x02']
17:48:02.187  DEBUG   [poll]    -> read  st2mot    
17:48:02.191  DEBUG   [poll]    <- read  st2mot     ret=0  data=['0x00', '0x00']
17:48:02.191  DEBUG   [poll]    -> read  st0cur    
17:48:02.196  DEBUG   [poll]    <- read  st0cur     ret=0  data=['0xfe', '0x01', '0x03', '0x02']
17:48:03.197  WARNING idle 20.3s with connection still open — stopping motor
17:48:03.198  DEBUG   [poll]    -> write cntl3mot   data=['0x00', '0x00']
17:48:03.200  DEBUG   [poll]    -> read  st2mot    
17:48:03.203  DEBUG   [poll]    <- read  st2mot     ret=0  data=['0x00', '0x00']
17:48:03.204  DEBUG   [poll]    -> read  st0cur    
17:48:03.207  DEBUG   [poll]    <- read  st0cur     ret=0  data=['0xfe', '0x01', '0x03', '0x02']
17:48:04.209  DEBUG   [poll]    -> read  st2mot    
17:48:04.212  DEBUG   [poll]    <- read  st2mot     ret=0  data=['0x00', '0x00']
17:48:04.213  DEBUG   [poll]    -> read  st0cur    
17:48:04.217  DEBUG   [poll]    <- read  st0cur     ret=0  data=['0xff', '0x01', '0x03', '0x02']
17:48:05.219  DEBUG   [poll]    -> read  st2mot    
17:48:05.222  DEBUG   [poll]    <- read  st2mot     ret=0  data=['0x00', '0x00']
17:48:05.223  DEBUG   [poll]    -> read  st0cur    
17:48:05.227  DEBUG   [poll]    <- read  st0cur     ret=0  data=['0xff', '0x01', '0x03', '0x02']
17:48:06.228  DEBUG   [poll]    -> read  st2mot    
17:48:06.236  DEBUG   [poll]    <- read  st2mot     ret=0  data=['0x00', '0x00']
17:48:06.236  DEBUG   [poll]    -> read  st0cur    
17:48:06.241  DEBUG   [poll]    <- read  st0cur     ret=0  data=['0xfe', '0x01', '0x03', '0x02']
17:48:07.242  DEBUG   [poll]    -> read  st2mot    
17:48:07.246  DEBUG   [poll]    <- read  st2mot     ret=0  data=['0x00', '0x00']
17:48:07.246  DEBUG   [poll]    -> read  st0cur    
17:48:07.251  DEBUG   [poll]    <- read  st0cur     ret=0  data=['0xff', '0x01', '0x03', '0x02']
17:48:08.252  DEBUG   [poll]    -> read  st2mot    
17:48:08.255  DEBUG   [poll]    <- read  st2mot     ret=0  data=['0x00', '0x00']
17:48:08.255  DEBUG   [poll]    -> read  st0cur    
17:48:08.259  DEBUG   [poll]    <- read  st0cur     ret=0  data=['0xff', '0x01', '0x03', '0x02']
17:48:09.261  DEBUG   [poll]    -> read  st2mot    
17:48:09.264  DEBUG   [poll]    <- read  st2mot     ret=0  data=['0x00', '0x00']
17:48:09.265  DEBUG   [poll]    -> read  st0cur    
17:48:09.269  DEBUG   [poll]    <- read  st0cur     ret=0  data=['0xff', '0x01', '0x03', '0x02']
17:48:10.270  DEBUG   [poll]    -> read  st2mot    
17:48:10.274  DEBUG   [poll]    <- read  st2mot     ret=0  data=['0x00', '0x00']
17:48:10.274  DEBUG   [poll]    -> read  st0cur    
17:48:10.279  DEBUG   [poll]    <- read  st0cur     ret=0  data=['0xff', '0x01', '0x03', '0x02']
17:48:11.280  DEBUG   [poll]    -> read  st2mot    
17:48:11.287  DEBUG   [poll]    <- read  st2mot     ret=0  data=['0x00', '0x00']
17:48:11.288  DEBUG   [poll]    -> read  st0cur    
17:48:11.292  DEBUG   [poll]    <- read  st0cur     ret=0  data=['0xff', '0x01', '0x03', '0x02']
17:48:12.294  DEBUG   [poll]    -> read  st2mot    
17:48:12.297  DEBUG   [poll]    <- read  st2mot     ret=0  data=['0x00', '0x00']
17:48:12.297  DEBUG   [poll]    -> read  st0cur    
17:48:12.302  DEBUG   [poll]    <- read  st0cur     ret=0  data=['0xff', '0x01', '0x03', '0x02']
17:48:13.303  DEBUG   [poll]    -> read  st2mot    
17:48:13.307  DEBUG   [poll]    <- read  st2mot     ret=0  data=['0x00', '0x00']
17:48:13.307  DEBUG   [poll]    -> read  st0cur    
17:48:13.311  DEBUG   [poll]    <- read  st0cur     ret=0  data=['0xff', '0x01', '0x03', '0x02']
17:48:14.313  DEBUG   [poll]    -> read  st2mot    
17:48:14.316  DEBUG   [poll]    <- read  st2mot     ret=0  data=['0x00', '0x00']
17:48:14.317  DEBUG   [poll]    -> read  st0cur    
17:48:14.321  DEBUG   [poll]    <- read  st0cur     ret=0  data=['0xff', '0x01', '0x03', '0x02']
